timestamp_ns,trajectory_id,sample_index,control_dt_s,force_raw_n,torque_actual_nm,torque_command_prev_nm,torque_command_issued_nm,motor_position_rad,force_reference_n,imu_valid,tension_sensor_valid,saturation_flag,emergency_flag,data_valid_flag,velocity_command_0,velocity_command_1,velocity_command_2,policy_action_0,policy_action_1,policy_action_2,policy_action_3,policy_action_4,policy_action_5,policy_action_6,policy_action_7,policy_action_8,policy_action_9,policy_action_10,policy_action_11,policy_action_12,policy_action_13,policy_action_14,policy_action_15,policy_action_16,policy_action_17,joint_position_0,joint_position_1,joint_position_2,joint_position_3,joint_position_4,joint_position_5,joint_position_6,joint_position_7,joint_position_8,joint_position_9,joint_position_10,joint_position_11,joint_position_12,joint_position_13,joint_position_14,joint_position_15,joint_position_16,joint_position_17,joint_velocity_0,joint_velocity_1,joint_velocity_2,joint_velocity_3,joint_velocity_4,joint_velocity_5,joint_velocity_6,joint_velocity_7,joint_velocity_8,joint_velocity_9,joint_velocity_10,joint_velocity_11,joint_velocity_12,joint_velocity_13,joint_velocity_14,joint_velocity_15,joint_velocity_16,joint_velocity_17,body_gravity_vector_0,body_gravity_vector_1,body_gravity_vector_2,body_angular_velocity_0,body_angular_velocity_1,body_angular_velocity_2,body_linear_acceleration_0,body_linear_acceleration_1,body_linear_acceleration_2
882306315217,hexapod_20260802_214010,0,0.02,0.0,0.0,0.0,0.0,0.0,0.0,0,0,0,0,0,0.0,0.0,0.0,0.011335387825965881,-0.0546162948012352,-0.06684185564517975,-0.021865982562303543,-0.2146426886320114,-0.05544136464595795,0.003842012956738472,-0.0868106484413147,-0.05001845955848694,0.056952204555273056,0.1930123120546341,0.05246618390083313,-0.016950422897934914,0.04390346631407738,-0.004723984748125076,-0.07250279933214188,0.18171009421348572,0.028849948197603226,0.0,0.0,0.0,0.0,0.0,0.0,0.0,0.0,0.0,0.0,0.0,0.0,0.0,0.0,0.0,0.0,0.0,0.0,0.0,0.0,0.0,0.0,0.0,0.0,0.0,0.0,0.0,0.0,0.0,0.0,0.0,0.0,0.0,0.0,0.0,0.0,0.0,0.0,-1.0,0.0,0.0,0.0,0.0,0.0,0.0
882326480797,hexapod_20260802_214010,1,0.02,0.0,0.0,0.0,0.0,0.0,0.0,0,0,0,0,0,0.0,0.0,0.0,0.037881333380937576,-0.02729939855635166,-0.10743063688278198,-0.025806229561567307,-0.2774098515510559,-0.08801241964101791,-0.011951923370361328,-0.08519354462623596,-0.07351282984018326,0.06313750147819519,0.20400168001651764,0.11043281853199005,-0.02329699695110321,0.014605840668082237,-0.0004571862518787384,-0.09053388983011246,0.2089518904685974,-0.0005708532407879829,0.0,0.0,0.0,0.0,0.0,0.0,0.0,0.0,0.0,0.0,0.0,0.0,0.0,0.0,0.0,0.0,0.0,0.0,0.0,0.0,0.0,0.0,0.0,0.0,0.0,0.0,0.0,0.0,0.0,0.0,0.0,0.0,0.0,0.0,0.0,0.0,0.0,0.0,-1.0,0.0,0.0,0.0,0.0,0.0,0.0
882346767552,hexapod_20260802_214010,2,0.02,0.0,0.0,0.0,0.0,0.0,0.0,0,0,0,0,0,0.0,0.0,0.0,0.05116836354136467,-0.0235204566270113,-0.1100597083568573,-0.03269204869866371,-0.2638294994831085,-0.096649669110775,-0.0075171226635575294,-0.09920398145914078,-0.0914440006017685,0.06674311310052872,0.20178040862083435,0.13632328808307648,-0.024576280266046524,0.014310367405414581,-0.007849466055631638,-0.09847572445869446,0.21374225616455078,-0.025195177644491196,0.0,0.0,0.0,0.0,0.0,0.0,0.0,0.0,0.0,0.0,0.0,0.0,0.0,0.0,0.0,0.0,0.0,0.0,0.0,0.0,0.0,0.0,0.0,0.0,0.0,0.0,0.0,0.0,0.0,0.0,0.0,0.0,0.0,0.0,0.0,0.0,0.0,0.0,-1.0,0.0,0.0,0.0,0.0,0.0,0.0
882367058520,hexapod_20260802_214010,3,0.02,0.0,0.0,0.0,0.0,0.0,0.0,0,0,0,0,0,0.0,0.0,0.0,0.05627255514264107,-0.029201718047261238,-0.10940124839544296,-0.03579975292086601,-0.24312889575958252,-0.10611288994550705,-0.004534597508609295,-0.11749381572008133,-0.09824108332395554,0.06384043395519257,0.1944703608751297,0.1460828185081482,-0.02469642087817192,0.023090796545147896,-0.01906466856598854,-0.10124006867408752,0.21025270223617554,-0.03621289134025574,0.0,0.0,0.0,0.0,0.0,0.0,0.0,0.0,0.0,0.0,0.0,0.0,0.0,0.0,0.0,0.0,0.0,0.0,0.0,0.0,0.0,0.0,0.0,0.0,0.0,0.0,0.0,0.0,0.0,0.0,0.0,0.0,0.0,0.0,0.0,0.0,0.0,0.0,-1.0,0.0,0.0,0.0,0.0,0.0,0.0
882387507689,hexapod_20260802_214010,4,0.02,0.0,0.0,0.0,0.0,0.0,0.0,0,0,0,0,0,0.0,0.0,0.0,0.05848640576004982,-0.036708518862724304,-0.10991786420345306,-0.03676411882042885,-0.2260175496339798,-0.11409027129411697,-0.003331264480948448,-0.13318100571632385,-0.10054748505353928,0.059199009090662,0.1875414103269577,0.1494666337966919,-0.024597473442554474,0.03269319236278534,-0.029815901070833206,-0.10268528014421463,0.20452290773391724,-0.03982235863804817,0.0,0.0,0.0,0.0,0.0,0.0,0.0,0.0,0.0,0.0,0.0,0.0,0.0,0.0,0.0,0.0,0.0,0.0,0.0,0.0,0.0,0.0,0.0,0.0,0.0,0.0,0.0,0.0,0.0,0.0,0.0,0.0,0.0,0.0,0.0,0.0,0.0,0.0,-1.0,0.0,0.0,0.0,0.0,0.0,0.0
882407800563,hexapod_20260802_214010,5,0.02,0.0,0.0,0.0,0.0,0.0,0.0,0,0,0,0,0,0.0,0.0,0.0,0.059408437460660934,-0.04297303408384323,-0.11086534708738327,-0.036814820021390915,-0.21409812569618225,-0.11968032270669937,-0.002978352829813957,-0.1446443796157837,-0.10138377547264099,0.05512247234582901,0.18256723880767822,0.1503996104001999,-0.024310149252414703,0.040343642234802246,-0.03801101818680763,-0.10361792147159576,0.19961556792259216,-0.04024948179721832,0.0,0.0,0.0,0.0,0.0,0.0,0.0,0.0,0.0,0.0,0.0,0.0,0.0,0.0,0.0,0.0,0.0,0.0,0.0,0.0,0.0,0.0,0.0,0.0,0.0,0.0,0.0,0.0,0.0,0.0,0.0,0.0,0.0,0.0,0.0,0.0,0.0,0.0,-1.0,0.0,0.0,0.0,0.0,0.0,0.0
882427869141,hexapod_20260802_214010,6,0.02,0.0,0.0,0.0,0.0,0.0,0.0,0,0,0,0,0,0.0,0.0,0.0,0.05976371094584465,-0.04729853570461273,-0.11174676567316055,-0.03657316789031029,-0.20659923553466797,-0.12325020879507065,-0.00296807661652565,-0.15217620134353638,-0.10178715735673904,0.05221999064087868,0.17940284311771393,0.15045107901096344,-0.023962970823049545,0.04557570442557335,-0.04344811663031578,-0.10422169417142868,0.19618985056877136,-0.03959481790661812,0.0,0.0,0.0,0.0,0.0,0.0,0.0,0.0,0.0,0.0,0.0,0.0,0.0,0.0,0.0,0.0,0.0,0.0,0.0,0.0,0.0,0.0,0.0,0.0,0.0,0.0,0.0,0.0,0.0,0.0,0.0,0.0,0.0,0.0,0.0,0.0,0.0,0.0,-1.0,0.0,0.0,0.0,0.0,0.0,0.0
882448254415,hexapod_20260802_214010,7,0.02,0.0,0.0,0.0,0.0,0.0,0.0,0,0,0,0,0,0.0,0.0,0.0,0.05989919230341911,-0.04999507963657379,-0.11239981651306152,-0.03630978241562843,-0.20215879380702972,-0.12541112303733826,-0.0030663739889860153,-0.15678322315216064,-0.10204645991325378,0.05037177354097366,0.1775214523077011,0.15025611221790314,-0.02367015928030014,0.0488482266664505,-0.04675733670592308,-0.10459358990192413,0.1940259337425232,-0.038789574056863785,0.0,0.0,0.0,0.0,0.0,0.0,0.0,0.0,0.0,0.0,0.0,0.0,0.0,0.0,0.0,0.0,0.0,0.0,0.0,0.0,0.0,0.0,0.0,0.0,0.0,0.0,0.0,0.0,0.0,0.0,0.0,0.0,0.0,0.0,0.0,0.0,0.0,0.0,-1.0,0.0,0.0,0.0,0.0,0.0,0.0
882468399117,hexapod_20260802_214010,8,0.02,0.0,0.0,0.0,0.0,0.0,0.0,0,0,0,0,0,0.0,0.0,0.0,0.05995543673634529,-0.05157947540283203,-0.11282803863286972,-0.036108601838350296,-0.19962412118911743,-0.12667618691921234,-0.0031727049499750137,-0.15947261452674866,-0.10222768038511276,0.049269601702690125,0.17644597589969635,0.15004965662956238,-0.02346562221646309,0.05078619346022606,-0.04866762086749077,-0.10481275618076324,0.19273629784584045,-0.03814951330423355,0.0,0.0,0.0,0.0,0.0,0.0,0.0,0.0,0.0,0.0,0.0,0.0,0.0,0.0,0.0,0.0,0.0,0.0,0.0,0.0,0.0,0.0,0.0,0.0,0.0,0.0,0.0,0.0,0.0,0.0,0.0,0.0,0.0,0.0,0.0,0.0,0.0,0.0,-1.0,0.0,0.0,0.0,0.0,0.0,0.0
882488539451,hexapod_20260802_214010,9,0.02,0.0,0.0,0.0,0.0,0.0,0.0,0,0,0,0,0,0.0,0.0,0.0,0.05998195335268974,-0.052478887140750885,-0.1130896657705307,-0.03597525134682655,-0.19821105897426605,-0.12739913165569305,-0.003254322335124016,-0.16099587082862854,-0.10234704613685608,0.04863821715116501,0.17584599554538727,0.14989659190177917,-0.023338038474321365,0.051893576979637146,-0.04973835498094559,-0.1049385592341423,0.1919967532157898,-0.03772091865539551,0.0,0.0,0.0,0.0,0.0,0.0,0.0,0.0,0.0,0.0,0.0,0.0,0.0,0.0,0.0,0.0,0.0,0.0,0.0,0.0,0.0,0.0,0.0,0.0,0.0,0.0,0.0,0.0,0.0,0.0,0.0,0.0,0.0,0.0,0.0,0.0,0.0,0.0,-1.0,0.0,0.0,0.0,0.0,0.0,0.0
882508751978,hexapod_20260802_214010,10,0.02,0.0,0.0,0.0,0.0,0.0,0.0,0,0,0,0,0,0.0,0.0,0.0,0.059995394200086594,-0.05297868698835373,-0.11324205249547958,-0.035893213003873825,-0.19743503630161285,-0.12780456244945526,-0.003308214247226715,-0.16184157133102417,-0.10242053866386414,0.04828569293022156,0.17551638185977936,0.14979873597621918,-0.02326347306370735,0.05251242220401764,-0.05032770708203316,-0.10500963032245636,0.19158291816711426,-0.03745940327644348,0.0,0.0,0.0,0.0,0.0,0.0,0.0,0.0,0.0,0.0,0.0,0.0,0.0,0.0,0.0,0.0,0.0,0.0,0.0,0.0,0.0,0.0,0.0,0.0,0.0,0.0,0.0,0.0,0.0,0.0,0.0,0.0,0.0,0.0,0.0,0.0,0.0,0.0,-1.0,0.0,0.0,0.0,0.0,0.0,0.0
882528868935,hexapod_20260802_214010,11,0.02,0.0,0.0,0.0,0.0,0.0,0.0,0,0,0,0,0,0.0,0.0,0.0,0.060002442449331284,-0.05325283855199814,-0.11332805454730988,-0.03584517538547516,-0.19701232016086578,-0.12802864611148834,-0.00334097258746624,-0.1623053252696991,-0.10246388614177704,0.04809189215302467,0.1753368228673935,0.149740532040596,-0.023221392184495926,0.05285342037677765,-0.050648752599954605,-0.10504914075136185,0.1913546919822693,-0.037307947874069214,0.0,0.0,0.0,0.0,0.0,0.0,0.0,0.0,0.0,0.0,0.0,0.0,0.0,0.0,0.0,0.0,0.0,0.0,0.0,0.0,0.0,0.0,0.0,0.0,0.0,0.0,0.0,0.0,0.0,0.0,0.0,0.0,0.0,0.0,0.0,0.0,0.0,0.0,-1.0,0.0,0.0,0.0,0.0,0.0,0.0
882549052070,hexapod_20260802_214010,12,0.02,0.0,0.0,0.0,0.0,0.0,0.0,0,0,0,0,0,0.0,0.0,0.0,0.06000625714659691,-0.05340208858251572,-0.11337567865848541,-0.035817984491586685,-0.1967831254005432,-0.12815137207508087,-0.003359908238053322,-0.16255787014961243,-0.10248871147632599,0.04798627272248268,0.1752394288778305,0.14970731735229492,-0.023198124021291733,0.05303968861699104,-0.05082269012928009,-0.10507083684206009,0.1912299394607544,-0.03722284734249115,0.0,0.0,0.0,0.0,0.0,0.0,0.0,0.0,0.0,0.0,0.0,0.0,0.0,0.0,0.0,0.0,0.0,0.0,0.0,0.0,0.0,0.0,0.0,0.0,0.0,0.0,0.0,0.0,0.0,0.0,0.0,0.0,0.0,0.0,0.0,0.0,0.0,0.0,-1.0,0.0,0.0,0.0,0.0,0.0,0.0
882569237899,hexapod_20260802_214010,13,0.02,0.0,0.0,0.0,0.0,0.0,0.0,0,0,0,0,0,0.0,0.0,0.0,0.06000838056206703,-0.05348294973373413,-0.11340174823999405,-0.035802897065877914,-0.1966591328382492,-0.12821818888187408,-0.0033705346286296844,-0.1626948118209839,-0.10250265896320343,0.04792898893356323,0.17518667876720428,0.14968885481357574,-0.02318541705608368,0.053140800446271896,-0.05091668292880058,-0.1050826907157898,0.19116216897964478,-0.03717586025595665,0.0,0.0,0.0,0.0,0.0,0.0,0.0,0.0,0.0,0.0,0.0,0.0,0.0,0.0,0.0,0.0,0.0,0.0,0.0,0.0,0.0,0.0,0.0,0.0,0.0,0.0,0.0,0.0,0.0,0.0,0.0,0.0,0.0,0.0,0.0,0.0,0.0,0.0,-1.0,0.0,0.0,0.0,0.0,0.0,0.0
882589422272,hexapod_20260802_214010,14,0.02,0.0,0.0,0.0,0.0,0.0,0.0,0,0,0,0,0,0.0,0.0,0.0,0.060009557753801346,-0.05352664738893509,-0.1134159117937088,-0.035794612020254135,-0.19659215211868286,-0.1282544881105423,-0.003376394510269165,-0.16276893019676208,-0.10251042246818542,0.04789801314473152,0.17515821754932404,0.14967873692512512,-0.023178473114967346,0.05319556966423988,-0.05096737667918205,-0.10508913546800613,0.1911255121231079,-0.03715019300580025,0.0,0.0,0.0,0.0,0.0,0.0,0.0,0.0,0.0,0.0,0.0,0.0,0.0,0.0,0.0,0.0,0.0,0.0,0.0,0.0,0.0,0.0,0.0,0.0,0.0,0.0,0.0,0.0,0.0,0.0,0.0,0.0,0.0,0.0,0.0,0.0,0.0,0.0,-1.0,0.0,0.0,0.0,0.0,0.0,0.0
882609600712,hexapod_20260802_214010,15,0.02,0.0,0.0,0.0,0.0,0.0,0.0,0,0,0,0,0,0.0,0.0,0.0,0.06001022830605507,-0.053550250828266144,-0.11342360079288483,-0.03579011186957359,-0.196555957198143,-0.1282741129398346,-0.0033796001225709915,-0.16280898451805115,-0.10251466929912567,0.04788127541542053,0.1751428246498108,0.1496732085943222,-0.023174718022346497,0.053225159645080566,-0.05099470540881157,-0.1050926074385643,0.19110563397407532,-0.03713623434305191,0.0,0.0,0.0,0.0,0.0,0.0,0.0,0.0,0.0,0.0,0.0,0.0,0.0,0.0,0.0,0.0,0.0,0.0,0.0,0.0,0.0,0.0,0.0,0.0,0.0,0.0,0.0,0.0,0.0,0.0,0.0,0.0,0.0,0.0,0.0,0.0,0.0,0.0,-1.0,0.0,0.0,0.0,0.0,0.0,0.0
882630106949,hexapod_20260802_214010,16,0.02,0.0,0.0,0.0,0.0,0.0,0.0,0,0,0,0,0,0.0,0.0,0.0,0.060010578483343124,-0.05356297641992569,-0.11342776566743851,-0.0357876718044281,-0.19653645157814026,-0.1282847374677658,-0.003381337970495224,-0.162830650806427,-0.10251700133085251,0.047872237861156464,0.17513452470302582,0.14967022836208344,-0.023172680288553238,0.053241144865751266,-0.05100950598716736,-0.10509451478719711,0.19109490513801575,-0.03712868690490723,0.0,0.0,0.0,0.0,0.0,0.0,0.0,0.0,0.0,0.0,0.0,0.0,0.0,0.0,0.0,0.0,0.0,0.0,0.0,0.0,0.0,0.0,0.0,0.0,0.0,0.0,0.0,0.0,0.0,0.0,0.0,0.0,0.0,0.0,0.0,0.0,0.0,0.0,-1.0,0.0,0.0,0.0,0.0,0.0,0.0
882650382446,hexapod_20260802_214010,17,0.02,0.0,0.0,0.0,0.0,0.0,0.0,0,0,0,0,0,0.0,0.0,0.0,0.06001078709959984,-0.053569890558719635,-0.1134299784898758,-0.035786356776952744,-0.19652588665485382,-0.12829048931598663,-0.003382273018360138,-0.16284236311912537,-0.10251828283071518,0.047867368906736374,0.17513002455234528,0.1496686190366745,-0.02317160740494728,0.05324980616569519,-0.051017459481954575,-0.10509554296731949,0.19108912348747253,-0.03712460771203041,0.0,0.0,0.0,0.0,0.0,0.0,0.0,0.0,0.0,0.0,0.0,0.0,0.0,0.0,0.0,0.0,0.0,0.0,0.0,0.0,0.0,0.0,0.0,0.0,0.0,0.0,0.0,0.0,0.0,0.0,0.0,0.0,0.0,0.0,0.0,0.0,0.0,0.0,-1.0,0.0,0.0,0.0,0.0,0.0,0.0
882670756896,hexapod_20260802_214010,18,0.02,0.0,0.0,0.0,0.0,0.0,0.0,0,0,0,0,0,0.0,0.0,0.0,0.060010891407728195,-0.0535736083984375,-0.11343121528625488,-0.03578562289476395,-0.19652022421360016,-0.12829358875751495,-0.003382774069905281,-0.16284865140914917,-0.1025189682841301,0.047864723950624466,0.17512761056423187,0.14966773986816406,-0.023170996457338333,0.05325445532798767,-0.0510217510163784,-0.10509608685970306,0.1910860240459442,-0.03712242841720581,0.0,0.0,0.0,0.0,0.0,0.0,0.0,0.0,0.0,0.0,0.0,0.0,0.0,0.0,0.0,0.0,0.0,0.0,0.0,0.0,0.0,0.0,0.0,0.0,0.0,0.0,0.0,0.0,0.0,0.0,0.0,0.0,0.0,0.0,0.0,0.0,0.0,0.0,-1.0,0.0,0.0,0.0,0.0,0.0,0.0
882690840026,hexapod_20260802_214010,19,0.02,0.0,0.0,0.0,0.0,0.0,0.0,0,0,0,0,0,0.0,0.0,0.0,0.06001095101237297,-0.05357559025287628,-0.11343184858560562,-0.0357852540910244,-0.19651713967323303,-0.12829525768756866,-0.0033830497413873672,-0.16285204887390137,-0.10251934826374054,0.047863319516181946,0.17512629926204681,0.14966729283332825,-0.023170676082372665,0.05325699970126152,-0.05102409049868584,-0.10509639233350754,0.19108432531356812,-0.0371212512254715,0.0,0.0,0.0,0.0,0.0,0.0,0.0,0.0,0.0,0.0,0.0,0.0,0.0,0.0,0.0,0.0,0.0,0.0,0.0,0.0,0.0,0.0,0.0,0.0,0.0,0.0,0.0,0.0,0.0,0.0,0.0,0.0,0.0,0.0,0.0,0.0,0.0,0.0,-1.0,0.0,0.0,0.0,0.0,0.0,0.0
882710991078,hexapod_20260802_214010,20,0.02,0.0,0.0,0.0,0.0,0.0,0.0,0,0,0,0,0,0.0,0.0,0.0,0.06001099571585655,-0.05357666313648224,-0.11343221366405487,-0.035785045474767685,-0.1965155005455017,-0.1282961666584015,-0.0033831819891929626,-0.1628538966178894,-0.10251954197883606,0.04786255210638046,0.1751256138086319,0.14966700971126556,-0.023170500993728638,0.05325830355286598,-0.05102533474564552,-0.10509655624628067,0.19108343124389648,-0.03712058067321777,0.0,0.0,0.0,0.0,0.0,0.0,0.0,0.0,0.0,0.0,0.0,0.0,0.0,0.0,0.0,0.0,0.0,0.0,0.0,0.0,0.0,0.0,0.0,0.0,0.0,0.0,0.0,0.0,0.0,0.0,0.0,0.0,0.0,0.0,0.0,0.0,0.0,0.0,-1.0,0.0,0.0,0.0,0.0,0.0,0.0
882731267734,hexapod_20260802_214010,21,0.02,0.0,0.0,0.0,0.0,0.0,0.0,0,0,0,0,0,0.0,0.0,0.0,0.060011014342308044,-0.053577229380607605,-0.11343242228031158,-0.03578493371605873,-0.19651460647583008,-0.1282966583967209,-0.0033832695335149765,-0.1628548800945282,-0.10251964628696442,0.04786213859915733,0.17512522637844086,0.149666890501976,-0.023170415312051773,0.05325906351208687,-0.05102599784731865,-0.10509663075208664,0.1910829246044159,-0.03712023049592972,0.0,0.0,0.0,0.0,0.0,0.0,0.0,0.0,0.0,0.0,0.0,0.0,0.0,0.0,0.0,0.0,0.0,0.0,0.0,0.0,0.0,0.0,0.0,0.0,0.0,0.0,0.0,0.0,0.0,0.0,0.0,0.0,0.0,0.0,0.0,0.0,0.0,0.0,-1.0,0.0,0.0,0.0,0.0,0.0,0.0
882751862910,hexapod_20260802_214010,22,0.02,0.0,0.0,0.0,0.0,0.0,0.0,0,0,0,0,0,0.0,0.0,0.0,0.060011010617017746,-0.05357758700847626,-0.11343251168727875,-0.03578486293554306,-0.1965140998363495,-0.12829692661762238,-0.0033833160996437073,-0.16285541653633118,-0.10251970589160919,0.047861915081739426,0.17512500286102295,0.14966680109500885,-0.02317037433385849,0.05325949192047119,-0.05102637782692909,-0.10509668290615082,0.19108262658119202,-0.03712005168199539,0.0,0.0,0.0,0.0,0.0,0.0,0.0,0.0,0.0,0.0,0.0,0.0,0.0,0.0,0.0,0.0,0.0,0.0,0.0,0.0,0.0,0.0,0.0,0.0,0.0,0.0,0.0,0.0,0.0,0.0,0.0,0.0,0.0,0.0,0.0,0.0,0.0,0.0,-1.0,0.0,0.0,0.0,0.0,0.0,0.0
882772167311,hexapod_20260802_214010,23,0.02,0.0,0.0,0.0,0.0,0.0,0.0,0,0,0,0,0,0.0,0.0,0.0,0.06001102924346924,-0.0535777285695076,-0.11343257129192352,-0.03578483313322067,-0.1965138465166092,-0.12829707562923431,-0.003383336588740349,-0.16285571455955505,-0.10251973569393158,0.04786178842186928,0.1751248985528946,0.14966675639152527,-0.023170344531536102,0.05325968191027641,-0.05102656036615372,-0.1050967127084732,0.19108250737190247,-0.03711995854973793,0.0,0.0,0.0,0.0,0.0,0.0,0.0,0.0,0.0,0.0,0.0,0.0,0.0,0.0,0.0,0.0,0.0,0.0,0.0,0.0,0.0,0.0,0.0,0.0,0.0,0.0,0.0,0.0,0.0,0.0,0.0,0.0,0.0,0.0,0.0,0.0,0.0,0.0,-1.0,0.0,0.0,0.0,0.0,0.0,0.0
882792283790,hexapod_20260802_214010,24,0.02,0.0,0.0,0.0,0.0,0.0,0.0,0,0,0,0,0,0.0,0.0,0.0,0.06001104414463043,-0.053577832877635956,-0.11343260109424591,-0.03578482195734978,-0.19651369750499725,-0.12829716503620148,-0.0033833496272563934,-0.16285589337348938,-0.10251975804567337,0.04786171764135361,0.17512483894824982,0.14966675639152527,-0.023170311003923416,0.05325981229543686,-0.05102667957544327,-0.1050967425107956,0.1910824179649353,-0.03711990267038345,0.0,0.0,0.0,0.0,0.0,0.0,0.0,0.0,0.0,0.0,0.0,0.0,0.0,0.0,0.0,0.0,0.0,0.0,0.0,0.0,0.0,0.0,0.0,0.0,0.0,0.0,0.0,0.0,0.0,0.0,0.0,0.0,0.0,0.0,0.0,0.0,0.0,0.0,-1.0,0.0,0.0,0.0,0.0,0.0,0.0
882812497707,hexapod_20260802_214010,25,0.02,0.0,0.0,0.0,0.0,0.0,0.0,0,0,0,0,0,0.0,0.0,0.0,0.060011040419340134,-0.05357789993286133,-0.1134326234459877,-0.03578481450676918,-0.19651363790035248,-0.12829719483852386,-0.003383353352546692,-0.16285598278045654,-0.10251975804567337,0.04786168783903122,0.17512480914592743,0.14966675639152527,-0.023170307278633118,0.05325987935066223,-0.05102674663066864,-0.105096735060215,0.19108238816261292,-0.03711986541748047,0.0,0.0,0.0,0.0,0.0,0.0,0.0,0.0,0.0,0.0,0.0,0.0,0.0,0.0,0.0,0.0,0.0,0.0,0.0,0.0,0.0,0.0,0.0,0.0,0.0,0.0,0.0,0.0,0.0,0.0,0.0,0.0,0.0,0.0,0.0,0.0,0.0,0.0,-1.0,0.0,0.0,0.0,0.0,0.0,0.0
882832582077,hexapod_20260802_214010,26,0.02,0.0,0.0,0.0,0.0,0.0,0.0,0,0,0,0,0,0.0,0.0,0.0,0.060011040419340134,-0.05357792228460312,-0.1134326308965683,-0.03578480705618858,-0.1965136080980301,-0.12829720973968506,-0.003383345901966095,-0.16285601258277893,-0.10251978039741516,0.04786166921257973,0.17512480914592743,0.14966672658920288,-0.023170307278633118,0.053259897977113724,-0.051026757806539536,-0.105096735060215,0.19108238816261292,-0.03711984306573868,0.0,0.0,0.0,0.0,0.0,0.0,0.0,0.0,0.0,0.0,0.0,0.0,0.0,0.0,0.0,0.0,0.0,0.0,0.0,0.0,0.0,0.0,0.0,0.0,0.0,0.0,0.0,0.0,0.0,0.0,0.0,0.0,0.0,0.0,0.0,0.0,0.0,0.0,-1.0,0.0,0.0,0.0,0.0,0.0,0.0
882852850329,hexapod_20260802_214010,27,0.02,0.0,0.0,0.0,0.0,0.0,0.0,0,0,0,0,0,0.0,0.0,0.0,0.06001103296875954,-0.053577929735183716,-0.1134326308965683,-0.03578480705618858,-0.1965135782957077,-0.12829722464084625,-0.0033833589404821396,-0.16285604238510132,-0.10251979529857635,0.04786165803670883,0.17512479424476624,0.14966672658920288,-0.02317030355334282,0.05325990542769432,-0.05102677643299103,-0.1050967425107956,0.19108235836029053,-0.03711983188986778,0.0,0.0,0.0,0.0,0.0,0.0,0.0,0.0,0.0,0.0,0.0,0.0,0.0,0.0,0.0,0.0,0.0,0.0,0.0,0.0,0.0,0.0,0.0,0.0,0.0,0.0,0.0,0.0,0.0,0.0,0.0,0.0,0.0,0.0,0.0,0.0,0.0,0.0,-1.0,0.0,0.0,0.0,0.0,0.0,0.0
882872919889,hexapod_20260802_214010,28,0.02,0.0,0.0,0.0,0.0,0.0,0.0,0,0,0,0,0,0.0,0.0,0.0,0.060011040419340134,-0.05357794463634491,-0.1134326308965683,-0.03578481078147888,-0.1965135633945465,-0.12829722464084625,-0.0033833570778369904,-0.1628560721874237,-0.10251978039741516,0.04786165803670883,0.17512479424476624,0.14966672658920288,-0.02317029982805252,0.05325992777943611,-0.051026780158281326,-0.105096735060215,0.19108232855796814,-0.03711983934044838,0.0,0.0,0.0,0.0,0.0,0.0,0.0,0.0,0.0,0.0,0.0,0.0,0.0,0.0,0.0,0.0,0.0,0.0,0.0,0.0,0.0,0.0,0.0,0.0,0.0,0.0,0.0,0.0,0.0,0.0,0.0,0.0,0.0,0.0,0.0,0.0,0.0,0.0,-1.0,0.0,0.0,0.0,0.0,0.0,0.0
882893140522,hexapod_20260802_214010,29,0.02,0.0,0.0,0.0,0.0,0.0,0.0,0,0,0,0,0,0.0,0.0,0.0,0.060011036694049835,-0.05357793718576431,-0.1134326308965683,-0.03578481450676918,-0.19651353359222412,-0.12829722464084625,-0.003383360803127289,-0.1628560721874237,-0.10251979529857635,0.047861646860837936,0.17512477934360504,0.14966672658920288,-0.02317029982805252,0.05325993523001671,-0.05102679133415222,-0.105096735060215,0.19108232855796814,-0.03711985796689987,0.0,0.0,0.0,0.0,0.0,0.0,0.0,0.0,0.0,0.0,0.0,0.0,0.0,0.0,0.0,0.0,0.0,0.0,0.0,0.0,0.0,0.0,0.0,0.0,0.0,0.0,0.0,0.0,0.0,0.0,0.0,0.0,0.0,0.0,0.0,0.0,0.0,0.0,-1.0,0.0,0.0,0.0,0.0,0.0,0.0
882913365885,hexapod_20260802_214010,30,0.02,0.0,0.0,0.0,0.0,0.0,0.0,0,0,0,0,0,0.0,0.0,0.0,0.060011040419340134,-0.05357793718576431,-0.11343264579772949,-0.03578481450676918,-0.1965135633945465,-0.12829725444316864,-0.003383355215191841,-0.1628560721874237,-0.10251978039741516,0.047861650586128235,0.17512477934360504,0.1496667116880417,-0.02317029982805252,0.05325990915298462,-0.05102679878473282,-0.10509674996137619,0.19108232855796814,-0.037119850516319275,0.0,0.0,0.0,0.0,0.0,0.0,0.0,0.0,0.0,0.0,0.0,0.0,0.0,0.0,0.0,0.0,0.0,0.0,0.0,0.0,0.0,0.0,0.0,0.0,0.0,0.0,0.0,0.0,0.0,0.0,0.0,0.0,0.0,0.0,0.0,0.0,0.0,0.0,-1.0,0.0,0.0,0.0,0.0,0.0,0.0
882933485684,hexapod_20260802_214010,31,0.02,0.0,0.0,0.0,0.0,0.0,0.0,0,0,0,0,0,0.0,0.0,0.0,0.060011040419340134,-0.05357793718576431,-0.1134326308965683,-0.03578481078147888,-0.1965135633945465,-0.12829722464084625,-0.0033833589404821396,-0.16285604238510132,-0.10251979529857635,0.04786165803670883,0.17512477934360504,0.14966672658920288,-0.02317029982805252,0.05325991287827492,-0.05102678760886192,-0.10509674996137619,0.19108232855796814,-0.03711984306573868,0.0,0.0,0.0,0.0,0.0,0.0,0.0,0.0,0.0,0.0,0.0,0.0,0.0,0.0,0.0,0.0,0.0,0.0,0.0,0.0,0.0,0.0,0.0,0.0,0.0,0.0,0.0,0.0,0.0,0.0,0.0,0.0,0.0,0.0,0.0,0.0,0.0,0.0,-1.0,0.0,0.0,0.0,0.0,0.0,0.0
882954001392,hexapod_20260802_214010,32,0.02,0.0,0.0,0.0,0.0,0.0,0.0,0,0,0,0,0,0.0,0.0,0.0,0.06001104786992073,-0.05357795208692551,-0.1134326383471489,-0.03578481450676918,-0.19651354849338531,-0.12829722464084625,-0.0033833514899015427,-0.1628560721874237,-0.10251978039741516,0.04786165431141853,0.17512477934360504,0.14966674149036407,-0.02317030355334282,0.05325992405414581,-0.051026783883571625,-0.1050967276096344,0.19108235836029053,-0.037119850516319275,0.0,0.0,0.0,0.0,0.0,0.0,0.0,0.0,0.0,0.0,0.0,0.0,0.0,0.0,0.0,0.0,0.0,0.0,0.0,0.0,0.0,0.0,0.0,0.0,0.0,0.0,0.0,0.0,0.0,0.0,0.0,0.0,0.0,0.0,0.0,0.0,0.0,0.0,-1.0,0.0,0.0,0.0,0.0,0.0,0.0
882974400589,hexapod_20260802_214010,33,0.02,0.0,0.0,0.0,0.0,0.0,0.0,0,0,0,0,0,0.0,0.0,0.0,0.060011040419340134,-0.05357793718576431,-0.1134326308965683,-0.035784799605607986,-0.19651354849338531,-0.12829723954200745,-0.0033833589404821396,-0.1628560721874237,-0.10251978039741516,0.04786164313554764,0.17512477934360504,0.14966672658920288,-0.02317030355334282,0.05325993523001671,-0.05102678760886192,-0.10509674996137619,0.19108232855796814,-0.037119846791028976,0.0,0.0,0.0,0.0,0.0,0.0,0.0,0.0,0.0,0.0,0.0,0.0,0.0,0.0,0.0,0.0,0.0,0.0,0.0,0.0,0.0,0.0,0.0,0.0,0.0,0.0,0.0,0.0,0.0,0.0,0.0,0.0,0.0,0.0,0.0,0.0,0.0,0.0,-1.0,0.0,0.0,0.0,0.0,0.0,0.0
882994601565,hexapod_20260802_214010,34,0.02,0.0,0.0,0.0,0.0,0.0,0.0,0,0,0,0,0,0.0,0.0,0.0,0.06001104414463043,-0.05357794463634491,-0.11343264579772949,-0.035784803330898285,-0.19651354849338531,-0.12829723954200745,-0.0033833570778369904,-0.1628560721874237,-0.10251978039741516,0.047861646860837936,0.17512477934360504,0.14966674149036407,-0.02317029982805252,0.05325993895530701,-0.051026780158281326,-0.10509674996137619,0.19108235836029053,-0.03711984306573868,0.0,0.0,0.0,0.0,0.0,0.0,0.0,0.0,0.0,0.0,0.0,0.0,0.0,0.0,0.0,0.0,0.0,0.0,0.0,0.0,0.0,0.0,0.0,0.0,0.0,0.0,0.0,0.0,0.0,0.0,0.0,0.0,0.0,0.0,0.0,0.0,0.0,0.0,-1.0,0.0,0.0,0.0,0.0,0.0,0.0
883014828062,hexapod_20260802_214010,35,0.02,0.0,0.0,0.0,0.0,0.0,0.0,0,0,0,0,0,0.0,0.0,0.0,0.06001104414463043,-0.05357794463634491,-0.1134326308965683,-0.03578480705618858,-0.19651354849338531,-0.12829723954200745,-0.003383353352546692,-0.1628560721874237,-0.10251978784799576,0.047861650586128235,0.17512477934360504,0.14966674149036407,-0.02317029982805252,0.05325993523001671,-0.05102679133415222,-0.10509674996137619,0.19108235836029053,-0.037119846791028976,0.0,0.0,0.0,0.0,0.0,0.0,0.0,0.0,0.0,0.0,0.0,0.0,0.0,0.0,0.0,0.0,0.0,0.0,0.0,0.0,0.0,0.0,0.0,0.0,0.0,0.0,0.0,0.0,0.0,0.0,0.0,0.0,0.0,0.0,0.0,0.0,0.0,0.0,-1.0,0.0,0.0,0.0,0.0,0.0,0.0
883035054805,hexapod_20260802_214010,36,0.02,0.0,0.0,0.0,0.0,0.0,0.0,0,0,0,0,0,0.0,0.0,0.0,0.06001104414463043,-0.05357794463634491,-0.1134326308965683,-0.03578480705618858,-0.19651353359222412,-0.12829722464084625,-0.0033833589404821396,-0.1628560721874237,-0.10251978039741516,0.047861650586128235,0.17512477934360504,0.14966672658920288,-0.023170307278633118,0.05325993523001671,-0.05102679133415222,-0.1050967425107956,0.19108232855796814,-0.03711986541748047,0.0,0.0,0.0,0.0,0.0,0.0,0.0,0.0,0.0,0.0,0.0,0.0,0.0,0.0,0.0,0.0,0.0,0.0,0.0,0.0,0.0,0.0,0.0,0.0,0.0,0.0,0.0,0.0,0.0,0.0,0.0,0.0,0.0,0.0,0.0,0.0,0.0,0.0,-1.0,0.0,0.0,0.0,0.0,0.0,0.0
883055283261,hexapod_20260802_214010,37,0.02,0.0,0.0,0.0,0.0,0.0,0.0,0,0,0,0,0,0.0,0.0,0.0,0.060011036694049835,-0.053577959537506104,-0.1134326159954071,-0.03578480705618858,-0.19651353359222412,-0.12829723954200745,-0.003383355215191841,-0.1628560721874237,-0.10251978039741516,0.047861650586128235,0.17512476444244385,0.14966672658920288,-0.02317030355334282,0.05325993895530701,-0.05102679505944252,-0.1050967425107956,0.19108232855796814,-0.037119850516319275,0.0,0.0,0.0,0.0,0.0,0.0,0.0,0.0,0.0,0.0,0.0,0.0,0.0,0.0,0.0,0.0,0.0,0.0,0.0,0.0,0.0,0.0,0.0,0.0,0.0,0.0,0.0,0.0,0.0,0.0,0.0,0.0,0.0,0.0,0.0,0.0,0.0,0.0,-1.0,0.0,0.0,0.0,0.0,0.0,0.0
883075781753,hexapod_20260802_214010,38,0.02,0.0,0.0,0.0,0.0,0.0,0.0,0,0,0,0,0,0.0,0.0,0.0,0.06001103296875954,-0.05357795208692551,-0.1134326234459877,-0.03578480705618858,-0.19651353359222412,-0.12829723954200745,-0.0033833589404821396,-0.1628560721874237,-0.10251979529857635,0.04786165431141853,0.17512477934360504,0.14966674149036407,-0.02317029982805252,0.0532599501311779,-0.051026780158281326,-0.10509674996137619,0.19108232855796814,-0.03711983561515808,0.0,0.0,0.0,0.0,0.0,0.0,0.0,0.0,0.0,0.0,0.0,0.0,0.0,0.0,0.0,0.0,0.0,0.0,0.0,0.0,0.0,0.0,0.0,0.0,0.0,0.0,0.0,0.0,0.0,0.0,0.0,0.0,0.0,0.0,0.0,0.0,0.0,0.0,-1.0,0.0,0.0,0.0,0.0,0.0,0.0
883096012101,hexapod_20260802_214010,39,0.02,0.0,0.0,0.0,0.0,0.0,0.0,0,0,0,0,0,0.0,0.0,0.0,0.060011036694049835,-0.05357795208692551,-0.1134326308965683,-0.03578481450676918,-0.19651354849338531,-0.12829722464084625,-0.003383355215191841,-0.1628560721874237,-0.10251978039741516,0.047861650586128235,0.17512477934360504,0.1496667116880417,-0.02317029982805252,0.053259946405887604,-0.05102678760886192,-0.1050967425107956,0.19108232855796814,-0.03711983934044838,0.0,0.0,0.0,0.0,0.0,0.0,0.0,0.0,0.0,0.0,0.0,0.0,0.0,0.0,0.0,0.0,0.0,0.0,0.0,0.0,0.0,0.0,0.0,0.0,0.0,0.0,0.0,0.0,0.0,0.0,0.0,0.0,0.0,0.0,0.0,0.0,0.0,0.0,-1.0,0.0,0.0,0.0,0.0,0.0,0.0
883116180485,hexapod_20260802_214010,40,0.02,0.0,0.0,0.0,0.0,0.0,0.0,0,0,0,0,0,0.0,0.0,0.0,0.06001103296875954,-0.05357793718576431,-0.1134326308965683,-0.03578480705618858,-0.1965135782957077,-0.12829722464084625,-0.0033833589404821396,-0.1628560721874237,-0.10251977294683456,0.04786164313554764,0.17512477934360504,0.1496667116880417,-0.02317029982805252,0.05325993150472641,-0.051026783883571625,-0.10509674996137619,0.19108232855796814,-0.03711983188986778,0.0,0.0,0.0,0.0,0.0,0.0,0.0,0.0,0.0,0.0,0.0,0.0,0.0,0.0,0.0,0.0,0.0,0.0,0.0,0.0,0.0,0.0,0.0,0.0,0.0,0.0,0.0,0.0,0.0,0.0,0.0,0.0,0.0,0.0,0.0,0.0,0.0,0.0,-1.0,0.0,0.0,0.0,0.0,0.0,0.0
883136403082,hexapod_20260802_214010,41,0.02,0.0,0.0,0.0,0.0,0.0,0.0,0,0,0,0,0,0.0,0.0,0.0,0.06001102551817894,-0.05357794463634491,-0.1134326308965683,-0.03578480705618858,-0.19651354849338531,-0.12829722464084625,-0.0033833589404821396,-0.1628560721874237,-0.10251978039741516,0.047861646860837936,0.17512477934360504,0.1496667116880417,-0.02317029982805252,0.05325993895530701,-0.05102678760886192,-0.10509675741195679,0.19108232855796814,-0.03711983561515808,0.0,0.0,0.0,0.0,0.0,0.0,0.0,0.0,0.0,0.0,0.0,0.0,0.0,0.0,0.0,0.0,0.0,0.0,0.0,0.0,0.0,0.0,0.0,0.0,0.0,0.0,0.0,0.0,0.0,0.0,0.0,0.0,0.0,0.0,0.0,0.0,0.0,0.0,-1.0,0.0,0.0,0.0,0.0,0.0,0.0
883156862110,hexapod_20260802_214010,42,0.02,0.0,0.0,0.0,0.0,0.0,0.0,0,0,0,0,0,0.0,0.0,0.0,0.06001103296875954,-0.05357793718576431,-0.1134326308965683,-0.03578480705618858,-0.19651354849338531,-0.12829722464084625,-0.003383360803127289,-0.1628560721874237,-0.10251978039741516,0.047861650586128235,0.17512477934360504,0.1496667116880417,-0.023170296102762222,0.053259920328855515,-0.05102677643299103,-0.10509674996137619,0.19108232855796814,-0.03711984306573868,0.0,0.0,0.0,0.0,0.0,0.0,0.0,0.0,0.0,0.0,0.0,0.0,0.0,0.0,0.0,0.0,0.0,0.0,0.0,0.0,0.0,0.0,0.0,0.0,0.0,0.0,0.0,0.0,0.0,0.0,0.0,0.0,0.0,0.0,0.0,0.0,0.0,0.0,-1.0,0.0,0.0,0.0,0.0,0.0,0.0
883177091977,hexapod_20260802_214010,43,0.02,0.0,0.0,0.0,0.0,0.0,0.0,0,0,0,0,0,0.0,0.0,0.0,0.060011040419340134,-0.05357794463634491,-0.1134326308965683,-0.03578480705618858,-0.1965135782957077,-0.12829722464084625,-0.0033833570778369904,-0.1628560721874237,-0.10251979529857635,0.047861646860837936,0.17512477934360504,0.1496667116880417,-0.02317030355334282,0.05325992405414581,-0.051026780158281326,-0.10509674996137619,0.19108232855796814,-0.03711984306573868,0.0,0.0,0.0,0.0,0.0,0.0,0.0,0.0,0.0,0.0,0.0,0.0,0.0,0.0,0.0,0.0,0.0,0.0,0.0,0.0,0.0,0.0,0.0,0.0,0.0,0.0,0.0,0.0,0.0,0.0,0.0,0.0,0.0,0.0,0.0,0.0,0.0,0.0,-1.0,0.0,0.0,0.0,0.0,0.0,0.0
883197571007,hexapod_20260802_214010,44,0.02,0.0,0.0,0.0,0.0,0.0,0.0,0,0,0,0,0,0.0,0.0,0.0,0.060011040419340134,-0.05357793718576431,-0.1134326159954071,-0.03578481450676918,-0.1965135633945465,-0.12829722464084625,-0.003383353352546692,-0.16285604238510132,-0.10251978039741516,0.047861650586128235,0.17512479424476624,0.1496667116880417,-0.02317030355334282,0.05325992405414581,-0.05102676525712013,-0.10509674996137619,0.19108235836029053,-0.03711984306573868,0.0,0.0,0.0,0.0,0.0,0.0,0.0,0.0,0.0,0.0,0.0,0.0,0.0,0.0,0.0,0.0,0.0,0.0,0.0,0.0,0.0,0.0,0.0,0.0,0.0,0.0,0.0,0.0,0.0,0.0,0.0,0.0,0.0,0.0,0.0,0.0,0.0,0.0,-1.0,0.0,0.0,0.0,0.0,0.0,0.0
883217776857,hexapod_20260802_214010,45,0.02,0.0,0.0,0.0,0.0,0.0,0.0,0,0,0,0,0,0.0,0.0,0.0,0.06001103296875954,-0.05357793718576431,-0.1134326308965683,-0.03578481078147888,-0.1965135782957077,-0.12829722464084625,-0.0033833570778369904,-0.16285604238510132,-0.10251978039741516,0.04786165803670883,0.17512477934360504,0.1496667116880417,-0.02317029982805252,0.05325992405414581,-0.05102676898241043,-0.1050967425107956,0.19108232855796814,-0.03711983561515808,0.0,0.0,0.0,0.0,0.0,0.0,0.0,0.0,0.0,0.0,0.0,0.0,0.0,0.0,0.0,0.0,0.0,0.0,0.0,0.0,0.0,0.0,0.0,0.0,0.0,0.0,0.0,0.0,0.0,0.0,0.0,0.0,0.0,0.0,0.0,0.0,0.0,0.0,-1.0,0.0,0.0,0.0,0.0,0.0,0.0
883238375406,hexapod_20260802_214010,46,0.02,0.0,0.0,0.0,0.0,0.0,0.0,0,0,0,0,0,0.0,0.0,0.0,0.060011036694049835,-0.05357793718576431,-0.1134326308965683,-0.03578481450676918,-0.1965135782957077,-0.12829722464084625,-0.0033833589404821396,-0.1628560721874237,-0.10251978784799576,0.04786165803670883,0.17512479424476624,0.14966672658920288,-0.02317029982805252,0.053259916603565216,-0.05102676525712013,-0.105096735060215,0.19108235836029053,-0.03711983934044838,0.0,0.0,0.0,0.0,0.0,0.0,0.0,0.0,0.0,0.0,0.0,0.0,0.0,0.0,0.0,0.0,0.0,0.0,0.0,0.0,0.0,0.0,0.0,0.0,0.0,0.0,0.0,0.0,0.0,0.0,0.0,0.0,0.0,0.0,0.0,0.0,0.0,0.0,-1.0,0.0,0.0,0.0,0.0,0.0,0.0
883258809830,hexapod_20260802_214010,47,0.02,0.0,0.0,0.0,0.0,0.0,0.0,0,0,0,0,0,0.0,0.0,0.0,0.06001104786992073,-0.053577929735183716,-0.1134326308965683,-0.03578481450676918,-0.1965135633945465,-0.12829722464084625,-0.0033833589404821396,-0.1628560721874237,-0.10251981019973755,0.04786165803670883,0.17512477934360504,0.14966672658920288,-0.023170296102762222,0.05325992405414581,-0.05102677643299103,-0.105096735060215,0.19108235836029053,-0.03711983934044838,0.0,0.0,0.0,0.0,0.0,0.0,0.0,0.0,0.0,0.0,0.0,0.0,0.0,0.0,0.0,0.0,0.0,0.0,0.0,0.0,0.0,0.0,0.0,0.0,0.0,0.0,0.0,0.0,0.0,0.0,0.0,0.0,0.0,0.0,0.0,0.0,0.0,0.0,-1.0,0.0,0.0,0.0,0.0,0.0,0.0
883279056007,hexapod_20260802_214010,48,0.02,0.0,0.0,0.0,0.0,0.0,0.0,0,0,0,0,0,0.0,0.0,0.0,0.06001104414463043,-0.053577929735183716,-0.1134326308965683,-0.03578480705618858,-0.1965135782957077,-0.12829722464084625,-0.0033833570778369904,-0.16285604238510132,-0.10251979529857635,0.04786165803670883,0.17512477934360504,0.1496667116880417,-0.023170296102762222,0.05325993150472641,-0.05102677643299103,-0.105096735060215,0.19108235836029053,-0.037119824439287186,0.0,0.0,0.0,0.0,0.0,0.0,0.0,0.0,0.0,0.0,0.0,0.0,0.0,0.0,0.0,0.0,0.0,0.0,0.0,0.0,0.0,0.0,0.0,0.0,0.0,0.0,0.0,0.0,0.0,0.0,0.0,0.0,0.0,0.0,0.0,0.0,0.0,0.0,-1.0,0.0,0.0,0.0,0.0,0.0,0.0
883299305770,hexapod_20260802_214010,49,0.02,0.0,0.0,0.0,0.0,0.0,0.0,0,0,0,0,0,0.0,0.0,0.0,0.06001104786992073,-0.05357792228460312,-0.1134326308965683,-0.03578481823205948,-0.1965135633945465,-0.12829722464084625,-0.0033833496272563934,-0.16285604238510132,-0.10251979529857635,0.04786165803670883,0.17512477934360504,0.1496667116880417,-0.02317029982805252,0.05325991287827492,-0.05102677643299103,-0.1050967276096344,0.19108232855796814,-0.03711983188986778,0.0,0.0,0.0,0.0,0.0,0.0,0.0,0.0,0.0,0.0,0.0,0.0,0.0,0.0,0.0,0.0,0.0,0.0,0.0,0.0,0.0,0.0,0.0,0.0,0.0,0.0,0.0,0.0,0.0,0.0,0.0,0.0,0.0,0.0,0.0,0.0,0.0,0.0,-1.0,0.0,0.0,0.0,0.0,0.0,0.0
883319794156,hexapod_20260802_214010,50,0.02,0.0,0.0,0.0,0.0,0.0,0.0,0,0,0,0,0,0.0,0.0,0.0,0.06001104786992073,-0.05357793718576431,-0.1134326308965683,-0.03578481823205948,-0.19651353359222412,-0.12829722464084625,-0.003383347764611244,-0.1628560721874237,-0.10251978784799576,0.04786165431141853,0.17512477934360504,0.14966672658920288,-0.02317030355334282,0.053259916603565216,-0.05102677643299103,-0.10509674996137619,0.19108235836029053,-0.03711983561515808,0.0,0.0,0.0,0.0,0.0,0.0,0.0,0.0,0.0,0.0,0.0,0.0,0.0,0.0,0.0,0.0,0.0,0.0,0.0,0.0,0.0,0.0,0.0,0.0,0.0,0.0,0.0,0.0,0.0,0.0,0.0,0.0,0.0,0.0,0.0,0.0,0.0,0.0,-1.0,0.0,0.0,0.0,0.0,0.0,0.0
883339967180,hexapod_20260802_214010,51,0.02,0.0,0.0,0.0,0.0,0.0,0.0,0,0,0,0,0,0.0,0.0,0.0,0.060011040419340134,-0.05357793718576431,-0.1134326308965683,-0.035784799605607986,-0.19651354849338531,-0.12829725444316864,-0.003383355215191841,-0.1628560721874237,-0.10251978039741516,0.047861646860837936,0.17512477934360504,0.14966672658920288,-0.02317029982805252,0.05325992777943611,-0.051026783883571625,-0.10509674996137619,0.19108232855796814,-0.037119850516319275,0.0,0.0,0.0,0.0,0.0,0.0,0.0,0.0,0.0,0.0,0.0,0.0,0.0,0.0,0.0,0.0,0.0,0.0,0.0,0.0,0.0,0.0,0.0,0.0,0.0,0.0,0.0,0.0,0.0,0.0,0.0,0.0,0.0,0.0,0.0,0.0,0.0,0.0,-1.0,0.0,0.0,0.0,0.0,0.0,0.0
883360365300,hexapod_20260802_214010,52,0.02,0.0,0.0,0.0,0.0,0.0,0.0,0,0,0,0,0,0.0,0.0,0.0,0.060011040419340134,-0.05357793718576431,-0.1134326383471489,-0.035784803330898285,-0.19651354849338531,-0.12829723954200745,-0.0033833589404821396,-0.1628560721874237,-0.10251978039741516,0.047861650586128235,0.17512477934360504,0.14966674149036407,-0.023170296102762222,0.05325993150472641,-0.05102679133415222,-0.10509674996137619,0.19108232855796814,-0.03711983934044838,0.0,0.0,0.0,0.0,0.0,0.0,0.0,0.0,0.0,0.0,0.0,0.0,0.0,0.0,0.0,0.0,0.0,0.0,0.0,0.0,0.0,0.0,0.0,0.0,0.0,0.0,0.0,0.0,0.0,0.0,0.0,0.0,0.0,0.0,0.0,0.0,0.0,0.0,-1.0,0.0,0.0,0.0,0.0,0.0,0.0
883380501236,hexapod_20260802_214010,53,0.02,0.0,0.0,0.0,0.0,0.0,0.0,0,0,0,0,0,0.0,0.0,0.0,0.060011040419340134,-0.05357794463634491,-0.1134326308965683,-0.03578481078147888,-0.19651354849338531,-0.12829722464084625,-0.003383355215191841,-0.1628560721874237,-0.10251978039741516,0.047861650586128235,0.17512477934360504,0.1496667116880417,-0.023170296102762222,0.05325992777943611,-0.05102678760886192,-0.1050967425107956,0.19108232855796814,-0.03711983561515808,0.0,0.0,0.0,0.0,0.0,0.0,0.0,0.0,0.0,0.0,0.0,0.0,0.0,0.0,0.0,0.0,0.0,0.0,0.0,0.0,0.0,0.0,0.0,0.0,0.0,0.0,0.0,0.0,0.0,0.0,0.0,0.0,0.0,0.0,0.0,0.0,0.0,0.0,-1.0,0.0,0.0,0.0,0.0,0.0,0.0
883400561107,hexapod_20260802_214010,54,0.02,0.0,0.0,0.0,0.0,0.0,0.0,0,0,0,0,0,0.0,0.0,0.0,0.06001103296875954,-0.05357793718576431,-0.1134326234459877,-0.03578481450676918,-0.1965135782957077,-0.12829722464084625,-0.0033833570778369904,-0.1628560721874237,-0.10251978039741516,0.04786165803670883,0.17512477934360504,0.1496667116880417,-0.02317029982805252,0.053259920328855515,-0.051026783883571625,-0.1050967425107956,0.19108232855796814,-0.03711983561515808,0.0,0.0,0.0,0.0,0.0,0.0,0.0,0.0,0.0,0.0,0.0,0.0,0.0,0.0,0.0,0.0,0.0,0.0,0.0,0.0,0.0,0.0,0.0,0.0,0.0,0.0,0.0,0.0,0.0,0.0,0.0,0.0,0.0,0.0,0.0,0.0,0.0,0.0,-1.0,0.0,0.0,0.0,0.0,0.0,0.0
883420685043,hexapod_20260802_214010,55,0.02,0.0,0.0,0.0,0.0,0.0,0.0,0,0,0,0,0,0.0,0.0,0.0,0.06001103296875954,-0.05357794463634491,-0.1134326308965683,-0.03578481450676918,-0.1965135782957077,-0.12829722464084625,-0.003383355215191841,-0.16285604238510132,-0.10251979529857635,0.04786165431141853,0.17512477934360504,0.1496667116880417,-0.02317030355334282,0.05325992777943611,-0.051026783883571625,-0.10509674996137619,0.19108232855796814,-0.03711983561515808,0.0,0.0,0.0,0.0,0.0,0.0,0.0,0.0,0.0,0.0,0.0,0.0,0.0,0.0,0.0,0.0,0.0,0.0,0.0,0.0,0.0,0.0,0.0,0.0,0.0,0.0,0.0,0.0,0.0,0.0,0.0,0.0,0.0,0.0,0.0,0.0,0.0,0.0,-1.0,0.0,0.0,0.0,0.0,0.0,0.0
883440786617,hexapod_20260802_214010,56,0.02,0.0,0.0,0.0,0.0,0.0,0.0,0,0,0,0,0,0.0,0.0,0.0,0.060011040419340134,-0.05357794463634491,-0.1134326308965683,-0.03578481450676918,-0.19651354849338531,-0.12829722464084625,-0.003383355215191841,-0.16285604238510132,-0.10251978784799576,0.04786165431141853,0.17512477934360504,0.14966672658920288,-0.02317029982805252,0.05325993523001671,-0.051026783883571625,-0.105096735060215,0.19108235836029053,-0.03711983934044838,0.0,0.0,0.0,0.0,0.0,0.0,0.0,0.0,0.0,0.0,0.0,0.0,0.0,0.0,0.0,0.0,0.0,0.0,0.0,0.0,0.0,0.0,0.0,0.0,0.0,0.0,0.0,0.0,0.0,0.0,0.0,0.0,0.0,0.0,0.0,0.0,0.0,0.0,-1.0,0.0,0.0,0.0,0.0,0.0,0.0
883461609172,hexapod_20260802_214010,57,0.02,0.0,0.0,0.0,0.0,0.0,0.0,0,0,0,0,0,0.0,0.0,0.0,0.060011040419340134,-0.05357793718576431,-0.1134326308965683,-0.03578480705618858,-0.1965135633945465,-0.12829723954200745,-0.0033833589404821396,-0.1628560721874237,-0.10251979529857635,0.047861650586128235,0.17512477934360504,0.14966674149036407,-0.02317029982805252,0.05325993523001671,-0.051026783883571625,-0.105096735060215,0.19108232855796814,-0.037119850516319275,0.0,0.0,0.0,0.0,0.0,0.0,0.0,0.0,0.0,0.0,0.0,0.0,0.0,0.0,0.0,0.0,0.0,0.0,0.0,0.0,0.0,0.0,0.0,0.0,0.0,0.0,0.0,0.0,0.0,0.0,0.0,0.0,0.0,0.0,0.0,0.0,0.0,0.0,-1.0,0.0,0.0,0.0,0.0,0.0,0.0
883481887896,hexapod_20260802_214010,58,0.02,0.0,0.0,0.0,0.0,0.0,0.0,0,0,0,0,0,0.0,0.0,0.0,0.060011040419340134,-0.05357793718576431,-0.1134326383471489,-0.03578480705618858,-0.19651354849338531,-0.12829722464084625,-0.003383355215191841,-0.16285604238510132,-0.10251978784799576,0.04786165803670883,0.17512476444244385,0.14966672658920288,-0.02317030355334282,0.053259920328855515,-0.05102678760886192,-0.105096735060215,0.19108232855796814,-0.03711984306573868,0.0,0.0,0.0,0.0,0.0,0.0,0.0,0.0,0.0,0.0,0.0,0.0,0.0,0.0,0.0,0.0,0.0,0.0,0.0,0.0,0.0,0.0,0.0,0.0,0.0,0.0,0.0,0.0,0.0,0.0,0.0,0.0,0.0,0.0,0.0,0.0,0.0,0.0,-1.0,0.0,0.0,0.0,0.0,0.0,0.0
883502199846,hexapod_20260802_214010,59,0.02,0.0,0.0,0.0,0.0,0.0,0.0,0,0,0,0,0,0.0,0.0,0.0,0.06001104414463043,-0.05357794463634491,-0.1134326308965683,-0.035784799605607986,-0.1965135633945465,-0.12829723954200745,-0.0033833570778369904,-0.16285604238510132,-0.10251976549625397,0.047861650586128235,0.17512477934360504,0.14966674149036407,-0.02317030355334282,0.05325992405414581,-0.05102679133415222,-0.105096735060215,0.19108232855796814,-0.03711985424160957,0.0,0.0,0.0,0.0,0.0,0.0,0.0,0.0,0.0,0.0,0.0,0.0,0.0,0.0,0.0,0.0,0.0,0.0,0.0,0.0,0.0,0.0,0.0,0.0,0.0,0.0,0.0,0.0,0.0,0.0,0.0,0.0,0.0,0.0,0.0,0.0,0.0,0.0,-1.0,0.0,0.0,0.0,0.0,0.0,0.0
883522445890,hexapod_20260802_214010,60,0.02,0.0,0.0,0.0,0.0,0.0,0.0,0,0,0,0,0,0.0,0.0,0.0,0.060011036694049835,-0.05357794463634491,-0.1134326308965683,-0.03578481078147888,-0.19651354849338531,-0.12829723954200745,-0.0033833589404821396,-0.16285604238510132,-0.10251978039741516,0.04786165431141853,0.17512477934360504,0.14966672658920288,-0.02317029982805252,0.05325993523001671,-0.05102679878473282,-0.1050967425107956,0.19108232855796814,-0.03711985796689987,0.0,0.0,0.0,0.0,0.0,0.0,0.0,0.0,0.0,0.0,0.0,0.0,0.0,0.0,0.0,0.0,0.0,0.0,0.0,0.0,0.0,0.0,0.0,0.0,0.0,0.0,0.0,0.0,0.0,0.0,0.0,0.0,0.0,0.0,0.0,0.0,0.0,0.0,-1.0,0.0,0.0,0.0,0.0,0.0,0.0
883542798366,hexapod_20260802_214010,61,0.02,0.0,0.0,0.0,0.0,0.0,0.0,0,0,0,0,0,0.0,0.0,0.0,0.060011036694049835,-0.05357794463634491,-0.1134326308965683,-0.03578480705618858,-0.1965135633945465,-0.12829723954200745,-0.0033833589404821396,-0.1628560721874237,-0.10251977294683456,0.047861650586128235,0.17512477934360504,0.14966672658920288,-0.02317030355334282,0.05325993150472641,-0.05102679878473282,-0.10509674996137619,0.19108232855796814,-0.03711984306573868,0.0,0.0,0.0,0.0,0.0,0.0,0.0,0.0,0.0,0.0,0.0,0.0,0.0,0.0,0.0,0.0,0.0,0.0,0.0,0.0,0.0,0.0,0.0,0.0,0.0,0.0,0.0,0.0,0.0,0.0,0.0,0.0,0.0,0.0,0.0,0.0,0.0,0.0,-1.0,0.0,0.0,0.0,0.0,0.0,0.0
883562978288,hexapod_20260802_214010,62,0.02,0.0,0.0,0.0,0.0,0.0,0.0,0,0,0,0,0,0.0,0.0,0.0,0.060011036694049835,-0.05357794463634491,-0.1134326383471489,-0.035784799605607986,-0.19651354849338531,-0.12829722464084625,-0.003383355215191841,-0.1628560721874237,-0.10251978039741516,0.047861650586128235,0.17512477934360504,0.1496667116880417,-0.023170296102762222,0.05325993523001671,-0.05102679878473282,-0.10509674996137619,0.19108235836029053,-0.03711983934044838,0.0,0.0,0.0,0.0,0.0,0.0,0.0,0.0,0.0,0.0,0.0,0.0,0.0,0.0,0.0,0.0,0.0,0.0,0.0,0.0,0.0,0.0,0.0,0.0,0.0,0.0,0.0,0.0,0.0,0.0,0.0,0.0,0.0,0.0,0.0,0.0,0.0,0.0,-1.0,0.0,0.0,0.0,0.0,0.0,0.0
883583257763,hexapod_20260802_214010,63,0.02,0.0,0.0,0.0,0.0,0.0,0.0,0,0,0,0,0,0.0,0.0,0.0,0.060011036694049835,-0.05357793718576431,-0.1134326383471489,-0.03578480705618858,-0.19651354849338531,-0.12829725444316864,-0.0033833682537078857,-0.1628560721874237,-0.10251977294683456,0.04786164313554764,0.17512477934360504,0.14966674149036407,-0.023170296102762222,0.05325992777943611,-0.05102679505944252,-0.10509674996137619,0.19108232855796814,-0.03711985796689987,0.0,0.0,0.0,0.0,0.0,0.0,0.0,0.0,0.0,0.0,0.0,0.0,0.0,0.0,0.0,0.0,0.0,0.0,0.0,0.0,0.0,0.0,0.0,0.0,0.0,0.0,0.0,0.0,0.0,0.0,0.0,0.0,0.0,0.0,0.0,0.0,0.0,0.0,-1.0,0.0,0.0,0.0,0.0,0.0,0.0
883603788962,hexapod_20260802_214010,64,0.02,0.0,0.0,0.0,0.0,0.0,0.0,0,0,0,0,0,0.0,0.0,0.0,0.06001104414463043,-0.05357795208692551,-0.1134326383471489,-0.03578481078147888,-0.19651354849338531,-0.12829723954200745,-0.003383360803127289,-0.1628560721874237,-0.10251978039741516,0.04786165431141853,0.17512477934360504,0.14966674149036407,-0.02317029982805252,0.05325993523001671,-0.05102679878473282,-0.1050967425107956,0.19108232855796814,-0.037119850516319275,0.0,0.0,0.0,0.0,0.0,0.0,0.0,0.0,0.0,0.0,0.0,0.0,0.0,0.0,0.0,0.0,0.0,0.0,0.0,0.0,0.0,0.0,0.0,0.0,0.0,0.0,0.0,0.0,0.0,0.0,0.0,0.0,0.0,0.0,0.0,0.0,0.0,0.0,-1.0,0.0,0.0,0.0,0.0,0.0,0.0
883623874566,hexapod_20260802_214010,65,0.02,0.0,0.0,0.0,0.0,0.0,0.0,0,0,0,0,0,0.0,0.0,0.0,0.060011040419340134,-0.05357794463634491,-0.1134326308965683,-0.03578480705618858,-0.1965135633945465,-0.12829722464084625,-0.003383362665772438,-0.1628560721874237,-0.10251978039741516,0.047861646860837936,0.17512477934360504,0.1496667116880417,-0.023170296102762222,0.05325992405414581,-0.05102678760886192,-0.10509674996137619,0.19108235836029053,-0.03711984306573868,0.0,0.0,0.0,0.0,0.0,0.0,0.0,0.0,0.0,0.0,0.0,0.0,0.0,0.0,0.0,0.0,0.0,0.0,0.0,0.0,0.0,0.0,0.0,0.0,0.0,0.0,0.0,0.0,0.0,0.0,0.0,0.0,0.0,0.0,0.0,0.0,0.0,0.0,-1.0,0.0,0.0,0.0,0.0,0.0,0.0
883644098659,hexapod_20260802_214010,66,0.02,0.0,0.0,0.0,0.0,0.0,0.0,0,0,0,0,0,0.0,0.0,0.0,0.06001102179288864,-0.05357794463634491,-0.1134326308965683,-0.03578481450676918,-0.19651354849338531,-0.12829722464084625,-0.0033833589404821396,-0.1628560721874237,-0.10251978039741516,0.047861650586128235,0.17512477934360504,0.1496667116880417,-0.02317029982805252,0.05325993895530701,-0.051026780158281326,-0.1050967425107956,0.19108235836029053,-0.03711983561515808,0.0,0.0,0.0,0.0,0.0,0.0,0.0,0.0,0.0,0.0,0.0,0.0,0.0,0.0,0.0,0.0,0.0,0.0,0.0,0.0,0.0,0.0,0.0,0.0,0.0,0.0,0.0,0.0,0.0,0.0,0.0,0.0,0.0,0.0,0.0,0.0,0.0,0.0,-1.0,0.0,0.0,0.0,0.0,0.0,0.0
883664189190,hexapod_20260802_214010,67,0.02,0.0,0.0,0.0,0.0,0.0,0.0,0,0,0,0,0,0.0,0.0,0.0,0.06001104414463043,-0.05357793718576431,-0.1134326308965683,-0.03578480705618858,-0.1965135782957077,-0.12829722464084625,-0.003383353352546692,-0.16285604238510132,-0.10251978039741516,0.047861650586128235,0.17512477934360504,0.1496667116880417,-0.02317030355334282,0.053259916603565216,-0.051026783883571625,-0.10509674996137619,0.19108232855796814,-0.03711982071399689,0.0,0.0,0.0,0.0,0.0,0.0,0.0,0.0,0.0,0.0,0.0,0.0,0.0,0.0,0.0,0.0,0.0,0.0,0.0,0.0,0.0,0.0,0.0,0.0,0.0,0.0,0.0,0.0,0.0,0.0,0.0,0.0,0.0,0.0,0.0,0.0,0.0,0.0,-1.0,0.0,0.0,0.0,0.0,0.0,0.0
883684314125,hexapod_20260802_214010,68,0.02,0.0,0.0,0.0,0.0,0.0,0.0,0,0,0,0,0,0.0,0.0,0.0,0.060011040419340134,-0.05357793718576431,-0.1134326308965683,-0.03578481450676918,-0.1965135782957077,-0.12829722464084625,-0.0033833570778369904,-0.1628560721874237,-0.10251978039741516,0.047861650586128235,0.17512477934360504,0.1496667116880417,-0.023170296102762222,0.05325993895530701,-0.051026780158281326,-0.10509674996137619,0.19108232855796814,-0.037119828164577484,0.0,0.0,0.0,0.0,0.0,0.0,0.0,0.0,0.0,0.0,0.0,0.0,0.0,0.0,0.0,0.0,0.0,0.0,0.0,0.0,0.0,0.0,0.0,0.0,0.0,0.0,0.0,0.0,0.0,0.0,0.0,0.0,0.0,0.0,0.0,0.0,0.0,0.0,-1.0,0.0,0.0,0.0,0.0,0.0,0.0
883704404263,hexapod_20260802_214010,69,0.02,0.0,0.0,0.0,0.0,0.0,0.0,0,0,0,0,0,0.0,0.0,0.0,0.060011040419340134,-0.053577929735183716,-0.1134326308965683,-0.03578481450676918,-0.1965135782957077,-0.12829722464084625,-0.0033833589404821396,-0.16285604238510132,-0.10251978784799576,0.04786165803670883,0.17512477934360504,0.14966672658920288,-0.02317030355334282,0.05325992777943611,-0.05102677643299103,-0.1050967425107956,0.19108232855796814,-0.037119824439287186,0.0,0.0,0.0,0.0,0.0,0.0,0.0,0.0,0.0,0.0,0.0,0.0,0.0,0.0,0.0,0.0,0.0,0.0,0.0,0.0,0.0,0.0,0.0,0.0,0.0,0.0,0.0,0.0,0.0,0.0,0.0,0.0,0.0,0.0,0.0,0.0,0.0,0.0,-1.0,0.0,0.0,0.0,0.0,0.0,0.0
883724823454,hexapod_20260802_214010,70,0.02,0.0,0.0,0.0,0.0,0.0,0.0,0,0,0,0,0,0.0,0.0,0.0,0.060011040419340134,-0.05357793718576431,-0.1134326308965683,-0.03578481078147888,-0.1965135782957077,-0.12829722464084625,-0.0033833589404821396,-0.16285604238510132,-0.10251977294683456,0.04786165803670883,0.17512477934360504,0.14966672658920288,-0.02317029982805252,0.053259916603565216,-0.051026783883571625,-0.1050967425107956,0.19108232855796814,-0.03711983561515808,0.0,0.0,0.0,0.0,0.0,0.0,0.0,0.0,0.0,0.0,0.0,0.0,0.0,0.0,0.0,0.0,0.0,0.0,0.0,0.0,0.0,0.0,0.0,0.0,0.0,0.0,0.0,0.0,0.0,0.0,0.0,0.0,0.0,0.0,0.0,0.0,0.0,0.0,-1.0,0.0,0.0,0.0,0.0,0.0,0.0
883744934209,hexapod_20260802_214010,71,0.02,0.0,0.0,0.0,0.0,0.0,0.0,0,0,0,0,0,0.0,0.0,0.0,0.060011040419340134,-0.05357793718576431,-0.1134326383471489,-0.03578481078147888,-0.1965135633945465,-0.12829723954200745,-0.0033833589404821396,-0.1628560721874237,-0.10251978039741516,0.04786165803670883,0.17512477934360504,0.14966672658920288,-0.023170296102762222,0.053259916603565216,-0.051026780158281326,-0.105096735060215,0.19108232855796814,-0.037119850516319275,0.0,0.0,0.0,0.0,0.0,0.0,0.0,0.0,0.0,0.0,0.0,0.0,0.0,0.0,0.0,0.0,0.0,0.0,0.0,0.0,0.0,0.0,0.0,0.0,0.0,0.0,0.0,0.0,0.0,0.0,0.0,0.0,0.0,0.0,0.0,0.0,0.0,0.0,-1.0,0.0,0.0,0.0,0.0,0.0,0.0
883765045977,hexapod_20260802_214010,72,0.02,0.0,0.0,0.0,0.0,0.0,0.0,0,0,0,0,0,0.0,0.0,0.0,0.060011040419340134,-0.05357794463634491,-0.1134326383471489,-0.03578481823205948,-0.19651353359222412,-0.12829725444316864,-0.003383355215191841,-0.1628560721874237,-0.10251978784799576,0.04786165803670883,0.17512477934360504,0.14966672658920288,-0.02317029982805252,0.053259942680597305,-0.05102679505944252,-0.1050967425107956,0.19108232855796814,-0.03711985796689987,0.0,0.0,0.0,0.0,0.0,0.0,0.0,0.0,0.0,0.0,0.0,0.0,0.0,0.0,0.0,0.0,0.0,0.0,0.0,0.0,0.0,0.0,0.0,0.0,0.0,0.0,0.0,0.0,0.0,0.0,0.0,0.0,0.0,0.0,0.0,0.0,0.0,0.0,-1.0,0.0,0.0,0.0,0.0,0.0,0.0
883785352958,hexapod_20260802_214010,73,0.02,0.0,0.0,0.0,0.0,0.0,0.0,0,0,0,0,0,0.0,0.0,0.0,0.06001103296875954,-0.05357794463634491,-0.11343264579772949,-0.03578480705618858,-0.19651353359222412,-0.12829723954200745,-0.0033833589404821396,-0.1628560721874237,-0.10251978039741516,0.04786165431141853,0.17512477934360504,0.1496667116880417,-0.02317030355334282,0.05325993895530701,-0.05102679505944252,-0.105096735060215,0.19108232855796814,-0.037119850516319275,0.0,0.0,0.0,0.0,0.0,0.0,0.0,0.0,0.0,0.0,0.0,0.0,0.0,0.0,0.0,0.0,0.0,0.0,0.0,0.0,0.0,0.0,0.0,0.0,0.0,0.0,0.0,0.0,0.0,0.0,0.0,0.0,0.0,0.0,0.0,0.0,0.0,0.0,-1.0,0.0,0.0,0.0,0.0,0.0,0.0
883805850531,hexapod_20260802_214010,74,0.02,0.0,0.0,0.0,0.0,0.0,0.0,0,0,0,0,0,0.0,0.0,0.0,0.060011036694049835,-0.05357793718576431,-0.1134326308965683,-0.035784799605607986,-0.1965135633945465,-0.12829722464084625,-0.003383362665772438,-0.1628560721874237,-0.10251978039741516,0.04786165431141853,0.17512477934360504,0.14966672658920288,-0.023170296102762222,0.05325992777943611,-0.05102679878473282,-0.1050967425107956,0.19108232855796814,-0.03711986541748047,0.0,0.0,0.0,0.0,0.0,0.0,0.0,0.0,0.0,0.0,0.0,0.0,0.0,0.0,0.0,0.0,0.0,0.0,0.0,0.0,0.0,0.0,0.0,0.0,0.0,0.0,0.0,0.0,0.0,0.0,0.0,0.0,0.0,0.0,0.0,0.0,0.0,0.0,-1.0,0.0,0.0,0.0,0.0,0.0,0.0
883826040576,hexapod_20260802_214010,75,0.02,0.0,0.0,0.0,0.0,0.0,0.0,0,0,0,0,0,0.0,0.0,0.0,0.060011036694049835,-0.05357794463634491,-0.11343264579772949,-0.03578481450676918,-0.1965135782957077,-0.12829723954200745,-0.003383355215191841,-0.1628560721874237,-0.10251977294683456,0.04786165803670883,0.17512477934360504,0.14966672658920288,-0.02317029982805252,0.05325992405414581,-0.05102679878473282,-0.1050967425107956,0.19108232855796814,-0.03711985796689987,0.0,0.0,0.0,0.0,0.0,0.0,0.0,0.0,0.0,0.0,0.0,0.0,0.0,0.0,0.0,0.0,0.0,0.0,0.0,0.0,0.0,0.0,0.0,0.0,0.0,0.0,0.0,0.0,0.0,0.0,0.0,0.0,0.0,0.0,0.0,0.0,0.0,0.0,-1.0,0.0,0.0,0.0,0.0,0.0,0.0
883846181937,hexapod_20260802_214010,76,0.02,0.0,0.0,0.0,0.0,0.0,0.0,0,0,0,0,0,0.0,0.0,0.0,0.06001104414463043,-0.05357794463634491,-0.1134326308965683,-0.03578480705618858,-0.19651354849338531,-0.12829723954200745,-0.0033833514899015427,-0.16285604238510132,-0.10251978039741516,0.04786165431141853,0.17512477934360504,0.14966672658920288,-0.023170296102762222,0.05325993523001671,-0.05102679878473282,-0.105096735060215,0.19108232855796814,-0.03711985796689987,0.0,0.0,0.0,0.0,0.0,0.0,0.0,0.0,0.0,0.0,0.0,0.0,0.0,0.0,0.0,0.0,0.0,0.0,0.0,0.0,0.0,0.0,0.0,0.0,0.0,0.0,0.0,0.0,0.0,0.0,0.0,0.0,0.0,0.0,0.0,0.0,0.0,0.0,-1.0,0.0,0.0,0.0,0.0,0.0,0.0
883866241474,hexapod_20260802_214010,77,0.02,0.0,0.0,0.0,0.0,0.0,0.0,0,0,0,0,0,0.0,0.0,0.0,0.060011036694049835,-0.05357794463634491,-0.1134326308965683,-0.03578480705618858,-0.19651354849338531,-0.12829723954200745,-0.003383355215191841,-0.1628560721874237,-0.10251978039741516,0.04786165803670883,0.17512477934360504,0.14966672658920288,-0.02317030355334282,0.05325993150472641,-0.05102679505944252,-0.1050967425107956,0.19108232855796814,-0.037119850516319275,0.0,0.0,0.0,0.0,0.0,0.0,0.0,0.0,0.0,0.0,0.0,0.0,0.0,0.0,0.0,0.0,0.0,0.0,0.0,0.0,0.0,0.0,0.0,0.0,0.0,0.0,0.0,0.0,0.0,0.0,0.0,0.0,0.0,0.0,0.0,0.0,0.0,0.0,-1.0,0.0,0.0,0.0,0.0,0.0,0.0
883886502267,hexapod_20260802_214010,78,0.02,0.0,0.0,0.0,0.0,0.0,0.0,0,0,0,0,0,0.0,0.0,0.0,0.060011040419340134,-0.05357794463634491,-0.1134326383471489,-0.03578481078147888,-0.19651354849338531,-0.12829723954200745,-0.003383360803127289,-0.1628560721874237,-0.10251978039741516,0.04786164313554764,0.17512476444244385,0.14966672658920288,-0.02317029982805252,0.053259942680597305,-0.05102679133415222,-0.1050967425107956,0.19108232855796814,-0.03711984306573868,0.0,0.0,0.0,0.0,0.0,0.0,0.0,0.0,0.0,0.0,0.0,0.0,0.0,0.0,0.0,0.0,0.0,0.0,0.0,0.0,0.0,0.0,0.0,0.0,0.0,0.0,0.0,0.0,0.0,0.0,0.0,0.0,0.0,0.0,0.0,0.0,0.0,0.0,-1.0,0.0,0.0,0.0,0.0,0.0,0.0
883906849231,hexapod_20260802_214010,79,0.02,0.0,0.0,0.0,0.0,0.0,0.0,0,0,0,0,0,0.0,0.0,0.0,0.060011036694049835,-0.05357793718576431,-0.1134326308965683,-0.03578479588031769,-0.19651354849338531,-0.12829723954200745,-0.003383360803127289,-0.1628560721874237,-0.10251977294683456,0.04786164313554764,0.17512477934360504,0.14966675639152527,-0.02317029982805252,0.05325992777943611,-0.05102679133415222,-0.10509674996137619,0.19108232855796814,-0.037119846791028976,0.0,0.0,0.0,0.0,0.0,0.0,0.0,0.0,0.0,0.0,0.0,0.0,0.0,0.0,0.0,0.0,0.0,0.0,0.0,0.0,0.0,0.0,0.0,0.0,0.0,0.0,0.0,0.0,0.0,0.0,0.0,0.0,0.0,0.0,0.0,0.0,0.0,0.0,-1.0,0.0,0.0,0.0,0.0,0.0,0.0
883927062201,hexapod_20260802_214010,80,0.02,0.0,0.0,0.0,0.0,0.0,0.0,0,0,0,0,0,0.0,0.0,0.0,0.06001102924346924,-0.05357794463634491,-0.11343264579772949,-0.035784803330898285,-0.19651354849338531,-0.12829723954200745,-0.003383362665772438,-0.1628560721874237,-0.10251978039741516,0.047861650586128235,0.17512476444244385,0.14966672658920288,-0.023170292377471924,0.053259942680597305,-0.05102679878473282,-0.1050967425107956,0.19108232855796814,-0.03711985796689987,0.0,0.0,0.0,0.0,0.0,0.0,0.0,0.0,0.0,0.0,0.0,0.0,0.0,0.0,0.0,0.0,0.0,0.0,0.0,0.0,0.0,0.0,0.0,0.0,0.0,0.0,0.0,0.0,0.0,0.0,0.0,0.0,0.0,0.0,0.0,0.0,0.0,0.0,-1.0,0.0,0.0,0.0,0.0,0.0,0.0
883947277559,hexapod_20260802_214010,81,0.02,0.0,0.0,0.0,0.0,0.0,0.0,0,0,0,0,0,0.0,0.0,0.0,0.06001103296875954,-0.05357795208692551,-0.1134326383471489,-0.03578480705618858,-0.19651354849338531,-0.12829723954200745,-0.003383355215191841,-0.1628560721874237,-0.10251978039741516,0.047861650586128235,0.17512477934360504,0.14966674149036407,-0.023170296102762222,0.05325992405414581,-0.051026780158281326,-0.10509674996137619,0.19108232855796814,-0.037119850516319275,0.0,0.0,0.0,0.0,0.0,0.0,0.0,0.0,0.0,0.0,0.0,0.0,0.0,0.0,0.0,0.0,0.0,0.0,0.0,0.0,0.0,0.0,0.0,0.0,0.0,0.0,0.0,0.0,0.0,0.0,0.0,0.0,0.0,0.0,0.0,0.0,0.0,0.0,-1.0,0.0,0.0,0.0,0.0,0.0,0.0
883967824879,hexapod_20260802_214010,82,0.02,0.0,0.0,0.0,0.0,0.0,0.0,0,0,0,0,0,0.0,0.0,0.0,0.06001102924346924,-0.05357794463634491,-0.1134326234459877,-0.035784803330898285,-0.19651353359222412,-0.12829722464084625,-0.0033833570778369904,-0.16285604238510132,-0.10251977294683456,0.047861646860837936,0.17512477934360504,0.1496667116880417,-0.023170296102762222,0.05325993895530701,-0.05102679133415222,-0.10509674996137619,0.19108232855796814,-0.03711984306573868,0.0,0.0,0.0,0.0,0.0,0.0,0.0,0.0,0.0,0.0,0.0,0.0,0.0,0.0,0.0,0.0,0.0,0.0,0.0,0.0,0.0,0.0,0.0,0.0,0.0,0.0,0.0,0.0,0.0,0.0,0.0,0.0,0.0,0.0,0.0,0.0,0.0,0.0,-1.0,0.0,0.0,0.0,0.0,0.0,0.0
883988253743,hexapod_20260802_214010,83,0.02,0.0,0.0,0.0,0.0,0.0,0.0,0,0,0,0,0,0.0,0.0,0.0,0.060011036694049835,-0.05357794463634491,-0.1134326383471489,-0.03578480705618858,-0.19651354849338531,-0.12829722464084625,-0.0033833589404821396,-0.1628560721874237,-0.10251977294683456,0.047861650586128235,0.17512477934360504,0.1496667116880417,-0.023170307278633118,0.05325992777943611,-0.05102679133415222,-0.1050967425107956,0.19108232855796814,-0.03711983188986778,0.0,0.0,0.0,0.0,0.0,0.0,0.0,0.0,0.0,0.0,0.0,0.0,0.0,0.0,0.0,0.0,0.0,0.0,0.0,0.0,0.0,0.0,0.0,0.0,0.0,0.0,0.0,0.0,0.0,0.0,0.0,0.0,0.0,0.0,0.0,0.0,0.0,0.0,-1.0,0.0,0.0,0.0,0.0,0.0,0.0
884008314514,hexapod_20260802_214010,84,0.02,0.0,0.0,0.0,0.0,0.0,0.0,0,0,0,0,0,0.0,0.0,0.0,0.060011040419340134,-0.05357793718576431,-0.1134326383471489,-0.03578480705618858,-0.1965135633945465,-0.12829722464084625,-0.003383362665772438,-0.1628560721874237,-0.10251978039741516,0.04786165431141853,0.17512477934360504,0.1496667116880417,-0.023170296102762222,0.05325992405414581,-0.051026780158281326,-0.10509674996137619,0.19108235836029053,-0.037119828164577484,0.0,0.0,0.0,0.0,0.0,0.0,0.0,0.0,0.0,0.0,0.0,0.0,0.0,0.0,0.0,0.0,0.0,0.0,0.0,0.0,0.0,0.0,0.0,0.0,0.0,0.0,0.0,0.0,0.0,0.0,0.0,0.0,0.0,0.0,0.0,0.0,0.0,0.0,-1.0,0.0,0.0,0.0,0.0,0.0,0.0
884028448084,hexapod_20260802_214010,85,0.02,0.0,0.0,0.0,0.0,0.0,0.0,0,0,0,0,0,0.0,0.0,0.0,0.06001104414463043,-0.05357794463634491,-0.1134326383471489,-0.03578480705618858,-0.1965135782957077,-0.12829722464084625,-0.0033833589404821396,-0.1628560721874237,-0.10251978784799576,0.047861646860837936,0.17512477934360504,0.1496667116880417,-0.023170296102762222,0.05325993150472641,-0.051026783883571625,-0.10509674996137619,0.19108235836029053,-0.03711983561515808,0.0,0.0,0.0,0.0,0.0,0.0,0.0,0.0,0.0,0.0,0.0,0.0,0.0,0.0,0.0,0.0,0.0,0.0,0.0,0.0,0.0,0.0,0.0,0.0,0.0,0.0,0.0,0.0,0.0,0.0,0.0,0.0,0.0,0.0,0.0,0.0,0.0,0.0,-1.0,0.0,0.0,0.0,0.0,0.0,0.0
884048571477,hexapod_20260802_214010,86,0.02,0.0,0.0,0.0,0.0,0.0,0.0,0,0,0,0,0,0.0,0.0,0.0,0.06001104414463043,-0.05357793718576431,-0.1134326234459877,-0.03578482195734978,-0.1965135782957077,-0.12829722464084625,-0.003383355215191841,-0.16285604238510132,-0.10251978784799576,0.047861650586128235,0.17512479424476624,0.1496667116880417,-0.023170296102762222,0.05325992405414581,-0.051026783883571625,-0.105096735060215,0.19108235836029053,-0.03711983188986778,0.0,0.0,0.0,0.0,0.0,0.0,0.0,0.0,0.0,0.0,0.0,0.0,0.0,0.0,0.0,0.0,0.0,0.0,0.0,0.0,0.0,0.0,0.0,0.0,0.0,0.0,0.0,0.0,0.0,0.0,0.0,0.0,0.0,0.0,0.0,0.0,0.0,0.0,-1.0,0.0,0.0,0.0,0.0,0.0,0.0
884068745911,hexapod_20260802_214010,87,0.02,0.0,0.0,0.0,0.0,0.0,0.0,0,0,0,0,0,0.0,0.0,0.0,0.060011040419340134,-0.05357793718576431,-0.1134326234459877,-0.03578481823205948,-0.1965135633945465,-0.12829722464084625,-0.003383355215191841,-0.16285604238510132,-0.10251978784799576,0.04786165431141853,0.17512479424476624,0.1496667116880417,-0.023170296102762222,0.053259920328855515,-0.05102677270770073,-0.1050967425107956,0.19108235836029053,-0.03711983561515808,0.0,0.0,0.0,0.0,0.0,0.0,0.0,0.0,0.0,0.0,0.0,0.0,0.0,0.0,0.0,0.0,0.0,0.0,0.0,0.0,0.0,0.0,0.0,0.0,0.0,0.0,0.0,0.0,0.0,0.0,0.0,0.0,0.0,0.0,0.0,0.0,0.0,0.0,-1.0,0.0,0.0,0.0,0.0,0.0,0.0
884088881085,hexapod_20260802_214010,88,0.02,0.0,0.0,0.0,0.0,0.0,0.0,0,0,0,0,0,0.0,0.0,0.0,0.060011040419340134,-0.05357793718576431,-0.1134326308965683,-0.03578481450676918,-0.19651354849338531,-0.12829725444316864,-0.0033833514899015427,-0.1628560721874237,-0.10251979529857635,0.04786165803670883,0.17512477934360504,0.14966672658920288,-0.02317030355334282,0.053259920328855515,-0.05102677643299103,-0.1050967425107956,0.19108232855796814,-0.03711984306573868,0.0,0.0,0.0,0.0,0.0,0.0,0.0,0.0,0.0,0.0,0.0,0.0,0.0,0.0,0.0,0.0,0.0,0.0,0.0,0.0,0.0,0.0,0.0,0.0,0.0,0.0,0.0,0.0,0.0,0.0,0.0,0.0,0.0,0.0,0.0,0.0,0.0,0.0,-1.0,0.0,0.0,0.0,0.0,0.0,0.0
884109538408,hexapod_20260802_214010,89,0.02,0.0,0.0,0.0,0.0,0.0,0.0,0,0,0,0,0,0.0,0.0,0.0,0.060011036694049835,-0.05357793718576431,-0.11343264579772949,-0.03578480705618858,-0.19651354849338531,-0.12829725444316864,-0.003383353352546692,-0.1628560721874237,-0.10251978039741516,0.04786165803670883,0.17512477934360504,0.14966674149036407,-0.02317029982805252,0.05325993150472641,-0.051026783883571625,-0.10509674996137619,0.19108232855796814,-0.03711985424160957,0.0,0.0,0.0,0.0,0.0,0.0,0.0,0.0,0.0,0.0,0.0,0.0,0.0,0.0,0.0,0.0,0.0,0.0,0.0,0.0,0.0,0.0,0.0,0.0,0.0,0.0,0.0,0.0,0.0,0.0,0.0,0.0,0.0,0.0,0.0,0.0,0.0,0.0,-1.0,0.0,0.0,0.0,0.0,0.0,0.0
884129850891,hexapod_20260802_214010,90,0.02,0.0,0.0,0.0,0.0,0.0,0.0,0,0,0,0,0,0.0,0.0,0.0,0.060011040419340134,-0.05357794463634491,-0.11343264579772949,-0.03578481450676918,-0.19651353359222412,-0.12829725444316864,-0.0033833589404821396,-0.1628560721874237,-0.10251978039741516,0.04786165431141853,0.17512477934360504,0.14966672658920288,-0.023170296102762222,0.05325993523001671,-0.05102679878473282,-0.10509675741195679,0.19108232855796814,-0.03711985796689987,0.0,0.0,0.0,0.0,0.0,0.0,0.0,0.0,0.0,0.0,0.0,0.0,0.0,0.0,0.0,0.0,0.0,0.0,0.0,0.0,0.0,0.0,0.0,0.0,0.0,0.0,0.0,0.0,0.0,0.0,0.0,0.0,0.0,0.0,0.0,0.0,0.0,0.0,-1.0,0.0,0.0,0.0,0.0,0.0,0.0
884150003801,hexapod_20260802_214010,91,0.02,0.0,0.0,0.0,0.0,0.0,0.0,0,0,0,0,0,0.0,0.0,0.0,0.060011040419340134,-0.05357794463634491,-0.11343264579772949,-0.03578481450676918,-0.19651354849338531,-0.12829723954200745,-0.0033833589404821396,-0.1628560721874237,-0.10251978039741516,0.047861646860837936,0.17512477934360504,0.14966674149036407,-0.023170292377471924,0.05325993523001671,-0.05102679878473282,-0.10509674996137619,0.19108232855796814,-0.03711985424160957,0.0,0.0,0.0,0.0,0.0,0.0,0.0,0.0,0.0,0.0,0.0,0.0,0.0,0.0,0.0,0.0,0.0,0.0,0.0,0.0,0.0,0.0,0.0,0.0,0.0,0.0,0.0,0.0,0.0,0.0,0.0,0.0,0.0,0.0,0.0,0.0,0.0,0.0,-1.0,0.0,0.0,0.0,0.0,0.0,0.0
884170321728,hexapod_20260802_214010,92,0.02,0.0,0.0,0.0,1.5,0.0,0.0,0,0,0,0,0,0.012353516183793545,0.0,0.0,0.06136038154363632,-0.051121003925800323,-0.11394970118999481,-0.03506549075245857,-0.19902224838733673,-0.1271643042564392,-0.0004104524850845337,-0.16253477334976196,-0.10537944734096527,0.04680946096777916,0.17558692395687103,0.1476953774690628,-0.022650986909866333,0.05207275599241257,-0.0505346842110157,-0.10606170445680618,0.19361767172813416,-0.03636174649000168,0.0,0.0,0.0,0.0,0.0,0.0,0.0,0.0,0.0,0.0,0.0,0.0,0.0,0.0,0.0,0.0,0.0,0.0,0.0,0.0,0.0,0.0,0.0,0.0,0.0,0.0,0.0,0.0,0.0,0.0,0.0,0.0,0.0,0.0,0.0,0.0,0.0,0.0,-1.0,0.0,0.0,0.0,0.0,0.0,0.0
884190525168,hexapod_20260802_214010,93,0.02,0.0,0.0,1.5,1.5,0.0,0.0,0,0,0,0,0,0.0177001953125,0.0,0.0,0.06237044557929039,-0.048790909349918365,-0.11389801651239395,-0.034690070897340775,-0.2021181583404541,-0.12624625861644745,0.001376243308186531,-0.16105234622955322,-0.10735160112380981,0.04661491513252258,0.1764473170042038,0.14644969999790192,-0.02227141335606575,0.050181422382593155,-0.048732273280620575,-0.1067846342921257,0.1958022117614746,-0.03610284626483917,0.0,0.0,0.0,0.0,0.0,0.0,0.0,0.0,0.0,0.0,0.0,0.0,0.0,0.0,0.0,0.0,0.0,0.0,0.0,0.0,0.0,0.0,0.0,0.0,0.0,0.0,0.0,0.0,0.0,0.0,0.0,0.0,0.0,0.0,0.0,0.0,0.0,0.0,-1.0,0.0,0.0,0.0,0.0,0.0,0.0
884210978574,hexapod_20260802_214010,94,0.02,0.0,0.0,1.5,1.5,0.0,0.0,0,0,0,0,0,0.021484375,0.0,0.0,0.06305772811174393,-0.04670214653015137,-0.11371076107025146,-0.03443971648812294,-0.20506155490875244,-0.1252022087574005,0.0026404596865177155,-0.15926852822303772,-0.10879479348659515,0.04678794741630554,0.1773751825094223,0.14560285210609436,-0.02202969789505005,0.04834086075425148,-0.04680798202753067,-0.1072734072804451,0.19774505496025085,-0.0360734760761261,0.0,0.0,0.0,0.0,0.0,0.0,0.0,0.0,0.0,0.0,0.0,0.0,0.0,0.0,0.0,0.0,0.0,0.0,0.0,0.0,0.0,0.0,0.0,0.0,0.0,0.0,0.0,0.0,0.0,0.0,0.0,0.0,0.0,0.0,0.0,0.0,0.0,0.0,-1.0,0.0,0.0,0.0,0.0,0.0,0.0
884231230196,hexapod_20260802_214010,95,0.02,0.0,0.0,1.5,1.5,0.0,0.0,0,0,0,0,0,0.02739257924258709,0.0,0.0,0.06376364827156067,-0.04418262094259262,-0.11353722214698792,-0.033954549580812454,-0.20865479111671448,-0.12357652932405472,0.004325102083384991,-0.15718194842338562,-0.11055257171392441,0.04682247340679169,0.1785537153482437,0.14424963295459747,-0.021705765277147293,0.04624386131763458,-0.0446527823805809,-0.10786811262369156,0.20030418038368225,-0.03575354069471359,0.0,0.0,0.0,0.0,0.0,0.0,0.0,0.0,0.0,0.0,0.0,0.0,0.0,0.0,0.0,0.0,0.0,0.0,0.0,0.0,0.0,0.0,0.0,0.0,0.0,0.0,0.0,0.0,0.0,0.0,0.0,0.0,0.0,0.0,0.0,0.0,0.0,0.0,-1.0,0.0,0.0,0.0,0.0,0.0,0.0
884251783281,hexapod_20260802_214010,96,0.02,0.0,0.0,1.5,1.5,0.0,0.0,0,0,0,0,0,0.02978515625,0.0,0.0,0.06413167715072632,-0.04214590787887573,-0.1132671982049942,-0.03367030993103981,-0.21196049451828003,-0.1223248764872551,0.005177127197384834,-0.15486490726470947,-0.11156203597784042,0.04724093899130821,0.17961251735687256,0.14361226558685303,-0.02156168594956398,0.04421958327293396,-0.042419660836458206,-0.10823444277048111,0.20226293802261353,-0.03572458028793335,0.0,0.0,0.0,0.0,0.0,0.0,0.0,0.0,0.0,0.0,0.0,0.0,0.0,0.0,0.0,0.0,0.0,0.0,0.0,0.0,0.0,0.0,0.0,0.0,0.0,0.0,0.0,0.0,0.0,0.0,0.0,0.0,0.0,0.0,0.0,0.0,0.0,0.0,-1.0,0.0,0.0,0.0,0.0,0.0,0.0
884272232577,hexapod_20260802_214010,97,0.02,0.0,0.0,1.5,1.5,0.0,0.0,0,0,0,0,0,0.02978515625,0.0,0.0,0.06422101706266403,-0.04090336710214615,-0.11300191283226013,-0.03364141657948494,-0.21412767469882965,-0.12154553085565567,0.005342045798897743,-0.15303274989128113,-0.11187414824962616,0.04786350950598717,0.18033842742443085,0.1436578631401062,-0.02159932628273964,0.042793214321136475,-0.04078714922070503,-0.10832352191209793,0.20335286855697632,-0.036010440438985825,0.0,0.0,0.0,0.0,0.0,0.0,0.0,0.0,0.0,0.0,0.0,0.0,0.0,0.0,0.0,0.0,0.0,0.0,0.0,0.0,0.0,0.0,0.0,0.0,0.0,0.0,0.0,0.0,0.0,0.0,0.0,0.0,0.0,0.0,0.0,0.0,0.0,0.0,-1.0,0.0,0.0,0.0,0.0,0.0,0.0
884292379034,hexapod_20260802_214010,98,0.02,0.0,0.0,1.5,1.5,0.0,0.0,0,0,0,0,0,0.03535156324505806,-0.0063018798828125,0.0,0.06350141763687134,-0.0390155166387558,-0.11228769272565842,-0.03215697035193443,-0.21767492592334747,-0.11935270577669144,0.0064755091443657875,-0.14964598417282104,-0.11022588610649109,0.04671164229512215,0.18288804590702057,0.13987034559249878,-0.021280474960803986,0.04033071920275688,-0.03969927877187729,-0.10863811522722244,0.2066117823123932,-0.03428448736667633,0.0,0.0,0.0,0.0,0.0,0.0,0.0,0.0,0.0,0.0,0.0,0.0,0.0,0.0,0.0,0.0,0.0,0.0,0.0,0.0,0.0,0.0,0.0,0.0,0.0,0.0,0.0,0.0,0.0,0.0,0.0,0.0,0.0,0.0,0.0,0.0,0.0,0.0,-1.0,0.0,0.0,0.0,0.0,0.0,0.0
884312639736,hexapod_20260802_214010,99,0.02,0.0,0.0,1.5,1.5,0.0,0.0,0,0,0,0,0,0.0491943359375,-0.0074462890625,0.0,0.06346441060304642,-0.03423626720905304,-0.11207270622253418,-0.029934436082839966,-0.22657203674316406,-0.11471264809370041,0.00965973362326622,-0.14385700225830078,-0.11189362406730652,0.04579561576247215,0.18601013720035553,0.13504764437675476,-0.02033228427171707,0.035840075463056564,-0.03532536327838898,-0.10994641482830048,0.21258968114852905,-0.031193643808364868,0.0,0.0,0.0,0.0,0.0,0.0,0.0,0.0,0.0,0.0,0.0,0.0,0.0,0.0,0.0,0.0,0.0,0.0,0.0,0.0,0.0,0.0,0.0,0.0,0.0,0.0,0.0,0.0,0.0,0.0,0.0,0.0,0.0,0.0,0.0,0.0,0.0,0.0,-1.0,0.0,0.0,0.0,0.0,0.0,0.0
884332701679,hexapod_20260802_214010,100,0.02,0.0,0.0,1.5,1.5,0.0,0.0,0,0,0,0,0,0.07221680134534836,-0.008758544921875,0.0,0.06315699964761734,-0.02446075715124607,-0.1115543395280838,-0.025192562490701675,-0.24495358765125275,-0.10576457530260086,0.015285832807421684,-0.1327189803123474,-0.11690910905599594,0.04515673220157623,0.19151218235492706,0.12749239802360535,-0.018000327050685883,0.027091100811958313,-0.02510393038392067,-0.11274289339780807,0.22458606958389282,-0.025959070771932602,0.0,0.0,0.0,0.0,0.0,0.0,0.0,0.0,0.0,0.0,0.0,0.0,0.0,0.0,0.0,0.0,0.0,0.0,0.0,0.0,0.0,0.0,0.0,0.0,0.0,0.0,0.0,0.0,0.0,0.0,0.0,0.0,0.0,0.0,0.0,0.0,0.0,0.0,-1.0,0.0,0.0,0.0,0.0,0.0,0.0
884352765122,hexapod_20260802_214010,101,0.02,0.0,0.0,1.5,1.5,0.0,0.0,0,0,0,0,0,0.10112304985523224,-0.009979248046875,0.0,0.06113409623503685,-0.008132370188832283,-0.11063951253890991,-0.016582157462835312,-0.27763184905052185,-0.0912785604596138,0.022384004667401314,-0.11244054138660431,-0.12422900646924973,0.04560260847210884,0.20043401420116425,0.11688904464244843,-0.014277711510658264,0.012332085520029068,-0.005586665123701096,-0.11748846620321274,0.24462321400642395,-0.01768648251891136,0.0,0.0,0.0,0.0,0.0,0.0,0.0,0.0,0.0,0.0,0.0,0.0,0.0,0.0,0.0,0.0,0.0,0.0,0.0,0.0,0.0,0.0,0.0,0.0,0.0,0.0,0.0,0.0,0.0,0.0,0.0,0.0,0.0,0.0,0.0,0.0,0.0,0.0,-1.0,0.0,0.0,0.0,0.0,0.0,0.0
884372877563,hexapod_20260802_214010,102,0.02,0.0,0.0,1.5,1.5,0.0,0.0,0,0,0,0,0,0.11076660454273224,-0.010345458984375,0.0,0.0579664520919323,0.008891968056559563,-0.10957895219326019,-0.008948980830609798,-0.31638169288635254,-0.07840537279844284,0.02434457279741764,-0.08682956546545029,-0.12902121245861053,0.048967618495225906,0.2105855494737625,0.11113008856773376,-0.012773014605045319,-0.005001343786716461,0.018675372004508972,-0.12253304570913315,0.2650923728942871,-0.011082244105637074,0.0,0.0,0.0,0.0,0.0,0.0,0.0,0.0,0.0,0.0,0.0,0.0,0.0,0.0,0.0,0.0,0.0,0.0,0.0,0.0,0.0,0.0,0.0,0.0,0.0,0.0,0.0,0.0,0.0,0.0,0.0,0.0,0.0,0.0,0.0,0.0,0.0,0.0,-1.0,0.0,0.0,0.0,0.0,0.0,0.0
884393054062,hexapod_20260802_214010,103,0.02,0.0,0.0,1.5,1.5,0.0,0.0,0,0,0,0,0,0.11638183891773224,-0.010498046875,0.0,0.05460910126566887,0.026536403223872185,-0.10921088606119156,-0.0023416727781295776,-0.3572385311126709,-0.06571803241968155,0.02467777393758297,-0.06037682294845581,-0.13356655836105347,0.05345563590526581,0.22176150977611542,0.10730959475040436,-0.012056317180395126,-0.02230173721909523,0.043860092759132385,-0.1277071088552475,0.2860797345638275,-0.0055594490841031075,0.0,0.0,0.0,0.0,0.0,0.0,0.0,0.0,0.0,0.0,0.0,0.0,0.0,0.0,0.0,0.0,0.0,0.0,0.0,0.0,0.0,0.0,0.0,0.0,0.0,0.0,0.0,0.0,0.0,0.0,0.0,0.0,0.0,0.0,0.0,0.0,0.0,0.0,-1.0,0.0,0.0,0.0,0.0,0.0,0.0
884413178195,hexapod_20260802_214010,104,0.02,0.0,0.0,1.5,1.5,0.0,0.0,0,0,0,0,0,0.11638183891773224,-0.010498046875,0.0,0.050900354981422424,0.04069754481315613,-0.1088561937212944,0.0027901185676455498,-0.39266955852508545,-0.054601430892944336,0.022946981713175774,-0.03669995814561844,-0.13686902821063995,0.05778297781944275,0.23158378899097443,0.1061844527721405,-0.012027014046907425,-0.036083951592445374,0.06519149243831635,-0.1322433352470398,0.30167311429977417,-0.002645348198711872,0.0,0.0,0.0,0.0,0.0,0.0,0.0,0.0,0.0,0.0,0.0,0.0,0.0,0.0,0.0,0.0,0.0,0.0,0.0,0.0,0.0,0.0,0.0,0.0,0.0,0.0,0.0,0.0,0.0,0.0,0.0,0.0,0.0,0.0,0.0,0.0,0.0,0.0,-1.0,0.0,0.0,0.0,0.0,0.0,0.0
884433342267,hexapod_20260802_214010,105,0.02,0.0,0.0,1.5,1.5,0.0,0.0,0,0,0,0,0,0.12038574367761612,-0.0106201171875,0.0,0.0460403747856617,0.05062106251716614,-0.10753514617681503,0.008613739162683487,-0.41966331005096436,-0.04405846446752548,0.021718941628932953,-0.01821812242269516,-0.13980543613433838,0.06007886677980423,0.2393401563167572,0.10467904806137085,-0.011919185519218445,-0.04415667802095413,0.0813864916563034,-0.13671140372753143,0.31312012672424316,-0.0004506343975663185,0.0,0.0,0.0,0.0,0.0,0.0,0.0,0.0,0.0,0.0,0.0,0.0,0.0,0.0,0.0,0.0,0.0,0.0,0.0,0.0,0.0,0.0,0.0,0.0,0.0,0.0,0.0,0.0,0.0,0.0,0.0,0.0,0.0,0.0,0.0,0.0,0.0,0.0,-1.0,0.0,0.0,0.0,0.0,0.0,0.0
884453700565,hexapod_20260802_214010,106,0.02,0.0,0.0,1.5,1.5,0.0,0.0,0,0,0,0,0,0.12038574367761612,-0.01068115234375,0.0,0.04165550321340561,0.05682005733251572,-0.10625976324081421,0.01302760373800993,-0.438774049282074,-0.03634259104728699,0.01976250670850277,-0.0046092793345451355,-0.14091143012046814,0.061374977231025696,0.24525998532772064,0.10416893661022186,-0.012015849351882935,-0.049220360815525055,0.09263578057289124,-0.14023259282112122,0.31998610496520996,0.0005944510921835899,0.0,0.0,0.0,0.0,0.0,0.0,0.0,0.0,0.0,0.0,0.0,0.0,0.0,0.0,0.0,0.0,0.0,0.0,0.0,0.0,0.0,0.0,0.0,0.0,0.0,0.0,0.0,0.0,0.0,0.0,0.0,0.0,0.0,0.0,0.0,0.0,0.0,0.0,-1.0,0.0,0.0,0.0,0.0,0.0,0.0
884474212369,hexapod_20260802_214010,107,0.02,0.0,0.0,1.5,1.5,0.0,0.0,0,0,0,0,0,0.12922362983226776,-0.01092529296875,0.0,0.03667064011096954,0.06294118613004684,-0.1052185446023941,0.01959703490138054,-0.4568805694580078,-0.028173407539725304,0.019614994525909424,0.007026065140962601,-0.14301496744155884,0.05994763970375061,0.2504831850528717,0.10138079524040222,-0.011494379490613937,-0.052930571138858795,0.10296355187892914,-0.14550909399986267,0.3293350040912628,0.0035327812656760216,0.0,0.0,0.0,0.0,0.0,0.0,0.0,0.0,0.0,0.0,0.0,0.0,0.0,0.0,0.0,0.0,0.0,0.0,0.0,0.0,0.0,0.0,0.0,0.0,0.0,0.0,0.0,0.0,0.0,0.0,0.0,0.0,0.0,0.0,0.0,0.0,0.0,0.0,-1.0,0.0,0.0,0.0,0.0,0.0,0.0
884494278653,hexapod_20260802_214010,108,0.02,0.0,0.0,1.5,1.5,0.0,0.0,0,0,0,0,0,0.15488281846046448,-0.0115509033203125,0.0,0.027911433950066566,0.07388149201869965,-0.1047992929816246,0.035202592611312866,-0.4869142770767212,-0.016197985038161278,0.02170713059604168,0.02332768216729164,-0.1480035036802292,0.05210202559828758,0.25756993889808655,0.09389671683311462,-0.009375754743814468,-0.05864321440458298,0.11891894042491913,-0.15854942798614502,0.3498927354812622,0.012247241102159023,0.0,0.0,0.0,0.0,0.0,0.0,0.0,0.0,0.0,0.0,0.0,0.0,0.0,0.0,0.0,0.0,0.0,0.0,0.0,0.0,0.0,0.0,0.0,0.0,0.0,0.0,0.0,0.0,0.0,0.0,0.0,0.0,0.0,0.0,0.0,0.0,0.0,0.0,-1.0,0.0,0.0,0.0,0.0,0.0,0.0
884514620163,hexapod_20260802_214010,109,0.02,0.0,0.0,1.5,1.5,0.0,0.0,0,0,0,0,0,0.1876220703125,-0.00982666015625,0.0,0.013885486871004105,0.09073416888713837,-0.1074291318655014,0.06163923069834709,-0.5338839292526245,0.00065571628510952,0.023429738357663155,0.047971270978450775,-0.1540951281785965,0.03721298649907112,0.2673735022544861,0.08607897162437439,-0.006061020772904158,-0.06819535046815872,0.14174851775169373,-0.18355697393417358,0.3816280961036682,0.024874605238437653,0.0,0.0,0.0,0.0,0.0,0.0,0.0,0.0,0.0,0.0,0.0,0.0,0.0,0.0,0.0,0.0,0.0,0.0,0.0,0.0,0.0,0.0,0.0,0.0,0.0,0.0,0.0,0.0,0.0,0.0,0.0,0.0,0.0,0.0,0.0,0.0,0.0,0.0,-1.0,0.0,0.0,0.0,0.0,0.0,0.0
884534808692,hexapod_20260802_214010,110,0.02,0.0,0.0,1.5,1.5,0.0,0.0,0,0,0,0,0,0.2293701171875,-0.00653076171875,0.0,-0.007164742331951857,0.11212880909442902,-0.11678008735179901,0.10269612818956375,-0.5924572348594666,0.02460896596312523,0.02458576299250126,0.0777149572968483,-0.15739117562770844,0.012560229748487473,0.27896860241889954,0.08071137219667435,-0.002407487016171217,-0.07879122346639633,0.167360320687294,-0.22358769178390503,0.427555650472641,0.03938131034374237,0.0,0.0,0.0,0.0,0.0,0.0,0.0,0.0,0.0,0.0,0.0,0.0,0.0,0.0,0.0,0.0,0.0,0.0,0.0,0.0,0.0,0.0,0.0,0.0,0.0,0.0,0.0,0.0,0.0,0.0,0.0,0.0,0.0,0.0,0.0,0.0,0.0,0.0,-1.0,0.0,0.0,0.0,0.0,0.0,0.0
884555058421,hexapod_20260802_214010,111,0.02,0.0,0.0,1.5,1.5,0.0,0.0,0,0,0,0,0,0.27592775225639343,0.0,0.0,-0.030216842889785767,0.13084293901920319,-0.13962070643901825,0.16013707220554352,-0.6449262499809265,0.05403507500886917,0.023006588220596313,0.09933873265981674,-0.15166504681110382,-0.02107967995107174,0.2876904308795929,0.08269834518432617,0.0006712642498314381,-0.08698021620512009,0.1816529929637909,-0.27767089009284973,0.48511525988578796,0.04655814170837402,0.0,0.0,0.0,0.0,0.0,0.0,0.0,0.0,0.0,0.0,0.0,0.0,0.0,0.0,0.0,0.0,0.0,0.0,0.0,0.0,0.0,0.0,0.0,0.0,0.0,0.0,0.0,0.0,0.0,0.0,0.0,0.0,0.0,0.0,0.0,0.0,0.0,0.0,-1.0,0.0,0.0,0.0,0.0,0.0,0.0
884575122633,hexapod_20260802_214010,112,0.02,0.0,0.0,1.5,1.5,0.0,0.0,0,0,0,0,0,0.32744142413139343,0.0,0.0,-0.05263390764594078,0.1456592082977295,-0.1659611612558365,0.22181379795074463,-0.68500155210495,0.08101459592580795,0.021568670868873596,0.11259443312883377,-0.134505957365036,-0.06064492464065552,0.2936271131038666,0.0889553353190422,0.003952283877879381,-0.09369862824678421,0.18696989119052887,-0.340201735496521,0.5448965430259705,0.052028294652700424,0.0,0.0,0.0,0.0,0.0,0.0,0.0,0.0,0.0,0.0,0.0,0.0,0.0,0.0,0.0,0.0,0.0,0.0,0.0,0.0,0.0,0.0,0.0,0.0,0.0,0.0,0.0,0.0,0.0,0.0,0.0,0.0,0.0,0.0,0.0,0.0,0.0,0.0,-1.0,0.0,0.0,0.0,0.0,0.0,0.0
884595356510,hexapod_20260802_214010,113,0.02,0.0,0.0,1.5,1.5,0.0,0.0,0,0,0,0,0,0.3686279356479645,0.00726318359375,0.0,-0.0690915435552597,0.15401509404182434,-0.19563141465187073,0.2748107314109802,-0.7181152105331421,0.11237937211990356,0.014854470267891884,0.11755002290010452,-0.11081984639167786,-0.09607712924480438,0.29376980662345886,0.09901850670576096,0.00785602256655693,-0.09697523713111877,0.18408973515033722,-0.39706337451934814,0.5935468673706055,0.048890333622694016,0.0,0.0,0.0,0.0,0.0,0.0,0.0,0.0,0.0,0.0,0.0,0.0,0.0,0.0,0.0,0.0,0.0,0.0,0.0,0.0,0.0,0.0,0.0,0.0,0.0,0.0,0.0,0.0,0.0,0.0,0.0,0.0,0.0,0.0,0.0,0.0,0.0,0.0,-1.0,0.0,0.0,0.0,0.0,0.0,0.0
884615595566,hexapod_20260802_214010,114,0.02,0.0,0.0,1.5,1.5,0.0,0.0,0,0,0,0,0,0.4405273497104645,0.0137481689453125,0.0,-0.09336498379707336,0.16971273720264435,-0.22887101769447327,0.33719655871391296,-0.7464545965194702,0.1534554660320282,0.012900153174996376,0.12003576010465622,-0.08957944065332413,-0.13787709176540375,0.2866312563419342,0.1122501790523529,0.014967922121286392,-0.10261472314596176,0.18431079387664795,-0.45346084237098694,0.652072548866272,0.04634152352809906,0.0,0.0,0.0,0.0,0.0,0.0,0.0,0.0,0.0,0.0,0.0,0.0,0.0,0.0,0.0,0.0,0.0,0.0,0.0,0.0,0.0,0.0,0.0,0.0,0.0,0.0,0.0,0.0,0.0,0.0,0.0,0.0,0.0,0.0,0.0,0.0,0.0,0.0,-1.0,0.0,0.0,0.0,0.0,0.0,0.0
884635850787,hexapod_20260802_214010,115,0.02,0.0,0.0,1.5,1.5,0.0,0.0,0,0,0,0,0,0.5614990592002869,0.0294342041015625,0.0,-0.13080133497714996,0.20030014216899872,-0.27743178606033325,0.4285503625869751,-0.7840850949287415,0.21660946309566498,0.017797131091356277,0.12159159034490585,-0.07808545231819153,-0.1981685608625412,0.2724004089832306,0.13490983843803406,0.026635881513357162,-0.11679863184690475,0.1865772306919098,-0.5194993019104004,0.7311258912086487,0.041821833699941635,0.0,0.0,0.0,0.0,0.0,0.0,0.0,0.0,0.0,0.0,0.0,0.0,0.0,0.0,0.0,0.0,0.0,0.0,0.0,0.0,0.0,0.0,0.0,0.0,0.0,0.0,0.0,0.0,0.0,0.0,0.0,0.0,0.0,0.0,0.0,0.0,0.0,0.0,-1.0,0.0,0.0,0.0,0.0,0.0,0.0
884656083756,hexapod_20260802_214010,116,0.02,0.0,0.0,1.5,1.5,0.0,0.0,0,0,0,0,0,0.64501953125,0.0404205322265625,0.0,-0.15885324776172638,0.21721135079860687,-0.3162366449832916,0.5015494227409363,-0.8157150745391846,0.2792917788028717,0.01806817576289177,0.1236543282866478,-0.0626358687877655,-0.250831663608551,0.26547786593437195,0.1535022109746933,0.03153758868575096,-0.12455128878355026,0.18371953070163727,-0.574134349822998,0.7914853692054749,0.034312907606363297,0.0,0.0,0.0,0.0,0.0,0.0,0.0,0.0,0.0,0.0,0.0,0.0,0.0,0.0,0.0,0.0,0.0,0.0,0.0,0.0,0.0,0.0,0.0,0.0,0.0,0.0,0.0,0.0,0.0,0.0,0.0,0.0,0.0,0.0,0.0,0.0,0.0,0.0,-1.0,0.0,0.0,0.0,0.0,0.0,0.0
884676268563,hexapod_20260802_214010,117,0.02,0.0,0.0,1.5,1.5,0.0,0.0,0,0,0,0,0,0.6922607421875,0.0494384765625,0.0,-0.17881344258785248,0.22144143283367157,-0.34160375595092773,0.5438109040260315,-0.8338786959648132,0.33319130539894104,0.014553312212228775,0.12535327672958374,-0.04295504093170166,-0.2867777347564697,0.2598996162414551,0.16509217023849487,0.029757168143987656,-0.12222964316606522,0.17732036113739014,-0.6114668846130371,0.8311077356338501,0.026285462081432343,0.0,0.0,0.0,0.0,0.0,0.0,0.0,0.0,0.0,0.0,0.0,0.0,0.0,0.0,0.0,0.0,0.0,0.0,0.0,0.0,0.0,0.0,0.0,0.0,0.0,0.0,0.0,0.0,0.0,0.0,0.0,0.0,0.0,0.0,0.0,0.0,0.0,0.0,-1.0,0.0,0.0,0.0,0.0,0.0,0.0
884696444668,hexapod_20260802_214010,118,0.02,0.0,0.0,1.5,1.5,0.0,0.0,0,0,0,0,0,0.726147472858429,0.0576171875,0.0,-0.19538332521915436,0.22341778874397278,-0.35970401763916016,0.5699430704116821,-0.8415363430976868,0.3789193332195282,0.012959664687514305,0.12775573134422302,-0.023620521649718285,-0.3113575577735901,0.2517426908016205,0.17309769988059998,0.02667130157351494,-0.1174808070063591,0.17012856900691986,-0.6366150379180908,0.8587257862091064,0.019079361110925674,0.0,0.0,0.0,0.0,0.0,0.0,0.0,0.0,0.0,0.0,0.0,0.0,0.0,0.0,0.0,0.0,0.0,0.0,0.0,0.0,0.0,0.0,0.0,0.0,0.0,0.0,0.0,0.0,0.0,0.0,0.0,0.0,0.0,0.0,0.0,0.0,0.0,0.0,-1.0,0.0,0.0,0.0,0.0,0.0,0.0
884716578272,hexapod_20260802_214010,119,0.02,0.0,0.0,1.5,1.5,0.0,0.0,0,0,0,0,0,0.761962890625,0.0711669921875,0.0,-0.21149842441082,0.22745661437511444,-0.3768377900123596,0.5948544144630432,-0.8474602699279785,0.4251590967178345,0.013796085491776466,0.12982523441314697,-0.008613301441073418,-0.3324635624885559,0.241193488240242,0.1823449432849884,0.024799015372991562,-0.11431210488080978,0.16040292382240295,-0.6566344499588013,0.881221354007721,0.009452915750443935,0.0,0.0,0.0,0.0,0.0,0.0,0.0,0.0,0.0,0.0,0.0,0.0,0.0,0.0,0.0,0.0,0.0,0.0,0.0,0.0,0.0,0.0,0.0,0.0,0.0,0.0,0.0,0.0,0.0,0.0,0.0,0.0,0.0,0.0,0.0,0.0,0.0,0.0,-1.0,0.0,0.0,0.0,0.0,0.0,0.0
884736688687,hexapod_20260802_214010,120,0.02,0.0,0.0,1.5,1.5,0.0,0.0,0,0,0,0,0,0.800000011920929,0.0816497802734375,0.0,-0.22751273214817047,0.23265211284160614,-0.39182722568511963,0.6190963983535767,-0.849865734577179,0.46758049726486206,0.017338797450065613,0.13105392456054688,0.002982715144753456,-0.3515169620513916,0.23130281269550323,0.19078487157821655,0.02357981726527214,-0.11115602403879166,0.15185478329658508,-0.673015296459198,0.9020439982414246,0.0013279234990477562,0.0,0.0,0.0,0.0,0.0,0.0,0.0,0.0,0.0,0.0,0.0,0.0,0.0,0.0,0.0,0.0,0.0,0.0,0.0,0.0,0.0,0.0,0.0,0.0,0.0,0.0,0.0,0.0,0.0,0.0,0.0,0.0,0.0,0.0,0.0,0.0,0.0,0.0,-1.0,0.0,0.0,0.0,0.0,0.0,0.0
884756914812,hexapod_20260802_214010,121,0.02,0.0,0.0,1.5,1.5,0.0,0.0,0,0,0,0,0,0.800000011920929,0.0900421142578125,0.0,-0.23259221017360687,0.22659948468208313,-0.3971022963523865,0.6237157583236694,-0.8482972979545593,0.5010201334953308,0.014319024980068207,0.12929317355155945,0.017587298527359962,-0.3567098379135132,0.2286500483751297,0.19436344504356384,0.018482264131307602,-0.0980662852525711,0.1405353546142578,-0.6793181896209717,0.90877765417099,-0.005854598246514797,0.0,0.0,0.0,0.0,0.0,0.0,0.0,0.0,0.0,0.0,0.0,0.0,0.0,0.0,0.0,0.0,0.0,0.0,0.0,0.0,0.0,0.0,0.0,0.0,0.0,0.0,0.0,0.0,0.0,0.0,0.0,0.0,0.0,0.0,0.0,0.0,0.0,0.0,-1.0,0.0,0.0,0.0,0.0,0.0,0.0
884777038122,hexapod_20260802_214010,122,0.02,0.0,0.0,1.5,1.5,0.0,0.0,0,0,0,0,0,0.800000011920929,0.0940093994140625,0.0,-0.23707804083824158,0.22340980172157288,-0.3999888598918915,0.6239917278289795,-0.8410844206809998,0.524411141872406,0.01434498094022274,0.1290445625782013,0.029981451109051704,-0.35849982500076294,0.22399486601352692,0.19581320881843567,0.014268722385168076,-0.08900326490402222,0.13195788860321045,-0.6805827617645264,0.9129638671875,-0.009666134603321552,0.0,0.0,0.0,0.0,0.0,0.0,0.0,0.0,0.0,0.0,0.0,0.0,0.0,0.0,0.0,0.0,0.0,0.0,0.0,0.0,0.0,0.0,0.0,0.0,0.0,0.0,0.0,0.0,0.0,0.0,0.0,0.0,0.0,0.0,0.0,0.0,0.0,0.0,-1.0,0.0,0.0,0.0,0.0,0.0,0.0
884797478959,hexapod_20260802_214010,123,0.02,0.0,0.0,1.5,1.5,0.0,0.0,0,0,0,0,0,0.800000011920929,0.0966339111328125,0.0,-0.24059385061264038,0.2223680168390274,-0.40225109457969666,0.6239893436431885,-0.8346883058547974,0.5404807329177856,0.01527518779039383,0.12955260276794434,0.039275266230106354,-0.35932469367980957,0.21959511935710907,0.19651588797569275,0.011380266398191452,-0.08297561854124069,0.12567608058452606,-0.6809121966362,0.9150026440620422,-0.01171791274100542,0.0,0.0,0.0,0.0,0.0,0.0,0.0,0.0,0.0,0.0,0.0,0.0,0.0,0.0,0.0,0.0,0.0,0.0,0.0,0.0,0.0,0.0,0.0,0.0,0.0,0.0,0.0,0.0,0.0,0.0,0.0,0.0,0.0,0.0,0.0,0.0,0.0,0.0,-1.0,0.0,0.0,0.0,0.0,0.0,0.0
884817692098,hexapod_20260802_214010,124,0.02,0.0,0.0,1.5,1.5,0.0,0.0,0,0,0,0,0,0.800000011920929,0.0966339111328125,0.0,-0.2431821972131729,0.22226859629154205,-0.4035685956478119,0.6236441135406494,-0.8292772173881531,0.5499160885810852,0.016591256484389305,0.13042905926704407,0.046061187982559204,-0.35959911346435547,0.21621905267238617,0.19625648856163025,0.009357910603284836,-0.0789564698934555,0.12213955819606781,-0.6809197664260864,0.9160850644111633,-0.011995960958302021,0.0,0.0,0.0,0.0,0.0,0.0,0.0,0.0,0.0,0.0,0.0,0.0,0.0,0.0,0.0,0.0,0.0,0.0,0.0,0.0,0.0,0.0,0.0,0.0,0.0,0.0,0.0,0.0,0.0,0.0,0.0,0.0,0.0,0.0,0.0,0.0,0.0,0.0,-1.0,0.0,0.0,0.0,0.0,0.0,0.0
884837912165,hexapod_20260802_214010,125,0.02,0.0,0.0,1.5,1.5,0.0,0.0,0,0,0,0,0,0.800000011920929,0.0980224609375,0.0,-0.2449818253517151,0.22245512902736664,-0.4049745202064514,0.6239508390426636,-0.8266681432723999,0.5572730898857117,0.017188942059874535,0.13120916485786438,0.050733380019664764,-0.3600866198539734,0.2136789709329605,0.19645527005195618,0.008086573332548141,-0.07651977241039276,0.11904455721378326,-0.6812955141067505,0.9165062308311462,-0.012727654539048672,0.0,0.0,0.0,0.0,0.0,0.0,0.0,0.0,0.0,0.0,0.0,0.0,0.0,0.0,0.0,0.0,0.0,0.0,0.0,0.0,0.0,0.0,0.0,0.0,0.0,0.0,0.0,0.0,0.0,0.0,0.0,0.0,0.0,0.0,0.0,0.0,0.0,0.0,-1.0,0.0,0.0,0.0,0.0,0.0,0.0
884858331918,hexapod_20260802_214010,126,0.02,0.0,0.0,1.5,1.5,0.0,0.0,0,0,0,0,0,0.800000011920929,0.0980224609375,0.0,-0.24630601704120636,0.2224784642457962,-0.4056381583213806,0.623814582824707,-0.8243222236633301,0.5618502497673035,0.017746632918715477,0.13172045350074768,0.05398266762495041,-0.36022597551345825,0.2120661586523056,0.19629739224910736,0.007127475459128618,-0.07453524321317673,0.11731694638729095,-0.6814011931419373,0.9168542623519897,-0.012877793051302433,0.0,0.0,0.0,0.0,0.0,0.0,0.0,0.0,0.0,0.0,0.0,0.0,0.0,0.0,0.0,0.0,0.0,0.0,0.0,0.0,0.0,0.0,0.0,0.0,0.0,0.0,0.0,0.0,0.0,0.0,0.0,0.0,0.0,0.0,0.0,0.0,0.0,0.0,-1.0,0.0,0.0,0.0,0.0,0.0,0.0
884878829783,hexapod_20260802_214010,127,0.02,0.0,0.0,1.5,1.5,0.0,0.0,0,0,0,0,0,0.800000011920929,0.0980224609375,0.0,-0.24720259010791779,0.22264961898326874,-0.40616220235824585,0.6237666010856628,-0.8227992653846741,0.564756453037262,0.018170958384871483,0.13218066096305847,0.05627850443124771,-0.3603714108467102,0.21087177097797394,0.19611582159996033,0.006491583306342363,-0.07337453216314316,0.11618846654891968,-0.6815248131752014,0.9170926809310913,-0.012841061688959599,0.0,0.0,0.0,0.0,0.0,0.0,0.0,0.0,0.0,0.0,0.0,0.0,0.0,0.0,0.0,0.0,0.0,0.0,0.0,0.0,0.0,0.0,0.0,0.0,0.0,0.0,0.0,0.0,0.0,0.0,0.0,0.0,0.0,0.0,0.0,0.0,0.0,0.0,-1.0,0.0,0.0,0.0,0.0,0.0,0.0
884899008183,hexapod_20260802_214010,128,0.02,0.0,0.0,1.5,1.5,0.0,0.0,0,0,0,0,0,0.800000011920929,0.0968475341796875,0.0,-0.24782203137874603,0.2229292243719101,-0.4063265025615692,0.6234708428382874,-0.8213223814964294,0.5655081868171692,0.018713299185037613,0.13267841935157776,0.0579790323972702,-0.3603595495223999,0.21005161106586456,0.19560030102729797,0.006032895762473345,-0.07273633033037186,0.11607477068901062,-0.6815939545631409,0.9173238277435303,-0.012165541760623455,0.0,0.0,0.0,0.0,0.0,0.0,0.0,0.0,0.0,0.0,0.0,0.0,0.0,0.0,0.0,0.0,0.0,0.0,0.0,0.0,0.0,0.0,0.0,0.0,0.0,0.0,0.0,0.0,0.0,0.0,0.0,0.0,0.0,0.0,0.0,0.0,0.0,0.0,-1.0,0.0,0.0,0.0,0.0,0.0,0.0
884919212274,hexapod_20260802_214010,129,0.02,0.0,0.0,1.5,1.5,0.0,0.0,0,0,0,0,0,0.800000011920929,0.0968475341796875,0.0,-0.2481987029314041,0.22323064506053925,-0.40673378109931946,0.6235729455947876,-0.8210811614990234,0.5663383603096008,0.018861908465623856,0.13308867812156677,0.05910234898328781,-0.3605635166168213,0.20944325625896454,0.1954980045557022,0.005816679913550615,-0.07260449975728989,0.11570370197296143,-0.681929886341095,0.9174016118049622,-0.012038969434797764,0.0,0.0,0.0,0.0,0.0,0.0,0.0,0.0,0.0,0.0,0.0,0.0,0.0,0.0,0.0,0.0,0.0,0.0,0.0,0.0,0.0,0.0,0.0,0.0,0.0,0.0,0.0,0.0,0.0,0.0,0.0,0.0,0.0,0.0,0.0,0.0,0.0,0.0,-1.0,0.0,0.0,0.0,0.0,0.0,0.0
884939449802,hexapod_20260802_214010,130,0.02,0.0,0.0,1.5,1.5,0.0,0.0,0,0,0,0,0,0.800000011920929,0.0968475341796875,0.0,-0.2484743744134903,0.22327354550361633,-0.40694794058799744,0.6235593557357788,-0.8209167718887329,0.5670795440673828,0.018876435235142708,0.13325679302215576,0.05979561805725098,-0.36066097021102905,0.20914797484874725,0.19548484683036804,0.005658310372382402,-0.0723232552409172,0.11541622877120972,-0.6821557283401489,0.9174677729606628,-0.012080364860594273,0.0,0.0,0.0,0.0,0.0,0.0,0.0,0.0,0.0,0.0,0.0,0.0,0.0,0.0,0.0,0.0,0.0,0.0,0.0,0.0,0.0,0.0,0.0,0.0,0.0,0.0,0.0,0.0,0.0,0.0,0.0,0.0,0.0,0.0,0.0,0.0,0.0,0.0,-1.0,0.0,0.0,0.0,0.0,0.0,0.0
884959866574,hexapod_20260802_214010,131,0.02,0.0,0.0,1.5,1.5,0.0,0.0,0,0,0,0,0,0.800000011920929,0.0968475341796875,0.0,-0.2486570030450821,0.223271444439888,-0.4070611596107483,0.6235044002532959,-0.8207101821899414,0.5676101446151733,0.018900172784924507,0.13333117961883545,0.06024765968322754,-0.36070090532302856,0.20895524322986603,0.19546252489089966,0.0055464026518166065,-0.07208789139986038,0.11521188914775848,-0.6822506785392761,0.9175321459770203,-0.012099147774279118,0.0,0.0,0.0,0.0,0.0,0.0,0.0,0.0,0.0,0.0,0.0,0.0,0.0,0.0,0.0,0.0,0.0,0.0,0.0,0.0,0.0,0.0,0.0,0.0,0.0,0.0,0.0,0.0,0.0,0.0,0.0,0.0,0.0,0.0,0.0,0.0,0.0,0.0,-1.0,0.0,0.0,0.0,0.0,0.0,0.0
884980068550,hexapod_20260802_214010,132,0.02,0.0,0.0,1.5,1.5,0.0,0.0,0,0,0,0,0,0.800000011920929,0.0968475341796875,0.0,-0.24877502024173737,0.2232828438282013,-0.40713629126548767,0.6234683990478516,-0.820541501045227,0.5679605007171631,0.018932269886136055,0.1333826184272766,0.06055170297622681,-0.3607242703437805,0.2088138908147812,0.19543933868408203,0.00547039182856679,-0.07193566113710403,0.11507196724414825,-0.682295024394989,0.9175747036933899,-0.012096592225134373,0.0,0.0,0.0,0.0,0.0,0.0,0.0,0.0,0.0,0.0,0.0,0.0,0.0,0.0,0.0,0.0,0.0,0.0,0.0,0.0,0.0,0.0,0.0,0.0,0.0,0.0,0.0,0.0,0.0,0.0,0.0,0.0,0.0,0.0,0.0,0.0,0.0,0.0,-1.0,0.0,0.0,0.0,0.0,0.0,0.0
885000277236,hexapod_20260802_214010,133,0.02,0.0,0.0,1.5,1.5,0.0,0.0,0,0,0,0,0,0.800000011920929,0.0968475341796875,0.0,-0.24885313212871552,0.22329799830913544,-0.40718919038772583,0.6234511733055115,-0.8204284906387329,0.5681930184364319,0.018958183005452156,0.13342219591140747,0.060756221413612366,-0.3607410192489624,0.20871461927890778,0.19542284309864044,0.00541911693289876,-0.07183925062417984,0.11497780680656433,-0.6823232769966125,0.9175995588302612,-0.012092002667486668,0.0,0.0,0.0,0.0,0.0,0.0,0.0,0.0,0.0,0.0,0.0,0.0,0.0,0.0,0.0,0.0,0.0,0.0,0.0,0.0,0.0,0.0,0.0,0.0,0.0,0.0,0.0,0.0,0.0,0.0,0.0,0.0,0.0,0.0,0.0,0.0,0.0,0.0,-1.0,0.0,0.0,0.0,0.0,0.0,0.0
885020388345,hexapod_20260802_214010,134,0.02,0.0,0.0,1.5,1.5,0.0,0.0,0,0,0,0,0,0.800000011920929,0.0968475341796875,0.0,-0.2489057332277298,0.22330909967422485,-0.4072250723838806,0.6234422922134399,-0.8203550577163696,0.5683501958847046,0.01897571049630642,0.1334502398967743,0.06089340150356293,-0.3607526421546936,0.20864777266979218,0.19541235268115997,0.005384337622672319,-0.0717751756310463,0.11491459608078003,-0.6823430061340332,0.9176151156425476,-0.012089629657566547,0.0,0.0,0.0,0.0,0.0,0.0,0.0,0.0,0.0,0.0,0.0,0.0,0.0,0.0,0.0,0.0,0.0,0.0,0.0,0.0,0.0,0.0,0.0,0.0,0.0,0.0,0.0,0.0,0.0,0.0,0.0,0.0,0.0,0.0,0.0,0.0,0.0,0.0,-1.0,0.0,0.0,0.0,0.0,0.0,0.0
885040516011,hexapod_20260802_214010,135,0.02,0.0,0.0,1.5,1.5,0.0,0.0,0,0,0,0,0,0.800000011920929,0.0968475341796875,0.0,-0.24894143640995026,0.22331617772579193,-0.40724894404411316,0.6234368085861206,-0.820306122303009,0.5684569478034973,0.018987305462360382,0.1334691047668457,0.0609854981303215,-0.36076050996780396,0.2086031436920166,0.19540545344352722,0.005360689479857683,-0.07173160463571548,0.11487191915512085,-0.6823562383651733,0.9176254868507385,-0.012088571675121784,0.0,0.0,0.0,0.0,0.0,0.0,0.0,0.0,0.0,0.0,0.0,0.0,0.0,0.0,0.0,0.0,0.0,0.0,0.0,0.0,0.0,0.0,0.0,0.0,0.0,0.0,0.0,0.0,0.0,0.0,0.0,0.0,0.0,0.0,0.0,0.0,0.0,0.0,-1.0,0.0,0.0,0.0,0.0,0.0,0.0
885061148006,hexapod_20260802_214010,136,0.02,0.0,0.0,1.5,1.5,0.0,0.0,0,0,0,0,0,0.800000011920929,0.0968475341796875,0.0,-0.2489655762910843,0.22332073748111725,-0.40726494789123535,0.6234331727027893,-0.8202729821205139,0.5685293674468994,0.018995031714439392,0.13348174095153809,0.0610475093126297,-0.3607656955718994,0.2085731327533722,0.19540078938007355,0.005344655830413103,-0.07170204073190689,0.11484317481517792,-0.6823650598526001,0.9176324605941772,-0.012087949551641941,0.0,0.0,0.0,0.0,0.0,0.0,0.0,0.0,0.0,0.0,0.0,0.0,0.0,0.0,0.0,0.0,0.0,0.0,0.0,0.0,0.0,0.0,0.0,0.0,0.0,0.0,0.0,0.0,0.0,0.0,0.0,0.0,0.0,0.0,0.0,0.0,0.0,0.0,-1.0,0.0,0.0,0.0,0.0,0.0,0.0
885081367211,hexapod_20260802_214010,137,0.02,0.0,0.0,1.5,1.5,0.0,0.0,0,0,0,0,0,0.800000011920929,0.0962982177734375,0.0,-0.24898238480091095,0.22338588535785675,-0.4071679711341858,0.6232966780662537,-0.819989025592804,0.5680257678031921,0.01913260854780674,0.133559912443161,0.06114235520362854,-0.3607029914855957,0.20854775607585907,0.19521239399909973,0.0053185042925179005,-0.07173336297273636,0.11512434482574463,-0.6823283433914185,0.9176734089851379,-0.011781296692788601,0.0,0.0,0.0,0.0,0.0,0.0,0.0,0.0,0.0,0.0,0.0,0.0,0.0,0.0,0.0,0.0,0.0,0.0,0.0,0.0,0.0,0.0,0.0,0.0,0.0,0.0,0.0,0.0,0.0,0.0,0.0,0.0,0.0,0.0,0.0,0.0,0.0,0.0,-1.0,0.0,0.0,0.0,0.0,0.0,0.0
885101916117,hexapod_20260802_214010,138,0.02,0.0,0.0,1.5,1.5,0.0,0.0,0,0,0,0,0,0.800000011920929,0.0954437255859375,0.0,-0.24897034466266632,0.2235868126153946,-0.4070695638656616,0.6231436133384705,-0.8197346329689026,0.5669724345207214,0.01934068277478218,0.13375788927078247,0.061271727085113525,-0.3606553077697754,0.20849496126174927,0.19490692019462585,0.00532187195494771,-0.07198230177164078,0.11564682424068451,-0.682360053062439,0.9177210927009583,-0.011245557107031345,0.0,0.0,0.0,0.0,0.0,0.0,0.0,0.0,0.0,0.0,0.0,0.0,0.0,0.0,0.0,0.0,0.0,0.0,0.0,0.0,0.0,0.0,0.0,0.0,0.0,0.0,0.0,0.0,0.0,0.0,0.0,0.0,0.0,0.0,0.0,0.0,0.0,0.0,-1.0,0.0,0.0,0.0,0.0,0.0,0.0
885122126809,hexapod_20260802_214010,139,0.02,0.0,0.0,1.5,1.5,0.0,0.0,0,0,0,0,0,0.800000011920929,0.0954437255859375,0.0,-0.24893419444561005,0.2237410545349121,-0.40718522667884827,0.6232390403747559,-0.8200957179069519,0.5665745735168457,0.01930050738155842,0.13389870524406433,0.061300069093704224,-0.36075693368911743,0.20846569538116455,0.19490410387516022,0.0053884354420006275,-0.07229260355234146,0.11576923727989197,-0.6825720071792603,0.9176943898200989,-0.011177570559084415,0.0,0.0,0.0,0.0,0.0,0.0,0.0,0.0,0.0,0.0,0.0,0.0,0.0,0.0,0.0,0.0,0.0,0.0,0.0,0.0,0.0,0.0,0.0,0.0,0.0,0.0,0.0,0.0,0.0,0.0,0.0,0.0,0.0,0.0,0.0,0.0,0.0,0.0,-1.0,0.0,0.0,0.0,0.0,0.0,0.0
885142354263,hexapod_20260802_214010,140,0.02,0.0,0.0,1.5,1.5,0.0,0.0,0,0,0,0,0,0.800000011920929,0.0954437255859375,0.0,-0.24892167747020721,0.22371672093868256,-0.4072028696537018,0.6232329607009888,-0.8202966451644897,0.5664508938789368,0.019221119582653046,0.1338995397090912,0.061257824301719666,-0.3607841730117798,0.20853228867053986,0.1949388086795807,0.0054229614324867725,-0.07234599441289902,0.11582145094871521,-0.6826841831207275,0.9176892638206482,-0.011221234686672688,0.0,0.0,0.0,0.0,0.0,0.0,0.0,0.0,0.0,0.0,0.0,0.0,0.0,0.0,0.0,0.0,0.0,0.0,0.0,0.0,0.0,0.0,0.0,0.0,0.0,0.0,0.0,0.0,0.0,0.0,0.0,0.0,0.0,0.0,0.0,0.0,0.0,0.0,-1.0,0.0,0.0,0.0,0.0,0.0,0.0
885162858052,hexapod_20260802_214010,141,0.02,0.0,0.0,1.5,1.5,0.0,0.0,0,0,0,0,0,0.800000011920929,0.0954437255859375,0.0,-0.2489076405763626,0.22368283569812775,-0.40718957781791687,0.623199462890625,-0.8203506469726562,0.5663870573043823,0.019185619428753853,0.13387224078178406,0.06121351569890976,-0.36078155040740967,0.20857788622379303,0.19494974613189697,0.005442511755973101,-0.07235235720872879,0.11584888398647308,-0.6827070713043213,0.9176978468894958,-0.011238533072173595,0.0,0.0,0.0,0.0,0.0,0.0,0.0,0.0,0.0,0.0,0.0,0.0,0.0,0.0,0.0,0.0,0.0,0.0,0.0,0.0,0.0,0.0,0.0,0.0,0.0,0.0,0.0,0.0,0.0,0.0,0.0,0.0,0.0,0.0,0.0,0.0,0.0,0.0,-1.0,0.0,0.0,0.0,0.0,0.0,0.0
885183076798,hexapod_20260802_214010,142,0.02,0.0,0.0,1.5,1.5,0.0,0.0,0,0,0,0,0,0.800000011920929,0.0954437255859375,0.0,-0.24889333546161652,0.22367218136787415,-0.40717971324920654,0.6231821179389954,-0.8203660845756531,0.5663371682167053,0.01917560026049614,0.13385671377182007,0.06118078529834747,-0.3607773780822754,0.20859922468662262,0.19495123624801636,0.0054553416557610035,-0.07236448675394058,0.11586645245552063,-0.6827061772346497,0.9177007079124451,-0.011238248087465763,0.0,0.0,0.0,0.0,0.0,0.0,0.0,0.0,0.0,0.0,0.0,0.0,0.0,0.0,0.0,0.0,0.0,0.0,0.0,0.0,0.0,0.0,0.0,0.0,0.0,0.0,0.0,0.0,0.0,0.0,0.0,0.0,0.0,0.0,0.0,0.0,0.0,0.0,-1.0,0.0,0.0,0.0,0.0,0.0,0.0
885203299542,hexapod_20260802_214010,143,0.02,0.0,0.0,1.5,1.5,0.0,0.0,0,0,0,0,0,0.800000011920929,0.0942535400390625,0.0,-0.24888141453266144,0.22381079196929932,-0.4069386422634125,0.62288498878479,-0.8198212385177612,0.565095841884613,0.019460465759038925,0.1340043842792511,0.06127088516950607,-0.3606312870979309,0.20860658586025238,0.19454039633274078,0.005431246478110552,-0.07249461859464645,0.1165379136800766,-0.6826112866401672,0.9177867770195007,-0.010563601739704609,0.0,0.0,0.0,0.0,0.0,0.0,0.0,0.0,0.0,0.0,0.0,0.0,0.0,0.0,0.0,0.0,0.0,0.0,0.0,0.0,0.0,0.0,0.0,0.0,0.0,0.0,0.0,0.0,0.0,0.0,0.0,0.0,0.0,0.0,0.0,0.0,0.0,0.0,-1.0,0.0,0.0,0.0,0.0,0.0,0.0
885223492737,hexapod_20260802_214010,144,0.02,0.0,0.0,1.5,1.5,0.0,0.0,0,0,0,0,0,0.800000011920929,0.090423583984375,0.0,-0.2488112598657608,0.2245047241449356,-0.4063040614128113,0.6220587491989136,-0.8184472918510437,0.560668408870697,0.02038591355085373,0.1346912980079651,0.061657533049583435,-0.3602786660194397,0.20856060087680817,0.1931433379650116,0.005407136399298906,-0.07329922169446945,0.11884470283985138,-0.6825168132781982,0.9180790781974792,-0.0082280607894063,0.0,0.0,0.0,0.0,0.0,0.0,0.0,0.0,0.0,0.0,0.0,0.0,0.0,0.0,0.0,0.0,0.0,0.0,0.0,0.0,0.0,0.0,0.0,0.0,0.0,0.0,0.0,0.0,0.0,0.0,0.0,0.0,0.0,0.0,0.0,0.0,0.0,0.0,-1.0,0.0,0.0,0.0,0.0,0.0,0.0
885243905902,hexapod_20260802_214010,145,0.02,0.0,0.0,1.5,1.5,0.0,0.0,0,0,0,0,0,0.800000011920929,0.0863800048828125,0.0,-0.24861307442188263,0.22573222219944,-0.4059597849845886,0.621466875076294,-0.818069338798523,0.5547215342521667,0.02124946005642414,0.13584250211715698,0.0621185302734375,-0.3602031469345093,0.2084531933069229,0.19160328805446625,0.005575281102210283,-0.07513333112001419,0.12168072164058685,-0.6830178499221802,0.9183253049850464,-0.005492116324603558,0.0,0.0,0.0,0.0,0.0,0.0,0.0,0.0,0.0,0.0,0.0,0.0,0.0,0.0,0.0,0.0,0.0,0.0,0.0,0.0,0.0,0.0,0.0,0.0,0.0,0.0,0.0,0.0,0.0,0.0,0.0,0.0,0.0,0.0,0.0,0.0,0.0,0.0,-1.0,0.0,0.0,0.0,0.0,0.0,0.0
885264193575,hexapod_20260802_214010,146,0.02,0.0,0.0,1.5,1.5,0.0,0.0,0,0,0,0,0,0.800000011920929,0.071746826171875,0.0,-0.2483968585729599,0.22833575308322906,-0.40354061126708984,0.6181276440620422,-0.8134045600891113,0.5371811985969543,0.02443201281130314,0.13844937086105347,0.06340309232473373,-0.35894089937210083,0.20872457325458527,0.1861502081155777,0.005524930078536272,-0.07842946797609329,0.13073228299617767,-0.6829860806465149,0.9194253087043762,0.0034643569961190224,0.0,0.0,0.0,0.0,0.0,0.0,0.0,0.0,0.0,0.0,0.0,0.0,0.0,0.0,0.0,0.0,0.0,0.0,0.0,0.0,0.0,0.0,0.0,0.0,0.0,0.0,0.0,0.0,0.0,0.0,0.0,0.0,0.0,0.0,0.0,0.0,0.0,0.0,-1.0,0.0,0.0,0.0,0.0,0.0,0.0
885284363147,hexapod_20260802_214010,147,0.02,0.0,0.0,1.5,1.5,0.0,0.0,0,0,0,0,0,0.800000011920929,0.0364990234375,0.0,-0.2481646090745926,0.23566217720508575,-0.39798402786254883,0.6096615791320801,-0.8017383813858032,0.492158442735672,0.03244006633758545,0.14524343609809875,0.06669813394546509,-0.3562304377555847,0.2093750685453415,0.17172721028327942,0.0055328127928078175,-0.0881187841296196,0.15280047059059143,-0.682856559753418,0.9220060706138611,0.026908934116363525,0.0,0.0,0.0,0.0,0.0,0.0,0.0,0.0,0.0,0.0,0.0,0.0,0.0,0.0,0.0,0.0,0.0,0.0,0.0,0.0,0.0,0.0,0.0,0.0,0.0,0.0,0.0,0.0,0.0,0.0,0.0,0.0,0.0,0.0,0.0,0.0,0.0,0.0,-1.0,0.0,0.0,0.0,0.0,0.0,0.0
885304968907,hexapod_20260802_214010,148,0.02,0.0,0.0,1.5,1.5,0.0,0.0,0,0,0,0,0,0.800000011920929,-0.021820068359375,0.0,-0.24960018694400787,0.24922145903110504,-0.3894191384315491,0.5960341691970825,-0.7858752608299255,0.4097767770290375,0.04533791542053223,0.15838521718978882,0.07337632775306702,-0.35340720415115356,0.21199379861354828,0.14394333958625793,0.0077602979727089405,-0.11081167310476303,0.1893864870071411,-0.683870792388916,0.9269939064979553,0.07001514732837677,0.0,0.0,0.0,0.0,0.0,0.0,0.0,0.0,0.0,0.0,0.0,0.0,0.0,0.0,0.0,0.0,0.0,0.0,0.0,0.0,0.0,0.0,0.0,0.0,0.0,0.0,0.0,0.0,0.0,0.0,0.0,0.0,0.0,0.0,0.0,0.0,0.0,0.0,-1.0,0.0,0.0,0.0,0.0,0.0,0.0
885325508904,hexapod_20260802_214010,149,0.02,0.0,0.0,1.5,1.5,0.0,0.0,0,0,0,0,0,0.800000011920929,-0.05499267578125,0.0,-0.24950803816318512,0.26333698630332947,-0.388355553150177,0.5932846069335938,-0.7927970886230469,0.3330501317977905,0.04925590753555298,0.1736389696598053,0.07876800000667572,-0.3579557538032532,0.21485452353954315,0.12005175650119781,0.016384314745664597,-0.14482244849205017,0.21531979739665985,-0.691699206829071,0.9257776141166687,0.10390639305114746,0.0,0.0,0.0,0.0,0.0,0.0,0.0,0.0,0.0,0.0,0.0,0.0,0.0,0.0,0.0,0.0,0.0,0.0,0.0,0.0,0.0,0.0,0.0,0.0,0.0,0.0,0.0,0.0,0.0,0.0,0.0,0.0,0.0,0.0,0.0,0.0,0.0,0.0,-1.0,0.0,0.0,0.0,0.0,0.0,0.0
885345776292,hexapod_20260802_214010,150,0.02,0.0,0.0,1.5,1.5,0.0,0.0,0,0,0,0,0,0.782763659954071,-0.0675506591796875,0.0,-0.24249635636806488,0.2645680606365204,-0.385914146900177,0.5863898992538452,-0.8125314712524414,0.28262507915496826,0.03967186063528061,0.18037429451942444,0.08040805160999298,-0.35854607820510864,0.2236134260892868,0.10602280497550964,0.02388669177889824,-0.16365069150924683,0.22643092274665833,-0.6979510188102722,0.9122553467750549,0.12034465372562408,0.0,0.0,0.0,0.0,0.0,0.0,0.0,0.0,0.0,0.0,0.0,0.0,0.0,0.0,0.0,0.0,0.0,0.0,0.0,0.0,0.0,0.0,0.0,0.0,0.0,0.0,0.0,0.0,0.0,0.0,0.0,0.0,0.0,0.0,0.0,0.0,0.0,0.0,-1.0,0.0,0.0,0.0,0.0,0.0,0.0
885365950227,hexapod_20260802_214010,151,0.02,0.0,0.0,1.5,1.5,0.0,0.0,0,0,0,0,0,0.750415027141571,-0.0972900390625,0.0,-0.23460246622562408,0.2564515471458435,-0.37159812450408936,0.5600267648696899,-0.810857892036438,0.224810391664505,0.0333719328045845,0.18362444639205933,0.08582888543605804,-0.3494958281517029,0.23727156221866608,0.08188363164663315,0.02800823375582695,-0.17020690441131592,0.24021586775779724,-0.6888689398765564,0.8982370495796204,0.146348774433136,0.0,0.0,0.0,0.0,0.0,0.0,0.0,0.0,0.0,0.0,0.0,0.0,0.0,0.0,0.0,0.0,0.0,0.0,0.0,0.0,0.0,0.0,0.0,0.0,0.0,0.0,0.0,0.0,0.0,0.0,0.0,0.0,0.0,0.0,0.0,0.0,0.0,0.0,-1.0,0.0,0.0,0.0,0.0,0.0,0.0
885386060344,hexapod_20260802_214010,152,0.02,0.0,0.0,1.5,1.5,0.0,0.0,0,0,0,0,0,0.7322021722793579,-0.126007080078125,0.0,-0.22732771933078766,0.2551095187664032,-0.36055588722229004,0.538982629776001,-0.809339702129364,0.16753478348255157,0.033282965421676636,0.18791517615318298,0.0925462543964386,-0.34590715169906616,0.24688288569450378,0.05485832691192627,0.03341352567076683,-0.18535533547401428,0.2513476014137268,-0.6763166189193726,0.8883291482925415,0.18027345836162567,0.0,0.0,0.0,0.0,0.0,0.0,0.0,0.0,0.0,0.0,0.0,0.0,0.0,0.0,0.0,0.0,0.0,0.0,0.0,0.0,0.0,0.0,0.0,0.0,0.0,0.0,0.0,0.0,0.0,0.0,0.0,0.0,0.0,0.0,0.0,0.0,0.0,0.0,-1.0,0.0,0.0,0.0,0.0,0.0,0.0
885406298557,hexapod_20260802_214010,153,0.02,0.0,0.0,1.5,1.5,0.0,0.0,0,0,0,0,0,0.719311535358429,-0.1437530517578125,0.0,-0.21710965037345886,0.25476163625717163,-0.3553534746170044,0.5268272161483765,-0.8173060417175293,0.12782007455825806,0.031816206872463226,0.18909895420074463,0.09539308398962021,-0.3447062373161316,0.2538923919200897,0.035658158361911774,0.03862607106566429,-0.19986924529075623,0.2546469569206238,-0.6664856672286987,0.8761536478996277,0.20600852370262146,0.0,0.0,0.0,0.0,0.0,0.0,0.0,0.0,0.0,0.0,0.0,0.0,0.0,0.0,0.0,0.0,0.0,0.0,0.0,0.0,0.0,0.0,0.0,0.0,0.0,0.0,0.0,0.0,0.0,0.0,0.0,0.0,0.0,0.0,0.0,0.0,0.0,0.0,-1.0,0.0,0.0,0.0,0.0,0.0,0.0
885426484078,hexapod_20260802_214010,154,0.02,0.0,0.0,1.5,1.5,0.0,0.0,0,0,0,0,0,0.679980456829071,-0.1870574951171875,0.0,-0.1970236450433731,0.24602137506008148,-0.3365313708782196,0.496057391166687,-0.8086079359054565,0.07829862087965012,0.033321723341941833,0.18621531128883362,0.10140445828437805,-0.33258283138275146,0.2702784240245819,0.0023701172322034836,0.04162770137190819,-0.19737884402275085,0.2580215036869049,-0.6414691805839539,0.8562315106391907,0.24478955566883087,0.0,0.0,0.0,0.0,0.0,0.0,0.0,0.0,0.0,0.0,0.0,0.0,0.0,0.0,0.0,0.0,0.0,0.0,0.0,0.0,0.0,0.0,0.0,0.0,0.0,0.0,0.0,0.0,0.0,0.0,0.0,0.0,0.0,0.0,0.0,0.0,0.0,0.0,-1.0,0.0,0.0,0.0,0.0,0.0,0.0
885446619233,hexapod_20260802_214010,155,0.02,0.0,0.0,1.5,1.5,0.0,0.0,0,0,0,0,0,0.603564441204071,-0.260589599609375,0.0,-0.15268918871879578,0.23396430909633636,-0.2993699908256531,0.440268337726593,-0.7894887328147888,0.005801374092698097,0.04251589626073837,0.1780269742012024,0.10963483154773712,-0.3044288754463196,0.2903612554073334,-0.05777134746313095,0.04760216549038887,-0.18602895736694336,0.2534785270690918,-0.5883520841598511,0.8219676613807678,0.3071276843547821,0.0,0.0,0.0,0.0,0.0,0.0,0.0,0.0,0.0,0.0,0.0,0.0,0.0,0.0,0.0,0.0,0.0,0.0,0.0,0.0,0.0,0.0,0.0,0.0,0.0,0.0,0.0,0.0,0.0,0.0,0.0,0.0,0.0,0.0,0.0,0.0,0.0,0.0,-1.0,0.0,0.0,0.0,0.0,0.0,0.0
885466807231,hexapod_20260802_214010,156,0.02,0.0,0.0,1.5,1.5,0.0,0.0,0,0,0,0,0,0.5373291373252869,-0.327362060546875,0.0,-0.10068287700414658,0.22965805232524872,-0.2580346167087555,0.3877333700656891,-0.7816786170005798,-0.060796625912189484,0.06298046559095383,0.17007243633270264,0.11788450181484222,-0.2738683223724365,0.29593929648399353,-0.12460768967866898,0.053229790180921555,-0.18711623549461365,0.24408572912216187,-0.5232515335083008,0.7866554260253906,0.36791113018989563,0.0,0.0,0.0,0.0,0.0,0.0,0.0,0.0,0.0,0.0,0.0,0.0,0.0,0.0,0.0,0.0,0.0,0.0,0.0,0.0,0.0,0.0,0.0,0.0,0.0,0.0,0.0,0.0,0.0,0.0,0.0,0.0,0.0,0.0,0.0,0.0,0.0,0.0,-1.0,0.0,0.0,0.0,0.0,0.0,0.0
885487299685,hexapod_20260802_214010,157,0.02,0.0,0.0,1.5,1.5,0.0,0.0,0,0,0,0,0,0.501513659954071,-0.3632965087890625,0.0,-0.06417897343635559,0.23267214000225067,-0.22968603670597076,0.3577079176902771,-0.7856463193893433,-0.10027694702148438,0.08311391621828079,0.16860538721084595,0.11957234144210815,-0.2523266077041626,0.28701040148735046,-0.1674765944480896,0.05435257777571678,-0.19614320993423462,0.24197876453399658,-0.4729095995426178,0.7608308792114258,0.4046349823474884,0.0,0.0,0.0,0.0,0.0,0.0,0.0,0.0,0.0,0.0,0.0,0.0,0.0,0.0,0.0,0.0,0.0,0.0,0.0,0.0,0.0,0.0,0.0,0.0,0.0,0.0,0.0,0.0,0.0,0.0,0.0,0.0,0.0,0.0,0.0,0.0,0.0,0.0,-1.0,0.0,0.0,0.0,0.0,0.0,0.0
885507464223,hexapod_20260802_214010,158,0.02,0.0,0.0,1.5,1.5,0.0,0.0,0,0,0,0,0,0.46928712725639343,-0.3929290771484375,0.0,-0.03850094601511955,0.2345351129770279,-0.20496346056461334,0.33602118492126465,-0.7894086241722107,-0.12789075076580048,0.09731722623109818,0.1702999770641327,0.11608690023422241,-0.23277385532855988,0.2830219566822052,-0.20215120911598206,0.05526479706168175,-0.19783398509025574,0.24497321248054504,-0.43287596106529236,0.737786591053009,0.42756420373916626,0.0,0.0,0.0,0.0,0.0,0.0,0.0,0.0,0.0,0.0,0.0,0.0,0.0,0.0,0.0,0.0,0.0,0.0,0.0,0.0,0.0,0.0,0.0,0.0,0.0,0.0,0.0,0.0,0.0,0.0,0.0,0.0,0.0,0.0,0.0,0.0,0.0,0.0,-1.0,0.0,0.0,0.0,0.0,0.0,0.0
885527611585,hexapod_20260802_214010,159,0.02,0.0,0.0,1.5,1.5,0.0,0.0,0,0,0,0,0,0.42988282442092896,-0.436279296875,0.0,-0.012966793030500412,0.23964114487171173,-0.1759202927350998,0.31061357259750366,-0.792107343673706,-0.15689648687839508,0.11077596247196198,0.17466041445732117,0.1096363365650177,-0.20996105670928955,0.2821451723575592,-0.2546718418598175,0.056097399443387985,-0.19200602173805237,0.25221720337867737,-0.38770678639411926,0.7137451767921448,0.45354411005973816,0.0,0.0,0.0,0.0,0.0,0.0,0.0,0.0,0.0,0.0,0.0,0.0,0.0,0.0,0.0,0.0,0.0,0.0,0.0,0.0,0.0,0.0,0.0,0.0,0.0,0.0,0.0,0.0,0.0,0.0,0.0,0.0,0.0,0.0,0.0,0.0,0.0,0.0,-1.0,0.0,0.0,0.0,0.0,0.0,0.0
885547861759,hexapod_20260802_214010,160,0.02,0.0,0.0,1.5,1.5,0.0,0.0,0,0,0,0,0,0.32585451006889343,-0.47283935546875,0.0,0.027832243591547012,0.2379067987203598,-0.14056017994880676,0.2561196982860565,-0.7998632192611694,-0.20204588770866394,0.10439188778400421,0.17733165621757507,0.07897314429283142,-0.16207675635814667,0.2831600606441498,-0.32400453090667725,0.05115019530057907,-0.17369449138641357,0.26779621839523315,-0.31258872151374817,0.6550309062004089,0.4662992060184479,0.0,0.0,0.0,0.0,0.0,0.0,0.0,0.0,0.0,0.0,0.0,0.0,0.0,0.0,0.0,0.0,0.0,0.0,0.0,0.0,0.0,0.0,0.0,0.0,0.0,0.0,0.0,0.0,0.0,0.0,0.0,0.0,0.0,0.0,0.0,0.0,0.0,0.0,-1.0,0.0,0.0,0.0,0.0,0.0,0.0
885568052978,hexapod_20260802_214010,161,0.02,0.0,0.0,1.5,1.5,0.0,0.0,0,0,0,0,0,0.22636719048023224,-0.4951629638671875,0.0,0.0609513483941555,0.22927577793598175,-0.10866378992795944,0.19421017169952393,-0.807288646697998,-0.2436765879392624,0.08425869792699814,0.19216173887252808,0.043038174510002136,-0.10475870966911316,0.2863309979438782,-0.38187021017074585,0.04810595512390137,-0.16208523511886597,0.2765442430973053,-0.2211569845676422,0.5842512249946594,0.4677487015724182,0.0,0.0,0.0,0.0,0.0,0.0,0.0,0.0,0.0,0.0,0.0,0.0,0.0,0.0,0.0,0.0,0.0,0.0,0.0,0.0,0.0,0.0,0.0,0.0,0.0,0.0,0.0,0.0,0.0,0.0,0.0,0.0,0.0,0.0,0.0,0.0,0.0,0.0,-1.0,0.0,0.0,0.0,0.0,0.0,0.0
885588296657,hexapod_20260802_214010,162,0.02,0.0,0.0,1.5,1.5,0.0,0.0,0,0,0,0,0,0.11513672024011612,-0.4998779296875,0.0,0.08975671976804733,0.21520166099071503,-0.09107233583927155,0.12429125607013702,-0.8135751485824585,-0.27101996541023254,0.06384126096963882,0.20821771025657654,0.006016755476593971,-0.037459954619407654,0.30877211689949036,-0.4179098308086395,0.03556640073657036,-0.1531457006931305,0.2789015471935272,-0.12952354550361633,0.5154145956039429,0.44357216358184814,0.0,0.0,0.0,0.0,0.0,0.0,0.0,0.0,0.0,0.0,0.0,0.0,0.0,0.0,0.0,0.0,0.0,0.0,0.0,0.0,0.0,0.0,0.0,0.0,0.0,0.0,0.0,0.0,0.0,0.0,0.0,0.0,0.0,0.0,0.0,0.0,0.0,0.0,-1.0,0.0,0.0,0.0,0.0,0.0,0.0
885608345881,hexapod_20260802_214010,163,0.02,0.0,0.0,1.5,1.5,0.0,0.0,0,0,0,0,0,0.0269775390625,-0.4998779296875,0.0,0.11526162177324295,0.21428164839744568,-0.09643485397100449,0.06541462987661362,-0.8179360628128052,-0.28646591305732727,0.053947076201438904,0.22197991609573364,-0.01586131565272808,0.03160311281681061,0.3513980805873871,-0.44942113757133484,0.013057412579655647,-0.1521218717098236,0.2715137302875519,-0.06268598139286041,0.47105008363723755,0.4000377655029297,0.0,0.0,0.0,0.0,0.0,0.0,0.0,0.0,0.0,0.0,0.0,0.0,0.0,0.0,0.0,0.0,0.0,0.0,0.0,0.0,0.0,0.0,0.0,0.0,0.0,0.0,0.0,0.0,0.0,0.0,0.0,0.0,0.0,0.0,0.0,0.0,0.0,0.0,-1.0,0.0,0.0,0.0,0.0,0.0,0.0
885628578163,hexapod_20260802_214010,164,0.02,0.0,0.0,1.5,-1.5,0.0,0.0,0,0,0,0,0,-0.0592041015625,-0.4998779296875,0.0,0.13237573206424713,0.22034284472465515,-0.11654585599899292,0.015058626420795918,-0.8215503692626953,-0.2913108766078949,0.04624208062887192,0.2288837730884552,-0.025144359096884727,0.10689502954483032,0.4123425781726837,-0.48728421330451965,-0.00618509529158473,-0.15622317790985107,0.26511141657829285,-0.019321167841553688,0.4340208172798157,0.34416887164115906,0.0,0.0,0.0,0.0,0.0,0.0,0.0,0.0,0.0,0.0,0.0,0.0,0.0,0.0,0.0,0.0,0.0,0.0,0.0,0.0,0.0,0.0,0.0,0.0,0.0,0.0,0.0,0.0,0.0,0.0,0.0,0.0,0.0,0.0,0.0,0.0,0.0,0.0,-1.0,0.0,0.0,0.0,0.0,0.0,0.0
885648756013,hexapod_20260802_214010,165,0.02,0.0,0.0,-1.5,-1.5,0.0,0.0,0,0,0,0,0,-0.14824219048023224,-0.4998779296875,0.0,0.1460307538509369,0.22574882209300995,-0.1351177990436554,-0.03428752347826958,-0.8236148357391357,-0.28639814257621765,0.04625263065099716,0.2333877980709076,-0.02637341432273388,0.1910427361726761,0.47781243920326233,-0.5285385847091675,-0.025483600795269012,-0.15660583972930908,0.2664332389831543,0.012878000736236572,0.40375831723213196,0.2849821150302887,0.0,0.0,0.0,0.0,0.0,0.0,0.0,0.0,0.0,0.0,0.0,0.0,0.0,0.0,0.0,0.0,0.0,0.0,0.0,0.0,0.0,0.0,0.0,0.0,0.0,0.0,0.0,0.0,0.0,0.0,0.0,0.0,0.0,0.0,0.0,0.0,0.0,0.0,-1.0,0.0,0.0,0.0,0.0,0.0,0.0
885669037738,hexapod_20260802_214010,166,0.02,0.0,0.0,-1.5,-1.5,0.0,0.0,0,0,0,0,0,-0.25786134600639343,-0.4890899658203125,0.0,0.15287868678569794,0.23261232674121857,-0.14839844405651093,-0.08739401400089264,-0.8454210758209229,-0.26066896319389343,0.05048488825559616,0.24166256189346313,-0.03712548315525055,0.29256099462509155,0.5455189943313599,-0.5600411295890808,-0.0418202243745327,-0.15469703078269958,0.2879827916622162,0.038431763648986816,0.3857187032699585,0.22150011360645294,0.0,0.0,0.0,0.0,0.0,0.0,0.0,0.0,0.0,0.0,0.0,0.0,0.0,0.0,0.0,0.0,0.0,0.0,0.0,0.0,0.0,0.0,0.0,0.0,0.0,0.0,0.0,0.0,0.0,0.0,0.0,0.0,0.0,0.0,0.0,0.0,0.0,0.0,-1.0,0.0,0.0,0.0,0.0,0.0,0.0
885689252364,hexapod_20260802_214010,167,0.02,0.0,0.0,-1.5,-1.5,0.0,0.0,0,0,0,0,0,-0.3438476622104645,-0.467987060546875,0.0,0.1485920250415802,0.24504195153713226,-0.15765480697155,-0.12815865874290466,-0.8796550035476685,-0.23757605254650116,0.0492386668920517,0.2554263770580292,-0.055924274027347565,0.38825613260269165,0.5964981317520142,-0.5704922080039978,-0.043266382068395615,-0.15434059500694275,0.3221046030521393,0.05025816708803177,0.3707188665866852,0.15774531662464142,0.0,0.0,0.0,0.0,0.0,0.0,0.0,0.0,0.0,0.0,0.0,0.0,0.0,0.0,0.0,0.0,0.0,0.0,0.0,0.0,0.0,0.0,0.0,0.0,0.0,0.0,0.0,0.0,0.0,0.0,0.0,0.0,0.0,0.0,0.0,0.0,0.0,0.0,-1.0,0.0,0.0,0.0,0.0,0.0,0.0
885709472153,hexapod_20260802_214010,168,0.02,0.0,0.0,-1.5,-1.5,0.0,0.0,0,0,0,0,0,-0.4190673828125,-0.443572998046875,0.0,0.1351538896560669,0.25372621417045593,-0.15315869450569153,-0.15491659939289093,-0.9170620441436768,-0.22006987035274506,0.042000338435173035,0.2714175283908844,-0.07323025166988373,0.4722181558609009,0.6362645626068115,-0.5651010274887085,-0.0337812639772892,-0.152788907289505,0.3625401556491852,0.05634324997663498,0.3533937633037567,0.09691441804170609,0.0,0.0,0.0,0.0,0.0,0.0,0.0,0.0,0.0,0.0,0.0,0.0,0.0,0.0,0.0,0.0,0.0,0.0,0.0,0.0,0.0,0.0,0.0,0.0,0.0,0.0,0.0,0.0,0.0,0.0,0.0,0.0,0.0,0.0,0.0,0.0,0.0,0.0,-1.0,0.0,0.0,0.0,0.0,0.0,0.0
885729836661,hexapod_20260802_214010,169,0.02,0.0,0.0,-1.5,-1.5,0.0,0.0,0,0,0,0,0,-0.5497803092002869,-0.3835906982421875,0.0,0.11762064695358276,0.2604959011077881,-0.13209444284439087,-0.19379641115665436,-0.9743460416793823,-0.19451452791690826,0.031712450087070465,0.2971554100513458,-0.0910377949476242,0.5722839832305908,0.6923589706420898,-0.5402628779411316,-0.010913703590631485,-0.16226747632026672,0.4212062954902649,0.07273644953966141,0.33764004707336426,0.015669625252485275,0.0,0.0,0.0,0.0,0.0,0.0,0.0,0.0,0.0,0.0,0.0,0.0,0.0,0.0,0.0,0.0,0.0,0.0,0.0,0.0,0.0,0.0,0.0,0.0,0.0,0.0,0.0,0.0,0.0,0.0,0.0,0.0,0.0,0.0,0.0,0.0,0.0,0.0,-1.0,0.0,0.0,0.0,0.0,0.0,0.0
885749951788,hexapod_20260802_214010,170,0.02,0.0,0.0,-1.5,-1.5,0.0,0.0,0,0,0,0,0,-0.654956042766571,-0.31243896484375,0.0,0.09960431605577469,0.2736753225326538,-0.12113619595766068,-0.22680945694446564,-1.0190314054489136,-0.17938242852687836,0.010883884504437447,0.32265105843544006,-0.09948567301034927,0.6397985219955444,0.7324134111404419,-0.502900242805481,0.0379299633204937,-0.19699987769126892,0.46739473938941956,0.08301866054534912,0.3372514247894287,-0.053042955696582794,0.0,0.0,0.0,0.0,0.0,0.0,0.0,0.0,0.0,0.0,0.0,0.0,0.0,0.0,0.0,0.0,0.0,0.0,0.0,0.0,0.0,0.0,0.0,0.0,0.0,0.0,0.0,0.0,0.0,0.0,0.0,0.0,0.0,0.0,0.0,0.0,0.0,0.0,-1.0,0.0,0.0,0.0,0.0,0.0,0.0
885770152330,hexapod_20260802_214010,171,0.02,0.0,0.0,-1.5,-1.5,0.0,0.0,0,0,0,0,0,-0.741992175579071,-0.2238616943359375,0.0,0.10229191184043884,0.271648108959198,-0.12917998433113098,-0.25383996963500977,-1.013106346130371,-0.18294699490070343,-0.0033738072961568832,0.3423706889152527,-0.09339943528175354,0.6721656322479248,0.7211750745773315,-0.46345698833465576,0.08795659244060516,-0.24787548184394836,0.5039024949073792,0.09728889912366867,0.34765368700027466,-0.0965656265616417,0.0,0.0,0.0,0.0,0.0,0.0,0.0,0.0,0.0,0.0,0.0,0.0,0.0,0.0,0.0,0.0,0.0,0.0,0.0,0.0,0.0,0.0,0.0,0.0,0.0,0.0,0.0,0.0,0.0,0.0,0.0,0.0,0.0,0.0,0.0,0.0,0.0,0.0,-1.0,0.0,0.0,0.0,0.0,0.0,0.0
885790434722,hexapod_20260802_214010,172,0.02,0.0,0.0,-1.5,-1.5,0.0,0.0,0,0,0,0,0,-0.7862548828125,-0.15386962890625,0.0,0.11223361641168594,0.26560208201408386,-0.13463141024112701,-0.2750796973705292,-0.9923644065856934,-0.18158550560474396,-0.0033653508871793747,0.35151270031929016,-0.0864562839269638,0.6815199255943298,0.7066991329193115,-0.43444058299064636,0.11219476163387299,-0.27688324451446533,0.5173313617706299,0.11012428253889084,0.35411933064460754,-0.11562670022249222,0.0,0.0,0.0,0.0,0.0,0.0,0.0,0.0,0.0,0.0,0.0,0.0,0.0,0.0,0.0,0.0,0.0,0.0,0.0,0.0,0.0,0.0,0.0,0.0,0.0,0.0,0.0,0.0,0.0,0.0,0.0,0.0,0.0,0.0,0.0,0.0,0.0,0.0,-1.0,0.0,0.0,0.0,0.0,0.0,0.0
885811056637,hexapod_20260802_214010,173,0.02,0.0,0.0,-1.5,-1.5,0.0,0.0,0,0,0,0,0,-0.7998046875,-0.0886383056640625,0.0,0.12381307035684586,0.2553163468837738,-0.1409953385591507,-0.2972271740436554,-0.9643689393997192,-0.17023274302482605,0.004835242405533791,0.3511422872543335,-0.07662650942802429,0.6790417432785034,0.6852210164070129,-0.4090089201927185,0.11685113608837128,-0.28921419382095337,0.5168439745903015,0.12085168808698654,0.35387367010116577,-0.12445122748613358,0.0,0.0,0.0,0.0,0.0,0.0,0.0,0.0,0.0,0.0,0.0,0.0,0.0,0.0,0.0,0.0,0.0,0.0,0.0,0.0,0.0,0.0,0.0,0.0,0.0,0.0,0.0,0.0,0.0,0.0,0.0,0.0,0.0,0.0,0.0,0.0,0.0,0.0,-1.0,0.0,0.0,0.0,0.0,0.0,0.0
885831341520,hexapod_20260802_214010,174,0.02,0.0,0.0,-1.5,-1.5,0.0,0.0,0,0,0,0,0,-0.7998046875,-0.0066986083984375,0.0,0.14017310738563538,0.23597855865955353,-0.15217967331409454,-0.3285145163536072,-0.9284334182739258,-0.1423313319683075,0.022811444476246834,0.34197911620140076,-0.05989734083414078,0.6710172891616821,0.6516534090042114,-0.3795515298843384,0.1061701625585556,-0.29233938455581665,0.507794201374054,0.13459071516990662,0.3488888144493103,-0.12996350228786469,0.0,0.0,0.0,0.0,0.0,0.0,0.0,0.0,0.0,0.0,0.0,0.0,0.0,0.0,0.0,0.0,0.0,0.0,0.0,0.0,0.0,0.0,0.0,0.0,0.0,0.0,0.0,0.0,0.0,0.0,0.0,0.0,0.0,0.0,0.0,0.0,0.0,0.0,-1.0,0.0,0.0,0.0,0.0,0.0,0.0
885851880503,hexapod_20260802_214010,175,0.02,0.0,0.0,-1.5,-1.5,0.0,0.0,0,0,0,0,0,-0.7916504144668579,0.1428070068359375,0.0,0.1678251177072525,0.19002443552017212,-0.1658109873533249,-0.38912826776504517,-0.9090332984924316,-0.05348838120698929,0.06684765964746475,0.308204710483551,-0.024111909791827202,0.6631078720092773,0.6131433248519897,-0.32785311341285706,0.06109611317515373,-0.29066821932792664,0.47391146421432495,0.16267549991607666,0.34408313035964966,-0.13507795333862305,0.0,0.0,0.0,0.0,0.0,0.0,0.0,0.0,0.0,0.0,0.0,0.0,0.0,0.0,0.0,0.0,0.0,0.0,0.0,0.0,0.0,0.0,0.0,0.0,0.0,0.0,0.0,0.0,0.0,0.0,0.0,0.0,0.0,0.0,0.0,0.0,0.0,0.0,-1.0,0.0,0.0,0.0,0.0,0.0,0.0
885872113609,hexapod_20260802_214010,176,0.02,0.0,0.0,-1.5,-1.5,0.0,0.0,0,0,0,0,0,-0.670239269733429,0.299530029296875,0.0,0.20428182184696198,0.1335759460926056,-0.16922755539417267,-0.44758039712905884,-0.9088723659515381,0.1511494666337967,0.13492873311042786,0.2341642677783966,0.024747231975197792,0.6189044117927551,0.5729830861091614,-0.23155981302261353,-0.03264633193612099,-0.2684135437011719,0.3794008493423462,0.20448213815689087,0.36175841093063354,-0.1391877382993698,0.0,0.0,0.0,0.0,0.0,0.0,0.0,0.0,0.0,0.0,0.0,0.0,0.0,0.0,0.0,0.0,0.0,0.0,0.0,0.0,0.0,0.0,0.0,0.0,0.0,0.0,0.0,0.0,0.0,0.0,0.0,0.0,0.0,0.0,0.0,0.0,0.0,0.0,-1.0,0.0,0.0,0.0,0.0,0.0,0.0
885892290432,hexapod_20260802_214010,177,0.02,0.0,0.0,-1.5,-1.5,0.0,0.0,0,0,0,0,0,-0.613598644733429,0.3436737060546875,0.0,0.22860665619373322,0.12260258197784424,-0.15930645167827606,-0.4762728810310364,-0.910827100276947,0.3179302215576172,0.17304737865924835,0.19349387288093567,0.052362047135829926,0.5689143538475037,0.5649301409721375,-0.17974939942359924,-0.09195269644260406,-0.24237212538719177,0.31124642491340637,0.22621917724609375,0.4025828242301941,-0.1440269500017166,0.0,0.0,0.0,0.0,0.0,0.0,0.0,0.0,0.0,0.0,0.0,0.0,0.0,0.0,0.0,0.0,0.0,0.0,0.0,0.0,0.0,0.0,0.0,0.0,0.0,0.0,0.0,0.0,0.0,0.0,0.0,0.0,0.0,0.0,0.0,0.0,0.0,0.0,-1.0,0.0,0.0,0.0,0.0,0.0,0.0
885912375029,hexapod_20260802_214010,178,0.02,0.0,0.0,-1.5,-1.5,0.0,0.0,0,0,0,0,0,-0.6046142578125,0.3498382568359375,0.0,0.23510350286960602,0.12307821214199066,-0.16581398248672485,-0.48856115341186523,-0.9110692739486694,0.4161754548549652,0.18662278354167938,0.1817481815814972,0.07063789665699005,0.5354214906692505,0.5667182207107544,-0.15848679840564728,-0.1183420866727829,-0.2292921543121338,0.2723962664604187,0.22962620854377747,0.43305206298828125,-0.15365149080753326,0.0,0.0,0.0,0.0,0.0,0.0,0.0,0.0,0.0,0.0,0.0,0.0,0.0,0.0,0.0,0.0,0.0,0.0,0.0,0.0,0.0,0.0,0.0,0.0,0.0,0.0,0.0,0.0,0.0,0.0,0.0,0.0,0.0,0.0,0.0,0.0,0.0,0.0,-1.0,0.0,0.0,0.0,0.0,0.0,0.0
885932707768,hexapod_20260802_214010,179,0.02,0.0,0.0,-1.5,-1.5,0.0,0.0,0,0,0,0,0,-0.5477539300918579,0.384674072265625,0.0,0.22126856446266174,0.12130074203014374,-0.1790485829114914,-0.4759829342365265,-0.9024300575256348,0.5123118162155151,0.1935570240020752,0.17069631814956665,0.08995414525270462,0.4848668575286865,0.5612208843231201,-0.12554585933685303,-0.1336955577135086,-0.21981072425842285,0.2307123839855194,0.22080865502357483,0.4630604386329651,-0.15941564738750458,0.0,0.0,0.0,0.0,0.0,0.0,0.0,0.0,0.0,0.0,0.0,0.0,0.0,0.0,0.0,0.0,0.0,0.0,0.0,0.0,0.0,0.0,0.0,0.0,0.0,0.0,0.0,0.0,0.0,0.0,0.0,0.0,0.0,0.0,0.0,0.0,0.0,0.0,-1.0,0.0,0.0,0.0,0.0,0.0,0.0
885952839732,hexapod_20260802_214010,180,0.02,0.0,0.0,-1.5,-1.5,0.0,0.0,0,0,0,0,0,-0.5180420279502869,0.4004364013671875,0.0,0.20610319077968597,0.12232805788516998,-0.1909964382648468,-0.4597623944282532,-0.8936489224433899,0.5827343463897705,0.19369354844093323,0.1672583818435669,0.10956856608390808,0.4440033435821533,0.5617489814758301,-0.10588550567626953,-0.1422121673822403,-0.21385851502418518,0.19895070791244507,0.2083650827407837,0.4867604970932007,-0.16582396626472473,0.0,0.0,0.0,0.0,0.0,0.0,0.0,0.0,0.0,0.0,0.0,0.0,0.0,0.0,0.0,0.0,0.0,0.0,0.0,0.0,0.0,0.0,0.0,0.0,0.0,0.0,0.0,0.0,0.0,0.0,0.0,0.0,0.0,0.0,0.0,0.0,0.0,0.0,-1.0,0.0,0.0,0.0,0.0,0.0,0.0
885972962477,hexapod_20260802_214010,181,0.02,0.0,0.0,-1.5,-1.5,0.0,0.0,0,0,0,0,0,-0.44035646319389343,0.43524169921875,0.0,0.17581750452518463,0.12266944348812103,-0.20885829627513885,-0.4137265682220459,-0.8837233185768127,0.6660664677619934,0.18825247883796692,0.16515403985977173,0.13496898114681244,0.38425832986831665,0.554986834526062,-0.0701727420091629,-0.14583824574947357,-0.207630455493927,0.15845796465873718,0.1835419237613678,0.5170974135398865,-0.16715627908706665,0.0,0.0,0.0,0.0,0.0,0.0,0.0,0.0,0.0,0.0,0.0,0.0,0.0,0.0,0.0,0.0,0.0,0.0,0.0,0.0,0.0,0.0,0.0,0.0,0.0,0.0,0.0,0.0,0.0,0.0,0.0,0.0,0.0,0.0,0.0,0.0,0.0,0.0,-1.0,0.0,0.0,0.0,0.0,0.0,0.0
885993441908,hexapod_20260802_214010,182,0.02,0.0,0.0,-1.5,-1.5,0.0,0.0,0,0,0,0,0,-0.32695314288139343,0.472686767578125,0.0,0.12433154135942459,0.1292874962091446,-0.23484103381633759,-0.3159058690071106,-0.8907867670059204,0.7658928632736206,0.16973254084587097,0.1747245490550995,0.16364236176013947,0.30066919326782227,0.5488155484199524,-0.015899406746029854,-0.13725361227989197,-0.2037072777748108,0.1146755963563919,0.13071385025978088,0.5638952851295471,-0.160819873213768,0.0,0.0,0.0,0.0,0.0,0.0,0.0,0.0,0.0,0.0,0.0,0.0,0.0,0.0,0.0,0.0,0.0,0.0,0.0,0.0,0.0,0.0,0.0,0.0,0.0,0.0,0.0,0.0,0.0,0.0,0.0,0.0,0.0,0.0,0.0,0.0,0.0,0.0,-1.0,0.0,0.0,0.0,0.0,0.0,0.0
886013576669,hexapod_20260802_214010,183,0.02,0.0,0.0,-1.5,-1.5,0.0,0.0,0,0,0,0,0,-0.18977050483226776,0.4984893798828125,0.0,0.06505417078733444,0.14357756078243256,-0.2679663896560669,-0.18199357390403748,-0.9228236675262451,0.8408778309822083,0.13375547528266907,0.17996329069137573,0.17123207449913025,0.21141652762889862,0.5433138608932495,0.03239970654249191,-0.1192176342010498,-0.18617835640907288,0.08694833517074585,0.045844171196222305,0.6160771250724792,-0.1577722728252411,0.0,0.0,0.0,0.0,0.0,0.0,0.0,0.0,0.0,0.0,0.0,0.0,0.0,0.0,0.0,0.0,0.0,0.0,0.0,0.0,0.0,0.0,0.0,0.0,0.0,0.0,0.0,0.0,0.0,0.0,0.0,0.0,0.0,0.0,0.0,0.0,0.0,0.0,-1.0,0.0,0.0,0.0,0.0,0.0,0.0
886033636043,hexapod_20260802_214010,184,0.02,0.0,0.0,-1.5,1.5,0.0,0.0,0,0,0,0,0,0.05317382887005806,0.5,0.0,-0.010561786592006683,0.1537019908428192,-0.3022119402885437,-0.0004951832816004753,-0.9548739790916443,0.8505610823631287,0.08613357692956924,0.17941012978553772,0.14432327449321747,0.10375824570655823,0.4919564723968506,0.08723163604736328,-0.07242824882268906,-0.15631815791130066,0.06166968122124672,-0.09025546163320541,0.6840541958808899,-0.16684924066066742,0.0,0.0,0.0,0.0,0.0,0.0,0.0,0.0,0.0,0.0,0.0,0.0,0.0,0.0,0.0,0.0,0.0,0.0,0.0,0.0,0.0,0.0,0.0,0.0,0.0,0.0,0.0,0.0,0.0,0.0,0.0,0.0,0.0,0.0,0.0,0.0,0.0,0.0,-1.0,0.0,0.0,0.0,0.0,0.0,0.0
886053810074,hexapod_20260802_214010,185,0.02,0.0,0.0,1.5,1.5,0.0,0.0,0,0,0,0,0,0.3125244081020355,0.4478759765625,0.0,-0.06421676278114319,0.16125909984111786,-0.3135368525981903,0.16572803258895874,-0.9501073360443115,0.8033975958824158,0.04850742220878601,0.17165055871009827,0.0773937851190567,0.013647530227899551,0.401777058839798,0.14249540865421295,-0.05573222041130066,-0.12133435159921646,0.045551735907793045,-0.23503196239471436,0.7420184016227722,-0.15727750957012177,0.0,0.0,0.0,0.0,0.0,0.0,0.0,0.0,0.0,0.0,0.0,0.0,0.0,0.0,0.0,0.0,0.0,0.0,0.0,0.0,0.0,0.0,0.0,0.0,0.0,0.0,0.0,0.0,0.0,0.0,0.0,0.0,0.0,0.0,0.0,0.0,0.0,0.0,-1.0,0.0,0.0,0.0,0.0,0.0,0.0
886074019959,hexapod_20260802_214010,186,0.02,0.0,0.0,1.5,1.5,0.0,0.0,0,0,0,0,0,0.590405285358429,0.3592376708984375,0.0,-0.1393977403640747,0.1777045726776123,-0.32354119420051575,0.3680759370326996,-0.9070199728012085,0.7678548693656921,0.011487247422337532,0.16025292873382568,0.005614260211586952,-0.1275547295808792,0.3144116997718811,0.2039504200220108,-0.06041698902845383,-0.08959801495075226,0.03635437414050102,-0.4338873028755188,0.8593823313713074,-0.1038714200258255,0.0,0.0,0.0,0.0,0.0,0.0,0.0,0.0,0.0,0.0,0.0,0.0,0.0,0.0,0.0,0.0,0.0,0.0,0.0,0.0,0.0,0.0,0.0,0.0,0.0,0.0,0.0,0.0,0.0,0.0,0.0,0.0,0.0,0.0,0.0,0.0,0.0,0.0,-1.0,0.0,0.0,0.0,0.0,0.0,0.0
886094239485,hexapod_20260802_214010,187,0.02,0.0,0.0,1.5,1.5,0.0,0.0,0,0,0,0,0,0.660693347454071,0.3077392578125,0.0,-0.17397771775722504,0.18717840313911438,-0.35163068771362305,0.48454147577285767,-0.8765718936920166,0.7339361906051636,-0.006055695936083794,0.13941490650177002,-0.00036500953137874603,-0.2176673859357834,0.2806284427642822,0.2137276828289032,-0.03928222134709358,-0.0746069997549057,0.06257639825344086,-0.5430890321731567,0.8976152539253235,-0.09102385491132736,0.0,0.0,0.0,0.0,0.0,0.0,0.0,0.0,0.0,0.0,0.0,0.0,0.0,0.0,0.0,0.0,0.0,0.0,0.0,0.0,0.0,0.0,0.0,0.0,0.0,0.0,0.0,0.0,0.0,0.0,0.0,0.0,0.0,0.0,0.0,0.0,0.0,0.0,-1.0,0.0,0.0,0.0,0.0,0.0,0.0
886114380466,hexapod_20260802_214010,188,0.02,0.0,0.0,1.5,1.5,0.0,0.0,0,0,0,0,0,0.691601574420929,0.27996826171875,0.0,-0.19251061975955963,0.1883753389120102,-0.36912858486175537,0.540136456489563,-0.8734256625175476,0.7241749167442322,-0.014239313080906868,0.12459153681993484,0.007613005116581917,-0.26975226402282715,0.26652413606643677,0.21243493258953094,-0.022143084555864334,-0.05872449278831482,0.06727321445941925,-0.5925019979476929,0.9081066846847534,-0.08018852025270462,0.0,0.0,0.0,0.0,0.0,0.0,0.0,0.0,0.0,0.0,0.0,0.0,0.0,0.0,0.0,0.0,0.0,0.0,0.0,0.0,0.0,0.0,0.0,0.0,0.0,0.0,0.0,0.0,0.0,0.0,0.0,0.0,0.0,0.0,0.0,0.0,0.0,0.0,-1.0,0.0,0.0,0.0,0.0,0.0,0.0
886134533790,hexapod_20260802_214010,189,0.02,0.0,0.0,1.5,1.5,0.0,0.0,0,0,0,0,0,0.712084949016571,0.2590484619140625,0.0,-0.20572598278522491,0.18920128047466278,-0.3801928758621216,0.5656894445419312,-0.8696895241737366,0.7186316847801208,-0.016853807494044304,0.11693676561117172,0.018945487216114998,-0.29765284061431885,0.2559780478477478,0.21027952432632446,-0.013449165970087051,-0.0498749241232872,0.06385159492492676,-0.6160939931869507,0.9116058945655823,-0.0715961679816246,0.0,0.0,0.0,0.0,0.0,0.0,0.0,0.0,0.0,0.0,0.0,0.0,0.0,0.0,0.0,0.0,0.0,0.0,0.0,0.0,0.0,0.0,0.0,0.0,0.0,0.0,0.0,0.0,0.0,0.0,0.0,0.0,0.0,0.0,0.0,0.0,0.0,0.0,-1.0,0.0,0.0,0.0,0.0,0.0,0.0
886154806628,hexapod_20260802_214010,190,0.02,0.0,0.0,1.5,1.5,0.0,0.0,0,0,0,0,0,0.724926769733429,0.24481201171875,0.0,-0.2149815410375595,0.19076156616210938,-0.3876962661743164,0.5788645148277283,-0.8653779029846191,0.7146417498588562,-0.016975166276097298,0.11371826380491257,0.028905460610985756,-0.3132556080818176,0.24800075590610504,0.20879393815994263,-0.009051550179719925,-0.04519744962453842,0.059892792254686356,-0.6290104389190674,0.9129214882850647,-0.06612587720155716,0.0,0.0,0.0,0.0,0.0,0.0,0.0,0.0,0.0,0.0,0.0,0.0,0.0,0.0,0.0,0.0,0.0,0.0,0.0,0.0,0.0,0.0,0.0,0.0,0.0,0.0,0.0,0.0,0.0,0.0,0.0,0.0,0.0,0.0,0.0,0.0,0.0,0.0,-1.0,0.0,0.0,0.0,0.0,0.0,0.0
886175039524,hexapod_20260802_214010,191,0.02,0.0,0.0,1.5,1.5,0.0,0.0,0,0,0,0,0,0.740795910358429,0.22552490234375,0.0,-0.22508251667022705,0.19398750364780426,-0.39331209659576416,0.5891281366348267,-0.8560459613800049,0.7063358426094055,-0.013704171404242516,0.1123119369149208,0.03763847053050995,-0.3245466351509094,0.23969261348247528,0.20820634067058563,-0.006504985969513655,-0.04256986826658249,0.058365415781736374,-0.6382020711898804,0.9147140979766846,-0.06093420833349228,0.0,0.0,0.0,0.0,0.0,0.0,0.0,0.0,0.0,0.0,0.0,0.0,0.0,0.0,0.0,0.0,0.0,0.0,0.0,0.0,0.0,0.0,0.0,0.0,0.0,0.0,0.0,0.0,0.0,0.0,0.0,0.0,0.0,0.0,0.0,0.0,0.0,0.0,-1.0,0.0,0.0,0.0,0.0,0.0,0.0
886195380762,hexapod_20260802_214010,192,0.02,0.0,0.0,1.5,1.5,0.0,0.0,0,0,0,0,0,0.758056640625,0.201873779296875,0.0,-0.23475678265094757,0.1986723095178604,-0.3980831503868103,0.599193274974823,-0.8424685001373291,0.6922188997268677,-0.007584316655993462,0.11252868920564651,0.045182935893535614,-0.33444368839263916,0.2304980307817459,0.2076021134853363,-0.004629197996109724,-0.04155181348323822,0.06043818220496178,-0.6463530659675598,0.9162958860397339,-0.054245270788669586,0.0,0.0,0.0,0.0,0.0,0.0,0.0,0.0,0.0,0.0,0.0,0.0,0.0,0.0,0.0,0.0,0.0,0.0,0.0,0.0,0.0,0.0,0.0,0.0,0.0,0.0,0.0,0.0,0.0,0.0,0.0,0.0,0.0,0.0,0.0,0.0,0.0,0.0,-1.0,0.0,0.0,0.0,0.0,0.0,0.0
886215899562,hexapod_20260802_214010,193,0.02,0.0,0.0,1.5,1.5,0.0,0.0,0,0,0,0,0,0.7696777582168579,0.1838836669921875,0.0,-0.24065780639648438,0.203145369887352,-0.40180540084838867,0.607955813407898,-0.8326740264892578,0.6785280704498291,-0.0016081016510725021,0.11481709033250809,0.051158905029296875,-0.342279314994812,0.2231045514345169,0.20646964013576508,-0.0033716741017997265,-0.04249399155378342,0.06467382609844208,-0.6534190773963928,0.916741669178009,-0.04839710518717766,0.0,0.0,0.0,0.0,0.0,0.0,0.0,0.0,0.0,0.0,0.0,0.0,0.0,0.0,0.0,0.0,0.0,0.0,0.0,0.0,0.0,0.0,0.0,0.0,0.0,0.0,0.0,0.0,0.0,0.0,0.0,0.0,0.0,0.0,0.0,0.0,0.0,0.0,-1.0,0.0,0.0,0.0,0.0,0.0,0.0
886236560764,hexapod_20260802_214010,194,0.02,0.0,0.0,1.5,1.5,0.0,0.0,0,0,0,0,0,0.778637707233429,0.1681060791015625,0.0,-0.24478566646575928,0.20697830617427826,-0.4042641818523407,0.6146730780601501,-0.825762152671814,0.6653955578804016,0.0037603694945573807,0.11793709546327591,0.05593319237232208,-0.3480203151702881,0.21740461885929108,0.20515692234039307,-0.0024995985440909863,-0.044363610446453094,0.07025465369224548,-0.6592620611190796,0.9168970584869385,-0.04310011863708496,0.0,0.0,0.0,0.0,0.0,0.0,0.0,0.0,0.0,0.0,0.0,0.0,0.0,0.0,0.0,0.0,0.0,0.0,0.0,0.0,0.0,0.0,0.0,0.0,0.0,0.0,0.0,0.0,0.0,0.0,0.0,0.0,0.0,0.0,0.0,0.0,0.0,0.0,-1.0,0.0,0.0,0.0,0.0,0.0,0.0
886256622110,hexapod_20260802_214010,195,0.02,0.0,0.0,1.5,1.5,0.0,0.0,0,0,0,0,0,0.7904052734375,0.1455535888671875,0.0,-0.24949391186237335,0.21183370053768158,-0.40581661462783813,0.6200486421585083,-0.8153597712516785,0.6458140015602112,0.011001380160450935,0.12181293219327927,0.060039177536964417,-0.35292744636535645,0.21108053624629974,0.2030407041311264,-0.0016882899217307568,-0.04763781279325485,0.07981057465076447,-0.6645114421844482,0.9178698062896729,-0.03479617089033127,0.0,0.0,0.0,0.0,0.0,0.0,0.0,0.0,0.0,0.0,0.0,0.0,0.0,0.0,0.0,0.0,0.0,0.0,0.0,0.0,0.0,0.0,0.0,0.0,0.0,0.0,0.0,0.0,0.0,0.0,0.0,0.0,0.0,0.0,0.0,0.0,0.0,0.0,-1.0,0.0,0.0,0.0,0.0,0.0,0.0
886276866735,hexapod_20260802_214010,196,0.02,0.0,0.0,1.5,1.5,0.0,0.0,0,0,0,0,0,0.800000011920929,0.122467041015625,0.0,-0.2526817321777344,0.21773244440555573,-0.4071683883666992,0.6239685416221619,-0.807166576385498,0.6213934421539307,0.018248537555336952,0.1266816258430481,0.063426673412323,-0.3570452928543091,0.20575442910194397,0.19987888634204865,-0.0005506905727088451,-0.05361754447221756,0.0919121652841568,-0.6697105169296265,0.9191712737083435,-0.024564221501350403,0.0,0.0,0.0,0.0,0.0,0.0,0.0,0.0,0.0,0.0,0.0,0.0,0.0,0.0,0.0,0.0,0.0,0.0,0.0,0.0,0.0,0.0,0.0,0.0,0.0,0.0,0.0,0.0,0.0,0.0,0.0,0.0,0.0,0.0,0.0,0.0,0.0,0.0,-1.0,0.0,0.0,0.0,0.0,0.0,0.0
886297461433,hexapod_20260802_214010,197,0.02,0.0,0.0,1.5,1.5,0.0,0.0,0,0,0,0,0,0.800000011920929,0.087677001953125,0.0,-0.25242990255355835,0.22326622903347015,-0.4038270115852356,0.6192967295646667,-0.7967097163200378,0.5804845094680786,0.0258951373398304,0.13317489624023438,0.06790269911289215,-0.3561004400253296,0.2039005607366562,0.19036079943180084,-7.902411743998528e-05,-0.06069081276655197,0.11197124421596527,-0.6723987460136414,0.9196980595588684,-0.005940738134086132,0.0,0.0,0.0,0.0,0.0,0.0,0.0,0.0,0.0,0.0,0.0,0.0,0.0,0.0,0.0,0.0,0.0,0.0,0.0,0.0,0.0,0.0,0.0,0.0,0.0,0.0,0.0,0.0,0.0,0.0,0.0,0.0,0.0,0.0,0.0,0.0,0.0,0.0,-1.0,0.0,0.0,0.0,0.0,0.0,0.0
886317749930,hexapod_20260802_214010,198,0.02,0.0,0.0,1.5,1.5,0.0,0.0,0,0,0,0,0,0.800000011920929,0.041656494140625,0.0,-0.25124698877334595,0.23442824184894562,-0.3984457552433014,0.6102021932601929,-0.7876582741737366,0.5169164538383484,0.036121442914009094,0.14391964673995972,0.07294034957885742,-0.3541277050971985,0.20429043471813202,0.17242762446403503,0.0007763919420540333,-0.07696578651666641,0.142745241522789,-0.6755400896072388,0.9234651923179626,0.02484830468893051,0.0,0.0,0.0,0.0,0.0,0.0,0.0,0.0,0.0,0.0,0.0,0.0,0.0,0.0,0.0,0.0,0.0,0.0,0.0,0.0,0.0,0.0,0.0,0.0,0.0,0.0,0.0,0.0,0.0,0.0,0.0,0.0,0.0,0.0,0.0,0.0,0.0,0.0,-1.0,0.0,0.0,0.0,0.0,0.0,0.0
886337926784,hexapod_20260802_214010,199,0.02,0.0,0.0,1.5,1.5,0.0,0.0,0,0,0,0,0,0.800000011920929,-0.0188751220703125,0.0,-0.25179967284202576,0.2496178299188614,-0.390971839427948,0.597122848033905,-0.7779213786125183,0.4246874749660492,0.047841303050518036,0.15896683931350708,0.07962415367364883,-0.3525811433792114,0.20733493566513062,0.1443530023097992,0.003910910803824663,-0.10494787245988846,0.1833449900150299,-0.6806483268737793,0.9281952977180481,0.06971943378448486,0.0,0.0,0.0,0.0,0.0,0.0,0.0,0.0,0.0,0.0,0.0,0.0,0.0,0.0,0.0,0.0,0.0,0.0,0.0,0.0,0.0,0.0,0.0,0.0,0.0,0.0,0.0,0.0,0.0,0.0,0.0,0.0,0.0,0.0,0.0,0.0,0.0,0.0,-1.0,0.0,0.0,0.0,0.0,0.0,0.0
886358150929,hexapod_20260802_214010,200,0.02,0.0,0.0,1.5,1.5,0.0,0.0,0,0,0,0,0,0.800000011920929,-0.0941009521484375,0.0,-0.2563861310482025,0.26468807458877563,-0.3795188069343567,0.5803744792938232,-0.7654083967208862,0.2984786331653595,0.06297849118709564,0.18029353022575378,0.09295889735221863,-0.35344189405441284,0.21536217629909515,0.09492193162441254,0.014689799398183823,-0.14820080995559692,0.22955787181854248,-0.6809552907943726,0.9347226023674011,0.1368580162525177,0.0,0.0,0.0,0.0,0.0,0.0,0.0,0.0,0.0,0.0,0.0,0.0,0.0,0.0,0.0,0.0,0.0,0.0,0.0,0.0,0.0,0.0,0.0,0.0,0.0,0.0,0.0,0.0,0.0,0.0,0.0,0.0,0.0,0.0,0.0,0.0,0.0,0.0,-1.0,0.0,0.0,0.0,0.0,0.0,0.0
886378305973,hexapod_20260802_214010,201,0.02,0.0,0.0,1.5,1.5,0.0,0.0,0,0,0,0,0,0.764233410358429,-0.192474365234375,0.0,-0.24069909751415253,0.27005651593208313,-0.3526897430419922,0.5445966720581055,-0.7639394998550415,0.15294642746448517,0.07100167125463486,0.20097553730010986,0.1220201700925827,-0.35256993770599365,0.2456824630498886,0.01940026320517063,0.027854066342115402,-0.1886919140815735,0.2629299759864807,-0.6632989645004272,0.9261418581008911,0.23754507303237915,0.0,0.0,0.0,0.0,0.0,0.0,0.0,0.0,0.0,0.0,0.0,0.0,0.0,0.0,0.0,0.0,0.0,0.0,0.0,0.0,0.0,0.0,0.0,0.0,0.0,0.0,0.0,0.0,0.0,0.0,0.0,0.0,0.0,0.0,0.0,0.0,0.0,0.0,-1.0,0.0,0.0,0.0,0.0,0.0,0.0
886398511313,hexapod_20260802_214010,202,0.02,0.0,0.0,1.5,1.5,0.0,0.0,0,0,0,0,0,0.6474609375,-0.31854248046875,0.0,-0.16657190024852753,0.2539389133453369,-0.30189353227615356,0.46794116497039795,-0.7669374346733093,0.013613758608698845,0.0717150941491127,0.19314515590667725,0.14489643275737762,-0.32092559337615967,0.28681981563568115,-0.08398052304983139,0.04641919955611229,-0.18977433443069458,0.26003193855285645,-0.6003985404968262,0.8742765784263611,0.34805193543434143,0.0,0.0,0.0,0.0,0.0,0.0,0.0,0.0,0.0,0.0,0.0,0.0,0.0,0.0,0.0,0.0,0.0,0.0,0.0,0.0,0.0,0.0,0.0,0.0,0.0,0.0,0.0,0.0,0.0,0.0,0.0,0.0,0.0,0.0,0.0,0.0,0.0,0.0,-1.0,0.0,0.0,0.0,0.0,0.0,0.0
886418670806,hexapod_20260802_214010,203,0.02,0.0,0.0,1.5,1.5,0.0,0.0,0,0,0,0,0,0.4815673828125,-0.417877197265625,0.0,-0.07767731696367264,0.23313380777835846,-0.22761516273021698,0.36817747354507446,-0.7618623971939087,-0.09277866035699844,0.08478397876024246,0.17167669534683228,0.15535475313663483,-0.2635408043861389,0.2917013466358185,-0.1973273903131485,0.053859736770391464,-0.1780506670475006,0.2492477297782898,-0.48855265974998474,0.7896609902381897,0.4175501763820648,0.0,0.0,0.0,0.0,0.0,0.0,0.0,0.0,0.0,0.0,0.0,0.0,0.0,0.0,0.0,0.0,0.0,0.0,0.0,0.0,0.0,0.0,0.0,0.0,0.0,0.0,0.0,0.0,0.0,0.0,0.0,0.0,0.0,0.0,0.0,0.0,0.0,0.0,-1.0,0.0,0.0,0.0,0.0,0.0,0.0
886438955219,hexapod_20260802_214010,204,0.02,0.0,0.0,1.5,1.5,0.0,0.0,0,0,0,0,0,0.4204345643520355,-0.4429168701171875,0.0,-0.025289569050073624,0.23669345676898956,-0.1851634681224823,0.31802114844322205,-0.7790906429290771,-0.14488326013088226,0.103233702480793,0.17193779349327087,0.13659729063510895,-0.22363632917404175,0.2758629322052002,-0.2622588574886322,0.05617068335413933,-0.1862848401069641,0.2544420063495636,-0.4070852994918823,0.731289803981781,0.44919827580451965,0.0,0.0,0.0,0.0,0.0,0.0,0.0,0.0,0.0,0.0,0.0,0.0,0.0,0.0,0.0,0.0,0.0,0.0,0.0,0.0,0.0,0.0,0.0,0.0,0.0,0.0,0.0,0.0,0.0,0.0,0.0,0.0,0.0,0.0,0.0,0.0,0.0,0.0,-1.0,0.0,0.0,0.0,0.0,0.0,0.0
886459246242,hexapod_20260802_214010,205,0.02,0.0,0.0,1.5,1.5,0.0,0.0,0,0,0,0,0,0.32770997285842896,-0.47247314453125,0.0,0.021602626889944077,0.23704273998737335,-0.14480198919773102,0.26210683584213257,-0.7955576181411743,-0.19562387466430664,0.10289235413074493,0.1762271523475647,0.09357303380966187,-0.17094051837921143,0.27800846099853516,-0.32666099071502686,0.052528951317071915,-0.17363086342811584,0.2692297399044037,-0.3224513828754425,0.6636368036270142,0.46403613686561584,0.0,0.0,0.0,0.0,0.0,0.0,0.0,0.0,0.0,0.0,0.0,0.0,0.0,0.0,0.0,0.0,0.0,0.0,0.0,0.0,0.0,0.0,0.0,0.0,0.0,0.0,0.0,0.0,0.0,0.0,0.0,0.0,0.0,0.0,0.0,0.0,0.0,0.0,-1.0,0.0,0.0,0.0,0.0,0.0,0.0
886479540841,hexapod_20260802_214010,206,0.02,0.0,0.0,1.5,1.5,0.0,0.0,0,0,0,0,0,0.17561034858226776,-0.4999847412109375,0.0,0.06481707096099854,0.22324451804161072,-0.10186457633972168,0.17376424372196198,-0.8035851716995239,-0.24937795102596283,0.07214053720235825,0.19430047273635864,0.04011809825897217,-0.09189628809690475,0.28878575563430786,-0.39201128482818604,0.04689748212695122,-0.15732017159461975,0.28443071246147156,-0.20340359210968018,0.5657602548599243,0.45758870244026184,0.0,0.0,0.0,0.0,0.0,0.0,0.0,0.0,0.0,0.0,0.0,0.0,0.0,0.0,0.0,0.0,0.0,0.0,0.0,0.0,0.0,0.0,0.0,0.0,0.0,0.0,0.0,0.0,0.0,0.0,0.0,0.0,0.0,0.0,0.0,0.0,0.0,0.0,-1.0,0.0,0.0,0.0,0.0,0.0,0.0
886499761921,hexapod_20260802_214010,207,0.02,0.0,0.0,1.5,1.5,0.0,0.0,0,0,0,0,0,0.03571777418255806,-0.4999847412109375,0.0,0.10421638190746307,0.21305960416793823,-0.09142684936523438,0.08441367745399475,-0.8149406313896179,-0.2772052586078644,0.05252784490585327,0.2123107612133026,-0.0043663140386343,-0.0009489357471466064,0.33138081431388855,-0.43384650349617004,0.02153841219842434,-0.14977487921714783,0.28039804100990295,-0.09300587326288223,0.48805132508277893,0.41568490862846375,0.0,0.0,0.0,0.0,0.0,0.0,0.0,0.0,0.0,0.0,0.0,0.0,0.0,0.0,0.0,0.0,0.0,0.0,0.0,0.0,0.0,0.0,0.0,0.0,0.0,0.0,0.0,0.0,0.0,0.0,0.0,0.0,0.0,0.0,0.0,0.0,0.0,0.0,-1.0,0.0,0.0,0.0,0.0,0.0,0.0
886519941972,hexapod_20260802_214010,208,0.02,0.0,0.0,1.5,-1.5,0.0,0.0,0,0,0,0,0,-0.14155273139476776,-0.4999847412109375,0.0,0.13910847902297974,0.21604618430137634,-0.11728713661432266,-0.00839791726320982,-0.8264188766479492,-0.28109827637672424,0.04031830281019211,0.21900290250778198,-0.02683389000594616,0.12879638373851776,0.4348986744880676,-0.4990491271018982,-0.018078122287988663,-0.1505754590034485,0.2709354758262634,-0.008648481220006943,0.4239528775215149,0.32371777296066284,0.0,0.0,0.0,0.0,0.0,0.0,0.0,0.0,0.0,0.0,0.0,0.0,0.0,0.0,0.0,0.0,0.0,0.0,0.0,0.0,0.0,0.0,0.0,0.0,0.0,0.0,0.0,0.0,0.0,0.0,0.0,0.0,0.0,0.0,0.0,0.0,0.0,0.0,-1.0,0.0,0.0,0.0,0.0,0.0,0.0
886540204182,hexapod_20260802_214010,209,0.02,0.0,0.0,-1.5,-1.5,0.0,0.0,0,0,0,0,0,-0.30952149629592896,-0.4771881103515625,0.0,0.15520426630973816,0.22141854465007782,-0.14110274612903595,-0.09910082817077637,-0.8458124399185181,-0.24885301291942596,0.04623905569314957,0.2292146384716034,-0.04677385091781616,0.29400432109832764,0.5459593534469604,-0.5476219058036804,-0.054550882428884506,-0.14769360423088074,0.2936485707759857,0.042664527893066406,0.38513001799583435,0.21747812628746033,0.0,0.0,0.0,0.0,0.0,0.0,0.0,0.0,0.0,0.0,0.0,0.0,0.0,0.0,0.0,0.0,0.0,0.0,0.0,0.0,0.0,0.0,0.0,0.0,0.0,0.0,0.0,0.0,0.0,0.0,0.0,0.0,0.0,0.0,0.0,0.0,0.0,0.0,-1.0,0.0,0.0,0.0,0.0,0.0,0.0
886560266594,hexapod_20260802_214010,210,0.02,0.0,0.0,-1.5,-1.5,0.0,0.0,0,0,0,0,0,-0.46711426973342896,-0.4241485595703125,0.0,0.1423541158437729,0.2399536520242691,-0.14171375334262848,-0.1725676953792572,-0.9055959582328796,-0.21240469813346863,0.03785371780395508,0.2624029219150543,-0.08034109324216843,0.46534109115600586,0.625498354434967,-0.5560883283615112,-0.05311970040202141,-0.14958429336547852,0.3579294979572296,0.06704134494066238,0.35193607211112976,0.09783292561769485,0.0,0.0,0.0,0.0,0.0,0.0,0.0,0.0,0.0,0.0,0.0,0.0,0.0,0.0,0.0,0.0,0.0,0.0,0.0,0.0,0.0,0.0,0.0,0.0,0.0,0.0,0.0,0.0,0.0,0.0,0.0,0.0,0.0,0.0,0.0,0.0,0.0,0.0,-1.0,0.0,0.0,0.0,0.0,0.0,0.0
886580484117,hexapod_20260802_214010,211,0.02,0.0,0.0,-1.5,-1.5,0.0,0.0,0,0,0,0,0,-0.6847168207168579,-0.2863006591796875,0.0,0.11257384717464447,0.2646154463291168,-0.1217341348528862,-0.24962739646434784,-1.0076897144317627,-0.1702716201543808,0.010893212631344795,0.31647050380706787,-0.10196173191070557,0.6249503493309021,0.7177022695541382,-0.507485568523407,0.011552494019269943,-0.190204918384552,0.45538389682769775,0.09429772198200226,0.33776387572288513,-0.0453009270131588,0.0,0.0,0.0,0.0,0.0,0.0,0.0,0.0,0.0,0.0,0.0,0.0,0.0,0.0,0.0,0.0,0.0,0.0,0.0,0.0,0.0,0.0,0.0,0.0,0.0,0.0,0.0,0.0,0.0,0.0,0.0,0.0,0.0,0.0,0.0,0.0,0.0,0.0,-1.0,0.0,0.0,0.0,0.0,0.0,0.0
886600976959,hexapod_20260802_214010,212,0.02,0.0,0.0,-1.5,-1.5,0.0,0.0,0,0,0,0,0,-0.790600597858429,-0.1434326171875,0.0,0.11855506896972656,0.2603633999824524,-0.14139316976070404,-0.2923436462879181,-0.9985939860343933,-0.16973550617694855,0.00120575912296772,0.3432328701019287,-0.08800999820232391,0.6790280342102051,0.7027345299720764,-0.45422160625457764,0.08596466481685638,-0.2615508437156677,0.5090278387069702,0.11625022441148758,0.3463021218776703,-0.11177857220172882,0.0,0.0,0.0,0.0,0.0,0.0,0.0,0.0,0.0,0.0,0.0,0.0,0.0,0.0,0.0,0.0,0.0,0.0,0.0,0.0,0.0,0.0,0.0,0.0,0.0,0.0,0.0,0.0,0.0,0.0,0.0,0.0,0.0,0.0,0.0,0.0,0.0,0.0,-1.0,0.0,0.0,0.0,0.0,0.0,0.0
886621191212,hexapod_20260802_214010,213,0.02,0.0,0.0,-1.5,-1.5,0.0,0.0,0,0,0,0,0,-0.799975574016571,0.006866455078125,0.0,0.14252623915672302,0.2311316877603531,-0.16572855412960052,-0.33650365471839905,-0.9411337375640869,-0.13452064990997314,0.029956096783280373,0.33414894342422485,-0.059270650148391724,0.677742600440979,0.6506634950637817,-0.3943448066711426,0.09271503984928131,-0.2863728702068329,0.5067017674446106,0.1399179995059967,0.3444051444530487,-0.1300564855337143,0.0,0.0,0.0,0.0,0.0,0.0,0.0,0.0,0.0,0.0,0.0,0.0,0.0,0.0,0.0,0.0,0.0,0.0,0.0,0.0,0.0,0.0,0.0,0.0,0.0,0.0,0.0,0.0,0.0,0.0,0.0,0.0,0.0,0.0,0.0,0.0,0.0,0.0,-1.0,0.0,0.0,0.0,0.0,0.0,0.0
886641586122,hexapod_20260802_214010,214,0.02,0.0,0.0,-1.5,-1.5,0.0,0.0,0,0,0,0,0,-0.792895495891571,0.140045166015625,0.0,0.17096000909805298,0.19035053253173828,-0.17169152200222015,-0.3905552327632904,-0.9154979586601257,-0.05126956105232239,0.07103555649518967,0.30796727538108826,-0.021448111161589622,0.6673933863639832,0.6140875220298767,-0.33624306321144104,0.059389229863882065,-0.2888445258140564,0.4749225974082947,0.16592779755592346,0.34370720386505127,-0.13520021736621857,0.0,0.0,0.0,0.0,0.0,0.0,0.0,0.0,0.0,0.0,0.0,0.0,0.0,0.0,0.0,0.0,0.0,0.0,0.0,0.0,0.0,0.0,0.0,0.0,0.0,0.0,0.0,0.0,0.0,0.0,0.0,0.0,0.0,0.0,0.0,0.0,0.0,0.0,-1.0,0.0,0.0,0.0,0.0,0.0,0.0
886661801296,hexapod_20260802_214010,215,0.02,0.0,0.0,-1.5,-1.5,0.0,0.0,0,0,0,0,0,-0.7369629144668579,0.23028564453125,0.0,0.2007990926504135,0.1542525440454483,-0.1702883541584015,-0.436279296875,-0.9068183898925781,0.0760367214679718,0.11526475101709366,0.26705777645111084,0.013273628428578377,0.6447755098342896,0.5910835266113281,-0.27679747343063354,0.001041498500853777,-0.27611789107322693,0.4180258512496948,0.19316968321800232,0.34990739822387695,-0.14092127978801727,0.0,0.0,0.0,0.0,0.0,0.0,0.0,0.0,0.0,0.0,0.0,0.0,0.0,0.0,0.0,0.0,0.0,0.0,0.0,0.0,0.0,0.0,0.0,0.0,0.0,0.0,0.0,0.0,0.0,0.0,0.0,0.0,0.0,0.0,0.0,0.0,0.0,0.0,-1.0,0.0,0.0,0.0,0.0,0.0,0.0
886682023054,hexapod_20260802_214010,216,0.02,0.0,0.0,-1.5,-1.5,0.0,0.0,0,0,0,0,0,-0.6906982660293579,0.2807769775390625,0.0,0.2271178960800171,0.13813190162181854,-0.16450165212154388,-0.46989452838897705,-0.9122071266174316,0.1981021612882614,0.15335021913051605,0.2319079339504242,0.0382242277264595,0.6169741749763489,0.5821478962898254,-0.23942506313323975,-0.05078096315264702,-0.2609593868255615,0.36579629778862,0.21661794185638428,0.3764750063419342,-0.14434555172920227,0.0,0.0,0.0,0.0,0.0,0.0,0.0,0.0,0.0,0.0,0.0,0.0,0.0,0.0,0.0,0.0,0.0,0.0,0.0,0.0,0.0,0.0,0.0,0.0,0.0,0.0,0.0,0.0,0.0,0.0,0.0,0.0,0.0,0.0,0.0,0.0,0.0,0.0,-1.0,0.0,0.0,0.0,0.0,0.0,0.0
886702239679,hexapod_20260802_214010,217,0.02,0.0,0.0,-1.5,-1.5,0.0,0.0,0,0,0,0,0,-0.6628662347793579,0.3058624267578125,0.0,0.2437487691640854,0.12890903651714325,-0.16590328514575958,-0.48990845680236816,-0.9201655387878418,0.293984979391098,0.17723295092582703,0.20668455958366394,0.056558623909950256,0.5908522009849548,0.5802220106124878,-0.21519847214221954,-0.0859374850988388,-0.2458895742893219,0.3225069046020508,0.23116040229797363,0.4018491208553314,-0.14726996421813965,0.0,0.0,0.0,0.0,0.0,0.0,0.0,0.0,0.0,0.0,0.0,0.0,0.0,0.0,0.0,0.0,0.0,0.0,0.0,0.0,0.0,0.0,0.0,0.0,0.0,0.0,0.0,0.0,0.0,0.0,0.0,0.0,0.0,0.0,0.0,0.0,0.0,0.0,-1.0,0.0,0.0,0.0,0.0,0.0,0.0
886722474301,hexapod_20260802_214010,218,0.02,0.0,0.0,-1.5,-1.5,0.0,0.0,0,0,0,0,0,-0.584716796875,0.36279296875,0.0,0.23830126225948334,0.1196654886007309,-0.17663456499576569,-0.48657041788101196,-0.9182713031768799,0.4189997613430023,0.1916966438293457,0.17827141284942627,0.07558434456586838,0.5362499952316284,0.5651025772094727,-0.15954110026359558,-0.11842305958271027,-0.23003363609313965,0.26691240072250366,0.2324155569076538,0.4337725043296814,-0.15190736949443817,0.0,0.0,0.0,0.0,0.0,0.0,0.0,0.0,0.0,0.0,0.0,0.0,0.0,0.0,0.0,0.0,0.0,0.0,0.0,0.0,0.0,0.0,0.0,0.0,0.0,0.0,0.0,0.0,0.0,0.0,0.0,0.0,0.0,0.0,0.0,0.0,0.0,0.0,-1.0,0.0,0.0,0.0,0.0,0.0,0.0
886742896355,hexapod_20260802_214010,219,0.02,0.0,0.0,-1.5,-1.5,0.0,0.0,0,0,0,0,0,-0.43742677569389343,0.4363250732421875,0.0,0.1885160654783249,0.11832471191883087,-0.1907171756029129,-0.4241253137588501,-0.8864709138870239,0.5921165347099304,0.1892080008983612,0.15938690304756165,0.1026713028550148,0.423774778842926,0.5417766571044922,-0.07835474610328674,-0.13413546979427338,-0.21125757694244385,0.196641743183136,0.20209521055221558,0.4849392771720886,-0.15285982191562653,0.0,0.0,0.0,0.0,0.0,0.0,0.0,0.0,0.0,0.0,0.0,0.0,0.0,0.0,0.0,0.0,0.0,0.0,0.0,0.0,0.0,0.0,0.0,0.0,0.0,0.0,0.0,0.0,0.0,0.0,0.0,0.0,0.0,0.0,0.0,0.0,0.0,0.0,-1.0,0.0,0.0,0.0,0.0,0.0,0.0
886763109590,hexapod_20260802_214010,220,0.02,0.0,0.0,-1.5,-1.5,0.0,0.0,0,0,0,0,0,-0.2032470703125,0.4988555908203125,0.0,0.08964689075946808,0.14067718386650085,-0.23480726778507233,-0.23822574317455292,-0.8980417251586914,0.7721508145332336,0.14641566574573517,0.1763957142829895,0.13620178401470184,0.25789952278137207,0.5118712186813354,0.022724507376551628,-0.11506800353527069,-0.202854186296463,0.13376805186271667,0.09610047936439514,0.5677283406257629,-0.1438714563846588,0.0,0.0,0.0,0.0,0.0,0.0,0.0,0.0,0.0,0.0,0.0,0.0,0.0,0.0,0.0,0.0,0.0,0.0,0.0,0.0,0.0,0.0,0.0,0.0,0.0,0.0,0.0,0.0,0.0,0.0,0.0,0.0,0.0,0.0,0.0,0.0,0.0,0.0,-1.0,0.0,0.0,0.0,0.0,0.0,0.0
886783629610,hexapod_20260802_214010,221,0.02,0.0,0.0,-1.5,1.5,0.0,0.0,0,0,0,0,0,0.10480957478284836,0.5,0.0,-0.012805845588445663,0.16410483419895172,-0.2965046167373657,0.008679003454744816,-0.9476147890090942,0.823261022567749,0.08576425909996033,0.18293246626853943,0.11234936118125916,0.10409331321716309,0.4582533836364746,0.09965898096561432,-0.06052909418940544,-0.164435476064682,0.08871880173683167,-0.08792630583047867,0.6757293343544006,-0.15882723033428192,0.0,0.0,0.0,0.0,0.0,0.0,0.0,0.0,0.0,0.0,0.0,0.0,0.0,0.0,0.0,0.0,0.0,0.0,0.0,0.0,0.0,0.0,0.0,0.0,0.0,0.0,0.0,0.0,0.0,0.0,0.0,0.0,0.0,0.0,0.0,0.0,0.0,0.0,-1.0,0.0,0.0,0.0,0.0,0.0,0.0
886803798992,hexapod_20260802_214010,222,0.02,0.0,0.0,1.5,1.5,0.0,0.0,0,0,0,0,0,0.5114502310752869,0.4029998779296875,0.0,-0.10021085292100906,0.1756126880645752,-0.31792259216308594,0.2745901346206665,-0.9386362433433533,0.7838490605354309,0.032423652708530426,0.16733422875404358,0.013337770476937294,-0.058940984308719635,0.34274521470069885,0.18607811629772186,-0.06028132140636444,-0.1043412834405899,0.0374431274831295,-0.33862271904945374,0.8237167000770569,-0.12079329043626785,0.0,0.0,0.0,0.0,0.0,0.0,0.0,0.0,0.0,0.0,0.0,0.0,0.0,0.0,0.0,0.0,0.0,0.0,0.0,0.0,0.0,0.0,0.0,0.0,0.0,0.0,0.0,0.0,0.0,0.0,0.0,0.0,0.0,0.0,0.0,0.0,0.0,0.0,-1.0,0.0,0.0,0.0,0.0,0.0,0.0
886823972976,hexapod_20260802_214010,223,0.02,0.0,0.0,1.5,1.5,0.0,0.0,0,0,0,0,0,0.7376953363418579,0.2292022705078125,0.0,-0.21192531287670135,0.2024870365858078,-0.3460705578327179,0.48836734890937805,-0.8345604538917542,0.6873387694358826,0.013028794899582863,0.1332877278327942,-0.012223398312926292,-0.21145541965961456,0.26348066329956055,0.22811847925186157,-0.035604264587163925,-0.07416541874408722,0.06103162094950676,-0.5347470045089722,0.8999984860420227,-0.07726801186800003,0.0,0.0,0.0,0.0,0.0,0.0,0.0,0.0,0.0,0.0,0.0,0.0,0.0,0.0,0.0,0.0,0.0,0.0,0.0,0.0,0.0,0.0,0.0,0.0,0.0,0.0,0.0,0.0,0.0,0.0,0.0,0.0,0.0,0.0,0.0,0.0,0.0,0.0,-1.0,0.0,0.0,0.0,0.0,0.0,0.0
886844488415,hexapod_20260802_214010,224,0.02,0.0,0.0,1.5,1.5,0.0,0.0,0,0,0,0,0,0.7843017578125,0.1579132080078125,0.0,-0.23468126356601715,0.2146630436182022,-0.3784099221229553,0.5780226588249207,-0.7938870787620544,0.6209097504615784,0.01566472463309765,0.11220819503068924,-0.0027935635298490524,-0.30121129751205444,0.23180235922336578,0.2178577035665512,-0.005474287550896406,-0.0566277951002121,0.0850185751914978,-0.6106535196304321,0.9143027663230896,-0.04394661262631416,0.0,0.0,0.0,0.0,0.0,0.0,0.0,0.0,0.0,0.0,0.0,0.0,0.0,0.0,0.0,0.0,0.0,0.0,0.0,0.0,0.0,0.0,0.0,0.0,0.0,0.0,0.0,0.0,0.0,0.0,0.0,0.0,0.0,0.0,0.0,0.0,0.0,0.0,-1.0,0.0,0.0,0.0,0.0,0.0,0.0
886864646585,hexapod_20260802_214010,225,0.02,0.0,0.0,1.5,1.5,0.0,0.0,0,0,0,0,0,0.794726550579071,0.13531494140625,0.0,-0.2359062284231186,0.22087271511554718,-0.39437204599380493,0.6148000955581665,-0.8031234741210938,0.5921306014060974,0.019576558843255043,0.11781490594148636,0.017462516203522682,-0.3381970524787903,0.22039496898651123,0.20721203088760376,0.004357170779258013,-0.06473053246736526,0.09830662608146667,-0.6433902382850647,0.9131795763969421,-0.028342027217149734,0.0,0.0,0.0,0.0,0.0,0.0,0.0,0.0,0.0,0.0,0.0,0.0,0.0,0.0,0.0,0.0,0.0,0.0,0.0,0.0,0.0,0.0,0.0,0.0,0.0,0.0,0.0,0.0,0.0,0.0,0.0,0.0,0.0,0.0,0.0,0.0,0.0,0.0,-1.0,0.0,0.0,0.0,0.0,0.0,0.0
886884913356,hexapod_20260802_214010,226,0.02,0.0,0.0,1.5,1.5,0.0,0.0,0,0,0,0,0,0.7998291254043579,0.115692138671875,0.0,-0.24067223072052002,0.22244592010974884,-0.40005582571029663,0.6261640787124634,-0.8122940063476562,0.5784412622451782,0.021197834983468056,0.12490173429250717,0.03416232019662857,-0.3518105745315552,0.21538834273815155,0.20131227374076843,0.006112274248152971,-0.06966043263673782,0.1080508828163147,-0.661360502243042,0.9138380289077759,-0.020410731434822083,0.0,0.0,0.0,0.0,0.0,0.0,0.0,0.0,0.0,0.0,0.0,0.0,0.0,0.0,0.0,0.0,0.0,0.0,0.0,0.0,0.0,0.0,0.0,0.0,0.0,0.0,0.0,0.0,0.0,0.0,0.0,0.0,0.0,0.0,0.0,0.0,0.0,0.0,-1.0,0.0,0.0,0.0,0.0,0.0,0.0
886905006665,hexapod_20260802_214010,227,0.02,0.0,0.0,1.5,1.5,0.0,0.0,0,0,0,0,0,0.7998291254043579,0.08251953125,0.0,-0.24402011930942535,0.22517456114292145,-0.39828193187713623,0.6215914487838745,-0.806830644607544,0.5491217970848083,0.026228273287415504,0.1319679617881775,0.04780860245227814,-0.35403764247894287,0.212941512465477,0.19028037786483765,0.0054682460613548756,-0.07350907474756241,0.1250135898590088,-0.6693648099899292,0.9167035222053528,-0.003081974573433399,0.0,0.0,0.0,0.0,0.0,0.0,0.0,0.0,0.0,0.0,0.0,0.0,0.0,0.0,0.0,0.0,0.0,0.0,0.0,0.0,0.0,0.0,0.0,0.0,0.0,0.0,0.0,0.0,0.0,0.0,0.0,0.0,0.0,0.0,0.0,0.0,0.0,0.0,-1.0,0.0,0.0,0.0,0.0,0.0,0.0
886925300063,hexapod_20260802_214010,228,0.02,0.0,0.0,1.5,1.5,0.0,0.0,0,0,0,0,0,0.7998291254043579,0.0330657958984375,0.0,-0.24590562283992767,0.23553504049777985,-0.39344021677970886,0.6100963354110718,-0.7942134737968445,0.489378422498703,0.036455877125263214,0.14329791069030762,0.059572190046310425,-0.3528287410736084,0.21145866811275482,0.1702423095703125,0.005198460537940264,-0.08690980821847916,0.15448616445064545,-0.6744180917739868,0.921570360660553,0.029594894498586655,0.0,0.0,0.0,0.0,0.0,0.0,0.0,0.0,0.0,0.0,0.0,0.0,0.0,0.0,0.0,0.0,0.0,0.0,0.0,0.0,0.0,0.0,0.0,0.0,0.0,0.0,0.0,0.0,0.0,0.0,0.0,0.0,0.0,0.0,0.0,0.0,0.0,0.0,-1.0,0.0,0.0,0.0,0.0,0.0,0.0
886945546373,hexapod_20260802_214010,229,0.02,0.0,0.0,1.5,1.5,0.0,0.0,0,0,0,0,0,0.7998291254043579,-0.0293731689453125,0.0,-0.24868319928646088,0.25142014026641846,-0.3866856098175049,0.5959683656692505,-0.7816435098648071,0.3980211317539215,0.04904026538133621,0.15974166989326477,0.07114120572805405,-0.35206276178359985,0.21291853487491608,0.13960956037044525,0.008302222937345505,-0.11461431533098221,0.19391661882400513,-0.680067777633667,0.9270338416099548,0.0769294872879982,0.0,0.0,0.0,0.0,0.0,0.0,0.0,0.0,0.0,0.0,0.0,0.0,0.0,0.0,0.0,0.0,0.0,0.0,0.0,0.0,0.0,0.0,0.0,0.0,0.0,0.0,0.0,0.0,0.0,0.0,0.0,0.0,0.0,0.0,0.0,0.0,0.0,0.0,-1.0,0.0,0.0,0.0,0.0,0.0,0.0
886965945941,hexapod_20260802_214010,230,0.02,0.0,0.0,1.5,1.5,0.0,0.0,0,0,0,0,0,0.798632800579071,-0.122650146484375,0.0,-0.2557845413684845,0.26653265953063965,-0.37050390243530273,0.5718754529953003,-0.7607612609863281,0.2567713260650635,0.06972484290599823,0.1848565936088562,0.09398572146892548,-0.35202670097351074,0.22385470569133759,0.07584762573242188,0.018581580370664597,-0.15994855761528015,0.24344661831855774,-0.6749209761619568,0.9364851713180542,0.162931889295578,0.0,0.0,0.0,0.0,0.0,0.0,0.0,0.0,0.0,0.0,0.0,0.0,0.0,0.0,0.0,0.0,0.0,0.0,0.0,0.0,0.0,0.0,0.0,0.0,0.0,0.0,0.0,0.0,0.0,0.0,0.0,0.0,0.0,0.0,0.0,0.0,0.0,0.0,-1.0,0.0,0.0,0.0,0.0,0.0,0.0
886986231112,hexapod_20260802_214010,231,0.02,0.0,0.0,1.5,1.5,0.0,0.0,0,0,0,0,0,0.4247802793979645,-0.3236846923828125,0.0,-0.13230732083320618,0.19646935164928436,-0.24786615371704102,0.3772372305393219,-0.7011823654174805,-0.004181655123829842,0.029479974880814552,0.16722923517227173,0.13168218731880188,-0.25493890047073364,0.3117881715297699,-0.09468214213848114,0.03822885826230049,-0.11896396428346634,0.23757624626159668,-0.5315701961517334,0.7691019177436829,0.3042244613170624,0.0,0.0,0.0,0.0,0.0,0.0,0.0,0.0,0.0,0.0,0.0,0.0,0.0,0.0,0.0,0.0,0.0,0.0,0.0,0.0,0.0,0.0,0.0,0.0,0.0,0.0,0.0,0.0,0.0,0.0,0.0,0.0,0.0,0.0,0.0,0.0,0.0,0.0,-1.0,0.0,0.0,0.0,0.0,0.0,0.0
887006594119,hexapod_20260802_214010,232,0.02,0.0,0.0,1.5,1.5,0.0,0.0,0,0,0,0,0,0.03691406175494194,-0.4908447265625,0.0,-0.0019529196433722973,0.20387813448905945,-0.11363375186920166,0.13936813175678253,-0.7132726311683655,-0.1851525753736496,-0.011788468807935715,0.16170895099639893,0.07075175642967224,-0.0974394828081131,0.3108832836151123,-0.3287770748138428,0.034448083490133286,-0.12363346666097641,0.29280221462249756,-0.258055180311203,0.5498494505882263,0.3677860200405121,0.0,0.0,0.0,0.0,0.0,0.0,0.0,0.0,0.0,0.0,0.0,0.0,0.0,0.0,0.0,0.0,0.0,0.0,0.0,0.0,0.0,0.0,0.0,0.0,0.0,0.0,0.0,0.0,0.0,0.0,0.0,0.0,0.0,0.0,0.0,0.0,0.0,0.0,-1.0,0.0,0.0,0.0,0.0,0.0,0.0
887026758184,hexapod_20260802_214010,233,0.02,0.0,0.0,1.5,-1.5,0.0,0.0,0,0,0,0,0,-0.2420654296875,-0.49224853515625,0.0,0.11013814061880112,0.21517711877822876,-0.11428217589855194,-0.036541834473609924,-0.795613706111908,-0.2387104481458664,-0.0008233655244112015,0.1783050000667572,-0.005801601335406303,0.1102980226278305,0.45138517022132874,-0.4979251027107239,-0.021018587052822113,-0.13717973232269287,0.28097468614578247,-0.0411137156188488,0.41959241032600403,0.275845468044281,0.0,0.0,0.0,0.0,0.0,0.0,0.0,0.0,0.0,0.0,0.0,0.0,0.0,0.0,0.0,0.0,0.0,0.0,0.0,0.0,0.0,0.0,0.0,0.0,0.0,0.0,0.0,0.0,0.0,0.0,0.0,0.0,0.0,0.0,0.0,0.0,0.0,0.0,-1.0,0.0,0.0,0.0,0.0,0.0,0.0
887047292934,hexapod_20260802_214010,234,0.02,0.0,0.0,-1.5,-1.5,0.0,0.0,0,0,0,0,0,-0.39653322100639343,-0.451416015625,0.0,0.14608855545520782,0.22970063984394073,-0.14113548398017883,-0.13722752034664154,-0.8584564924240112,-0.21958374977111816,0.030391870066523552,0.22667405009269714,-0.05581669509410858,0.33932530879974365,0.575993537902832,-0.5580608248710632,-0.05667433887720108,-0.15183702111244202,0.31748929619789124,0.04090491682291031,0.37440431118011475,0.16300727427005768,0.0,0.0,0.0,0.0,0.0,0.0,0.0,0.0,0.0,0.0,0.0,0.0,0.0,0.0,0.0,0.0,0.0,0.0,0.0,0.0,0.0,0.0,0.0,0.0,0.0,0.0,0.0,0.0,0.0,0.0,0.0,0.0,0.0,0.0,0.0,0.0,0.0,0.0,-1.0,0.0,0.0,0.0,0.0,0.0,0.0
887067520757,hexapod_20260802_214010,235,0.02,0.0,0.0,-1.5,-1.5,0.0,0.0,0,0,0,0,0,-0.5730224847793579,-0.3698883056640625,0.0,0.12799908220767975,0.2501463294029236,-0.12813949584960938,-0.21238911151885986,-0.9512255191802979,-0.18691124022006989,0.026793381199240685,0.2837449014186859,-0.09152030944824219,0.5429813861846924,0.6723183393478394,-0.5457883477210999,-0.033061522990465164,-0.16194447875022888,0.4074003994464874,0.07813257724046707,0.3437415659427643,0.026835832744836807,0.0,0.0,0.0,0.0,0.0,0.0,0.0,0.0,0.0,0.0,0.0,0.0,0.0,0.0,0.0,0.0,0.0,0.0,0.0,0.0,0.0,0.0,0.0,0.0,0.0,0.0,0.0,0.0,0.0,0.0,0.0,0.0,0.0,0.0,0.0,0.0,0.0,0.0,-1.0,0.0,0.0,0.0,0.0,0.0,0.0
887087888403,hexapod_20260802_214010,236,0.02,0.0,0.0,-1.5,-1.5,0.0,0.0,0,0,0,0,0,-0.715771496295929,-0.2548980712890625,0.0,0.10650575906038284,0.27180948853492737,-0.12375994026660919,-0.26014724373817444,-1.0178091526031494,-0.1709105223417282,0.002299366518855095,0.32953158020973206,-0.09957967698574066,0.651558518409729,0.726048469543457,-0.49248188734054565,0.04508429393172264,-0.21455559134483337,0.4801517426967621,0.09699004888534546,0.33955660462379456,-0.07495979219675064,0.0,0.0,0.0,0.0,0.0,0.0,0.0,0.0,0.0,0.0,0.0,0.0,0.0,0.0,0.0,0.0,0.0,0.0,0.0,0.0,0.0,0.0,0.0,0.0,0.0,0.0,0.0,0.0,0.0,0.0,0.0,0.0,0.0,0.0,0.0,0.0,0.0,0.0,-1.0,0.0,0.0,0.0,0.0,0.0,0.0
887107993262,hexapod_20260802_214010,237,0.02,0.0,0.0,-1.5,-1.5,0.0,0.0,0,0,0,0,0,-0.790087878704071,-0.1458892822265625,0.0,0.11709488183259964,0.26328736543655396,-0.14066490530967712,-0.2867856025695801,-0.9964500665664673,-0.1753665953874588,-0.00026061199605464935,0.3477523922920227,-0.08644896745681763,0.6821576952934265,0.7047731876373291,-0.44799184799194336,0.09978652000427246,-0.2704727351665497,0.515216588973999,0.11447495967149734,0.35000360012054443,-0.11547956615686417,0.0,0.0,0.0,0.0,0.0,0.0,0.0,0.0,0.0,0.0,0.0,0.0,0.0,0.0,0.0,0.0,0.0,0.0,0.0,0.0,0.0,0.0,0.0,0.0,0.0,0.0,0.0,0.0,0.0,0.0,0.0,0.0,0.0,0.0,0.0,0.0,0.0,0.0,-1.0,0.0,0.0,0.0,0.0,0.0,0.0
887128745022,hexapod_20260802_214010,238,0.02,0.0,0.0,-1.5,-1.5,0.0,0.0,0,0,0,0,0,-0.7998046875,-0.03692626953125,0.0,0.13487835228443146,0.24354465305805206,-0.1561250239610672,-0.31851887702941895,-0.9504141211509705,-0.15352389216423035,0.018264194950461388,0.34381359815597534,-0.06714892387390137,0.6786084175109863,0.665555477142334,-0.40170904994010925,0.10603812336921692,-0.2889367341995239,0.5125834345817566,0.13158825039863586,0.3480880558490753,-0.12826775014400482,0.0,0.0,0.0,0.0,0.0,0.0,0.0,0.0,0.0,0.0,0.0,0.0,0.0,0.0,0.0,0.0,0.0,0.0,0.0,0.0,0.0,0.0,0.0,0.0,0.0,0.0,0.0,0.0,0.0,0.0,0.0,0.0,0.0,0.0,0.0,0.0,0.0,0.0,-1.0,0.0,0.0,0.0,0.0,0.0,0.0
887149000974,hexapod_20260802_214010,239,0.02,0.0,0.0,-1.5,-1.5,0.0,0.0,0,0,0,0,0,-0.7998046875,0.0764923095703125,0.0,0.15797890722751617,0.21175476908683777,-0.16524533927440643,-0.36336207389831543,-0.9147061109542847,-0.0996776670217514,0.049613580107688904,0.3257427215576172,-0.039153918623924255,0.6692940592765808,0.6267085075378418,-0.35685089230537415,0.08395014703273773,-0.29130735993385315,0.49299153685569763,0.15157294273376465,0.3449898362159729,-0.1329830437898636,0.0,0.0,0.0,0.0,0.0,0.0,0.0,0.0,0.0,0.0,0.0,0.0,0.0,0.0,0.0,0.0,0.0,0.0,0.0,0.0,0.0,0.0,0.0,0.0,0.0,0.0,0.0,0.0,0.0,0.0,0.0,0.0,0.0,0.0,0.0,0.0,0.0,0.0,-1.0,0.0,0.0,0.0,0.0,0.0,0.0
887169280655,hexapod_20260802_214010,240,0.02,0.0,0.0,-1.5,-1.5,0.0,0.0,0,0,0,0,0,-0.7090088129043579,0.2617950439453125,0.0,0.19362448155879974,0.14626789093017578,-0.1735096126794815,-0.43214094638824463,-0.9076941609382629,0.08538834750652313,0.11524427682161331,0.2572794258594513,0.012362571433186531,0.6373257637023926,0.5823624134063721,-0.25826242566108704,-0.005802306812256575,-0.2757495641708374,0.4082084894180298,0.19248250126838684,0.34833547472953796,-0.1396442949771881,0.0,0.0,0.0,0.0,0.0,0.0,0.0,0.0,0.0,0.0,0.0,0.0,0.0,0.0,0.0,0.0,0.0,0.0,0.0,0.0,0.0,0.0,0.0,0.0,0.0,0.0,0.0,0.0,0.0,0.0,0.0,0.0,0.0,0.0,0.0,0.0,0.0,0.0,-1.0,0.0,0.0,0.0,0.0,0.0,0.0
887189523706,hexapod_20260802_214010,241,0.02,0.0,0.0,-1.5,-1.5,0.0,0.0,0,0,0,0,0,-0.5660644769668579,0.3736419677734375,0.0,0.21590553224086761,0.11659286916255951,-0.1621495932340622,-0.4587170481681824,-0.9060112833976746,0.32229137420654297,0.1691596806049347,0.1838195025920868,0.04921983927488327,0.5542458295822144,0.5529307723045349,-0.15965060889720917,-0.08684194087982178,-0.24004513025283813,0.30597037076950073,0.2203061580657959,0.39968210458755493,-0.13786298036575317,0.0,0.0,0.0,0.0,0.0,0.0,0.0,0.0,0.0,0.0,0.0,0.0,0.0,0.0,0.0,0.0,0.0,0.0,0.0,0.0,0.0,0.0,0.0,0.0,0.0,0.0,0.0,0.0,0.0,0.0,0.0,0.0,0.0,0.0,0.0,0.0,0.0,0.0,-1.0,0.0,0.0,0.0,0.0,0.0,0.0
887209776340,hexapod_20260802_214010,242,0.02,0.0,0.0,-1.5,-1.5,0.0,0.0,0,0,0,0,0,-0.29304200410842896,0.4813232421875,0.0,0.12891891598701477,0.12386806309223175,-0.1867353767156601,-0.3265776038169861,-0.8767693638801575,0.6270644068717957,0.159153014421463,0.15956801176071167,0.0887686163187027,0.3543417453765869,0.5053409934043884,-0.010281996801495552,-0.10533418506383896,-0.21279266476631165,0.196946382522583,0.15618157386779785,0.49525752663612366,-0.13311366736888885,0.0,0.0,0.0,0.0,0.0,0.0,0.0,0.0,0.0,0.0,0.0,0.0,0.0,0.0,0.0,0.0,0.0,0.0,0.0,0.0,0.0,0.0,0.0,0.0,0.0,0.0,0.0,0.0,0.0,0.0,0.0,0.0,0.0,0.0,0.0,0.0,0.0,0.0,-1.0,0.0,0.0,0.0,0.0,0.0,0.0
887230172976,hexapod_20260802_214010,243,0.02,0.0,0.0,-1.5,1.5,0.0,0.0,0,0,0,0,0,0.10639648884534836,0.5,0.0,-0.0015529408119618893,0.16808010637760162,-0.27310213446617126,-0.022394195199012756,-0.9268072843551636,0.7744616866111755,0.09116063266992569,0.1784709393978119,0.075254425406456,0.13100504875183105,0.4355617165565491,0.100007563829422,-0.05575861036777496,-0.17548123002052307,0.12792998552322388,-0.053187500685453415,0.6324143409729004,-0.14124879240989685,0.0,0.0,0.0,0.0,0.0,0.0,0.0,0.0,0.0,0.0,0.0,0.0,0.0,0.0,0.0,0.0,0.0,0.0,0.0,0.0,0.0,0.0,0.0,0.0,0.0,0.0,0.0,0.0,0.0,0.0,0.0,0.0,0.0,0.0,0.0,0.0,0.0,0.0,-1.0,0.0,0.0,0.0,0.0,0.0,0.0
887250444839,hexapod_20260802_214010,244,0.02,0.0,0.0,1.5,1.5,0.0,0.0,0,0,0,0,0,0.4791015684604645,0.41876220703125,0.0,-0.08151151239871979,0.18075062334537506,-0.3164801001548767,0.25248175859451294,-0.9397135972976685,0.7712526917457581,0.03730879724025726,0.17407315969467163,-0.0026327800005674362,-0.035690516233444214,0.3387863039970398,0.1815546602010727,-0.05783560499548912,-0.11556410044431686,0.0667286366224289,-0.30567607283592224,0.7995252013206482,-0.12401699274778366,0.0,0.0,0.0,0.0,0.0,0.0,0.0,0.0,0.0,0.0,0.0,0.0,0.0,0.0,0.0,0.0,0.0,0.0,0.0,0.0,0.0,0.0,0.0,0.0,0.0,0.0,0.0,0.0,0.0,0.0,0.0,0.0,0.0,0.0,0.0,0.0,0.0,0.0,-1.0,0.0,0.0,0.0,0.0,0.0,0.0
887270954911,hexapod_20260802_214010,245,0.02,0.0,0.0,1.5,1.5,0.0,0.0,0,0,0,0,0,0.714404284954071,0.2566070556640625,0.0,-0.19667576253414154,0.2009231597185135,-0.3370625674724579,0.47439125180244446,-0.853168249130249,0.6974549889564514,0.012557828798890114,0.14011570811271667,-0.024374371394515038,-0.19245460629463196,0.27391955256462097,0.22697849571704865,-0.041725266724824905,-0.083243727684021,0.0686725527048111,-0.5153302550315857,0.8933982253074646,-0.08651819825172424,0.0,0.0,0.0,0.0,0.0,0.0,0.0,0.0,0.0,0.0,0.0,0.0,0.0,0.0,0.0,0.0,0.0,0.0,0.0,0.0,0.0,0.0,0.0,0.0,0.0,0.0,0.0,0.0,0.0,0.0,0.0,0.0,0.0,0.0,0.0,0.0,0.0,0.0,-1.0,0.0,0.0,0.0,0.0,0.0,0.0
887291128646,hexapod_20260802_214010,246,0.02,0.0,0.0,1.5,1.5,0.0,0.0,0,0,0,0,0,0.750048816204071,0.212738037109375,0.0,-0.21793660521507263,0.20580334961414337,-0.36954325437545776,0.5655527114868164,-0.8271723985671997,0.6628249287605286,0.002950785681605339,0.11373674124479294,-0.012789292261004448,-0.2824441194534302,0.24842099845409393,0.22011686861515045,-0.012470412999391556,-0.05847631394863129,0.07812513411045074,-0.5973902940750122,0.9088118672370911,-0.06623046100139618,0.0,0.0,0.0,0.0,0.0,0.0,0.0,0.0,0.0,0.0,0.0,0.0,0.0,0.0,0.0,0.0,0.0,0.0,0.0,0.0,0.0,0.0,0.0,0.0,0.0,0.0,0.0,0.0,0.0,0.0,0.0,0.0,0.0,0.0,0.0,0.0,0.0,0.0,-1.0,0.0,0.0,0.0,0.0,0.0,0.0
887311502481,hexapod_20260802_214010,247,0.02,0.0,0.0,1.5,1.5,0.0,0.0,0,0,0,0,0,0.775927722454071,0.172943115234375,0.0,-0.23050829768180847,0.20866169035434723,-0.38718825578689575,0.6033246517181396,-0.8186555504798889,0.6363771557807922,0.007217107340693474,0.11092159897089005,0.010148441419005394,-0.3249514102935791,0.23119793832302094,0.21246396005153656,-0.0008406522683799267,-0.055222801864147186,0.08343082666397095,-0.6313666701316833,0.9117428660392761,-0.04685627669095993,0.0,0.0,0.0,0.0,0.0,0.0,0.0,0.0,0.0,0.0,0.0,0.0,0.0,0.0,0.0,0.0,0.0,0.0,0.0,0.0,0.0,0.0,0.0,0.0,0.0,0.0,0.0,0.0,0.0,0.0,0.0,0.0,0.0,0.0,0.0,0.0,0.0,0.0,-1.0,0.0,0.0,0.0,0.0,0.0,0.0
887331710823,hexapod_20260802_214010,248,0.02,0.0,0.0,1.5,1.5,0.0,0.0,0,0,0,0,0,0.7997803092002869,0.1148223876953125,0.0,-0.2423097938299179,0.21786130964756012,-0.3943028450012207,0.6179406642913818,-0.79787278175354,0.5909043550491333,0.02208538167178631,0.12052460759878159,0.032026857137680054,-0.344538152217865,0.2162962704896927,0.20114809274673462,0.002442580182105303,-0.060937099158763885,0.10450084507465363,-0.6508010625839233,0.9161285161972046,-0.020922750234603882,0.0,0.0,0.0,0.0,0.0,0.0,0.0,0.0,0.0,0.0,0.0,0.0,0.0,0.0,0.0,0.0,0.0,0.0,0.0,0.0,0.0,0.0,0.0,0.0,0.0,0.0,0.0,0.0,0.0,0.0,0.0,0.0,0.0,0.0,0.0,0.0,0.0,0.0,-1.0,0.0,0.0,0.0,0.0,0.0,0.0
887351990598,hexapod_20260802_214010,249,0.02,0.0,0.0,1.5,1.5,0.0,0.0,0,0,0,0,0,0.7998291254043579,0.0107269287109375,0.0,-0.24615268409252167,0.23506169021129608,-0.3835902810096741,0.5982518792152405,-0.7658253908157349,0.4777921140193939,0.046963758766651154,0.14017456769943237,0.05545532703399658,-0.34295910596847534,0.21407891809940338,0.16109317541122437,0.0017505702562630177,-0.07843401283025742,0.16132120788097382,-0.6579861640930176,0.9267442226409912,0.04436418041586876,0.0,0.0,0.0,0.0,0.0,0.0,0.0,0.0,0.0,0.0,0.0,0.0,0.0,0.0,0.0,0.0,0.0,0.0,0.0,0.0,0.0,0.0,0.0,0.0,0.0,0.0,0.0,0.0,0.0,0.0,0.0,0.0,0.0,0.0,0.0,0.0,0.0,0.0,-1.0,0.0,0.0,0.0,0.0,0.0,0.0
887372383799,hexapod_20260802_214010,250,0.02,0.0,0.0,1.5,1.5,0.0,0.0,0,0,0,0,0,0.6861572265625,-0.1419677734375,0.0,-0.2298472672700882,0.23195938766002655,-0.3370186686515808,0.5075083374977112,-0.7083549499511719,0.24912813305854797,0.0547085702419281,0.1751871109008789,0.1034773737192154,-0.30899518728256226,0.23730246722698212,0.06213071197271347,0.007129427511245012,-0.10830669850111008,0.2274756133556366,-0.6342602968215942,0.8987751603126526,0.16740132868289948,0.0,0.0,0.0,0.0,0.0,0.0,0.0,0.0,0.0,0.0,0.0,0.0,0.0,0.0,0.0,0.0,0.0,0.0,0.0,0.0,0.0,0.0,0.0,0.0,0.0,0.0,0.0,0.0,0.0,0.0,0.0,0.0,0.0,0.0,0.0,0.0,0.0,0.0,-1.0,0.0,0.0,0.0,0.0,0.0,0.0
887392700751,hexapod_20260802_214010,251,0.02,0.0,0.0,1.5,1.5,0.0,0.0,0,0,0,0,0,0.41850587725639343,-0.37335205078125,0.0,-0.12014903128147125,0.20494259893894196,-0.22625692188739777,0.3475760221481323,-0.6720881462097168,-0.023221487179398537,0.04982168227434158,0.167086660861969,0.14211495220661163,-0.24263523519039154,0.3027900755405426,-0.13560302555561066,0.04427864030003548,-0.12199201434850693,0.2319866418838501,-0.49582311511039734,0.7711611390113831,0.3416290581226349,0.0,0.0,0.0,0.0,0.0,0.0,0.0,0.0,0.0,0.0,0.0,0.0,0.0,0.0,0.0,0.0,0.0,0.0,0.0,0.0,0.0,0.0,0.0,0.0,0.0,0.0,0.0,0.0,0.0,0.0,0.0,0.0,0.0,0.0,0.0,0.0,0.0,0.0,-1.0,0.0,0.0,0.0,0.0,0.0,0.0
887412960666,hexapod_20260802_214010,252,0.02,0.0,0.0,1.5,1.5,0.0,0.0,0,0,0,0,0,0.2682128846645355,-0.4869384765625,0.0,-0.01238967478275299,0.2321985512971878,-0.14776308834552765,0.23481057584285736,-0.7250932455062866,-0.16291026771068573,0.06426377594470978,0.1652214527130127,0.11208334565162659,-0.1726873368024826,0.2818848788738251,-0.32023903727531433,0.04899775981903076,-0.14503180980682373,0.2656489908695221,-0.33354899287223816,0.6553249955177307,0.4291846454143524,0.0,0.0,0.0,0.0,0.0,0.0,0.0,0.0,0.0,0.0,0.0,0.0,0.0,0.0,0.0,0.0,0.0,0.0,0.0,0.0,0.0,0.0,0.0,0.0,0.0,0.0,0.0,0.0,0.0,0.0,0.0,0.0,0.0,0.0,0.0,0.0,0.0,0.0,-1.0,0.0,0.0,0.0,0.0,0.0,0.0
887433021783,hexapod_20260802_214010,253,0.02,0.0,0.0,1.5,1.5,0.0,0.0,0,0,0,0,0,0.26750490069389343,-0.487091064453125,0.0,0.04105853661894798,0.24004913866519928,-0.1207321435213089,0.2103608399629593,-0.7867158651351929,-0.2225431352853775,0.08459828794002533,0.18666139245033264,0.06836774200201035,-0.13365502655506134,0.2742888033390045,-0.38879790902137756,0.05103239417076111,-0.16283869743347168,0.27185583114624023,-0.24684393405914307,0.6071304678916931,0.4636397659778595,0.0,0.0,0.0,0.0,0.0,0.0,0.0,0.0,0.0,0.0,0.0,0.0,0.0,0.0,0.0,0.0,0.0,0.0,0.0,0.0,0.0,0.0,0.0,0.0,0.0,0.0,0.0,0.0,0.0,0.0,0.0,0.0,0.0,0.0,0.0,0.0,0.0,0.0,-1.0,0.0,0.0,0.0,0.0,0.0,0.0
887453223650,hexapod_20260802_214010,254,0.02,0.0,0.0,1.5,1.5,0.0,0.0,0,0,0,0,0,0.2852783203125,-0.4832305908203125,0.0,0.05932624638080597,0.23487119376659393,-0.11148665100336075,0.2122495472431183,-0.813567042350769,-0.24259157478809357,0.09730986505746841,0.1951921284198761,0.041851840913295746,-0.11115328222513199,0.2791200280189514,-0.39638465642929077,0.05210713669657707,-0.1671857237815857,0.26344725489616394,-0.2145954966545105,0.5883432030677795,0.4767542779445648,0.0,0.0,0.0,0.0,0.0,0.0,0.0,0.0,0.0,0.0,0.0,0.0,0.0,0.0,0.0,0.0,0.0,0.0,0.0,0.0,0.0,0.0,0.0,0.0,0.0,0.0,0.0,0.0,0.0,0.0,0.0,0.0,0.0,0.0,0.0,0.0,0.0,0.0,-1.0,0.0,0.0,0.0,0.0,0.0,0.0
887473437208,hexapod_20260802_214010,255,0.02,0.0,0.0,1.5,1.5,0.0,0.0,0,0,0,0,0,0.2921142578125,-0.4800567626953125,0.0,0.06565800309181213,0.23181353509426117,-0.10925289243459702,0.21477580070495605,-0.8199422955513,-0.24787871539592743,0.10172546654939651,0.19695168733596802,0.02856343425810337,-0.09932170063257217,0.28328898549079895,-0.389565110206604,0.051499608904123306,-0.16842198371887207,0.25720831751823425,-0.202181875705719,0.5800116658210754,0.48114219307899475,0.0,0.0,0.0,0.0,0.0,0.0,0.0,0.0,0.0,0.0,0.0,0.0,0.0,0.0,0.0,0.0,0.0,0.0,0.0,0.0,0.0,0.0,0.0,0.0,0.0,0.0,0.0,0.0,0.0,0.0,0.0,0.0,0.0,0.0,0.0,0.0,0.0,0.0,-1.0,0.0,0.0,0.0,0.0,0.0,0.0
887493946198,hexapod_20260802_214010,256,0.02,0.0,0.0,1.5,1.5,0.0,0.0,0,0,0,0,0,0.30729982256889343,-0.4090576171875,0.0,0.05495364964008331,0.21506965160369873,-0.12251385301351547,0.22726571559906006,-0.8241894245147705,-0.22506190836429596,0.08987335115671158,0.18243637681007385,0.012448852881789207,-0.10064253956079483,0.2848253548145294,-0.3165818452835083,0.051978372037410736,-0.16988730430603027,0.25100648403167725,-0.22598952054977417,0.5713192820549011,0.4491734504699707,0.0,0.0,0.0,0.0,0.0,0.0,0.0,0.0,0.0,0.0,0.0,0.0,0.0,0.0,0.0,0.0,0.0,0.0,0.0,0.0,0.0,0.0,0.0,0.0,0.0,0.0,0.0,0.0,0.0,0.0,0.0,0.0,0.0,0.0,0.0,0.0,0.0,0.0,-1.0,0.0,0.0,0.0,0.0,0.0,0.0
887514246412,hexapod_20260802_214010,257,0.02,0.0,0.0,1.5,1.5,0.0,0.0,0,0,0,0,0,0.3088134825229645,-0.4059906005859375,0.0,0.04434710368514061,0.2147645801305771,-0.12458959966897964,0.22878406941890717,-0.8109800219535828,-0.212662473320961,0.08541851490736008,0.1769413948059082,0.009638434275984764,-0.101810522377491,0.29198798537254333,-0.2876724898815155,0.05032355338335037,-0.16884726285934448,0.25045615434646606,-0.24014607071876526,0.5742281079292297,0.4365294277667999,0.0,0.0,0.0,0.0,0.0,0.0,0.0,0.0,0.0,0.0,0.0,0.0,0.0,0.0,0.0,0.0,0.0,0.0,0.0,0.0,0.0,0.0,0.0,0.0,0.0,0.0,0.0,0.0,0.0,0.0,0.0,0.0,0.0,0.0,0.0,0.0,0.0,0.0,-1.0,0.0,0.0,0.0,0.0,0.0,0.0
887534500915,hexapod_20260802_214010,258,0.02,0.0,0.0,1.5,1.5,0.0,0.0,0,0,0,0,0,0.30622559785842896,-0.40570068359375,0.0,0.040458645671606064,0.2160467952489853,-0.12548106908798218,0.22622142732143402,-0.8045754432678223,-0.20820923149585724,0.08229374140501022,0.1747107207775116,0.009746266528964043,-0.10356966406106949,0.29430899024009705,-0.2807234525680542,0.04945258051156998,-0.16773423552513123,0.25193721055984497,-0.24627012014389038,0.5760807991027832,0.43163856863975525,0.0,0.0,0.0,0.0,0.0,0.0,0.0,0.0,0.0,0.0,0.0,0.0,0.0,0.0,0.0,0.0,0.0,0.0,0.0,0.0,0.0,0.0,0.0,0.0,0.0,0.0,0.0,0.0,0.0,0.0,0.0,0.0,0.0,0.0,0.0,0.0,0.0,0.0,-1.0,0.0,0.0,0.0,0.0,0.0,0.0
887555156017,hexapod_20260802_214010,259,0.02,0.0,0.0,1.5,1.5,0.0,0.0,0,0,0,0,0,0.3106689453125,-0.40643310546875,0.0,0.03833663836121559,0.2180720418691635,-0.12683002650737762,0.22683799266815186,-0.8031944632530212,-0.20596446096897125,0.08255817741155624,0.17419147491455078,0.011709356680512428,-0.10715744644403458,0.2945292294025421,-0.28006041049957275,0.04927651956677437,-0.16776254773139954,0.2522948086261749,-0.2512493133544922,0.5801851153373718,0.43164297938346863,0.0,0.0,0.0,0.0,0.0,0.0,0.0,0.0,0.0,0.0,0.0,0.0,0.0,0.0,0.0,0.0,0.0,0.0,0.0,0.0,0.0,0.0,0.0,0.0,0.0,0.0,0.0,0.0,0.0,0.0,0.0,0.0,0.0,0.0,0.0,0.0,0.0,0.0,-1.0,0.0,0.0,0.0,0.0,0.0,0.0
887575641119,hexapod_20260802_214010,260,0.02,0.0,0.0,1.5,1.5,0.0,0.0,0,0,0,0,0,0.33381348848342896,-0.408050537109375,0.0,0.03410832956433296,0.2233957201242447,-0.1316860318183899,0.2382572889328003,-0.8051023483276367,-0.20092494785785675,0.0890553891658783,0.1744523048400879,0.017627717927098274,-0.1180366575717926,0.2937232553958893,-0.27936145663261414,0.04969336465001106,-0.17003196477890015,0.2496897280216217,-0.2640109360218048,0.594492495059967,0.438007652759552,0.0,0.0,0.0,0.0,0.0,0.0,0.0,0.0,0.0,0.0,0.0,0.0,0.0,0.0,0.0,0.0,0.0,0.0,0.0,0.0,0.0,0.0,0.0,0.0,0.0,0.0,0.0,0.0,0.0,0.0,0.0,0.0,0.0,0.0,0.0,0.0,0.0,0.0,-1.0,0.0,0.0,0.0,0.0,0.0,0.0
