timestamp_ns,trajectory_id,sample_index,control_dt_s,force_raw_n,force_filtered_n,torque_actual_nm,torque_command_prev_nm,torque_command_issued_nm,motor_position_rad,force_reference_n,imu_valid,tension_sensor_valid,saturation_flag,emergency_flag,data_valid_flag,velocity_command_0,velocity_command_1,velocity_command_2,policy_action_0,policy_action_1,policy_action_2,policy_action_3,policy_action_4,policy_action_5,policy_action_6,policy_action_7,policy_action_8,policy_action_9,policy_action_10,policy_action_11,policy_action_12,policy_action_13,policy_action_14,policy_action_15,policy_action_16,policy_action_17,joint_position_0,joint_position_1,joint_position_2,joint_position_3,joint_position_4,joint_position_5,joint_position_6,joint_position_7,joint_position_8,joint_position_9,joint_position_10,joint_position_11,joint_position_12,joint_position_13,joint_position_14,joint_position_15,joint_position_16,joint_position_17,joint_velocity_0,joint_velocity_1,joint_velocity_2,joint_velocity_3,joint_velocity_4,joint_velocity_5,joint_velocity_6,joint_velocity_7,joint_velocity_8,joint_velocity_9,joint_velocity_10,joint_velocity_11,joint_velocity_12,joint_velocity_13,joint_velocity_14,joint_velocity_15,joint_velocity_16,joint_velocity_17,body_gravity_vector_0,body_gravity_vector_1,body_gravity_vector_2,body_angular_velocity_0,body_angular_velocity_1,body_angular_velocity_2,body_linear_acceleration_filtered_0,body_linear_acceleration_filtered_1,body_linear_acceleration_filtered_2
10300000000000,synthetic_50hz_04,0,0.02,85.09420429,87.41884086,8.00000000,8.00000000,15.35086230,0.24100800,114.32039086,1,1,0,0,1,0.00000000,0.00000000,-0.00000000,0.00000000,0.03057720,0.06817736,-0.00418726,-0.03857400,-0.07306522,0.00825381,0.04545870,0.07584656,-0.01208239,-0.05103280,-0.07644122,0.01556263,0.05513559,0.07483204,-0.01859419,-0.05764881,-0.07106542,0.00000000,0.15730897,-0.16454826,-0.00305830,0.07537158,-0.32073661,0.00601848,0.17071459,-0.15623857,-0.00878544,0.06461504,-0.32444114,0.01127004,0.17849693,-0.15724310,-0.01339189,0.06004796,-0.31875660,0.10108074,0.20368356,0.14171767,-0.09962364,-0.17962001,-0.09256744,0.09529434,0.15037794,0.04074846,-0.08821766,-0.11680040,0.01224532,0.07859763,0.07985545,-0.06488606,-0.06671159,-0.04060823,0.11565611,0.00591037,-0.00000000,-0.99998253,0.02250000,-0.03343678,-0.00000000,0.00000000,0.00000000,0.00000000
10300020000000,synthetic_50hz_04,1,0.02,84.06331816,86.74773632,11.08736217,15.35086230,15.43860874,0.24323157,114.50498232,1,1,0,0,1,-0.00908989,0.00063999,-0.00131997,0.00208187,0.03528527,0.07223996,-0.00630937,-0.04292061,-0.07619751,0.01035497,0.04931853,0.07795825,-0.01410203,-0.05429457,-0.07747142,0.01744252,0.05770528,0.07475104,-0.02028013,-0.05945232,-0.06987557,0.00213147,0.16204371,-0.16050644,-0.00522954,0.07099267,-0.32385469,0.00816731,0.17461172,-0.15413425,-0.01085033,0.06131172,-0.32547096,0.01319187,0.18111156,-0.15731747,-0.01511561,0.05819700,-0.31758025,0.10385713,0.19866332,0.12194259,-0.10090640,-0.17116275,-0.06974555,0.09504650,0.13872748,0.01553772,-0.08644636,-0.10229262,0.03911808,0.07535394,0.06290863,-0.09264608,-0.06208902,-0.02171095,0.14350305,0.00681355,-0.00048518,-0.99997667,0.02249636,-0.03328870,-0.00131997,-0.09089892,0.00639993,-0.01319973
10300040000000,synthetic_50hz_04,2,0.02,83.83698601,86.16558625,12.91488573,15.43860874,15.49189342,0.24668217,114.68479003,1,1,0,0,1,-0.01792408,0.00127995,-0.00263979,0.00427201,0.03996551,0.07590590,-0.00850450,-0.04714929,-0.07884118,0.01249180,0.05297374,0.07950344,-0.01611896,-0.05727092,-0.07787357,0.01928140,0.05991696,0.07399857,-0.02188795,-0.06083557,-0.06799016,0.00437120,0.16675036,-0.15686156,-0.00747383,0.06673191,-0.32648385,0.01035189,0.17830401,-0.15259674,-0.01291264,0.05829401,-0.32587244,0.01507285,0.18336806,-0.15806361,-0.01676140,0.05676639,-0.31570805,0.10580843,0.19120822,0.09928880,-0.10127022,-0.16026507,-0.04432268,0.09381235,0.12470140,-0.01192127,-0.08364981,-0.08554253,0.06782154,0.07107562,0.04391744,-0.12176647,-0.05645228,-0.00102618,0.17220082,0.00769762,-0.00097020,-0.99996990,0.02248542,-0.03313410,-0.00263979,-0.16106100,0.01151947,-0.02375792
10300060000000,synthetic_50hz_04,3,0.02,84.37366485,85.80720197,13.99722895,15.49189342,15.48689644,0.25127531,114.85993302,1,1,0,0,1,-0.02650921,0.00191982,-0.00395928,0.00654988,0.04455428,0.07909666,-0.01074936,-0.05119544,-0.08092413,0.01463893,0.05636062,0.08041851,-0.01810645,-0.05990089,-0.07759439,0.02105196,0.06171419,0.07253319,-0.02339052,-0.06174825,-0.06538083,0.00669867,0.17136527,-0.15369213,-0.00976790,0.06265393,-0.32855199,0.01254686,0.18172778,-0.15168964,-0.01494564,0.05562285,-0.32559227,0.01688567,0.18520997,-0.15952297,-0.01830215,0.05580643,-0.31311162,0.10683372,0.18121431,0.07383652,-0.10062924,-0.14687307,-0.01644405,0.09152356,0.10829741,-0.04142251,-0.07977923,-0.06659948,0.09809484,0.06573482,0.02298146,-0.15193905,-0.04979524,0.02129912,0.20140278,0.00856298,-0.00145493,-0.99996228,0.02246720,-0.03297300,-0.00395928,-0.21470012,0.01561428,-0.03220128
10300080000000,synthetic_50hz_04,4,0.02,85.22643750,85.69104908,14.62288930,15.48689644,15.42304459,0.25688417,115.03052755,1,1,0,0,1,-0.03485178,0.00255956,-0.00527830,0.00889225,0.04898491,0.08173550,-0.01301834,-0.05499276,-0.08237774,0.01676910,0.05941515,0.08064499,-0.02003640,-0.06212457,-0.07658720,0.02272604,0.06304291,0.07032137,-0.02476047,-0.06214369,-0.06202814,0.00909063,0.17582179,-0.15107491,-0.01208612,0.05882501,-0.32999050,0.01472494,0.18481898,-0.15147145,-0.01692121,0.05335815,-0.32458378,0.01860218,0.18658323,-0.16172908,-0.01971048,0.05536381,-0.30977155,0.10683924,0.16861108,0.04571830,-0.09890726,-0.13096952,0.01369329,0.08812374,0.08955204,-0.07271010,-0.07479957,-0.04555274,0.12963065,0.05931889,0.00024013,-0.18281388,-0.04212802,0.04507940,0.23072650,0.00941004,-0.00193922,-0.99995384,0.02244171,-0.03280545,-0.00527830,-0.25518578,0.01888890,-0.03895118
10300100000000,synthetic_50hz_04,5,0.02,86.11277804,85.77539487,14.95895452,15.42304459,15.31215407,0.26336827,115.19668712,1,1,0,0,1,-0.04295813,0.00319915,-0.00659667,0.01127333,0.05318867,0.08374887,-0.01528371,-0.05847427,-0.08313832,0.01885346,0.06207403,0.08013086,-0.02187966,-0.06388417,-0.07481319,0.02427505,0.06385249,0.06733862,-0.02597058,-0.06197992,-0.05792264,0.01152129,0.18005118,-0.14908344,-0.01440077,0.05531214,-0.33073569,0.01685730,0.18751434,-0.15199416,-0.01881022,0.05155770,-0.32280817,0.02019377,0.18743722,-0.16470643,-0.02095915,0.05548050,-0.30567836,0.10574075,0.15336542,0.01512068,-0.09603998,-0.11257709,0.04584000,0.08357032,0.06854311,-0.10547910,-0.06869130,-0.02253300,0.16207718,0.05183187,-0.02412674,-0.21400250,-0.03347811,0.07009090,0.25975803,0.01023920,-0.00242291,-0.99994464,0.02240894,-0.03263146,-0.00659667,-0.28521209,0.02150695,-0.04434471
10300120000000,synthetic_50hz_04,6,0.02,86.41606041,85.90352798,15.10729833,15.31215407,15.18843254,0.27058875,115.35852256,1,1,0,0,1,-0.05083444,0.00383853,-0.00791425,0.01366505,0.05709578,0.08506787,-0.01751602,-0.06157339,-0.08314852,0.02086199,0.06427582,0.07883196,-0.02360651,-0.06512514,-0.07224263,0.02567044,0.06409688,0.06357052,-0.02699427,-0.06122067,-0.05306563,0.01396258,0.18398365,-0.14778660,-0.01668239,0.05218190,-0.33073021,0.01891390,0.18975239,-0.15330194,-0.02058293,0.05027605,-0.32023570,0.02163189,0.18772588,-0.16846942,-0.02202160,0.05619276,-0.30083336,0.10346582,0.13548508,-0.01771513,-0.09197704,-0.09176100,0.07969507,0.07783653,0.04539140,-0.13937736,-0.06145195,0.00228686,0.19504134,0.04329568,-0.04989918,-0.24508219,-0.02389118,0.09607289,0.28805721,0.01105083,-0.00290587,-0.99993472,0.02236891,-0.03245107,-0.00791425,-0.30693283,0.02359935,-0.04865155
10300140000000,synthetic_50hz_04,7,0.02,87.24854297,86.17253098,15.14137470,15.18843254,15.03786973,0.27841735,115.51614207,1,1,0,0,1,-0.05848677,0.00447766,-0.00923087,0.01603739,0.06063646,0.08562976,-0.01968439,-0.06422508,-0.08235869,0.02276389,0.06596207,0.07671317,-0.02518709,-0.06579734,-0.06885599,0.02688413,0.06373564,0.05901365,-0.02780609,-0.05983641,-0.04746992,0.01638448,0.18754942,-0.14724715,-0.01890011,0.04949932,-0.32992440,0.02086393,0.19147469,-0.15542991,-0.02220949,0.04956336,-0.31684684,0.02288848,0.18740878,-0.17302149,-0.02287237,0.05753013,-0.29524937,0.09995600,0.11502156,-0.05249367,-0.08668404,-0.06863091,0.11490756,0.07091294,0.02026159,-0.17400861,-0.05309739,0.02869188,0.22809292,0.03375102,-0.07681815,-0.27560119,-0.01343159,0.12272972,0.31516376,0.01184531,-0.00338794,-0.99992410,0.02232163,-0.03226433,-0.00923087,-0.32206957,0.02527081,-0.05208745
10300160000000,synthetic_50hz_04,8,0.02,87.48784316,86.43559341,15.09790261,15.03786973,14.89225532,0.28673914,115.66965133,1,1,0,0,1,-0.06592102,0.00511651,-0.01054638,0.01835876,0.06374216,0.08537933,-0.02175703,-0.06636703,-0.08072821,0.02452803,0.06707851,0.07374966,-0.02659189,-0.06585609,-0.06464487,0.02788908,0.06273500,0.05367634,-0.02838222,-0.05780524,-0.04116030,0.01875540,0.19067995,-0.14752030,-0.02102213,0.04732673,-0.32827766,0.02267630,0.19262697,-0.15840292,-0.02366038,0.04946429,-0.31263320,0.02393648,0.18645213,-0.17835431,-0.02348763,0.05951453,-0.28895116,0.09516890,0.09207227,-0.08886678,-0.08014423,-0.04334212,0.15107949,0.06280896,-0.00663760,-0.20893650,-0.04366287,0.05642596,0.26076978,0.02325797,-0.10458753,-0.30508494,-0.00218253,0.14973379,0.34060437,0.01262299,-0.00386897,-0.99991284,0.02226712,-0.03207126,-0.01054638,-0.33199817,0.02660512,-0.05482499
10300180000000,synthetic_50hz_04,9,0.02,88.55362897,86.85920052,15.01153075,14.89225532,14.72290684,0.29545447,115.81915353,1,1,0,0,1,-0.07314296,0.00575502,-0.01186060,0.02059642,0.06634677,0.08427036,-0.02370164,-0.06794088,-0.07822676,0.02612354,0.06757623,0.06992785,-0.02779228,-0.06526332,-0.05961288,0.02865975,0.06106884,0.04757924,-0.02870095,-0.05511371,-0.03417388,0.02104259,0.19330912,-0.14865225,-0.02301614,0.04572249,-0.32575966,0.02432009,0.19316030,-0.16223452,-0.02490698,0.05001692,-0.30759838,0.02475035,0.18482981,-0.18444722,-0.02384570,0.06215937,-0.28197586,0.08908010,0.06678187,-0.12643631,-0.07236008,-0.01609586,0.18776982,0.05355388,-0.03505421,-0.24368983,-0.03320370,0.08519365,0.29258415,0.01189624,-0.13287691,-0.33304313,0.00975419,0.17672928,0.36390033,0.01338424,-0.00434882,-0.99990097,0.02220540,-0.03187191,-0.01186060,-0.33781790,0.02766929,-0.05700227
10300200000000,synthetic_50hz_04,10,0.02,88.96984330,87.28132908,14.89030871,14.72290684,14.56242319,0.30447721,115.96474942,1,1,0,0,1,-0.08015821,0.00639318,-0.01317340,0.02271697,0.06838784,0.08226688,-0.02548598,-0.06889341,-0.07483539,0.02752022,0.06741275,0.06524635,-0.02876103,-0.06398855,-0.05377623,0.02917265,0.05871953,0.04075572,-0.02874322,-0.05175760,-0.02656020,0.02321265,0.19537450,-0.15067899,-0.02484991,0.04473980,-0.32235144,0.02576513,0.19303225,-0.16692611,-0.02592205,0.05125173,-0.30175859,0.02530660,0.18252422,-0.19126687,-0.02392747,0.06546890,-0.27437300,0.08168470,0.03934284,-0.16475806,-0.06335448,0.01286135,0.22449962,0.04319771,-0.06469475,-0.27776876,-0.02179554,0.11466296,0.32302970,-0.00023501,-0.16132539,-0.35897754,0.02225878,0.20333674,0.38457589,0.01412939,-0.00482735,-0.99988852,0.02213648,-0.03166631,-0.01317340,-0.34040687,0.02851694,-0.05872974
10300220000000,synthetic_50hz_04,11,0.02,89.13251282,87.65156583,14.75259679,14.56242319,14.42109133,0.31373468,116.10653738,1,1,0,0,1,-0.08697229,0.00703092,-0.01448459,0.02468686,0.06980788,0.07934436,-0.02707836,-0.06917775,-0.07054749,0.02868917,0.06655320,0.05971669,-0.02947286,-0.06200988,-0.04716423,0.02940684,0.05567880,0.03325201,-0.02849300,-0.04774246,-0.01838112,0.02523204,0.19681856,-0.15362504,-0.02649174,0.04442555,-0.31804640,0.02698251,0.19220788,-0.17246617,-0.02668031,0.05319062,-0.29514314,0.02558428,0.17952704,-0.19876701,-0.02371696,0.06943757,-0.26620443,0.07299872,0.00999499,-0.20334678,-0.05317163,0.04323922,0.26075828,0.03181158,-0.09522683,-0.31065201,-0.00953439,0.14446900,0.35158949,-0.01301769,-0.18954606,-0.38239048,0.03519446,0.22915843,0.40216698,0.01485879,-0.00530440,-0.99987554,0.02206039,-0.03145450,-0.01448459,-0.34046621,0.02919097,-0.06009578
10300240000000,synthetic_50hz_04,12,0.02,88.91639544,87.90453175,14.61336450,14.42109133,14.31112339,0.32316710,116.24461350,1,1,0,0,1,-0.09359055,0.00766821,-0.01579404,0.02647295,0.07055553,0.07549075,-0.02844822,-0.06875448,-0.06536958,0.02960332,0.06497120,0.05336378,-0.02990494,-0.05931477,-0.03981948,0.02934439,0.05194827,0.02512716,-0.02793782,-0.04308407,-0.00971041,0.02706760,0.19758997,-0.15750246,-0.02791108,0.04481916,-0.31285108,0.02794514,0.19066086,-0.17882977,-0.02715892,0.05584615,-0.28779464,0.02556548,0.17583992,-0.20688859,-0.02320166,0.07404960,-0.25754394,0.06306005,-0.02097590,-0.24168242,-0.04187756,0.07470623,0.29601068,0.01948773,-0.12628274,-0.34180483,0.00346395,0.17421846,0.37774458,-0.02631576,-0.21713137,-0.40279377,0.04840887,0.25378430,0.41623024,0.01557275,-0.00577983,-0.99986204,0.02197716,-0.03123653,-0.01579404,-0.33855556,0.02972569,-0.06117108
10300260000000,synthetic_50hz_04,13,0.02,88.93421928,88.11046926,14.48642323,14.31112339,14.21830794,0.33272697,116.37907159,1,1,0,0,1,-0.10001824,0.00830501,-0.01710158,0.02804307,0.07058678,0.07070732,-0.02956672,-0.06759266,-0.05932193,0.03023795,0.06264982,0.04622626,-0.03003741,-0.05590076,-0.03179786,0.02897088,0.04754005,0.01645272,-0.02706910,-0.03780873,-0.00063323,0.02868717,0.19764470,-0.16230995,-0.02907908,0.04595156,-0.30678571,0.02862833,0.18837424,-0.18597829,-0.02733803,0.05922076,-0.27976896,0.02523576,0.17147496,-0.21556008,-0.02237300,0.07927869,-0.24847668,0.05192907,-0.05324050,-0.27921729,-0.02956023,0.10689309,0.32970531,0.00633915,-0.15746391,-0.37068778,0.01706469,0.20349497,0.40098314,-0.03997655,-0.24365917,-0.41971798,0.06173587,0.27679857,0.42635214,0.01627160,-0.00625349,-0.99984806,0.02188680,-0.03101244,-0.01710158,-0.33512137,0.03014856,-0.06201222
10300280000000,synthetic_50hz_04,14,0.02,88.68217671,88.22481075,14.37381481,14.21830794,14.14985705,0.34237716,116.51000328,1,1,0,0,1,-0.10626049,0.00894128,-0.01840704,0.02936661,0.06986604,0.06500935,-0.03040727,-0.06567085,-0.05243885,0.03057126,0.05958233,0.03835650,-0.02985388,-0.05177603,-0.02316832,0.02827579,0.04247700,0.00731219,-0.02588250,-0.03195334,0.00875475,0.03006014,0.19694718,-0.16803226,-0.02996914,0.04784421,-0.29988463,0.02901026,0.18534129,-0.19385934,-0.02720124,0.06330627,-0.27113506,0.02458461,0.16645502,-0.22469795,-0.02122665,0.08508794,-0.23909830,0.03968891,-0.08642920,-0.31538423,-0.01632922,0.13939715,0.36128310,-0.00750125,-0.18834622,-0.39676601,0.03111546,0.23186517,0.42080997,-0.05383259,-0.26869935,-0.43272179,0.07499771,0.29778680,0.43215804,0.01695565,-0.00672525,-0.99983363,0.02178935,-0.03078226,-0.01840704,-0.33051958,0.03048154,-0.06266443
10300300000000,synthetic_50hz_04,15,0.02,88.41981845,88.26381229,14.27975255,14.14985705,14.10125825,0.35208957,116.63749803,1,1,0,0,1,-0.11232229,0.00957698,-0.01971028,0.03041512,0.06836718,0.05842653,-0.03094608,-0.06297782,-0.04476886,0.03058484,0.05577279,0.02982048,-0.02934183,-0.04695979,-0.01401235,0.02725288,0.03679293,-0.00219975,-0.02437822,-0.02556530,0.01834843,0.03115805,0.19547127,-0.17463969,-0.03055749,0.05050831,-0.29219636,0.02907251,0.18156606,-0.20240696,-0.02673604,0.06808348,-0.26197442,0.02360577,0.16081391,-0.23420755,-0.01976279,0.09142995,-0.22951394,0.02644515,-0.12013652,-0.34960550,-0.00231499,0.17178766,0.39018686,-0.02188190,-0.21848607,-0.41951895,0.04544794,0.25888544,0.43675611,-0.06770368,-0.29182101,-0.44140139,0.08800750,0.31634325,0.43332087,0.01762519,-0.00719496,-0.99981878,0.02168485,-0.03054606,-0.01971028,-0.32503373,0.03074221,-0.06316393
10300320000000,synthetic_50hz_04,16,0.02,88.44156688,88.29936320,14.20478494,14.10125825,14.05742236,0.36184355,116.76164321,1,1,0,0,1,-0.11820855,0.01021206,-0.02101113,0.03116284,0.06607437,0.05100317,-0.03116271,-0.05951333,-0.03637456,0.03026414,0.05123649,0.02069725,-0.02849305,-0.04148249,-0.00442324,0.02590048,0.03053252,-0.01197830,-0.02256120,-0.01870229,0.02803451,0.03195513,0.19320112,-0.18208793,-0.03082367,0.05394414,-0.28378349,0.02880055,0.17706386,-0.21154207,-0.02593419,0.07352195,-0.25238032,0.02229759,0.15459630,-0.24398407,-0.01798637,0.09824706,-0.21983687,0.01232522,-0.15392629,-0.38130242,0.01233229,0.20361185,0.41587118,-0.03663425,-0.24742718,-0.43845018,0.05988003,0.28410907,0.44838846,-0.08139943,-0.31259996,-0.44539949,0.10057206,0.33207846,0.42956945,0.01828053,-0.00766247,-0.99980354,0.02157331,-0.03030387,-0.02101113,-0.31888951,0.03094461,-0.06353968
10300340000000,synthetic_50hz_04,17,0.02,88.19964289,88.27941914,14.14289266,14.05742236,14.02690378,0.37162381,116.88252415,1,1,0,0,1,-0.12392401,0.01084649,-0.02230944,0.03158726,0.06298281,0.04279813,-0.03104053,-0.05528853,-0.02733224,0.02959890,0.04600026,0.01107834,-0.02730391,-0.03538578,0.00549494,0.02422173,0.02375111,-0.02190981,-0.02044124,-0.01143169,0.03769301,0.03242890,0.19013196,-0.19031811,-0.03075106,0.05814052,-0.27472232,0.02818409,0.17186150,-0.22117317,-0.02479210,0.07958001,-0.24245686,0.02066319,0.14785754,-0.25391385,-0.01590719,0.10547186,-0.21018708,-0.00252275,-0.18733769,-0.40990541,0.02744440,0.23440172,0.43781257,-0.05157482,-0.27470785,-0.45309740,0.07421830,0.30709402,0.45531921,-0.09472204,-0.33062652,-0.44441397,0.11249490,0.34462691,0.42069606,0.01892194,-0.00812764,-0.99978794,0.02145479,-0.03005573,-0.02230944,-0.31226630,0.03109999,-0.06381485
10300360000000,synthetic_50hz_04,18,0.02,87.97283179,88.21810167,14.09417733,14.02690378,14.00583633,0.38141950,117.00022417,1,1,0,0,1,-0.12947336,0.01148023,-0.02360506,0.03166966,0.05909932,0.03388449,-0.03056720,-0.05032636,-0.01773120,0.02858348,0.04010247,0.00106671,-0.02577568,-0.02872240,0.01562853,0.02222475,0.01651425,-0.03187320,-0.01803308,-0.00382999,0.04719894,0.03256061,0.18627059,-0.19925714,-0.03032730,0.06307452,-0.26510215,0.02721752,0.16599735,-0.23119729,-0.02331101,0.08620494,-0.23231768,0.01871070,0.14066317,-0.26387581,-0.01353998,0.11302788,-0.20068955,-0.01793147,-0.21989208,-0.43486433,0.04283708,0.26368146,0.45551962,-0.06650769,-0.29986878,-0.46304207,0.08826084,0.32741075,0.45721480,-0.10746939,-0.34551331,-0.43820582,0.12357955,0.35365456,0.40656315,0.01954971,-0.00859033,-0.99977200,0.02132932,-0.02980171,-0.02360506,-0.30530653,0.03121736,-0.06400800
10300380000000,synthetic_50hz_04,19,0.02,87.93285970,88.16105328,14.05707411,14.00583633,13.98453652,0.39122315,117.11482464,1,1,0,0,1,-0.13486114,0.01211323,-0.02489781,0.03139555,0.05444270,0.02434899,-0.02973500,-0.04466162,-0.00767291,0.02721718,0.03359292,-0.00922438,-0.02391467,-0.02155572,0.02585574,0.01992270,0.00889706,-0.04174166,-0.01535634,0.00401811,0.05642414,0.03233577,0.18163582,-0.20881831,-0.02954468,0.06871135,-0.25502443,0.02590012,0.15952122,-0.24150117,-0.02149724,0.09333336,-0.22208458,0.01645327,0.13308830,-0.27374316,-0.01090436,0.12083043,-0.19147245,-0.03371647,-0.25110043,-0.45565895,0.05831247,0.29097525,0.46854303,-0.08122729,-0.32246112,-0.46791879,0.10180029,0.34465028,0.45380424,-0.11943834,-0.35690302,-0.42660629,0.13363293,0.35886607,0.38710909,0.02016412,-0.00905040,-0.99975574,0.02119693,-0.02954185,-0.02489781,-0.29812301,0.03130391,-0.06413396
10300400000000,synthetic_50hz_04,20,0.02,87.69950967,88.06874456,14.02660832,13.98453652,13.96967418,0.40102950,117.22640503,1,1,0,0,1,-0.14009180,0.01274546,-0.02618755,0.03075506,0.04904392,0.01429113,-0.02854117,-0.03834091,0.00273022,0.02550443,0.02653252,-0.01967285,-0.02173238,-0.01395918,0.03604831,0.01733377,0.00098339,-0.05138447,-0.01243543,0.01202075,0.06523920,0.03174452,0.17625861,-0.21890211,-0.02840044,0.07500440,-0.24460160,0.02423632,0.15249401,-0.25196272,-0.01936227,0.10089184,-0.21188581,0.01390911,0.12521680,-0.28338517,-0.00802475,0.12878764,-0.18266519,-0.04967853,-0.28047128,-0.47180926,0.07366187,0.31581552,0.47648526,-0.09552150,-0.34205465,-0.46742397,0.11462720,0.35843218,0.44488663,-0.13042815,-0.36447595,-0.40952300,0.14246880,0.36001171,0.36235263,0.02076541,-0.00950771,-0.99973919,0.02105768,-0.02927619,-0.02618755,-0.29080497,0.03136539,-0.06420460
10300420000000,synthetic_50hz_04,21,0.02,87.52902400,87.96080044,14.00269598,13.96967418,13.95683738,0.41083504,117.33504293,1,1,0,0,1,-0.14516967,0.01337687,-0.02747413,0.02974332,0.04294608,0.00382209,-0.02698815,-0.03142235,0.01335617,0.02345491,0.01899270,-0.03014936,-0.01924545,-0.00601548,0.04607333,0.01448113,-0.00713516,-0.06066898,-0.00929931,0.02008010,0.07351552,0.03078198,0.17018206,-0.22939734,-0.02689702,0.08189556,-0.23395567,0.02223579,0.14498715,-0.26245261,-0.01692276,0.10879768,-0.20185429,0.01110136,0.11714025,-0.29266917,-0.00493010,0.13680169,-0.17439636,-0.06560640,-0.30751902,-0.48288543,0.08866888,0.33775127,0.47900964,-0.10917499,-0.35824599,-0.46132377,0.12653354,0.36841232,0.43033773,-0.14024407,-0.36795715,-0.38694485,0.14991129,0.35689360,0.33239616,0.02135386,-0.00996212,-0.99972237,0.02091160,-0.02900480,-0.02747413,-0.28342273,0.03140642,-0.06422942
10300440000000,synthetic_50hz_04,22,0.02,87.45414415,87.85946918,13.98343537,13.95683738,13.94125464,0.42063750,117.44081414,1,1,0,0,1,-0.15009901,0.01400742,-0.02875738,0.02836070,0.03620417,-0.00693664,-0.02508375,-0.02397503,0.02407495,0.02108362,0.01105468,-0.04051917,-0.01647565,0.00218439,0.05579520,0.01139267,-0.01536047,-0.06946263,-0.00598123,0.02809371,0.08112742,0.02944852,0.16346117,-0.24018252,-0.02504221,0.08931574,-0.22321662,0.01991355,0.13708186,-0.27283609,-0.01420046,0.11695988,-0.19212560,0.00805792,0.10895678,-0.30146263,-0.00165365,0.14477011,-0.16679165,-0.08127994,-0.33177244,-0.48851732,0.10311275,0.35635649,0.47584865,-0.12197277,-0.37066663,-0.44946103,0.13731626,0.37429027,0.41011525,-0.14870086,-0.36712294,-0.35894565,0.15579835,0.34937130,0.29742749,0.02192971,-0.01041349,-0.99970531,0.02075875,-0.02872772,-0.02875738,-0.27603155,0.03143068,-0.06421604
10300460000000,synthetic_50hz_04,23,0.02,87.35735997,87.75904734,13.96571946,13.94125464,13.92358398,0.43043520,117.54379266,1,1,0,0,1,-0.15488395,0.01463708,-0.03003715,0.02661300,0.02888466,-0.01785481,-0.02284117,-0.01607835,0.03475040,0.01841082,0.00280850,-0.05064411,-0.01344968,0.01054232,0.06507773,0.00810077,-0.02358921,-0.07763513,-0.00251832,0.03595600,0.08795427,0.02774993,0.15616239,-0.25112740,-0.02284923,0.09718553,-0.21252063,0.01728984,0.12886818,-0.28297500,-0.01122209,0.12528036,-0.18283596,0.00481117,0.10076972,-0.30963524,0.00176746,0.15258736,-0.15997169,-0.09647344,-0.35278332,-0.48840311,0.11677193,0.37123842,0.46681127,-0.13370383,-0.37899054,-0.43176105,0.14678099,0.37581618,0.38426295,-0.15562639,-0.36180688,-0.32568637,0.15998500,0.33736651,0.25772010,0.02249321,-0.01086169,-0.99968802,0.02059918,-0.02844502,-0.03003715,-0.26867464,0.03144113,-0.06417053
10300480000000,synthetic_50hz_04,24,0.02,87.38934509,87.68510689,13.94802256,13.92358398,13.89864047,0.44022676,117.64405077,1,1,0,0,1,-0.15952854,0.01526580,-0.03131329,0.02451154,0.02106478,-0.02879524,-0.02027903,-0.00782109,0.04524212,0.01546186,-0.00564809,-0.06038465,-0.01019892,0.01895443,0.07378626,0.00464194,-0.03171431,-0.08506058,0.00104886,0.04355985,0.09388256,0.02569755,0.14836297,-0.26209480,-0.02033669,0.10541617,-0.20200808,0.01439001,0.12044386,-0.29272981,-0.00801902,0.13365521,-0.17412001,0.00139762,0.09268612,-0.31706112,0.00529268,0.16014628,-0.15404997,-0.11095925,-0.37013486,-0.48231715,0.12942779,0.38204540,0.45178925,-0.14416487,-0.38294139,-0.40823606,0.15474561,0.37279701,0.35291323,-0.16086496,-0.35190471,-0.28741575,0.16234650,0.32086683,0.21363193,0.02304460,-0.01130658,-0.99967053,0.02043293,-0.02815673,-0.03131329,-0.26138562,0.03144012,-0.06409778
10300500000000,synthetic_50hz_04,25,0.02,87.45269732,87.63862498,13.92728208,13.89864047,13.86599422,0.45001068,117.74165908,1,1,0,0,1,-0.16403673,0.01589355,-0.03258563,0.02207319,0.01283168,-0.03961570,-0.01742123,0.00069973,0.05540761,0.01226700,-0.01421096,-0.06960208,-0.00675911,0.02731249,0.08178990,0.00105636,-0.03962658,-0.09161967,0.00467686,0.05079822,0.09880801,0.02330823,0.14015004,-0.27294249,-0.01752848,0.11391062,-0.19182149,0.01124433,0.11191302,-0.30196180,-0.00462697,0.14197620,-0.16610865,-0.00214257,0.08481519,-0.32362094,0.00887855,0.16733985,-0.14913081,-0.12451152,-0.38344988,-0.47011654,0.14086842,0.38847441,0.43076198,-0.15316400,-0.38229905,-0.37898834,0.16104380,0.36510182,0.31628829,-0.16428064,-0.33737854,-0.24446950,0.16278118,0.29992848,0.16560255,0.02358411,-0.01174801,-0.99965287,0.02026006,-0.02786293,-0.03258563,-0.25419041,0.03142954,-0.06400170
10300520000000,synthetic_50hz_04,26,0.02,86.96024277,87.50294854,13.90154118,13.86599422,13.84763224,0.45978509,117.83668650,1,1,0,0,1,-0.16841239,0.01652027,-0.03385404,0.01932025,0.00428135,-0.05017110,-0.01429674,0.00938005,0.06510442,0.00886105,-0.02277102,-0.07816076,-0.00316989,0.03550549,0.08896369,-0.00261266,-0.04721632,-0.09720175,0.00831989,0.05756588,0.10263744,0.02060427,0.13161960,-0.28352537,-0.01445359,0.12256483,-0.18210328,0.00788758,0.10338476,-0.31053533,-0.00108559,0.15013236,-0.15892684,-0.00576607,0.07726662,-0.32920406,0.01247929,0.17406286,-0.14530735,-0.13691003,-0.39239855,-0.45174656,0.15089235,0.39027785,0.40380000,-0.16052436,-0.37690525,-0.34421171,0.16552839,0.35266630,0.27469963,-0.16576016,-0.31825982,-0.19726783,0.16121298,0.27467776,0.11414871,0.02411197,-0.01218587,-0.99963504,0.02008063,-0.02756367,-0.03385404,-0.24710886,0.03141091,-0.06388540
10300540000000,synthetic_50hz_04,27,0.02,86.95034672,87.39242817,13.87889942,13.84763224,13.82170553,0.46954884,117.92920036,1,1,0,0,1,-0.17265927,0.01714594,-0.03511834,0.01628026,-0.00448261,-0.06031560,-0.01093930,0.01811027,0.07419247,0.00528294,-0.03121580,-0.08593033,0.00052572,0.04342137,0.09519078,-0.00631922,-0.05437507,-0.10170684,0.01193054,0.06376112,0.10529065,0.01761322,0.12287525,-0.29369761,-0.01114573,0.13126921,-0.17299358,0.00435873,0.09497154,-0.31832005,0.00256208,0.15801159,-0.15269141,-0.00942698,0.07014886,-0.33371050,0.01604749,0.18021357,-0.14265980,-0.14794403,-0.39670551,-0.42724459,0.15931233,0.38726956,0.37106707,-0.16608757,-0.36666844,-0.30419152,0.16807444,0.33549610,0.22854598,-0.16521564,-0.29465125,-0.14631135,0.15759359,0.24531147,0.05985850,0.02462839,-0.01262001,-0.99961706,0.01989469,-0.02725901,-0.03511834,-0.24015594,0.03138543,-0.06375140
10300560000000,synthetic_50hz_04,28,0.02,86.81271800,87.27648614,13.85487799,13.82170553,13.79394595,0.47930084,118.01926641,1,1,0,0,1,-0.17678107,0.01777052,-0.03637840,0.01298576,-0.01335041,-0.06990494,-0.00738702,0.02677677,0.08253621,0.00157531,-0.03943114,-0.09278793,0.00428182,0.05094869,0.10036452,-0.01001551,-0.06099737,-0.10504756,0.01546044,0.06928746,0.10670202,0.01436760,0.11402678,-0.30331495,-0.00764303,0.13991012,-0.16462790,0.00070038,0.08678752,-0.32519308,0.00627019,0.16550248,-0.14750904,-0.01307750,0.06356739,-0.33705287,0.01953479,0.18569553,-0.14125378,-0.15741608,-0.39615623,-0.39674264,0.16595887,0.37932997,0.33282049,-0.16971698,-0.35156745,-0.25930298,0.16858207,0.31366907,0.17830963,-0.16258687,-0.26672747,-0.09217554,0.15190421,0.21209599,0.00338399,0.02513360,-0.01305031,-0.99959897,0.01970230,-0.02694900,-0.03637840,-0.23334275,0.03135407,-0.06360171
10300580000000,synthetic_50hz_04,29,0.02,86.57985698,87.13716031,13.82928653,13.79394595,13.76772455,0.48903996,118.10694886,1,1,0,0,1,-0.18078138,0.01839395,-0.03763406,0.00947388,-0.02220760,-0.07879875,-0.00368194,0.03526358,0.09000701,-0.00221616,-0.04730289,-0.09862032,0.00805037,0.05797844,0.10439037,-0.01365248,-0.06698244,-0.10715078,0.01886099,0.07405531,0.10682200,0.01090455,0.10518863,-0.31223701,-0.00398752,0.14837162,-0.15713489,-0.00304177,0.07894685,-0.33104121,0.00999065,0.17249600,-0.14347426,-0.01666860,0.05762296,-0.33915805,0.02289257,0.19041912,-0.14113886,-0.16514568,-0.39060252,-0.36046814,0.17068358,0.36641021,0.28940992,-0.17130059,-0.33165413,-0.21000787,0.16697893,0.28733631,0.12455120,-0.15784318,-0.23473445,-0.03550366,0.14415675,0.17536508,-0.05456746,0.02562779,-0.01347663,-0.99958077,0.01950353,-0.02663371,-0.03763406,-0.22667730,0.03131761,-0.06343793
10300600000000,synthetic_50hz_04,30,0.02,86.84333100,87.07839444,13.80343050,13.76772455,13.72327988,0.49876528,118.19231040,1,1,0,0,1,-0.18466371,0.01901621,-0.03888516,0.00578591,-0.03093677,-0.08686281,0.00013058,0.04345416,0.09648524,-0.00604331,-0.05471874,-0.10332595,0.01178180,0.06440576,0.10718773,-0.01718062,-0.07223594,-0.10795924,0.02208412,0.07798351,0.10561823,0.00726535,0.09647823,-0.32032956,-0.00022456,0.15653714,-0.15063418,-0.00681957,0.07156184,-0.33576286,0.01367393,0.17888731,-0.14066766,-0.02015074,0.05240993,-0.33996878,0.02607278,0.19430322,-0.14234737,-0.17097277,-0.37996693,-0.31874319,0.17336228,0.34853507,0.24127445,-0.17075367,-0.30705477,-0.15684966,0.16322216,0.25672195,0.06790282,-0.15098487,-0.19898771,0.02300169,0.13439462,0.13551657,-0.11324305,0.02611119,-0.01389884,-0.99956248,0.01929845,-0.02631320,-0.03888516,-0.22016517,0.03127667,-0.06326138
10300620000000,synthetic_50hz_04,31,0.02,86.88499279,87.03971411,13.76976724,13.72327988,13.67211420,0.50847503,118.27541229,1,1,0,0,1,-0.18843150,0.01963725,-0.04013156,0.00196675,-0.03941923,-0.09397130,0.00400241,0.05123315,0.10186242,-0.00985618,-0.06156999,-0.10681679,0.01542579,0.07013174,0.10869159,-0.02055066,-0.07667156,-0.10743276,0.02508306,0.08100090,0.10307660,0.00349490,0.08801425,-0.32746680,0.00359772,0.16429134,-0.14523424,-0.01058305,0.06474120,-0.33927001,0.01726968,0.18457748,-0.13915426,-0.02347467,0.04801460,-0.33944487,0.02902865,0.19727663,-0.14489345,-0.17476093,-0.36424617,-0.27198209,0.17389770,0.32580473,0.18893815,-0.16802092,-0.27797019,-0.10044704,0.15730002,0.22212163,0.00906000,-0.14204409,-0.15986921,0.08258825,0.12269296,0.09300769,-0.17185544,0.02658397,-0.01431683,-0.99954413,0.01908711,-0.02598753,-0.04013156,-0.21381001,0.03123175,-0.06307309
10300640000000,synthetic_50hz_04,32,0.02,86.90855212,87.01348172,13.72875296,13.67211420,13.61571095,0.51816684,118.35631431,1,1,0,0,1,-0.19208809,0.02025704,-0.04137310,-0.00193569,-0.04753689,-0.10000898,0.00788338,0.05848821,0.10604315,-0.01360379,-0.06775329,-0.10902005,0.01893199,0.07506501,0.10885385,-0.02371438,-0.08021257,-0.10554934,0.02781307,0.08304757,0.09920180,-0.00035888,0.07991478,-0.33353349,0.00742917,0.17152189,-0.14103047,-0.01428126,0.05858826,-0.34148987,0.02072759,0.18947516,-0.13898216,-0.02659216,0.04451369,-0.33756433,0.03171544,0.19927948,-0.14877239,-0.17640024,-0.34351320,-0.22068725,0.17222184,0.29839534,0.13300393,-0.16307820,-0.24467460,-0.04148606,0.14923294,0.18389978,-0.05122789,-0.13108523,-0.11782304,0.14246490,0.10915826,0.04834941,-0.22959459,0.02704635,-0.01473045,-0.99952572,0.01886958,-0.02565677,-0.04137310,-0.20761394,0.03118324,-0.06287389
10300660000000,synthetic_50hz_04,33,0.02,87.34022961,87.07883129,13.68127532,13.61571095,13.53908384,0.52783797,118.43507487,1,1,0,0,1,-0.19563677,0.02087552,-0.04260964,-0.00587116,-0.05517404,-0.10487321,0.01172199,0.06511184,0.10894693,-0.01723487,-0.07317243,-0.10987965,0.02225086,0.07912342,0.10764450,-0.02662534,-0.08279325,-0.10230590,0.03023221,0.08407612,0.09401778,-0.00424576,0.07229552,-0.33842697,0.01121826,0.17812126,-0.13810339,-0.01786290,0.05319923,-0.34236637,0.02399808,0.19349820,-0.14018137,-0.02945679,0.04197294,-0.33432408,0.03409121,0.20026435,-0.15396023,-0.17580981,-0.31791816,-0.16544347,0.16829784,0.26655818,0.07414600,-0.15593377,-0.20751321,0.01928914,0.13907405,0.14248554,-0.11216816,-0.11820476,-0.07334994,0.20181332,0.09392758,0.00209963,-0.28564011,0.02749850,-0.01513958,-0.99950728,0.01864594,-0.02532099,-0.04260964,-0.20157787,0.03113147,-0.06266448
10300680000000,synthetic_50hz_04,34,0.02,87.15091391,87.09324782,13.62155490,13.53908384,13.46937426,0.53748462,118.51175100,1,1,0,0,1,-0.19908071,0.02149268,-0.04384102,-0.00978778,-0.06221923,-0.10847579,0.01546616,0.07100310,0.11050966,-0.02069864,-0.07773991,-0.10935749,0.02533437,0.08223545,0.10505248,-0.02923969,-0.08436011,-0.09771877,0.03230203,0.08405262,0.08756778,-0.00811384,0.06526796,-0.34205904,0.01491294,0.18398854,-0.13651708,-0.02127721,0.04866162,-0.34186138,0.02703316,0.19657507,-0.14276294,-0.03202470,0.04044583,-0.32974045,0.03611750,0.20019732,-0.16041375,-0.17293978,-0.28768792,-0.10691071,0.16212140,0.23061762,0.01310086,-0.14662898,-0.16689850,0.08108669,0.12690919,0.09836763,-0.17293647,-0.10353054,-0.02700076,0.25980042,0.07716705,-0.04514454,-0.33917420,0.02794062,-0.01554411,-0.99948881,0.01841626,-0.02498023,-0.04384102,-0.19570176,0.03107670,-0.06244539
10300700000000,synthetic_50hz_04,35,0.02,86.79431869,87.03346199,13.55763903,13.46937426,13.41107934,0.54710313,118.58639839,1,1,0,0,1,-0.20242306,0.02210845,-0.04506710,-0.01363281,-0.06856699,-0.11074463,0.01906402,0.07606931,0.11068504,-0.02394560,-0.08137852,-0.10743435,0.02813682,0.08434155,0.10108628,-0.03151684,-0.08487297,-0.09182384,0.03398821,0.08295746,0.07991408,-0.01191040,0.05893752,-0.34435763,0.01846133,0.18903104,-0.13631786,-0.02447470,0.04505264,-0.33995572,0.02978711,0.19864622,-0.14671841,-0.03425529,0.03997253,-0.32384932,0.03776002,0.19905877,-0.16807067,-0.16777294,-0.25312441,-0.04581543,0.15372164,0.19096771,-0.04934283,-0.13523848,-0.12330533,0.14307850,0.11285634,0.05208799,-0.23268916,-0.08722049,0.02063107,0.31559127,0.05907003,-0.09275533,-0.38939475,0.02837287,-0.01594391,-0.99947035,0.01818062,-0.02463459,-0.04506710,-0.18998484,0.03101912,-0.06221707
10300720000000,synthetic_50hz_04,36,0.02,86.90800331,87.00837025,13.49608396,13.41107934,13.34359563,0.55669081,118.65907143,1,1,0,0,1,-0.20566685,0.02272281,-0.04628772,-0.01735344,-0.07411966,-0.11162519,0.02246471,0.08022767,0.10944561,-0.02692832,-0.08402268,-0.10411065,0.03061557,0.08539528,0.09577414,-0.03342016,-0.08430589,-0.08467642,0.03526124,0.08078592,0.07113743,-0.01558263,0.05340190,-0.34526818,0.02181258,0.19316596,-0.13753318,-0.02740792,0.04243786,-0.33664978,0.03221730,0.19966523,-0.15201950,-0.03611196,0.04057899,-0.31670601,0.03898923,0.19684399,-0.17685022,-0.16032571,-0.21460160,0.01705940,0.14316144,0.14806765,-0.11235559,-0.12186976,-0.07726484,0.20441252,0.09706452,0.00423446,-0.29057613,-0.06946087,0.06891801,0.36836231,0.03985462,-0.14008354,-0.43552842,0.02879544,-0.01633885,-0.99945189,0.01793908,-0.02428411,-0.04628772,-0.18442578,0.03095891,-0.06197988
10300740000000,synthetic_50hz_04,37,0.02,86.49842397,86.90638100,13.43203886,13.34359563,13.28822234,0.56624515,118.72982322,1,1,0,0,1,-0.20881506,0.02333572,-0.04750274,-0.02089756,-0.07878893,-0.11108162,0.02561918,0.08340664,0.10678351,-0.02960219,-0.08561969,-0.09940678,0.03273176,0.08536428,0.08916410,-0.03491765,-0.08264779,-0.07635079,0.03609685,0.07754852,0.06133624,-0.01907841,0.04874937,-0.34475484,0.02491762,0.19632175,-0.14017089,-0.03003227,0.04086998,-0.33196394,0.03428486,0.19959973,-0.15861819,-0.03756269,0.04227627,-0.30838479,0.03978089,0.19356350,-0.18665402,-0.15064870,-0.17256119,0.08088531,0.13053720,0.10243594,-0.17507928,-0.10666224,-0.02935743,0.26422563,0.07971216,-0.04456748,-0.34575424,-0.05046395,0.11720748,0.41731459,0.01976083,-0.18646834,-0.47684356,0.02920850,-0.01672883,-0.99943346,0.01769173,-0.02392887,-0.04750274,-0.17902277,0.03089620,-0.06173412
10300760000000,synthetic_50hz_04,38,0.02,86.54273830,86.83365246,13.37163592,13.28822234,13.22489537,0.57576453,118.79870565,1,1,0,0,1,-0.21187061,0.02394713,-0.04871202,-0.02421460,-0.08249742,-0.10909769,0.02848094,0.08554728,0.10271102,-0.03192615,-0.08613076,-0.09336315,0.03445092,0.08423105,0.08132358,-0.03598246,-0.07990292,-0.06693940,0.03647660,0.07327116,0.05062534,-0.02234719,0.04505734,-0.34280138,0.02772998,0.19843949,-0.14421873,-0.03230669,0.04038778,-0.32593865,0.03595534,0.19843222,-0.16644708,-0.03858063,0.04506013,-0.29897813,0.04011654,0.18924321,-0.19736721,-0.13882667,-0.12750719,0.14480043,0.11597807,0.05464360,-0.23663995,-0.08978576,0.01979540,0.32165703,0.06100489,-0.09366369,-0.39740059,-0.03046523,0.16483161,0.46168690,-0.00095277,-0.23124735,-0.51266257,0.02961221,-0.01711371,-0.99941508,0.01743865,-0.02356895,-0.04871202,-0.17377369,0.03083110,-0.06148004
10300780000000,synthetic_50hz_04,39,0.02,86.41286726,86.74949542,13.31000489,13.22489537,13.16146040,0.58524749,118.86576933,1,1,0,0,1,-0.21483633,0.02455702,-0.04991540,-0.02725631,-0.08518000,-0.10567734,0.03100681,0.08660434,0.09726069,-0.03386337,-0.08553184,-0.08603998,0.03574364,0.08199341,0.07233870,-0.03659340,-0.07609108,-0.05655185,0.03638815,0.06799500,0.03913459,-0.02534070,0.04239093,-0.33941175,0.03020649,0.19947393,-0.14964414,-0.03419436,0.04101533,-0.31863409,0.03719931,0.19616053,-0.17542002,-0.03914461,0.04891078,-0.28859561,0.03998385,0.18392428,-0.20885994,-0.12497784,-0.07999933,0.20792227,0.09964461,0.00530624,-0.29616122,-0.07143857,0.06953984,0.37586170,0.04117293,-0.14238106,-0.44472591,-0.00972025,0.21111736,0.50076847,-0.02201266,-0.27376705,-0.54237365,0.03000673,-0.01749340,-0.99939674,0.01717993,-0.02320440,-0.04991540,-0.16867617,0.03076369,-0.06121783
10300800000000,synthetic_50hz_04,40,0.02,86.41067256,86.68173085,13.24761620,13.16146040,13.09275484,0.59469271,118.93106373,1,1,0,0,1,-0.21771500,0.02516532,-0.05111274,-0.02997750,-0.08678498,-0.10084499,0.03315767,0.08654721,0.09048521,-0.03538188,-0.08381424,-0.07751670,0.03658603,0.07866486,0.06231335,-0.03673538,-0.07124754,-0.04531348,0.03582563,0.06177612,0.02700719,-0.02801377,0.04080183,-0.33461037,0.03230801,0.19939445,-0.15639444,-0.03566331,0.04276131,-0.31012971,0.03799290,0.19279814,-0.18543313,-0.03923953,0.05379293,-0.27736256,0.03937695,0.17766278,-0.22098902,-0.10925279,-0.03064541,0.26936101,0.08172690,-0.04492457,-0.35277783,-0.05184479,0.11919936,0.42602390,0.02046796,-0.19003757,-0.48698750,0.01149896,0.25539691,0.53391102,-0.04313437,-0.31339304,-0.56544164,0.03039222,-0.01786776,-0.99937848,0.01691563,-0.02283531,-0.05111274,-0.16372763,0.03069405,-0.06094767
10300820000000,synthetic_50hz_04,41,0.02,86.00061109,86.54550689,13.18257443,13.09275484,13.03503281,0.60409880,118.99463713,1,1,0,0,1,-0.22050933,0.02577202,-0.05230389,-0.03233678,-0.08727512,-0.09464550,0.03489903,0.08536054,0.08245692,-0.03645512,-0.08098498,-0.06789107,0.03696020,0.07427458,0.05136789,-0.03639970,-0.06542282,-0.03336375,0.03478978,0.05468488,0.01439772,-0.03032501,0.04032729,-0.32844208,0.03400007,0.19818570,-0.16439729,-0.03668697,0.04561869,-0.30052327,0.03831822,0.18837425,-0.19636604,-0.03885670,0.05965608,-0.26541848,0.03829659,0.17052908,-0.23359987,-0.09183271,0.01990719,0.32823323,0.06244218,-0.09537075,-0.40564933,-0.03125142,0.16808472,0.47137037,-0.00084034,-0.23595274,-0.52350158,0.03290787,0.29701812,0.56053999,-0.06402665,-0.34952034,-0.58141778,0.03076884,-0.01823669,-0.99936030,0.01664585,-0.02246174,-0.05230389,-0.15892536,0.03062223,-0.06066970
10300840000000,synthetic_50hz_04,42,0.02,85.92775549,86.42195661,13.12060695,13.03503281,12.97302059,0.61346499,119.05653668,1,1,0,0,1,-0.22322195,0.02637707,-0.05348872,-0.03429724,-0.08662836,-0.08714381,0.03620169,0.08304476,0.07326708,-0.03706242,-0.07706695,-0.05727803,0.03685463,0.06886726,0.03963762,-0.03558430,-0.05868210,-0.02085445,0.03328806,0.04680511,0.00147003,-0.03223751,0.04098935,-0.32097182,0.03525346,0.19584812,-0.17356142,-0.03724469,0.04956459,-0.28992969,0.03816374,0.18293355,-0.20808348,-0.03799405,0.06643502,-0.25291512,0.03675022,0.16260700,-0.24652862,-0.07292715,0.07098078,0.38367559,0.04203196,-0.14533769,-0.45397345,-0.00992498,0.21550444,0.51118304,-0.02246815,-0.27945810,-0.55365499,0.05421351,0.33535485,0.58016480,-0.08439587,-0.38158317,-0.58994820,0.03113673,-0.01860008,-0.99934222,0.01637068,-0.02208377,-0.05348872,-0.15426658,0.03054828,-0.06038403
10300860000000,synthetic_50hz_04,43,0.02,85.67568943,86.27270318,13.05862068,12.97302059,12.91416155,0.62279065,119.11680842,1,1,0,0,1,-0.22585547,0.02698043,-0.05466707,-0.03582708,-0.08483842,-0.07842424,0.03704221,0.07961630,0.06302473,-0.03718939,-0.07209880,-0.04580819,0.03626439,0.06250266,0.02727097,-0.03429387,-0.05110454,-0.00794752,0.03133464,0.03823305,-0.01160506,-0.03371945,0.04279428,-0.31228393,0.03604475,0.19239813,-0.18377780,-0.03732207,0.05456036,-0.27847959,0.03752454,0.17653580,-0.22043700,-0.03665628,0.07405060,-0.24001444,0.03475202,0.15399281,-0.25960447,-0.05277131,0.12187723,0.43485849,0.02075875,-0.19412463,-0.49699912,0.01185229,0.26077532,0.54481104,-0.04412163,-0.31990774,-0.57691580,0.07511892,0.36981707,0.59238780,-0.10395049,-0.40906440,-0.59078099,0.03149604,-0.01895782,-0.99932425,0.01609021,-0.02170147,-0.05466707,-0.14974841,0.03047223,-0.06009077
10300880000000,synthetic_50hz_04,44,0.02,85.13485127,86.04513279,12.99794784,12.91416155,12.86861551,0.63207543,119.17549729,1,1,0,0,1,-0.22841239,0.02758207,-0.05583881,-0.03690009,-0.08191509,-0.06858957,0.03740334,0.07510752,0.05185538,-0.03682823,-0.06613457,-0.03362617,0.03519135,0.05525492,0.01442750,-0.03253988,-0.04278225,0.00518712,0.02895028,0.02907615,-0.02465219,-0.03474466,0.04573232,-0.30248117,0.03635669,0.18786811,-0.19492092,-0.03691131,0.06055195,-0.26631761,0.03640250,0.16925513,-0.23326705,-0.03485486,0.08241073,-0.22688635,0.03232275,0.14479392,-0.27265205,-0.03162287,0.17188834,0.48099933,-0.00109761,-0.24103529,-0.53403882,0.03378645,0.30323307,0.57168173,-0.06550121,-0.35668851,-0.59284279,0.09532753,0.39986045,0.59691191,-0.12240552,-0.43150422,-0.58377178,0.03184692,-0.01930980,-0.99930640,0.01580452,-0.02131492,-0.05583881,-0.14536797,0.03039413,-0.05979002
10300900000000,synthetic_50hz_04,45,0.02,84.65004855,85.76611595,12.94362826,12.86861551,12.83145343,0.64131985,119.23264718,1,1,0,0,1,-0.23089519,0.02818194,-0.05700380,-0.03749619,-0.07788430,-0.05775972,0.03727438,0.06956652,0.03989933,-0.03597792,-0.05924310,-0.02088863,0.03364421,0.04721167,0.00127569,-0.03034052,-0.03381911,0.01837402,0.02616210,0.01945153,-0.03749400,-0.03529303,0.04977753,-0.29168347,0.03617857,0.18230613,-0.20685047,-0.03601141,0.06747052,-0.25360038,0.03480631,0.16117919,-0.24640513,-0.03260798,0.09141149,-0.21370631,0.02948953,0.13512750,-0.28549400,-0.00975840,0.22030645,0.52137512,-0.02324395,-0.28538853,-0.56448003,0.05557617,0.34224273,0.59131071,-0.08630610,-0.38922991,-0.60109364,0.11454779,0.42499541,0.59354675,-0.13948701,-0.44850809,-0.56888764,0.03218950,-0.01965592,-0.99928869,0.01551371,-0.02092419,-0.05700380,-0.14112234,0.03031400,-0.05948186
10300920000000,synthetic_50hz_04,46,0.02,84.22733540,85.45835984,12.89651483,12.83145343,12.79855277,0.65052523,119.28830093,1,1,0,0,1,-0.23330626,0.02878000,-0.05816188,-0.03760173,-0.07278792,-0.04607020,0.03665137,0.06305654,0.02730983,-0.03464433,-0.05150722,-0.00776210,0.03163849,0.03847291,-0.01200941,-0.02772048,-0.02432942,0.03143469,0.02300329,0.00948450,-0.04995369,-0.03535094,0.05488803,-0.28002633,0.03550646,0.17577547,-0.21941322,-0.03462822,0.07523325,-0.24049444,0.03275149,0.15240797,-0.25967622,-0.02994033,0.10093861,-0.20065280,0.02628555,0.12511881,-0.29795352,0.01253051,0.26643519,0.55533441,-0.04537799,-0.32652894,-0.58779566,0.07691719,0.37720872,0.60331049,-0.10623884,-0.41701339,-0.60143160,0.13249757,0.44479536,0.58221316,-0.15493634,-0.45975369,-0.54620924,0.03252392,-0.01999607,-0.99927112,0.01521788,-0.02052936,-0.05816188,-0.13700862,0.03023186,-0.05916635
10300940000000,synthetic_50hz_04,47,0.02,83.84668234,85.13602434,12.85537077,12.79855277,12.76743351,0.65969343,119.34250037,1,1,0,0,1,-0.23564797,0.02937623,-0.05931293,-0.03720982,-0.06668337,-0.03367036,0.03553729,0.05565531,0.01425095,-0.03284021,-0.04302268,0.00557931,0.02919633,0.02914969,-0.02524872,-0.02471070,-0.01443630,0.04419020,0.01951265,-0.00069329,-0.06185765,-0.03491147,0.06100641,-0.26765910,0.03434331,0.16835383,-0.23244508,-0.03277449,0.08374437,-0.22717390,0.03026019,0.14305252,-0.27290121,-0.02688285,0.11086896,-0.18790477,0.02274961,0.11489955,-0.30985701,0.03494149,0.30960016,0.58230816,-0.06719279,-0.36383709,-0.60355332,0.09750688,0.40758443,0.60739775,-0.12500981,-0.43958092,-0.59373063,0.14890864,0.45890409,0.56294598,-0.16851437,-0.46499684,-0.51593133,0.03285030,-0.02033015,-0.99925372,0.01491712,-0.02013050,-0.05931293,-0.13302392,0.03014773,-0.05884357
10300960000000,synthetic_50hz_04,48,0.02,84.37442545,84.98370456,12.81843712,12.76743351,12.70325539,0.66882647,119.39528633,1,1,0,0,1,-0.23792259,0.02997057,-0.06045681,-0.03632049,-0.05964293,-0.02072129,0.03394206,0.04745399,0.00089535,-0.03058507,-0.03389693,0.01895639,0.02634630,0.01936260,-0.03826162,-0.02134795,-0.00427005,0.05646374,0.01573413,-0.01094562,-0.07303799,-0.03397468,0.06806038,-0.25474287,0.03269906,0.16013238,-0.24577341,-0.03046976,0.09289644,-0.21381797,0.02736098,0.13323344,-0.28589951,-0.02347232,0.12107223,-0.17563899,0.01892567,0.10460591,-0.32103657,0.05716574,0.34915938,0.60181942,-0.08838130,-0.39673935,-0.61142304,0.11704878,0.43288113,0.60339906,-0.14234169,-0.45654276,-0.57797880,0.16353083,0.46704204,0.53589514,-0.18000530,-0.46407628,-0.47836138,0.03316879,-0.02065807,-0.99923648,0.01461152,-0.01972770,-0.06045681,-0.12916536,0.03006162,-0.05851358
10300980000000,synthetic_50hz_04,49,0.02,84.34082504,84.85512866,12.77006079,12.70325539,12.63407042,0.67792459,119.44669868,1,1,0,0,1,-0.24013237,0.03056300,-0.06159336,-0.03494074,-0.05175287,-0.00739366,0.03188247,0.03855605,-0.01257818,-0.02790501,-0.02424763,0.03218740,0.02312304,0.00924015,-0.05086863,-0.01767441,0.00603374,0.06808330,0.01171623,-0.02113366,-0.08333510,-0.03254755,0.07596367,-0.24144832,0.03059049,0.15121459,-0.25921942,-0.02774010,0.10257181,-0.20060839,0.02408850,0.12307922,-0.29849162,-0.01975093,0.13141283,-0.16402751,0.01486223,0.09437673,-0.33133259,0.07889258,0.38451334,0.61349173,-0.10864095,-0.42471709,-0.61118369,0.13525716,0.45267605,0.59125493,-0.15797385,-0.46758416,-0.55428002,0.17613607,0.46901159,0.50132496,-0.18922020,-0.45691719,-0.43391646,0.03347950,-0.02097972,-0.99921943,0.01430119,-0.01932103,-0.06159336,-0.12543010,0.02997355,-0.05817643
10301000000000,synthetic_50hz_04,50,0.02,83.87432870,84.65896866,12.71294484,12.63407042,12.57752520,0.68698688,119.49677633,1,1,0,0,1,-0.24227950,0.03115347,-0.06272247,-0.03308456,-0.04311234,0.00613465,0.02938200,0.02907586,-0.02598725,-0.02483235,-0.01420111,0.04509062,0.01956677,-0.00108307,-0.06289401,-0.01373708,0.01633602,0.07888413,0.00751133,-0.03111799,-0.09259999,-0.03064409,0.08461714,-0.22795331,0.02804110,0.14171484,-0.27260071,-0.02461786,0.11264413,-0.18772688,0.02048298,0.11272449,-0.31050180,-0.01576565,0.14175173,-0.15323505,0.01061166,0.08435143,-0.34059609,0.09981409,0.41511450,0.61705603,-0.12767827,-0.44731517,-0.60272756,0.15186143,0.46661954,0.57102217,-0.17166635,-0.47247105,-0.52285395,0.18652205,0.46470099,0.45961160,-0.19600023,-0.44353339,-0.38311843,0.03378256,-0.02129500,-0.99920257,0.01398622,-0.01891058,-0.06272247,-0.12181536,0.02988354,-0.05783219
10301020000000,synthetic_50hz_04,51,0.02,83.85732588,84.49864011,12.65606859,12.57752520,12.51430713,0.69601262,119.54555726,1,1,0,0,1,-0.24436611,0.03174194,-0.06384398,-0.03077274,-0.03383204,0.01968113,0.02647059,0.01913718,-0.03914843,-0.02140528,-0.00389057,0.05748706,0.01572285,-0.01146820,-0.07416831,-0.00958712,0.02649633,0.08871126,0.00317499,-0.04076057,-0.10069662,-0.02828508,0.09391008,-0.21444036,0.02508082,0.13175687,-0.28573385,-0.02114121,0.12298020,-0.17535242,0.01658977,0.10230808,-0.32176062,-0.01156768,0.15194844,-0.14341661,0.00622954,0.07466806,-0.34869101,0.11962970,0.44047607,0.61235594,-0.14521328,-0.46414943,-0.58606344,0.16661029,0.47444115,0.54287446,-0.18320385,-0.47105451,-0.48403415,0.19451555,0.45408714,0.41123892,-0.20021928,-0.42402823,-0.32658747,0.03407808,-0.02160384,-0.99918592,0.01366673,-0.01849642,-0.06384398,-0.11831835,0.02979159,-0.05748090
10301040000000,synthetic_50hz_04,52,0.02,83.37914841,84.27474177,12.59652878,12.51430713,12.46369079,0.70500089,119.59307855,1,1,0,0,1,-0.24639428,0.03232839,-0.06495777,-0.02803269,-0.02403276,0.03306113,0.02318422,0.00887140,-0.05187993,-0.01766734,0.00654573,0.06920300,0.01164110,-0.02177414,-0.08453092,-0.00527924,0.03637479,0.09742177,-0.00123482,-0.04992674,-0.10750391,-0.02549794,0.10372170,-0.20109411,0.02174563,0.12147210,-0.29843706,-0.01735370,0.13344178,-0.16365873,0.01245869,0.09197109,-0.33210745,-0.00721170,0.16186310,-0.13471508,0.00177382,0.06546127,-0.35549629,0.13805074,0.46017991,0.59935143,-0.16098386,-0.47491323,-0.56131782,0.17927575,0.47595459,0.50710115,-0.19239903,-0.46327395,-0.43826452,0.19997536,0.43723691,0.35679252,-0.20178631,-0.39859412,-0.26503402,0.03436618,-0.02190612,-0.99916948,0.01334280,-0.01807863,-0.06495777,-0.11493639,0.02969771,-0.05712262
10301060000000,synthetic_50hz_04,53,0.02,83.38545279,84.09688397,12.54073682,12.46369079,12.40530294,0.71395141,119.63937638,1,1,0,0,1,-0.24836604,0.03291276,-0.06606370,-0.02489806,-0.01384371,0.04609060,0.01956446,-0.00158420,-0.06400424,-0.01366681,0.01696645,0.08007260,0.00737514,-0.03185954,-0.09383244,-0.00087083,0.04583411,0.10488704,-0.00565857,-0.05848725,-0.11291770,-0.02231632,0.11392280,-0.18809862,0.01807711,0.11099778,-0.31053283,-0.01330362,0.14388751,-0.15281166,0.00814337,0.08185488,-0.34139290,-0.00275513,0.17135839,-0.12725910,-0.00269594,0.05686032,-0.36090776,0.15480481,0.47388349,0.57812070,-0.17474983,-0.47938286,-0.52873432,0.18965672,0.47106140,0.46410429,-0.19909572,-0.44915903,-0.38609391,0.20279470,0.41430719,0.29695226,-0.20064702,-0.36751068,-0.19924934,0.03464699,-0.02220177,-0.99915327,0.01301456,-0.01765731,-0.06606370,-0.11166678,0.02960193,-0.05675740
10301080000000,synthetic_50hz_04,54,0.02,83.52664857,83.98283689,12.48385459,12.40530294,12.33629896,0.72286380,119.68448606,1,1,0,0,1,-0.25028339,0.03349503,-0.06716164,-0.02140834,-0.00340075,0.05858865,0.01565794,-0.01208846,-0.07535067,-0.00945612,0.02722915,0.08994030,0.00298168,-0.04158481,-0.10193690,0.00357873,0.05474157,0.11099462,-0.01003596,-0.06632010,-0.11685231,-0.01877970,0.12437750,-0.17563478,0.01412188,0.10047509,-0.32185047,-0.00904339,0.15417495,-0.14296677,0.00370053,0.07209905,-0.34948100,0.00174268,0.18030162,-0.12116111,-0.00711946,0.04898722,-0.36483975,0.16964001,0.48132576,0.54886035,-0.18629664,-0.47742173,-0.48867146,0.19758226,0.45975340,0.41439395,-0.20317149,-0.42883018,-0.32816927,0.20290319,0.38554358,0.23248331,-0.19678509,-0.33114157,-0.13009475,0.03492060,-0.02249070,-0.99913730,0.01268209,-0.01723252,-0.06716164,-0.10850691,0.02950423,-0.05638528
10301100000000,synthetic_50hz_04,55,0.02,83.34140154,83.85454982,12.42188122,12.33629896,12.27213640,0.73173711,119.72844205,1,1,0,0,1,-0.25214826,0.03407516,-0.06825145,-0.01760832,0.00715550,0.07038020,0.01151571,-0.02249824,-0.08575788,-0.00509110,0.03719234,0.09866313,-0.00148029,-0.05081417,-0.10872388,0.00800900,0.06297100,0.11565006,-0.01430681,-0.07331235,-0.11924200,-0.01493288,0.13494520,-0.16387765,0.00993101,0.09004717,-0.33222865,-0.00462884,0.16416262,-0.13426701,-0.00081085,0.06283937,-0.35625133,0.00622126,0.18856661,-0.11651556,-0.01143655,0.04195488,-0.36722651,0.18232878,0.48233182,0.51188369,-0.19543889,-0.46898326,-0.44159853,0.20291441,0.44211370,0.35858188,-0.20453981,-0.40249780,-0.26522714,0.20026823,0.35127769,0.16422579,-0.19022282,-0.28993009,-0.05848972,0.03518712,-0.02277281,-0.99912157,0.01234552,-0.01680435,-0.06825145,-0.10545421,0.02940464,-0.05600633
10301120000000,synthetic_50hz_04,56,0.02,82.91154711,83.66594928,12.35898840,12.27213640,12.22231246,0.74057046,119.77127800,1,1,0,0,1,-0.25396254,0.03465310,-0.06933300,-0.01354752,0.01768164,0.08129854,0.00719254,-0.03267051,-0.09507628,-0.00063020,0.04671748,0.10611291,-0.00595030,-0.05941756,-0.11409027,0.01235926,0.07040461,0.11877835,-0.01841190,-0.07936185,-0.12004199,-0.01082539,0.14548249,-0.15299395,0.00555925,0.07985704,-0.34151775,-0.00011844,0.17371197,-0.12684058,-0.00533030,0.05420591,-0.36160078,0.01061990,0.19603556,-0.11339746,-0.01558799,0.03586548,-0.36802326,0.19267154,0.47681633,0.46761739,-0.20202325,-0.45411252,-0.38808989,0.20555053,0.41831643,0.29737357,-0.20315169,-0.37046008,-0.19808384,0.19489590,0.31192320,0.09308326,-0.18102117,-0.24439343,0.01460095,0.03544667,-0.02304804,-0.99910609,0.01200495,-0.01637289,-0.06933300,-0.10250616,0.02930315,-0.05562058
10301140000000,synthetic_50hz_04,57,0.02,82.63068512,83.45889645,12.30158450,12.22231246,12.17975207,0.74936381,119.81302670,1,1,0,0,1,-0.25572807,0.03522883,-0.07040616,-0.00927949,0.02803349,0.09118777,0.00274619,-0.04246438,-0.10317017,0.00386630,0.05567100,0.11217813,-0.01036731,-0.06727260,-0.11795194,0.01656943,0.07693470,0.12032514,-0.02229384,-0.08437874,-0.11922931,-0.00651077,0.15584519,-0.14313959,0.00106437,0.07004560,-0.34958210,0.00442755,0.18268943,-0.12079898,-0.00979677,0.04632103,-0.36544522,0.01487851,0.20260078,-0.11186116,-0.01951639,0.03080888,-0.36720704,0.20049982,0.46478565,0.41659632,-0.20593103,-0.43294639,-0.32881762,0.20542515,0.38862509,0.23155895,-0.19899677,-0.33309955,-0.12762433,0.18683121,0.26797059,0.02001024,-0.16927923,-0.19511591,0.08818076,0.03569935,-0.02331629,-0.99909089,0.01166049,-0.01593822,-0.07040616,-0.09966028,0.02919979,-0.05522809
10301160000000,synthetic_50hz_04,58,0.02,82.35309688,83.23773653,12.25041488,12.17975207,12.14466208,0.75811791,119.85372019,1,1,0,0,1,-0.25744667,0.03580230,-0.07147081,-0.00486111,0.03806816,0.09990505,-0.00176344,-0.05174308,-0.10991987,0.00833714,0.06392623,0.11676566,-0.01467048,-0.07426635,-0.12024504,0.02058087,0.08246534,0.12025770,-0.02589789,-0.08828682,-0.11680327,-0.00204591,0.16589041,-0.13445740,-0.00349371,0.06074961,-0.35630202,0.00894786,0.19096833,-0.11623534,-0.01414943,0.03929770,-0.36772081,0.01893846,0.20816632,-0.11193939,-0.02316701,0.02686127,-0.36477715,0.20567901,0.44633858,0.35945687,-0.20708024,-0.40571252,-0.26454270,0.20251125,0.35338958,0.16200164,-0.19210377,-0.29087825,-0.05479000,0.17615784,0.21998077,-0.05400126,-0.15513321,-0.14274114,0.16123564,0.03594525,-0.02357750,-0.99907595,0.01131225,-0.01550042,-0.07147081,-0.09691414,0.02909455,-0.05482891
10301180000000,synthetic_50hz_04,59,0.02,82.17944252,83.02607773,12.20599871,12.14466208,12.11375619,0.76683422,119.89338970,1,1,0,0,1,-0.25912007,0.03637348,-0.07252680,-0.00035178,0.04764605,0.10732275,-0.00627505,-0.06037597,-0.11522347,0.01272096,0.07136522,0.11980225,-0.01880012,-0.08029698,-0.12092707,0.02433727,0.08691374,0.11856550,-0.02917276,-0.09102473,-0.11278564,0.00250979,0.17547855,-0.12707499,-0.00805371,0.05209973,-0.36157559,0.01338112,0.19843072,-0.11322291,-0.01832857,0.03323774,-0.36838503,0.02274344,0.21264941,-0.11364268,-0.02648855,0.02408401,-0.36075536,0.20811062,0.42166580,0.29692860,-0.20542710,-0.37272679,-0.19610480,0.19682103,0.31304190,0.08962722,-0.18254051,-0.24433187,0.01943437,0.16299727,0.16857763,-0.12793565,-0.13875474,-0.08796322,0.23274848,0.03618447,-0.02383157,-0.99906130,0.01096034,-0.01505959,-0.07252680,-0.09426538,0.02898745,-0.05442308
10301200000000,synthetic_50hz_04,60,0.02,81.65295786,82.75145376,12.16725685,12.11375619,12.10216986,0.77551468,119.93206571,1,1,0,0,1,-0.26075001,0.03694233,-0.07357402,0.00418738,0.05663289,0.11333038,-0.01072688,-0.06824040,-0.11899840,0.01695713,0.07788051,0.12123564,-0.02269849,-0.08527529,-0.11997760,0.02778544,0.09021154,0.11526054,-0.03207133,-0.09254695,-0.10722048,0.00709521,0.18447533,-0.12110288,-0.01255388,0.04421860,-0.36532024,0.01766671,0.20496913,-0.11181395,-0.02227646,0.02823034,-0.36741747,0.02624025,0.21598167,-0.11695903,-0.02943390,0.02252264,-0.35518573,0.20773401,0.39104793,0.22982461,-0.20096702,-0.33438961,-0.12441089,0.18840605,0.26809069,0.01541035,-0.17041324,-0.19406258,0.09403448,0.14750735,0.11443957,-0.20076825,-0.12034875,-0.03151720,0.30171378,0.03641712,-0.02407845,-0.99904694,0.01060489,-0.01461581,-0.07357402,-0.09171166,0.02887849,-0.05401066
10301220000000,synthetic_50hz_04,61,0.02,81.65742465,82.53264793,12.13992031,12.10216986,12.08884796,0.78416228,119.96977794,1,1,0,0,1,-0.26233814,0.03750882,-0.07461234,0.00869439,0.06490162,0.11783623,-0.01505757,-0.07522351,-0.12118273,0.02098664,0.08337668,0.12103549,-0.02631064,-0.08912606,-0.11739873,0.03087610,0.09230589,0.11037731,-0.03455139,-0.09282450,-0.10017367,0.01164838,0.19275370,-0.11663276,-0.01693282,0.03721907,-0.36747406,0.02174561,0.21048816,-0.11203879,-0.02593816,0.02435073,-0.36482023,0.02937961,0.21811027,-0.12185395,-0.03196084,0.02220613,-0.34813415,0.20452763,0.35485227,0.15903054,-0.19373498,-0.29118084,-0.05042275,0.17735685,0.21911453,-0.05963874,-0.15586545,-0.14073104,0.16798082,0.12988037,0.05829021,-0.27147994,-0.10015078,0.02583115,0.36715216,0.03664328,-0.02431805,-0.99903288,0.01024600,-0.01416916,-0.07461234,-0.08925070,0.02876768,-0.05359171
10301240000000,synthetic_50hz_04,62,0.02,81.64725656,82.35556966,12.11846992,12.08884796,12.07807330,0.79278024,120.00655539,1,1,0,0,1,-0.26388612,0.03807291,-0.07564163,0.01310730,0.07233427,0.12076878,-0.01920698,-0.08122389,-0.12173620,0.02475292,0.08777179,0.11919392,-0.02958523,-0.09178919,-0.11321522,0.03356458,0.09316026,0.10397247,-0.03657624,-0.09184548,-0.09173214,0.01610732,0.20019570,-0.11373615,-0.02113041,0.03120257,-0.36799677,0.02556126,0.21490585,-0.11390532,-0.02926229,0.02165902,-0.36061806,0.03211683,0.21899866,-0.12827079,-0.03403266,0.02314638,-0.33968755,0.19850959,0.31352827,0.08549246,-0.18380539,-0.24365359,0.02485634,0.16380200,0.16675426,-0.13448852,-0.13907611,-0.08504733,0.24024334,0.11034060,0.00088844,-0.33907183,-0.07842391,0.08329606,0.42812472,0.03686304,-0.02455031,-0.99901913,0.00988379,-0.01371973,-0.07564163,-0.08688027,0.02865502,-0.05316626
10301260000000,synthetic_50hz_04,63,0.02,81.59723625,82.20390298,12.10150334,12.07807330,12.07454068,0.80137176,120.04242634,1,1,0,0,1,-0.26539551,0.03863456,-0.07666177,0.01736499,0.07882365,0.12207788,-0.02311708,-0.08615305,-0.12064090,0.02820269,0.09099862,0.11572579,-0.03247521,-0.09322065,-0.10747425,0.03581145,0.09275509,0.09612417,-0.03811523,-0.08961535,-0.08200280,0.02041094,0.20669412,-0.11246321,-0.02508862,0.02625758,-0.36687047,0.02906036,0.21815499,-0.11739867,-0.03220184,0.02019922,-0.35485814,0.03441252,0.21862728,-0.13613137,-0.03561873,0.02533792,-0.32995282,0.18973779,0.26760176,0.01020390,-0.17129135,-0.19242693,0.10039562,0.14790650,0.11170434,-0.20810068,-0.12025744,-0.02776125,0.30980611,0.08914130,-0.05698220,-0.40257968,-0.05545517,0.14008282,0.48374668,0.03707651,-0.02477516,-0.99900569,0.00951837,-0.01326762,-0.07666177,-0.08459819,0.02854053,-0.05273438
10301280000000,synthetic_50hz_04,64,0.02,81.68918144,82.10095867,12.09017902,12.07454068,12.07524322,0.80994016,120.07741838,1,1,0,0,1,-0.26686789,0.03919374,-0.07767263,0.02140813,0.08427494,0.12173553,-0.02673276,-0.08993678,-0.11790165,0.03128668,0.09300569,0.11066860,-0.03493858,-0.09339320,-0.10024493,0.03758319,0.09108815,0.08693115,-0.03914426,-0.08615698,-0.07111110,0.02449988,0.21215415,-0.11284191,-0.02875233,0.02245832,-0.36409998,0.03219364,0.22018409,-0.12248135,-0.03471479,0.01999858,-0.34760959,0.03623312,0.21699392,-0.14533698,-0.03669493,0.02875790,-0.31905543,0.17830939,0.21766809,-0.06580803,-0.15634333,-0.13817757,0.17515132,0.12986982,0.05470334,-0.27944492,-0.09965211,0.03034803,0.37568198,0.06656138,-0.11452444,-0.46108797,-0.03155165,0.19539906,0.53320057,0.03728375,-0.02499253,-0.99899257,0.00914987,-0.01281291,-0.07767263,-0.08240231,0.02842421,-0.05229611
10301300000000,synthetic_50hz_04,65,0.02,81.56118607,81.99300415,12.08390599,12.07524322,12.09141727,0.81848883,120.11155839,1,1,0,0,1,-0.26830476,0.03975041,-0.07867409,0.02517994,0.08860707,0.11973646,-0.03000264,-0.09251623,-0.11354610,0.03396035,0.09375810,0.10408215,-0.03693897,-0.09229688,-0.09161746,0.03885262,0.08817469,0.07651140,-0.03964613,-0.08151039,-0.05919948,0.02831738,0.21649472,-0.11487755,-0.03207016,0.01986361,-0.35971296,0.03491658,0.22095825,-0.12909355,-0.03676476,0.02106708,-0.33896261,0.03755146,0.21411381,-0.15576961,-0.03724406,0.03336630,-0.30713782,0.16435972,0.16438419,-0.14149689,-0.13914734,-0.08163073,0.24808141,0.10992327,-0.00347619,-0.34751363,-0.07753007,0.08848289,0.43692687,0.04290163,-0.17093858,-0.51374330,-0.00703633,0.24846603,0.57574828,0.03748487,-0.02520237,-0.99897979,0.00877841,-0.01235568,-0.07867409,-0.08029054,0.02830607,-0.05185152
10301320000000,synthetic_50hz_04,66,0.02,81.70701809,81.93580694,12.08706072,12.09141727,12.11283385,0.82702170,120.14487260,1,1,0,0,1,-0.26970760,0.04030454,-0.07966603,0.02862705,0.09175396,0.11609832,-0.03287979,-0.09384888,-0.10762449,0.03618459,0.09323809,0.09604780,-0.03844617,-0.08993921,-0.08170200,0.03959933,0.08404734,0.06500070,-0.03961082,-0.07573234,-0.04642540,0.03181005,0.21964973,-0.11855248,-0.03499519,0.01851601,-0.35375963,0.03719004,0.22045973,-0.13715392,-0.03832155,0.02339717,-0.32902736,0.03834713,0.21001957,-0.16729348,-0.03725611,0.03910636,-0.29435744,0.14806071,0.10845976,-0.21581169,-0.11992255,-0.02355015,0.31816042,0.08832698,-0.06203842,-0.41133644,-0.05418489,0.14583839,0.49265344,0.01848063,-0.22543377,-0.55976701,0.01775644,0.29852979,0.61074223,0.03767994,-0.02540461,-0.99896734,0.00840411,-0.01189603,-0.07966603,-0.07826082,0.02818612,-0.05140065
10301340000000,synthetic_50hz_04,67,0.02,81.53035858,81.85471727,12.09788544,12.11283385,12.15312012,0.83554299,120.17738657,1,1,0,0,1,-0.27107784,0.04085608,-0.08064834,0.03170023,0.09366551,0.11086155,-0.03532241,-0.09390920,-0.10020905,0.03792623,0.09144544,0.08666749,-0.03943662,-0.08634527,-0.07062725,0.03981004,0.07875572,0.05255081,-0.03903571,-0.06889561,-0.03295929,0.03492867,0.22156911,-0.12382623,-0.03748560,0.01844103,-0.34631225,0.03898087,0.21868828,-0.14656051,-0.03936160,0.02696380,-0.31793253,0.03860686,0.20476084,-0.17975686,-0.03672845,0.04590529,-0.28088473,0.12961868,0.05064757,-0.28771171,-0.09891849,0.03527235,0.38439408,0.06536643,-0.12017535,-0.46999420,-0.02992983,0.20161364,0.54204417,-0.00636967,-0.27723931,-0.59846675,0.04248552,0.34487204,0.63763525,0.03786904,-0.02559920,-0.99895523,0.00802708,-0.01143405,-0.08064834,-0.07631113,0.02806437,-0.05094355
10301360000000,synthetic_50hz_04,68,0.02,81.66420737,81.81661529,12.12108400,12.15312012,12.19790153,0.84405771,120.20912522,1,1,0,0,1,-0.27241691,0.04140502,-0.08162088,0.03435512,0.09430842,0.10408900,-0.03729447,-0.09268910,-0.09139317,0.03915861,0.08839751,0.07606243,-0.03989378,-0.08155738,-0.05853877,0.03947880,0.07236592,0.03932742,-0.03792563,-0.06108811,-0.01898224,0.03762888,0.22221954,-0.13063597,-0.03950537,0.01964676,-0.33746417,0.04026239,0.21566128,-0.15719210,-0.03986836,0.03172462,-0.30582370,0.03832468,0.19840369,-0.19299401,-0.03566591,0.05367519,-0.26690076,0.10927173,-0.00826679,-0.35618128,-0.07641168,0.09402789,0.44583363,0.04134864,-0.17707813,-0.52263239,-0.00509351,0.25502313,0.58436341,-0.03130848,-0.32561569,-0.62924696,0.06680783,0.38682059,0.65598904,0.03805226,-0.02578608,-0.99894348,0.00764745,-0.01096983,-0.08162088,-0.07443952,0.02794081,-0.05048030
10301380000000,synthetic_50hz_04,69,0.02,81.53057704,81.75940764,12.15334736,12.19790153,12.25616824,0.85257110,120.24011284,1,1,0,0,1,-0.27372615,0.04195130,-0.08258355,0.03655288,0.09366672,0.09586515,-0.03876622,-0.09019817,-0.08129016,0.03986191,0.08412917,0.06437154,-0.03980837,-0.07563468,-0.04559706,0.03860713,0.06495961,0.02550799,-0.03629283,-0.05241173,-0.00468352,0.03987184,0.22158507,-0.13889721,-0.04102475,0.02212361,-0.32732875,0.04101480,0.21141358,-0.16890978,-0.03983254,0.03762052,-0.29286135,0.03750211,0.19102981,-0.20682751,-0.03408073,0.06231418,-0.25259483,0.08728662,-0.06747577,-0.42024433,-0.05270201,0.15190182,0.50158952,0.01659799,-0.23194848,-0.56847365,0.01998456,0.30530795,0.61896841,-0.05599095,-0.36986525,-0.65161803,0.09038310,0.42375917,0.66548120,0.03822967,-0.02596520,-0.99893207,0.00726534,-0.01050346,-0.08258355,-0.07264405,0.02781547,-0.05001093
10301400000000,synthetic_50hz_04,70,0.02,81.40318550,81.68816321,12.19653213,12.25616824,12.32319850,0.86108884,120.27037310,1,1,0,0,1,-0.27500691,0.04249490,-0.08353623,0.03826075,0.09174215,0.08629511,-0.03971464,-0.08646366,-0.07003190,0.04002355,0.07869238,0.05174964,-0.03917855,-0.06865235,-0.03197541,0.03720402,0.05663305,0.01127932,-0.03415688,-0.04298100,0.00974197,0.04162477,0.21966742,-0.14850484,-0.04202071,0.02584435,-0.31603784,0.04122549,0.20599715,-0.18155874,-0.03925233,0.04457630,-0.27921878,0.03614814,0.18273544,-0.22107054,-0.03199249,0.07170772,-0.23816183,0.06395519,-0.12616107,-0.47897842,-0.02810866,0.20808511,0.55084442,-0.00854825,-0.28400996,-0.60682933,0.04495871,0.35174667,0.64531907,-0.08007299,-0.40934236,-0.66520395,0.11287873,0.45513652,0.66591069,0.03840136,-0.02613650,-0.99892103,0.00688088,-0.01003503,-0.08353623,-0.07092283,0.02768835,-0.04953551
10301420000000,synthetic_50hz_04,71,0.02,81.43281624,81.63709382,12.24973201,12.32319850,12.38818851,0.86961685,120.29992907,1,1,0,0,1,-0.27626048,0.04303577,-0.08447880,0.03945254,0.08855419,0.07550323,-0.04012383,-0.08153015,-0.05776701,0.03963832,0.07215557,0.03836535,-0.03801003,-0.06070071,-0.01785759,0.03528588,0.04749582,-0.00316501,-0.03154443,-0.03292160,0.02409636,0.04286151,0.21648606,-0.15933451,-0.04247734,0.03076437,-0.30374007,0.04088929,0.19948043,-0.19497034,-0.03813340,0.05250167,-0.26507976,0.03427919,0.17363016,-0.23552952,-0.02942783,0.08173013,-0.22379962,0.03959050,-0.18350506,-0.53152809,-0.00296574,0.26178579,0.59286526,-0.03374451,-0.33251912,-0.63710985,0.06948190,0.39366576,0.66298626,-0.10321609,-0.44346284,-0.66974847,0.13397451,0.48047468,0.65720152,0.03856738,-0.02629995,-0.99891036,0.00649419,-0.00956464,-0.08447880,-0.06927401,0.02755946,-0.04905410
10301440000000,synthetic_50hz_04,72,0.02,81.31985813,81.57364668,12.30788374,12.38818851,12.45301742,0.87816062,120.32880322,1,1,0,0,1,-0.27748814,0.04357390,-0.08541114,0.04010906,0.08413989,0.06363153,-0.03998522,-0.07545913,-0.04465898,0.03870859,0.06460284,0.02439888,-0.03631598,-0.05188402,-0.00343536,0.03287635,0.03766936,-0.01762721,-0.02848889,-0.02236867,0.03818158,0.04356283,0.21207808,-0.17124420,-0.04238610,0.03682221,-0.29059892,0.04000852,0.19194749,-0.20896438,-0.03648894,0.06129234,-0.25063606,0.03191889,0.16383542,-0.25000668,-0.02642016,0.09224627,-0.20970627,0.01452257,-0.23870224,-0.57711742,0.02238223,0.31224019,0.62701411,-0.05864175,-0.37677612,-0.65883369,0.09321059,0.43044941,0.67165879,-0.12509212,-0.47171265,-0.66511965,0.15336720,0.49937619,0.63940480,0.03872783,-0.02645549,-0.99890005,0.00610540,-0.00909237,-0.08541114,-0.06769578,0.02742880,-0.04856675
10301460000000,synthetic_50hz_04,73,0.02,81.31841357,81.52260006,12.36883988,12.45301742,12.50921171,0.88672498,120.35701743,1,1,0,0,1,-0.27869111,0.04410923,-0.08633316,0.04021839,0.07855354,0.05083785,-0.03929781,-0.06832815,-0.03088392,0.03724425,0.05613282,0.01003960,-0.03411693,-0.04231916,0.01109416,0.03000600,0.02728541,-0.03190808,-0.02502998,-0.01146502,0.05180207,0.04371683,0.20649773,-0.18407607,-0.04174595,0.04394030,-0.27679053,0.03859310,0.18349700,-0.22335148,-0.03433948,0.07083144,-0.23608479,0.02909779,0.15348296,-0.26430278,-0.02300920,0.10311334,-0.19607735,-0.01090611,-0.29097063,-0.61506147,0.04758514,0.35872386,0.65275789,-0.08289228,-0.41613491,-0.67163500,0.11580959,0.46154860,0.67114855,-0.14538805,-0.49365563,-0.65131258,0.17077491,0.51153033,0.61269896,0.03888276,-0.02660308,-0.99889012,0.00571462,-0.00861831,-0.08633316,-0.06618635,0.02729639,-0.04807353
10301480000000,synthetic_50hz_04,74,0.02,81.42719641,81.50351933,12.42779605,12.50921171,12.55023477,0.89531366,120.38459304,1,1,0,0,1,-0.27987061,0.04464174,-0.08724472,0.03977610,0.07186594,0.03729372,-0.03806813,-0.06022993,-0.01662829,0.03526265,0.04685746,-0.00451653,-0.03144053,-0.03213406,0.02553115,0.02671196,0.01648423,-0.04580969,-0.02121327,-0.00035915,0.06476751,0.04331908,0.19981582,-0.19765859,-0.04056345,0.05202593,-0.26250134,0.03666036,0.17424087,-0.23793569,-0.03171265,0.08099104,-0.22162578,0.02585305,0.14271302,-0.27821992,-0.01924053,0.11418285,-0.18310318,-0.03634526,-0.33956292,-0.64477658,0.07229208,0.40056199,0.66967663,-0.10615468,-0.45001268,-0.67526958,0.13695680,0.48648929,0.66139419,-0.16381038,-0.50894019,-0.62845051,0.18594124,0.51671810,0.57738830,0.03903226,-0.02674269,-0.99888057,0.00532200,-0.00814257,-0.08724472,-0.06474400,0.02716223,-0.04757449
10301500000000,synthetic_50hz_04,75,0.02,81.72469922,81.54775531,12.47922031,12.55023477,12.56844639,0.90392876,120.41155080,1,1,0,0,1,-0.28102779,0.04517140,-0.08814573,0.03878538,0.06416356,0.02318211,-0.03631031,-0.05127112,-0.00208630,0.03278840,0.03690050,-0.01906966,-0.02832118,-0.02146603,0.03967584,0.02303746,0.00541268,-0.05913814,-0.01708955,0.01079672,0.07689546,0.04237276,0.19211883,-0.21180877,-0.03885270,0.06097244,-0.24792555,0.03423492,0.16430287,-0.25251715,-0.02864287,0.09163384,-0.20745879,0.02222788,0.13167247,-0.29156420,-0.01516491,0.12530255,-0.17096620,-0.06144169,-0.38377712,-0.66578930,0.09615627,0.43713926,0.67747017,-0.12809861,-0.47789846,-0.66961925,0.15634782,0.50487963,0.64246290,-0.18008944,-0.51730489,-0.59678404,0.19863900,0.51481600,0.53389962,0.03917638,-0.02687427,-0.99887141,0.00492765,-0.00766523,-0.08814573,-0.06336702,0.02702633,-0.04706969
10301520000000,synthetic_50hz_04,76,0.02,81.90280053,81.61876435,12.51669527,12.56844639,12.57021269,0.91257024,120.43791094,1,1,0,0,1,-0.28216380,0.04569816,-0.08903608,0.03725702,0.05554747,0.00869499,-0.03404583,-0.04157095,0.01254267,0.02985308,0.02639592,-0.03341872,-0.02479966,-0.01045989,0.05333129,0.01903125,-0.00577771,-0.07170629,-0.01271416,0.02184873,0.08801397,0.04088867,0.18350782,-0.22633466,-0.03663520,0.07066061,-0.23326257,0.03134835,0.15381696,-0.26689479,-0.02517090,0.10261501,-0.19378076,0.01827103,0.12051285,-0.30414847,-0.01083770,0.13631862,-0.15983835,-0.08584416,-0.42296678,-0.67774388,0.11883993,0.46790884,0.67596335,-0.14840948,-0.49936087,-0.65469447,0.17370032,0.51641608,0.61455045,-0.19398331,-0.51858279,-0.55668866,0.20867366,0.50579851,0.48277727,0.03931521,-0.02699780,-0.99886263,0.00453171,-0.00718639,-0.08903608,-0.06205373,0.02688870,-0.04655919
10301540000000,synthetic_50hz_04,77,0.02,82.12420159,81.71985180,12.53917258,12.57021269,12.55524707,0.92123619,120.46369313,1,1,0,0,1,-0.28327975,0.04622200,-0.08991565,0.03520933,0.04613197,-0.00596933,-0.03130334,-0.03125963,0.02705681,0.02649486,0.01548607,-0.04736423,-0.02092252,0.00073397,0.06630612,0.01474698,-0.01693284,-0.08333638,-0.00814627,0.03264354,0.09796400,0.03888510,0.17409710,-0.24103794,-0.03393959,0.08096023,-0.21871419,0.02803883,0.14292549,-0.28086913,-0.02134330,0.11378417,-0.18078308,0.01403615,0.10938824,-0.31579496,-0.00631806,0.14707769,-0.14987868,-0.10920831,-0.45655041,-0.68040813,0.14001906,0.49240062,0.66510939,-0.16679299,-0.51405469,-0.63063524,0.18875821,0.52088833,0.57797957,-0.20528143,-0.51270451,-0.50866049,0.21588630,0.48973918,0.42467649,0.03944879,-0.02711323,-0.99885425,0.00413429,-0.00670615,-0.08991565,-0.06080251,0.02674935,-0.04604307
10301560000000,synthetic_50hz_04,78,0.02,82.22508356,81.82089815,12.54592387,12.55524707,12.53026940,0.92992306,120.48891653,1,1,0,0,1,-0.28437672,0.04674288,-0.09078434,0.03266791,0.03604318,-0.02060882,-0.02811828,-0.02047666,0.04125465,0.02275798,0.00431980,-0.06071109,-0.01674156,0.01196161,0.07841719,0.01024247,-0.02789815,-0.09386250,-0.00344809,0.04303038,0.10660170,0.03638767,0.16401278,-0.25571658,-0.03080131,0.09173180,-0.20448189,0.02435059,0.13177731,-0.29424507,-0.01721187,0.12498737,-0.16864889,0.00958106,0.09845321,-0.32633778,-0.00166821,0.15742902,-0.14123105,-0.13120154,-0.48402011,-0.67367768,0.15938809,0.51022834,0.64499160,-0.18297939,-0.52172645,-0.59771012,0.20129532,0.51818295,0.53319637,-0.21380781,-0.49969999,-0.45331032,0.22015612,0.46681045,0.36035513,0.03957720,-0.02722054,-0.99884626,0.00373554,-0.00622458,-0.09078434,-0.05961174,0.02660829,-0.04552137
10301580000000,synthetic_50hz_04,79,0.02,82.14546760,81.88581204,12.53934899,12.53026940,12.50352469,0.93862625,120.51359979,1,1,0,0,1,-0.28545577,0.04726077,-0.09164205,0.02966538,0.02541731,-0.03502055,-0.02453245,-0.00936894,0.05493783,0.01869223,-0.00694954,-0.07327122,-0.01231310,0.02306766,0.08949217,0.00557899,-0.03852073,-0.10313302,0.00131598,0.05286323,0.11380050,0.03342898,0.15339108,-0.27016765,-0.02726215,0.10282843,-0.19076403,0.02033341,0.12052579,-0.30683453,-0.01283291,0.13606926,-0.15755052,0.00496702,0.08786067,-0.33562529,0.00304747,0.16722656,-0.13402201,-0.15150770,-0.50494923,-0.65757843,0.17666422,0.52109565,0.61582325,-0.19672743,-0.52221864,-0.55631360,0.21111890,0.50828583,0.48076517,-0.21942371,-0.47969889,-0.39135606,0.22140243,0.43728202,0.29066397,0.03970050,-0.02731970,-0.99883867,0.00333558,-0.00574180,-0.09164205,-0.05847985,0.02646552,-0.04499416
10301600000000,synthetic_50hz_04,80,0.02,82.58061092,82.02477182,12.52430279,12.50352469,12.45563482,0.94734093,120.53776104,1,1,0,0,1,-0.28651791,0.04777564,-0.09248867,0.02624095,0.01439890,-0.04900345,-0.02059346,0.00191120,0.06791387,0.01435225,-0.01816621,-0.08486630,-0.00769725,0.03389747,0.09937200,0.00082035,-0.04865145,-0.11101276,0.00608021,0.06200279,0.11945297,0.03004824,0.14237653,-0.28419007,-0.02336973,0.11409777,-0.17775309,0.01604194,0.10932664,-0.31845919,-0.00826655,0.14687517,-0.14764703,0.00025785,0.07775974,-0.34352230,0.00776325,0.17633103,-0.12835900,-0.16983163,-0.51899901,-0.63226731,0.19159163,0.52480099,0.57794570,-0.20782795,-0.51547271,-0.50696164,0.21807249,0.49128311,0.42136164,-0.22202990,-0.45292959,-0.32361359,0.21958609,0.40151790,0.21653561,0.03981876,-0.02741069,-0.99883147,0.00293453,-0.00525789,-0.09248867,-0.05740530,0.02632106,-0.04446151
10301620000000,synthetic_50hz_04,81,0.02,82.39693750,82.09920495,12.49546224,12.45563482,12.41449072,0.95606139,120.56141793,1,1,0,0,1,-0.28756415,0.04828744,-0.09332409,0.02243991,0.00313885,-0.06236110,-0.01635413,0.01320807,0.07999887,0.00979684,-0.02917419,-0.09533023,-0.00295711,0.04429920,0.10791318,-0.00396787,-0.05814705,-0.11738495,0.01077846,0.07031849,0.12347245,0.02629075,0.13112004,-0.29758743,-0.01917687,0.12538413,-0.16563297,0.01153499,0.09833590,-0.32895295,-0.00357587,0.15725328,-0.13908191,-0.00448089,0.06829368,-0.34991205,0.01241298,0.18461186,-0.12432868,-0.18590349,-0.52592400,-0.59803118,0.20394520,0.52124118,0.53182470,-0.21610707,-0.50153072,-0.45028547,0.22203847,0.46736090,0.35576429,-0.22156840,-0.41971685,-0.25098627,0.21471041,0.35997217,0.13897220,0.03993203,-0.02749348,-0.99882468,0.00253254,-0.00477295,-0.09332409,-0.05638659,0.02617492,-0.04392348
10301640000000,synthetic_50hz_04,82,0.02,82.50648650,82.18066126,12.46145420,12.41449072,12.36796378,0.96478232,120.58458762,1,1,0,0,1,-0.28859544,0.04879616,-0.09414823,0.01831312,-0.00820760,-0.07490450,-0.01187179,0.02436470,0.09102010,0.00508820,-0.03981935,-0.10451154,0.00184210,0.05412600,0.11498987,-0.00871928,-0.06687216,-0.12215299,0.01534508,0.07769037,0.12579438,0.02220736,0.11977683,-0.31017073,-0.01474089,0.13653057,-0.15457640,0.00687472,0.08770768,-0.33816433,0.00117390,0.16705672,-0.13198102,-0.00918278,0.05959787,-0.35469794,0.01693101,0.19194909,-0.12199561,-0.19948267,-0.52557631,-0.55528393,0.21353393,0.51041370,0.47804501,-0.22142891,-0.48053563,-0.38702383,0.22293999,0.43680349,0.28484457,-0.21802360,-0.38047811,-0.17445311,0.20682150,0.31318336,0.05903208,0.04004037,-0.02756805,-0.99881830,0.00212972,-0.00428708,-0.09414823,-0.05542223,0.02602710,-0.04338013
10301660000000,synthetic_50hz_04,83,0.02,82.52668991,82.24986699,12.42218822,12.36796378,12.32103074,0.97349867,120.60728678,1,1,0,0,1,-0.28961274,0.04930175,-0.09496097,0.01391626,-0.01948299,-0.08645471,-0.00720754,0.03522507,0.10081847,0.00029102,-0.04995160,-0.11227558,0.00663389,0.06323800,0.12049573,-0.01336753,-0.07470122,-0.12524194,0.01971579,0.08401077,0.12637736,0.01785375,0.10850438,-0.32176102,-0.01012288,0.14738105,-0.14474248,0.00212586,0.07759209,-0.34595868,0.00591628,0.17614564,-0.12645069,-0.01378151,0.05179786,-0.35780503,0.02125308,0.19823505,-0.12140118,-0.21036142,-0.51790846,-0.50456186,0.22020390,0.49241763,0.41730326,-0.22369780,-0.45273017,-0.31801362,0.22074239,0.39999029,0.20955550,-0.21142287,-0.33571850,-0.09505579,0.19600794,0.26176779,-0.02218442,0.04014385,-0.02763439,-0.99881232,0.00172622,-0.00380036,-0.09496097,-0.05451077,0.02587762,-0.04283154
10301680000000,synthetic_50hz_04,84,0.02,82.03608832,82.20711126,12.37970208,12.32103074,12.29377948,0.98220592,120.62953164,1,1,0,0,1,-0.29061696,0.04980419,-0.09576222,0.00930916,-0.03052979,-0.09684541,-0.00242539,0.04563623,0.10925084,-0.00452830,-0.05942695,-0.11850651,0.01135144,0.07150437,0.12434558,-0.01784731,-0.08152028,-0.12659971,0.02382863,0.08918593,0.12520391,0.01328975,0.09746021,-0.33219197,-0.00538687,0.15778261,-0.13627435,-0.00264522,0.06813310,-0.35222016,0.01058444,0.18438920,-0.12257611,-0.01821174,0.04500759,-0.35918122,0.02531721,0.20337601,-0.12256290,-0.21836805,-0.50297501,-0.44651730,0.22384074,0.46745314,0.35039932,-0.22286000,-0.41845437,-0.24417916,0.21545410,0.35739138,0.13091920,-0.20183656,-0.28602462,-0.01388478,0.18239997,0.20641163,-0.10354994,0.04024252,-0.02769249,-0.99880674,0.00132216,-0.00331290,-0.09576222,-0.05365079,0.02572648,-0.04227776
10301700000000,synthetic_50hz_04,85,0.02,82.32645593,82.23098019,12.34361459,12.29377948,12.25325041,0.99090116,120.65133795,1,1,0,0,1,-0.29160899,0.05030344,-0.09655189,0.00455497,-0.04119259,-0.10592528,0.00240854,0.05545043,0.11619209,-0.00930262,-0.06810961,-0.12310903,0.01592850,0.07880515,0.12647668,-0.02209515,-0.08722871,-0.12619794,0.02762479,0.09313742,0.12228086,0.00857851,0.08679974,-0.34131228,-0.00059895,0.16758751,-0.12929712,-0.00737137,0.05946652,-0.35685348,0.01511215,0.19166745,-0.12042001,-0.02241004,0.03932771,-0.35879816,0.02906461,0.20729351,-0.12547391,-0.22336959,-0.48093266,-0.38191060,0.22437155,0.43581962,0.27822603,-0.21890477,-0.37814170,-0.16652008,0.20712686,0.30956178,0.05001328,-0.18937738,-0.23205705,0.06793543,0.16616807,0.14786201,-0.18392552,0.04033644,-0.02774233,-0.99880158,0.00091766,-0.00282480,-0.09655189,-0.05284089,0.02557369,-0.04171887
10301720000000,synthetic_50hz_04,86,0.02,82.31888724,82.24856160,12.30566164,12.25325041,12.21411062,0.99958177,120.67272103,1,1,0,0,1,-0.29258968,0.05079947,-0.09732987,-0.00028065,-0.05132025,-0.11356024,0.00722699,0.06452722,0.12153706,-0.01396497,-0.07587385,-0.12600991,0.02030034,0.08503300,0.12684983,-0.02605044,-0.09174061,-0.12403262,0.03104949,0.09580329,0.11763949,0.00378568,0.07667410,-0.34898784,0.00417359,0.17665531,-0.12391597,-0.01198563,0.05171806,-0.35978540,0.01943466,0.19787303,-0.12002158,-0.02631575,0.03484411,-0.35665183,0.03244049,0.20992562,-0.13010295,-0.22527409,-0.45203907,-0.31160053,0.22176635,0.39791250,0.20175773,-0.21186498,-0.33231392,-0.08609816,0.19585545,0.25713458,-0.03204366,-0.17419931,-0.17454193,0.14926165,0.14752092,0.08691716,-0.26217636,0.04042566,-0.02778390,-0.99879682,0.00051287,-0.00233613,-0.09732987,-0.05207971,0.02541927,-0.04115492
10301740000000,synthetic_50hz_04,87,0.02,81.39866386,82.07858205,12.26721021,12.21411062,12.21147644,1.00824555,120.69369576,1,1,0,0,1,-0.29355990,0.05129225,-0.09809608,-0.00513047,-0.06076802,-0.11963540,0.01196241,0.07273547,0.12520207,-0.01844946,-0.08260592,-0.12715912,0.02440461,0.09009481,0.12545010,-0.02965617,-0.09498621,-0.12012430,0.03405272,0.09713913,0.11133526,-0.00102150,0.06722804,-0.35510379,0.00886322,0.18485487,-0.12021455,-0.01642210,0.04500149,-0.36096588,0.02348964,0.20291285,-0.12139578,-0.02987191,0.03162654,-0.35276279,0.03539485,0.21122793,-0.13639454,-0.22403219,-0.41665021,-0.23653330,0.21603887,0.35421857,0.12203739,-0.20181705,-0.28157465,-0.00402308,0.18177675,0.20081280,-0.11410721,-0.15649574,-0.11426143,0.22894774,0.12670289,0.02441584,-0.33718760,0.04051024,-0.02781720,-0.99879247,0.00010792,-0.00184701,-0.09809608,-0.05136590,0.02526322,-0.04058600
10301760000000,synthetic_50hz_04,88,0.02,81.61535860,81.98593736,12.24380202,12.21147644,12.19557270,1.01689256,120.71427656,1,1,0,0,1,-0.29452044,0.05178175,-0.09885042,-0.00992656,-0.06939964,-0.12405687,0.01654793,0.07995522,0.12712637,-0.02269222,-0.08820565,-0.12653075,0.02818228,0.09391307,0.12228720,-0.03285983,-0.09691294,-0.11451805,0.03659002,0.09711876,0.10344729,-0.00577511,0.05859782,-0.35956622,0.01340308,0.19206623,-0.11825366,-0.02061691,0.03941696,-0.36036903,0.02721805,0.20670941,-0.12453289,-0.03302598,0.02972760,-0.34717609,0.03788323,0.21117425,-0.14426959,-0.21963830,-0.37521635,-0.15773019,0.20724681,0.30531017,0.04016280,-0.18888029,-0.22660175,0.07856250,0.16506826,0.14136030,-0.19502281,-0.13649724,-0.05204337,0.30586052,0.10399094,-0.03877400,-0.40788013,0.04059023,-0.02784222,-0.99878853,-0.00029707,-0.00135753,-0.09885042,-0.05069814,0.02510555,-0.04001217
10301780000000,synthetic_50hz_04,89,0.02,81.48952912,81.88665572,12.22354571,12.19557270,12.18280903,1.02552327,120.73447747,1,1,0,0,1,-0.29547210,0.05226794,-0.09959279,-0.01460125,-0.07708926,-0.12675319,0.02091831,0.08607948,0.12727307,-0.02663228,-0.09258799,-0.12412359,0.03157843,0.09642715,0.11739558,-0.03561416,-0.09748626,-0.10728300,0.03862312,0.09573481,0.09407740,-0.01040748,0.05090930,-0.36230368,0.01772791,0.19818241,-0.11807015,-0.02450911,0.03504953,-0.35799363,0.03056498,0.20920205,-0.12939845,-0.03573072,0.02918181,-0.33996089,0.03986735,0.20975722,-0.15362624,-0.21213109,-0.32827676,-0.07627407,0.19549144,0.25183800,-0.04272822,-0.17321568,-0.16813864,0.16049863,0.14594603,0.07959176,-0.27364179,-0.11446868,0.01124979,0.37889573,0.07969116,-0.10176701,-0.47322593,0.04066568,-0.02785896,-0.99878499,-0.00070197,-0.00086778,-0.09959279,-0.05007515,0.02494628,-0.03943350
10301800000000,synthetic_50hz_04,90,0.02,81.21545127,81.75241483,12.20643630,12.18280903,12.17893877,1.03413847,120.75431207,1,1,0,0,1,-0.29641566,0.05275077,-0.10032312,-0.01908808,-0.08372328,-0.12767658,0.02501081,0.09101581,0.12562995,-0.03021248,-0.09568432,-0.11996134,0.03454310,0.09759419,0.11083420,-0.03787783,-0.09669039,-0.09851165,0.04012052,0.09299895,0.08334897,-0.01485215,0.04427606,-0.36326837,0.02177499,0.20311097,-0.11967625,-0.02804153,0.03196781,-0.35386336,0.03348047,0.21034794,-0.13593351,-0.03794479,0.03000497,-0.33120966,0.04131573,0.20698851,-0.16434115,-0.20159337,-0.27645305,0.00670508,0.18091666,0.19452288,-0.12547326,-0.15502404,-0.10698453,0.24062399,0.12466200,0.01636177,-0.34883742,-0.09070590,0.07473272,0.44699371,0.05413471,-0.16367262,-0.53226296,0.04073666,-0.02786743,-0.99878187,-0.00110664,-0.00037786,-0.10032312,-0.04949566,0.02478541,-0.03885005
10301820000000,synthetic_50hz_04,91,0.02,81.48723228,81.69937832,12.19488734,12.17893877,12.16219488,1.04273949,120.77379358,1,1,0,0,1,-0.29735185,0.05323024,-0.10104130,-0.02332270,-0.08920210,-0.12680374,0.02876615,0.09468776,0.12220981,-0.03338026,-0.09744353,-0.11409251,0.03703199,0.09738996,0.10268588,-0.03961608,-0.09452860,-0.08831876,0.04105802,0.08894193,0.07140538,-0.01904478,0.03879773,-0.36243701,0.02548503,0.20677544,-0.12305916,-0.03116161,0.03022292,-0.34802676,0.03592023,0.21012283,-0.14405525,-0.03963345,0.03219377,-0.32103718,0.04220417,0.20289887,-0.17627093,-0.18815145,-0.22044135,0.09004545,0.16370744,0.13414639,-0.20690135,-0.13454366,-0.04398392,0.31779219,0.10150093,-0.04744663,-0.41952093,-0.06553189,0.13750926,0.50915469,0.02767352,-0.22360744,-0.58410928,0.04080320,-0.02786762,-0.99877915,-0.00151094,0.00011213,-0.10104130,-0.04895843,0.02462295,-0.03826191
10301840000000,synthetic_50hz_04,92,0.02,81.50696535,81.66089572,12.18115651,12.16219488,12.14548933,1.05132715,120.79293479,1,1,0,0,1,-0.29828140,0.05370629,-0.10174726,-0.02724383,-0.09344154,-0.12413647,0.03212930,0.09703605,0.11705054,-0.03608846,-0.09783296,-0.10659000,0.03900718,0.09580931,0.09305641,-0.04080130,-0.09102342,-0.07683996,0.04141910,0.08361329,0.05840818,-0.02292408,0.03455846,-0.35981138,0.02880301,0.20911655,-0.12818100,-0.03382220,0.02984751,-0.34055669,0.03784631,0.20852157,-0.15365789,-0.04076906,0.03572571,-0.30957905,0.04251614,0.19753785,-0.18925401,-0.17197378,-0.16100340,0.17256934,0.14408762,0.07154057,-0.28584919,-0.11204735,0.01998480,0.39088788,0.07677670,-0.11093401,-0.48465709,-0.03929254,0.19868494,0.56445341,0.00067556,-0.28070768,-0.62797627,0.04086536,-0.02785955,-0.99877683,-0.00191476,0.00060210,-0.10174726,-0.04846223,0.02445892,-0.03766913
10301860000000,synthetic_50hz_04,93,0.02,81.39129502,81.60697558,12.16617629,12.14548933,12.13472329,1.05990197,120.81174809,1,1,0,0,1,-0.29920501,0.05417891,-0.10244091,-0.03079411,-0.09637424,-0.11970187,0.03505033,0.09801957,0.11021484,-0.03829603,-0.09683895,-0.09755026,0.04043764,0.09286641,0.08207327,-0.04141341,-0.08621649,-0.06423006,0.04119521,0.07708091,0.04453507,-0.02643270,0.03162562,-0.35541859,0.03167900,0.21009321,-0.13497909,-0.03598225,0.03085526,-0.33154965,0.03922772,0.20555836,-0.16461393,-0.04133158,0.04055914,-0.29699012,0.04224310,0.19097332,-0.20311271,-0.15326912,-0.09895657,0.25309947,0.12231728,0.00757688,-0.36117758,-0.08783899,0.08402125,0.45884278,0.05082825,-0.17319701,-0.54327932,-0.01235211,0.25737942,0.61205287,-0.02648015,-0.33414146,-0.66318065,0.04092318,-0.02784322,-0.99877492,-0.00231796,0.00109195,-0.10244091,-0.04800588,0.02429332,-0.03707180
10301880000000,synthetic_50hz_04,94,0.02,81.41390563,81.56836159,12.15296603,12.13472329,12.12422087,1.06846459,120.83024552,1,1,0,0,1,-0.30012336,0.05464806,-0.10312217,-0.03392096,-0.09795076,-0.11355218,0.03748516,0.09761617,0.10178954,-0.03996865,-0.09446726,-0.08709226,0.04129981,0.08859481,0.06988407,-0.04144029,-0.08016814,-0.05066109,0.04038602,0.06943018,0.02997753,-0.02951805,0.03004867,-0.34931088,0.03406891,0.20968325,-0.14336656,-0.03760743,0.03324038,-0.32112457,0.04004089,0.20126672,-0.17677578,-0.04130886,0.04663373,-0.28344239,0.04138472,0.18329067,-0.21765555,-0.13228398,-0.03516303,0.33047548,0.09868943,-0.05684564,-0.43178763,-0.06224962,0.14721543,0.52065114,0.02401512,-0.23334092,-0.59450404,0.01491174,0.31273909,0.65121711,-0.05340869,-0.38312084,-0.68915528,0.04097673,-0.02781865,-0.99877341,-0.00272041,0.00158159,-0.10312217,-0.04758820,0.02412617,-0.03646998
10301900000000,synthetic_50hz_04,95,0.02,81.85626608,81.62594249,12.14089306,12.12422087,12.09874775,1.07701570,120.84843871,1,1,0,0,1,-0.30103710,0.05511372,-0.10379094,-0.03657735,-0.09814039,-0.10576434,0.03939621,0.09582310,0.09188470,-0.04107926,-0.09074319,-0.07535598,0.04157798,0.08304712,0.05665471,-0.04087798,-0.07295675,-0.03632005,0.03899945,0.06076301,0.01493828,-0.03213311,0.02985829,-0.34156518,0.03593518,0.20788393,-0.15323338,-0.03867070,0.03697758,-0.30942143,0.04027010,0.19569927,-0.18997753,-0.04069696,0.05387110,-0.26912287,0.03994892,0.17459182,-0.23267980,-0.10929967,0.02948187,0.40357045,0.07352629,-0.12081269,-0.49663668,-0.03563313,0.20866043,0.57538463,-0.00328736,-0.29049238,-0.63754398,0.04211307,0.36394931,0.68132264,-0.07972465,-0.42691341,-0.70545844,0.04102604,-0.02778585,-0.99877230,-0.00312198,0.00207092,-0.10379094,-0.04720803,0.02395747,-0.03586375
10301920000000,synthetic_50hz_04,96,0.02,81.78816175,81.65838634,12.12319203,12.09874775,12.08146587,1.08555513,120.86633895,1,1,0,0,1,-0.30194689,0.05557584,-0.10444716,-0.03872252,-0.09693185,-0.09643915,0.04075302,0.09265732,0.08063225,-0.04160858,-0.08571143,-0.06250068,0.04126455,0.07629445,0.04256719,-0.03973085,-0.06467786,-0.02140646,0.03705168,0.05119658,-0.00037142,-0.03423713,0.03106577,-0.33228229,0.03724733,0.20471219,-0.16444761,-0.03915277,0.04202219,-0.29659951,0.03990777,0.18892713,-0.20403719,-0.03950024,0.06217570,-0.25423107,0.03795188,0.16499394,-0.24797421,-0.08462868,0.09406177,0.47130715,0.04717513,-0.18340734,-0.55475361,-0.00836149,0.26746519,0.62220627,-0.03069321,-0.34381190,-0.67172043,0.06886300,0.41024634,0.70186858,-0.10504745,-0.46485320,-0.71178153,0.04107116,-0.02774483,-0.99877159,-0.00352253,0.00255984,-0.10444716,-0.04686426,0.02378724,-0.03525318
10301940000000,synthetic_50hz_04,97,0.02,81.59495173,81.64569942,12.10566704,12.08146587,12.07626123,1.09408277,120.88395712,1,1,0,0,1,-0.30285332,0.05603441,-0.10509074,-0.04032264,-0.09433362,-0.08570011,0.04153273,0.08815540,0.06818440,-0.04154540,-0.07943561,-0.04870290,0.04036030,0.06842566,0.02781728,-0.03801159,-0.05544297,-0.00612967,0.03456700,0.04086183,-0.01573466,-0.03579626,0.03366264,-0.32158570,0.03798252,0.20020462,-0.17685704,-0.03904243,0.04831055,-0.28283533,0.03895466,0.18103915,-0.21875898,-0.03773142,0.07143605,-0.23897635,0.03541789,0.15462799,-0.26332188,-0.05861070,0.15765201,0.53267379,0.02000360,-0.24372298,-0.60525345,0.01918021,0.32276730,0.66038337,-0.05781105,-0.39250610,-0.69647412,0.09477516,0.45092876,0.71248520,-0.12900687,-0.49635093,-0.70795501,0.04111215,-0.02769563,-0.99877127,-0.00392195,0.00304826,-0.10509074,-0.04655576,0.02361549,-0.03463834
10301960000000,synthetic_50hz_04,98,0.02,81.44027518,81.60461457,12.09331660,12.07626123,12.08002335,1.10259920,120.90130380,1,1,0,0,1,-0.30375701,0.05648940,-0.10572161,-0.04135133,-0.09037403,-0.07369191,0.04172050,0.08237326,0.05471170,-0.04088684,-0.07199763,-0.03415413,0.03887440,0.05954627,0.01261187,-0.03574119,-0.04537817,0.00929399,0.03157754,0.02990179,-0.03093190,-0.03678414,0.03762055,-0.30962012,0.03812591,0.19441714,-0.19029113,-0.03833681,0.05576078,-0.26832038,0.03741995,0.17214085,-0.23393602,-0.03541144,0.08152604,-0.22357503,0.03237910,0.14363698,-0.27850324,-0.03160813,0.21933257,0.58673919,-0.00760512,-0.30087624,-0.64735087,0.04659910,0.37374551,0.68929911,-0.08424962,-0.43583952,-0.71137455,0.11947118,0.48536808,0.71294072,-0.15124832,-0.52090324,-0.69395248,0.04114903,-0.02763825,-0.99877133,-0.00432009,0.00353609,-0.10572161,-0.04628146,0.02344223,-0.03401931
10301980000000,synthetic_50hz_04,99,0.02,81.28912869,81.54151740,12.08773343,12.08002335,12.09159165,1.11110573,120.91838919,1,1,0,0,1,-0.30465852,0.05694076,-0.10633968,-0.04179014,-0.08510110,-0.06057866,0.04130981,0.07538560,0.04040085,-0.03963851,-0.06349669,-0.01905825,0.03682440,0.04977715,-0.00283380,-0.03294864,-0.03462250,0.02464415,0.02812294,0.01846968,-0.04574400,-0.03718231,0.04289150,-0.29654964,0.03767099,0.18742444,-0.20456319,-0.03704151,0.06427367,-0.25325856,0.03532122,0.16235311,-0.24935306,-0.03256934,0.09230663,-0.20824749,0.02887514,0.13217414,-0.29329918,-0.00400123,0.27820118,0.63266690,-0.03525762,-0.35401979,-0.68037258,0.07349998,0.41963186,0.70846280,-0.10962330,-0.47314574,-0.71612771,0.14258613,0.51301861,0.70314632,-0.17143813,-0.53810091,-0.66989290,0.04118187,-0.02757273,-0.99877179,-0.00471683,0.00402322,-0.10633968,-0.04604028,0.02326746,-0.03339617
10302000000000,synthetic_50hz_04,100,0.02,81.52685396,81.53858471,12.08935388,12.09159165,12.09539105,1.11960433,120.93522313,1,1,0,0,1,-0.30555841,0.05738849,-0.10694488,-0.04162888,-0.07858207,-0.04654175,0.04030266,0.06728503,0.02545221,-0.03781449,-0.05404813,-0.00362886,0.03423611,0.03925300,-0.01829911,-0.02967069,-0.02332618,0.03969950,0.02424985,0.00672686,-0.05995535,-0.03698060,0.04940825,-0.28255566,0.03661973,0.17931915,-0.21947283,-0.03517063,0.07373388,-0.23786345,0.03268424,0.15181062,-0.26478950,-0.02924186,0.10362760,-0.19321503,0.02495265,0.12040085,-0.30749407,0.02381704,0.33338632,0.66972834,-0.06255571,-0.40235484,-0.70376835,0.09949086,0.45972329,0.71751839,-0.13355765,-0.50383770,-0.71058204,0.16377391,0.53342624,0.68315928,-0.18926850,-0.54763585,-0.63604072,0.04121071,-0.02749909,-0.99877263,-0.00511205,0.00450956,-0.10694488,-0.04583117,0.02309121,-0.03276899
10302020000000,synthetic_50hz_04,101,0.02,81.58690071,81.54824791,12.09188949,12.09539105,12.10048527,1.12809677,120.95181516,1,1,0,0,1,-0.30645723,0.05783254,-0.10753715,-0.04086589,-0.07090268,-0.03177751,0.03870958,0.05818099,0.01007716,-0.03543727,-0.04378192,0.01191372,0.03114328,0.02812060,-0.03356112,-0.02595141,-0.01164854,0.05424093,0.02001135,-0.00515934,-0.07335696,-0.03617733,0.05708505,-0.26783450,0.03498270,0.17021069,-0.23480870,-0.03274665,0.08401144,-0.22235537,0.02954277,0.14066017,-0.28002239,-0.02547306,0.11532963,-0.17869677,0.02066473,0.10848440,-0.32087894,0.05144644,0.38406005,0.69731456,-0.08910197,-0.44514312,-0.71712041,0.12418865,0.49339250,0.71625134,-0.15569491,-0.52741715,-0.69473242,0.18271241,0.54623611,0.65318403,-0.20446223,-0.54930684,-0.59280404,0.04123559,-0.02741736,-0.99877384,-0.00550561,0.00499502,-0.10753715,-0.04565311,0.02291348,-0.03213784
10302040000000,synthetic_50hz_04,102,0.02,81.48409363,81.53541705,12.09549972,12.10048527,12.11355523,1.13658460,120.96817447,1,1,0,0,1,-0.30735549,0.05827289,-0.10811640,-0.03950814,-0.06216616,-0.01649456,0.03654968,0.04819839,-0.00550479,-0.03253749,-0.03284103,0.02734544,0.02758722,0.01653685,-0.04839771,-0.02184160,0.00024409,0.06805465,0.01546628,-0.01701800,-0.08574954,-0.03477948,0.06581866,-0.25259478,0.03277898,0.16022397,-0.25035128,-0.02980021,0.09496338,-0.20695836,0.02593815,0.12905866,-0.29482961,-0.02131375,0.12724639,-0.16490649,0.01607021,0.09659575,-0.33325448,0.07848509,0.42945041,0.71494652,-0.11450550,-0.48171823,-0.72015119,0.14722466,0.52009789,0.70459357,-0.17569927,-0.54348288,-0.66872218,0.19910838,0.55119901,0.61357123,-0.21677711,-0.54302381,-0.54073072,0.04125655,-0.02732758,-0.99877544,-0.00589738,0.00547949,-0.10811640,-0.04550508,0.02273428,-0.03150280
10302060000000,synthetic_50hz_04,103,0.02,81.83683684,81.59570101,12.10308303,12.11355523,12.11643783,1.14506961,120.98430991,1,1,0,0,1,-0.30825369,0.05870951,-0.10868257,-0.03757124,-0.05249199,-0.00091102,0.03385040,0.03747598,-0.02106907,-0.02915363,-0.02137952,0.04244173,0.02361635,0.00466668,-0.06259078,-0.01739820,0.01218070,0.08093530,0.01067844,-0.02867691,-0.09694643,-0.03280267,0.07548962,-0.23705462,0.03003602,0.14949775,-0.26587601,-0.02636980,0.10643564,-0.19189700,0.02191878,0.11717101,-0.30899306,-0.01682086,0.13920685,-0.15204954,0.01123291,0.08490708,-0.34443405,0.10453514,0.46885318,0.72228372,-0.13838754,-0.51149616,-0.71272922,0.16825015,0.53939246,0.68262640,-0.19326204,-0.55173783,-0.63284315,0.21270209,0.54817634,0.56481473,-0.22600984,-0.52881067,-0.48050244,0.04127364,-0.02722979,-0.99877740,-0.00628725,0.00596290,-0.10868257,-0.04538610,0.02255363,-0.03086395
10302080000000,synthetic_50hz_04,104,0.02,82.12443515,81.70144784,12.10869205,12.11643783,12.11437863,1.15355302,121.00023004,1,1,0,0,1,-0.30915232,0.05914237,-0.10923559,-0.03507936,-0.04201438,0.01474852,0.03064724,0.02616461,-0.03638915,-0.02533155,-0.00956050,0.05698066,0.01928554,-0.00731924,-0.07592940,-0.01268351,0.02398796,0.09268905,0.00571582,-0.03996510,-0.10677644,-0.03027105,0.08596373,-0.22143861,0.02678934,0.13818287,-0.28115635,-0.02250127,0.11826511,-0.17739323,0.01753953,0.10516791,-0.32230182,-0.01205672,0.15103769,-0.14031977,0.00622079,0.07358939,-0.35424645,0.12920861,0.50164299,0.71913105,-0.16038710,-0.53398482,-0.69487305,0.18694157,0.55093161,0.65058154,-0.20810642,-0.55199479,-0.58753346,0.22327147,0.53714371,0.50754652,-0.23199949,-0.50680651,-0.41292677,0.04128690,-0.02712401,-0.99877972,-0.00667507,0.00644514,-0.10923559,-0.04529518,0.02237153,-0.03022136
10302100000000,synthetic_50hz_04,105,0.02,81.81629467,81.72441721,12.11108041,12.11437863,12.13172403,1.16203540,121.01594309,1,1,0,0,1,-0.31005185,0.05957145,-0.10977540,-0.03206493,-0.03088051,0.03025613,0.02698340,0.01442514,-0.05123980,-0.02112392,0.00244612,0.07074619,0.01465543,-0.01924686,-0.08821294,-0.00776442,0.03549270,0.10313647,0.00064956,-0.05071527,-0.11508653,-0.02721707,0.09709377,-0.20597468,0.02308212,0.12644020,-0.29596707,-0.01824730,0.13028188,-0.16366307,0.01286105,0.09322339,-0.33455525,-0.00708820,0.16256574,-0.12989659,0.00110502,0.06280997,-0.36253865,0.15213303,0.52728338,0.70544360,-0.18016643,-0.54879240,-0.66675311,0.20300556,0.55447948,0.60883981,-0.21999194,-0.54418066,-0.53337338,0.23063585,0.51819285,0.44252955,-0.23463042,-0.47726531,-0.33892739,0.04129637,-0.02701028,-0.99878241,-0.00706074,0.00692611,-0.10977540,-0.04523138,0.02218801,-0.02957512
10302120000000,synthetic_50hz_04,106,0.02,82.12128268,81.80379030,12.11975073,12.13172403,12.14199922,1.17051805,121.03145699,1,1,0,0,1,-0.31095271,0.05999671,-0.11030192,-0.02856832,-0.01924863,0.04538380,0.02290918,0.00242630,-0.06540033,-0.01658956,0.01446599,0.08353134,0.00979166,-0.03094121,-0.09925411,-0.00271145,0.04652439,0.11211533,-0.00444692,-0.06076624,-0.12174421,-0.02368110,0.10872153,-0.19089083,0.01896467,0.11443848,-0.31008750,-0.01366672,0.14231160,-0.15091350,0.00794897,0.08151242,-0.34556606,-0.00198582,0.17362047,-0.12094225,-0.00404099,0.05272999,-0.36917815,0.17295710,0.54533587,0.68132953,-0.19741618,-0.55563452,-0.62869144,0.21618366,0.54991396,0.55792788,-0.22871846,-0.52833913,-0.47107899,0.23465920,0.49153204,0.37064868,-0.23383460,-0.44055385,-0.25953240,0.04130210,-0.02688867,-0.99878545,-0.00744411,0.00740572,-0.11030192,-0.04519375,0.02200306,-0.02892530
10302140000000,synthetic_50hz_04,107,0.02,81.98275288,81.83958282,12.12909510,12.14199922,12.16415904,1.17900209,121.04677935,1,1,0,0,1,-0.31185535,0.06041814,-0.11081509,-0.02463737,-0.00728588,0.05990669,0.01848143,-0.00965765,-0.07865788,-0.01179266,0.02632275,0.09514132,0.00476390,-0.04222894,-0.10888180,0.00240220,0.05691766,0.11948316,-0.00949904,-0.06996541,-0.12663977,-0.01971097,0.12067985,-0.17641191,0.01449384,0.10235195,-0.32330476,-0.00882370,0.15417790,-0.13933932,0.00287299,0.07020837,-0.35516316,0.00317722,0.18403651,-0.11359919,-0.00914265,0.04350206,-0.37405524,0.19135608,0.55546773,0.64705079,-0.21186032,-0.55433988,-0.58115931,0.22625652,0.53723016,0.49851273,-0.23412965,-0.50463184,-0.40149380,0.23525271,0.45748474,0.29289962,-0.22959333,-0.39714815,-0.17586101,0.04130412,-0.02675920,-0.99878883,-0.00782508,0.00788389,-0.11081509,-0.04518136,0.02181670,-0.02827198
10302160000000,synthetic_50hz_04,108,0.02,82.00989404,81.87364506,12.14382195,12.16415904,12.19019709,1.18748912,121.06191751,1,1,0,0,1,-0.31276017,0.06083570,-0.11131485,-0.02032676,0.00483401,0.07360648,0.01376274,-0.02164938,-0.09081056,-0.00680193,0.03784058,0.10539652,-0.00035499,-0.05294083,-0.11694385,0.00750167,0.06651476,0.12511963,-0.01443207,-0.07817104,-0.12968816,-0.01536139,0.13279500,-0.16275622,0.00973223,0.09035794,-0.33541698,-0.00378697,0.16570498,-0.12912014,-0.00229406,0.05948046,-0.36319437,0.00832604,0.19365610,-0.10798777,-0.01412524,0.03526792,-0.37708487,0.20703686,0.55745844,0.60302156,-0.22326066,-0.54485453,-0.52477258,0.23304775,0.51654220,0.43139417,-0.23611596,-0.47333772,-0.32557846,0.23237684,0.41648670,0.21037617,-0.22193819,-0.34762817,-0.08910864,0.04130248,-0.02662192,-0.99879256,-0.00820351,0.00836051,-0.11131485,-0.04519332,0.02162895,-0.02761524
10302180000000,synthetic_50hz_04,109,0.02,82.19495012,81.93790607,12.16329951,12.19019709,12.21397798,1.19598106,121.07687850,1,1,0,0,1,-0.31366758,0.06124936,-0.11180115,-0.01569737,0.01693315,0.08627464,0.00882067,-0.03337103,-0.10167057,-0.00168966,0.04884680,0.11413530,-0.00549006,-0.06291431,-0.12330945,0.01251150,0.07516796,0.12892854,-0.01917223,-0.08525448,-0.13083055,-0.01069320,0.14488908,-0.15013231,0.00474740,0.07863433,-0.34623635,0.00137118,0.17672014,-0.12041758,-0.00747722,0.04949124,-0.36952890,0.01338519,0.20233152,-0.10420418,-0.01891497,0.02815623,-0.37820823,0.21974279,0.55120459,0.54980461,-0.23142090,-0.52724436,-0.46028498,0.23642705,0.48808343,0.35749511,-0.23461689,-0.43485082,-0.24439850,0.22604261,0.36908126,0.12425576,-0.21095143,-0.29267092,-0.00053067,0.04129722,-0.02647689,-0.99879663,-0.00857928,0.00883549,-0.11180115,-0.04522874,0.02143981,-0.02695516
10302200000000,synthetic_50hz_04,110,0.02,81.74768021,81.89986090,12.18458447,12.21397798,12.26059298,1.20447971,121.09166908,1,1,0,0,1,-0.31457795,0.06165911,-0.11227392,-0.01081540,0.02883200,0.09771555,0.00372678,-0.04464678,-0.11106717,0.00346928,0.05917438,0.12121667,-0.01056532,-0.07199595,-0.12787143,0.01735677,0.08274184,0.13083960,-0.02364780,-0.09110225,-0.13003561,-0.00577263,0.15678259,-0.13873578,-0.00038910,0.06735691,-0.35559213,0.00657589,0.18705636,-0.11337264,-0.01260048,0.04039415,-0.37405956,0.01827974,0.20992734,-0.10231869,-0.02344012,0.02228046,-0.37739396,0.22925793,0.53672324,0.48810538,-0.23619016,-0.50169609,-0.38857920,0.23631291,0.45220482,0.27785010,-0.22962265,-0.38967626,-0.15911045,0.21631226,0.31591316,0.03578358,-0.19676549,-0.23304214,0.08857496,0.04128838,-0.02632416,-0.99880103,-0.00895227,0.00930874,-0.11227392,-0.04528674,0.02124931,-0.02629181
10302220000000,synthetic_50hz_04,111,0.02,81.93666966,81.90722265,12.21650804,12.26059298,12.30187368,1.21298788,121.10629569,1,1,0,0,1,-0.31549166,0.06206491,-0.11273310,-0.00575155,0.04035205,0.10774965,-0.00144430,-0.05530551,-0.11884936,0.00859851,0.06866449,0.12652259,-0.01550482,-0.08004384,-0.13054811,0.02196412,0.08911548,0.13080987,-0.02779018,-0.09561789,-0.12730032,-0.00067037,0.16829698,-0.12874621,-0.00560264,0.05669683,-0.36333333,0.01175077,0.19655480,-0.10810336,-0.01758791,0.03233111,-0.37670469,0.02293635,0.21632265,-0.10237426,-0.02763209,0.01773708,-0.37463907,0.23541094,0.51415356,0.41876387,-0.23746588,-0.46851642,-0.31065602,0.23267456,0.40937172,0.19359182,-0.22117513,-0.33842465,-0.07094627,0.20329912,0.25772064,-0.05374469,-0.17956191,-0.16958642,0.17688617,0.04127599,-0.02616378,-0.99880574,-0.00932237,0.00978016,-0.11273310,-0.04536646,0.02105744,-0.02562529
10302240000000,synthetic_50hz_04,112,0.02,81.88716833,81.90321179,12.25236161,12.30187368,12.34848396,1.22150838,121.12076456,1,1,0,0,1,-0.31640905,0.06246674,-0.11317865,-0.00057998,0.05131839,0.11621623,-0.00661600,-0.06518332,-0.12488845,0.01362123,0.07716897,0.12996008,-0.02023376,-0.08692981,-0.13128490,0.02626294,0.09418443,0.12882472,-0.03153495,-0.09872366,-0.12265045,0.00453942,0.17925736,-0.12032428,-0.01081663,0.04681798,-0.36933126,0.01681902,0.20506732,-0.10470271,-0.02236470,0.02543028,-0.37740969,0.02728438,0.22141298,-0.10438551,-0.03142645,0.01460382,-0.36996932,0.23807824,0.48375682,0.34274446,-0.23519616,-0.42812942,-0.22762146,0.22553325,0.36015885,0.10593603,-0.20936812,-0.28180474,0.01880358,0.18716681,0.19532606,-0.14300108,-0.15956939,-0.10321604,0.26307579,0.04126010,-0.02599582,-0.99881078,-0.00968944,0.01024967,-0.11317865,-0.04546705,0.02086422,-0.02495566
10302260000000,synthetic_50hz_04,113,0.02,81.82410029,81.88738949,12.29273300,12.34848396,12.40035758,1.23004407,121.13508158,1,1,0,0,1,-0.31733045,0.06286457,-0.11361050,0.00462268,0.06156241,0.12297614,-0.01171084,-0.07412609,-0.12908028,0.01846138,0.08455269,0.13146297,-0.02467966,-0.09254160,-0.13005552,0.03018642,0.09786249,0.12489851,-0.03482289,-0.10036195,-0.11614062,0.00978009,0.18949510,-0.11360916,-0.01595360,0.03787446,-0.37348176,0.02170457,0.21245877,-0.10323687,-0.02685836,0.01980392,-0.37614828,0.03125703,0.22511215,-0.10833808,-0.03476398,0.01293829,-0.36343931,0.23718672,0.44591443,0.26112368,-0.22938133,-0.38107225,-0.14067214,0.21496277,0.30524357,0.01616495,-0.19434674,-0.22061458,0.10880827,0.16812759,0.12962518,-0.23064450,-0.13706125,-0.03489861,0.34583115,0.04124075,-0.02582032,-0.99881612,-0.01005337,0.01071716,-0.11361050,-0.04558770,0.02066967,-0.02428302
10302280000000,synthetic_50hz_04,114,0.02,81.93247655,81.89640690,12.33793532,12.40035758,12.45035073,1.23859792,121.14925243,1,1,0,0,1,-0.31825620,0.06325837,-0.11402860,0.00977846,0.07092432,0.12791417,-0.01665163,-0.08199195,-0.13134711,0.02304472,0.09069571,0.13099325,-0.02877342,-0.09678467,-0.12686279,0.03367257,0.10008329,0.11907482,-0.03760092,-0.10049646,-0.10785387,0.01497369,0.19885045,-0.10871605,-0.02093635,0.03000818,-0.37570708,0.02633318,0.21860922,-0.10374385,-0.03099980,0.01554658,-0.37292329,0.03479231,0.22735379,-0.11418839,-0.03759161,0.01277681,-0.35513211,0.23271558,0.40112438,0.17507609,-0.22007485,-0.32798901,-0.05107903,0.20108925,0.24539756,-0.07439067,-0.17630616,-0.15573119,0.19771565,0.14644008,0.06157502,-0.31534040,-0.11235206,0.03435639,0.42387374,0.04121797,-0.02563736,-0.99882177,-0.01041405,0.01118256,-0.11402860,-0.04572759,0.02047380,-0.02360743
10302300000000,synthetic_50hz_04,115,0.02,82.07752221,81.93262996,12.38514979,12.45035073,12.49779680,1.24717261,121.16328249,1,1,0,0,1,-0.31918658,0.06364813,-0.11443290,0.01480918,0.07925576,0.13094111,-0.02136255,-0.08865351,-0.13163922,0.02730002,0.09549533,0.12854211,-0.03245042,-0.09958398,-0.12173907,0.03666526,0.10080158,0.11142624,-0.03982302,-0.09911302,-0.09790093,0.02004203,0.20717501,-0.10573416,-0.02568908,0.02334649,-0.37595753,0.03063364,0.22341596,-0.10623244,-0.03472440,0.01273329,-0.36776708,0.03783409,0.22809263,-0.12186385,-0.03986331,0.01413353,-0.34515845,0.22469759,0.34999572,0.08585847,-0.20738335,-0.26962299,0.03983023,0.18409016,0.18147691,-0.16437060,-0.15548956,-0.08809876,0.28417210,0.12240613,-0.00781932,-0.39578078,-0.08579366,0.10351196,0.49597892,0.04119180,-0.02544700,-0.99882771,-0.01077135,0.01164577,-0.11443290,-0.04588592,0.02027661,-0.02292899
10302320000000,synthetic_50hz_04,116,0.02,82.53976438,82.05405685,12.43246154,12.49779680,12.53141395,1.25577034,121.17717691,1,1,0,0,1,-0.32012190,0.06403381,-0.11482336,0.01963762,0.08642212,0.13199553,-0.02577037,-0.09400004,-0.12993609,0.03116015,0.09886790,0.12413052,-0.03565157,-0.10088534,-0.11474622,0.03911514,0.09999422,0.10205373,-0.04145100,-0.09622021,-0.08641898,0.02490789,0.21433419,-0.10472492,-0.03013854,0.01800014,-0.37421255,0.03453880,0.22679534,-0.11068169,-0.03797307,0.01141825,-0.36074150,0.04033302,0.22730555,-0.13126350,-0.04154089,0.01699988,-0.33365549,0.21321947,0.29324141,-0.00520763,-0.19146603,-0.20680724,0.13069022,0.16419254,0.11441073,-0.25240494,-0.13218530,-0.01871570,0.36684272,0.09636709,-0.07751891,-0.47070425,-0.05777058,0.17151861,0.56099515,0.04116229,-0.02524931,-0.99883393,-0.01112516,0.01210669,-0.11482336,-0.04606190,0.02007813,-0.02224778
10302340000000,synthetic_50hz_04,117,0.02,82.79249664,82.20174480,12.47402155,12.53141395,12.56208389,1.26439220,121.19094056,1,1,0,0,1,-0.32106242,0.06441540,-0.11519993,0.02418870,0.09230483,0.13104511,-0.02980559,-0.09793941,-0.12624712,0.03456317,0.10075035,0.11780937,-0.03832427,-0.10065661,-0.10597512,0.04098047,0.09766089,0.09108556,-0.04245519,-0.09184956,-0.07356996,0.02949618,0.22020941,-0.10572064,-0.03421523,0.01406127,-0.37048159,0.03798671,0.22868430,-0.11704069,-0.04069319,0.01163360,-0.35193745,0.04224735,0.22499221,-0.14225906,-0.04259468,0.02134433,-0.32078519,0.19842158,0.23166937,-0.09675460,-0.17253312,-0.14045361,0.22011763,0.14167045,0.04518851,-0.33713457,-0.10672335,0.05137939,0.44443176,0.06869938,-0.14646600,-0.53891577,-0.02869476,0.23732993,0.61786260,0.04112946,-0.02504435,-0.99884043,-0.01147537,0.01256524,-0.11519993,-0.04625476,0.01987836,-0.02156387
10302360000000,synthetic_50hz_04,118,0.02,83.19331474,82.40005879,12.51100773,12.56208389,12.58479233,1.27303852,121.20457810,1,1,0,0,1,-0.32200842,0.06479286,-0.11556255,0.02839063,0.09680337,0.12808762,-0.03340349,-0.10039972,-0.12061206,0.03745330,0.10110151,0.10965920,-0.04042332,-0.09888849,-0.09554482,0.04222792,0.09382446,0.07867583,-0.04281506,-0.08605544,-0.05953859,0.03373512,0.22470016,-0.10872356,-0.03785442,0.01160175,-0.36480437,0.04092160,0.22904167,-0.12522892,-0.04283957,0.01338863,-0.34147396,0.04354375,0.22117550,-0.15469644,-0.04300414,0.02711251,-0.30673225,0.18049671,0.16617200,-0.18738861,-0.15084364,-0.07154038,0.30673183,0.11684167,-0.02515378,-0.41723184,-0.07947110,0.12112274,0.51570286,0.03980935,-0.21359968,-0.59930592,0.00100013,0.29991844,0.66563071,0.04109336,-0.02483220,-0.99884720,-0.01182185,0.01302133,-0.11556255,-0.04646375,0.01967732,-0.02087735
10302380000000,synthetic_50hz_04,119,0.02,83.35357741,82.59076252,12.54199726,12.58479233,12.61013692,1.28170879,121.21809392,1,1,0,0,1,-0.32296013,0.06516618,-0.11591119,0.03217608,0.09983711,0.12315143,-0.03650524,-0.10133079,-0.11310082,0.03978194,0.09990306,0.09978946,-0.04191170,-0.09559508,-0.08360113,0.04283313,0.08853104,0.06500254,-0.04251966,-0.07891462,-0.04452989,0.03755737,0.22772581,-0.11370530,-0.04099730,0.01067179,-0.35725080,0.04329486,0.22784913,-0.13513691,-0.04437518,0.01666924,-0.32949686,0.04419786,0.21590150,-0.16839764,-0.04275832,0.03422766,-0.29170172,0.15968813,0.09771415,-0.27571024,-0.12670234,-0.00109863,0.38917583,0.09006367,-0.09554857,-0.49142130,-0.05082841,0.18944106,0.57949886,0.01012776,-0.27787187,-0.65086920,0.03086489,0.35829151,0.70347467,0.04105403,-0.02461292,-0.99885424,-0.01216451,0.01347487,-0.11591119,-0.04668812,0.01947503,-0.02018831
10302400000000,synthetic_50hz_04,120,0.02,83.37654152,82.74791832,12.57061592,12.61013692,12.64247909,1.29040232,121.23149217,1,1,0,0,1,-0.32391779,0.06553533,-0.11624581,0.03548324,0.10134688,0.11629559,-0.03905889,-0.10070524,-0.10381294,0.04150845,0.09716022,0.08833732,-0.04276130,-0.09081403,-0.07031490,0.04278132,0.08184963,0.05026526,-0.04156794,-0.07052546,-0.02876646,0.04090113,0.22922718,-0.12060681,-0.04359191,0.01129876,-0.34792044,0.04506587,0.22511189,-0.14662749,-0.04527192,0.02143780,-0.31617699,0.04419489,0.20923923,-0.18316307,-0.04185617,0.04259141,-0.27591617,0.13628677,0.02731973,-0.36033577,-0.10045591,0.06980254,0.46613739,0.06172886,-0.16491238,-0.55850005,-0.02122214,0.25526771,0.63476089,-0.01989643,-0.33826356,-0.69272128,0.06044137,0.41150711,0.73071019,0.04101150,-0.02438661,-0.99886153,-0.01250323,0.01392576,-0.11624581,-0.04692714,0.01927148,-0.01949683
10302420000000,synthetic_50hz_04,121,0.02,83.14134291,82.82660323,12.60079845,12.64247909,12.68966876,1.29911870,121.24477679,1,1,0,0,1,-0.32488163,0.06590028,-0.11656636,0.03825691,0.10129620,0.10760945,-0.04102025,-0.09851930,-0.09287658,0.04260097,0.09290204,0.07546605,-0.04295348,-0.08460637,-0.05587979,0.04206762,0.07387145,0.03468249,-0.03996893,-0.06100679,-0.01248527,0.04371119,0.22916780,-0.12933874,-0.04559406,0.01348642,-0.33694144,0.04620275,0.22085899,-0.15953741,-0.04551115,0.02763326,-0.30170801,0.04352998,0.20127992,-0.19877426,-0.04030672,0.05208493,-0.25961259,0.11062768,-0.04394284,-0.43991856,-0.07248841,0.14007162,0.53636992,0.03225927,-0.23216207,-0.61735749,0.00889992,0.31755918,0.68054636,-0.04980252,-0.39380091,-0.72411475,0.08926930,0.45868918,0.74680658,0.04096581,-0.02415333,-0.99886906,-0.01283790,0.01437393,-0.11656636,-0.04718010,0.01906670,-0.01880298
10302440000000,synthetic_50hz_04,122,0.02,83.51654020,82.96459063,12.63812398,12.68966876,12.72470480,1.30785854,121.25795146,1,1,0,0,1,-0.32585185,0.06626101,-0.11687281,0.04044940,0.09967226,0.09721179,-0.04235375,-0.09479327,-0.08044701,0.04303703,0.08718134,0.06136291,-0.04247953,-0.07705594,-0.04050969,0.04069732,0.06470898,0.01848856,-0.03774179,-0.05049643,0.00406561,0.04593986,0.22753486,-0.13978231,-0.04696816,0.01721448,-0.32446907,0.04668303,0.21514328,-0.17367938,-0.04508414,0.03517179,-0.28630383,0.04220842,0.19213602,-0.21499685,-0.03812914,0.06257042,-0.24303905,0.08308569,-0.11497625,-0.51317049,-0.04321611,0.20861107,0.59871290,0.00210060,-0.29623154,-0.66699414,0.03907548,0.37531151,0.71604563,-0.07912499,-0.44357107,-0.74445319,0.11689329,0.49904228,0.75139781,0.04091699,-0.02391317,-0.99887683,-0.01316840,0.01481927,-0.11687281,-0.04744628,0.01886070,-0.01810687
10302460000000,synthetic_50hz_04,123,0.02,83.84825340,83.14132318,12.67448792,12.72470480,12.75051160,1.31662220,121.27101965,1,1,0,0,1,-0.32682865,0.06661750,-0.11716512,0.04202144,0.09648649,0.08524950,-0.04303308,-0.08957163,-0.06670470,0.04280405,0.08007437,0.04623676,-0.04134096,-0.06826854,-0.02443580,0.03868600,0.05449449,0.00193035,-0.03491570,-0.03914934,0.02063076,0.04754787,0.22433978,-0.15179062,-0.04768791,0.02243846,-0.31068380,0.04649413,0.20804099,-0.18884455,-0.04399243,0.04394759,-0.27019563,0.04024578,0.18193982,-0.23158398,-0.03535257,0.07389289,-0.22645096,0.05407034,-0.18467068,-0.57888295,-0.01308162,0.27433416,0.65211137,-0.02828425,-0.35608847,-0.70653912,0.06883467,0.42757658,0.74059702,-0.10740056,-0.48673745,-0.75330316,0.14287004,0.53186546,0.74429122,0.04086508,-0.02366621,-0.99888482,-0.01349465,0.01526172,-0.11716512,-0.04772500,0.01865350,-0.01740856
10302480000000,synthetic_50hz_04,124,0.02,83.99428407,83.31191536,12.70641787,12.75051160,12.77446560,1.32540941,121.28398462,1,1,0,0,1,-0.32781221,0.06696973,-0.11744325,0.04294293,0.09177484,0.07189579,-0.04304179,-0.08292276,-0.05185292,0.04189973,0.07167997,0.03031511,-0.03954969,-0.05837062,-0.00790329,0.03605941,0.04337842,-0.01473638,-0.03152952,-0.02713559,0.03695119,0.04850512,0.21961853,-0.16519046,-0.04773688,0.02908997,-0.29578892,0.04563375,0.19965097,-0.20480542,-0.04224790,0.05383421,-0.25362858,0.03766780,0.17084175,-0.24827986,-0.03201591,0.08588229,-0.21010732,0.02402027,-0.25192079,-0.63594710,0.01745243,0.33618206,0.69563437,-0.05842197,-0.41075103,-0.73526618,0.09770717,0.47347787,0.75369992,-0.13417543,-0.52255412,-0.75040414,0.16677535,0.55656489,0.72547387,0.04081012,-0.02341254,-0.99889304,-0.01381651,0.01570117,-0.11744325,-0.04801557,0.01844510,-0.01670814
10302500000000,synthetic_50hz_04,125,0.02,84.00040061,83.44961241,12.73499791,12.77446560,12.80032723,1.33421952,121.29684939,1,1,0,0,1,-0.32880269,0.06731768,-0.11770717,0.04319355,0.08559764,0.05734796,-0.04237373,-0.07493830,-0.03611505,0.04033225,0.06211846,0.01384093,-0.03712798,-0.04750771,0.00883223,0.03285329,0.03152730,-0.03125076,-0.02763142,-0.01463793,0.05276831,0.04879128,0.21343142,-0.17978455,-0.04710889,0.03707737,-0.28000779,0.04411006,0.19009352,-0.22131899,-0.03987283,0.06468611,-0.23685831,0.03451024,0.15900835,-0.26482365,-0.02816731,0.09835587,-0.19426672,-0.00660315,-0.31564305,-0.68337310,0.04791025,0.39314082,0.72849181,-0.08783607,-0.45930415,-0.75260777,0.12522953,0.51222553,0.75502568,-0.15901257,-0.55037921,-0.73567586,0.18821120,0.57266520,0.69511616,0.04075215,-0.02315223,-0.99890146,-0.01413391,0.01613754,-0.11770717,-0.04831733,0.01823552,-0.01600570
10302520000000,synthetic_50hz_04,126,0.02,84.40565700,83.64082133,12.76243622,12.80032723,12.81020582,1.34305189,121.30961677,1,1,0,0,1,-0.32980027,0.06766131,-0.11795684,0.04276327,0.07803906,0.04182471,-0.04103331,-0.06573214,-0.01973137,0.03812034,0.05153012,-0.00293085,-0.03410834,-0.03584246,0.02550856,0.02911298,0.01912145,-0.04735085,-0.02327828,-0.00184916,0.06782800,0.04839633,0.20586264,-0.19535415,-0.04580835,0.04628680,-0.26358070,0.04194180,0.17950894,-0.23813036,-0.03689972,0.07634066,-0.22014701,0.03081842,0.14661993,-0.28095341,-0.02386365,0.11112084,-0.17918328,-0.03732256,-0.37479314,-0.72030795,0.07781006,0.44425822,0.75004964,-0.11605426,-0.50091513,-0.75816705,0.15095256,0.54313043,0.74442615,-0.18149883,-0.56968702,-0.70922309,0.20681241,0.57981927,0.65357281,0.04069119,-0.02288539,-0.99891008,-0.01444672,0.01657076,-0.11795684,-0.04862961,0.01802477,-0.01530133
10302540000000,synthetic_50hz_04,127,0.02,84.68585933,83.84982893,12.78249946,12.81020582,12.80931807,1.35190502,121.32228938,1,1,0,0,1,-0.33080508,0.06800062,-0.11819225,0.04165269,0.06920628,0.02556313,-0.03903563,-0.05543898,-0.00295559,0.03529315,0.04007336,-0.01973717,-0.03053315,-0.02355240,0.04186089,0.02489287,0.00635241,-0.06277775,-0.01853491,0.01103072,0.08188469,0.04732086,0.19701934,-0.21166220,-0.04385038,0.05658351,-0.24676137,0.03915811,0.16805563,-0.25497644,-0.03337097,0.08862032,-0.20375949,0.02664674,0.13386803,-0.29641020,-0.01916974,0.12397718,-0.16510257,-0.06765177,-0.42838313,-0.74605160,0.10667158,0.48865992,0.75984287,-0.14261598,-0.53484842,-0.75172753,0.17444871,0.56561699,0.72193952,-0.20125200,-0.58007856,-0.67133767,0.22225309,0.57781620,0.60138084,0.04062729,-0.02261210,-0.99891890,-0.01475485,0.01700072,-0.11819225,-0.04895178,0.01781287,-0.01459510
10302560000000,synthetic_50hz_04,128,0.02,84.64556712,84.00897657,12.79376327,12.80931807,12.80895751,1.36077661,121.33486962,1,1,0,0,1,-0.33181726,0.06833557,-0.11841335,0.03987322,0.05922813,0.00881526,-0.03640642,-0.04421267,0.01394887,0.03189002,0.02792253,-0.03631084,-0.02645421,-0.01082738,0.05762595,0.02025571,-0.00657993,-0.07727968,-0.01347323,0.02379754,0.09470540,0.04557628,0.18703038,-0.22845665,-0.04126069,0.06781370,-0.22981321,0.03579833,0.15590795,-0.27159007,-0.02933834,0.10133524,-0.18795902,0.02205794,0.12095254,-0.31094229,-0.01415748,0.13672073,-0.15225757,-0.09710338,-0.47549829,-0.76007106,0.13402364,0.52556486,0.75758633,-0.16707993,-0.56047916,-0.73326004,0.19531923,0.57923458,0.68779351,-0.21792738,-0.58129040,-0.62249758,0.23425258,0.56658734,0.53925475,0.04056049,-0.02233245,-0.99892789,-0.01505820,0.01742735,-0.11841335,-0.04928320,0.01759983,-0.01388711
10302580000000,synthetic_50hz_04,129,0.02,85.20013914,84.24720908,12.80014485,12.80895751,12.78323201,1.36966412,121.34735967,1,1,0,0,1,-0.33283692,0.06866615,-0.11862013,0.03744708,0.04825350,-0.00815568,-0.03318187,-0.03222400,0.03071294,0.02796000,0.01526546,-0.05238473,-0.02193204,0.00213318,0.07254624,0.01527176,-0.01947033,-0.09061621,-0.00817119,0.03624613,0.10607368,0.04318482,0.17604465,-0.24547427,-0.03807546,0.07980654,-0.21300530,0.03191152,0.14325372,-0.28770409,-0.02486238,0.11428600,-0.17300311,0.01712228,0.10807871,-0.32430921,-0.00890485,0.14914634,-0.14086474,-0.12519641,-0.51531308,-0.76201229,0.15941188,0.55429958,0.74318280,-0.18903143,-0.57730536,-0.70292699,0.21320111,0.58366716,0.64240547,-0.23122410,-0.57320156,-0.56336310,0.24258080,0.54621030,0.46807871,0.04049081,-0.02204655,-0.99893706,-0.01535668,0.01785057,-0.11862013,-0.04962324,0.01738566,-0.01317744
10302600000000,synthetic_50hz_04,130,0.02,85.41791419,84.48135010,12.79304146,12.78323201,12.74694385,1.37856381,121.35976155,1,1,0,0,1,-0.33386419,0.06899234,-0.11881255,0.03440720,0.03644933,-0.02507920,-0.02940817,-0.01965838,0.04706607,0.02356128,0.00230068,-0.06769600,-0.01703512,0.01512335,0.08637422,0.01001782,-0.03211137,-0.10256224,-0.00271171,0.04817360,0.11579334,0.04017938,0.16422906,-0.26244457,-0.03434091,0.09237664,-0.19660818,0.02755585,0.13029148,-0.30305568,-0.02001156,0.12726667,-0.15913930,0.01191656,0.09545394,-0.33628587,-0.00349475,0.16105108,-0.13112026,-0.15146417,-0.54710617,-0.75170945,0.18240633,0.57431113,0.71672836,-0.20808963,-0.58495842,-0.66108367,0.22777362,0.57874109,0.58637962,-0.24089078,-0.55583839,-0.49476998,0.24706295,0.51691061,0.38889588,0.04041829,-0.02175448,-0.99894638,-0.01565017,0.01827029,-0.11881255,-0.04997130,0.01717038,-0.01246617
10302620000000,synthetic_50hz_04,131,0.02,85.41338176,84.66775644,12.77368046,12.74694385,12.70804066,1.38747104,121.37207706,1,1,0,0,1,-0.33489917,0.06931411,-0.11899059,0.03079681,0.02399821,-0.04168183,-0.02514102,-0.00671310,0.06274055,0.01876041,-0.01076555,-0.08199044,-0.01183892,0.02793383,0.09887651,0.00457611,-0.04429676,-0.11291191,0.00281863,0.05938259,0.12369202,0.03660323,0.15176624,-0.27909408,-0.03011272,0.10532671,-0.18088956,0.02279787,0.11722747,-0.31739061,-0.01486134,0.14006796,-0.14660097,0.00652300,0.08328453,-0.34666642,0.00198625,0.17223763,-0.12319648,-0.17546202,-0.57027414,-0.72919139,0.20260884,0.58517844,0.67851487,-0.22391435,-0.58321177,-0.60827645,0.23876430,0.56443084,0.52050114,-0.24673056,-0.52937710,-0.41771953,0.24758347,0.47906117,0.30289488,0.04034297,-0.02145635,-0.99895586,-0.01593860,0.01868642,-0.11899059,-0.05032677,0.01695400,-0.01175340
10302640000000,synthetic_50hz_04,132,0.02,85.88036282,84.91027771,12.74611175,12.70804066,12.64736594,1.39638097,121.38430782,1,1,0,0,1,-0.33594193,0.06963144,-0.11915424,0.02666903,0.01109581,-0.05769144,-0.02044491,0.00640565,0.07747591,0.01363136,-0.02372243,-0.09502672,-0.00642481,0.04035529,0.10983786,-0.00096697,-0.05582468,-0.12148233,0.00833087,0.06968462,0.12962441,0.03250945,0.13885183,-0.29515067,-0.02545537,0.11845056,-0.16610993,0.01771157,0.10427250,-0.33046756,-0.00949310,0.15248052,-0.13560336,0.00102799,0.07177230,-0.35526796,0.00744917,0.18251748,-0.11723874,-0.19677505,-0.58434365,-0.69468528,0.21966013,0.58662185,0.62902922,-0.23621231,-0.57198746,-0.54523795,0.24595438,0.54086241,0.44572722,-0.24860547,-0.49414404,-0.33336596,0.24408914,0.43317927,0.21139361,0.04026488,-0.02115226,-0.99896549,-0.01622187,0.01909890,-0.11915424,-0.05068907,0.01673654,-0.01103920
10302660000000,synthetic_50hz_04,133,0.02,85.89255915,85.10673400,12.70463851,12.64736594,12.58601617,1.40528791,121.39645524,1,1,0,0,1,-0.33699257,0.06994432,-0.11930347,0.02208610,-0.00205212,-0.07284168,-0.01539219,0.01948593,0.09102323,0.00825452,-0.03635795,-0.10658054,-0.00087886,0.05218176,0.11906508,-0.00652213,-0.06650114,-0.12811692,0.01373508,0.07890326,0.13347509,0.02796031,0.12569160,-0.31034800,-0.02044122,0.13153624,-0.15251821,0.01237731,0.09163860,-0.34206223,-0.00399290,0.16429840,-0.12633967,-0.00447917,0.06111124,-0.36193391,0.01280410,0.19171422,-0.11336244,-0.21502538,-0.58898189,-0.64861696,0.23324648,0.57851057,0.56894950,-0.24474298,-0.55136053,-0.47287896,0.24918343,0.50831450,0.36317510,-0.24643980,-0.45061353,-0.24300074,0.23659120,0.37992116,0.11582054,0.04018407,-0.02084231,-0.99897525,-0.01649987,0.01950763,-0.11930347,-0.05105762,0.01651800,-0.01032367
10302680000000,synthetic_50hz_04,134,0.02,86.24626162,85.33463952,12.65481713,12.58601617,12.51208258,1.41418610,121.40852058,1,1,0,0,1,-0.33805114,0.07025272,-0.11943827,0.01711861,-0.01523287,-0.08687646,-0.01006207,0.03231340,0.10314947,0.00271544,-0.04846232,-0.11644863,0.00470947,0.06321405,0.12639053,-0.01199861,-0.07614330,-0.13268852,0.01894183,0.08687729,0.13516105,0.02302637,0.11249825,-0.32442995,-0.01514948,0.14436942,-0.14034743,0.00688066,0.07953553,-0.35197134,0.00154981,0.17532241,-0.11897755,-0.00990774,0.05148419,-0.36653710,0.01796160,0.19966663,-0.11165060,-0.22987913,-0.58400487,-0.59160821,0.24310576,0.56086795,0.49913798,-0.24932354,-0.52156096,-0.39227737,0.24835321,0.46721711,0.27410723,-0.24022274,-0.39940318,-0.14803444,0.22516653,0.32007427,0.01769375,0.04010055,-0.02052661,-0.99898513,-0.01677253,0.01991254,-0.11943827,-0.05143184,0.01629841,-0.00960688
10302700000000,synthetic_50hz_04,135,0.02,86.02884017,85.47347965,12.59486862,12.51208258,12.45222929,1.42306957,121.42050490,1,1,0,0,1,-0.33911771,0.07055662,-0.11955861,0.01184447,-0.02823013,-0.09955431,-0.00453947,0.04467480,0.11364157,-0.00289640,-0.05983147,-0.12445248,0.01024877,0.07326317,0.13167538,-0.01730566,-0.08458266,-0.13510201,0.02386362,0.09346360,0.13463359,0.01778556,0.09948808,-0.33715507,-0.00966506,0.15673683,-0.12981065,0.00131108,0.06816738,-0.36001638,0.00704360,0.18536354,-0.11365583,-0.01516696,0.04305964,-0.36898241,0.02283419,0.20623159,-0.11215192,-0.24105283,-0.56938364,-0.52447064,0.24903284,0.53387434,0.42063080,-0.24983312,-0.48297319,-0.30466397,0.24343059,0.41814770,0.17991354,-0.23000985,-0.34126682,-0.04997611,0.20995781,0.25454706,-0.08140215,0.04001437,-0.02020526,-0.99899512,-0.01703976,0.02031354,-0.11955861,-0.05181117,0.01607778,-0.00888894
10302720000000,synthetic_50hz_04,136,0.02,85.71987425,85.52275857,12.53496010,12.45222929,12.41085814,1.43193342,121.43240908,1,1,0,0,1,-0.34019233,0.07085601,-0.11966449,0.00634778,-0.04082751,-0.11065266,0.00108630,0.05636147,0.12231034,-0.00848906,-0.07027050,-0.13044176,0.01564708,0.08215359,0.13481248,-0.02235398,-0.09166816,-0.13529649,0.02841641,0.09853990,0.13187984,0.01232198,0.08687750,-0.34830079,-0.00407727,0.16842982,-0.12109707,-0.00423947,0.05772904,-0.36604701,0.01239653,0.19424628,-0.11048164,-0.02016753,0.03598865,-0.36920896,0.02733781,0.21128682,-0.11487926,-0.24831916,-0.54524802,-0.44819638,0.25088418,0.49786742,0.33462458,-0.24621610,-0.43613306,-0.21140539,0.23444948,0.36182479,0.08209129,-0.21592358,-0.27708494,0.04958954,0.19117250,0.18435661,-0.17984068,0.03992557,-0.01987837,-0.99900522,-0.01730147,0.02071056,-0.11966449,-0.05219508,0.01585611,-0.00816992
10302740000000,synthetic_50hz_04,137,0.02,86.05077427,85.62836171,12.48283728,12.41085814,12.36455725,1.44077461,121.44423384,1,1,0,0,1,-0.34127502,0.07115087,-0.11975588,0.00071755,-0.05281210,-0.11997191,0.00672292,0.06717291,0.12899411,-0.01396957,-0.07959710,-0.13429735,0.02081347,0.08972647,0.13572873,-0.02705730,-0.09726898,-0.13324699,0.03252106,0.10200718,0.12692368,0.00672462,0.07487943,-0.35766749,0.00152157,0.17924788,-0.11436836,-0.00967804,0.04840282,-0.36994413,0.01751765,0.20181178,-0.10952810,-0.02482317,0.03040206,-0.36719176,0.03139333,0.21473332,-0.11980876,-0.25151191,-0.51188786,-0.36394544,0.24858152,0.45334001,0.24246004,-0.23848442,-0.38172215,-0.11398440,0.22151170,0.29909906,-0.01777746,-0.19815269,-0.20785281,0.14902680,0.16908085,0.11061407,-0.27597961,0.03983417,-0.01954605,-0.99901541,-0.01755757,0.02110353,-0.11975588,-0.05258301,0.01563343,-0.00744991
10302760000000,synthetic_50hz_04,138,0.02,85.81275061,85.66523949,12.43315967,12.36455725,12.34084853,1.44959097,121.45597971,1,1,0,0,1,-0.34236583,0.07144117,-0.11983279,-0.00495369,-0.06397806,-0.12733919,0.01227654,0.07692028,0.13356190,-0.01924546,-0.08764485,-0.13593396,0.02565952,0.09584257,0.13438699,-0.03133380,-0.10127711,-0.12896557,0.03610472,0.10379178,0.11982601,0.00108603,0.06369967,-0.36508231,0.00703760,0.18900218,-0.10975550,-0.01491215,0.04035514,-0.37162244,0.02231857,0.20792082,-0.11083236,-0.02905209,0.02640786,-0.36294286,0.03492791,0.21649742,-0.12687951,-0.25053006,-0.46975166,-0.27303003,0.24211460,0.40093517,0.14560272,-0.22671887,-0.32055954,-0.01397763,0.20478673,0.23094202,-0.11805046,-0.17695049,-0.13466634,0.24667509,0.14401268,0.03450817,-0.36818796,0.03974021,-0.01920842,-0.99902569,-0.01780798,0.02149236,-0.11983279,-0.05297445,0.01540975,-0.00672900
10302780000000,synthetic_50hz_04,139,0.02,85.79824790,85.69184117,12.39438899,12.34084853,12.33143912,1.45838208,121.46764708,1,1,0,0,1,-0.34346476,0.07172690,-0.11989520,-0.01057133,-0.07413029,-0.13261175,0.01765331,0.08542978,0.13591625,-0.02422633,-0.09426628,-0.13530221,0.03010089,0.10038505,0.13078735,-0.03510764,-0.10360966,-0.12250183,0.03910221,0.10384717,0.11068453,-0.00449921,0.05353336,-0.37040250,0.01237698,0.19751890,-0.10735595,-0.01985141,0.03373347,-0.37103256,0.02671495,0.21245652,-0.11439430,-0.03277843,0.02408894,-0.35651189,0.03787636,0.21653257,-0.13599381,-0.24534089,-0.41944243,-0.17689580,0.23154277,0.34143867,0.04562114,-0.21106917,-0.25359107,0.08696881,0.18451035,0.15843232,-0.21705140,-0.15263200,-0.05870590,0.34087630,0.11635320,-0.04271304,-0.45487358,0.03964373,-0.01886558,-0.99903605,-0.01805263,0.02187697,-0.11989520,-0.05336887,0.01518509,-0.00600728
10302800000000,synthetic_50hz_04,140,0.02,85.61213890,85.67590072,12.36795005,12.33143912,12.34413290,1.46714915,121.47923616,1,1,0,0,1,-0.34457182,0.07200804,-0.11994310,-0.01604032,-0.08308782,-0.13568004,0.02276098,0.09254587,0.13599551,-0.02882543,-0.09933578,-0.13239017,0.03405882,0.10326178,0.12496796,-0.03831029,-0.10421071,-0.11394286,0.04145725,0.10215519,0.09963273,-0.00993602,0.04456145,-0.37351850,0.01744747,0.20464253,-0.10723136,-0.02440907,0.02866344,-0.36816254,0.03062801,0.21532680,-0.12017581,-0.03593368,0.02350123,-0.34798591,0.04018242,0.21482065,-0.14701817,-0.23598203,-0.36171092,-0.07710044,0.21699555,0.27576881,-0.05583745,-0.19175298,-0.18187615,0.18716551,0.16098209,0.08273992,-0.31309750,-0.12557001,0.01878174,0.43000275,0.08653769,-0.11976192,-0.53451082,0.03954477,-0.01851765,-0.99904647,-0.01829142,0.02225730,-0.11994310,-0.05376577,0.01495945,-0.00528482
10302820000000,synthetic_50hz_04,141,0.02,85.63125999,85.66697257,12.35794684,12.34413290,12.37007792,1.47589525,121.49074699,1,1,0,0,1,-0.34568703,0.07228456,-0.11997649,-0.02126668,-0.09068725,-0.13647014,0.02751049,0.09813430,0.13377562,-0.03296116,-0.10275209,-0.12722430,0.03746154,0.10440750,0.11700503,-0.04088189,-0.10305278,-0.10341246,0.04312360,0.09872701,0.08683846,-0.01513043,0.03694735,-0.37435640,0.02216000,0.21023880,-0.10940580,-0.02850353,0.02524627,-0.36303886,0.03398598,0.21646635,-0.12810065,-0.03845797,0.02467220,-0.33748873,0.04179982,0.21137280,-0.15978476,-0.22256233,-0.29744616,0.02471032,0.19867191,0.20496383,-0.15707316,-0.16905369,-0.10657230,0.28490750,0.13456157,0.00510825,-0.40452783,-0.09618998,0.09650308,0.51248544,0.05504519,-0.19533218,-0.60566785,0.03944335,-0.01816475,-0.99905694,-0.01852429,0.02263326,-0.11997649,-0.05416464,0.01473286,-0.00456173
10302840000000,synthetic_50hz_04,142,0.02,85.56261977,85.64610201,12.36304190,12.37007792,12.41251697,1.48462479,121.50217948,1,1,0,0,1,-0.34681035,0.07255647,-0.11999536,-0.02615915,-0.09678580,-0.13494577,0.03181753,0.10208477,0.12927125,-0.03655859,-0.10444060,-0.11986978,0.04024566,0.10378535,0.10701240,-0.04277242,-0.10013792,-0.09106981,0.04406603,0.09360347,0.07250164,-0.01999120,0.03083383,-0.37287990,0.02643027,0.21419742,-0.11386461,-0.03205986,0.02355661,-0.35572669,0.03672549,0.21583835,-0.13805499,-0.04030127,0.02759981,-0.32517953,0.04269336,0.20622988,-0.17409363,-0.20526156,-0.22766325,0.12682875,0.17683845,0.13016680,-0.25636134,-0.14331701,-0.02891758,0.37850291,0.10566367,-0.07316535,-0.48973207,-0.06496400,0.17313888,0.58684202,0.02239138,-0.26812074,-0.66703305,0.03933950,-0.01780700,-0.99906747,-0.01875116,0.02300479,-0.11999536,-0.05456499,0.01450532,-0.00383809
10302860000000,synthetic_50hz_04,143,0.02,85.81202657,85.67928692,12.38382143,12.41251697,12.45789262,1.49334338,121.51353335,1,1,0,0,1,-0.34794179,0.07282373,-0.11999971,-0.03063083,-0.10126423,-0.13110966,0.03560410,0.10431335,0.12253630,-0.03955088,-0.10435506,-0.11043016,0.04235740,0.10138817,0.09514027,-0.04394272,-0.09549821,-0.07710743,0.04426116,0.08685499,0.05685156,-0.02443142,0.02634014,-0.36909176,0.03018028,0.21643444,-0.12055387,-0.03501122,0.02364068,-0.34632958,0.03879276,0.21343562,-0.14988865,-0.04142445,0.03225197,-0.31125083,0.04283966,0.19946230,-0.18971551,-0.18432894,-0.15348885,0.22751305,0.15182631,0.05260836,-0.35198153,-0.11494645,0.04978886,0.46630223,0.07475263,-0.15075064,-0.56717921,-0.03240366,0.24736621,0.65170415,-0.01087952,-0.33685010,-0.71744016,0.03923328,-0.01744451,-0.99907803,-0.01897195,0.02337181,-0.11999971,-0.05496634,0.01427685,-0.00311398
10302880000000,synthetic_50hz_04,144,0.02,85.56108652,85.65564684,12.41493133,12.45789262,12.52586048,1.50205690,121.52480821,1,1,0,0,1,-0.34908130,0.07308633,-0.11998954,-0.03460075,-0.10402933,-0.12500430,0.03879997,0.10476439,0.11366382,-0.04188057,-0.10247903,-0.09904637,0.04375373,0.09723917,0.08157336,-0.04436546,-0.08919584,-0.06174856,0.04369810,0.07858097,0.04014351,-0.02837010,0.02355949,-0.36303443,0.03333980,0.21689423,-0.12938053,-0.03730016,0.02551494,-0.33498846,0.04014476,0.20928138,-0.16341688,-0.04180015,0.03856648,-0.29592585,0.04222781,0.19116947,-0.20639510,-0.16008032,-0.07614420,0.32501656,0.12402685,-0.02641253,-0.44224720,-0.08439763,0.12820776,0.54672764,0.04233519,-0.22630671,-0.63544568,0.00094779,0.31788114,0.70584351,-0.04420345,-0.40029090,-0.75589155,0.03912470,-0.01707742,-0.99908862,-0.01918659,0.02373425,-0.11998954,-0.05536822,0.01404747,-0.00238950
10302900000000,synthetic_50hz_04,145,0.02,85.46035256,85.61658799,12.46152157,12.52586048,12.60697023,1.51077214,121.53600349,1,1,0,0,1,-0.35022886,0.07334425,-0.11996485,-0.03799536,-0.10501606,-0.11671196,0.04134405,0.10341211,0.10278515,-0.04350077,-0.09882673,-0.08589500,0.04440335,0.09139213,0.06652846,-0.04402575,-0.08132266,-0.04524386,0.04237887,0.06890861,0.02265487,-0.03173372,0.02255692,-0.35479020,0.03584773,0.21555100,-0.14021328,-0.03887978,0.02916517,-0.32187991,0.04075017,0.20342941,-0.17842293,-0.04141352,0.04645152,-0.27945529,0.04085986,0.18147858,-0.22385504,-0.13289423,0.00307394,0.41761790,0.09388630,-0.10554954,-0.52553564,-0.05217157,0.20498209,0.61830195,0.00895272,-0.29850491,-0.69324232,0.03452425,0.38342170,0.74819619,-0.07700586,-0.45728426,-0.78157922,0.03901380,-0.01670583,-0.99909923,-0.01939502,0.02409204,-0.11996485,-0.05577017,0.01381719,-0.00166473
10302920000000,synthetic_50hz_04,146,0.02,85.61002440,85.61527527,12.52261001,12.60697023,12.68952773,1.51949649,121.54711849,1,1,0,0,1,-0.35138442,0.07359748,-0.11992565,-0.04075000,-0.10418926,-0.10635413,0.04318563,0.10026162,0.09006841,-0.04437621,-0.09344339,-0.07118598,0.04428739,0.08393113,0.05025123,-0.04292175,-0.07199911,-0.02786771,0.04031866,0.05799132,0.00468075,-0.03445761,0.02336759,-0.34448055,0.03765338,0.21240986,-0.15288398,-0.03971482,0.03454612,-0.30721387,0.04059016,0.19596378,-0.19466110,-0.04026269,0.05578662,-0.26211348,0.03875097,0.17054304,-0.24180021,-0.10320668,0.08281416,0.50365149,0.06189910,-0.18343139,-0.60031771,-0.01880694,0.27876021,0.67967648,-0.02482743,-0.36605225,-0.73943986,0.06774602,0.44279083,0.77788485,-0.10871146,-0.50676354,-0.79390305,0.03890063,-0.01632987,-0.99910984,-0.01959716,0.02444511,-0.11992565,-0.05617172,0.01358603,-0.00093975
10302940000000,synthetic_50hz_04,147,0.02,85.79313861,85.65084794,12.59271545,12.68952773,12.77219676,1.52823713,121.55815236,1,1,0,0,1,-0.35254793,0.07384599,-0.11987194,-0.04281018,-0.10154487,-0.09409012,0.04428550,0.09534948,0.07571632,-0.04448405,-0.08640512,-0.05515958,0.04340009,0.07496966,0.03301257,-0.04106490,-0.06137279,-0.00991379,0.03754578,0.04600651,-0.01347081,-0.03648729,0.02599556,-0.33226480,0.03871753,0.20750738,-0.16718992,-0.03978244,0.04158170,-0.29123060,0.03965895,0.18699798,-0.21186052,-0.03835910,0.06642419,-0.24419413,0.03592949,0.15854028,-0.25992257,-0.07150477,0.16169283,0.58153793,0.02860041,-0.25868529,-0.66518657,0.01512850,0.34821973,0.72965757,-0.05842126,-0.42771484,-0.77309221,0.10002971,0.49487872,0.79423823,-0.13875425,-0.54777503,-0.79248600,0.03878520,-0.01594968,-0.99912046,-0.01979296,0.02479338,-0.11987194,-0.05657244,0.01335400,-0.00021466
10302960000000,synthetic_50hz_04,148,0.02,86.28139112,85.77695657,12.66809760,12.77219676,12.84343193,1.53700064,121.56910412,1,1,0,0,1,-0.35371932,0.07408978,-0.11980372,-0.04413278,-0.09711059,-0.08011509,0.04461684,0.08874366,0.05996332,-0.04381457,-0.07781820,-0.03808279,0.04174911,0.06464920,0.01510430,-0.03848000,-0.04961634,0.00830964,0.03410149,0.03315302,-0.03148401,-0.03777962,0.03041312,-0.31833809,0.03901336,0.20091151,-0.18289665,-0.03907292,0.05016562,-0.27419709,0.03796420,0.17667351,-0.22972935,-0.03572758,0.07819159,-0.22600549,0.03243666,0.14566912,-0.27790632,-0.03831932,0.23831774,0.64981371,-0.00544242,-0.32996101,-0.71888527,0.04904726,0.41209135,0.76723103,-0.09123803,-0.48234090,-0.79345717,0.13079838,0.53868435,0.79680757,-0.16658774,-0.57949727,-0.77718563,0.03866757,-0.01556537,-0.99913107,-0.01998234,0.02513680,-0.11980372,-0.05697190,0.01312111,0.00051045
10302980000000,synthetic_50hz_04,149,0.02,86.45764046,85.91309335,12.74173802,12.84343193,12.91734676,1.54579218,121.57997266,1,1,0,0,1,-0.35489854,0.07432883,-0.11972100,-0.04468700,-0.09094613,-0.06465728,0.04416597,0.08054301,0.04307211,-0.04237161,-0.06781779,-0.02024514,0.03935566,0.05313735,-0.00316550,-0.03520507,-0.03692494,0.02648488,0.03003950,0.01964797,-0.04904069,-0.03830381,0.03656058,-0.30292868,0.03852719,0.19272112,-0.19974148,-0.03759010,0.06016272,-0.25640287,0.03552712,0.16515795,-0.24795954,-0.03240613,0.09089365,-0.20786525,0.02832618,0.13214668,-0.29543329,-0.00421640,0.31131254,0.70715971,-0.03963922,-0.39595533,-0.76033227,0.08235203,0.46918255,0.79158409,-0.12269058,-0.52888301,-0.80001418,0.15949191,0.57333553,0.78537948,-0.19169502,-0.60125852,-0.74810193,0.03854775,-0.01517708,-0.99914167,-0.02016525,0.02547528,-0.11972100,-0.05736965,0.01288738,0.00123550
10303000000000,synthetic_50hz_04,150,0.02,86.96513491,86.12350166,12.81549369,12.91734676,12.98072000,1.55461599,121.59075671,1,1,0,0,1,-0.35608549,0.07456313,-0.11962380,-0.04445517,-0.08314269,-0.04797468,0.04293284,0.07087611,0.02532950,-0.04017274,-0.05656614,-0.00195406,0.03625445,0.04062534,-0.02147772,-0.03129091,-0.02351329,0.04429028,0.02542525,0.00572334,-0.06582593,-0.03804221,0.04434672,-0.28629454,0.03725899,0.18306478,-0.21743761,-0.03535156,0.07141076,-0.23815537,0.03238243,0.15264253,-0.26623196,-0.02844557,0.10431565,-0.19009508,0.02366352,0.11820496,-0.31218859,0.03021190,0.37934156,0.75242787,-0.07338691,-0.45543624,-0.78864460,0.11444614,0.51840049,0.80212435,-0.15220583,-0.56641900,-0.79247847,0.18557736,0.59810739,0.75998507,-0.21359860,-0.61255207,-0.70558094,0.03842579,-0.01478493,-0.99915223,-0.02034162,0.02580878,-0.11962380,-0.05776528,0.01265283,0.00196040
10303020000000,synthetic_50hz_04,151,0.02,86.95205007,86.28921134,12.88488874,12.98072000,13.05529603,1.56347501,121.60145489,1,1,0,0,1,-0.35728011,0.07479265,-0.11951213,-0.04343336,-0.07382206,-0.03035095,0.04093135,0.05989960,0.00704183,-0.03724927,-0.04425022,0.01647031,0.03249328,0.02732508,-0.03950760,-0.02680049,-0.00961215,0.06140587,0.02033503,-0.00837791,-0.08153378,-0.03699087,0.05364978,-0.26871934,0.03522264,0.17209913,-0.23567868,-0.03238860,0.08372276,-0.21977473,0.02857794,0.13933918,-0.28422186,-0.02390884,0.11822684,-0.17301493,0.01852495,0.10408691,-0.32786625,0.06435752,0.44113462,0.78466558,-0.10608004,-0.50726658,-0.80315816,0.14474421,0.55877381,0.79849531,-0.17923535,-0.59417133,-0.77081148,0.20855904,0.61243861,0.72090479,-0.23186988,-0.61304900,-0.65021407,0.03830171,-0.01438905,-0.99916277,-0.02051141,0.02613722,-0.11951213,-0.05815838,0.01241747,0.00268507
10303040000000,synthetic_50hz_04,152,0.02,87.45314635,86.52199834,12.95645980,13.05529603,13.11911398,1.57237193,121.61206570,1,1,0,0,1,-0.35848229,0.07501738,-0.11938599,-0.04163171,-0.06313498,-0.01209095,0.03818933,0.04779593,-0.01147014,-0.03364593,-0.03107889,0.03470055,0.02813251,0.01346584,-0.05693052,-0.02180801,0.00453544,0.07751916,0.01485478,-0.02240596,-0.09587289,-0.03515994,0.06431899,-0.25050793,0.03244598,0.16000661,-0.25414396,-0.02874596,0.09688986,-0.20158835,0.02417399,0.12547715,-0.30160462,-0.01887017,0.13238418,-0.15693729,0.01299642,0.09004234,-0.34217493,0.09760698,0.49551132,0.80313715,-0.13712161,-0.55042659,-0.80344447,0.17268296,0.58947281,0.78058812,-0.20326578,-0.61152425,-0.73522704,0.22798835,0.61594515,0.66866903,-0.24613791,-0.60260808,-0.58283298,0.03817556,-0.01398958,-0.99917326,-0.02067455,0.02646053,-0.11938599,-0.05854854,0.01218131,0.00340941
10303060000000,synthetic_50hz_04,153,0.02,87.44520731,86.70664014,13.02477455,13.11911398,13.19345917,1.58130852,121.62258750,1,1,0,0,1,-0.35969195,0.07523731,-0.11924541,-0.03907451,-0.05125909,0.00648443,0.03474834,0.03477055,-0.02987679,-0.02942037,-0.01727957,0.05240778,0.02324418,-0.00070960,-0.07342784,-0.01639786,0.01867831,0.09233093,0.00907878,-0.03610851,-0.10857208,-0.03257371,0.07617673,-0.23198120,0.02897058,0.14699270,-0.27250381,-0.02448128,0.11068465,-0.18392513,0.01924264,0.11129923,-0.31806159,-0.01341394,0.14653650,-0.14216139,0.00717221,0.07632357,-0.35484345,0.12935234,0.54140442,0.80734201,-0.16593406,-0.58403501,-0.78932380,0.19773183,0.60982760,0.74854902,-0.22382889,-0.61803858,-0.68619322,0.24347286,0.60843122,0.60405415,-0.25609740,-0.58128250,-0.50449991,0.03804737,-0.01358665,-0.99918370,-0.02083099,0.02677866,-0.11924541,-0.05893538,0.01194438,0.00413334
10303080000000,synthetic_50hz_04,154,0.02,87.70893034,86.90709818,13.09562209,13.19345917,13.26566932,1.59028657,121.63301853,1,1,0,0,1,-0.36090897,0.07545243,-0.11909040,-0.03580011,-0.03839618,0.02504370,0.03066323,0.02104874,-0.04784533,-0.02464233,-0.00309445,0.06926756,0.01791097,-0.01494905,-0.08869277,-0.01066323,0.03256156,0.10556093,0.00310807,-0.04923531,-0.11938571,-0.02927052,0.08902120,-0.21347063,0.02485127,0.13328264,-0.29042545,-0.01966432,0.12486493,-0.16710951,0.01386655,0.09705760,-0.33328600,-0.00763335,0.16042890,-0.12896747,0.00115337,0.06318083,-0.36562616,0.15900241,0.57788173,0.79702907,-0.19197020,-0.60736818,-0.76087394,0.21940341,0.61934392,0.70278246,-0.24051111,-0.61346368,-0.62442943,0.25468477,0.58989701,0.52807381,-0.26151574,-0.54932332,-0.41649358,0.03791717,-0.01318039,-0.99919408,-0.02098068,0.02709154,-0.11909040,-0.05931849,0.01170668,0.00485677
10303100000000,synthetic_50hz_04,155,0.02,87.92827851,87.11133424,13.16704193,13.26566932,13.33760230,1.59930762,121.64335693,1,1,0,0,1,-0.36213324,0.07566272,-0.11892098,-0.03186042,-0.02476904,0.04325064,0.02600136,0.00687180,-0.06504592,-0.01939267,0.01122355,0.08496590,0.01222488,-0.02899532,-0.10243627,-0.00470464,0.04593115,0.11695335,-0.00295124,-0.06154276,-0.12809862,-0.02530230,0.10262961,-0.19531246,0.02015543,0.11911776,-0.30757904,-0.01437593,0.13917778,-0.15145546,0.00813774,0.08300946,-0.34698880,-0.00162891,0.17380733,-0.11761134,-0.00495400,0.05085774,-0.37430792,0.18599387,0.60416622,0.77220689,-0.21472388,-0.61987679,-0.71843459,0.23726329,0.61771602,0.64394948,-0.25296230,-0.59774621,-0.55089902,0.26136828,0.56054310,0.44196587,-0.26223890,-0.50717928,-0.32029065,0.03778500,-0.01277094,-0.99920440,-0.02112357,0.02739911,-0.11892098,-0.05969752,0.01146823,0.00557961
10303120000000,synthetic_50hz_04,156,0.02,88.14088138,87.31724367,13.23867728,13.33760230,13.40929406,1.60837295,121.65360069,1,1,0,0,1,-0.36336464,0.07586817,-0.11873717,-0.02732031,-0.01061779,0.06077034,0.02084163,-0.00750696,-0.08115770,-0.01376208,0.02541528,0.09920525,0.00628575,-0.04259086,-0.11439266,0.00137179,0.05853853,0.12628208,-0.00898979,-0.07279851,-0.13453073,-0.02073392,0.11676185,-0.17784158,0.01496195,0.10475135,-0.32364373,-0.00870680,0.15336406,-0.13726054,0.00215606,0.06941236,-0.35890432,0.00449325,0.18642326,-0.10831911,-0.01104053,0.03958664,-0.38070863,0.20980231,0.61965372,0.73314933,-0.23374020,-0.62119989,-0.66260696,0.25093925,0.60483658,0.57296133,-0.26090360,-0.57103555,-0.46679695,0.26334599,0.52077130,0.34717460,-0.25819598,-0.45549297,-0.21754305,0.03765089,-0.01235843,-0.99921464,-0.02125962,0.02770131,-0.11873717,-0.06007207,0.01122904,0.00630177
10303140000000,synthetic_50hz_04,157,0.02,88.36543510,87.52688196,13.31033633,13.40929406,13.48004336,1.61748363,121.66374772,1,1,0,0,1,-0.36460306,0.07606876,-0.11853900,-0.02225665,0.00380420,0.07727543,0.01527329,-0.02182671,-0.09587493,-0.00784960,0.03921995,0.11171031,0.00019959,-0.05548246,-0.12432503,0.00745617,0.07014539,0.13335540,-0.01489696,-0.08278599,-0.13854107,-0.01564223,0.13116455,-0.16138536,0.00936009,0.09044425,-0.33831377,-0.00275597,0.16716298,-0.12480004,-0.00397251,0.05651950,-0.36879564,0.01062323,0.19803835,-0.10128250,-0.01699561,0.02958410,-0.38468734,0.22995273,0.62392799,0.68039647,-0.24862509,-0.61117578,-0.59424857,0.26012948,0.58080310,0.49096820,-0.26413421,-0.53368559,-0.37353299,0.26052383,0.47118167,0.24532866,-0.24940242,-0.39509337,-0.11005138,0.03751487,-0.01194300,-0.99922480,-0.02138878,0.02799808,-0.11853900,-0.06044180,0.01098914,0.00702317
10303160000000,synthetic_50hz_04,158,0.02,88.58206444,87.73791845,13.38161328,13.48004336,13.55002549,1.62664047,121.67379580,1,1,0,0,1,-0.36584835,0.07626448,-0.11832648,-0.01675711,0.01823472,0.09245230,0.00939446,-0.03582376,-0.10891295,-0.00176097,0.05237999,0.12223359,-0.00592329,-0.06742607,-0.13203017,0.01343679,0.08052824,0.13802027,-0.02056289,-0.09130873,-0.14003117,-0.01011492,0.14557550,-0.14625742,0.00344797,0.07646015,-0.35130450,0.00337080,0.18031695,-0.11432147,-0.01013763,0.04457495,-0.37645957,0.01664934,0.20842913,-0.09665454,-0.02270936,0.02104659,-0.38614558,0.24602949,0.61677262,0.61475050,-0.25905396,-0.58984945,-0.51446299,0.26460979,0.54592064,0.39934327,-0.26253679,-0.48625269,-0.27271030,0.25289474,0.41256585,0.13821496,-0.23596162,-0.32698454,0.00026517,0.03737699,-0.01152478,-0.99923487,-0.02151102,0.02828936,-0.11832648,-0.06080634,0.01074854,0.00774373
10303180000000,synthetic_50hz_04,159,0.02,88.88516199,87.96736716,13.45234641,13.55002549,13.61577535,1.63584407,121.68374261,1,1,0,0,1,-0.36710038,0.07645532,-0.11809964,-0.01091876,0.03240747,0.10600718,0.00331051,-0.04923641,-0.12001389,0.00439320,0.06464585,0.13056055,-0.01197024,-0.07819151,-0.13734309,0.01920218,0.08948288,0.14016596,-0.02588051,-0.09819441,-0.13894778,-0.00424905,0.15972839,-0.13275152,-0.00266905,0.06306074,-0.36235806,0.00956292,0.19257644,-0.10603933,-0.01622666,0.03380887,-0.38173110,0.02246009,0.21739141,-0.09454596,-0.02807471,0.01414644,-0.38503009,0.25768536,0.59817952,0.53726660,-0.26477930,-0.55747632,-0.42458479,0.26423953,0.50070082,0.29966200,-0.25608161,-0.42948988,-0.16609982,0.24054074,0.34589655,0.02774890,-0.21806496,-0.25233086,0.11140203,0.03723727,-0.01110392,-0.99924484,-0.02162628,0.02857510,-0.11809964,-0.06116535,0.01050724,0.00846334
10303200000000,synthetic_50hz_04,160,0.02,89.32778883,88.23945150,13.52098657,13.61577535,13.67248673,1.64509467,121.69358572,1,1,0,0,1,-0.36835900,0.07664127,-0.11785852,-0.00484645,0.04605691,0.11767208,-0.00286782,-0.06180990,-0.12895209,0.01049941,0.07578088,0.13651434,-0.01782830,-0.08756707,-0.14014082,0.02464320,0.09682865,0.13972698,-0.03074761,-0.10329862,-0.13528474,0.00185052,0.17335769,-0.12113564,-0.00888022,0.05050080,-0.37124879,0.01570689,0.20370480,-0.10013051,-0.02212663,0.02443299,-0.38448728,0.02794635,0.22474450,-0.09502226,-0.03298948,0.00902806,-0.38133471,0.26464961,0.56835373,0.44923880,-0.26563706,-0.51452220,-0.32615963,0.25896606,0.44585676,0.19367713,-0.24482896,-0.36433706,-0.05561083,0.22363332,0.27231335,-0.08405876,-0.19599022,-0.17243872,0.22130490,0.03709574,-0.01068055,-0.99925472,-0.02173453,0.02885524,-0.11785852,-0.06151849,0.01026528,0.00918194
10303220000000,synthetic_50hz_04,161,0.02,89.37193458,88.46594811,13.58461664,13.67248673,13.73674189,1.65439182,121.70332260,1,1,0,0,1,-0.36962406,0.07682231,-0.11760313,0.00134903,0.05892330,0.12721036,-0.00902632,-0.07330133,-0.13553892,0.01644339,0.08556604,0.13995983,-0.02338638,-0.09536384,-0.14034563,0.02965513,0.10241226,0.13668520,-0.03506891,-0.10650808,-0.12908407,0.00807300,0.18620366,-0.11164642,-0.01507132,0.03902321,-0.37778807,0.02168841,0.21348298,-0.09673011,-0.02772646,0.01663619,-0.38465036,0.03300339,0.23033513,-0.09810157,-0.03735834,0.00580471,-0.37510147,0.26673477,0.52771430,0.35218085,-0.26155158,-0.46165915,-0.22091980,0.24882774,0.38229415,0.08328953,-0.22893007,-0.29190743,0.05674202,0.20243225,0.19310489,-0.19513767,-0.17009821,-0.08873504,0.32790741,0.03695245,-0.01025482,-0.99926448,-0.02183575,0.02912972,-0.11760313,-0.06186543,0.01002265,0.00989942
10303240000000,synthetic_50hz_04,162,0.02,89.53365082,88.67948866,13.64850924,13.73674189,13.80218028,1.66373520,121.71295063,1,1,0,0,1,-0.37089541,0.07699844,-0.11733351,0.00755290,0.07075776,0.13442180,-0.01504946,-0.08348451,-0.13962717,0.02211215,0.09380436,0.14080702,-0.02853733,-0.10141979,-0.13792734,0.03413976,0.10611124,0.13107115,-0.03875793,-0.10774345,-0.12043612,0.01430362,0.19801742,-0.10448410,-0.02112683,0.02885416,-0.38182868,0.02739453,0.22171403,-0.09592813,-0.03291899,0.01058052,-0.38219018,0.03753301,0.23404084,-0.10375333,-0.04109485,0.00455575,-0.36642072,0.26384203,0.47689104,0.24780245,-0.25253900,-0.39975728,-0.11075552,0.23395516,0.31109833,-0.02948453,-0.20862627,-0.21347027,0.16887454,0.17728259,0.10968777,-0.30339581,-0.14082778,-0.00274291,0.42917004,0.03680743,-0.00982686,-0.99927413,-0.02192989,0.02939849,-0.11733351,-0.06220584,0.00977939,0.01061570
10303260000000,synthetic_50hz_04,163,0.02,89.49008983,88.84160889,13.71305108,13.80218028,13.87596618,1.67312461,121.72246707,1,1,0,0,1,-0.37217288,0.07716964,-0.11704970,0.01364851,0.08132714,0.13914715,-0.02082255,-0.09215459,-0.14111461,0.02739625,0.10032518,0.13901368,-0.03318011,-0.10560335,-0.13290491,0.03800737,0.10783692,0.12296443,-0.04173887,-0.10696151,-0.10947884,0.02042572,0.20856583,-0.09980790,-0.02693205,0.02019850,-0.38326839,0.03271578,0.22822726,-0.09776682,-0.03760319,0.00639755,-0.37712570,0.04144547,0.23577293,-0.11189798,-0.04412317,0.00532441,-0.35543040,0.25596512,0.41671722,0.13798092,-0.23870897,-0.32987259,0.00231758,0.21457074,0.23351759,-0.14254926,-0.18424633,-0.13043016,0.27867118,0.14861001,0.02358237,-0.40675888,-0.10868919,0.08394530,0.52311954,0.03666071,-0.00939681,-0.99928365,-0.02201692,0.02966150,-0.11704970,-0.06253940,0.00953550,0.01133070
10303280000000,synthetic_50hz_04,164,0.02,89.86299905,89.04588692,13.78147542,13.87596618,13.94019004,1.68256040,121.73186911,1,1,0,0,1,-0.37345631,0.07733590,-0.11675172,0.01951955,0.09041889,0.14127199,-0.02623391,-0.09913241,-0.13994688,0.03219192,0.10498789,0.13458704,-0.03722183,-0.10781653,-0.12534699,0.04117862,0.10753676,0.11249313,-0.04394821,-0.10415666,-0.09639604,0.02632298,0.21763632,-0.09773226,-0.03237532,0.01323540,-0.38205285,0.03754840,0.23288209,-0.10223893,-0.04168616,0.00418528,-0.36952556,0.04466144,0.23547888,-0.12240740,-0.04637982,0.00811627,-0.34231435,0.24319240,0.34821805,0.02472903,-0.22026460,-0.25323082,0.11619430,0.19098647,0.15094282,-0.25376770,-0.15620211,-0.04430308,0.38402486,0.11691437,-0.06361395,-0.50321040,-0.07425593,0.16969695,0.60788816,0.03651232,-0.00896483,-0.99929304,-0.02209682,0.02991870,-0.11675172,-0.06286581,0.00929100,0.01204433
10303300000000,synthetic_50hz_04,165,0.02,89.99962162,89.23663386,13.84813556,13.94019004,14.00531559,1.69204261,121.74115382,1,1,0,0,1,-0.37474552,0.07749721,-0.11643962,0.02505225,0.09784546,0.14072979,-0.03117713,-0.10426840,-0.13611944,0.03640317,0.10768524,0.12758469,-0.04057969,-0.10799747,-0.11537162,0.04358627,0.10519607,0.09983233,-0.04533624,-0.09936183,-0.08141483,0.03188164,0.22504135,-0.09832369,-0.03735021,0.00811442,-0.37817751,0.04179638,0.23557125,-0.10928686,-0.04508508,0.00400554,-0.35950782,0.04711367,0.23314399,-0.13510651,-0.04781505,0.01289840,-0.32729966,0.22570731,0.27259520,-0.08984082,-0.19750061,-0.17120757,0.22871843,0.16359988,0.06488393,-0.36100199,-0.12498249,0.04331033,0.48287768,0.08276180,-0.15025594,-0.59083179,-0.03815504,0.25286960,0.68175194,0.03636231,-0.00853104,-0.99930231,-0.02216957,0.03017003,-0.11643962,-0.06318476,0.00904590,0.01275650
10303320000000,synthetic_50hz_04,166,0.02,90.08208293,89.40572368,13.91415117,14.00531559,14.07278084,1.70157120,121.75031822,1,1,0,0,1,-0.37604034,0.07765356,-0.11611343,0.03013764,0.10344845,0.13750419,-0.03555321,-0.10744612,-0.12967866,0.03994378,0.10834607,0.11811444,-0.04318274,-0.10612236,-0.10314492,0.04517673,0.10083909,0.08520169,-0.04586825,-0.09264858,-0.06480205,0.03699273,0.23062253,-0.10159856,-0.04175772,0.00495201,-0.37168877,0.04537352,0.23622358,-0.11880283,-0.04772903,0.00588216,-0.34723858,0.04874858,0.22879250,-0.14977567,-0.04839417,0.01959925,-0.31065316,0.20378682,0.19120740,-0.20355529,-0.17079962,-0.08530499,0.33772332,0.13288820,-0.02305681,-0.46215464,-0.09114554,0.13075387,0.57326182,0.04677512,-0.23468123,-0.66784159,-0.00105615,0.33184263,0.74316718,0.03621070,-0.00809559,-0.99931143,-0.02223513,0.03041545,-0.11611343,-0.06349596,0.00880023,0.01346712
10303340000000,synthetic_50hz_04,167,0.02,90.57140362,89.63885967,13.98077563,14.07278084,14.12620666,1.71114623,121.75935920,1,1,0,0,1,-0.37734057,0.07780494,-0.11577319,0.03467378,0.10710227,0.13163024,-0.03927260,-0.10858511,-0.12072195,0.04273918,0.10693739,0.10633319,-0.04497357,-0.10220662,-0.08887879,0.04591135,0.09452919,0.06886198,-0.04552549,-0.08412643,-0.04685985,0.04155431,0.23425426,-0.10752182,-0.04550830,0.00382862,-0.36268401,0.04820524,0.23480611,-0.13062991,-0.04956059,0.00979972,-0.33292976,0.04952752,0.22248780,-0.16615407,-0.04809842,0.02810930,-0.29267702,0.17779813,0.10554741,-0.31422097,-0.14062664,0.00287468,0.44107378,0.09940082,-0.11121390,-0.55521024,-0.05530922,0.21634676,0.65333973,0.00962304,-0.31524225,-0.73263313,0.03634058,0.40504916,0.79080437,0.03605753,-0.00765864,-0.99932041,-0.02229348,0.03065491,-0.11577319,-0.06379912,0.00855399,0.01417612
10303360000000,synthetic_50hz_04,168,0.02,90.47496224,89.80608018,14.04185666,14.12620666,14.19020011,1.72076702,121.76827360,1,1,0,0,1,-0.37864604,0.07795134,-0.11541894,0.03856786,0.10871719,0.12319473,-0.04225716,-0.10764318,-0.10939676,0.04472816,0.10346577,0.09244484,-0.04590962,-0.09630539,-0.07282769,0.04576749,0.08636849,0.05111088,-0.04430587,-0.07394154,-0.02792053,0.04547357,0.23584682,-0.11600666,-0.04852381,0.00478644,-0.35131070,0.05023033,0.23132538,-0.14456420,-0.05053719,0.01570308,-0.31683581,0.04942783,0.21433198,-0.18394406,-0.04692572,0.03828239,-0.27370354,0.14819346,0.01721579,-0.41966683,-0.10752175,0.09165825,0.53670848,0.06375013,-0.19788974,-0.63827657,-0.01814057,0.29841598,0.72144285,-0.02799199,-0.39033874,-0.78380960,0.07331753,0.47100785,0.82357876,0.03590283,-0.00722031,-0.99932924,-0.02234461,0.03088836,-0.11541894,-0.06409397,0.00830721,0.01488340
10303380000000,synthetic_50hz_04,169,0.02,90.97505748,90.03987564,14.10416091,14.19020011,14.23951208,1.73043320,121.77705815,1,1,0,0,1,-0.37995654,0.07809275,-0.11505072,0.04173822,0.10824182,0.11233551,-0.04444188,-0.10461798,-0.09589877,0.04586425,0.09797796,0.07669722,-0.04596434,-0.08851319,-0.05528446,0.04473925,0.07649654,0.03227782,-0.04222431,-0.06227447,-0.00834059,0.04866883,0.23534882,-0.12691524,-0.05073924,0.00782782,-0.33776451,0.05140232,0.22582817,-0.16035788,-0.05063228,0.02349772,-0.29924957,0.04844363,0.20446462,-0.20281622,-0.04489098,0.04993796,-0.25408922,0.11550294,-0.07210822,-0.51778731,-0.07209111,0.17933289,0.62268195,0.02660087,-0.28138731,-0.70962439,0.01965630,0.37532921,0.77610801,-0.06534676,-0.45845018,-0.82021609,0.10915325,0.52835383,0.84067695,0.03574665,-0.00678075,-0.99933791,-0.02238851,0.03111575,-0.11505072,-0.06438022,0.00805989,0.01558888
10303400000000,synthetic_50hz_04,170,0.02,91.34511860,90.30092423,14.16100840,14.23951208,14.28154756,1.74014375,121.78570952,1,1,0,0,1,-0.38127189,0.07822917,-0.11466858,0.04411613,0.10566483,0.09923976,-0.04577645,-0.09954781,-0.08046888,0.04611700,0.09056077,0.05937803,-0.04512799,-0.07896283,-0.03657530,0.04283791,0.06508835,0.01271808,-0.03931279,-0.04933734,0.01150581,0.05107138,0.23274892,-0.14006039,-0.05210428,0.01291446,-0.32228635,0.05169076,0.21840128,-0.17772324,-0.04983611,0.03305082,-0.28049725,0.04658617,0.19306070,-0.22241523,-0.04202617,0.06286388,-0.23420821,0.08032588,-0.16069810,-0.60658526,-0.03499646,0.26417907,0.69720552,-0.01134193,-0.36004363,-0.76772502,0.05735332,0.44552796,0.81611065,-0.10171119,-0.51816751,-0.84096743,0.14313668,0.57586805,0.84157873,0.03558901,-0.00634012,-0.99934642,-0.02242515,0.03133705,-0.11466858,-0.06465761,0.00781206,0.01629248
10303420000000,synthetic_50hz_04,171,0.02,91.75046643,90.59083267,14.21163485,14.28154756,14.31594529,1.74989706,121.79422429,1,1,0,0,1,-0.38259187,0.07836058,-0.11427257,0.04564743,0.10101597,0.08414119,-0.04622650,-0.09251161,-0.06338933,0.04547284,0.08134009,0.04080993,-0.04340817,-0.06782350,-0.01705396,0.04009203,0.05235153,-0.00719369,-0.03562002,-0.03537024,0.03123393,0.05262705,0.22807688,-0.15520838,-0.05258456,0.01996742,-0.30515847,0.05108207,0.20917059,-0.19633763,-0.04815631,0.04419320,-0.26093261,0.04388404,0.18032785,-0.24236645,-0.03838000,0.07682007,-0.21444526,0.04332033,-0.24681331,-0.68421378,0.00305689,0.34450447,0.75868600,-0.04934597,-0.43226341,-0.81128495,0.09421239,0.50755999,0.84049417,-0.13636262,-0.56822338,-0.84547156,0.17458145,0.61250462,0.82607361,0.03542995,-0.00589854,-0.99935478,-0.02245452,0.03155221,-0.11427257,-0.06492588,0.00756373,0.01699410
10303440000000,synthetic_50hz_04,172,0.02,92.17301997,90.90727013,14.25544523,14.31594529,14.34310301,1.75969097,121.80259898,1,1,0,0,1,-0.38391628,0.07848697,-0.11386273,0.04629386,0.09436622,0.06731632,-0.04577461,-0.08362820,-0.04497893,0.04393566,0.07047915,0.02134477,-0.04083002,-0.05529814,0.00290476,0.03654724,0.03852287,-0.02707055,-0.03121078,-0.02063696,0.05045588,0.05329759,0.22140368,-0.17208271,-0.05216265,0.02886788,-0.28669966,0.04958015,0.19829934,-0.21584918,-0.04561799,0.05672192,-0.24093044,0.04038285,0.16650284,-0.26228296,-0.03401727,0.09154275,-0.19518827,0.00519123,-0.32873362,-0.74901623,0.04133310,0.41867831,0.80576161,-0.08666577,-0.49655231,-0.83927650,0.12949983,0.56011048,0.84859467,-0.16860035,-0.60752040,-0.83344745,0.20284004,0.63741522,0.79427155,0.03526950,-0.00545618,-0.99936296,-0.02247662,0.03176118,-0.11386273,-0.06518478,0.00731491,0.01769367
10303460000000,synthetic_50hz_04,173,0.02,92.18062764,91.16194163,14.29226150,14.34310301,14.37976359,1.76952280,121.81083003,1,1,0,0,1,-0.38524490,0.07860834,-0.11343912,0.04603415,0.08582718,0.04907972,-0.04442097,-0.07305465,-0.02558728,0.04152711,0.05817593,0.00135714,-0.03743601,-0.04161996,0.02291212,0.03226560,0.02386407,-0.04652082,-0.02616497,-0.00542017,0.06878829,0.05306172,0.21284091,-0.19036877,-0.05083875,0.03945877,-0.26725954,0.04720664,0.18598551,-0.23588331,-0.04226362,0.07040376,-0.22087948,0.03614467,0.15184740,-0.28177306,-0.02901785,0.10674923,-0.17682060,-0.03332271,-0.40479394,-0.79956330,0.07907993,0.48516520,0.83733402,-0.12255725,-0.55154891,-0.85096400,0.16250117,0.60203121,0.84006030,-0.19776012,-0.63515667,-0.80493727,0.22731755,0.64997027,0.74660752,0.03510770,-0.00501317,-0.99937098,-0.02249144,0.03196392,-0.11343912,-0.06543407,0.00706563,0.01839109
10303480000000,synthetic_50hz_04,174,0.02,92.20092908,91.36973912,14.32901238,14.37976359,14.42307771,1.77939036,121.81891380,1,1,0,0,1,-0.38657752,0.07872468,-0.11300177,0.04486474,0.07554957,0.02977848,-0.04218368,-0.06098382,-0.00558844,0.03828645,0.04465988,-0.01876272,-0.03328540,-0.02704838,0.04257294,0.02732472,0.00865706,-0.06515577,-0.02057626,0.00998385,0.08586012,0.05191587,0.20253930,-0.20971951,-0.04863095,0.05154723,-0.24721216,0.04400080,0.17245856,-0.25604979,-0.03815247,0.08497931,-0.20117490,0.03124709,0.13664344,-0.30044802,-0.02347542,0.12214325,-0.15971330,-0.07146315,-0.47341898,-0.83468652,0.11554352,0.54255801,0.85259595,-0.15629273,-0.59605483,-0.84592463,0.19253594,0.63236711,0.81486492,-0.22322825,-0.65044796,-0.76031227,0.24748479,0.64977609,0.68383946,0.03494458,-0.00456965,-0.99937882,-0.02249896,0.03216041,-0.11300177,-0.06567350,0.00681589,0.01908629
10303500000000,synthetic_50hz_04,175,0.02,92.13113181,91.52201766,14.36851982,14.42307771,14.47468338,1.78929218,121.82684660,1,1,0,0,1,-0.38791393,0.07883598,-0.11255076,0.04280018,0.06372091,0.00978575,-0.03909876,-0.04764115,0.01462623,0.03427011,0.03018787,-0.03861652,-0.02845343,-0.01186426,0.06149349,0.02181643,-0.00680141,-0.08259757,-0.01455045,0.02527098,0.10132032,0.04987461,0.19068639,-0.22976175,-0.04557527,0.06490781,-0.22694890,0.04001906,0.15797534,-0.27595030,-0.03335977,0.10016771,-0.18221047,0.02578195,0.12118771,-0.31793001,-0.01749579,0.13742068,-0.14421742,-0.10846702,-0.53315685,-0.85350722,0.14998355,0.58960894,0.85105347,-0.18717598,-0.62906232,-0.82406345,0.21897204,0.65037955,0.77331529,-0.24445504,-0.65294603,-0.70027210,0.26289028,0.63668777,0.60703973,0.03478018,-0.00412579,-0.99938648,-0.02249920,0.03235058,-0.11255076,-0.06590284,0.00656572,0.01977919
10303520000000,synthetic_50hz_04,176,0.02,92.92356629,91.80232739,14.41310851,14.47468338,14.49971931,1.79922773,121.83462466,1,1,0,0,1,-0.38925389,0.07894223,-0.11208612,0.03987317,0.05056244,-0.01050630,-0.03521970,-0.03328070,0.03465562,0.02955084,0.01503945,-0.05780580,-0.02303001,0.00363539,0.07928941,0.01584522,-0.02220541,-0.09848707,-0.00820360,0.04013525,0.11484531,0.04697062,0.17750339,-0.25010333,-0.04172520,0.07928646,-0.20687085,0.03533417,0.14281542,-0.29518639,-0.02797543,0.11567193,-0.16437051,0.01985374,0.10578614,-0.33385989,-0.01119499,0.15227555,-0.13065652,-0.14358193,-0.58271108,-0.85546028,0.18168853,0.62525809,0.83254243,-0.21455696,-0.64977861,-0.78562199,0.24123962,0.65556571,0.71605171,-0.26096723,-0.64245255,-0.62583732,0.27317103,0.61081718,0.51757975,0.03461453,-0.00368171,-0.99939396,-0.02249216,0.03253442,-0.11208612,-0.06612188,0.00631513,0.02046968
10303540000000,synthetic_50hz_04,177,0.02,93.29192885,92.10024768,14.44948505,14.49971931,14.51919972,1.80919552,121.84224416,1,1,0,0,1,-0.39059718,0.07904344,-0.11160793,0.03613423,0.03632518,-0.03069410,-0.03061674,-0.01818050,0.05409688,0.02421655,-0.00048835,-0.07594002,-0.01711819,0.01914311,0.09559377,0.00952631,-0.03724596,-0.11249151,-0.00165977,0.05427500,0.12614607,0.04325443,0.16324134,-0.27034068,-0.03715098,0.09440515,-0.18738087,0.03003405,0.12727581,-0.31336753,-0.02210251,0.13118454,-0.14802197,0.01357768,0.09074771,-0.34790488,-0.00469711,0.16640621,-0.11931965,-0.17608166,-0.62097016,-0.84031205,0.20999091,0.64865885,0.79723854,-0.23784602,-0.65764639,-0.73118028,0.25884392,0.64767369,0.64404174,-0.27237922,-0.61902825,-0.53833519,0.27806171,0.57253594,0.41710817,0.03444767,-0.00323756,-0.99940127,-0.02247782,0.03271188,-0.11160793,-0.06633038,0.00606413,0.02115771
10303560000000,synthetic_50hz_04,178,0.02,93.07499863,92.29519787,14.47876521,14.51919972,14.55609443,1.81919343,121.84970122,1,1,0,0,1,-0.39194356,0.07913958,-0.11111623,0.03165099,0.02128539,-0.05037073,-0.02537569,-0.00263731,0.07255359,0.01836879,-0.01608681,-0.09264470,-0.01083232,0.03434714,0.11006482,0.00298354,-0.05161722,-0.12431171,0.00495126,0.06739916,0.13497464,0.03879367,0.14817648,-0.29006686,-0.03193842,0.10996711,-0.16887538,0.02422022,0.11166524,-0.33011922,-0.01585533,0.14639377,-0.13350662,0.00707760,0.07637827,-0.35976581,0.00186809,0.17952157,-0.11045475,-0.20528160,-0.64703404,-0.80817178,0.23428159,0.65919954,0.74566060,-0.25652714,-0.65236001,-0.66165168,0.27137690,0.62671264,0.55856703,-0.27840272,-0.58299685,-0.43937863,0.27740207,0.52247299,0.30752274,0.03427963,-0.00279350,-0.99940838,-0.02245620,0.03288293,-0.11111623,-0.06652815,0.00581274,0.02184317
10303580000000,synthetic_50hz_04,179,0.02,92.88692140,92.41354257,14.51124348,14.55609443,14.60548405,1.82922013,121.85699188,1,1,0,0,1,-0.39329281,0.07923066,-0.11061108,0.02650710,0.00573932,-0.06913419,-0.01959648,0.01303913,0.08964401,0.01212089,-0.03144165,-0.10756936,-0.00429584,0.04893770,0.12239344,-0.00365306,-0.06502285,-0.13368885,0.01149663,0.07923336,0.14112995,0.03367198,0.13260509,-0.30887989,-0.02618745,0.12566260,-0.15173613,0.01800603,0.09629800,-0.34509100,-0.00935736,0.16098983,-0.12113355,0.00048354,0.06297416,-0.36918384,0.00836776,0.19134728,-0.10426291,-0.23055360,-0.66023680,-0.75949625,0.25402365,0.65652068,0.67866669,-0.27017008,-0.63387675,-0.57827086,0.27852738,0.59295786,0.46120321,-0.27885460,-0.53494372,-0.33083885,0.27114231,0.46150691,0.19093626,0.03411045,-0.00234967,-0.99941531,-0.02242730,0.03304754,-0.11061108,-0.06671497,0.00556099,0.02252599
10303600000000,synthetic_50hz_04,180,0.02,92.52386115,92.43560629,14.55082452,14.60548405,14.67123388,1.83927543,121.86411215,1,1,0,0,1,-0.39464467,0.07931667,-0.11009255,0.02080078,-0.01000252,-0.08659573,-0.01339134,0.02853224,0.10500918,0.00559583,-0.04623937,-0.12039517,0.00236102,0.06261339,0.13231010,-0.01024980,-0.07718225,-0.14041048,0.01784307,0.08952590,0.14446275,0.02798759,0.11683766,-0.32639102,-0.02001030,0.14117505,-0.13632208,0.01151445,0.08148758,-0.35796401,-0.00273881,0.17467133,-0.11117229,-0.00607083,0.05081596,-0.37594655,0.01466861,0.20163163,-0.10089337,-0.25134010,-0.66016510,-0.69508719,0.26876479,0.64052736,0.59744320,-0.27844086,-0.60242292,-0.48257464,0.28008936,0.54695034,0.35379323,-0.27366274,-0.47570893,-0.21481180,0.25934631,0.39075262,0.06963725,0.03394017,-0.00190620,-0.99942205,-0.02239114,0.03320566,-0.11009255,-0.06689065,0.00530887,0.02320608
10303620000000,synthetic_50hz_04,181,0.02,92.63259587,92.47500421,14.60139645,14.67123388,14.73192926,1.84936056,121.87105798,1,1,0,0,1,-0.39599892,0.07939760,-0.10956070,0.01464308,-0.02562151,-0.10238820,-0.00688271,0.04352506,0.11832076,-0.00107610,-0.06017375,-0.13084206,0.00900388,0.07508761,0.13959114,-0.01667207,-0.08783665,-0.14431573,0.02385960,0.09805333,0.14487963,0.02185154,0.10119281,-0.34223307,-0.01352939,0.15618749,-0.12296157,0.00487578,0.06754021,-0.36845821,0.00386593,0.18715166,-0.10384654,-0.01245089,0.04016245,-0.37989305,0.02063967,0.21015117,-0.10043954,-0.26716702,-0.64667159,-0.61608144,0.27814842,0.61139643,0.50348663,-0.28111066,-0.55849442,-0.37637607,0.27596836,0.48949076,0.23841441,-0.26286976,-0.40637485,-0.09357915,0.24219250,0.31154296,-0.05395403,0.03376881,-0.00146325,-0.99942860,-0.02234773,0.03335728,-0.10956070,-0.06705499,0.00505642,0.02388336
10303640000000,synthetic_50hz_04,182,0.02,92.79895086,92.53979354,14.65622023,14.73192926,14.78626702,1.85947704,121.87782525,1,1,0,0,1,-0.39735530,0.07947345,-0.10901560,0.00815575,-0.04079746,-0.11617395,-0.00020083,0.05770676,0.12928832,-0.00775989,-0.07295235,-0.13867525,0.01549688,0.08609469,0.14406411,-0.02278709,-0.09675488,-0.14529954,0.02942034,0.10462558,0.14234591,0.01538558,0.08599075,-0.35606841,-0.00687499,0.17038909,-0.11194502,-0.00177498,0.05474831,-0.37633879,0.01032101,0.19816516,-0.09932871,-0.01852386,0.03124481,-0.38091827,0.02615507,0.21671584,-0.10293612,-0.27765526,-0.61988324,-0.52393380,0.28192289,0.56957806,0.39857852,-0.27806255,-0.50285169,-0.26173204,0.26618554,0.42162786,0.11733971,-0.24663427,-0.32824831,0.03043559,0.21997242,0.22540520,-0.17733341,0.03359641,-0.00102096,-0.99943496,-0.02229707,0.03350236,-0.10901560,-0.06720782,0.00480364,0.02455776
10303660000000,synthetic_50hz_04,183,0.02,93.20505958,92.67284675,14.71083988,14.78626702,14.82639704,1.86962612,121.88440982,1,1,0,0,1,-0.39871357,0.07954422,-0.10845730,0.00146892,-0.05521515,-0.12765241,0.00651879,0.07077928,0.13766612,-0.01431857,-0.08430281,-0.14371086,0.02170553,0.09539585,0.14561235,-0.02846672,-0.10373859,-0.14331577,0.03440719,0.10909049,0.13688732,0.00871985,0.07154667,-0.36759647,-0.00018259,0.18348180,-0.10351819,-0.00830086,0.04338426,-0.38142188,0.01649194,0.20747304,-0.09773549,-0.02416159,0.02426139,-0.37897608,0.03109670,0.22117347,-0.10835735,-0.28253045,-0.58020385,-0.42039268,0.27994880,0.51579159,0.28475364,-0.26929610,-0.43650882,-0.14090501,0.25087946,0.34464130,-0.00700598,-0.22522986,-0.24283760,0.15471498,0.19308677,0.13403279,-0.29796347,0.03342301,-0.00057948,-0.99944113,-0.02223919,0.03364088,-0.10845730,-0.06734895,0.00455056,0.02522918
10303680000000,synthetic_50hz_04,184,0.02,93.19057534,92.77639247,14.75937389,14.82639704,14.87127436,1.87980805,121.89080748,1,1,0,0,1,-0.40007348,0.07960989,-0.10788588,-0.00528150,-0.06857112,-0.13656698,0.01313815,0.08246375,0.14325892,-0.02061602,-0.09397892,-0.14582063,0.02749952,0.10278462,0.14417827,-0.03359019,-0.10862700,-0.13837917,0.03871244,0.11133761,0.12859055,0.00199024,0.05816407,-0.37656064,0.00640981,0.19518674,-0.09787632,-0.01456574,0.03369427,-0.38357922,0.02224841,0.21486884,-0.09912446,-0.02924334,0.01937295,-0.37408124,0.03535686,0.22341362,-0.11661657,-0.28163069,-0.52831087,-0.30746906,0.27220404,0.45101551,0.16426210,-0.25492961,-0.36071715,-0.01631939,0.23030545,0.26001916,-0.13209381,-0.19904147,-0.15182469,0.27669869,0.16203903,0.03925304,-0.41332622,0.03324864,-0.00013895,-0.99944710,-0.02217410,0.03377280,-0.10788588,-0.06747820,0.00429718,0.02589755
10303700000000,synthetic_50hz_04,185,0.02,92.91539174,92.80419232,14.80637209,14.87127436,14.93016283,1.89002284,121.89701400,1,1,0,0,1,-0.40143476,0.07967047,-0.10730140,-0.01195659,-0.08058016,-0.14271120,0.01951959,0.09250667,0.14592693,-0.02651984,-0.10176617,-0.14493553,0.03275550,0.10809170,0.13976557,-0.03804681,-0.11130090,-0.13056610,0.04224121,0.11130124,0.11760235,-0.00466432,0.04612814,-0.38275445,0.01276455,0.20525040,-0.09515918,-0.02043723,0.02589285,-0.38274178,0.02746707,0.22018324,-0.10349192,-0.03365841,0.01669872,-0.36631008,0.03884067,0.22337058,-0.12756701,-0.27491204,-0.46514627,-0.18739898,0.25878640,0.37647173,0.03952607,-0.23519983,-0.27694334,0.10948640,0.20483233,0.16943054,-0.25534232,-0.16855943,-0.05703298,0.39383661,0.12742687,-0.05700887,-0.52097640,0.03307334,0.00030049,-0.99945288,-0.02210183,0.03389810,-0.10730140,-0.06759543,0.00404353,0.02656279
10303720000000,synthetic_50hz_04,186,0.02,92.79019345,92.80139255,14.85836420,14.93016283,14.99508267,1.90027111,121.90302508,1,1,0,0,1,-0.40279717,0.07972595,-0.10670395,-0.01841726,-0.09098164,-0.14593381,0.02552874,0.10068564,0.14558971,-0.03190421,-0.10748684,-0.14104819,0.03735987,0.11118913,0.13244018,-0.04173842,-0.11168580,-0.12001387,0.04491364,0.10896251,0.10412749,-0.01110473,0.03569951,-0.38602667,0.01874725,0.21345040,-0.09544725,-0.02578950,0.02015770,-0.37890217,0.03203432,0.22328831,-0.11077194,-0.03730863,0.01631317,-0.35579993,0.04146827,0.22102548,-0.14100392,-0.26245167,-0.39190149,-0.06260048,0.23991381,0.29360427,-0.08690835,-0.21045913,-0.18684231,0.23391157,0.17493682,0.07469360,-0.37417101,-0.13437099,0.03960857,0.50364293,0.08993119,-0.15276880,-0.61859458,0.03289714,0.00073869,-0.99945847,-0.02202240,0.03401676,-0.10670395,-0.06770045,0.00378962,0.02722481
10303740000000,synthetic_50hz_04,187,0.02,93.03323232,92.84776050,14.91578596,14.99508267,15.05161568,1.91055409,121.90883639,1,1,0,0,1,-0.40416045,0.07977632,-0.10609358,-0.02452723,-0.09954543,-0.14614297,0.03103735,0.10681463,0.14222876,-0.03665266,-0.11100432,-0.13421403,0.04121125,0.11199371,0.12232985,-0.04458170,-0.10975426,-0.10691884,0.04666684,0.10435055,0.08842531,-0.01719472,0.02710831,-0.38628542,0.02422969,0.21960069,-0.09875900,-0.03050609,0.01662545,-0.37211584,0.03584880,0.22410082,-0.12083679,-0.04011070,0.01824376,-0.34274714,0.04317677,0.21640747,-0.15666795,-0.24444838,-0.30999671,0.06437440,0.21592184,0.20405263,-0.21242281,-0.18117017,-0.09222562,0.35434696,0.14119528,-0.02226030,-0.48605512,-0.09714967,0.13610445,0.60375009,0.05030319,-0.24602464,-0.70403867,0.03272008,0.00117552,-0.99946386,-0.02193584,0.03412875,-0.10609358,-0.06779313,0.00353547,0.02788354
10303760000000,synthetic_50hz_04,188,0.02,93.57517969,92.99324434,14.97283444,15.05161568,15.09116755,1.92087271,121.91444358,1,1,0,0,1,-0.40552433,0.07982160,-0.10547037,-0.03015594,-0.10607726,-0.14330903,0.03592620,0.11074844,0.13588893,-0.04066068,-0.11222669,-0.12455108,0.04422290,0.11046939,0.10962238,-0.04651015,-0.10552721,-0.09153320,0.04745650,0.09754263,0.07080509,-0.02280374,0.02054881,-0.38350107,0.02909261,0.22355607,-0.10504959,-0.03448248,0.01538802,-0.36250080,0.03882374,0.22258475,-0.13349865,-0.04199810,0.02246956,-0.32740391,0.04392186,0.20959379,-0.17424983,-0.22122061,-0.22105474,0.19089157,0.18725868,0.10962039,-0.33438120,-0.14789799,0.00497436,0.46823047,0.10427334,-0.11942569,-0.58858043,-0.05764244,0.23043393,0.69196134,0.00934968,-0.33479865,-0.77539269,0.03254219,0.00161082,-0.99946907,-0.02184217,0.03423405,-0.10547037,-0.06787332,0.00328110,0.02853890
10303780000000,synthetic_50hz_04,189,0.02,93.95921666,93.18643880,15.02253435,15.09116755,15.12457252,1.93122681,121.91984224,1,1,0,0,1,-0.40688855,0.07986176,-0.10483440,-0.03518146,-0.11042344,-0.13746621,0.04008768,0.11238647,0.12667844,-0.04383815,-0.11110934,-0.11223846,0.04632475,0.10662887,0.09456260,-0.04747579,-0.09907424,-0.07416046,0.04725808,0.08866326,0.05162023,-0.02780984,0.01617470,-0.37770784,0.03322843,0.22521596,-0.11421080,-0.03762856,0.01649002,-0.35023616,0.04088910,0.21875277,-0.14851269,-0.04292287,0.02892096,-0.31007373,0.04367902,0.20070898,-0.19339614,-0.19320173,-0.12686992,0.31428972,0.15447759,0.01223963,-0.45018573,-0.11129979,0.10274353,0.57310267,0.06491316,-0.21476454,-0.67949679,-0.01665506,0.32059380,0.76630070,-0.03208322,-0.41718018,-0.83101181,0.03236350,0.00204446,-0.99947408,-0.02174142,0.03433264,-0.10483440,-0.06794087,0.00302651,0.02919080
10303800000000,synthetic_50hz_04,190,0.02,93.95684685,93.34052041,15.06539038,15.12457252,15.16956655,1.94161542,121.92502793,1,1,0,0,1,-0.40825285,0.07989681,-0.10418575,-0.03949317,-0.11247474,-0.12871283,0.04342836,0.11167553,0.11476754,-0.04611148,-0.10765666,-0.09751345,0.04746519,0.10053400,0.07744801,-0.04745046,-0.09051289,-0.05514970,0.04606770,0.07788226,0.03126139,-0.03210243,0.01409523,-0.36900402,0.03654372,0.22452715,-0.12607239,-0.03987073,0.01992705,-0.33555921,0.04199325,0.21266674,-0.16558144,-0.04285684,0.03748044,-0.29110568,0.04244435,0.18992283,-0.21371624,-0.16093276,-0.02937263,0.43193697,0.11822685,-0.08606834,-0.55733325,-0.07211240,0.19902792,0.66666135,0.02391892,-0.30624943,-0.75676930,0.02496415,0.40464163,0.82505924,-0.07312750,-0.49136782,-0.86956233,0.03218407,0.00247629,-0.99947889,-0.02163362,0.03442451,-0.10418575,-0.06799564,0.00277173,0.02983917
10303820000000,synthetic_50hz_04,191,0.02,94.16285154,93.50498664,15.10914437,15.16956655,15.21813629,1.95203783,121.92999620,1,1,0,0,1,-0.40961695,0.07992675,-0.10352449,-0.04299438,-0.11216941,-0.11721013,0.04587114,0.10861172,0.10038580,-0.04742542,-0.10192271,-0.08066730,0.04761241,0.09229521,0.05862312,-0.04642670,-0.08000681,-0.03488882,0.04390250,0.06541176,0.01014865,-0.03558480,0.01437213,-0.35755089,0.03896137,0.22148575,-0.14040479,-0.04115377,0.02564506,-0.31876119,0.04210439,0.20443711,-0.18436036,-0.04179257,0.04798435,-0.27088768,0.04023499,0.17744750,-0.23479007,-0.12505257,0.06940992,0.54128800,0.07923743,-0.18323492,-0.65347085,-0.03113784,0.29177717,0.74681383,-0.01785946,-0.39190735,-0.81862582,0.06634188,0.48073866,0.86683644,-0.11291162,-0.55571005,-0.89005577,0.03200391,0.00290618,-0.99948352,-0.02151882,0.03450962,-0.10352449,-0.06803753,0.00251677,0.03048393
10303840000000,synthetic_50hz_04,192,0.02,94.47023641,93.69803659,15.15492098,15.21813629,15.26831187,1.96249372,121.93474254,1,1,0,0,1,-0.41098059,0.07995157,-0.10285071,-0.04560455,-0.10949523,-0.10317977,0.04735722,0.10324124,0.08381801,-0.04774457,-0.09401076,-0.06203974,0.04675542,0.08206990,0.03847283,-0.04441829,-0.06776293,-0.01379673,0.04080055,0.05150232,-0.01127713,-0.03817641,0.01701764,-0.34357007,0.04042259,0.21613795,-0.15692321,-0.04144224,0.03354079,-0.30018183,0.04121153,0.19422125,-0.20446458,-0.03974381,0.06022574,-0.24983862,0.03708904,0.16353353,-0.25617673,-0.08628577,0.16739582,0.63994051,0.03830865,-0.27718809,-0.73644916,0.01077292,0.37898889,0.81172563,-0.05954391,-0.46986326,-0.86359968,0.10659822,0.54719126,0.89057574,-0.15057925,-0.60874348,-0.89187609,0.03182306,0.00333398,-0.99948796,-0.02139705,0.03458797,-0.10285071,-0.06806639,0.00226165,0.03112500
10303860000000,synthetic_50hz_04,193,0.02,94.77685724,93.91380072,15.20254515,15.26831187,15.32269071,1.97298308,121.93926244,1,1,0,0,1,-0.41234349,0.07997128,-0.10216447,-0.04726130,-0.10449048,-0.08689990,0.04784757,0.09566009,0.06539886,-0.04705437,-0.08407178,-0.04201234,0.04490458,0.07005964,0.01741459,-0.04146016,-0.05402765,0.00768523,0.03682043,0.03643802,-0.03256349,-0.03981488,0.02199346,-0.32733973,0.04088834,0.20857975,-0.17529296,-0.04072161,0.04346324,-0.28020272,0.03932504,0.18222074,-0.22547662,-0.03674552,0.07395822,-0.22839983,0.03306505,0.14846500,-0.27742378,-0.04542839,0.26249272,0.72568968,-0.00370807,-0.36589728,-0.80437238,0.05273762,0.45875285,0.85986464,-0.10024673,-0.53838236,-0.89056661,0.14486567,0.60249006,0.89559312,-0.18530807,-0.64922769,-0.87479927,0.03164156,0.00375956,-0.99949222,-0.02126834,0.03465955,-0.10216447,-0.06808211,0.00200638,0.03176230
10303880000000,synthetic_50hz_04,194,0.02,94.99305494,94.12965157,15.25300629,15.32269071,15.38688680,1.98350623,121.94355134,1,1,0,0,1,-0.41370538,0.07998587,-0.10146588,-0.04792202,-0.09724382,-0.06869993,0.04732408,0.08601274,0.04550639,-0.04536177,-0.07230187,-0.02100088,0.04209165,0.05650650,-0.00411009,-0.03760802,-0.03908202,0.02910257,0.03204012,0.02053080,-0.05325601,-0.04045762,0.02921094,-0.30918929,0.04034052,0.19895562,-0.19513600,-0.03899883,0.05521635,-0.25923961,0.03647668,0.16867766,-0.24695500,-0.03285340,0.08890075,-0.20702582,0.02824102,0.13255386,-0.29807682,-0.00333181,0.35264307,0.79657935,-0.04592679,-0.44741820,-0.85564365,0.09386131,0.52929405,0.89003933,-0.13908975,-0.59591011,-0.89877477,0.18030818,0.64534580,0.88159812,-0.21632824,-0.67617587,-0.83900458,0.03145944,0.00418278,-0.99949629,-0.02113274,0.03472433,-0.10146588,-0.06808459,0.00175099,0.03239577
10303900000000,synthetic_50hz_04,195,0.02,94.99609132,94.30293952,15.30923610,15.38688680,15.46992857,1.99406418,121.94760469,1,1,0,0,1,-0.41506598,0.07999534,-0.10075501,-0.04756508,-0.08789310,-0.04895411,0.04579029,0.07448962,0.02455438,-0.04269534,-0.05893858,0.00055328,0.03836947,0.04168831,-0.02564498,-0.03293739,-0.02323614,0.04999732,0.02655570,0.00411407,-0.07290822,-0.04008298,0.03853224,-0.28949296,0.03878266,0.18745601,-0.21603856,-0.03630245,0.06856254,-0.23773386,0.03271927,0.15386982,-0.26844348,-0.02814297,0.10474323,-0.18617455,0.02271302,0.11613352,-0.31768935,0.03911499,0.43586962,0.85094867,-0.08744590,-0.51993661,-0.88900468,0.13325570,0.58901358,0.90143026,-0.17522368,-0.64110902,-0.88786719,0.21213988,0.67472099,0.84870649,-0.24293998,-0.68888043,-0.78507719,0.03127674,0.00460349,-0.99950017,-0.02099030,0.03478230,-0.10075501,-0.06807372,0.00149548,0.03302531
10303920000000,synthetic_50hz_04,196,0.02,95.06478735,94.45530909,15.37672694,15.46992857,15.56797365,2.00465916,121.95141789,1,1,0,0,1,-0.41642503,0.07999969,-0.10003195,-0.04619054,-0.07662299,-0.02807395,0.04327152,0.06132367,0.00298378,-0.03910497,-0.04425635,0.02219242,0.03381100,0.02591310,-0.04672881,-0.02754224,-0.00682277,0.06991798,0.02047943,-0.01246427,-0.09109138,-0.03869103,0.04977267,-0.26866228,0.03624011,0.17431382,-0.23755969,-0.03268239,0.08322739,-0.21614320,0.02812579,0.13810527,-0.28948078,-0.02270821,0.12115289,-0.16629753,0.01659332,0.09955188,-0.33583265,0.08100423,0.51031991,0.88747316,-0.12736751,-0.58181010,-0.90356867,0.17005872,0.63652643,0.89361389,-0.20784707,-0.67289140,-0.85789579,0.23964308,0.68985661,0.79744416,-0.26453008,-0.68693292,-0.71400185,0.03109350,0.00502157,-0.99950388,-0.02084105,0.03483346,-0.10003195,-0.06804941,0.00123988,0.03365085
10303940000000,synthetic_50hz_04,197,0.02,95.48058129,94.66036353,15.45705056,15.56797365,15.66638977,2.01529463,121.95498633,1,1,0,0,1,-0.41778223,0.07999892,-0.09929679,-0.04382052,-0.06366160,-0.00649974,0.03981471,0.04678571,-0.01874652,-0.03466103,-0.02856096,0.04345231,0.02850806,0.00951279,-0.06690535,-0.02153319,0.00980964,0.08842947,0.01393750,-0.02884925,-0.10740413,-0.03630388,0.06270414,-0.24713752,0.03275978,0.15979990,-0.25924049,-0.02820900,0.09890510,-0.19493186,0.02278807,0.12171592,-0.30961070,-0.01665973,0.13778127,-0.14782980,0.01000811,0.08316391,-0.35210536,0.12142896,0.57430891,0.90519894,-0.16481726,-0.63160679,-0.89884555,0.20345381,0.67069516,0.86657803,-0.23622469,-0.69044708,-0.80932665,0.26218511,0.69029308,0.72874201,-0.28058660,-0.67023761,-0.62714740,0.03090974,0.00543688,-0.99950741,-0.02068505,0.03487779,-0.09929679,-0.06801155,0.00098420,0.03427233
10303960000000,synthetic_50hz_04,198,0.02,95.45872753,94.82003633,15.54497303,15.66638977,15.78205646,2.02597439,121.95830539,1,1,0,0,1,-0.41913731,0.07999303,-0.09854961,-0.04049892,-0.04927601,0.01530876,0.03548760,0.03117909,-0.04016955,-0.02945315,-0.01218327,0.06387223,0.02256956,-0.00716381,-0.08573345,-0.01503528,0.02630434,0.10512293,0.00706752,-0.04468652,-0.12148167,-0.03296545,0.07705957,-0.22537845,0.02840941,0.14421758,-0.28061400,-0.02297192,0.11526483,-0.17456054,0.01681501,0.10505057,-0.32839207,-0.01012258,0.15427165,-0.13118026,0.00309500,0.06732395,-0.36614268,0.15950306,0.62635859,0.90356945,-0.19896394,-0.66814007,-0.87475877,0.23268860,0.69065876,0.82072839,-0.25970474,-0.69326544,-0.74303603,0.27923346,0.67588496,0.64392159,-0.29071176,-0.63901839,-0.52624259,0.03072551,0.00584928,-0.99951076,-0.02052236,0.03491528,-0.09854961,-0.06796007,0.00072846,0.03488965
10303980000000,synthetic_50hz_04,199,0.02,95.50768385,94.95756583,15.64454807,15.78205646,15.90767067,2.03670300,121.96137043,1,1,0,0,1,-0.42048999,0.07998202,-0.09779050,-0.03629080,-0.03376692,0.03688215,0.03037752,0.01483339,-0.06082044,-0.02358844,0.00452779,0.08300524,0.01611929,-0.02375844,-0.10279697,-0.00818542,0.04230412,0.11962501,0.00001556,-0.05963015,-0.13300421,-0.02874078,0.09253825,-0.20385447,0.02327635,0.12789646,-0.30121536,-0.01707825,0.13195765,-0.15547620,0.01033039,0.08846750,-0.34540876,-0.00323367,0.17026679,-0.11672223,-0.00399994,0.05237793,-0.37762482,0.19438110,0.66523368,0.88244361,-0.22903842,-0.69049841,-0.83165321,0.25709246,0.69585574,0.75688587,-0.27773440,-0.68115123,-0.66029716,0.29036913,0.64680881,0.54467177,-0.29463239,-0.59381860,-0.41334324,0.03054083,0.00625865,-0.99951394,-0.02035301,0.03494593,-0.09779050,-0.06789488,0.00047267,0.03550276
10304000000000,synthetic_50hz_04,200,0.02,95.31135264,95.02832319,15.75505956,15.90767067,16.04787871,2.04748560,121.96417679,1,1,0,0,1,-0.42183999,0.07996589,-0.09701957,-0.03128118,-0.01746243,0.05775164,0.02458973,-0.00190253,-0.08024666,-0.01718936,0.02121265,0.10042814,0.00929340,-0.03991119,-0.11771423,-0.00112952,0.05745908,0.13160656,-0.00706693,-0.07335039,-0.14170462,-0.02371490,0.10881209,-0.18303435,0.01746586,0.11118537,-0.32059204,-0.01065047,0.14862397,-0.13810203,0.00347038,0.07232660,-0.36027909,0.00386109,0.18541681,-0.10478488,-0.01112525,0.03865562,-0.38628464,0.22527762,0.68997254,0.84210501,-0.25435163,-0.69806958,-0.77029369,0.27609256,0.68604094,0.67627445,-0.28987361,-0.65423343,-0.56275789,0.29529748,0.60356406,0.43301677,-0.29220777,-0.53549366,-0.29079157,0.03035575,0.00666484,-0.99951696,-0.02017706,0.03496973,-0.09701957,-0.06781591,0.00021685,0.03611157
10304020000000,synthetic_50hz_04,201,0.02,95.74993163,95.17264488,15.87804360,16.04787871,16.17164430,2.05832797,121.96671981,1,1,0,0,1,-0.42318703,0.07994464,-0.09623689,-0.02557338,-0.00071112,0.07745943,0.01824531,-0.01866800,-0.09801825,-0.01039122,0.03750891,0.11575116,0.00223754,-0.05526842,-0.13014691,0.00598064,0.07143452,0.14079046,-0.01402640,-0.08554113,-0.14737496,-0.01799115,0.12553252,-0.16337590,0.01109901,0.09444501,-0.33831407,-0.00382388,0.16490142,-0.12282780,-0.00361938,0.05698152,-0.37266474,0.01100993,0.19938701,-0.09564532,-0.01812739,0.02646311,-0.39191423,0.25148543,0.69991241,0.78326175,-0.27431095,-0.69055852,-0.69185400,0.28922795,0.66129552,0.58049977,-0.29580637,-0.61296705,-0.45240947,0.29385656,0.54696646,0.31127600,-0.28343473,-0.46519657,-0.16116829,0.03017030,0.00706772,-0.99951981,-0.01999458,0.03498668,-0.09623689,-0.06772309,-0.00003898,0.03671601
10304040000000,synthetic_50hz_04,202,0.02,96.17534121,95.37318415,16.00135590,16.17164430,16.27789448,2.06923488,121.96899483,1,1,0,0,1,-0.42453082,0.07991828,-0.09544257,-0.01928701,0.01612545,0.09556899,0.01147863,-0.03509838,-0.11373754,-0.00333931,0.05305940,0.12862698,-0.00489628,-0.06949070,-0.13980804,0.01299070,0.08391854,0.14695837,-0.02071060,-0.09592698,-0.14987183,-0.01168910,0.14233796,-0.14531565,0.00431017,0.07804000,-0.35398378,0.00325622,0.18043281,-0.11000082,-0.01078687,0.04277169,-0.38227874,0.01805846,0.21186549,-0.08952188,-0.02485409,0.01607580,-0.39437017,0.27239246,0.69470831,0.70703655,-0.28843478,-0.66799834,-0.59789651,0.29616140,0.62202966,0.47151884,-0.29534954,-0.55812758,-0.33154706,0.28602262,0.47813443,0.18201662,-0.26844954,-0.38435643,-0.02723856,0.02998451,0.00746718,-0.99952250,-0.01980563,0.03499677,-0.09544257,-0.06761636,-0.00029482,0.03731601
10304060000000,synthetic_50hz_04,203,0.02,95.99300487,95.49714829,16.11750210,16.27789448,16.38803705,2.08020935,121.97099715,1,1,0,0,1,-0.42587108,0.07988680,-0.09463670,-0.01255543,0.03268062,0.11167501,0.00443455,-0.05083315,-0.12704841,0.00381419,0.06752013,0.13875894,-0.01195296,-0.08226048,-0.14646899,0.01974712,0.09462921,0.14995627,-0.02697196,-0.10426975,-0.14912024,-0.00494214,0.15886176,-0.12925891,-0.00275579,0.06233086,-0.36724507,0.01043766,0.19487415,-0.09991774,-0.01787700,0.03001466,-0.38889247,0.02485316,0.22257030,-0.08656859,-0.03115780,0.00773188,-0.39357748,0.28749665,0.67434510,0.61494744,-0.29636479,-0.63075401,-0.49034267,0.29668860,0.56897799,0.35160108,-0.28845873,-0.49079806,-0.20272268,0.27191247,0.39846820,0.04799968,-0.24752684,-0.29465032,0.10810717,0.02979842,0.00786307,-0.99952503,-0.01961025,0.03500000,-0.09463670,-0.06749567,-0.00055063,0.03791149
10304080000000,synthetic_50hz_04,204,0.02,96.13573754,95.62486614,16.23112678,16.38803705,16.48393907,2.09125354,121.97272211,1,1,0,0,1,-0.42720752,0.07985021,-0.09381939,-0.00552298,0.04859072,0.12541277,-0.00273471,-0.06552396,-0.13764469,0.01091356,0.08056811,0.14590825,-0.01877776,-0.09328945,-0.14996521,0.02610060,0.10332121,0.14969861,-0.03267094,-0.11037417,-0.14511612,0.00210539,0.17474025,-0.11557040,-0.00994665,0.04766595,-0.37779177,0.01756472,0.20790247,-0.09281737,-0.02473503,0.01899873,-0.39234138,0.03124472,0.23125614,-0.08687100,-0.03689897,0.00162661,-0.38953208,0.29641869,0.63914220,0.50887905,-0.29787553,-0.57951869,-0.37143477,0.29074448,0.50318739,0.22328186,-0.27523113,-0.41234896,-0.06869162,0.25178274,0.30962231,-0.08787902,-0.22107533,-0.19796912,0.24191608,0.02961206,0.00825526,-0.99952741,-0.01940852,0.03499637,-0.09381939,-0.06736095,-0.00080641,0.03850239
10304100000000,synthetic_50hz_04,205,0.02,96.21903121,95.74369915,16.33730794,16.48393907,16.56627293,2.10236828,121.97416502,1,1,0,0,1,-0.42853986,0.07980851,-0.09299071,0.00165814,0.06350325,0.13646673,-0.00987286,-0.07884256,-0.14527753,0.01780295,0.09190881,0.14989991,-0.02521976,-0.10232529,-0.15020061,0.03190948,0.10979168,0.14617095,-0.03767924,-0.11409272,-0.13792712,0.00930131,0.18962093,-0.10456564,-0.01710614,0.03437350,-0.38537501,0.02448155,0.21922322,-0.08887471,-0.03121002,0.00997624,-0.39252936,0.03709149,0.23772014,-0.09044353,-0.04194929,-0.00209248,-0.38230164,0.29891209,0.58975078,0.39104515,-0.29288125,-0.51530243,-0.24368995,0.27840651,0.42599767,0.08930906,-0.25590519,-0.32441120,0.06764666,0.22602599,0.21347181,-0.22265209,-0.18963037,-0.09637792,0.37123835,0.02942547,0.00864364,-0.99952964,-0.01920051,0.03498588,-0.09299071,-0.06721216,-0.00106213,0.03908862
10304120000000,synthetic_50hz_04,206,0.02,96.15957942,95.82687521,16.43347324,16.56627293,16.63950869,2.11355298,121.97532118,1,1,0,0,1,-0.42986781,0.07976170,-0.09215079,0.00883120,0.07708487,0.14457812,-0.01682304,-0.09048836,-0.14976156,0.02432986,0.10128304,0.15062731,-0.03113525,-0.10915767,-0.14715040,0.03704298,0.11388524,0.13943108,-0.04188276,-0.11532944,-0.12769190,0.01648888,0.20317048,-0.09650342,-0.02407736,0.02275412,-0.38980944,0.03103564,0.22857721,-0.08819635,-0.03715826,0.00315749,-0.38943166,0.04226268,0.24180693,-0.09722840,-0.04619467,-0.00332943,-0.37202481,0.29487037,0.52714330,0.26394311,-0.28143957,-0.43941348,-0.10984709,0.25989474,0.33901515,-0.04741587,-0.23085702,-0.22884287,0.20331182,0.19516359,0.11207293,-0.35334618,-0.15384350,0.00792812,0.49319342,0.02923869,0.00902808,-0.99953172,-0.01898627,0.03496853,-0.09215079,-0.06704927,-0.00131779,0.03967013
10304140000000,synthetic_50hz_04,207,0.02,96.49328658,95.96015748,16.52000813,16.63950869,16.68765926,2.12480595,121.97618593,1,1,0,0,1,-0.43119109,0.07970979,-0.09129972,0.01583840,0.08902910,0.14955130,-0.02343129,-0.10019544,-0.15097973,0.03034864,0.10847310,0.14805534,-0.03639103,-0.11362342,-0.14086245,0.04138425,0.11549794,0.12960842,-0.04518434,-0.11404259,-0.11461773,0.02351028,0.21508240,-0.09157936,-0.03070638,0.01307372,-0.39097801,0.03708134,0.23574676,-0.09081740,-0.04244658,-0.00129433,-0.38309612,0.04664144,0.24341255,-0.10709619,-0.04953795,-0.00204250,-0.35890886,0.28433123,0.45259563,0.13030121,-0.26375195,-0.35343252,0.02719205,0.23556858,0.24407980,-0.18390135,-0.20059366,-0.12769014,0.33530869,0.15983553,0.00761911,-0.47704893,-0.11446927,0.11267158,0.60503562,0.02905174,0.00940845,-0.99953367,-0.01876588,0.03494433,-0.09129972,-0.06687223,-0.00157336,0.04024684
10304160000000,synthetic_50hz_04,208,0.02,96.39256787,96.04663956,16.59042160,16.68765926,16.73010644,2.13612379,121.97675457,1,1,0,0,1,-0.43250942,0.07965277,-0.09043760,0.02252440,0.09906343,0.15125884,-0.02955006,-0.10773886,-0.14888659,0.03572377,0.11330813,0.14222187,-0.04086756,-0.11561067,-0.13145683,0.04483312,0.11458010,0.11690183,-0.04750611,-0.11024614,-0.09897649,0.03021019,0.22508418,-0.08992090,-0.03684564,0.00555724,-0.38883527,0.04248313,0.24056100,-0.09670000,-0.04695540,-0.00326735,-0.37364284,0.05012759,0.24248734,-0.11984805,-0.05190125,0.00175433,-0.34322568,0.26747736,0.36766183,-0.00698015,-0.24016086,-0.25918032,0.16442632,0.20592041,0.14322652,-0.31713201,-0.16574317,-0.02314344,0.46069463,0.12078749,-0.09760688,-0.59097521,-0.07234944,0.21554316,0.70421770,0.02886467,0.00978463,-0.99953548,-0.01853941,0.03491328,-0.09043760,-0.06668102,-0.00182883,0.04081867
10304180000000,synthetic_50hz_04,209,0.02,96.51511083,96.14033381,16.64908923,16.73010644,16.75795387,2.14750220,121.97702242,1,1,0,0,1,-0.43382250,0.07959066,-0.08956453,0.02873983,0.10695579,0.14964494,-0.03504157,-0.11294014,-0.14351000,0.04033305,0.11566836,0.13323760,-0.04446170,-0.11506182,-0.11912389,0.04730851,0.11113799,0.10157579,-0.04879139,-0.10400999,-0.08109922,0.03643924,0.23294377,-0.09158384,-0.04235737,0.00038315,-0.38340908,0.04711881,0.24290017,-0.10573344,-0.05058161,-0.00270398,-0.36126214,0.05264006,0.23903754,-0.13521947,-0.05322788,0.00799117,-0.32530630,0.24463402,0.27414236,-0.14489191,-0.21114366,-0.15867934,0.29882179,0.17156593,0.03864151,-0.44413651,-0.12704187,0.08251037,0.57664656,0.07885514,-0.20128344,-0.69253163,-0.02839497,0.31425341,0.78845068,0.02867750,0.01015651,-0.99953716,-0.01830694,0.03487539,-0.08956453,-0.06647562,-0.00208419,0.04138557
10304200000000,synthetic_50hz_04,210,0.02,96.78062046,96.26839114,16.69481238,16.75795387,16.76758295,2.15893604,121.97698484,1,1,0,0,1,-0.43513005,0.07952346,-0.08868063,0.03434477,0.11252020,0.14472743,-0.03978106,-0.11567169,-0.13495117,0.04407044,0.11548832,0.12128421,-0.04708926,-0.11197537,-0.10412056,0.04875047,0.10523411,0.08395508,-0.04900618,-0.09545891,-0.06136912,0.04205750,0.23847516,-0.09655034,-0.04711678,-0.00232095,-0.37480066,0.05088234,0.24269878,-0.11773604,-0.05324099,0.00039729,-0.34621098,0.05411890,0.23312568,-0.15288569,-0.05348387,0.01654325,-0.30553394,0.21626328,0.17404603,-0.28038327,-0.17730335,-0.05411022,0.42738007,0.13323168,-0.06738561,-0.56205531,-0.08531888,0.18693868,0.68052623,0.03494629,-0.30110222,-0.77937726,0.01643381,0.40658484,0.85575848,0.02849028,0.01052395,-0.99953871,-0.01806853,0.03483067,-0.08868063,-0.06625601,-0.00233941,0.04194746
10304220000000,synthetic_50hz_04,211,0.02,97.13374324,96.44146156,16.72537602,16.76758295,16.75852253,2.17041918,121.97663714,1,1,0,0,1,-0.43643178,0.07945116,-0.08778600,0.03921190,0.11562128,0.13659798,-0.04365965,-0.11586017,-0.12338304,0.04684866,0.11275874,0.10661092,-0.04868701,-0.10640644,-0.08676514,0.04912168,0.09698638,0.06441789,-0.04814016,-0.08477016,-0.04021344,0.04693766,0.24154302,-0.10472872,-0.05101502,-0.00248171,-0.36318295,0.05368643,0.23994758,-0.13245857,-0.05487032,0.00598133,-0.32880764,0.05452678,0.22486966,-0.17246850,-0.05265886,0.02723330,-0.28433583,0.18295501,0.06954674,-0.41043038,-0.13935622,0.05223586,0.54720663,0.09173972,-0.17251246,-0.66820665,-0.04147833,0.28781546,0.76994196,-0.00997891,-0.39482060,-0.84947949,0.06114845,0.49044288,0.90452613,0.02830303,0.01088684,-0.99954015,-0.01782427,0.03477911,-0.08778600,-0.06602216,-0.00259449,0.04250428
10304240000000,synthetic_50hz_04,212,0.02,97.06032197,96.56523364,16.73929755,16.75852253,16.75015371,2.18194452,121.97597468,1,1,0,0,1,-0.43772742,0.07937378,-0.08688075,0.04322959,0.11617786,0.12542067,-0.04658698,-0.11348855,-0.10904697,0.04860125,0.10752730,0.08952939,-0.04921432,-0.09846600,-0.06743064,0.04840852,0.08656587,0.04338783,-0.04620707,-0.07217001,-0.01809412,0.05096807,0.24206614,-0.11595492,-0.05396172,-0.00008214,-0.34879729,0.05546464,0.23469424,-0.14958938,-0.05542899,0.01393717,-0.30942514,0.05385008,0.21444055,-0.19354432,-0.05076662,0.03983507,-0.26217393,0.14541486,-0.03706413,-0.53210524,-0.09811681,0.15800811,0.65557757,0.04799001,-0.27439664,-0.76014931,0.00352037,0.38287418,0.84280558,-0.05492925,-0.48031329,-0.90116338,0.10475450,0.56390474,0.93354021,0.02811579,0.01124507,-0.99954147,-0.01757424,0.03472074,-0.08688075,-0.06577409,-0.00284939,0.04305595
10304260000000,synthetic_50hz_04,213,0.02,96.89514471,96.63121586,16.74385714,16.75015371,16.74540654,2.19350502,121.97499283,1,1,0,0,1,-0.43901667,0.07929132,-0.08596498,0.04630447,0.11416517,0.11142883,-0.04849342,-0.10859702,-0.09224778,0.04928429,0.09989796,0.07040719,-0.04865427,-0.08831881,-0.04653672,0.04662152,0.07419337,0.02132458,-0.04324465,-0.05792891,0.00450236,0.05405538,0.24001975,-0.12999559,-0.05588724,0.00483761,-0.33194854,0.05617303,0.22704272,-0.16876089,-0.05490005,0.02410005,-0.28848315,0.05209933,0.20205916,-0.21565344,-0.04784486,0.05407809,-0.23953469,0.10444933,-0.14342862,-0.64264324,-0.05448035,0.26084894,0.75000335,0.00294068,-0.37074887,-0.83574052,0.04868378,0.46995993,0.89738290,-0.09890466,-0.55562183,-0.93315332,0.14627407,0.62526490,0.94202049,0.02792861,0.01159852,-0.99954268,-0.01731851,0.03465557,-0.08596498,-0.06551178,-0.00310412,0.04360241
10304280000000,synthetic_50hz_04,214,0.02,96.89207956,96.68338860,16.74450789,16.74540654,16.73707530,2.20509443,121.97368697,1,1,0,0,1,-0.44029925,0.07920379,-0.08503882,0.04836374,0.10961586,0.09492031,-0.04933178,-0.10128248,-0.07334741,0.04887757,0.09002907,0.04965987,-0.04701418,-0.07618009,-0.02454061,0.04379536,0.06013479,-0.00128617,-0.03931390,-0.04235578,0.02707587,0.05612679,0.23543653,-0.14655289,-0.05674440,0.01218062,-0.31299860,0.05579139,0.21715138,-0.18955756,-0.05329084,0.03625476,-0.26643889,0.04930922,0.18799138,-0.23831017,-0.04395460,0.06965345,-0.21691829,0.06094845,-0.24717526,-0.73950772,-0.00940319,0.35844759,0.82828766,-0.04241317,-0.45938572,-0.89318768,0.09300673,0.54707954,0.93233668,-0.14091887,-0.61900080,-0.94460598,0.18476825,0.67307598,0.92964186,0.02774150,0.01194707,-0.99954379,-0.01705717,0.03458360,-0.08503882,-0.06523523,-0.00335864,0.04414360
10304300000000,synthetic_50hz_04,215,0.02,97.14571481,96.77585384,16.74138620,16.73707530,16.71586590,2.21670717,121.97205248,1,1,0,0,1,-0.44157488,0.07911118,-0.08410236,0.04935697,0.10261971,0.07625117,-0.04907856,-0.09169676,-0.05275703,0.04738519,0.07813015,0.02774188,-0.04432569,-0.06231101,-0.00192691,0.03998825,0.04469542,-0.02394360,-0.03449794,-0.02579123,0.04912381,0.05713184,0.22840624,-0.16527076,-0.05650969,0.02179505,-0.29235867,0.05432384,0.20522973,-0.21152493,-0.05063298,0.05014011,-0.24377698,0.04553795,0.17254250,-0.26101369,-0.03917896,0.08622053,-0.19482730,0.01586620,-0.34597300,-0.82044989,0.03611847,0.44859324,0.88858025,-0.08706183,-0.53828032,-0.93109242,0.13549515,0.61244854,0.94676077,-0.18002208,-0.66895957,-0.93513357,0.21935890,0.70618419,0.89654603,0.02755450,0.01229063,-0.99954480,-0.01679030,0.03450485,-0.08410236,-0.06494446,-0.00361295,0.04467944
10304320000000,synthetic_50hz_04,216,0.02,97.22430375,96.86554382,16.73066767,16.71586590,16.69079417,2.22833768,121.97008478,1,1,0,0,1,-0.44284327,0.07901351,-0.08315573,0.04925737,0.09332194,0.05582798,-0.04773464,-0.08004356,-0.03092807,0.04483569,0.06445749,0.00513650,-0.04064411,-0.04701308,0.02080316,0.03528075,0.02821326,-0.04614305,-0.02890022,-0.00860004,0.07015262,0.05704378,0.21907411,-0.18574261,-0.05518399,0.03347722,-0.27048019,0.05179889,0.19153408,-0.23417971,-0.04698179,0.06545461,-0.22099862,0.04086606,0.15605054,-0.28325936,-0.03362137,0.10341457,-0.17375528,-0.02980063,-0.43758476,-0.88356274,0.08107092,0.52922633,0.92942227,-0.13000389,-0.60561005,-0.94848612,0.17518879,0.66453375,0.94020467,-0.21532292,-0.70429864,-0.90481669,0.24924919,0.72375827,0.84334242,0.02736766,0.01262906,-0.99954572,-0.01651799,0.03441934,-0.08315573,-0.06463947,-0.00386703,0.04520988
10304340000000,synthetic_50hz_04,217,0.02,97.16994867,96.92642479,16.71392080,16.69079417,16.66750573,2.23998065,121.96777930,1,1,0,0,1,-0.44410414,0.07891079,-0.08219903,0.04806260,0.08192031,0.03409892,-0.04532543,-0.06657415,-0.00834225,0.04128151,0.04930863,-0.01765494,-0.03604742,-0.03062152,0.04314313,0.02977407,0.01105157,-0.06738749,-0.02264232,0.00883699,0.08968903,0.05586024,0.20763790,-0.20752027,-0.05279272,0.04697585,-0.24784485,0.04826900,0.17636195,-0.25702059,-0.04241525,0.08186302,-0.19861028,0.03539479,0.13887876,-0.30455011,-0.02740342,0.12085475,-0.15417552,-0.07503489,-0.51991936,-0.92732752,0.12444598,0.59848695,0.94978291,-0.17026922,-0.65979989,-0.94485561,0.21118353,0.70209049,0.91268768,-0.24600932,-0.72413949,-0.85420655,0.27374254,0.72531121,0.77109824,0.02718100,0.01296228,-0.99954655,-0.01624033,0.03432709,-0.08219903,-0.06432030,-0.00412086,0.04573485
10304360000000,synthetic_50hz_04,218,0.02,97.40493713,97.02212726,16.69442647,16.66750573,16.63449626,2.25163138,121.96513150,1,1,0,0,1,-0.44535721,0.07880302,-0.08123239,0.04579494,0.06866091,0.01154383,-0.04190046,-0.05158194,0.01449932,0.03679796,0.03301582,-0.04012445,-0.03063457,-0.01349785,0.06459277,0.02358796,-0.00640927,-0.08719885,-0.01586130,0.02613161,0.10729095,0.05360352,0.19434370,-0.23012391,-0.04938541,0.06199753,-0.22495379,0.04380947,0.16004560,-0.27953955,-0.03703229,0.09900383,-0.17711222,0.02924386,0.12140751,-0.32440791,-0.02066217,0.13815282,-0.13653009,-0.11882217,-0.59108053,-0.95065164,0.16526410,0.65475902,0.94908647,-0.20694139,-0.69956049,-0.92015869,0.24265246,0.72419331,0.86470230,-0.27136775,-0.72794730,-0.78431615,0.29225937,0.71071423,0.68131780,0.02699456,0.01329016,-0.99954729,-0.01595741,0.03422811,-0.08123239,-0.06398695,-0.00437443,0.04625428
10304380000000,synthetic_50hz_04,219,0.02,97.59855790,97.13741339,16.66925578,16.63449626,16.59515178,2.26328531,121.96213685,1,1,0,0,1,-0.44660220,0.07869020,-0.08025592,0.04250096,0.05383285,-0.01133660,-0.03753235,-0.03539600,0.03708734,0.03148166,0.01593866,-0.06176884,-0.02452334,0.00397819,0.08466951,0.01685800,-0.02378036,-0.10512911,-0.00870663,0.04289692,0.12255780,0.05032018,0.17948062,-0.25305282,-0.04503466,0.07821318,-0.20231629,0.03851691,0.14294463,-0.30123341,-0.03095072,0.11649731,-0.15698699,0.02254887,0.10402572,-0.34238470,-0.01354709,0.15492190,-0.12121960,-0.16017401,-0.64941184,-0.95289697,0.20259701,0.69670908,0.92722905,-0.23917903,-0.72391988,-0.87482868,0.26886542,0.73025973,0.79720660,-0.29080028,-0.71554584,-0.69660067,0.30435124,0.68020244,0.57591143,0.02680837,0.01361261,-0.99954797,-0.01566932,0.03412242,-0.08025592,-0.06363946,-0.00462772,0.04676812
10304400000000,synthetic_50hz_04,220,0.02,97.32264889,97.17446049,16.63813210,16.59515178,16.56847199,2.27493793,121.95879086,1,1,0,0,1,-0.44783883,0.07857235,-0.07926974,0.03825056,0.03776188,-0.03403212,-0.03231532,-0.01837381,0.05891600,0.02544841,-0.00154398,-0.08210129,-0.01784781,0.02141726,0.10291957,0.00973265,-0.04067307,-0.12077063,-0.00133689,0.05875625,0.13513982,0.04608011,0.16337440,-0.27579675,-0.03983471,0.09526533,-0.18043819,0.03250714,0.12543790,-0.32161537,-0.02430460,0.13395409,-0.13868836,0.01545827,0.08712200,-0.35807287,-0.00621674,0.17078530,-0.10859378,-0.19815079,-0.69353638,-0.93389777,0.23558934,0.72331903,0.88458438,-0.26623574,-0.73224805,-0.80976800,0.28920644,0.72006602,0.71160564,-0.30383918,-0.68712415,-0.59292736,0.30971210,0.63437218,0.45715470,0.02662247,0.01392953,-0.99954857,-0.01537616,0.03401004,-0.07926974,-0.06327787,-0.00488071,0.04727630
10304420000000,synthetic_50hz_04,221,0.02,97.55679581,97.25092755,16.60887485,16.56847199,16.53245234,2.28658581,121.95508905,1,1,0,0,1,-0.44906682,0.07844946,-0.07827397,0.03313549,0.02080311,-0.05603451,-0.02636310,-0.00089317,0.07949447,0.01883066,-0.01904252,-0.10066257,-0.01075532,0.03842920,0.11892852,0.00236990,-0.05670795,-0.13376570,0.00608385,0.07335179,0.14474636,0.04097507,0.14638019,-0.29784748,-0.03389928,0.11277617,-0.15981029,0.02591260,0.10791502,-0.34022616,-0.01724127,0.15098404,-0.12263080,0.00813005,0.07107581,-0.37111468,0.00116479,0.18538521,-0.09894330,-0.23188356,-0.72239026,-0.89396777,0.26347878,0.73391152,0.82199854,-0.28747778,-0.72427377,-0.72633071,0.30318867,0.69375487,0.60972242,-0.31015848,-0.64323470,-0.47553556,0.30818629,0.57416977,0.32763878,0.02643688,0.01424081,-0.99954911,-0.01507801,0.03389099,-0.07827397,-0.06290220,-0.00513339,0.04777876
10304440000000,synthetic_50hz_04,222,0.02,97.95987616,97.39271727,16.57677740,16.53245234,16.48247145,2.29822573,121.95102698,1,1,0,0,1,-0.45028590,0.07832156,-0.07726873,0.02726737,0.00333309,-0.07684922,-0.01980649,0.01665630,0.09835826,0.01177458,-0.03616549,-0.11703159,-0.00340320,0.05463200,0.13233084,-0.00506629,-0.07152345,-0.14381493,0.01338972,0.08635285,0.15115277,0.03511668,0.12887450,-0.31871047,-0.02735916,0.13035609,-0.14089710,0.01887945,0.09076743,-0.35664471,-0.00991806,0.16720514,-0.10917980,0.00072817,0.05624871,-0.38121075,0.00843164,0.19839095,-0.09249282,-0.26059445,-0.73524908,-0.83389608,0.28561411,0.72816782,0.74077364,-0.30239938,-0.70009314,-0.62629435,0.31046634,0.65183445,0.49375870,-0.30958241,-0.58478307,-0.34698776,0.29977307,0.50087212,0.19021300,0.02625165,0.01454635,-0.99954960,-0.01477498,0.03376530,-0.07726873,-0.06251251,-0.00538574,0.04827544
10304460000000,synthetic_50hz_04,223,0.02,97.56615508,97.42740483,16.53716890,16.48247145,16.45154971,2.30985416,121.94660023,1,1,0,0,1,-0.45149578,0.07818864,-0.07625414,0.02077521,-0.01425877,-0.09600677,-0.01279034,0.03388206,0.11507992,0.00443672,-0.05252851,-0.13083526,0.00404481,0.06966055,0.14281856,-0.01240973,-0.08478424,-0.15068434,0.02041687,0.09746356,0.15420582,0.02863396,0.11124676,-0.33791622,-0.02035923,0.14761253,-0.12412607,0.01156426,0.07437952,-0.37049794,-0.00249872,0.18225226,-0.09864334,-0.00658118,0.04297602,-0.38812712,0.01541996,0.20950665,-0.08939555,-0.28361507,-0.73174657,-0.75493193,0.30147086,0.70613721,0.64264066,-0.31063510,-0.66016959,-0.51182175,0.31084359,0.59516897,0.36624679,-0.30209031,-0.51300935,-0.21011276,0.28462762,0.41605943,0.04792108,0.02606681,0.01484606,-0.99955003,-0.01446716,0.03363300,-0.07625414,-0.06210884,-0.00563775,0.04876627
10304480000000,synthetic_50hz_04,224,0.02,97.17553344,97.37703056,16.50120884,16.45154971,16.43572674,2.32146862,121.94180443,1,1,0,0,1,-0.45269620,0.07805073,-0.07523032,0.01380255,-0.03157902,-0.11307353,-0.00547041,0.05039757,0.12927895,-0.00301945,-0.06776312,-0.14175720,0.01142226,0.08317504,0.15014852,-0.01949575,-0.09618898,-0.15421100,0.02700718,0.10642974,0.15382749,0.02167042,0.09389041,-0.35503110,-0.01305521,0.16415897,-0.10987770,0.00413047,0.05911977,-0.38146944,0.00485032,0.19578561,-0.09126459,-0.01363334,0.03155908,-0.39170082,0.02197163,0.21847813,-0.08972951,-0.30040250,-0.71188503,-0.65875866,0.31066406,0.66823798,0.52972217,-0.31196903,-0.60532532,-0.38541356,0.30427979,0.52496084,0.22999328,-0.28781802,-0.42946150,-0.06794220,0.26305832,0.32158059,-0.09606769,0.02588239,0.01513983,-0.99955042,-0.01415465,0.03349410,-0.07523032,-0.06169125,-0.00588939,0.04925121
10304500000000,synthetic_50hz_04,225,0.02,97.06716236,97.31505692,16.47370636,16.43572674,16.42124592,2.33306816,121.93663523,1,1,0,0,1,-0.45388688,0.07790781,-0.07419740,0.00650418,-0.04823921,-0.12766180,0.00199028,0.06583119,0.14063069,-0.01042735,-0.08152522,-0.14954513,0.01856380,0.09486885,0.15414812,-0.02616504,-0.10547736,-0.15430694,0.03301194,0.11304491,0.15001703,0.01438088,0.07719393,-0.36966743,-0.00561015,0.17962376,-0.09847666,-0.00325532,0.04533225,-0.38930694,0.01196371,0.20749857,-0.08721615,-0.02026900,0.02225820,-0.39184391,0.02793795,0.22509890,-0.09349548,-0.31055237,-0.67603723,-0.54745723,0.31295780,0.61524974,0.40448563,-0.30634052,-0.53672431,-0.24985252,0.29089129,0.44272488,0.08801604,-0.26705554,-0.33596147,0.07635797,0.23552045,0.21951214,-0.23853056,0.02569842,0.01542759,-0.99955077,-0.01383755,0.03334864,-0.07419740,-0.06125979,-0.00614066,0.04973018
10304520000000,synthetic_50hz_04,226,0.02,96.80978717,97.21400297,16.45167297,16.42124592,16.41350891,2.34465270,121.93108831,1,1,0,0,1,-0.45506755,0.07775991,-0.07315550,-0.00095733,-0.06386471,-0.13943881,0.00942504,0.07983472,0.14887390,-0.01762102,-0.09350306,-0.15401688,0.02530898,0.10447566,0.15471949,-0.03226726,-0.11243617,-0.15096146,0.03829527,0.11715511,0.14285114,0.00692789,0.06153191,-0.38149242,0.00180928,0.19365870,-0.09018417,-0.01042715,0.03332875,-0.39382828,0.01868098,0.21712481,-0.08659588,-0.02633781,0.01528659,-0.38854566,0.03318303,0.22921500,-0.10061674,-0.31380883,-0.62493958,-0.42346041,0.30827137,0.54829723,0.26968831,-0.29384631,-0.45584722,-0.10814097,0.27094952,0.35025492,-0.05652412,-0.24024114,-0.23456461,0.21955959,0.20260648,0.11211170,-0.37626506,0.02551494,0.01570923,-0.99955108,-0.01351598,0.03319664,-0.07315550,-0.06081454,-0.00639154,0.05020314
10304540000000,synthetic_50hz_04,227,0.02,96.40198998,97.05160037,16.43564407,16.41350891,16.41690995,2.35622291,121.92515941,1,1,0,0,1,-0.45623794,0.07760703,-0.07210475,-0.00841535,-0.07810341,-0.14813450,0.01666741,0.09209143,0.15381692,-0.02443895,-0.10342441,-0.15506473,0.03150590,0.11177562,0.15184195,-0.03766452,-0.11690429,-0.14424150,0.04273725,0.11866255,0.13248249,-0.00052190,0.04725650,-0.39023601,0.00903661,0.20594706,-0.08519191,-0.01722352,0.02338145,-0.39492571,0.02485026,0.22444449,-0.08942446,-0.03170188,0.01080538,-0.38187303,0.03758696,0.23072865,-0.11094062,-0.31007108,-0.55967681,-0.28949840,0.29668179,0.46882601,0.12831531,-0.27473902,-0.36445873,0.03656717,0.24487540,0.24958393,-0.20039541,-0.20795190,-0.12751351,0.35844615,0.16503305,0.00176682,-0.50616272,0.02533199,0.01598467,-0.99955137,-0.01319002,0.03303813,-0.07210475,-0.06035554,-0.00664201,0.05067003
10304560000000,synthetic_50hz_04,228,0.02,96.52344764,96.94596983,16.42777574,16.41690995,16.40915532,2.36778039,121.91884428,1,1,0,0,1,-0.45739779,0.07744919,-0.07104527,-0.01570298,-0.09063377,-0.15354778,0.02355493,0.10232338,0.15534219,-0.03072779,-0.11106296,-0.15265801,0.03701475,0.11660055,0.14557263,-0.04223455,-0.11877648,-0.13429033,0.04623672,0.11752804,0.11913637,-0.00780161,0.03468921,-0.39569711,0.01590938,0.21621089,-0.08361745,-0.02349107,0.01571670,-0.39256859,0.03033171,0.22928941,-0.09564478,-0.03623896,0.00891980,-0.37196928,0.04104857,0.22960065,-0.12424185,-0.29939629,-0.48165846,-0.14853729,0.27842263,0.37857048,-0.01648819,-0.24942191,-0.26456813,0.18103830,0.21323024,0.14293817,-0.34036899,-0.17089105,-0.01718723,0.48988668,0.12362498,-0.10905923,-0.62528071,0.02514958,0.01625383,-0.99955164,-0.01285979,0.03287315,-0.07104527,-0.05988288,-0.00689205,0.05113078
10304580000000,synthetic_50hz_04,229,0.02,96.40474135,96.83772413,16.41995516,16.40915532,16.40166609,2.37932643,121.91213872,1,1,0,0,1,-0.45854682,0.07728639,-0.06997720,-0.02265688,-0.10117224,-0.15555132,0.02993285,0.11029783,0.15340908,-0.03634585,-0.11624348,-0.14684398,0.04171098,0.11883777,0.13604531,-0.04587356,-0.11800592,-0.12132438,0.04871359,0.11377191,0.10310562,-0.01474790,0.02411361,-0.39774838,0.02227285,0.22421745,-0.08550140,-0.02908813,0.01050973,-0.38680416,0.03500081,0.23154691,-0.10512306,-0.03984525,0.00967667,-0.35905085,0.04348778,0.22585134,-0.14022758,-0.28199881,-0.39258756,-0.00371177,0.25387923,0.27951510,-0.16148851,-0.21844018,-0.15838408,0.32203301,0.17670341,0.03268678,-0.47329314,-0.12987220,0.09395290,0.61090801,0.07929671,-0.21788387,-0.73091011,0.02496777,0.01651660,-0.99955189,-0.01252539,0.03270173,-0.06997720,-0.05939664,-0.00714165,0.05158535
10304600000000,synthetic_50hz_04,230,0.02,96.41575449,96.75333020,16.41227375,16.40166609,16.38954100,2.39086213,121.90503859,1,1,0,0,1,-0.45968478,0.07711864,-0.06890066,-0.02912101,-0.10947981,-0.15409450,0.03565771,0.11583263,0.14805490,-0.04116639,-0.11884595,-0.13774681,0.04548821,0.11843288,0.12346742,-0.04849860,-0.11460533,-0.10562841,0.05011074,0.10747366,0.08474407,-0.02120472,0.01576871,-0.39633921,0.02798355,0.22978461,-0.09080646,-0.03388794,0.00788054,-0.37775659,0.03875117,0.23116257,-0.11765186,-0.04243779,0.01306328,-0.34340247,0.04484748,0.21956022,-0.15854396,-0.25824576,-0.29442252,0.14174630,0.22358029,0.17384957,-0.30343753,-0.18246890,-0.04826445,0.45638051,0.13609684,-0.07871215,-0.59616583,-0.08580105,0.20341944,0.71876342,0.03303157,-0.32226206,-0.82063871,0.02478658,0.01677292,-0.99955213,-0.01218694,0.03252390,-0.06890066,-0.05889689,-0.00739079,0.05203367
10304620000000,synthetic_50hz_04,231,0.02,96.30660153,96.66398447,16.40272600,16.38954100,16.37837136,2.40238815,121.89753976,1,1,0,0,1,-0.46081140,0.07694596,-0.06781578,-0.03495020,-0.11536750,-0.14920467,0.04060061,0.11880046,0.13939415,-0.04508049,-0.11880834,-0.12556484,0.04826067,0.11539093,0.10811544,-0.05004948,-0.10864674,-0.08754901,0.05039534,0.09877022,0.06445851,-0.02702691,0.00984349,-0.39149694,0.03291258,0.23278501,-0.09941813,-0.03778160,0.00789116,-0.36562422,0.04149701,0.22814146,-0.13295471,-0.04395642,0.01900760,-0.32537076,0.04509483,0.21086421,-0.17878425,-0.22864898,-0.18933278,0.28458180,0.18818613,0.06391912,-0.43914708,-0.14229779,0.06333736,0.58105154,0.09230693,-0.18876779,-0.70620401,-0.03965483,0.30875596,0.81099629,-0.01414055,-0.41984255,-0.89240718,0.02460604,0.01702271,-0.99955237,-0.01184454,0.03233969,-0.06781578,-0.05838373,-0.00763946,0.05247570
10304640000000,synthetic_50hz_04,232,0.02,95.94152930,96.51949343,16.39249705,16.37837136,16.37780454,2.41390494,121.88963816,1,1,0,0,1,-0.46192642,0.07676835,-0.06672270,-0.04001346,-0.11870070,-0.14098655,0.04465016,0.11913170,0.12761592,-0.04799958,-0.11612808,-0.11056606,0.04996514,0.10977643,0.09032853,-0.05049019,-0.10025987,-0.06748679,0.04955958,0.08785277,0.04269937,-0.03208347,0.00647255,-0.38332630,0.03694857,0.23314907,-0.11114734,-0.04068053,0.01054419,-0.35067503,0.04317512,0.22254807,-0.15069244,-0.04436510,0.02737990,-0.30535630,0.04422202,0.19995450,-0.20049799,-0.19385361,-0.07964952,0.42159098,0.14847380,-0.04782895,-0.56556225,-0.09881342,0.17392850,0.69322810,0.04630420,-0.29501361,-0.80090786,0.00753999,0.40759333,0.88549708,-0.06116680,-0.50842196,-0.94455700,0.02442618,0.01726587,-0.99955261,-0.01149830,0.03214914,-0.06672270,-0.05785723,-0.00788764,0.05291138
10304660000000,synthetic_50hz_04,233,0.02,96.06465367,96.42852548,16.38632620,16.37780454,16.36729661,2.42541338,121.88132979,1,1,0,0,1,-0.46302959,0.07658583,-0.06562154,-0.04419701,-0.11940227,-0.12961985,0.04771505,0.11681609,0.11297955,-0.04985745,-0.11086205,-0.09308200,0.05056243,0.10171181,0.07050085,-0.04980968,-0.08962917,-0.04588713,0.04762089,0.07496248,0.01995046,-0.03626063,0.00573305,-0.37200699,0.04000019,0.23086651,-0.12573473,-0.04251851,0.01578272,-0.33324057,0.04374632,0.21450485,-0.17047091,-0.04365280,0.03799574,-0.28380450,0.04224648,0.18707224,-0.22320136,-0.15462352,0.03218745,0.54969493,0.10531947,-0.15890119,-0.67983163,-0.05297901,0.28103373,0.79036847,-0.00088885,-0.39506394,-0.87811861,0.05473109,0.49770427,0.94055219,-0.10699541,-0.58599556,-0.97586920,0.02424705,0.01750235,-0.99955286,-0.01114833,0.03195230,-0.06562154,-0.05731750,-0.00813532,0.05334066
10304680000000,synthetic_50hz_04,234,0.02,95.80308523,96.30343743,16.37833377,16.36729661,16.36359540,2.43691398,121.87261065,1,1,0,0,1,-0.46412066,0.07639841,-0.06451245,-0.04740682,-0.11745422,-0.11535511,0.04972610,0.11190289,0.09580874,-0.05061175,-0.10312535,-0.07350015,0.05003825,0.09137466,0.04907252,-0.04802212,-0.07698959,-0.02323011,0.04462149,0.06038488,-0.00328204,-0.03946434,0.00764297,-0.35778954,0.04199826,0.22598658,-0.14285661,-0.04325322,0.02349167,-0.31370830,0.04319630,0.20418936,-0.19184999,-0.04183369,0.05062016,-0.26119540,0.03921045,0.17250298,-0.24638822,-0.11182396,0.14368550,0.66601029,0.05967851,-0.26681501,-0.77937282,-0.00581251,0.38225212,0.87026567,-0.04822107,-0.48666873,-0.93606835,0.10086442,0.57705445,0.97488374,-0.15059979,-0.65080342,-0.98559279,0.02406866,0.01773206,-0.99955313,-0.01079475,0.03174919,-0.06451245,-0.05676464,-0.00838248,0.05376348
10304700000000,synthetic_50hz_04,235,0.02,95.90379859,96.22350966,16.37214365,16.36359540,16.35172566,2.44840735,121.86347683,1,1,0,0,1,-0.46519936,0.07620610,-0.06339555,-0.04957076,-0.11289814,-0.09850797,0.05063781,0.10449973,0.07648405,-0.05024495,-0.09308854,-0.05225506,0.04840350,0.07899357,0.02651953,-0.04516656,-0.06262118,-0.00001943,0.04062744,0.04444339,-0.02648123,-0.04162250,0.01216072,-0.34098960,0.04289729,0.21861692,-0.16213242,-0.04286709,0.03350048,-0.29251279,0.04153597,0.19183022,-0.21435369,-0.03894682,0.06497313,-0.23803273,0.03517998,0.15657013,-0.26954164,-0.06640183,0.25235613,0.76791533,0.01256367,-0.36915557,-0.86193175,0.04163672,0.47531207,0.93109828,-0.09463670,-0.56776511,-0.97342080,0.14490826,0.64384921,0.98767915,-0.19100204,-0.70137085,-0.97346226,0.02389106,0.01795493,-0.99955341,-0.01043768,0.03153985,-0.06339555,-0.05619875,-0.00862909,0.05417980
10304720000000,synthetic_50hz_04,236,0.02,95.97075365,96.17295846,16.36356810,16.35172566,16.33476632,2.45989373,121.85392445,1,1,0,0,1,-0.46626546,0.07600891,-0.06227098,-0.05064022,-0.10583412,-0.07945186,0.05042939,0.09477007,0.05543422,-0.04876466,-0.08097375,-0.02981839,0.04569402,0.06484292,0.00334288,-0.04130600,-0.04684264,0.02322901,0.03572711,0.02749187,-0.04913119,-0.04268648,0.01918622,-0.32198059,0.04267649,0.20892098,-0.18313343,-0.04136777,0.04558701,-0.27012569,0.03880118,0.17770180,-0.23748102,-0.03505518,0.08073592,-0.21483238,0.03024342,0.13962756,-0.29214571,-0.01936411,0.35577190,0.85311001,-0.03497808,-0.46363092,-0.92563432,0.08831183,0.55812325,0.97147216,-0.13909950,-0.63652463,-0.98930201,0.18587688,0.69657470,0.97860982,-0.22729534,-0.73654221,-0.93970385,0.02371428,0.01817089,-0.99955372,-0.01007722,0.03132434,-0.06227098,-0.05561993,-0.00887516,0.05458956
10304740000000,synthetic_50hz_04,237,0.02,95.95467281,96.12930133,16.35147135,16.33476632,16.31706026,2.47137285,121.84394969,1,1,0,0,1,-0.46731869,0.07580685,-0.06113887,-0.05059118,-0.09641840,-0.05860940,0.04910519,0.08292939,0.03312628,-0.04620348,-0.06704949,-0.00668811,0.04196970,0.04923652,-0.01994287,-0.03652592,-0.03000404,0.04599890,0.03002908,0.00990653,-0.07072876,-0.04263227,0.02856323,-0.30118515,0.04134021,0.19711426,-0.20539259,-0.03878784,0.05948276,-0.24704497,0.03505183,0.16211789,-0.26071742,-0.03024427,0.09755849,-0.19211064,0.02450938,0.12205147,-0.31369728,0.02824524,0.45162179,0.91966839,-0.08188939,-0.54812440,-0.96902909,0.13317263,0.62882433,0.99045223,-0.18061644,-0.69139495,-0.98332017,0.22285299,0.73403234,0.94783854,-0.25866459,-0.75550723,-0.88503027,0.02353834,0.01837989,-0.99955406,-0.00971350,0.03110269,-0.06113887,-0.05502831,-0.00912066,0.05499272
10304760000000,synthetic_50hz_04,238,0.02,95.97805128,96.09905132,16.33701869,16.31706026,16.29743131,2.48284419,121.83354876,1,1,0,0,1,-0.46835883,0.07559995,-0.05999936,-0.04942466,-0.08485968,-0.03644275,0.04669453,0.06924019,0.01005490,-0.04261817,-0.05162448,0.01662284,0.03731311,0.03252040,-0.04282134,-0.03093229,-0.01247875,0.06778528,0.02365968,-0.00792267,-0.09079493,-0.04146089,0.04008304,-0.27906540,0.03891776,0.18345923,-0.22841526,-0.03518406,0.07487902,-0.22378356,0.03037045,0.14542454,-0.28354651,-0.02462004,0.11506746,-0.17037250,0.01810419,0.10423181,-0.33371734,0.07536903,0.53776391,0.96608237,-0.12712674,-0.62074273,-0.99112016,0.17521932,0.68582524,0.98758349,-0.21826026,-0.73113509,-0.95557433,0.25500864,0.75536597,0.89601551,-0.28440501,-0.75781931,-0.81062415,0.02336329,0.01858184,-0.99955443,-0.00934663,0.03087494,-0.05999936,-0.05442399,-0.00936558,0.05538922
10304780000000,synthetic_50hz_04,239,0.02,96.50237339,96.17971574,16.32039199,16.29743131,16.25740294,2.49430706,121.82271797,1,1,0,0,1,-0.46938562,0.07538821,-0.05885260,-0.04716670,-0.07141427,-0.01344294,0.04325096,0.05400589,-0.01326896,-0.03808827,-0.03504050,0.03959830,0.03182749,0.01506488,-0.06478601,-0.02464909,0.00534507,0.08810591,0.01676006,-0.02560092,-0.10888567,-0.03919836,0.05348936,-0.25611240,0.03546271,0.16825933,-0.25169046,-0.03063598,0.09143398,-0.20085763,0.02486032,0.12799206,-0.30546177,-0.01830650,0.13287467,-0.15010017,0.01116898,0.08656341,-0.35176185,0.12096096,0.61227403,0.99129554,-0.16968412,-0.67985891,-0.99138929,0.21351521,0.72784314,0.96290083,-0.25119056,-0.75484332,-0.90665149,0.28162397,0.76008101,0.82426297,-0.30393803,-0.74340521,-0.71811056,0.02318914,0.01877669,-0.99955485,-0.00897674,0.03064114,-0.05885260,-0.05380709,-0.00960989,0.05577902
10304800000000,synthetic_50hz_04,240,0.02,96.62213397,96.26819938,16.29393659,16.25740294,16.21659967,2.50575965,121.81145365,1,1,0,0,1,-0.47039882,0.07517164,-0.05769871,-0.04386763,-0.05638010,0.00988130,0.03885101,0.03756384,-0.03632961,-0.03271430,-0.01766461,0.06173052,0.02563442,-0.00274391,-0.08535171,-0.01781549,0.02307332,0.10651217,0.00948294,-0.04273751,-0.12460184,-0.03589503,0.06848425,-0.23283486,0.03105157,0.15185190,-0.27470253,-0.02524412,0.10878062,-0.17877492,0.01864302,0.11020658,-0.32597804,-0.01144279,0.15058601,-0.13174228,0.00385649,0.06943698,-0.36743168,0.16400942,0.67348903,0.99472651,-0.20861591,-0.72414884,-0.96980701,0.24720792,0.75393109,0.91692753,-0.27867280,-0.76197717,-0.83761259,0.30210342,0.74805508,0.73414889,-0.31682425,-0.71256622,-0.60951934,0.02301594,0.01896438,-0.99955531,-0.00860393,0.03040133,-0.05769871,-0.05317775,-0.00985359,0.05616207
10304820000000,synthetic_50hz_04,241,0.02,96.53191014,96.32094153,16.26145509,16.21659967,16.18331845,2.51719971,121.79975220,1,1,0,0,1,-0.47139821,0.07495026,-0.05653785,-0.03960086,-0.04008985,0.03301513,0.03359234,0.02027756,-0.05861839,-0.02661533,0.00011934,0.08253166,0.01887100,-0.02051280,-0.10406551,-0.01058261,0.04031486,0.12259909,0.00198911,-0.05895463,-0.13759809,-0.03162431,0.08473502,-0.20974764,0.02578201,0.13460045,-0.29694278,-0.01912754,0.12653506,-0.15802327,0.01185562,0.09246128,-0.34464237,-0.00418004,0.16781037,-0.11570379,-0.00367249,0.05323031,-0.38038149,0.20356036,0.72004416,0.97628113,-0.24305819,-0.75262071,-0.92683220,0.27554854,0.76349885,0.85066227,-0.30009469,-0.75236497,-0.74996735,0.31598898,0.71954005,0.62765051,-0.32277315,-0.66597046,-0.48723823,0.02284371,0.01914485,-0.99955582,-0.00822834,0.03015557,-0.05653785,-0.05253608,-0.01009666,0.05653833
10304840000000,synthetic_50hz_04,242,0.02,96.69258975,96.39527118,16.22863770,16.18331845,16.14666780,2.52862537,121.78761006,1,1,0,0,1,-0.47238355,0.07472408,-0.05537014,-0.03446115,-0.02290332,0.05544923,0.02759146,0.00252844,-0.07964508,-0.01992628,0.01791934,0.10154472,0.01168663,-0.03785050,-0.12051679,-0.00311004,0.05669041,0.13601430,-0.00555621,-0.07389591,-0.14759046,-0.02648097,0.10188189,-0.18736004,0.01977054,0.11688638,-0.31792099,-0.01242118,0.14430531,-0.13905968,0.00464754,0.07514743,-0.36104417,0.00332214,0.18416843,-0.10233709,-0.01125274,0.03829979,-0.39032729,0.23873882,0.75090315,0.93635338,-0.27224813,-0.76463667,-0.86340050,0.29790840,0.75632536,0.76555537,-0.31497983,-0.72620883,-0.64563893,0.32297025,0.67515537,0.50710842,-0.32164928,-0.60463686,-0.35395773,0.02267248,0.01931804,-0.99955638,-0.00785008,0.02990389,-0.05537014,-0.05188223,-0.01033909,0.05690774
10304860000000,synthetic_50hz_04,243,0.02,96.68809677,96.45383630,16.19421034,16.14666780,16.11372210,2.54003489,121.77502377,1,1,0,0,1,-0.47335460,0.07449313,-0.05419573,-0.02856238,-0.00519916,0.07669128,0.02098102,-0.01529297,-0.09894886,-0.01279477,0.03534419,0.11835371,0.00423964,-0.05437643,-0.13434636,0.00443772,0.07184096,0.14646574,-0.01298714,-0.08723429,-0.15436244,-0.02057886,0.11954622,-0.16616437,0.01314982,0.09910025,-0.33717638,-0.00527263,0.16170017,-0.12230014,-0.00282288,0.05864563,-0.37482424,0.01089927,0.19930122,-0.09193422,-0.01871839,0.02497246,-0.39705262,0.26876844,0.76538075,0.87581499,-0.29554096,-0.75992621,-0.78090166,0.31379290,0.73256263,0.66347456,-0.32299805,-0.68407893,-0.52691919,0.32289101,0.61587292,0.37517249,-0.31347487,-0.52991101,-0.21260940,0.02250230,0.01948391,-0.99955701,-0.00746928,0.02964635,-0.05419573,-0.05121632,-0.01058085,0.05727027
10304880000000,synthetic_50hz_04,244,0.02,96.42736906,96.44854285,16.16040528,16.11372210,16.09356778,2.55142690,121.76198990,1,1,0,0,1,-0.47431115,0.07425740,-0.05301477,-0.02203486,0.01263374,0.09627696,0.01390678,-0.03279575,-0.11610859,-0.00537775,0.05201224,0.13259277,-0.00330632,-0.06972919,-0.14525423,0.01189506,0.08543582,0.15372794,-0.02014087,-0.09867930,-0.15776961,-0.01404831,0.13733909,-0.14662497,0.00606559,0.08163296,-0.35428777,0.00216113,0.17833797,-0.10811050,-0.01039200,0.04331725,-0.38568259,0.01838573,0.21287803,-0.08472064,-0.02590661,0.01353881,-0.40041303,0.29298866,0.76315693,0.79599406,-0.31242410,-0.73859093,-0.68114658,0.32285221,0.69273102,0.54666133,-0.32397234,-0.62689934,-0.39641559,0.31575219,0.54299387,0.23474099,-0.29842876,-0.44343363,-0.06629870,0.02233318,0.01964240,-0.99955770,-0.00708605,0.02938301,-0.05301477,-0.05053850,-0.01082194,0.05762587
10304900000000,synthetic_50hz_04,245,0.02,95.97049194,96.35293267,16.13233353,16.09356778,16.09114487,2.56280102,121.74850508,1,1,0,0,1,-0.47525296,0.07401692,-0.05182739,-0.01502234,0.03020501,0.11378019,0.00652418,-0.04959742,-0.13075200,0.00216207,0.06755991,0.14395418,-0.01078600,-0.08357462,-0.15300609,0.01909896,0.09717984,0.15764676,-0.02686128,-0.10798332,-0.15774240,-0.00703307,0.15487015,-0.12916791,-0.00132669,0.06486699,-0.36888292,0.00971741,0.19385516,-0.09679848,-0.01789457,0.02949648,-0.39338491,0.02561849,0.22460370,-0.08085052,-0.03266130,0.00424644,-0.40033895,0.31086919,0.74428262,0.69864331,-0.32252821,-0.70110084,-0.56632482,0.32488858,0.63770599,0.41767892,-0.31788227,-0.55592578,-0.25699114,0.30171126,0.45811797,0.08889419,-0.27684177,-0.34710241,0.08176562,0.02216515,0.01979347,-0.99955846,-0.00670054,0.02911390,-0.05182739,-0.04984891,-0.01106233,0.05797450
10304920000000,synthetic_50hz_04,246,0.02,95.30024366,96.14239487,16.11503429,16.09114487,16.11099846,2.57415830,121.73456603,1,1,0,0,1,-0.47617981,0.07377171,-0.05063373,-0.00767871,0.04713157,0.12882249,-0.00100510,-0.06533245,-0.14256377,0.00965993,0.08164977,0.15219487,-0.01803626,-0.09561310,-0.15743812,0.02589260,0.10681985,0.15814235,-0.03300244,-0.11494693,-0.15428727,0.00031297,0.17175633,-0.11417165,-0.00886535,0.04916787,-0.38064650,0.01723142,0.20791429,-0.08860716,-0.02516745,0.01748294,-0.39776739,0.03244076,0.23422509,-0.08040367,-0.03883651,-0.00270523,-0.39683685,0.32202132,0.70917698,0.58589875,-0.32563483,-0.64828206,-0.43895359,0.31986013,0.56869687,0.27935319,-0.30486371,-0.47271589,-0.11169891,0.28107793,0.36310628,-0.05917570,-0.24918855,-0.24302815,0.22834425,0.02199826,0.01993707,-0.99955929,-0.00631285,0.02883909,-0.05063373,-0.04914770,-0.01130201,0.05831611
10304940000000,synthetic_50hz_04,247,0.02,95.33492472,95.98090084,16.11333924,16.11099846,16.12178878,2.58550155,121.72016951,1,1,0,0,1,-0.47709150,0.07352177,-0.04943396,-0.00016448,0.06304616,0.14108113,-0.00851686,-0.07966035,-0.15129220,0.01695266,0.09397789,0.15714145,-0.02489970,-0.10558600,-0.15846023,0.03212888,0.11415003,0.15521053,-0.03843176,-0.11942305,-0.14748604,0.00782931,0.18763036,-0.10195895,-0.01638619,0.03487610,-0.38932681,0.02454002,0.22021144,-0.08370991,-0.03205324,0.00753522,-0.39873994,0.03870540,0.24153636,-0.08338429,-0.04429965,-0.00716910,-0.38998857,0.32620594,0.65861606,0.46022985,-0.32168056,-0.58129657,-0.30181970,0.30788098,0.48721803,0.13470796,-0.28520504,-0.37909277,0.03628748,0.25430651,0.26003808,-0.20623673,-0.21607621,-0.13348638,0.37024008,0.02183252,0.02007315,-0.99956020,-0.00592311,0.02855862,-0.04943396,-0.04843502,-0.01154098,0.05865066
10304960000000,synthetic_50hz_04,248,0.02,95.19568933,95.82385854,16.11688805,16.12178878,16.13173631,2.59683374,121.70531236,1,1,0,0,1,-0.47798780,0.07326713,-0.04822820,0.00735682,0.07760541,0.15029594,-0.01584804,-0.09227303,-0.15675443,0.02388236,0.10428037,0.15869362,-0.03122813,-0.11328126,-0.15605759,0.03767359,0.11901620,0.14892235,-0.04303290,-0.12131985,-0.13749362,0.01535241,0.20214888,-0.09278996,-0.02372615,0.02229975,-0.39474100,0.03148530,0.23048271,-0.08220704,-0.03840373,-0.00013459,-0.39628773,0.04427823,0.24638334,-0.08972132,-0.04893439,-0.00905335,-0.37994898,0.32333808,0.59371357,0.32438237,-0.31075761,-0.50161432,-0.15791565,0.28921786,0.39505330,-0.01310386,-0.25933982,-0.27710271,0.18374558,0.22198490,0.15116312,-0.34908983,-0.17823004,-0.02086542,0.50436965,0.02166797,0.02020168,-0.99956120,-0.00553146,0.02827256,-0.04822820,-0.04771102,-0.01177920,0.05897812
10304980000000,synthetic_50hz_04,249,0.02,95.46568568,95.75222396,16.12312432,16.13173631,16.12512568,2.60815765,121.68999148,1,1,0,0,1,-0.47886851,0.07300780,-0.04701660,0.01472233,0.09049732,0.15627465,-0.02284034,-0.10290150,-0.15883997,0.03029985,0.11233898,0.15682585,-0.03688580,-0.11853768,-0.15029038,0.04240832,0.12131888,0.13942196,-0.04670819,-0.12060240,-0.12453394,0.02271941,0.21499987,-0.08685695,-0.03072692,0.01170783,-0.39677857,0.03791807,0.23850988,-0.08412408,-0.04408319,-0.00536529,-0.39047093,0.04904082,0.24866654,-0.09927063,-0.05264305,-0.00832306,-0.36694205,0.31348790,0.51589391,0.18131548,-0.29311084,-0.41097858,-0.01037155,0.26428326,0.29421454,-0.16087140,-0.22783627,-0.16896816,0.32747635,0.18482065,0.03885035,-0.48464000,-0.13647657,0.09238753,0.62783126,0.02150464,0.02032261,-0.99956227,-0.00513802,0.02798096,-0.04701660,-0.04697587,-0.01201667,0.05929845
10305000000000,synthetic_50hz_04,250,0.02,95.02903565,95.60758630,16.12396489,16.12512568,16.13162203,2.61947487,121.67420383,1,1,0,0,1,-0.47973341,0.07274379,-0.04579932,0.02177343,0.10144791,0.15889662,-0.02934368,-0.11132148,-0.15751259,0.03606793,0.11798560,0.15158739,-0.04175232,-0.12124814,-0.14129186,0.04623298,0.12101503,0.12692282,-0.04938071,-0.11729301,-0.10889453,0.02977171,0.22590938,-0.08428056,-0.03723843,0.00332460,-0.39540331,0.04370114,0.24412481,-0.08941177,-0.04897123,-0.00804976,-0.38142282,0.05289308,0.24834294,-0.11181872,-0.05534872,-0.00500053,-0.35125530,0.29687812,0.42685850,0.03413437,-0.26913129,-0.31136533,0.13761545,0.23362527,0.18689535,-0.30539774,-0.19138373,-0.05703709,0.46437528,0.14362450,-0.07446558,-0.60996466,-0.09172452,0.20382137,0.73796848,0.02134256,0.02043592,-0.99956343,-0.00474291,0.02768387,-0.04579932,-0.04622973,-0.01225337,0.05961159
10305020000000,synthetic_50hz_04,251,0.02,94.94709548,95.47548814,16.12718089,16.13162203,16.13442083,2.63078702,121.65794648,1,1,0,0,1,-0.48058231,0.07247514,-0.04457649,0.02835928,0.11022701,0.15811495,-0.03521948,-0.11735801,-0.15281055,0.04106428,0.12110553,0.14310054,-0.04572519,-0.12136152,-0.12926489,0.04906781,0.11811859,0.11170246,-0.05099579,-0.11147026,-0.09091960,0.03635843,0.23464722,-0.08510770,-0.04312210,-0.00267497,-0.39065346,0.04871220,0.24721282,-0.09794781,-0.05296533,-0.00813690,-0.36934625,0.05575527,0.24542646,-0.12708809,-0.05699671,0.00083566,-0.33323293,0.27387801,0.32854602,-0.11397969,-0.23934648,-0.20493776,0.28285267,0.19791448,0.07542105,-0.44357087,-0.15077651,0.05627008,0.59150072,0.09929158,-0.18633892,-0.72237732,-0.04494403,0.31103552,0.83242745,0.02118175,0.02054157,-0.99956469,-0.00434626,0.02738136,-0.04457649,-0.04547275,-0.01248928,0.05991753
10305040000000,synthetic_50hz_04,252,0.02,94.84085832,95.34856217,16.13022166,16.13442083,16.13423157,2.64209539,121.64121652,1,1,0,0,1,-0.48141500,0.07220184,-0.04334827,0.03433999,0.11665291,0.15395683,-0.04034360,-0.12088889,-0.14484506,0.04518410,0.12163958,0.13155735,-0.04872191,-0.11888335,-0.11447677,0.05085505,0.11269965,0.09409577,-0.05152201,-0.10326677,-0.07100195,0.04233970,0.24103170,-0.08931115,-0.04825379,-0.00616869,-0.38264026,0.05284642,0.24771472,-0.10954016,-0.05598301,-0.00563222,-0.35450853,0.05756960,0.23998719,-0.14474383,-0.05755562,0.00905288,-0.31326775,0.24499411,0.22308772,-0.25984041,-0.20440774,-0.09399697,0.42222261,0.15792819,-0.03780375,-0.57243194,-0.10689550,0.16851458,0.70613779,0.05278097,-0.29436705,-0.81948535,0.00285527,0.41173278,0.90920677,0.02102226,0.02063953,-0.99956604,-0.00394820,0.02707348,-0.04334827,-0.04470512,-0.01272440,0.06021621
10305060000000,synthetic_50hz_04,253,0.02,94.57073253,95.19299624,16.13190583,16.13423157,16.13663068,2.65340088,121.62401113,1,1,0,0,1,-0.48223129,0.07192392,-0.04211481,0.03958967,0.12059598,0.14652232,-0.04460896,-0.12184687,-0.13379723,0.04834216,0.11958486,0.11721470,-0.05068163,-0.11387516,-0.09725282,0.05155992,0.10488239,0.07448709,-0.05095172,-0.09286581,-0.04957387,0.04758965,0.24493317,-0.09679087,-0.05252640,-0.00708930,-0.37154478,0.05601859,0.24562761,-0.12393191,-0.05796341,-0.00059728,-0.33723498,0.05830131,0.23214933,-0.16440161,-0.05701778,0.01946787,-0.29179207,0.21085797,0.11275878,-0.40032689,-0.16507480,0.01907001,0.55275120,0.11453244,-0.15034899,-0.68923944,-0.06068806,0.27729334,0.80585658,0.00509402,-0.39624320,-0.89924050,0.05064689,0.50376918,0.96669889,0.02086409,0.02072977,-0.99956748,-0.00354887,0.02676029,-0.04211481,-0.04392700,-0.01295870,0.06050761
10305080000000,synthetic_50hz_04,254,0.02,94.39860012,95.03411702,16.13389027,16.13663068,16.13578742,2.66470424,121.60632759,1,1,0,0,1,-0.48303098,0.07164140,-0.04087625,0.04399903,0.12198093,0.13598138,-0.04792768,-0.12022062,-0.11991333,0.05047456,0.11499428,0.10038812,-0.05156623,-0.10645261,-0.07796867,0.05117122,0.09484186,0.05330135,-0.04930093,-0.08049677,-0.02709733,0.05199897,0.24627637,-0.10737689,-0.05585208,-0.00542548,-0.35761334,0.05816481,0.24100441,-0.14080756,-0.05886841,0.00685230,-0.31790124,0.05793919,0.22208792,-0.18563649,-0.05539921,0.03185123,-0.26926783,0.17221117,-0.00007298,-0.53245179,-0.12219817,0.13184343,0.67167205,0.06866215,-0.25981278,-0.79152769,-0.01314656,0.38029161,0.88856322,-0.04274805,-0.48980645,-0.95998106,0.09741022,0.58519994,1.00372220,0.02070729,0.02081226,-0.99956903,-0.00314839,0.02644186,-0.04087625,-0.04313857,-0.01319217,0.06079169
10305100000000,synthetic_50hz_04,255,0.02,94.60395537,94.94808469,16.13468707,16.13578742,16.11604081,2.67600598,121.58816322,1,1,0,0,1,-0.48381390,0.07135429,-0.03963274,0.04747761,0.12078798,0.12256953,-0.05023286,-0.11605437,-0.10349884,0.05153988,0.10797485,0.08144423,-0.05136098,-0.09678237,-0.05704154,0.04970132,0.08279961,0.03099433,-0.04660875,-0.06642969,-0.00405353,0.05547719,0.24504149,-0.12083370,-0.05816391,-0.00122147,-0.34115138,0.05924365,0.23395213,-0.15980047,-0.05868328,0.01654981,-0.29692451,0.05649560,0.21002451,-0.20799269,-0.05273902,0.04593293,-0.24617624,0.12988806,-0.11299987,-0.65342568,-0.07669966,0.24192430,0.77648532,0.02129997,-0.36387394,-0.87715853,0.03471381,0.47533292,0.95254285,-0.08972677,-0.57308783,-1.00046491,0.14215287,0.65432035,1.01954310,0.02055189,0.02088699,-0.99957068,-0.00274688,0.02611824,-0.03963274,-0.04234000,-0.01342480,0.06106841
10305120000000,synthetic_50hz_04,256,0.02,94.26282908,94.81103357,16.12685564,16.11604081,16.09958355,2.68730538,121.56951542,1,1,0,0,1,-0.48457985,0.07106262,-0.03838444,0.04995552,0.11705266,0.10658194,-0.05147977,-0.10944640,-0.08491111,0.05151984,0.09868476,0.06079224,-0.05007457,-0.08507799,-0.03492071,0.04718562,0.06901838,0.00804240,-0.04293629,-0.05096894,0.01906778,0.05795444,0.24126407,-0.13686610,-0.05941716,0.00542446,-0.32251628,0.05923684,0.22462895,-0.18050143,-0.05741671,0.02828173,-0.27475409,0.05400596,0.19622184,-0.23099384,-0.04909831,0.06140860,-0.22300707,0.08479663,-0.22362745,-0.76071623,-0.02955150,0.34698660,0.86500990,-0.02654562,-0.46034195,-0.94436494,0.08187741,0.56042544,0.99649349,-0.13484864,-0.64435160,-1.01989267,0.18393212,0.70970080,1.01388787,0.02039790,0.02095393,-0.99957243,-0.00234449,0.02578951,-0.03838444,-0.04153148,-0.01365657,0.06133774
10305140000000,synthetic_50hz_04,257,0.02,94.17629779,94.68408641,16.11540136,16.09958355,16.07336394,2.69860143,121.55038168,1,1,0,0,1,-0.48532865,0.07076640,-0.03713150,0.05138477,0.11086441,0.08836644,-0.05164661,-0.10054629,-0.06455104,0.05041945,0.08732938,0.03887461,-0.04773867,-0.07159472,-0.01207740,0.04368156,0.05379595,-0.01506800,-0.03836510,-0.03444622,0.04177899,0.05938273,0.23503357,-0.15512630,-0.05959004,0.01436274,-0.30210894,0.05814937,0.21324026,-0.20246799,-0.05510037,0.04179279,-0.25186119,0.05052769,0.18097770,-0.25415350,-0.04455863,0.07794651,-0.20024792,0.03789800,-0.32962652,-0.85210079,0.01824529,0.44482728,0.93542774,-0.07386257,-0.54720347,-0.99178588,0.12735035,0.63380352,1.01955037,-0.17716656,-0.70213072,-1.01792074,0.22187498,0.75021516,0.98694399,0.02024536,0.02101307,-0.99957429,-0.00194134,0.02545572,-0.03713150,-0.04071320,-0.01388747,0.06159966
10305160000000,synthetic_50hz_04,258,0.02,94.54208854,94.65568684,16.09774564,16.07336394,16.01914526,2.70989251,121.53075955,1,1,0,0,1,-0.48606013,0.07046565,-0.03587406,0.05174004,0.10236407,0.06831530,-0.05073468,-0.08955108,-0.04285392,0.04826661,0.07415628,0.01615703,-0.04440700,-0.05662353,0.01100567,0.03926710,0.03745829,-0.03785107,-0.03299513,-0.01721311,0.06360520,0.05973672,0.22649082,-0.17522199,-0.05868385,0.02539631,-0.28036463,0.05600916,0.20003363,-0.22523443,-0.05178797,0.05679203,-0.22872855,0.04613876,0.16461805,-0.27698586,-0.03921993,0.09519512,-0.17837369,-0.00981504,-0.42878309,-0.92571146,0.06568301,0.53341288,0.98631957,-0.11965731,-0.62266414,-1.01849162,0.17018183,0.69396369,1.02130008,-0.21579992,-0.74525595,-0.99466399,0.25519641,0.77506214,0.93935127,0.02009430,0.02106439,-0.99957625,-0.00153755,0.02511695,-0.03587406,-0.03988534,-0.01411747,0.06185411
10305180000000,synthetic_50hz_04,259,0.02,94.50629840,94.62580915,16.06473348,16.01914526,15.95466745,2.72117535,121.51064669,1,1,0,0,1,-0.48677411,0.07016039,-0.03461228,0.05101894,0.09174020,0.04685634,-0.04876812,-0.07670045,-0.02027960,0.04511128,0.05944938,-0.00688180,-0.04015387,-0.04048437,0.03384480,0.03403880,0.02035217,-0.05983204,-0.02694238,0.00036679,0.08409429,0.05901404,0.21582438,-0.19672538,-0.05672271,0.03828549,-0.25774322,0.05286617,0.18529297,-0.24832208,-0.04755383,0.07295948,-0.20583985,0.04093573,0.14748966,-0.29901615,-0.03319823,0.11279081,-0.15783651,-0.05733986,-0.51904497,-0.98007163,0.11176911,0.61092159,1.01669120,-0.16297600,-0.68518506,-1.02399908,0.20948422,0.73969432,1.00178459,-0.24995291,-0.77287786,-0.95068819,0.28321535,0.78377896,0.87218300,0.01994475,0.02110788,-0.99957833,-0.00113327,0.02477325,-0.03461228,-0.03904810,-0.01434658,0.06210109
10305200000000,synthetic_50hz_04,260,0.02,94.53810270,94.60826786,16.01850575,15.95466745,15.87643050,2.73244561,121.49004080,1,1,0,0,1,-0.48747043,0.06985064,-0.03334631,0.04924179,0.07922442,0.02444318,-0.04579305,-0.06227106,0.00269765,0.04102409,0.04352240,-0.02976071,-0.03507238,-0.02351897,0.05596576,0.02810951,0.00283748,-0.08055728,-0.02033624,0.01792582,0.10282630,0.05723500,0.20326587,-0.21918281,-0.05375278,0.05275362,-0.23471898,0.04879101,0.16933200,-0.27124975,-0.04249104,0.08995343,-0.18366934,0.03503143,0.12995243,-0.31979075,-0.02662288,0.13036592,-0.13905632,-0.10368571,-0.59856421,-1.01412327,0.15554746,0.67578014,1.02599009,-0.20292470,-0.73351301,-1.00827714,0.24445153,0.77009837,0.96149508,-0.27893072,-0.78448142,-0.88699268,0.30536819,0.77624752,0.78691787,0.01979673,0.02114353,-0.99958052,-0.00072862,0.02442469,-0.03334631,-0.03820166,-0.01457476,0.06234054
10305220000000,synthetic_50hz_04,261,0.02,94.90701531,94.66801735,15.95883414,15.87643050,15.77187260,2.74369804,121.46893968,1,1,0,0,1,-0.48814892,0.06953642,-0.03207631,0.04645086,0.06508591,0.00154533,-0.04187636,-0.04657015,0.02559951,0.03609455,0.02671175,-0.05200631,-0.02927211,-0.00608324,0.07691375,0.02160574,-0.01472065,-0.09960372,-0.01331647,0.03510014,0.11942208,0.05444188,0.18908449,-0.24212481,-0.04984090,0.06849347,-0.21177022,0.04387320,0.15248714,-0.29354406,-0.03670919,0.10741796,-0.16267180,0.02855240,0.11237149,-0.33888658,-0.01963366,0.14755661,-0.12241231,-0.14789484,-0.66573430,-1.02724463,0.19611840,0.72669459,1.01411189,-0.23868778,-0.76670394,-0.97174183,0.27437569,0.78460886,0.90135600,-0.30215321,-0.77989314,-0.80498366,0.32121951,0.75269273,0.68540327,0.01965026,0.02117133,-0.99958282,-0.00032374,0.02407135,-0.03207631,-0.03734622,-0.01480201,0.06257246
10305240000000,synthetic_50hz_04,262,0.02,94.84167224,94.70274833,15.88031029,15.77187260,15.66112951,2.75492595,121.44734121,1,1,0,0,1,-0.48880942,0.06921775,-0.03080243,0.04270924,0.04962518,-0.02136213,-0.03710395,-0.02992856,0.04795384,0.03042893,0.00936908,-0.07316301,-0.02287664,0.01146051,0.09626287,0.01466480,-0.03195969,-0.11658742,-0.00603017,0.05153745,0.13355070,0.05069775,0.17358072,-0.26507627,-0.04507300,0.08517419,-0.18936911,0.03821903,0.13511004,-0.31474941,-0.03033186,0.12499076,-0.14327316,0.02163592,0.09510937,-0.35591969,-0.01237767,0.16401058,-0.10823537,-0.18906262,-0.71922151,-1.01925810,0.23265734,0.76267452,0.98139707,-0.26954444,-0.78413926,-0.91524190,0.29866045,0.78299691,0.82269987,-0.31916593,-0.75928038,-0.70643903,0.33046972,0.71367346,0.56981122,0.01950538,0.02119127,-0.99958523,0.00008125,0.02371329,-0.03080243,-0.03648199,-0.01502832,0.06279680
10305260000000,synthetic_50hz_04,263,0.02,94.74124455,94.71044757,15.78825437,15.66112951,15.54638586,2.76612215,121.42524334,1,1,0,0,1,-0.48945178,0.06889465,-0.02952481,0.03809912,0.03316723,-0.04380864,-0.03157866,-0.01269339,0.06930457,0.02414776,-0.00814641,-0.09280242,-0.01602067,0.02875134,0.11362472,0.00743171,-0.04852736,-0.13117118,0.00137152,0.06690431,0.14493590,0.04608482,0.15707957,-0.28756664,-0.03955191,0.10244867,-0.16797168,0.03194899,0.11755989,-0.33443739,-0.02349374,0.14231089,-0.12586180,0.01442703,0.07851834,-0.37055289,-0.00500605,0.17939438,-0.09680178,-0.22635606,-0.75798974,-0.99042819,0.26443125,0.78305012,0.92861784,-0.29488277,-0.78553480,-0.84003501,0.31683268,0.76537214,0.72723358,-0.32964816,-0.72314345,-0.59346566,0.33295972,0.66006620,0.44258786,0.01936212,0.02120337,-0.99958776,0.00048621,0.02335058,-0.02952481,-0.03560916,-0.01525366,0.06301355
10305280000000,synthetic_50hz_04,264,0.02,94.50624128,94.66960631,15.68666959,15.54638586,15.43466462,2.77727956,121.40264413,1,1,0,0,1,-0.49007584,0.06856714,-0.02824363,0.03271986,0.01605433,-0.06533808,-0.02541785,0.00477956,0.08922117,0.01738304,-0.02547566,-0.11053197,-0.00884707,0.04543729,0.12865608,0.00005604,-0.06408893,-0.14307098,0.00873662,0.08089286,0.15336107,0.04070244,0.13992334,-0.30913980,-0.03339501,0.11996112,-0.14800850,0.02519511,0.10019577,-0.35221547,-0.01633770,0.15902638,-0.11078095,0.00707529,0.06293314,-0.38250215,0.00232923,0.19340018,-0.08832817,-0.25903054,-0.78131844,-0.94144988,0.29081307,0.78748210,0.85695596,-0.31421131,-0.77094227,-0.74775559,0.32855070,0.73217583,0.61699709,-0.33341782,-0.67230041,-0.46845027,0.32867235,0.59304226,0.30639781,0.01922049,0.02120761,-0.99959040,0.00089101,0.02298330,-0.02824363,-0.03472795,-0.01547803,0.06322267
10305300000000,synthetic_50hz_04,265,0.02,94.20787789,94.57726063,15.58082750,15.43466462,15.33041008,2.78839182,121.37954170,1,1,0,0,1,-0.49068146,0.06823524,-0.02695903,0.02668557,-0.00136138,-0.08551809,-0.01875075,0.02213339,0.10730725,0.01027535,-0.04226730,-0.12600270,-0.00150370,0.06118262,0.14106542,-0.00731130,-0.07833401,-0.15206117,0.01591552,0.09322700,0.15867292,0.03466472,0.12246414,-0.32936337,-0.02673150,0.13735464,-0.12987594,0.01809795,0.08336904,-0.36773465,-0.00901159,0.17480150,-0.09832214,-0.00026839,0.04866416,-0.39154183,0.00947855,0.20575184,-0.08296781,-0.28644428,-0.78881344,-0.87342795,0.31129335,0.77596417,0.76797196,-0.32716770,-0.74074349,-0.64037498,0.33360965,0.68416684,0.49431569,-0.33043348,-0.60786533,-0.33400504,0.31773075,0.51403879,0.16406488,0.01908052,0.02120400,-0.99959316,0.00129553,0.02261151,-0.02695903,-0.03383855,-0.01570140,0.06342414
10305320000000,synthetic_50hz_04,266,0.02,93.95056831,94.45192217,15.47565218,15.33041008,15.23452468,2.79945381,121.35593425,1,1,0,0,1,-0.49126849,0.06789897,-0.02567117,0.02012256,-0.01872547,-0.10394880,-0.01171552,0.03901762,0.12320838,0.00297072,-0.05818486,-0.13891581,0.00585973,0.07567461,0.15061823,-0.01452124,-0.09098263,-0.15797826,0.02276410,0.10366757,0.16078371,0.02809798,0.10505641,-0.34783750,-0.01969955,0.15427873,-0.11392844,0.01080356,0.06741617,-0.38069615,-0.00166515,0.18932354,-0.08871989,-0.00745494,0.03599137,-0.39750843,0.01629780,0.21621023,-0.08080844,-0.30807031,-0.78041038,-0.78784773,0.32548936,0.74881833,0.66356687,-0.33352440,-0.69563749,-0.52015507,0.33194378,0.62240111,0.36174695,-0.32079307,-0.53122061,-0.19290951,0.30039374,0.42472477,0.01851039,0.01894225,0.02119254,-0.99959603,0.00169963,0.02223529,-0.02567117,-0.03294119,-0.01592377,0.06361794
10305340000000,synthetic_50hz_04,267,0.02,93.15539388,94.19261651,15.37437863,15.23452468,15.17060901,2.81046181,121.33182008,1,1,0,0,1,-0.49183680,0.06755836,-0.02438020,0.01316646,-0.03568865,-0.12027059,-0.00445624,0.05509533,0.13661876,-0.00438246,-0.07291359,-0.14902815,0.01309481,0.08862972,0.15714099,-0.02142964,-0.10179061,-0.16072338,0.02914663,0.11201683,0.15967204,0.02113785,0.08804946,-0.36420256,-0.01244325,0.17039650,-0.10047181,0.00346032,0.05265192,-0.39085681,0.00555324,0.20230892,-0.08214772,-0.01434021,0.02515896,-0.40030306,0.02265126,0.22457758,-0.08187147,-0.32350579,-0.75637115,-0.68653828,0.33315107,0.70668314,0.54593726,-0.33319144,-0.63662113,-0.38959662,0.32362576,0.54820503,0.22202372,-0.30472979,-0.44398392,-0.04804978,0.27704832,0.32696256,-0.12730947,0.01880569,0.02117325,-0.99959902,0.00210317,0.02185471,-0.02438020,-0.03203606,-0.01614513,0.06380404
10305360000000,synthetic_50hz_04,268,0.02,93.10005654,93.97410452,15.28879539,15.17060901,15.10932701,2.82141475,121.30719758,1,1,0,0,1,-0.49238626,0.06721343,-0.02308628,0.00595931,-0.05191385,-0.13417094,0.00288015,0.07005000,0.14728679,-0.01163657,-0.08616658,-0.15615629,0.02005750,0.09979893,0.16052372,-0.02790016,-0.11055403,-0.16026319,0.03493846,0.11812181,0.15538219,0.01392635,0.07178033,-0.37814604,-0.00510954,0.18539141,-0.08975763,-0.00378415,0.03936319,-0.39803320,0.01249952,0.21350866,-0.07871559,-0.02078790,0.01637083,-0.39989241,0.02841425,0.23070095,-0.08611262,-0.33247844,-0.71727331,-0.57162898,0.33416435,0.65049552,0.41752492,-0.32621614,-0.56496364,-0.25138343,0.30886297,0.46314360,0.07799444,-0.28260514,-0.34797091,0.09764317,0.24819967,0.22276606,-0.27046568,0.01867088,0.02114613,-0.99960212,0.00250604,0.02146984,-0.02308628,-0.03112339,-0.01636545,0.06398242
10305380000000,synthetic_50hz_04,269,0.02,92.86463147,93.75220991,15.21341867,15.10932701,15.06198743,2.83231306,121.28206521,1,1,0,0,1,-0.49291673,0.06686419,-0.02178957,-0.00135354,-0.06708306,-0.14539005,0.01014693,0.08359163,0.15501932,-0.01864778,-0.09769022,-0.16017931,0.02661100,0.10897236,0.16072126,-0.03380701,-0.11711277,-0.15662953,0.04002836,0.12187676,0.14802211,0.00660885,0.05656706,-0.38940811,0.00215488,0.19897345,-0.08197906,-0.01078603,0.02780360,-0.40210441,0.01903691,0.22271286,-0.07846870,-0.02667218,0.00978713,-0.39630831,0.03347558,0.23447458,-0.09342395,-0.33485008,-0.66399301,-0.44550047,0.32855112,0.58146649,0.28096227,-0.31277988,-0.48217601,-0.10832380,0.28799105,0.36898417,-0.06743770,-0.25489930,-0.24515435,0.24125494,0.21445869,0.11425661,-0.40811668,0.01853783,0.02111121,-0.99960533,0.00290809,0.02108077,-0.02178957,-0.03020340,-0.01658472,0.06415306
10305400000000,synthetic_50hz_04,270,0.02,92.62711424,93.52719077,15.14981755,15.06198743,15.03031390,2.84315855,121.25642151,1,1,0,0,1,-0.49342808,0.06651068,-0.02049022,-0.00862643,-0.08090344,-0.15372524,0.01720064,0.09546226,0.15968463,-0.02527896,-0.10726886,-0.16104023,0.03262846,0.11598285,0.15775297,-0.03903728,-0.12135300,-0.14991761,0.04432063,0.12322448,0.13776006,-0.00066900,0.04270246,-0.39778611,0.00920654,0.21088467,-0.07726784,-0.01740818,0.01818880,-0.40301343,0.02503855,0.22975436,-0.08138766,-0.03188014,0.00552166,-0.38964596,0.03773952,0.23584125,-0.10363718,-0.33061724,-0.59768199,-0.31073146,0.31646665,0.50105163,0.13901491,-0.29319217,-0.38997571,0.03670950,0.26146483,0.26765661,-0.21137556,-0.22219933,-0.13762084,0.37994757,0.17652773,0.00361740,-0.53756551,0.01840657,0.02106849,-0.99960866,0.00330920,0.02068757,-0.02049022,-0.02927630,-0.01680293,0.06431593
10305420000000,synthetic_50hz_04,271,0.02,92.37287722,93.29632806,15.09962602,15.03031390,15.01548229,2.85395441,121.23026515,1,1,0,0,1,-0.49392021,0.06615290,-0.01918839,-0.01571638,-0.09311293,-0.15903408,0.02390394,0.10544065,0.16121395,-0.03140234,-0.11472848,-0.15874595,0.03799540,0.12070862,0.15170123,-0.04349303,-0.12320869,-0.14028289,0.04773673,0.12215658,0.12482014,-0.00776421,0.03044864,-0.40313761,0.01590809,0.22090382,-0.07569271,-0.02352284,0.01069282,-0.40076718,0.03038995,0.23451138,-0.08739010,-0.03631387,0.00364048,-0.38006082,0.04112755,0.23479259,-0.11652824,-0.31990893,-0.51973917,-0.17004239,0.29819404,0.41091704,-0.00547736,-0.26788208,-0.29024797,0.18083920,0.22984696,0.16121092,-0.35098736,-0.18518524,-0.02752608,0.51101639,0.13518454,-0.10695234,-0.65631258,0.01827713,0.02101799,-0.99961209,0.00370924,0.02029031,-0.01918839,-0.02834231,-0.01702006,0.06447103
10305440000000,synthetic_50hz_04,272,0.02,92.14053017,93.06516848,15.06428565,15.01548229,15.01617223,2.86470511,121.20359484,1,1,0,0,1,-0.49439299,0.06579090,-0.01788424,-0.02248595,-0.10348492,-0.16123617,0.03012826,0.11334610,0.15960179,-0.03690195,-0.11993947,-0.15336601,0.04261174,0.12307493,0.14270862,-0.04709302,-0.12266207,-0.12793687,0.05021658,0.11871282,0.10947664,-0.01453935,0.02003217,-0.40538220,0.02213096,0.22885021,-0.07725920,-0.02901402,0.00544524,-0.39543519,0.03499106,0.23690916,-0.09633345,-0.03989211,0.00416133,-0.36776438,0.04357958,0.23136835,-0.13182282,-0.30298161,-0.43177777,-0.02623743,0.27413623,0.31290161,-0.14965984,-0.23738736,-0.18500435,0.32124235,0.19379451,0.05177332,-0.48356330,-0.14461447,0.08295035,0.63194288,0.09126513,-0.21528253,-0.76210326,0.01814952,0.02095974,-0.99961564,0.00410807,0.01988908,-0.01788424,-0.02740167,-0.01723611,0.06461832
10305460000000,synthetic_50hz_04,273,0.02,91.64296107,92.78072700,15.04407801,15.01617223,15.04152138,2.87541623,121.17640940,1,1,0,0,1,-0.49484632,0.06542468,-0.01657793,-0.02880591,-0.11183223,-0.16031359,0.03575624,0.11904135,0.15490475,-0.04167571,-0.12281845,-0.14502994,0.04639365,0.12305464,0.13097384,-0.04977404,-0.11974310,-0.11314171,0.05171942,0.11297932,0.09204764,-0.02086518,0.01164024,-0.40450196,0.02775781,0.23458657,-0.08191067,-0.03377966,0.00252948,-0.38714699,0.03875803,0.23692060,-0.10801901,-0.04255166,0.00705428,-0.35301880,0.04505485,0.22565465,-0.14920285,-0.28021176,-0.33558864,0.11785396,0.24480559,0.20897654,-0.29072111,-0.20234156,-0.07633955,0.45520662,0.15404393,-0.05849834,-0.60656832,-0.10130514,0.19164970,0.74044237,0.04564567,-0.31927570,-0.85296912,0.01802378,0.02089375,-0.99961930,0.00450558,0.01948395,-0.01657793,-0.02645459,-0.01745105,0.06475779
10305480000000,synthetic_50hz_04,274,0.02,91.76058305,92.57669821,15.04300423,15.04152138,15.06480047,2.88609478,121.14870775,1,1,0,0,1,-0.49528008,0.06505428,-0.01526961,-0.03455766,-0.11801007,-0.15631006,0.04068392,0.12243445,0.14723928,-0.04563725,-0.12332899,-0.13392352,0.04927484,0.12066789,0.11674669,-0.05149181,-0.11452789,-0.09620399,0.05222424,0.10508599,0.07288769,-0.02662311,0.00541764,-0.40054060,0.03268466,0.23802096,-0.08953070,-0.03773338,0.00198195,-0.37608837,0.04162456,0.23456581,-0.12219697,-0.04424824,0.01224321,-0.33613069,0.04553236,0.21778141,-0.16831380,-0.25208593,-0.23310079,0.25943463,0.21081158,0.10120310,-0.42594896,-0.16345944,0.03361233,0.58018297,0.11139468,-0.16745869,-0.71769004,-0.05611836,0.29647715,0.83450578,-0.00077587,-0.41694802,-0.92726232,0.01789993,0.02082007,-0.99962306,0.00490163,0.01907500,-0.01526961,-0.02550130,-0.01766487,0.06488943
10305500000000,synthetic_50hz_04,275,0.02,91.72829361,92.40701729,15.05215865,15.06480047,15.09325902,2.89674776,121.12048889,1,1,0,0,1,-0.49569418,0.06467971,-0.01395944,-0.03963542,-0.12191810,-0.14932880,0.04482248,0.12347976,0.13677807,-0.04871729,-0.12148144,-0.12028397,0.05120756,0.11598075,0.10032202,-0.05222148,-0.10713629,-0.07746774,0.05172984,0.09520304,0.05238003,-0.03170736,0.00146473,-0.39360136,0.03682270,0.23910772,-0.09994659,-0.04080591,0.00379230,-0.36249652,0.04354292,0.22991087,-0.13857250,-0.04495700,0.01960826,-0.31744403,0.04501091,0.20791882,-0.18877240,-0.21918892,-0.12634003,0.39579524,0.17284661,-0.00831052,-0.55278295,-0.12152105,0.14272147,0.69383367,0.06669199,-0.27301770,-0.81488084,-0.00994016,0.39544270,0.91243461,-0.04709825,-0.50646690,-0.98368247,0.01777798,0.02073871,-0.99962692,0.00529608,0.01866231,-0.01395944,-0.02454204,-0.01787757,0.06501322
10305520000000,synthetic_50hz_04,276,0.02,91.95742568,92.31709897,15.06942080,15.09325902,15.11675155,2.90738195,121.09175190,1,1,0,0,1,-0.49608852,0.06430101,-0.01264758,-0.04394805,-0.12350150,-0.13952932,0.04809974,0.12217785,0.12374554,-0.05086468,-0.11733176,-0.10439412,0.05216317,0.10910294,0.08203297,-0.05195778,-0.09772863,-0.05730677,0.05025441,0.08353676,0.03092839,-0.03602678,-0.00016368,-0.38384373,0.04009974,0.23784743,-0.11293393,-0.04294609,0.00790458,-0.34665430,0.04448447,0.22306548,-0.15681244,-0.04467266,0.02898911,-0.29733267,0.04350869,0.19627320,-0.21017493,-0.18219013,-0.01738660,0.52436659,0.13167058,-0.11745216,-0.66886248,-0.07735491,0.24890472,0.79407475,0.02080906,-0.37318124,-0.89639348,0.03633673,0.48669877,0.97286877,-0.09243491,-0.58618455,-1.02129579,0.01765797,0.02064970,-0.99963089,0.00568882,0.01824596,-0.01264758,-0.02357703,-0.01808912,0.06512914
10305540000000,synthetic_50hz_04,277,0.02,91.88813881,92.23130694,15.08929972,15.11675155,15.14822109,2.91800323,121.06249597,1,1,0,0,1,-0.49646301,0.06391818,-0.01133420,-0.04742055,-0.12275111,-0.12712305,0.05046120,0.11857457,0.10841229,-0.05204704,-0.11097946,-0.08657597,0.05213233,0.10018476,0.06224361,-0.05071463,-0.08650169,-0.03611674,0.04783480,0.07032474,0.00894861,-0.03950636,0.00054157,-0.37147914,0.04246130,0.23428593,-0.12822212,-0.04412154,0.01421929,-0.32888368,0.04443987,0.21417996,-0.17655274,-0.04340916,0.04018899,-0.27619224,0.04106254,0.18308210,-0.23210556,-0.14182860,0.09166720,0.64276777,0.08809447,-0.22414772,-0.77206958,-0.03182054,0.35016596,0.87911226,-0.02537080,-0.46608876,-0.96080972,0.08183068,0.56857400,1.01480659,-0.13593135,-0.65466698,-1.03954612,0.01753991,0.02055309,-0.99963496,0.00607972,0.01782604,-0.01133420,-0.02260652,-0.01829951,0.06523718
10305560000000,synthetic_50hz_04,278,0.02,91.95803972,92.17665349,15.11404670,15.14822109,15.18125103,2.92861706,121.03272036,1,1,0,0,1,-0.49681756,0.06353127,-0.01001944,-0.04999516,-0.11970266,-0.11236809,0.05187079,0.11275913,0.09108882,-0.05225097,-0.10256471,-0.06718342,0.05112473,0.08941330,0.04134109,-0.04852454,-0.07368406,-0.01430688,0.04452537,0.05583047,-0.01313981,-0.04208837,0.00354475,-0.35676571,0.04387130,0.22851246,-0.14550066,-0.04431887,0.02259624,-0.30953858,0.04341879,0.20344138,-0.19740625,-0.04119900,0.05297930,-0.25443197,0.03772684,0.16860904,-0.25414479,-0.09889694,0.19875849,0.74884919,0.04296323,-0.32640124,-0.86056561,0.01420912,0.44463369,0.94747152,-0.07097182,-0.55004714,-1.00706139,0.12568837,0.63960248,1.03761721,-0.17678127,-0.71071778,-1.03825804,0.01742383,0.02044890,-0.99963912,0.00646865,0.01740262,-0.01001944,-0.02163073,-0.01850873,0.06533732
10305580000000,synthetic_50hz_04,279,0.02,92.06671449,92.15466569,15.14227252,15.18125103,15.21443127,2.93922832,121.00242446,1,1,0,0,1,-0.49715209,0.06314029,-0.00870347,-0.05163215,-0.11443504,-0.09556318,0.05231112,0.10486149,0.07211859,-0.05148194,-0.09226473,-0.04659478,0.04916851,0.07700794,0.01972763,-0.04543753,-0.05953097,0.00770828,0.04039656,0.04033769,-0.03492196,-0.04373307,0.00876698,-0.34000215,0.04431234,0.22065693,-0.16442609,-0.04354355,0.03285822,-0.28899730,0.04144939,0.19106914,-0.21897075,-0.03809219,0.06710481,-0.23246640,0.03357202,0.15313774,-0.27587772,-0.05422468,0.30189370,0.84072975,-0.00286146,-0.42233238,-0.93282137,0.05986509,0.53059503,0.99801931,-0.11514279,-0.62356037,-1.03444389,0.16710087,0.69854818,1.04104497,-0.21424136,-0.75339652,-1.01763224,0.01730975,0.02033719,-0.99964338,0.00685548,0.01697579,-0.00870347,-0.02064990,-0.01871677,0.06542956
10305600000000,synthetic_50hz_04,280,0.02,92.07777475,92.13928750,15.17257919,15.21443127,15.25175592,2.94984130,120.97160771,1,1,0,0,1,-0.49746653,0.06274527,-0.00738645,-0.05231019,-0.10706785,-0.07704097,0.05178342,0.09504884,0.05187061,-0.04976371,-0.08028952,-0.02520480,0.04630929,0.06321542,-0.00218767,-0.04151975,-0.04431878,0.02951708,0.03553317,0.02414442,-0.05599549,-0.04441911,0.01608865,-0.32152111,0.04378565,0.21088655,-0.18462940,-0.04181932,0.04479523,-0.26765458,0.03857729,0.17730997,-0.24083713,-0.03415490,0.08228917,-0.21070719,0.02868288,0.13696623,-0.29690198,-0.00866130,0.39918581,0.91682770,-0.04851836,-0.51021053,-0.98764013,0.10429922,0.60652565,1.02997843,-0.15707308,-0.68535435,-1.04262197,0.20531844,0.74442397,1.02520623,-0.24764439,-0.78203150,-0.97823332,0.01719769,0.02021798,-0.99964773,0.00724010,0.01654563,-0.00738645,-0.01966427,-0.01892361,0.06551388
10305620000000,synthetic_50hz_04,281,0.02,92.72615673,92.25666135,15.20583342,15.25175592,15.26845182,2.96045988,120.94026967,1,1,0,0,1,-0.49776079,0.06234624,-0.00606853,-0.05202628,-0.09775815,-0.05716084,0.05030707,0.08352158,0.03073180,-0.04713748,-0.06687706,-0.00341675,0.04260889,0.04830443,-0.02399681,-0.03685187,-0.02833917,0.05071853,0.03003240,0.00755687,-0.07597801,-0.04414351,0.02535273,-0.30168198,0.04231062,0.19940174,-0.20572368,-0.03918741,0.05816931,-0.24591369,0.03486432,0.16243255,-0.26259741,-0.02946780,0.09824070,-0.18955531,0.02315662,0.12040071,-0.31683521,0.03694068,0.48888854,0.97588447,-0.09316337,-0.58848494,-1.02417333,0.14670011,0.67111505,1.04293478,-0.19600742,-0.73439660,-1.03162794,0.23966374,0.77650515,0.99057879,-0.27641045,-0.79622670,-0.92097079,0.01708767,0.02009132,-0.99965217,0.00762236,0.01611224,-0.00606853,-0.01867408,-0.01912924,0.06559028
10305640000000,synthetic_50hz_04,282,0.02,92.56971146,92.31927137,15.23213315,15.26845182,15.29947266,2.97108636,120.90840998,1,1,0,0,1,-0.49803483,0.06194321,-0.00474988,-0.05079545,-0.08669655,-0.03630140,0.04791884,0.07050872,0.00909909,-0.04366070,-0.05228810,0.01836556,0.03814381,0.03255998,-0.04530072,-0.03152721,-0.01189314,0.07092983,0.02400167,-0.00911658,-0.09451401,-0.04292129,0.03636857,-0.28086338,0.03992402,0.18643147,-0.22731200,-0.03570525,0.07271968,-0.22417846,0.03038694,0.14672190,-0.28385251,-0.02412419,0.11465838,-0.16939357,0.01710066,0.10374958,-0.33532188,0.08174215,0.56942673,1.01698157,-0.13598530,-0.65581046,-1.04192898,0.18630792,0.72328688,1.03683708,-0.23125921,-0.76991059,-1.00185269,0.26954318,0.79433742,0.93798442,-0.30005610,-0.79586314,-0.84707362,0.01697971,0.01995726,-0.99965670,0.00800216,0.01567568,-0.00474988,-0.01767958,-0.01933364,0.06565874
10305660000000,synthetic_50hz_04,283,0.02,92.38132003,92.33168110,15.26041574,15.29947266,15.34338877,2.98172289,120.87602839,1,1,0,0,1,-0.49828856,0.06153622,-0.00343065,-0.04865001,-0.07410285,-0.01485286,0.04467175,0.05626280,-0.01262831,-0.03940559,-0.03680067,0.03974539,0.03300334,0.01627756,-0.06571659,-0.02564960,0.00471484,0.08979315,0.01755636,-0.02557131,-0.11128094,-0.04078476,0.04891639,-0.25945549,0.03667888,0.17222830,-0.24899513,-0.03144506,0.08816833,-0.20284561,0.02523450,0.13047351,-0.30421963,-0.01822792,0.13123778,-0.15057980,0.01063040,0.08731743,-0.35203945,0.12493312,0.63942241,1.03955013,-0.17622065,-0.71106842,-1.04077269,0.22242766,0.76221401,1.01198929,-0.26222197,-0.79138460,-0.95402977,0.29445630,0.79773922,0.86856512,-0.31820132,-0.78109463,-0.75805934,0.01687384,0.01981586,-0.99966130,0.00837936,0.01523605,-0.00343065,-0.01668100,-0.01953681,0.06571926
10305680000000,synthetic_50hz_04,284,0.02,92.27222877,92.31979064,15.29526441,15.34338877,15.39480906,2.99237205,120.84312472,1,1,0,0,1,-0.49852194,0.06112530,-0.00211101,-0.04563851,-0.06022112,0.00679068,0.04063369,0.04105458,-0.03405650,-0.03445739,-0.02070441,0.06034045,0.02728767,-0.00024267,-0.08488476,-0.01933122,0.02118275,0.10698181,0.01081746,-0.04151213,-0.12599451,-0.03778248,0.06275213,-0.23785244,0.03264306,0.15706299,-0.27037920,-0.02649210,0.10422562,-0.18229742,0.01950713,0.11398752,-0.32333911,-0.01189118,0.14767685,-0.13344069,0.00386681,0.07139946,-0.36670363,0.16574744,0.69771625,1.04337335,-0.21316698,-0.75338246,-1.02092169,0.25444081,0.78732831,0.96903638,-0.28837900,-0.79857511,-0.88921330,0.31400309,0.78679862,0.78375379,-0.33057432,-0.75233837,-0.65569829,0.01677007,0.01966715,-0.99966598,0.00875385,0.01479344,-0.00211101,-0.01567860,-0.01973873,0.06577182
10305700000000,synthetic_50hz_04,285,0.02,92.20554980,92.29694247,15.33707317,15.39480906,15.45080372,3.00303683,120.80969891,1,1,0,0,1,-0.49873491,0.06071046,-0.00079111,-0.04182445,-0.04531455,0.02823865,0.03588577,0.02516749,-0.05480419,-0.02891248,-0.00429484,0.07978971,0.02110563,-0.01670163,-0.10247485,-0.01269029,0.03721658,0.12220560,0.00390909,-0.05665857,-0.13841310,-0.03397794,0.07761259,-0.21644477,0.02789769,0.14121897,-0.29108292,-0.02094272,0.12059603,-0.16289494,0.01331370,0.09756303,-0.34088056,-0.00523216,0.16368159,-0.11826642,-0.00306598,0.05627616,-0.37907280,0.20347614,0.74338408,1.02858202,-0.24619461,-0.78212912,-0.98293213,0.28181517,0.79832501,0.90894385,-0.30931087,-0.79150482,-0.80875029,0.32788900,0.76186517,0.68524008,-0.33701393,-0.71026060,-0.54197409,0.01666843,0.01951120,-0.99967074,0.00912550,0.01434792,-0.00079111,-0.01467260,-0.01993938,0.06581642
10305720000000,synthetic_50hz_04,286,0.02,92.33023120,92.30360021,15.38484000,15.45080372,15.50335049,3.01372044,120.77575098,1,1,0,0,1,-0.49892743,0.06029173,0.00052888,-0.03728472,-0.02966007,0.04911125,0.03052045,0.00889207,-0.07450947,-0.02287626,0.01213229,0.09775956,0.01457254,-0.03280687,-0.11819119,-0.00584868,0.05253561,0.13521531,-0.00304380,-0.07074973,-0.14834112,-0.02944803,0.09322086,-0.19561230,0.02253524,0.12498675,-0.31074436,-0.01490235,0.13698382,-0.14497176,0.00676952,0.08149248,-0.35654833,0.00162726,0.17897128,-0.10530621,-0.01004303,0.04220840,-0.38895137,0.23747928,0.77574837,0.99564339,-0.27475663,-0.79694324,-0.92768024,0.30411262,0.79516186,0.83297164,-0.32470090,-0.77045559,-0.71424808,0.33592790,0.72353673,0.57493242,-0.33746994,-0.65575796,-0.41904119,0.01656893,0.01934806,-0.99967556,0.00949420,0.01389960,0.00052888,-0.01366328,-0.02013876,0.06585306
10305740000000,synthetic_50hz_04,287,0.02,92.77008353,92.39689688,15.43461441,15.50335049,15.54130819,3.02442576,120.74128104,1,1,0,0,1,-0.49909946,0.05986915,0.00184881,-0.03210782,-0.01354283,0.06904618,0.02463960,-0.00747965,-0.09283599,-0.01646101,0.02828649,0.11394929,0.00780784,-0.04827782,-0.13177739,0.00107043,0.06687727,0.14580628,-0.00991784,-0.08354862,-0.15563151,-0.02428125,0.10929178,-0.17571731,0.01665755,0.10865840,-0.32902719,-0.00848325,0.15309849,-0.12882859,-0.00000596,0.06605644,-0.37008601,0.00856388,0.19328335,-0.09476473,-0.01694096,0.02943318,-0.39619229,0.26719613,0.79438449,0.94534389,-0.29839698,-0.79771814,-0.85633788,0.32099490,0.77805321,0.74264325,-0.33433839,-0.73595664,-0.60753786,0.33804276,0.67264210,0.45491688,-0.33200119,-0.58993497,-0.28918043,0.01647159,0.01917779,-0.99968045,0.00985982,0.01344855,0.00184881,-0.01265086,-0.02033684,0.06588174
10305760000000,synthetic_50hz_04,288,0.02,93.10068841,92.53765519,15.47942580,15.54130819,15.57187280,3.03515453,120.70628933,1,1,0,0,1,-0.49925095,0.05944273,0.00316851,-0.02639191,0.00274920,0.08770482,0.01835231,-0.02365951,-0.10947845,-0.00978361,0.04388770,0.12809576,0.00093284,-0.06285059,-0.14302001,0.00794482,0.08000147,0.15382093,-0.01659343,-0.09484587,-0.16018712,-0.01857576,0.12553737,-0.15709841,0.01037374,0.09252205,-0.34562611,-0.00180231,0.16865999,-0.11472859,-0.00689145,0.05151879,-0.38128019,0.01545549,0.20637772,-0.08679954,-0.02364016,0.01815987,-0.40069842,0.29215340,0.79912202,0.87876639,-0.31675645,-0.78460093,-0.77034323,0.33222726,0.74745943,0.63971071,-0.33811981,-0.68876833,-0.49063504,0.33426420,0.61021971,0.32741412,-0.32077161,-0.51407818,-0.15475371,0.01637643,0.01900044,-0.99968540,0.01022225,0.01299486,0.00316851,-0.01163561,-0.02053363,0.06590244
10305780000000,synthetic_50hz_04,289,0.02,92.94536635,92.61919742,15.51825354,15.57187280,15.61509549,3.04590742,120.67077613,1,1,0,0,1,-0.49938187,0.05901251,0.00448783,-0.02024281,0.01893058,0.10477781,0.01177277,-0.03936837,-0.12416740,-0.00296331,0.05867114,0.13997717,-0.00593158,-0.07628240,-0.15175134,0.01465546,0.09169441,0.15915045,-0.02295681,-0.10446282,-0.16196118,-0.01243739,0.14167220,-0.14006500,0.00379798,0.07685685,-0.36027165,0.00502123,0.18340353,-0.10289353,-0.01376606,0.03812232,-0.38996314,0.02218307,0.21804058,-0.08151946,-0.03002689,0.00856713,-0.40242297,0.31197168,0.79004116,0.79726248,-0.32957678,-0.75798305,-0.67136741,0.33768003,0.70407194,0.52611651,-0.33604781,-0.62986211,-0.36569742,0.32472717,0.53749306,0.19473510,-0.30404449,-0.42962783,-0.01815849,0.01628347,0.01881610,-0.99969040,0.01058136,0.01253863,0.00448783,-0.01061776,-0.02072910,0.06591517
10305800000000,synthetic_50hz_04,290,0.02,93.05610598,92.70657913,15.55892716,15.61509549,15.65842179,3.05668522,120.63474187,1,1,0,0,1,-0.49949221,0.05857852,0.00580661,-0.01377185,0.03472350,0.11998980,0.00501801,-0.05434092,-0.13667306,0.00388049,0.07239167,0.14941597,-0.01266712,-0.08835533,-0.15785115,0.02108856,0.10177167,0.16173540,-0.02890199,-0.11225388,-0.16095675,-0.00597745,0.15741848,-0.12489239,-0.00295269,0.06192810,-0.37273407,0.01186796,0.19708398,-0.09350097,-0.02051149,0.02608495,-0.39601464,0.02863281,0.22808752,-0.07898392,-0.03599514,0.00080055,-0.40136901,0.32636976,0.76746450,0.70242061,-0.33670259,-0.71848661,-0.56127777,0.33732813,0.64879441,0.40395303,-0.32822834,-0.56039717,-0.23498214,0.30966557,0.45584342,0.05923660,-0.28217501,-0.33814749,0.11821676,0.01619273,0.01862481,-0.99969546,0.01093704,0.01207993,0.00580661,-0.00959758,-0.02092325,0.06591992
10305820000000,synthetic_50hz_04,291,0.02,93.30106235,92.82547577,15.60071490,15.65842179,15.69679802,3.06748870,120.59818704,1,1,0,0,1,-0.49958194,0.05814077,0.00712469,-0.00709370,0.04986255,0.13310349,-0.00179423,-0.06833010,-0.14680843,0.01063043,0.08482766,0.15628080,-0.01916015,-0.09887960,-0.16124753,0.02713747,0.11008079,0.16156542,-0.03433241,-0.11810831,-0.15722530,0.00068938,0.17251077,-0.11181790,-0.00976054,0.04798287,-0.38282634,0.01862052,0.20947970,-0.08668227,-0.02701410,0.01559646,-0.39936278,0.03469809,0.23636608,-0.07920329,-0.04144837,-0.00502913,-0.39758802,0.33516702,0.73194454,0.59603095,-0.33808136,-0.66694677,-0.44209879,0.33124866,0.58272062,0.27542072,-0.31486591,-0.48169435,-0.10080214,0.28940542,0.36678062,-0.07672262,-0.25560124,-0.24129243,0.25203542,0.01610423,0.01842665,-0.99970056,0.01128919,0.01161888,0.00712469,-0.00857531,-0.02111605,0.06591669
10305840000000,synthetic_50hz_04,292,0.02,93.53584978,92.96755058,15.64106981,15.69679802,15.73164750,3.07831833,120.56111224,1,1,0,0,1,-0.49965103,0.05769930,0.00844190,-0.00032428,0.06409911,0.14392278,-0.00854766,-0.08111092,-0.15443134,0.01717316,0.09578427,0.16048757,-0.02530354,-0.10769612,-0.16191687,0.03270442,0.11650303,0.15867803,-0.03916241,-0.12195111,-0.15086442,0.00744718,0.18670048,-0.10103762,-0.01650926,0.03524613,-0.39040631,0.02516556,0.22039588,-0.08252152,-0.03316678,0.00681592,-0.39998395,0.04028110,0.24275751,-0.08214003,-0.04630089,-0.00884692,-0.39117759,0.33828388,0.68424737,0.48004763,-0.33376153,-0.60439087,-0.31597141,0.31961668,0.50710951,0.14278558,-0.29625714,-0.39520794,0.03451682,0.26435636,0.27191235,-0.21082409,-0.22483407,-0.14077739,0.38105320,0.01601797,0.01822169,-0.99970570,0.01163767,0.01115554,0.00844190,-0.00755120,-0.02130751,0.06590549
10305860000000,synthetic_50hz_04,293,0.02,93.44285357,93.06261117,15.67911244,15.73164750,15.77615772,3.08917420,120.52351817,1,1,0,0,1,-0.49969949,0.05725414,0.00975810,0.00642138,0.07720525,0.15229506,-0.01512942,-0.09248388,-0.15944575,0.02340127,0.10509615,0.16199955,-0.03099844,-0.11467845,-0.15988282,0.03770192,0.12095452,0.15315660,-0.04331844,-0.12374341,-0.14201480,0.01418092,0.19975966,-0.09270417,-0.02308602,0.02391741,-0.39537794,0.03139568,0.22966713,-0.08105544,-0.03887066,-0.00013022,-0.39790181,0.04529438,0.24717795,-0.08771079,-0.05047917,-0.01061395,-0.38227840,0.33574029,0.62533294,0.35654934,-0.32388871,-0.53201466,-0.18511162,0.30269927,0.42335814,0.00833703,-0.27278287,-0.30249601,0.16867791,0.23500202,0.17291278,-0.34082979,-0.19044594,-0.03834439,0.50315539,0.01593399,0.01801000,-0.99971087,0.01198239,0.01069002,0.00975810,-0.00652552,-0.02149760,0.06588632
10305880000000,synthetic_50hz_04,294,0.02,93.40929152,93.13194724,15.71987146,15.77615772,15.82614386,3.10005671,120.48540561,1,1,0,0,1,-0.49972730,0.05680532,0.01107311,0.01303109,0.08897715,0.15811261,-0.02143199,-0.10227765,-0.16180205,0.02921500,0.11262944,0.16082666,-0.03615573,-0.11973408,-0.15521456,0.04205406,0.12338672,0.14512756,-0.04673997,-0.12348207,-0.13085645,0.02077841,0.21148451,-0.08692524,-0.02938328,0.01416800,-0.39769160,0.03721111,0.23715964,-0.08227411,-0.04403662,-0.00514944,-0.39318553,0.04966200,0.24957887,-0.09578912,-0.05392268,-0.01032706,-0.37107048,0.32765256,0.55633255,0.22769903,-0.30870036,-0.45115629,-0.05176919,0.28084819,0.33297299,-0.12565318,-0.24489904,-0.20518992,0.29945291,0.20188933,0.07149113,-0.46461927,-0.15305906,0.06426879,0.61639044,0.01585230,0.01779166,-0.99971608,0.01232322,0.01022240,0.01107311,-0.00549850,-0.02168632,0.06585917
10305900000000,synthetic_50hz_04,295,0.02,93.42685826,93.19092945,15.76450587,15.82614386,15.87855333,3.11096670,120.44677546,1,1,0,0,1,-0.49973446,0.05635286,0.01238678,0.01939739,0.09923792,0.16131317,-0.02735490,-0.11035131,-0.16149656,0.03452375,0.11828323,0.15702392,-0.04069727,-0.12280499,-0.14802422,0.04569747,0.12378623,0.13475690,-0.04938018,-0.12119865,-0.11760449,0.02713219,0.22169813,-0.08376312,-0.03530057,0.00613884,-0.39734364,0.04252126,0.24277246,-0.08612251,-0.04858654,-0.00818374,-0.38594725,0.05332059,0.24994685,-0.10620903,-0.05658459,-0.00801784,-0.35776892,0.31422843,0.47852396,0.09570354,-0.28851889,-0.36326878,0.08181270,0.25449121,0.23754039,-0.25697024,-0.21312643,-0.10496361,0.42471921,0.16561711,-0.03063933,-0.58022333,-0.11333298,0.16535892,0.71899934,0.01577291,0.01756674,-0.99972131,0.01266006,0.00975278,0.01238678,-0.00447042,-0.02187364,0.06582405
10305920000000,synthetic_50hz_04,296,0.02,93.21595826,93.19593521,15.81240580,15.87855333,15.94154858,3.12190525,120.40762870,1,1,0,0,1,-0.49972098,0.05589680,0.01369895,0.02541927,0.10783984,0.16187963,-0.03280623,-0.11659581,-0.15857022,0.03924736,0.12199026,0.15068915,-0.04455698,-0.12386768,-0.13846364,0.04858200,0.12217394,0.12224617,-0.05120638,-0.11695786,-0.10250428,0.03314126,0.23025281,-0.08323489,-0.04074597,-0.00006101,-0.39437499,0.04724595,0.24643834,-0.09250282,-0.05245432,-0.00920961,-0.37633882,0.05622003,0.24830280,-0.11876898,-0.05843222,-0.00375098,-0.34261912,0.29576077,0.39330481,-0.03722599,-0.26374350,-0.26989123,0.21343624,0.22412239,0.13869657,-0.38349303,-0.17803972,-0.00350322,0.54249353,0.12682408,-0.13179113,-0.68585368,-0.07195204,0.26328589,0.80944036,0.01569584,0.01733533,-0.99972656,0.01299279,0.00928125,0.01369895,-0.00344151,-0.02205957,0.06578097
10305940000000,synthetic_50hz_04,297,0.02,93.12470011,93.18168819,15.86664577,15.94154858,16.00841189,3.13287407,120.36796642,1,1,0,0,1,-0.49968686,0.05543715,0.01500947,0.03100368,0.11466603,0.15983897,-0.03770394,-0.12093485,-0.15310653,0.04331717,0.12371707,0.14195996,-0.04768156,-0.12293246,-0.12672062,0.05067126,0.11860365,0.10782787,-0.05220009,-0.11085544,-0.08582638,0.03871255,0.23703167,-0.08531360,-0.04563745,-0.00435529,-0.38886915,0.05131654,0.24812384,-0.10127743,-0.05558667,-0.00823736,-0.36454802,0.05832389,0.24470051,-0.13323646,-0.05944707,0.00237776,-0.32589163,0.27261991,0.30216493,-0.16891241,-0.23484103,-0.17261978,0.34098548,0.19029158,0.03809793,-0.50322779,-0.14025593,0.09752230,0.65096179,0.08617664,-0.23033091,-0.77992827,-0.02961283,0.35649898,0.88640905,0.01562110,0.01709749,-0.99973183,0.01332132,0.00880789,0.01500947,-0.00241205,-0.02224409,0.06572993
10305960000000,synthetic_50hz_04,298,0.02,93.31722630,93.20879581,15.92618754,16.00841189,16.06751267,3.14387519,120.32778978,1,1,0,0,1,-0.49963212,0.05497396,0.01631817,0.03606687,0.11963146,0.15526040,-0.04197696,-0.12332524,-0.14522882,0.04667683,0.12346351,0.13101022,-0.05003098,-0.12004226,-0.11301454,0.05194272,0.11316013,0.09176059,-0.05235693,-0.10301555,-0.06786115,0.04376234,0.24194967,-0.08993001,-0.04990394,-0.00670077,-0.38094944,0.05467666,0.24782880,-0.11227247,-0.05794356,-0.00530994,-0.35079424,0.05960966,0.23922477,-0.14935288,-0.05962478,0.01024424,-0.30787679,0.24524492,0.20665800,-0.29724865,-0.20233583,-0.07307853,0.46245993,0.15359329,-0.06260782,-0.61433828,-0.10042259,0.19648916,0.74850497,0.04435666,-0.32470563,-0.86109191,0.01298809,0.44356068,0.94885317,0.01554871,0.01685333,-0.99973710,0.01364553,0.00833282,0.01631817,-0.00138227,-0.02242718,0.06567094
10305980000000,synthetic_50hz_04,299,0.02,93.61915852,93.29086835,15.98554409,16.06751267,16.11615478,3.15491029,120.28710007,1,1,0,0,1,-0.49955679,0.05450725,0.01762489,0.04053554,0.12268336,0.14825291,-0.04556604,-0.12375652,-0.13509688,0.04928285,0.12126171,0.11804596,-0.05157881,-0.11527088,-0.09759171,0.05238773,0.10595673,0.07432385,-0.05168629,-0.09358780,-0.04891319,0.04821731,0.24495405,-0.09697514,-0.05348618,-0.00708701,-0.37077569,0.05728285,0.24558535,-0.12528190,-0.05949854,-0.00050113,-0.33532381,0.06006868,0.23198890,-0.16683872,-0.05897473,0.01969884,-0.28887924,0.21413404,0.10837325,-0.42023125,-0.16679908,0.02710885,0.57600484,0.11465522,-0.16180940,-0.71517194,-0.05920579,0.29184489,0.83372031,0.00204944,-0.41346637,-0.92823213,0.05516600,0.52316742,0.99598258,0.01547869,0.01660292,-0.99974238,0.01396532,0.00785610,0.01762489,-0.00035245,-0.02260884,0.06560400
10306000000000,synthetic_50hz_04,300,0.02,93.57946885,93.34858845,16.04040058,16.11615478,16.16930347,3.16598017,120.24589865,1,1,0,0,1,-0.49946087,0.05403705,0.01892948,0.04434769,0.12380112,0.13896214,-0.04842436,-0.12225009,-0.12290321,0.05110494,0.11717453,0.10330092,-0.05231214,-0.10872078,-0.08072042,0.05201116,0.09713255,0.05581271,-0.05021067,-0.08274395,-0.02929589,0.05201546,0.24602421,-0.10630335,-0.05633737,-0.00553542,-0.35854036,0.05910480,0.24145636,-0.14007197,-0.06023873,0.00608661,-0.31840499,0.05970583,0.22313203,-0.18539890,-0.05751942,0.03056979,-0.26921234,0.17983440,0.00890758,-0.53599071,-0.12883773,0.12634641,0.67993772,0.07412662,-0.25795777,-0.80428180,-0.01727840,0.38213209,0.90543806,-0.04006796,-0.49528936,-0.98049012,0.09625915,0.59416722,1.02727419,0.01541105,0.01634635,-0.99974765,0.01428059,0.00737785,0.01892948,0.00067717,-0.02278905,0.06552912
10306020000000,synthetic_50hz_04,301,0.02,93.73020389,93.42491154,16.09453979,16.16930347,16.21869771,3.17708537,120.20418699,1,1,0,0,1,-0.49934441,0.05356340,0.02023179,0.04745330,0.12299555,0.12756684,-0.05051792,-0.11885788,-0.10886869,0.05212608,0.11129348,0.08703180,-0.05223143,-0.10052043,-0.06268575,0.05083092,0.08684933,0.03653244,-0.04796493,-0.07067433,-0.00932587,0.05510677,0.24517095,-0.11773589,-0.05842347,-0.00209793,-0.34446435,0.06012548,0.23553332,-0.15638600,-0.06016457,0.01432478,-0.30032289,0.05853902,0.21281588,-0.20472818,-0.05529371,0.04266677,-0.24919273,0.14293131,-0.09016122,-0.64281831,-0.08908323,0.22309153,0.77277077,0.03266684,-0.34959000,-0.88044389,0.02469136,0.46600964,0.96273340,-0.08133769,-0.56899399,-1.01726686,0.13563901,0.65557399,1.04247204,0.01534580,0.01608371,-0.99975291,0.01459123,0.00689816,0.02023179,0.00170632,-0.02296780,0.06544632
10306040000000,synthetic_50hz_04,302,0.02,93.75728184,93.49138560,16.14668612,16.21869771,16.26965030,3.18822613,120.16196667,1,1,0,0,1,-0.49920744,0.05308631,0.02153164,0.04981475,0.12030772,0.11427480,-0.05182563,-0.11366045,-0.09323808,0.05234235,0.10373630,0.06951327,-0.05135001,-0.09082139,-0.04378436,0.04887724,0.07528805,0.01679313,-0.04499531,-0.05758412,0.01068226,0.05745364,0.24243534,-0.13106497,-0.05972343,0.00314491,-0.32879242,0.06034099,0.22793401,-0.17394931,-0.05928940,0.02406186,-0.28137416,0.05659846,0.20122144,-0.22451645,-0.05234383,0.05578460,-0.22913500,0.10403739,-0.18729997,-0.73918903,-0.04818025,0.31587873,0.85322911,-0.00906595,-0.43535056,-0.94267020,0.06605078,0.54227104,1.00493367,-0.12113133,-0.63355758,-1.03822443,0.17271961,0.70657837,1.04158269,0.01528296,0.01581509,-0.99975816,0.01489714,0.00641711,0.02153164,0.00273476,-0.02314508,0.06535559
10306060000000,synthetic_50hz_04,303,0.02,94.04128831,93.60136614,16.19833108,16.26965030,16.31193807,3.19940253,120.11923932,1,1,0,0,1,-0.49905000,0.05260583,0.02282889,0.05140704,0.11580722,0.09931850,-0.05233928,-0.10676475,-0.07627523,0.05176256,0.09464421,0.05103291,-0.04969349,-0.07979503,-0.02431928,0.04619174,0.06264533,-0.00309548,-0.04135827,-0.04368952,0.03042100,0.05903105,0.23788699,-0.14605809,-0.06022903,0.01008615,-0.31178841,0.05976013,0.21879961,-0.19247432,-0.05763882,0.03512644,-0.26186183,0.05392580,0.18854534,-0.24445396,-0.04872626,0.06970707,-0.20934668,0.06378159,-0.28104367,-0.82378040,-0.00677574,0.40334106,0.92026450,-0.05042546,-0.51400994,-0.99021694,0.10617286,0.60985968,1.03162097,-0.15885926,-0.68812688,-1.04328289,0.20696566,0.74655506,1.02486647,0.01522253,0.01554059,-0.99976338,0.01519823,0.00593480,0.02282889,0.00376223,-0.02332088,0.06525696
10306080000000,synthetic_50hz_04,304,0.02,93.93627899,93.66834871,16.24604602,16.31193807,16.36192033,3.21061419,120.07600672,1,1,0,0,1,-0.49887213,0.05212198,0.02412337,0.05221774,0.10959014,0.08295061,-0.05206322,-0.09830151,-0.05825818,0.05040769,0.08417879,0.03188614,-0.04729888,-0.06762916,-0.00459481,0.04282642,0.04912975,-0.02282899,-0.03711926,-0.02921390,0.04959463,0.05982658,0.23162198,-0.16246261,-0.05994461,0.01859505,-0.29373039,0.05840389,0.20829173,-0.21166560,-0.05524985,0.04733073,-0.24209021,0.05057302,0.17499615,-0.26423633,-0.04450643,0.08421082,-0.19012348,0.02279843,-0.37001696,-0.89548711,0.03449167,0.48422892,0.97306471,-0.09078735,-0.58448034,-1.02258839,0.14446560,0.66788092,1.04263038,-0.19397883,-0.73202618,-1.03261284,0.23789957,0.77506679,0.99282460,0.01516455,0.01526030,-0.99976858,0.01549439,0.00545133,0.02412337,0.00478846,-0.02349519,0.06515043
10306100000000,synthetic_50hz_04,305,0.02,93.92952482,93.72058393,16.29471323,16.36192033,16.41416396,3.22186088,120.03227071,1,1,0,0,1,-0.49867389,0.05163480,0.02541494,0.05224679,0.10177662,0.06543917,-0.05101384,-0.08842230,-0.03947425,0.04831014,0.07251872,0.01237126,-0.04421364,-0.05452440,0.01508839,0.03884243,0.03495811,-0.04211304,-0.03235139,-0.01438397,0.06792356,0.05984016,0.22376044,-0.18001047,-0.05888657,0.02852003,-0.27490565,0.05630466,0.19658904,-0.23122486,-0.05216993,0.06047411,-0.22235995,0.04660126,0.16079068,-0.28356918,-0.03975745,0.09906913,-0.17174499,-0.01828235,-0.45295320,-0.95343139,0.07500163,0.55742619,1.01105852,-0.12955859,-0.64582832,-1.03953636,0.18038030,0.71561092,1.03804389,-0.22600157,-0.76476212,-1.00662412,0.26510711,0.79186487,0.94618292,0.01510900,0.01497432,-0.99977374,0.01578553,0.00496679,0.02541494,0.00581321,-0.02366799,0.06503601
10306120000000,synthetic_50hz_04,306,0.02,94.90498695,93.95746454,16.34488253,16.41416396,16.43073256,3.23314262,119.98803325,1,1,0,0,1,-0.49845533,0.05114431,0.02670343,0.05150604,0.09250808,0.04706287,-0.04921894,-0.07729649,-0.02021514,0.04551283,0.05985640,-0.00721541,-0.04049456,-0.04069063,0.03443794,0.03430882,0.02035173,-0.06066760,-0.02713393,0.00057392,0.08514819,0.05908365,0.21444381,-0.19842297,-0.05708270,0.03969174,-0.25560591,0.05350536,0.18388394,-0.25085577,-0.04845588,0.07434669,-0.20296344,0.04207958,0.14615023,-0.30217248,-0.03455861,0.11405566,-0.15447080,-0.05884571,-0.52871085,-0.99696902,0.11416137,0.62196332,1.03391644,-0.16618571,-0.69728429,-1.04105557,0.21341884,0.75250223,1.01818058,-0.25449901,-0.78602519,-0.96595096,0.28824185,0.79688667,0.88587253,0.01505591,0.01468275,-0.99977887,0.01607156,0.00448128,0.02670343,0.00683621,-0.02383928,0.06491373
10306140000000,synthetic_50hz_04,307,0.02,95.25811558,94.21759475,16.38093955,16.43073256,16.44225662,3.24445765,119.94329636,1,1,0,0,1,-0.49821650,0.05065055,0.02798869,0.05001869,0.08194429,0.02810630,-0.04671684,-0.06510789,-0.00077224,0.04206812,0.04639439,-0.02658410,-0.03620655,-0.02634332,0.05317400,0.02930114,0.00553277,-0.07823087,-0.02155096,0.01543731,0.10103231,0.05758025,0.20383187,-0.21741554,-0.05457134,0.05192634,-0.23612256,0.05005835,0.17037900,-0.27026855,-0.04417259,0.08873299,-0.18418052,0.03708355,0.13129699,-0.31978443,-0.02899397,0.12894792,-0.13853715,-0.09830045,-0.59628710,-1.02569138,0.15141403,0.67702753,1.04154743,-0.20016227,-0.73824894,-1.02737517,0.24313974,0.77818629,0.98358321,-0.27910738,-0.79568817,-0.91143409,0.30702822,0.79024999,0.81300790,0.01500530,0.01438569,-0.99978395,0.01635238,0.00399489,0.02798869,0.00785722,-0.02400905,0.06478360
10306160000000,synthetic_50hz_04,308,0.02,95.64048763,94.50217332,16.40669272,16.44225662,16.44849495,3.25580322,119.89806220,1,1,0,0,1,-0.49795748,0.05015355,0.02927057,0.04781847,0.07026026,0.00885532,-0.04355545,-0.05205144,0.01856791,0.03803671,0.03234195,-0.04545582,-0.03142135,-0.01170003,0.07103322,0.02390010,-0.00927920,-0.09456269,-0.01568980,0.02999092,0.11536588,0.05536369,0.19209960,-0.23670231,-0.05140039,0.06502891,-0.21674214,0.04602434,0.15628347,-0.28918423,-0.03939180,0.10341547,-0.16627454,0.03169385,0.11645051,-0.33616488,-0.02315085,0.14353066,-0.12415405,-0.13608766,-0.65482863,-1.03942339,0.18624611,0.72196994,1.03409180,-0.23103500,-0.76829653,-0.99894685,0.26916304,0.79247277,0.93500181,-0.29953099,-0.79380165,-0.84410023,0.32126332,0.77224486,0.72886284,0.01495716,0.01408324,-0.99978897,0.01662790,0.00350772,0.02927057,0.00887597,-0.02417727,0.06464562
10306180000000,synthetic_50hz_04,309,0.02,96.02482568,94.80670379,16.42424965,16.44849495,16.45031517,3.26717604,119.85233300,1,1,0,0,1,-0.49767834,0.04965333,0.03054890,0.04494882,0.05764295,-0.01040741,-0.03979120,-0.03832979,0.03752784,0.03348639,0.01791157,-0.06356632,-0.02621615,0.00302304,0.08777216,0.01819009,-0.02387051,-0.10944749,-0.00963959,0.04402977,0.12796739,0.05247741,0.17943398,-0.25600060,-0.04762627,0.07879679,-0.19774212,0.04147111,0.14180985,-0.30733854,-0.03419071,0.11817792,-0.14948894,0.02599487,0.10182449,-0.35109824,-0.01711840,0.15759890,-0.11150304,-0.17168818,-0.70363941,-1.03821782,0.21819390,0.75630970,1.01191074,-0.25840898,-0.78717522,-0.95642980,0.29117401,0.79534611,0.87337454,-0.31554436,-0.78058681,-0.76513949,0.33081742,0.74332282,0.63484510,0.01491152,0.01377551,-0.99979394,0.01689803,0.00301985,0.03054890,0.00989222,-0.02434395,0.06449982
10306200000000,synthetic_50hz_04,310,0.02,96.16346372,95.07805578,16.43519717,16.45031517,16.45785878,3.27857258,119.80611107,1,1,0,0,1,-0.49737914,0.04914994,0.03182354,0.04146180,0.04428801,-0.02940657,-0.03548784,-0.02414994,0.05584306,0.02849075,0.00331561,-0.08066956,-0.02067225,0.01761431,0.10317033,0.01225777,-0.03803641,-0.12269665,-0.00348989,0.05736189,0.13868556,0.04897347,0.16603067,-0.27503512,-0.04331273,0.09302300,-0.17938699,0.03647225,0.12717050,-0.32448545,-0.02865061,0.13280875,-0.13404423,0.02007329,0.08762364,-0.36439590,-0.01098615,0.17096064,-0.10073539,-0.20462914,-0.74218569,-1.02234618,0.24684871,0.77973521,0.97557269,-0.28195153,-0.79480459,-0.90067298,0.30892555,0.78695939,0.79980645,-0.32699310,-0.75642578,-0.67588112,0.33563329,0.70408407,0.53246983,0.01486837,0.01346261,-0.99979884,0.01716269,0.00253140,0.03182354,0.01090570,-0.02450908,0.06434622
10306220000000,synthetic_50hz_04,311,0.02,96.13319230,95.28908308,16.44471505,16.45785878,16.47637210,3.28998978,119.75939885,1,1,0,0,1,-0.49705998,0.04864340,0.03309432,0.03741704,0.03039654,-0.04787812,-0.03071520,-0.00971992,0.07326558,0.02312783,-0.01123692,-0.09654075,-0.01487367,0.03186980,0.11703262,0.00619070,-0.05158386,-0.13415037,0.00267075,0.06981074,0.14740051,0.04491150,0.15209075,-0.29354181,-0.03852962,0.10749947,-0.16192474,0.03110580,0.11257443,-0.34040016,-0.02285552,0.14710399,-0.12013550,0.01401666,0.07404102,-0.37589806,-0.00484269,0.18343936,-0.09197098,-0.23448940,-0.77009808,-0.99228651,0.27186113,0.79210267,0.92583705,-0.30139498,-0.79127057,-0.83269528,0.32223948,0.76762576,0.71554652,-0.33379365,-0.72184995,-0.57776822,0.33572441,0.65526287,0.42333259,0.01482774,0.01314465,-0.99980368,0.01742179,0.00204245,0.03309432,0.01191617,-0.02467263,0.06418484
10306240000000,synthetic_50hz_04,312,0.02,96.44556341,95.52037915,16.45801101,16.47637210,16.49068310,3.30142560,119.71219885,1,1,0,0,1,-0.49672094,0.04813375,0.03436110,0.03288054,0.01617182,-0.06557279,-0.02554797,0.00475428,0.08956699,0.01747884,-0.02554332,-0.11097894,-0.00890579,0.04559593,0.12919130,0.00007598,-0.06433399,-0.14367903,0.00875602,0.08121727,0.15402441,0.04035751,0.13781753,-0.31127141,-0.03335163,0.12202023,-0.14558378,0.02545299,0.09822435,-0.35488171,-0.01689083,0.16087004,-0.10793048,0.00791208,0.06125552,-0.38547508,0.00122569,0.19487601,-0.08529765,-0.26090401,-0.78717098,-0.94870844,0.29294400,0.79343192,0.86363562,-0.31653829,-0.77681786,-0.75366379,0.33100663,0.73780777,0.62196348,-0.33593189,-0.67752634,-0.47233167,0.33117208,0.59771152,0.30908232,0.01478963,0.01282173,-0.99980843,0.01767524,0.00155310,0.03436110,0.01292337,-0.02483460,0.06401568
10306260000000,synthetic_50hz_04,313,0.02,96.60353745,95.73701081,16.47173329,16.49068310,16.50763459,3.31287841,119.66451368,1,1,0,0,1,-0.49636211,0.04762102,0.03562373,0.02792349,0.00181628,-0.08225925,-0.02006439,0.01907177,0.10454114,0.01162682,-0.03940998,-0.12380906,-0.00285404,0.05861198,0.13950751,-0.00600102,-0.07612417,-0.15118389,0.01468307,0.09144166,0.15850157,0.03538268,0.12341342,-0.32799256,-0.02785697,0.13638439,-0.13057028,0.01959682,0.08431387,-0.36775506,-0.01084195,0.17392620,-0.09756805,0.00184492,0.04942975,-0.39302825,0.00713613,0.20513076,-0.08077108,-0.28356748,-0.79335944,-0.89245600,0.30987440,0.78390000,0.79005218,-0.32724749,-0.75184035,-0.66487080,0.33518588,0.69810479,0.52052087,-0.33346071,-0.62424255,-0.36116409,0.32212171,0.53238310,0.19139478,0.01475405,0.01249396,-0.99981311,0.01792297,0.00106345,0.03562373,0.01392704,-0.02499499,0.06383878
10306280000000,synthetic_50hz_04,314,0.02,96.95010220,95.97962909,16.48681183,16.50763459,16.51978816,3.32434705,119.61634604,1,1,0,0,1,-0.49598357,0.04710524,0.03688204,0.02262098,-0.01247147,-0.09772677,-0.01434493,0.03303945,0.11800626,0.00565531,-0.05265489,-0.13488358,0.00319735,0.07075226,0.14787214,-0.01195784,-0.08680981,-0.15659748,0.02037357,0.10036460,0.16080804,0.03006210,0.10907704,-0.34349456,-0.02212614,0.15039883,-0.11706599,0.01362088,0.07102499,-0.37887265,-0.00479313,0.18610677,-0.08915731,-0.00410236,0.03870830,-0.39849006,0.01281033,0.21408430,-0.07841524,-0.30223606,-0.78877374,-0.82452848,0.32249442,0.76383248,0.70630070,-0.33345512,-0.71686957,-0.56770994,0.33480215,0.64923898,0.41275184,-0.32649668,-0.56289052,-0.24589391,0.30877816,0.46031367,0.07194675,0.01472100,0.01216146,-0.99981769,0.01816489,0.00057359,0.03688204,0.01492694,-0.02515377,0.06365416
10306300000000,synthetic_50hz_04,315,0.02,97.01515300,96.18673387,16.50066189,16.51978816,16.53921143,3.33583042,119.56769872,1,1,0,0,1,-0.49558545,0.04658645,0.03813589,0.01705080,-0.02649935,-0.11178754,-0.00847112,0.04647451,0.12980672,-0.00035280,-0.06510980,-0.14408351,0.00916654,0.08186793,0.15420631,-0.01771601,-0.09626578,-0.15988327,0.02575471,0.10788824,0.16095072,0.02447356,0.09500046,-0.35758960,-0.01624066,0.16388077,-0.10522655,0.00760802,0.05852597,-0.38811550,0.00117379,0.19726292,-0.08277714,-0.00985129,0.02921632,-0.40182401,0.01817545,0.22163879,-0.07822320,-0.31672885,-0.77367169,-0.74605983,0.33071102,0.73369300,0.61370255,-0.33515864,-0.67256160,-0.46365194,0.32994347,0.59203993,0.30023403,-0.31521589,-0.49444948,-0.12816023,0.29140048,0.38260382,-0.04760849,0.01469051,0.01182435,-0.99982219,0.01840093,0.00008361,0.03813589,0.01592282,-0.02531095,0.06346183
10306320000000,synthetic_50hz_04,316,0.02,97.27160420,96.40370794,16.51685270,16.53921143,16.55778099,3.34732790,119.51857461,1,1,0,0,1,-0.49516783,0.04606468,0.03938513,0.01129221,-0.04008435,-0.12427846,-0.00252424,0.05920672,0.13981423,-0.00631650,-0.07662214,-0.15131908,0.01497514,0.09182851,0.15846134,-0.02320204,-0.10438741,-0.16103509,0.03076001,0.11393678,0.15896612,0.01869633,0.08136672,-0.37011455,-0.01028181,0.17665995,-0.09518026,0.00163926,0.04696937,-0.39539383,0.00698043,0.20726414,-0.07847623,-0.01532839,0.02105845,-0.40302391,0.02316502,0.22771842,-0.08015849,-0.32692805,-0.74844922,-0.65829702,0.33449481,0.69407118,0.51366324,-0.33241793,-0.61968274,-0.35422030,0.32075729,0.52742856,0.18456503,-0.29984906,-0.41996836,-0.00958867,0.27029605,0.30040029,-0.16566415,0.01466257,0.01148275,-0.99982658,0.01863100,-0.00040638,0.03938513,0.01691442,-0.02546650,0.06326183
10306340000000,synthetic_50hz_04,317,0.02,97.26945107,96.57685656,16.53404258,16.55778099,16.58633524,3.35883913,119.46897670,1,1,0,0,1,-0.49473083,0.04553995,0.04062960,0.00542475,-0.05305473,-0.13506247,0.00341572,0.07108029,0.14792858,-0.01215772,-0.08705656,-0.15652983,0.02054921,0.10052296,0.16061825,-0.02834825,-0.11109123,-0.16007598,0.03533000,0.11845669,0.15491864,0.01280995,0.06834753,-0.38093238,-0.00432958,0.18858058,-0.08702732,-0.00420733,0.03649056,-0.40064718,0.01255285,0.21599941,-0.07627355,-0.02046598,0.01431820,-0.40211280,0.02771957,0.23226965,-0.08415668,-0.33277807,-0.71362922,-0.56257769,0.33387795,0.64566917,0.40764891,-0.32535198,-0.55909417,-0.24096742,0.30744596,0.45640022,0.06733873,-0.28067612,-0.34054805,0.10823137,0.24581427,0.21487771,-0.28068111,0.01463719,0.01113676,-0.99983086,0.01885504,-0.00089629,0.04062960,0.01790150,-0.02562043,0.06305417
10306360000000,synthetic_50hz_04,318,0.02,97.28427887,96.71834102,16.55600550,16.58633524,16.62335590,3.37036439,119.41890805,1,1,0,0,1,-0.49427457,0.04501232,0.04186915,-0.00047288,-0.06525203,-0.14402951,0.00927123,0.08195550,0.15407797,-0.01780229,-0.09629616,-0.15968430,0.02582010,0.10786055,0.16068686,-0.03309351,-0.11631527,-0.15705673,0.03941282,0.12141656,0.14889859,0.00689310,0.05610137,-0.38993300,0.00153849,0.19950296,-0.08083952,-0.00985756,0.02720644,-0.40384410,0.01782240,0.22337800,-0.07615931,-0.02520291,0.00905752,-0.39914148,0.03178725,0.23526108,-0.09012748,-0.33428390,-0.66984908,-0.46030763,0.32895127,0.58928724,0.29716322,-0.31413482,-0.49173597,-0.12545145,0.29026172,0.38000773,-0.04987714,-0.25802024,-0.25732368,0.22376774,0.21833991,0.12722088,-0.39120702,0.01461439,0.01078651,-0.99983503,0.01907297,-0.00138602,0.04186915,0.01888381,-0.02577272,0.06283888
10306380000000,synthetic_50hz_04,319,0.02,96.72486913,96.71964665,16.58429266,16.62335590,16.69042227,3.38190473,119.36837181,1,1,0,0,1,-0.49379917,0.04448180,0.04310364,-0.00632389,-0.07653273,-0.15109689,0.01496814,0.09171006,0.15821889,-0.02318085,-0.10424334,-0.16077936,0.03072524,0.11377125,0.15870448,-0.03738382,-0.12001907,-0.15205409,0.04296459,0.12280669,0.14101990,0.00102260,0.04477176,-0.39703374,0.00724826,0.20930477,-0.07666040,-0.01524209,0.01921459,-0.40498145,0.02272651,0.22932986,-0.07809616,-0.02948519,0.00531686,-0.39418668,0.03532418,0.23668301,-0.09795696,-0.33150856,-0.61784713,-0.35293827,0.31986059,0.52580861,0.18372467,-0.29899089,-0.41861078,-0.00921421,0.26950115,0.29934420,-0.16556191,-0.23224156,-0.17144739,0.33556480,0.18828634,0.03860768,-0.49589320,0.01459416,0.01043212,-0.99983909,0.01928472,-0.00187549,0.04310364,0.01986110,-0.02592335,0.06261599
10306400000000,synthetic_50hz_04,320,0.02,97.02290490,96.78029830,16.62886710,16.69042227,16.75075654,3.39346304,119.31737125,1,1,0,0,1,-0.49330474,0.04394843,0.04433292,-0.01205438,-0.08676961,-0.15620943,0.02043657,0.10024002,0.16033552,-0.02822957,-0.11082046,-0.15983906,0.03520870,0.11820590,0.15473437,-0.04117275,-0.12218341,-0.14516862,0.04594976,0.12263831,0.13141758,-0.00472767,0.03448592,-0.40217941,0.01272986,0.21788208,-0.07450576,-0.02029710,0.01259268,-0.40408328,0.02720924,0.23380586,-0.08202087,-0.03326641,0.00311547,-0.38734897,0.03829479,0.23654666,-0.10751010,-0.32456990,-0.55844833,-0.24194473,0.30680252,0.45618381,0.06884500,-0.28018988,-0.34076730,0.10623957,0.24549923,0.21552631,-0.27826119,-0.20373073,-0.08407160,0.44226042,0.15608857,-0.04980693,-0.59350908,0.01457651,0.01007371,-0.99984302,0.01949022,-0.00236458,0.04433292,0.02083313,-0.02607233,0.06238552
10306420000000,synthetic_50hz_04,321,0.02,96.89102222,96.80244308,16.68006066,16.75075654,16.82423244,3.40504255,119.26590971,1,1,0,0,1,-0.49279143,0.04341226,0.04555682,-0.01759421,-0.09585284,-0.15933901,0.02561174,0.10746049,0.16043890,-0.03289086,-0.11596999,-0.15691326,0.03922172,0.12113603,0.14886374,-0.04442181,-0.12280966,-0.13652241,0.04834119,0.12094263,0.12024508,-0.01028756,0.02535368,-0.40534189,0.01791847,0.22514999,-0.07436457,-0.02496497,0.00739823,-0.40119944,0.03122184,0.23677750,-0.08784622,-0.03650805,0.00245195,-0.37875045,0.04067195,0.23488325,-0.11863347,-0.31363671,-0.49254932,-0.12880458,0.29001962,0.38141488,-0.04599134,-0.25804113,-0.25928406,0.21946131,0.21862319,0.12967797,-0.38660410,-0.17290224,0.00366681,0.54260092,0.12219645,-0.13690586,-0.68295430,0.01456145,0.00971141,-0.99984682,0.01968941,-0.00285322,0.04555682,0.02179965,-0.02621964,0.06214750
10306440000000,synthetic_50hz_04,322,0.02,97.07277725,96.85650992,16.74061281,16.82423244,16.89884544,3.41664706,119.21399060,1,1,0,0,1,-0.49225936,0.04287330,0.04677522,-0.02287783,-0.10369077,-0.16048389,0.03043454,0.11330598,0.15856563,-0.03711381,-0.11965453,-0.15207585,0.04272307,0.12255338,0.14120166,-0.04710060,-0.12191896,-0.12625655,0.05012020,0.11776957,0.10767141,-0.01559152,0.01746669,-0.40651945,0.02275503,0.23104302,-0.07620022,-0.02919480,0.00366863,-0.39640383,0.03472307,0.23823653,-0.09546316,-0.03917973,0.00330518,-0.36853218,0.04243699,0.23174269,-0.13115806,-0.29892431,-0.42110336,-0.01497766,0.26979524,0.30253961,-0.15934618,-0.23288784,-0.17525349,0.32907601,0.18926617,0.04291474,-0.48931842,-0.14018787,0.09066127,0.63545355,0.08706790,-0.22162347,-0.76326826,0.01454899,0.00934535,-0.99985049,0.01988222,-0.00334129,0.04677522,0.02276042,-0.02636527,0.06190197
10306460000000,synthetic_50hz_04,323,0.02,97.19847249,96.92490243,16.80707052,16.89884544,16.97930861,3.42828045,119.16161746,1,1,0,0,1,-0.49170867,0.04233160,0.04798796,-0.02784492,-0.11021036,-0.15966765,0.03485219,0.11773052,0.15477637,-0.04085465,-0.12185645,-0.14542281,0.04567926,0.12246921,0.13187665,-0.04918691,-0.11955112,-0.11452842,0.05127648,0.11318631,0.09387828,-0.02057923,0.01089801,-0.40573564,0.02718672,0.23551517,-0.07995208,-0.03294284,0.00142153,-0.38979242,0.03767946,0.23819419,-0.10474315,-0.04125923,0.00563537,-0.35685156,0.04357960,0.22719217,-0.14490214,-0.28068975,-0.34510509,0.09811276,0.24644798,0.22061612,-0.26984506,-0.20510100,-0.08976669,0.43379760,0.15784086,-0.04367076,-0.58524356,-0.10603010,0.17584916,0.71981667,0.05116244,-0.30295775,-0.83363713,0.01453912,0.00897564,-0.99985402,0.02006858,-0.00382871,0.04798796,0.02371519,-0.02650921,0.06164894
10306480000000,synthetic_50hz_04,324,0.02,97.71887745,97.08369744,16.87941051,16.97930861,17.05236844,3.43994663,119.10879388,1,1,0,0,1,-0.49113952,0.04178719,0.04919489,-0.03244100,-0.11535738,-0.15693780,0.03881860,0.12070737,0.14915400,-0.04407703,-0.12257731,-0.13707001,0.04806470,0.12091328,0.12103424,-0.05066665,-0.11576327,-0.10150900,0.05180785,0.10727576,0.07905720,-0.02519620,0.00570184,-0.40303800,0.03116747,0.23853973,-0.08553724,-0.03617271,0.00065537,-0.38148109,0.04006540,0.23668027,-0.11554067,-0.04273247,0.00938534,-0.34387955,0.04409760,0.22131458,-0.15967423,-0.25922660,-0.26557560,0.20909739,0.22032602,0.13670796,-0.37619276,-0.17507334,-0.00389897,0.53244231,0.12477321,-0.12902243,-0.67334131,-0.07087580,0.25822406,0.79482756,0.01493502,-0.37998096,-0.89339856,0.01453186,0.00860241,-0.99985741,0.02024845,-0.00431538,0.04919489,0.02466373,-0.02665146,0.06138845
10306500000000,synthetic_50hz_04,325,0.02,97.60714147,97.18838624,16.95205284,17.05236844,17.14629190,3.45164886,119.05552355,1,1,0,0,1,-0.49055203,0.04124011,0.05039586,-0.03661788,-0.11909636,-0.15236417,0.04229470,0.12222864,0.14180163,-0.04675214,-0.12183702,-0.12715089,0.04986170,0.11793278,0.10883433,-0.05153372,-0.11062848,-0.08738002,0.05172000,0.10013471,0.06340651,-0.02939426,0.00191368,-0.39849634,0.03465821,0.24010879,-0.09285260,-0.03885563,0.00135022,-0.37160325,0.04186321,0.23374194,-0.12769582,-0.04359334,0.01448208,-0.32979790,0.04399666,0.21420673,-0.17527597,-0.23485955,-0.18354786,0.31667662,0.19180122,0.05186984,-0.47718700,-0.14321317,0.08130361,0.62393986,0.09049621,-0.21213303,-0.75270425,-0.03517021,0.33684657,0.85976782,-0.02116976,-0.45184866,-0.94204388,0.01452720,0.00822580,-0.99986065,0.02042175,-0.00480120,0.05039586,0.02560581,-0.02679200,0.06112054
10306520000000,synthetic_50hz_04,326,0.02,97.62207874,97.27512474,17.03363325,17.14629190,17.25436396,3.46339093,119.00181027,1,1,0,0,1,-0.48994638,0.04069039,0.05159074,-0.04033402,-0.12141021,-0.14603708,0.04524868,0.12230458,0.13284045,-0.04885881,-0.11967285,-0.11581396,0.05106031,0.11359089,0.09544850,-0.05178972,-0.10423406,-0.07233122,0.05102601,0.09187211,0.04712860,-0.03313185,-0.00044939,-0.39220099,0.03762712,0.24023259,-0.10177699,-0.04097040,0.00346884,-0.36030745,0.04306294,0.22944238,-0.14103702,-0.04384346,0.02083824,-0.31479634,0.04328990,0.20597755,-0.19150498,-0.20793885,-0.10005282,0.41963437,0.16126331,-0.03286564,-0.57173006,-0.10993847,0.16483656,0.70734251,0.05544405,-0.29205517,-0.82256194,0.00064884,0.41085369,0.91406653,-0.05672303,-0.51780710,-0.97921816,0.01452515,0.00784594,-0.99986373,0.02058844,-0.00528608,0.05159074,0.02654117,-0.02693083,0.06084523
10306540000000,synthetic_50hz_04,327,0.02,98.02831600,97.42576299,17.12634015,17.25436396,17.36026931,3.47517734,118.94765788,1,1,0,0,1,-0.48932272,0.04013806,0.05277938,-0.04355476,-0.12229969,-0.13806531,0.04765606,0.12096263,0.12240734,-0.05038342,-0.11613816,-0.10322031,0.05165820,0.10796537,0.08105739,-0.05144365,-0.09667989,-0.05655755,0.04974595,0.08260709,0.03042713,-0.03637432,-0.00138814,-0.38426072,0.04004972,0.23893859,-0.11217350,-0.04250341,0.00695785,-0.34775475,0.04366225,0.22385935,-0.15538365,-0.04349179,0.02835395,-0.29906980,0.04199735,0.19674617,-0.20815761,-0.17883472,-0.01610621,0.51685019,0.12911411,-0.11650033,-0.65883838,-0.07567108,0.24574811,0.78183195,0.02004641,-0.36791086,-0.88228494,0.03615620,0.47946657,0.95730124,-0.09131642,-0.57719903,-1.00471810,0.01452572,0.00746294,-0.99986665,0.02074845,-0.00576993,0.05277938,0.02746958,-0.02706793,0.06056256
10306560000000,synthetic_50hz_04,328,0.02,98.40521195,97.62165279,17.22459040,17.36026931,17.46568144,3.48701250,118.89307035,1,1,0,0,1,-0.48868120,0.03958316,0.05396163,-0.04625251,-0.12178263,-0.12857393,0.04949969,0.11824641,0.11065256,-0.05131977,-0.11130109,-0.08954102,0.05166028,0.10114691,0.06584797,-0.05051140,-0.08807662,-0.04025649,0.04790625,0.07246704,0.01350440,-0.03909408,-0.00092037,-0.37480060,0.04190886,0.23627040,-0.12389190,-0.04344848,0.01174913,-0.33411623,0.04366606,0.21708354,-0.17054872,-0.04255427,0.03691858,-0.28281579,0.04014546,0.18663999,-0.22503154,-0.14793177,0.06730367,0.60730928,0.09576189,-0.19808173,-0.73765007,-0.04083115,0.32314899,0.84672406,-0.01527677,-0.43889972,-0.93138661,0.07094426,0.54199677,0.98919684,-0.12456639,-0.62946779,-1.01848807,0.01452891,0.00707696,-0.99986941,0.02090175,-0.00625264,0.05396163,0.02839082,-0.02720330,0.06027256
10306580000000,synthetic_50hz_04,329,0.02,98.77182420,97.85168707,17.32584864,17.46568144,17.56970611,3.49890039,118.83805170,1,1,0,0,1,-0.48802200,0.03902574,0.05513735,-0.04840673,-0.11989295,-0.11770206,0.05076964,0.11421443,0.09773724,-0.05166884,-0.10524305,-0.07495460,0.05107840,0.09323747,0.05001098,-0.04901535,-0.07854380,-0.02362553,0.04553916,0.06158569,-0.00344106,-0.04127058,0.00091998,-0.36395975,0.04319461,0.23228651,-0.13677105,-0.04380655,0.01776126,-0.31957041,0.04308622,0.20921690,-0.18634149,-0.04105324,0.04641256,-0.26623177,0.03776648,0.17579273,-0.24192827,-0.11562353,0.14922720,0.69011063,0.06161596,-0.27671291,-0.80743043,-0.00583198,0.39622086,0.90147164,-0.05012014,-0.50430558,-0.96952300,0.10462728,0.59785093,1.00962257,-0.15611796,-0.67415996,-1.02061424,0.01453471,0.00668812,-0.99987200,0.02104827,-0.00673413,0.05513735,0.02930465,-0.02733693,0.05997526
10306600000000,synthetic_50hz_04,330,0.02,98.95306994,98.07196364,17.42826877,17.56970611,17.67673474,3.51084442,118.78260605,1,1,0,0,1,-0.48734529,0.03846581,0.05630640,-0.05000390,-0.11667957,-0.10560054,0.05146302,0.10893873,0.08383095,-0.05143843,-0.09805713,-0.05964447,0.04993085,0.08434851,0.03373842,-0.04698374,-0.06820807,-0.00685968,0.04268206,0.05010116,-0.02021683,-0.04289031,0.00408400,-0.35188901,0.04390409,0.22705899,-0.15064138,-0.04358546,0.02490115,-0.30430071,0.04194102,0.20037089,-0.20256997,-0.03901696,0.05670926,-0.24951276,0.03489779,0.16434253,-0.25865537,-0.08230715,0.22876348,0.76447316,0.02708153,-0.35156124,-0.86757544,0.02892487,0.46422333,0.94566512,-0.08409734,-0.56350165,-0.99649084,0.13684525,0.64653394,1.01858726,-0.18564785,-0.71092637,-1.01131733,0.01454314,0.00629655,-0.99987442,0.02118797,-0.00721430,0.05630640,0.03021083,-0.02746881,0.05967071
10306620000000,synthetic_50hz_04,331,0.02,99.06743474,98.27105786,17.53262448,17.67673474,17.78444904,3.52284763,118.72673760,1,1,0,0,1,-0.48665124,0.03790342,0.05746864,-0.05103740,-0.11220515,-0.09242955,0.05158370,0.10250343,0.06910927,-0.05064282,-0.08984649,-0.04379655,0.04824188,0.07459924,0.01722114,-0.04445010,-0.05720126,0.00985075,0.03937681,0.03815413,-0.03663865,-0.04394663,0.00850904,-0.33874856,0.04404116,0.22067194,-0.16532731,-0.04279946,0.03306565,-0.28849302,0.04025470,0.19066474,-0.21904332,-0.03647896,0.06767686,-0.23284907,0.03158125,0.15243004,-0.27502857,-0.04837842,0.30506927,0.82974000,-0.00744507,-0.42186574,-0.91761336,0.06305391,0.52649961,0.97903149,-0.11684488,-0.61595426,-1.01222369,0.16726716,0.68765066,1.01623301,-0.21286705,-0.73952177,-0.99094386,0.01455418,0.00590239,-0.99987666,0.02132081,-0.00769305,0.05746864,0.03110915,-0.02759893,0.05935894
10306640000000,synthetic_50hz_04,332,0.02,99.45150637,98.50714756,17.63839080,17.78444904,17.87731007,3.53491270,118.67045064,1,1,0,0,1,-0.48594004,0.03733861,0.05862393,-0.05150725,-0.10654471,-0.07835635,0.05114198,0.09500318,0.05375143,-0.04930226,-0.08072265,-0.02759684,0.04604114,0.06411486,0.00064661,-0.04145263,-0.04565860,0.02632226,0.03566902,0.02588599,-0.05253224,-0.04443958,0.01412006,-0.32470565,0.04361611,0.21322000,-0.18064961,-0.04146883,0.04214324,-0.27233338,0.03805692,0.18022362,-0.23557407,-0.03347743,0.07918011,-0.21642421,0.02786247,0.14019666,-0.29087361,-0.01422697,0.37736661,0.88538087,-0.04158080,-0.48694306,-0.95720450,0.09618977,0.58248071,1.00143147,-0.14802555,-0.66122517,-1.01678672,0.19559368,0.72090620,1.00282752,-0.23752275,-0.75980317,-0.95995634,0.01456785,0.00550577,-0.99987873,0.02144674,-0.00817030,0.05862393,0.03199936,-0.02772729,0.05903999
10306660000000,synthetic_50hz_04,333,0.02,99.94153836,98.79402572,17.73873689,17.87731007,17.94875869,3.54704114,118.61374952,1,1,0,0,1,-0.48521186,0.03677140,0.05977212,-0.05141982,-0.09978425,-0.06355290,0.05015416,0.08654155,0.03793798,-0.04744252,-0.07080381,-0.01122928,0.04336310,0.05302477,-0.01580316,-0.03803350,-0.03371699,0.04237999,0.03160737,0.01343714,-0.06773498,-0.04437553,0.02083108,-0.30993226,0.04264526,0.20480676,-0.19642775,-0.03961931,0.05201572,-0.25600570,0.03538215,0.16917694,-0.25198019,-0.03005455,0.09108213,-0.20041301,0.02379013,0.12778279,-0.30602786,0.01976809,0.44494920,0.93099273,-0.07495991,-0.54619223,-0.98613938,0.12799059,0.63168829,1.01285518,-0.17733124,-0.69897249,-1.01036989,0.22155935,0.74610497,0.97875516,-0.25939980,-0.77172691,-0.91892247,0.01458414,0.00510684,-0.99988061,0.02156572,-0.00864595,0.05977212,0.03288126,-0.02785387,0.05871390
10306680000000,synthetic_50hz_04,334,0.02,100.12973559,99.06116770,17.82694605,17.94875869,18.00920917,3.55923266,118.55663869,1,1,0,0,1,-0.48446690,0.03620185,0.06091307,-0.05078752,-0.09201919,-0.04819370,0.04864209,0.07722945,0.02184863,-0.04509430,-0.06021315,0.00512634,0.04024641,0.04146088,-0.03195351,-0.03423820,-0.02151327,0.05785945,0.02724288,0.00094542,-0.08209728,-0.04376687,0.02854668,-0.29460286,0.04115045,0.19554311,-0.21248199,-0.03728160,0.06255990,-0.23968978,0.03226903,0.15765661,-0.26808705,-0.02625581,0.10324607,-0.18497997,0.01941525,0.11532627,-0.32034173,0.05324220,0.50718751,0.96629880,-0.10723747,-0.59909802,-1.00433530,0.15814104,0.67373625,1.01341635,-0.20448532,-0.72895035,-0.99328013,0.24493420,0.76314848,0.94450718,-0.27832151,-0.77534468,-0.86850365,0.01460306,0.00470572,-0.99988230,0.02167772,-0.00911990,0.06091307,0.03375461,-0.02797867,0.05838070
10306700000000,synthetic_50hz_04,335,0.02,100.39864580,99.32866332,17.90349656,18.00920917,18.05300158,3.57148554,118.49912267,1,1,0,0,1,-0.48370535,0.03562997,0.06204666,-0.04962831,-0.08335287,-0.03245359,0.04663270,0.06718351,0.00566025,-0.04229265,-0.04907721,0.02129627,0.03673328,0.02955600,-0.04763882,-0.03011487,-0.00918267,0.07260792,0.02262824,-0.01145540,-0.09548370,-0.04263158,0.03716351,-0.27889232,0.03915860,0.18554569,-0.22863548,-0.03449077,0.07364927,-0.22355936,0.02875978,0.14579543,-0.28372901,-0.02212935,0.11553671,-0.17027782,0.01479052,0.10296086,-0.33367979,0.08584893,0.56353267,0.99114601,-0.13809250,-0.64523301,-1.01183147,0.18635480,0.70833099,1.00334536,-0.22924440,-0.75100746,-0.96593233,0.26552478,0.77203203,0.90067103,-0.29414996,-0.77079855,-0.80944296,0.01462460,0.00430256,-0.99988380,0.02178269,-0.00959206,0.06204666,0.03461920,-0.02810167,0.05804043
10306720000000,synthetic_50hz_04,336,0.02,100.88454309,99.63983927,17.96628867,18.05300158,18.07117445,3.58379666,118.44120606,1,1,0,0,1,-0.48292740,0.03505582,0.06317274,-0.04796530,-0.07389501,-0.01650581,0.04415739,0.05652445,-0.01045509,-0.03907641,-0.03752426,0.03711456,0.03286883,0.01744222,-0.06270400,-0.02571363,0.00314267,0.08648566,0.01781710,-0.02363697,-0.10777390,-0.04099275,0.04657186,-0.26297385,0.03670112,0.17493521,-0.24471616,-0.03128566,0.08515554,-0.20778039,0.02489953,0.13372551,-0.29875100,-0.01772528,0.12782192,-0.15644628,0.00996958,0.09081491,-0.34592170,0.11726319,0.61351909,1.00550110,-0.16723054,-0.68425860,-1.00878300,0.21237654,0.73527061,0.98298123,-0.25139964,-0.76508442,-0.92883964,0.28317476,0.77284050,0.84791918,-0.30678583,-0.75831522,-0.74255281,0.01464876,0.00389750,-0.99988511,0.02188060,-0.01006235,0.06317274,0.03547481,-0.02822288,0.05769314
10306740000000,synthetic_50hz_04,337,0.02,101.36804017,99.98547945,18.01034070,18.07117445,18.06567535,3.59616108,118.38289355,1,1,0,0,1,-0.48213327,0.03447942,0.06429118,-0.04582624,-0.06376019,-0.00052002,0.04125156,0.04537558,-0.02633183,-0.03548758,-0.02568277,0.05242452,0.02870047,0.00524952,-0.07700579,-0.02108591,0.01533508,0.09936694,0.01286344,-0.03547756,-0.11886330,-0.03887815,0.05665717,-0.24701713,0.03381341,0.16383498,-0.26055845,-0.02770824,0.09695023,-0.19250958,0.02073566,0.12157680,-0.31300973,-0.01309504,0.13997400,-0.14361109,0.00500644,0.07901017,-0.35696289,0.14718393,0.65676596,1.00944546,-0.19438578,-0.71592466,-0.99545377,0.23598340,0.75444293,0.95276270,-0.27077751,-0.77121025,-0.88260303,0.29776498,0.76574322,0.78699750,-0.31616774,-0.73819946,-0.66870247,0.01467554,0.00349067,-0.99988622,0.02197143,-0.01053066,0.06429118,0.03632122,-0.02834229,0.05733888
10306760000000,synthetic_50hz_04,338,0.02,101.84914880,100.35821332,18.03358125,18.06567535,18.03876445,3.60857213,118.32418987,1,1,0,0,1,-0.48132314,0.03390081,0.06540183,-0.04324300,-0.05306631,0.01533933,0.03795396,0.03386128,-0.04181244,-0.03157069,-0.01368002,0.06708007,0.02427722,-0.00689565,-0.09041376,-0.01628382,0.02727251,0.11114078,0.00782096,-0.04686310,-0.12866355,-0.03631963,0.06730150,-0.23118659,0.03053421,0.15236939,-0.27600484,-0.02380307,0.10890611,-0.17789297,0.01631720,0.10947576,-0.32637481,-0.00829073,0.15187094,-0.13188324,-0.00004523,0.06766068,-0.36671500,0.17533642,0.69297754,1.00316889,-0.21932279,-0.74006833,-0.97220839,0.25698599,0.76582261,0.91321867,-0.28724016,-0.76949787,-0.82790043,0.30921306,0.75098814,0.71871343,-0.32227120,-0.71082708,-0.58880559,0.01470494,0.00308222,-0.99988713,0.02205513,-0.01099691,0.06540183,0.03715821,-0.02845987,0.05697767
10306780000000,synthetic_50hz_04,339,0.02,102.09660112,100.70589088,18.03575820,18.03876445,18.00160818,3.62102171,118.26509987,1,1,0,0,1,-0.48049724,0.03332004,0.06650458,-0.04025103,-0.04193321,0.03091465,0.03430615,0.02210559,-0.05674882,-0.02737222,-0.00164066,0.08094690,0.01964913,-0.01887157,-0.10281124,-0.01135955,0.03883973,0.12171148,0.00274247,-0.05768811,-0.13710273,-0.03335263,0.07838505,-0.21563983,0.02690509,0.14066245,-0.29090722,-0.01961662,0.12089848,-0.16406490,0.01169423,0.09754412,-0.33872955,-0.00336455,0.16339747,-0.12135839,-0.00513260,0.05687193,-0.37510610,0.20147410,0.72194257,0.98696244,-0.24183766,-0.75661172,-0.93950343,0.27522893,0.76946740,0.86495809,-0.30068523,-0.76013898,-0.76547562,0.31747262,0.72889539,0.64392412,-0.32510713,-0.67663742,-0.50380799,0.01473695,0.00267228,-0.99988784,0.02213169,-0.01146100,0.06650458,0.03798559,-0.02857564,0.05660957
10306800000000,synthetic_50hz_04,340,0.02,102.44943576,101.05459986,18.02141519,18.00160818,17.95068383,3.63350105,118.20562844,1,1,0,0,1,-0.47965578,0.03273713,0.06759927,-0.03688878,-0.03048119,0.04605658,0.03035192,0.01023086,-0.07100349,-0.02294000,0.01031444,0.09390333,0.01486670,-0.03056236,-0.11409589,-0.00636480,0.04992915,0.13099902,-0.00232061,-0.06785647,-0.14412538,-0.03001563,0.08978750,-0.20052621,0.02296983,0.12883653,-0.30512811,-0.01519671,0.13280649,-0.15114703,0.00691721,0.08589774,-0.34997163,0.00163180,0.17444605,-0.11211660,-0.01020426,0.04674005,-0.38208077,0.22537996,0.74353259,0.96121041,-0.26175880,-0.76555879,-0.89787808,0.29059102,0.76551357,0.80865951,-0.31104535,-0.74339824,-0.69612691,0.32253211,0.69985039,0.56352465,-0.32472011,-0.63612553,-0.41467571,0.01477158,0.00226101,-0.99988834,0.02220108,-0.01192284,0.06759927,0.03880313,-0.02868958,0.05623462
10306820000000,synthetic_50hz_04,341,0.02,102.63277829,101.37023554,17.99170802,17.95068383,17.89391968,3.64600107,118.14578057,1,1,0,0,1,-0.47879896,0.03215213,0.06868579,-0.03319721,-0.01882976,0.06062523,0.02613668,-0.00164348,-0.08445053,-0.01832261,0.02206935,0.10584109,0.00998029,-0.04185895,-0.12418019,-0.00135023,0.06044173,0.13893913,-0.00731875,-0.07728195,-0.14969238,-0.02634958,0.10138935,-0.18598563,0.01877384,0.11701106,-0.31854161,-0.01059194,0.14451422,-0.13924764,0.00203651,0.07464570,-0.36001351,0.00664766,0.18491760,-0.10422211,-0.01521068,0.03735124,-0.38759986,0.24686751,0.75769942,0.92638182,-0.27894727,-0.76699144,-0.84794443,0.30298485,0.75417074,0.74506041,-0.31828724,-0.71960694,-0.62069594,0.32441325,0.66429654,0.47843653,-0.32118628,-0.58983417,-0.32238356,0.01480882,0.00184853,-0.99988864,0.02226328,-0.01238235,0.06868579,0.03961063,-0.02880168,0.05585287
10306840000000,synthetic_50hz_04,342,0.02,102.65323373,101.62683518,17.95063692,17.89391968,17.83760896,3.65851287,118.08556131,1,1,0,0,1,-0.47792703,0.03156507,0.06976400,-0.02921920,-0.00709640,0.07449119,0.02170694,-0.01340204,-0.09697643,-0.01356886,0.03351410,0.11666581,0.00503958,-0.05265993,-0.13299165,0.00363499,0.07028755,0.14548328,-0.01220477,-0.08588875,-0.15378056,-0.02239735,0.11307313,-0.17214747,0.01436364,0.10530142,-0.33103419,-0.00585110,0.15591170,-0.12846110,-0.00289818,0.06388940,-0.36878270,0.01163387,0.19472223,-0.09772346,-0.02010467,0.02878132,-0.39164020,0.26578133,0.76447189,0.88302138,-0.29329673,-0.76106495,-0.79037741,0.31235624,0.73571616,0.67494650,-0.32241038,-0.68915632,-0.54005656,0.32316928,0.62272779,0.38959655,-0.31461105,-0.53834572,-0.22790428,0.01484867,0.00143499,-0.99988872,0.02231826,-0.01283944,0.06976400,0.04040788,-0.02891194,0.05546435
10306860000000,synthetic_50hz_04,343,0.02,102.40247122,101.78196239,17.90316518,17.83760896,17.79103210,3.67102834,118.02497578,1,1,0,0,1,-0.47704019,0.03097599,0.07083376,-0.02499900,0.00460460,0.08753643,0.01710977,-0.02493450,-0.10848068,-0.00872725,0.04454552,0.12629738,0.00009312,-0.06287228,-0.14047287,0.00854369,0.07938640,0.15059846,-0.01693418,-0.09361177,-0.15638222,-0.01820319,0.12472454,-0.15912978,0.00978629,0.09381793,-0.34250534,-0.00102270,0.16689576,-0.11886750,-0.00783830,0.05372187,-0.37622182,0.01654324,0.20377971,-0.09265367,-0.02484175,0.02109540,-0.39419411,0.28199724,0.76395189,0.83174005,-0.30473300,-0.74800286,-0.72590467,0.31868316,0.71048857,0.59914113,-0.32344554,-0.65249055,-0.45510407,0.31888283,0.57568093,0.29794614,-0.30512658,-0.48227416,-0.13219829,0.01489113,0.00102053,-0.99988860,0.02236602,-0.01329400,0.07083376,0.04119469,-0.02902035,0.05506913
10306880000000,synthetic_50hz_04,344,0.02,102.57801607,101.94117313,17.85606928,17.79103210,17.73518757,3.68354089,117.96402916,1,1,0,0,1,-0.47613868,0.03038493,0.07189496,-0.02058174,0.01616317,0.09965500,0.01239226,-0.03613651,-0.11887619,-0.00384550,0.05506801,0.13467011,-0.00481212,-0.07241188,-0.14658144,0.01333101,0.08766807,0.15426676,-0.02146556,-0.10039676,-0.15750449,-0.01381223,0.13623351,-0.14703850,0.00508889,0.08266494,-0.35286798,0.00384555,0.17737079,-0.11053255,-0.01273692,0.04422721,-0.38228846,0.02133094,0.21201985,-0.08903062,-0.02938050,0.01434770,-0.39526872,0.29542211,0.75630980,0.77320558,-0.31321333,-0.72809136,-0.65529647,0.32197446,0.67888171,0.51849486,-0.32145291,-0.61009958,-0.36674480,0.31166373,0.52372799,0.20442131,-0.29288914,-0.42225709,-0.03620427,0.01493618,0.00060530,-0.99988827,0.02240652,-0.01374596,0.07189496,0.04197086,-0.02912690,0.05466724
10306900000000,synthetic_50hz_04,345,0.02,102.29663107,102.01226471,17.80529896,17.73518757,17.68848558,3.69604465,117.90272673,1,1,0,0,1,-0.47522273,0.02979192,0.07294745,-0.01601292,0.02747436,0.11075350,0.00760107,-0.04691048,-0.12808955,0.00102992,0.06499414,0.14173273,-0.00963121,-0.08120400,-0.15128968,0.01795484,0.09507270,0.15648488,-0.02576082,-0.10620042,-0.15716855,-0.00926997,0.14749510,-0.13596704,0.00031809,0.07194003,-0.36204871,0.00870717,0.18724938,-0.10350751,-0.01754907,0.03548017,-0.38695493,0.02595483,0.21938278,-0.08685762,-0.03368281,0.00858154,-0.39488520,0.30599333,0.74177944,0.70813285,-0.31872530,-0.70167331,-0.57935567,0.32226828,0.64133762,0.43387539,-0.31652011,-0.56251186,-0.27588629,0.30164652,0.46746862,0.10994325,-0.27807631,-0.35894805,0.05916950,0.01498382,0.00018944,-0.99988772,0.02243977,-0.01419523,0.07294745,0.04273619,-0.02923159,0.05425874
10306920000000,synthetic_50hz_04,346,0.02,102.65531249,102.14087427,17.75623734,17.68848558,17.62399752,3.70853502,117.84107381,1,1,0,0,1,-0.47429257,0.02919701,0.07399112,-0.01133791,0.03843916,0.12075146,0.00278196,-0.05716624,-0.13606118,0.00585419,0.07424518,0.14744820,-0.01432156,-0.08918360,-0.15458421,0.02237603,0.10155081,0.15726349,-0.02978540,-0.11099027,-0.15540878,-0.00462178,0.15841030,-0.12599585,-0.00448036,0.06173338,-0.36998794,0.01351734,0.19645278,-0.09782942,-0.02223217,0.02754577,-0.39020785,0.03037578,0.22581902,-0.08612402,-0.03771415,0.00382938,-0.39307794,0.31367799,0.72065266,0.63727432,-0.32128554,-0.66914208,-0.49890799,0.31963028,0.59833982,0.34615791,-0.30875993,-0.51028715,-0.18342794,0.28898788,0.40752266,0.01540966,-0.26088418,-0.29300911,0.15305290,0.01503405,-0.00022690,-0.99988696,0.02246575,-0.01464171,0.07399112,0.04349048,-0.02933441,0.05384367
10306940000000,synthetic_50hz_04,347,0.02,102.49366233,102.21143188,17.70069662,17.62399752,17.56429350,3.72100741,117.77907580,1,1,0,0,1,-0.47334846,0.02860023,0.07502583,-0.00660154,0.04896523,0.12958154,-0.00202061,-0.06682158,-0.14274519,0.01058450,0.08275143,0.15179343,-0.01884324,-0.09629551,-0.15646540,0.02655871,0.10706335,0.15662640,-0.03350849,-0.11474450,-0.15227178,0.00008751,0.16888678,-0.11719229,-0.00926199,0.05212719,-0.37663978,0.01823327,0.20491131,-0.09352135,-0.02674630,0.02047919,-0.39204761,0.03455790,0.23128952,-0.08680597,-0.04144369,0.00011305,-0.38989353,0.31847177,0.69327360,0.56141068,-0.32093810,-0.63093512,-0.41479263,0.31415163,0.55040648,0.25621593,-0.29830803,-0.45400937,-0.09025240,0.27386407,0.34452295,-0.07831315,-0.24152447,-0.22510378,0.24462090,0.01508687,-0.00064359,-0.99988598,0.02248445,-0.01508533,0.07502583,0.04423355,-0.02943535,0.05342209
10306960000000,synthetic_50hz_04,348,0.02,102.68617303,102.30638011,17.64340731,17.56429350,17.49421093,3.73345784,117.71673817,1,1,0,0,1,-0.47239062,0.02800161,0.07605147,-0.00184767,0.05896747,0.13718954,-0.00676386,-0.07580270,-0.14810924,0.01518039,0.09045250,0.15475888,-0.02315926,-0.10249451,-0.15694675,0.03047044,0.11158156,0.15460977,-0.03690314,-0.11745166,-0.14781532,0.00481405,0.17883941,-0.10961056,-0.01398402,0.04319526,-0.38197189,0.02281448,0.21256458,-0.09059288,-0.03105448,0.01432564,-0.39248769,0.03846877,0.23576554,-0.08886734,-0.04484449,-0.00255602,-0.38538976,0.32039758,0.66003276,0.48134174,-0.31775271,-0.58752751,-0.32785330,0.30594688,0.49808355,0.16491270,-0.28532046,-0.39427962,0.00278241,0.25646812,0.27910843,-0.17039730,-0.22022168,-0.15589040,0.33309956,0.01514226,-0.00106049,-0.99988479,0.02249586,-0.01552598,0.07605147,0.04496520,-0.02953440,0.05299405
10306980000000,synthetic_50hz_04,349,0.02,102.61900156,102.36890440,17.58074483,17.49421093,17.42495494,3.74588236,117.65406643,1,1,0,0,1,-0.47141931,0.02740121,0.07706791,0.00288118,0.06836847,0.14353431,-0.01140703,-0.08404449,-0.15213417,0.01960401,0.09729746,0.15634793,-0.02723580,-0.10774530,-0.15605411,0.03408236,0.11508679,0.15126117,-0.03994632,-0.11911028,-0.14210731,0.00951531,0.18819083,-0.10329178,-0.01860569,0.03500270,-0.38596512,0.02722312,0.21936166,-0.08904059,-0.03512287,0.00912043,-0.39155395,0.04207953,0.23922841,-0.09226054,-0.04789351,-0.00417634,-0.37963452,0.31950407,0.62136092,0.39787768,-0.31182289,-0.53942547,-0.23892972,0.29515171,0.44193813,0.07309330,-0.26997117,-0.33170951,0.09485043,0.23700723,0.21191755,-0.26005958,-0.19721027,-0.08601591,0.41777108,0.01520022,-0.00147743,-0.99988338,0.02249998,-0.01596360,0.07706791,0.04568526,-0.02963157,0.05255959
10307000000000,synthetic_50hz_04,350,0.02,101.98854484,102.29283249,17.51531308,17.42495494,17.37703487,3.75827740,117.59106620,1,1,0,0,1,-0.47043478,0.02679905,0.07807502,0.00754420,0.07709896,0.14858754,-0.01591166,-0.09149077,-0.15481360,0.02382038,0.10324485,0.15657631,-0.03104235,-0.11202234,-0.15382485,0.03736935,0.11757018,0.14663855,-0.04261898,-0.11972841,-0.13522460,0.01415048,0.19687173,-0.09826429,-0.02308854,0.02760568,-0.38861309,0.03142422,0.22526110,-0.08884877,-0.03892096,0.00488907,-0.38928378,0.04536504,0.24166928,-0.09692763,-0.05057171,-0.00475599,-0.37270469,0.31586385,0.57772301,0.31183073,-0.30326383,-0.48716000,-0.14884973,0.28192058,0.38255193,-0.01842267,-0.25244942,-0.26691472,0.18516394,0.21570003,0.14358223,-0.34656684,-0.17273191,-0.01611020,0.49797806,0.01526075,-0.00189429,-0.99988175,0.02249682,-0.01639808,0.07807502,0.04639354,-0.02972684,0.05211877
10307020000000,synthetic_50hz_04,351,0.02,101.60794015,102.15585402,17.45723623,17.37703487,17.33596733,3.77064095,117.52774311,1,1,0,0,1,-0.46943727,0.02619518,0.07907268,0.01210253,0.08509798,0.15233340,-0.02024183,-0.09809437,-0.15615335,0.02779755,0.10826266,0.15547132,-0.03455186,-0.11530968,-0.15030699,0.04031001,0.11903227,0.14080924,-0.04490601,-0.11932311,-0.12725189,0.01868071,0.20482118,-0.09454390,-0.02739667,0.02105137,-0.38992162,0.03538584,0.23023087,-0.08999010,-0.04242171,0.00164755,-0.38572517,0.04830392,0.24308870,-0.10280127,-0.05286398,-0.00431201,-0.36468496,0.30957166,0.52961208,0.22400734,-0.29221029,-0.43128058,-0.05842202,0.26642437,0.32051506,-0.10884763,-0.23295730,-0.20050894,0.27297915,0.19277396,0.07472206,-0.42924055,-0.14703287,0.05321910,0.57312675,0.01532383,-0.00231092,-0.99987991,0.02248637,-0.01682936,0.07907268,0.04708986,-0.02982021,0.05167165
10307040000000,synthetic_50hz_04,352,0.02,101.35282472,101.99524816,17.40630329,17.33596733,17.29490042,3.78297225,117.46410289,1,1,0,0,1,-0.46842706,0.02558963,0.08006077,0.01651961,0.09231313,0.15476810,-0.02436442,-0.10381718,-0.15617082,0.03150679,0.11232812,0.15307107,-0.03774081,-0.11760060,-0.14555821,0.04288675,0.11948259,0.13384884,-0.04679624,-0.11791985,-0.11828055,0.02306943,0.21198676,-0.09213441,-0.03149693,0.01537791,-0.38990812,0.03907922,0.23424822,-0.09242649,-0.04560160,-0.00059744,-0.38093582,0.05087857,0.24349619,-0.10980586,-0.05475913,-0.00286988,-0.35566669,0.30074242,0.47754324,0.13520090,-0.27881435,-0.37234915,0.03157056,0.24884794,0.25642005,-0.19743182,-0.21170713,-0.13309825,0.35760104,0.16846270,0.00593917,-0.50746044,-0.12036141,0.12139115,0.64268953,0.01538945,-0.00272718,-0.99987786,0.02246863,-0.01725733,0.08006077,0.04777405,-0.02991166,0.05121827
10307060000000,synthetic_50hz_04,353,0.02,101.36291202,101.86878093,17.35951409,17.29490042,17.24305334,3.79527122,117.40015131,1,1,0,0,1,-0.46740439,0.02498244,0.08103918,0.02076132,0.09870059,0.15589934,-0.02824921,-0.10862998,-0.15489429,0.03492267,0.11542752,0.14942357,-0.04058930,-0.11889723,-0.13964490,0.04508571,0.11893908,0.12584020,-0.04828229,-0.11555186,-0.10840747,0.02728254,0.21832467,-0.09102810,-0.03535912,0.01061446,-0.38860084,0.04247896,0.23729943,-0.09610992,-0.04844072,-0.00184803,-0.37498211,0.05307513,0.24290970,-0.11785855,-0.05624979,-0.00046284,-0.34574678,0.28950913,0.42204785,0.04618505,-0.26324317,-0.31093426,0.12037696,0.22938779,0.19085629,-0.28346845,-0.18891905,-0.06527584,0.43838741,0.14300369,-0.06218654,-0.58066745,-0.09296546,0.18785605,0.70620659,0.01545762,-0.00314292,-0.99987559,0.02244361,-0.01768192,0.08103918,0.04844592,-0.03000121,0.05075870
10307080000000,synthetic_50hz_04,354,0.02,101.59559769,101.81414428,17.31060057,17.24305334,17.17343120,3.80753750,117.33589421,1,1,0,0,1,-0.46636953,0.02437365,0.08200779,0.02479623,0.10422511,0.15574571,-0.03186909,-0.11251239,-0.15236212,0.03802314,0.11755588,0.14458585,-0.04308098,-0.11921018,-0.13264111,0.04689677,0.11742759,0.11687226,-0.04936050,-0.11225952,-0.09773393,0.03128859,0.22379965,-0.09120641,-0.03895612,0.00678145,-0.38603817,0.04556300,0.23937953,-0.10098336,-0.05092274,-0.00211481,-0.36793811,0.05488348,0.24135508,-0.12687040,-0.05733232,0.00286876,-0.33502652,0.27602081,0.36366788,-0.04229242,-0.24567671,-0.24760561,0.20728322,0.20824964,0.12440476,-0.36629795,-0.16481862,0.00238275,0.51475214,0.11663582,-0.12910155,-0.64836579,-0.06509034,0.25209830,0.76328675,0.01552831,-0.00355799,-0.99987310,0.02241132,-0.01810304,0.08200779,0.04910532,-0.03008883,0.05029298
10307100000000,synthetic_50hz_04,355,0.02,101.31817772,101.71495097,17.25298944,17.17343120,17.10829246,3.81976974,117.27133748,1,1,0,0,1,-0.46532275,0.02376331,0.08296647,0.02859573,0.10885995,0.15433600,-0.03520007,-0.11545253,-0.14862194,0.04078957,0.11871656,0.13862303,-0.04520309,-0.11855794,-0.12462755,0.04831339,0.11498124,0.10703901,-0.05003079,-0.10808957,-0.08636448,0.03505899,0.22838497,-0.09264052,-0.04226395,0.00389073,-0.38226773,0.04831270,0.24049188,-0.10698168,-0.05303489,-0.00141630,-0.35988452,0.05629710,0.23886543,-0.13674742,-0.05800662,0.00707814,-0.32361045,0.26044039,0.30295051,-0.12951502,-0.22630552,-0.18292885,0.29161708,0.18564616,0.05763326,-0.44531168,-0.13963453,0.06932392,0.58616774,0.08959717,-0.19428245,-0.71012431,-0.03697668,0.31363974,0.81360767,0.01560153,-0.00397226,-0.99987040,0.02237177,-0.01852062,0.08296647,0.04975207,-0.03017453,0.04982118
10307120000000,synthetic_50hz_04,356,0.02,101.17985107,101.60793099,17.19221671,17.10829246,17.04078685,3.83196639,117.20648708,1,1,0,0,1,-0.46426431,0.02315144,0.08391511,0.03213415,0.11258667,0.15170846,-0.03822141,-0.11744680,-0.14372980,0.04320674,0.11892088,0.13160735,-0.04694640,-0.11696642,-0.11569059,0.04933257,0.11163977,0.09643843,-0.05029646,-0.10309449,-0.07440589,0.03856805,0.23206218,-0.09529221,-0.04526188,0.00194591,-0.37734558,0.05071285,0.24064780,-0.11403264,-0.05476792,0.00022159,-0.35090771,0.05731296,0.23548053,-0.14739162,-0.05827598,0.01211285,-0.31160535,0.24294253,0.24044302,-0.21480240,-0.20532850,-0.11746075,0.37275189,0.16179475,-0.00890797,-0.51995477,-0.11359638,0.13501987,0.65216711,0.06212297,-0.25723908,-0.76557717,-0.00885853,0.37204197,0.85691528,0.01567725,-0.00438559,-0.99986749,0.02232497,-0.01893457,0.08391511,0.05038601,-0.03025830,0.04934335
10307140000000,synthetic_50hz_04,357,0.02,100.78596055,101.44353690,17.12861617,17.04078685,16.98044430,3.84412584,117.14134900,1,1,0,0,1,-0.46319450,0.02253809,0.08485359,0.03538882,0.11539489,0.14791000,-0.04091562,-0.11849944,-0.13774930,0.04526281,0.11818760,0.12361722,-0.04830506,-0.11446835,-0.10592120,0.04995464,0.10744893,0.08517143,-0.05016401,-0.09733170,-0.06196612,0.04179312,0.23482093,-0.09911453,-0.04793240,0.00094273,-0.37133531,0.05275163,0.23986606,-0.12205784,-0.05611601,0.00276615,-0.34109865,0.05793140,0.23124611,-0.15870209,-0.05814693,0.01791544,-0.29911916,0.22371157,0.17668802,-0.29751446,-0.18295076,-0.05174480,0.45010983,0.13691539,-0.07469024,-0.58972832,-0.08693269,0.19897193,0.71234467,0.03444368,-0.31751716,-0.81442379,0.01903836,0.42690823,0.89302269,0.01575547,-0.00479782,-0.99986437,0.02227093,-0.01934480,0.08485359,0.05100699,-0.03034013,0.04885955
10307160000000,synthetic_50hz_04,358,0.02,100.46411948,101.24765342,17.06638398,16.98044430,16.92245334,3.85624697,117.07592931,1,1,0,0,1,-0.46211357,0.02192330,0.08578181,0.03834016,0.11728204,0.14299543,-0.04326844,-0.11862219,-0.13075065,0.04694928,0.11654241,0.11473627,-0.04927655,-0.11110266,-0.09541399,0.05018315,0.10245977,0.07334088,-0.04964295,-0.09086291,-0.04915332,0.04471461,0.23665861,-0.10405271,-0.05026126,0.00086947,-0.36430714,0.05442050,0.23817234,-0.13097364,-0.05707664,0.00617844,-0.33055196,0.05815599,0.22621321,-0.17057596,-0.05762895,0.02442422,-0.28626007,0.20293944,0.11221901,-0.37705493,-0.15938156,0.01369281,0.52316450,0.11122865,-0.13920985,-0.65419099,-0.05986895,0.26071341,0.76635685,0.00678321,-0.37470048,-0.85642828,0.04649809,0.47788476,0.92180849,0.01583618,-0.00520882,-0.99986104,0.02220969,-0.01975125,0.08578181,0.05161483,-0.03042001,0.04836984
10307180000000,synthetic_50hz_04,359,0.02,100.27858534,101.05383980,17.00593311,16.92245334,16.86053733,3.86832903,117.01023412,1,1,0,0,1,-0.46102182,0.02130711,0.08669965,0.04097165,0.11825296,0.13702656,-0.04526882,-0.11783379,-0.12280980,0.04826086,0.11401742,0.10505237,-0.04986153,-0.10691388,-0.08426624,0.05002466,0.09672796,0.06105067,-0.04874556,-0.08375333,-0.03607497,0.04731601,0.23758009,-0.11004490,-0.05223741,0.00170738,-0.35633702,0.05571421,0.23559876,-0.14069217,-0.05765045,0.01041392,-0.31936491,0.05799326,0.22043753,-0.18290935,-0.05673435,0.03157397,-0.27313554,0.18082368,0.04755630,-0.45287425,-0.13483235,0.07834682,0.59144285,0.08495375,-0.20199117,-0.71295987,-0.03262588,0.31981201,0.81392193,-0.02064260,-0.42841253,-0.89141824,0.07331595,0.52466171,0.94321454,0.01591937,-0.00561844,-0.99985750,0.02214124,-0.02015382,0.08669965,0.05220940,-0.03049796,0.04787428
10307200000000,synthetic_50hz_04,360,0.02,100.29121419,100.90131468,16.94486688,16.86053733,16.78733923,3.88037138,116.94426959,1,1,0,0,1,-0.45991952,0.02068955,0.08760700,0.04326985,0.11831952,0.13007144,-0.04690883,-0.11615951,-0.11400754,0.04919541,0.11065056,0.09465675,-0.05006366,-0.10195150,-0.07257696,0.04948855,0.09031314,0.04840474,-0.04748667,-0.07607100,-0.02283699,0.04958388,0.23759725,-0.11702309,-0.05385293,0.00343119,-0.34750573,0.05663059,0.23218325,-0.15112221,-0.05784111,0.01542310,-0.30763652,0.05745261,0.21397870,-0.19559829,-0.05547792,0.03929664,-0.25985148,0.15756552,-0.01679668,-0.52447190,-0.10951486,0.14173609,0.65452653,0.05830683,-0.26258919,-0.76571086,-0.00541780,0.37587172,0.85481939,-0.04762744,-0.47831769,-0.91928308,0.09929955,0.56697354,0.95724341,0.01600503,-0.00602655,-0.99985375,0.02206562,-0.02055245,0.08760700,0.05279053,-0.03057395,0.04737292
10307220000000,synthetic_50hz_04,361,0.02,99.88666306,100.69838436,16.87870527,16.78733923,16.72037144,3.89237282,116.87804193,1,1,0,0,1,-0.45880695,0.02007067,0.08850375,0.04522437,0.11750022,0.12220342,-0.04818364,-0.11363061,-0.10442859,0.04975376,0.10648499,0.08364305,-0.04988945,-0.09626935,-0.06044603,0.04858681,0.08327822,0.03550633,-0.04588338,-0.06788614,-0.00954296,0.05150782,0.23672856,-0.12491389,-0.05510298,0.00600962,-0.33789802,0.05717049,0.22796897,-0.16217009,-0.05765514,0.02115216,-0.29546668,0.05654601,0.20689962,-0.20853957,-0.05387681,0.04752204,-0.24651149,0.13336801,-0.08035670,-0.59139806,-0.08363935,0.20340637,0.71205265,0.03149933,-0.32059175,-0.81217842,0.02154882,0.42853431,0.88888872,-0.07397572,-0.52412203,-0.93997194,0.12426986,0.60459907,0.96395532,0.01609314,-0.00643300,-0.99984981,0.02198286,-0.02094704,0.08850375,0.05335809,-0.03064798,0.04686583
10307240000000,synthetic_50hz_04,362,0.02,99.97693096,100.55409368,16.81220506,16.72037144,16.63900308,3.90433234,116.81155742,1,1,0,0,1,-0.45768441,0.01945050,0.08938979,0.04682777,0.11581968,0.11350038,-0.04909135,-0.11028387,-0.09416080,0.04993960,0.10156853,0.07210651,-0.04934807,-0.08992492,-0.04797336,0.04733381,0.07568873,0.02245711,-0.04395490,-0.05927041,0.00370658,0.05308040,0.23499867,-0.13363944,-0.05598566,0.00940592,-0.32760169,0.05733760,0.22300374,-0.17374059,-0.05710169,0.02754359,-0.28295528,0.05528786,0.19926584,-0.22163150,-0.05195017,0.05617847,-0.23321611,0.10843432,-0.14266365,-0.65325483,-0.05741302,0.26293265,0.76371396,0.00473647,-0.37562118,-0.85215487,0.04807662,0.47748038,0.91602776,-0.09950365,-0.56557360,-0.95349113,0.14806194,0.63736107,0.96346492,0.01618369,-0.00683765,-0.99984566,0.02189297,-0.02133753,0.08938979,0.05391192,-0.03072005,0.04635307
10307260000000,synthetic_50hz_04,363,0.02,99.83891086,100.41105711,16.73946023,16.63900308,16.55422254,3.91624832,116.74482235,1,1,0,0,1,-0.45655217,0.01882909,0.09026502,0.04807552,0.11330820,0.10404390,-0.04963288,-0.10616097,-0.08329422,0.04975930,0.09595307,0.06014312,-0.04845114,-0.08297880,-0.03525808,0.04574610,0.06761221,0.00935652,-0.04172219,-0.05029633,0.01681479,0.05429709,0.23243787,-0.14311815,-0.05650190,0.01357839,-0.31670685,0.05713828,0.21733946,-0.18573772,-0.05619239,0.03453681,-0.27020147,0.05369469,0.19114488,-0.23477465,-0.04971902,0.06519342,-0.22006217,0.08296612,-0.20328307,-0.70969682,-0.03103846,0.31992113,0.80925867,-0.02178404,-0.42733572,-0.88548921,0.07397850,0.52243002,0.93619069,-0.12404013,-0.60246242,-0.95990136,0.17052562,0.66512555,0.95593762,0.01627667,-0.00724037,-0.99984132,0.02179599,-0.02172384,0.09026502,0.05445189,-0.03079016,0.04583471
10307280000000,synthetic_50hz_04,364,0.02,100.03326062,100.33549781,16.66166040,16.55422254,16.45353031,3.92811879,116.67784309,1,1,0,0,1,-0.45541054,0.01820647,0.09112932,0.04896587,0.11000123,0.09391843,-0.04981185,-0.10130796,-0.07192040,0.04922173,0.08969395,0.04784886,-0.04721252,-0.07549401,-0.02239782,0.04384216,0.05911755,-0.00369895,-0.03920781,-0.04103670,0.02968909,0.05515614,0.22908160,-0.15326558,-0.05665531,0.01848098,-0.30530501,0.05658141,0.21103146,-0.19806549,-0.05494112,0.04206879,-0.25730288,0.05178498,0.18260565,-0.24787252,-0.04720588,0.07449411,-0.20714227,0.05716203,-0.26180833,-0.76043133,-0.00471233,0.37401081,0.84848962,-0.04787323,-0.47543038,-0.91208556,0.09907859,0.56314307,0.94938566,-0.14742746,-0.63462008,-0.95931452,0.19152593,0.68780070,0.94158589,0.01637206,-0.00764100,-0.99983678,0.02169194,-0.02210589,0.09112932,0.05497787,-0.03085829,0.04531079
10307300000000,synthetic_50hz_04,365,0.02,100.16257528,100.30091331,16.57424576,16.45353031,16.34204240,3.93994093,116.61062603,1,1,0,0,1,-0.45425980,0.01758269,0.09198260,0.04949974,0.10593887,0.08321052,-0.04963441,-0.09577474,-0.06013154,0.04833808,0.08284938,0.03531894,-0.04564815,-0.06753544,-0.00948808,0.04164217,0.05027441,-0.01661632,-0.03643562,-0.03156396,0.04224167,0.05565847,0.22496999,-0.16399518,-0.05645205,0.02406379,-0.29348839,0.05567818,0.20413797,-0.21062870,-0.05336379,0.05007465,-0.24435500,0.04957891,0.17371781,-0.26083212,-0.04443462,0.08400808,-0.19454421,0.03121630,-0.31786241,-0.80521804,0.02137592,0.42487463,0.88126324,-0.07335186,-0.51963753,-0.93190122,0.12321303,0.59941903,0.95567205,-0.16952192,-0.66191900,-0.95189041,0.21094340,0.70533554,0.92066533,0.01646986,-0.00803942,-0.99983205,0.02158087,-0.02248360,0.09198260,0.05548971,-0.03092445,0.04478140
10307320000000,synthetic_50hz_04,366,0.02,100.27735977,100.29620260,16.47672035,16.34204240,16.22194574,3.95171116,116.54317762,1,1,0,0,1,-0.45310024,0.01695778,0.09282474,0.04968061,0.10116535,0.07200808,-0.04910907,-0.08961445,-0.04801984,0.04712169,0.07547991,0.02264716,-0.04377577,-0.05916926,0.00337844,0.03916777,0.04115273,-0.02930664,-0.03343055,-0.02194974,0.05438992,0.05580756,0.22014726,-0.17521903,-0.05590062,0.03027367,-0.28134918,0.05444191,0.19671952,-0.22333354,-0.05147815,0.05848821,-0.23145053,0.04709814,0.16455129,-0.27356451,-0.04143019,0.09366369,-0.18235060,0.00531747,-0.37109929,-0.84386830,0.04704509,0.47222038,0.90748800,-0.09805133,-0.55972714,-0.94494440,0.14623069,0.63109670,0.95515761,-0.19019416,-0.68427146,-0.93783319,0.22867424,0.71771834,0.89347059,0.01657004,-0.00843549,-0.99982713,0.02146281,-0.02285691,0.09282474,0.05598728,-0.03098863,0.04424658
10307340000000,synthetic_50hz_04,367,0.02,100.05712534,100.24838715,16.36971501,16.22194574,16.10718051,3.96342532,116.47550434,1,1,0,0,1,-0.45193218,0.01633179,0.09365566,0.04951432,0.09572853,0.06039968,-0.04824654,-0.08288296,-0.03567676,0.04558779,0.06764783,0.00992527,-0.04161472,-0.05046239,0.01611237,0.03644188,0.03182209,-0.04168549,-0.03021840,-0.01226434,0.06605679,0.05560927,0.21466127,-0.18684856,-0.05501176,0.03705476,-0.26897885,0.05288787,0.18883842,-0.23608826,-0.04930355,0.06724256,-0.21867885,0.04436557,0.15517568,-0.28598527,-0.03821836,0.10339065,-0.17063849,-0.02035270,-0.42120511,-0.87624405,0.07212323,0.51579114,0.92712258,-0.12181442,-0.59550667,-0.95127172,0.16799364,0.65805347,0.94799526,-0.20932953,-0.70162828,-0.91738765,0.24463035,0.72497481,0.86033133,0.01667260,-0.00882906,-0.99982203,0.02133779,-0.02322574,0.09365566,0.05647047,-0.03105083,0.04370641
10307360000000,synthetic_50hz_04,368,0.02,99.47003484,100.09271669,16.25945052,16.10718051,16.01011892,3.97507963,116.40761273,1,1,0,0,1,-0.45075590,0.01570475,0.09447524,0.04900900,0.08967936,0.04847386,-0.04705956,-0.07563835,-0.02319245,0.04375338,0.05941666,-0.00275761,-0.03918577,-0.04148196,0.02862816,0.03348841,0.02235132,-0.05367335,-0.02682556,-0.00257627,0.07717112,0.05507170,0.20856295,-0.19879523,-0.05379818,0.04434896,-0.25646754,0.05103303,0.18055818,-0.24880373,-0.04686075,0.07627054,-0.20612551,0.04140511,0.14565982,-0.29801487,-0.03482553,0.11312045,-0.15947906,-0.04562028,-0.46789887,-0.90225639,0.09644843,0.55536550,0.94017375,-0.14449592,-0.62682068,-0.95098546,0.18837754,0.68020432,0.93437981,-0.22682814,-0.71397737,-0.89083556,0.25873917,0.72716611,0.82160811,0.01677751,-0.00922001,-0.99981675,0.02120586,-0.02359002,0.09447524,0.05693915,-0.03111104,0.04316095
10307380000000,synthetic_50hz_04,369,0.02,99.46787055,99.96774746,16.15473125,16.01011892,15.90449888,3.98667166,116.33950934,1,1,0,0,1,-0.44957171,0.01507671,0.09528339,0.04817482,0.08307136,0.03631852,-0.04556269,-0.06794037,-0.01065513,0.04163697,0.05085064,-0.01531546,-0.03651084,-0.03229486,0.04084450,0.03033208,0.01280800,-0.06519597,-0.02327883,0.00704812,0.08766781,0.05420504,0.20190586,-0.21097114,-0.05227444,0.05209654,-0.24390349,0.04889591,0.17194304,-0.26139395,-0.04417168,0.08550529,-0.19387184,0.03824149,0.13607128,-0.30957906,-0.03127851,0.12278673,-0.14893739,-0.07032002,-0.51093292,-0.92186387,0.11986950,0.59075745,0.94669406,-0.16596309,-0.65355017,-0.94423061,0.20727188,0.69750073,0.91454456,-0.24260492,-0.72134202,-0.85849177,0.27094355,0.72438668,0.77768825,0.01688476,-0.00960819,-0.99981129,0.02106706,-0.02394968,0.09528339,0.05739321,-0.03116926,0.04261027
10307400000000,synthetic_50hz_04,370,0.02,98.89865549,99.75392906,16.04963365,15.90449888,15.81309049,3.99819938,116.27120078,1,1,0,0,1,-0.44837992,0.01444770,0.09608001,0.04702388,0.07596018,0.02402034,-0.04377213,-0.05984996,0.00184943,0.03925841,0.04201424,-0.02766587,-0.03361285,-0.02296723,0.05268469,0.02699821,0.00325806,-0.07618459,-0.01960521,0.01654504,0.09748805,0.05302139,0.19474564,-0.22328962,-0.05045676,0.06023655,-0.23137245,0.04649636,0.16305748,-0.27377649,-0.04125925,0.09488065,-0.18199450,0.03490003,0.12647599,-0.32060910,-0.02760428,0.13232571,-0.13907230,-0.09429616,-0.55009312,-0.93507052,0.14224658,0.62181604,0.94677923,-0.18609597,-0.67561171,-0.93119186,0.22458013,0.70992918,0.88875779,-0.25658953,-0.72377906,-0.82070042,0.28120134,0.71676205,0.72898188,0.01699434,-0.00999347,-0.99980566,0.02092143,-0.02430464,0.09608001,0.05783251,-0.03122548,0.04205444
10307420000000,synthetic_50hz_04,371,0.02,98.64397544,99.53193834,15.95028553,15.81309049,15.72061002,4.00966184,116.20269370,1,1,0,0,1,-0.44718082,0.01381777,0.09686501,0.04557002,0.06840310,0.01166419,-0.04170554,-0.05142877,0.01423836,0.03663866,0.03297172,-0.03973041,-0.03051548,-0.01356409,0.06407701,0.02351252,-0.00623460,-0.08657624,-0.01583169,0.02585355,0.10657944,0.05153460,0.18713955,-0.23566578,-0.04836279,0.06870734,-0.21895731,0.04385535,0.15396577,-0.28587292,-0.03814716,0.10433160,-0.17056524,0.03140644,0.11693785,-0.33104199,-0.02382985,0.14167645,-0.12993620,-0.11740299,-0.58519874,-0.94192367,0.16345153,0.64842472,0.94056548,-0.20478769,-0.69295631,-0.91209035,0.24021973,0.71750965,0.85731923,-0.26872611,-0.72137685,-0.77783119,0.28948500,0.70444642,0.67591792,0.01710623,-0.01037572,-0.99979986,0.02076903,-0.02465483,0.09686501,0.05825697,-0.03127971,0.04149351
10307440000000,synthetic_50hz_04,372,0.02,98.47401960,99.32035459,15.85382181,15.72061002,15.62355828,4.02105864,116.13399475,1,1,0,0,1,-0.44597473,0.01318695,0.09763829,0.04382867,0.06045853,-0.00066729,-0.03938187,-0.04273871,0.02643216,0.03379967,0.02378671,-0.05143497,-0.02724301,-0.00414892,0.07495490,0.01990092,-0.01560847,-0.09631383,-0.01198508,0.03491587,0.11489600,0.04976007,0.17914603,-0.24801698,-0.04601149,0.07744700,-0.20673756,0.04099481,0.14473152,-0.29760914,-0.03485966,0.11379466,-0.15965063,0.02778664,0.10751839,-0.34082065,-0.01998203,0.15078115,-0.12157506,-0.13950547,-0.61610214,-0.94251160,0.18336830,0.67050057,0.92822665,-0.22194453,-0.70556816,-0.88718049,0.25412201,0.72029389,0.82055651,-0.27897302,-0.71425321,-0.73027550,0.29578111,0.68762028,0.61894031,0.01722041,-0.01075480,-0.99979389,0.02060989,-0.02500020,0.09763829,0.05866646,-0.03133193,0.04092757
10307460000000,synthetic_50hz_04,373,0.02,97.98903468,99.05409061,15.75711113,15.62355828,15.53431453,4.03238942,116.06511066,1,1,0,0,1,-0.44476196,0.01255529,0.09839975,0.04181663,0.05218563,-0.01289417,-0.03682115,-0.03384154,0.03835503,0.03076409,0.01452178,-0.06271010,-0.02382009,0.00521665,0.08525721,0.01618935,-0.02480469,-0.10534631,-0.00809186,0.04367759,0.12239823,0.04771464,0.17082423,-0.26026331,-0.04342288,0.08639375,-0.19478899,0.03793741,0.13541732,-0.30891569,-0.03142143,0.12320821,-0.14931179,0.02406656,0.09827646,-0.34989402,-0.01608728,0.15958541,-0.11402838,-0.16047956,-0.64268819,-0.93696098,0.20189309,0.68799325,0.90997127,-0.23748595,-0.71346315,-0.85674667,0.26623198,0.71836356,0.77882167,-0.28730242,-0.70255323,-0.67844287,0.30008980,0.66648795,0.55850425,0.01733687,-0.01113059,-0.99978777,0.02044408,-0.02534066,0.09839975,0.05906088,-0.03138215,0.04035667
10307480000000,synthetic_50hz_04,374,0.02,97.78569601,98.80041169,15.66353656,15.53431453,15.44008747,4.04365426,115.99604816,1,1,0,0,1,-0.44354282,0.01192283,0.09914930,0.03955194,0.04364387,-0.02493963,-0.03404432,-0.02479847,0.04993524,0.02755517,0.00523813,-0.07349119,-0.02027160,0.01447323,0.09492836,0.01240359,-0.03376733,-0.11362870,-0.00417798,0.05208789,0.12905307,0.04541633,0.16223362,-0.27232794,-0.04061791,0.09548638,-0.18318335,0.03470640,0.12608437,-0.31972797,-0.02785733,0.13251284,-0.13960433,0.02027199,0.08926799,-0.35821712,-0.01217157,0.16803841,-0.10732924,-0.18021257,-0.66487356,-0.92543428,0.21893454,0.70088384,0.88603959,-0.25134451,-0.71668730,-0.82109997,0.27650811,0.71182834,0.73248765,-0.29369985,-0.68644704,-0.62275737,0.30242409,0.64127515,0.49507271,0.01745558,-0.01150295,-0.99978149,0.02027165,-0.02567616,0.09914930,0.05944014,-0.03143036,0.03978089
10307500000000,synthetic_50hz_04,375,0.02,97.46842674,98.53401470,15.56968794,15.44008747,15.34564356,4.05485321,115.92681402,1,1,0,0,1,-0.44231762,0.01128960,0.09988686,0.03705371,0.03489261,-0.03673033,-0.03107306,-0.01566980,0.06110538,0.02419656,-0.00400477,-0.08371873,-0.01662247,0.02356388,0.10391844,0.00856914,-0.04244364,-0.12112212,-0.00026875,0.06009972,0.13483381,0.04288425,0.15343356,-0.28413751,-0.03761826,0.10466462,-0.17198805,0.03132542,0.11679213,-0.32998645,-0.02419229,0.14165161,-0.13057814,0.01642842,0.08054573,-0.36575109,-0.00826020,0.17609309,-0.10150433,-0.19860339,-0.68260576,-0.90812705,0.23441368,0.70918348,0.85670051,-0.26346571,-0.71531511,-0.78057489,0.28492190,0.70082387,0.68194493,-0.29816366,-0.66612755,-0.56365418,0.30280923,0.61222647,0.42911302,0.01757653,-0.01187175,-0.99977506,0.02009264,-0.02600663,0.09988686,0.05980414,-0.03147656,0.03920030
10307520000000,synthetic_50hz_04,376,0.02,97.51656047,98.33052385,15.47558930,15.34564356,15.23653438,4.06598627,115.85741504,1,1,0,0,1,-0.44108667,0.01065565,0.10061233,0.03434192,0.02599077,-0.04819666,-0.02792964,-0.00651456,0.07180259,0.02071213,-0.01314947,-0.09333842,-0.01289749,0.03243439,0.11218326,0.00471101,-0.05078421,-0.12779380,0.00361130,0.06766990,0.13971999,0.04013838,0.14448298,-0.29562245,-0.03444619,0.11386941,-0.16126594,0.02781834,0.10759807,-0.33963684,-0.02045113,0.15057032,-0.12227743,0.01256088,0.07215909,-0.37246313,-0.00437770,0.18370628,-0.09657412,-0.21556254,-0.69586206,-0.88526515,0.24826392,0.71293195,0.82224856,-0.27380773,-0.70944769,-0.73552616,0.29145754,0.68550972,0.62759821,-0.30070449,-0.64180818,-0.50157630,0.30128199,0.57960301,0.36109371,0.01769970,-0.01223687,-0.99976849,0.01990713,-0.02633199,0.10061233,0.06015278,-0.03152075,0.03861496
10307540000000,synthetic_50hz_04,377,0.02,97.29847787,98.12411466,15.37518623,15.23653438,15.12513778,4.07705265,115.78785806,1,1,0,0,1,-0.43985029,0.01002102,0.10132563,0.03143728,0.01699647,-0.05927309,-0.02463670,0.00260978,0.08196879,0.01712584,-0.02214080,-0.10230129,-0.00912123,0.04103348,0.11968440,0.00085365,-0.05874315,-0.13361695,0.00743855,0.07475923,0.14369726,0.03719945,0.13544000,-0.30671718,-0.03112436,0.12304329,-0.15107511,0.02420913,0.09855734,-0.34863017,-0.01665838,0.15921768,-0.11474061,0.00869381,0.06415397,-0.37832646,-0.00054770,0.19083877,-0.09255296,-0.23101227,-0.70464830,-0.85710194,0.26043088,0.71219612,0.78300092,-0.28234115,-0.69921100,-0.68632562,0.29611139,0.66606729,0.56986322,-0.30134460,-0.61372056,-0.43697141,0.29788990,0.54367997,0.29148151,0.01782508,-0.01259817,-0.99976177,0.01971517,-0.02665220,0.10132563,0.06048598,-0.03156291,0.03802495
10307560000000,synthetic_50hz_04,378,0.02,97.06608991,97.91250971,15.27016588,15.12513778,15.01169610,4.08805113,115.71814991,1,1,0,0,1,-0.43860881,0.00938575,0.10202667,0.02836108,0.00796672,-0.06989829,-0.02121717,0.01164760,0.09155075,0.01346155,-0.03092612,-0.11056376,-0.00531783,0.04931302,0.12638916,-0.00297921,-0.06627821,-0.13857070,0.01119035,0.08133257,0.14675719,0.03408873,0.12636163,-0.31736041,-0.02767567,0.13213062,-0.14146879,0.02052165,0.08972259,-0.35692286,-0.01283821,0.16754556,-0.10800038,0.00485094,0.05657262,-0.38332022,0.00320717,0.19745542,-0.08944929,-0.24488648,-0.70899757,-0.82391553,0.27087218,0.70706830,0.73929440,-0.28904852,-0.68475391,-0.63335907,0.29889145,0.64269775,0.50916371,-0.30011720,-0.58211231,-0.37028891,0.29269044,0.50474431,0.22073852,0.01795263,-0.01295553,-0.99975493,0.01951682,-0.02696718,0.10202667,0.06080366,-0.03160306,0.03743034
10307580000000,synthetic_50hz_04,379,0.02,96.30075438,97.59015864,15.16160857,15.01169610,14.91599692,4.09898024,115.64829748,1,1,0,0,1,-0.43736253,0.00874987,0.10271536,0.02513504,-0.00104288,-0.08001542,-0.01769405,0.02054536,0.10050028,0.00974294,-0.03945551,-0.11808768,-0.00151092,0.05722815,0.13227055,-0.00676465,-0.07335086,-0.14264001,0.01484519,0.08735884,0.14889708,0.03082795,0.11730347,-0.32749527,-0.02412317,0.14107789,-0.13249516,0.01677957,0.08114375,-0.36447675,-0.00901425,0.17550909,-0.10208374,0.00105518,0.04945358,-0.38742935,0.00686537,0.20352515,-0.08726580,-0.25713058,-0.70896878,-0.78600593,0.27955716,0.69766454,0.69148256,-0.29392398,-0.66624630,-0.57702343,0.29981684,0.61561987,0.44592844,-0.29706583,-0.54724484,-0.30197713,0.28575028,0.46309248,0.14931967,0.01808235,-0.01330882,-0.99974795,0.01931214,-0.02727688,0.10271536,0.06110573,-0.03164119,0.03683121
10307600000000,synthetic_50hz_04,380,0.02,95.84061461,97.24024984,15.05845168,14.91599692,14.82187339,4.10983948,115.57830768,1,1,0,0,1,-0.43611177,0.00811344,0.10339163,0.02178114,-0.00997840,-0.08957218,-0.01409035,0.02925186,0.10877426,0.00599333,-0.04768196,-0.12484032,0.00227649,0.06473738,0.13730719,-0.01048067,-0.07992638,-0.14581542,0.01838269,0.09281107,0.15011972,0.02743910,0.10831945,-0.33706948,-0.02048982,0.14983386,-0.12419735,0.01300623,0.07286783,-0.37125912,-0.00520949,0.18306680,-0.09701207,-0.00267146,0.04283155,-0.39064440,0.01040654,0.20902099,-0.08599971,-0.26770136,-0.70464518,-0.74369237,0.28646655,0.68412295,0.63993287,-0.29697277,-0.64387713,-0.51772381,0.29891713,0.58506803,0.38058852,-0.29224357,-0.50939115,-0.23248070,0.27714450,0.41902829,0.07767034,0.01821421,-0.01365793,-0.99974085,0.01910121,-0.02758123,0.10339163,0.06139212,-0.03167729,0.03622761
10307620000000,synthetic_50hz_04,381,0.02,95.86498542,96.96519695,14.95908880,14.82187339,14.70939231,4.12062890,115.50818742,1,1,0,0,1,-0.43485687,0.00747649,0.10405538,0.01832152,-0.01878783,-0.09852099,-0.01042889,0.03771838,0.11633465,0.00223559,-0.05556150,-0.13079434,0.00602216,0.07180275,0.14148316,-0.01410629,-0.08597389,-0.14809296,0.02178373,0.09766637,0.15043317,0.02394430,0.09946159,-0.34603545,-0.01679847,0.15834984,-0.11661340,0.00922449,0.06493880,-0.37724262,-0.00144618,0.19018071,-0.09280128,-0.00630800,0.03673742,-0.39296139,0.01381157,0.21392004,-0.08564296,-0.27656669,-0.69613281,-0.69731056,0.29159207,0.66660186,0.58502395,-0.29821070,-0.61785247,-0.45587083,0.29623179,0.55129011,0.31357473,-0.28571237,-0.46883379,-0.16223814,0.26695573,0.37286078,0.00622414,0.01834820,-0.01400273,-0.99973363,0.01888409,-0.02788018,0.10405538,0.06166275,-0.03171136,0.03561963
10307640000000,synthetic_50hz_04,382,0.02,96.14936373,96.80203031,14.85421627,14.70939231,14.57090942,4.13134786,115.43794364,1,1,0,0,1,-0.43359813,0.00683905,0.10470655,0.01477831,-0.02742125,-0.10681900,-0.00673221,0.04589893,0.12314856,-0.00150797,-0.06305332,-0.13592768,0.00970468,0.07838985,0.14478795,-0.01762161,-0.09146637,-0.14947391,0.02503049,0.10190587,0.14985047,0.02036570,0.09077981,-0.35435034,-0.01307167,0.16657982,-0.10977621,0.00545666,0.05739747,-0.38240520,0.00225427,0.19681641,-0.08946190,-0.00983453,0.03119823,-0.39438161,0.01706261,0.21820344,-0.08618251,-0.28370529,-0.68355894,-0.64721010,0.29493604,0.64527813,0.52714297,-0.29766364,-0.58839366,-0.39187805,0.29180946,0.51454552,0.24531511,-0.27754227,-0.42586279,-0.09167962,0.25527341,0.32490225,-0.06459904,0.01848428,-0.01434310,-0.99972630,0.01866086,-0.02817366,0.10470655,0.06191755,-0.03174340,0.03500734
10307660000000,synthetic_50hz_04,383,0.02,95.74897284,96.59141882,14.73522739,14.57090942,14.43593638,4.14199404,115.36758331,1,1,0,0,1,-0.43233589,0.00620119,0.10534504,0.01117354,-0.03583107,-0.11442821,-0.00302248,0.05375030,0.12918816,-0.00521573,-0.07011989,-0.14022354,0.01330356,0.08446789,0.14721622,-0.02100785,-0.09638064,-0.14996459,0.02810647,0.10551469,0.14838940,0.01672533,0.08232169,-0.36197613,-0.00933155,0.17448060,-0.10371360,0.00172437,0.05028136,-0.38673004,0.00587136,0.20294311,-0.08699926,-0.01323229,0.02623715,-0.39491136,0.02014318,0.22185630,-0.08760059,-0.28910632,-0.66707043,-0.59375191,0.29651088,0.62034531,0.46668307,-0.29536689,-0.55573536,-0.32615953,0.28570734,0.47510329,0.17623266,-0.26781071,-0.38077378,-0.02122492,0.24219298,0.27546638,-0.13439474,0.01862245,-0.01467891,-0.99971886,0.01843157,-0.02846162,0.10534504,0.06215647,-0.03177341,0.03439082
10307680000000,synthetic_50hz_04,384,0.02,95.26261208,96.32565747,14.60952517,14.43593638,14.30500983,4.15256471,115.29711340,1,1,0,0,1,-0.43107046,0.00556292,0.10597079,0.00752903,-0.04397217,-0.12131541,0.00067867,0.06123227,0.13443065,-0.00886680,-0.07672702,-0.14367020,0.01679930,0.09000969,0.14876767,-0.02424747,-0.10069734,-0.14957609,0.03099657,0.10848184,0.14607217,0.01304500,0.07413237,-0.36887962,-0.00559979,0.18201195,-0.09844836,-0.00195151,0.04362469,-0.39020543,0.00938559,0.20853363,-0.08541366,-0.01648372,0.02187352,-0.39456175,0.02303818,0.22486763,-0.08987498,-0.29276905,-0.64683211,-0.53730581,0.29633865,0.59201192,0.40404101,-0.29136468,-0.52012374,-0.25912752,0.27799053,0.43324016,0.10674326,-0.25660178,-0.33386606,0.04871845,0.22781508,0.22486644,-0.20277559,0.01876267,-0.01501006,-0.99971133,0.01819632,-0.02874400,0.10597079,0.06237945,-0.03180139,0.03377013
10307700000000,synthetic_50hz_04,385,0.02,94.85088534,96.03070304,14.48162873,14.30500983,14.17210349,4.16305734,115.22654091,1,1,0,0,1,-0.42980218,0.00492430,0.10658371,0.00386626,-0.05180204,-0.12745220,0.00435015,0.06830764,0.13885823,-0.01244114,-0.08284390,-0.14626091,0.02017345,0.09499173,0.14944682,-0.02732415,-0.10440091,-0.14832411,0.03368708,0.11080016,0.14292515,0.00934619,0.06625435,-0.37503241,-0.00189745,0.18913667,-0.09399832,-0.00555092,0.03745825,-0.39282462,0.01277852,0.21356445,-0.08470058,-0.01957252,0.01812294,-0.39334846,0.02573389,0.22723026,-0.09297931,-0.29470242,-0.62302520,-0.47824813,0.29445052,0.56049969,0.33961487,-0.28570948,-0.48181470,-0.19119035,0.26873130,0.38923877,0.03725372,-0.24400546,-0.28544091,0.11775695,0.21224484,0.17341366,-0.26937263,0.01890493,-0.01533642,-0.99970370,0.01795517,-0.02902075,0.10658371,0.06258642,-0.03182733,0.03314536
10307720000000,synthetic_50hz_04,386,0.02,94.41814238,95.70819091,14.35162813,14.17210349,14.03566543,4.17346961,115.15587285,1,1,0,0,1,-0.42853136,0.00428536,0.10718374,0.00020627,-0.05928090,-0.13281496,0.00797159,0.07494233,0.14245791,-0.01591963,-0.08844314,-0.14799374,0.02340869,0.09939409,0.14926284,-0.03022287,-0.10747947,-0.14622863,0.03616571,0.11246616,0.13897857,0.00564996,0.05872741,-0.38041088,0.00175509,0.19582068,-0.09037644,-0.00905474,0.03180944,-0.39458568,0.01603283,0.21801564,-0.08485085,-0.02248365,0.01499726,-0.39129148,0.02821804,0.22894072,-0.09688337,-0.29492466,-0.59584564,-0.41695953,0.29088624,0.52604189,0.27380189,-0.27846144,-0.44107210,-0.12275042,0.25800847,0.34338599,-0.03184001,-0.23011699,-0.23579991,0.18551247,0.19559113,0.12141560,-0.33383652,0.01904920,-0.01565789,-0.99969598,0.01770820,-0.02929181,0.10718374,0.06277733,-0.03185124,0.03251658
10307740000000,synthetic_50hz_04,387,0.02,94.09842163,95.38623706,14.21892380,14.03566543,13.88902025,4.18379925,115.08511623,1,1,0,0,1,-0.42725833,0.00364615,0.10777080,-0.00343041,-0.06637181,-0.13738478,0.01152336,0.08110545,0.14522149,-0.01928409,-0.09350078,-0.14887141,0.02648885,0.10320044,0.14822929,-0.03292992,-0.10992478,-0.14331365,0.03842161,0.11347995,0.13426621,0.00197683,0.05158850,-0.38499612,0.00533820,0.20203307,-0.08759095,-0.01244481,0.02670222,-0.39549132,0.01913233,0.22187087,-0.08585093,-0.02520341,0.01250474,-0.38841481,0.03047976,0.22999910,-0.10155336,-0.29346273,-0.56550253,-0.35382280,0.28569359,0.48888165,0.20699649,-0.26968777,-0.39816608,-0.05420238,0.24590673,0.29597121,-0.10015441,-0.21503608,-0.18524334,0.25162370,0.17796585,0.06917482,-0.39583857,0.01919546,-0.01597434,-0.99968818,0.01745550,-0.02955713,0.10777080,0.06295214,-0.03187310,0.03188386
10307760000000,synthetic_50hz_04,388,0.02,93.87622931,95.08423551,14.08036431,13.88902025,13.72715994,4.19404368,115.01427809,1,1,0,0,1,-0.42598342,0.00300670,0.10834482,-0.00702384,-0.07304073,-0.14114738,0.01498665,0.08676931,0.14714536,-0.02251740,-0.09799628,-0.14890108,0.02939895,0.10639798,0.14636390,-0.03543292,-0.11173217,-0.13960698,0.04044535,0.11384507,0.12882513,-0.00165325,0.04487166,-0.38877385,0.00883307,0.20774618,-0.08564544,-0.01570398,0.02215713,-0.39554872,0.02206207,0.22511735,-0.08768307,-0.02771942,0.01065005,-0.38474625,0.03250962,0.23040895,-0.10695222,-0.29035194,-0.53221654,-0.28922087,0.27892784,0.44927037,0.13958835,-0.25946212,-0.35337152,0.01406858,0.23251599,0.24728481,-0.16731990,-0.19886631,-0.13406876,0.31574731,0.15948322,0.01698745,-0.45507158,0.01934369,-0.01628566,-0.99968030,0.01719713,-0.02981665,0.10834482,0.06311080,-0.03189293,0.03124728
10307780000000,synthetic_50hz_04,389,0.02,93.29871310,94.72713102,13.93201847,13.72715994,13.56319355,4.20419955,114.94336547,1,1,0,0,1,-0.42470696,0.00236707,0.10890573,-0.01055476,-0.07925660,-0.14409304,0.01834354,0.09190945,0.14823039,-0.02560348,-0.10191250,-0.14809419,0.03212526,0.10897737,0.14368836,-0.03772085,-0.11290037,-0.13513994,0.04222893,0.11356840,0.12269536,-0.00522103,0.03860795,-0.39173433,0.01222177,0.21293553,-0.08453905,-0.01881619,0.01819132,-0.39476929,0.02480829,0.22774572,-0.09032559,-0.03002065,0.00943445,-0.38031712,0.03429962,0.23017714,-0.11303995,-0.28563540,-0.49621841,-0.22353496,0.27065118,0.40746613,0.07196069,-0.24786396,-0.30696641,0.08168825,0.21793071,0.19761671,-0.23298207,-0.18171441,-0.08256963,0.37755891,0.14025920,-0.03485798,-0.51125056,0.01949386,-0.01659175,-0.99967235,0.01693320,-0.03007033,0.10890573,0.06325327,-0.03191072,0.03060693
10307800000000,synthetic_50hz_04,390,0.02,92.96689324,94.37508347,13.77711201,13.56319355,13.38493299,4.21426328,114.87238541,1,1,0,0,1,-0.42342927,0.00172728,0.10945346,-0.01400466,-0.08499138,-0.14621643,0.02157706,0.09650466,0.14848174,-0.02852739,-0.10523567,-0.14646625,0.03465526,0.11093268,0.14022808,-0.03978400,-0.11343146,-0.12994706,0.04376576,0.11265995,0.11591961,-0.00870800,0.03282541,-0.39387226,0.01548734,0.21757992,-0.08426661,-0.02176648,0.01481855,-0.39316857,0.02735848,0.22975007,-0.09375309,-0.03209740,0.00885588,-0.37516195,0.03584318,0.22931367,-0.11977382,-0.27936357,-0.45774745,-0.15714273,0.26093219,0.36373224,0.00448866,-0.23497801,-0.25923047,0.14829481,0.20224931,0.14725496,-0.29680288,-0.16368967,-0.03103401,0.43675398,0.12041078,-0.08608165,-0.56411326,0.01964595,-0.01689250,-0.99966434,0.01666378,-0.03031812,0.10945346,0.06337952,-0.03192646,0.02996287
10307820000000,synthetic_50hz_04,391,0.02,92.22740945,93.94554866,13.61239682,13.38493299,13.20796262,4.22423070,114.80134498,1,1,0,0,1,-0.42215068,0.00108738,0.10998795,-0.01735583,-0.09022006,-0.14751655,0.02467121,0.10053696,0.14790873,-0.03127531,-0.10795532,-0.14403663,0.03697773,0.11226128,0.13601189,-0.04161406,-0.11333070,-0.12406586,0.04505064,0.11113274,0.10854296,-0.01209645,0.02754905,-0.39518663,0.01861377,0.22166134,-0.08481882,-0.02454104,0.01204930,-0.39076590,0.02970143,0.23112775,-0.09793671,-0.03394136,0.00890906,-0.36931827,0.03713511,0.22783158,-0.12710875,-0.27159368,-0.41705009,-0.09041665,0.24984523,0.31833578,-0.06246214,-0.22089363,-0.21044370,0.21354012,0.18557356,0.09648443,-0.35846164,-0.14490331,0.02025653,0.49304854,0.10005544,-0.13641349,-0.61342063,0.01979993,-0.01718780,-0.99965627,0.01638897,-0.03055997,0.10998795,0.06348951,-0.03194016,0.02931518
10307840000000,synthetic_50hz_04,392,0.02,91.84560189,93.52555931,13.44253446,13.20796262,13.01656843,4.23409774,114.73025122,1,1,0,0,1,-0.42087152,0.00044741,0.11050913,-0.02059141,-0.09492070,-0.14799656,0.02761103,0.10399154,0.14652463,-0.03383460,-0.11006425,-0.14082833,0.03908270,0.11296375,0.13107188,-0.04320404,-0.11260646,-0.11753657,0.04607978,0.10900267,0.10061262,-0.01536951,0.02280082,-0.39568059,0.02158610,0.22516501,-0.08618239,-0.02712724,0.00989078,-0.38758429,0.03182715,0.23187933,-0.10284440,-0.03554552,0.00958565,-0.36282629,0.03817158,0.22574675,-0.13499754,-0.26238933,-0.37437848,-0.02372249,0.23746996,0.27154621,-0.12853705,-0.20570423,-0.16088512,0.27709080,0.16800794,0.04558565,-0.41765589,-0.12546791,0.07102808,0.54617977,0.07931058,-0.18559404,-0.65895704,0.01995579,-0.01747755,-0.99964815,0.01610884,-0.03079582,0.11050913,0.06358322,-0.03195182,0.02866395
10307860000000,synthetic_50hz_04,393,0.02,91.62350917,93.14514928,13.26362873,13.01656843,12.80756034,4.24385994,114.66219261,1,1,0,0,1,-0.41959211,-0.00019259,0.11101694,-0.02369548,-0.09907442,-0.14766365,0.03038261,0.10685678,0.14434650,-0.03619380,-0.11155842,-0.13686778,0.04096150,0.11304377,0.12544310,-0.04454827,-0.11127001,-0.11040183,0.04685068,0.10628829,0.09217763,-0.01851125,0.01859960,-0.39536133,0.02439043,0.22807929,-0.08834027,-0.02951360,0.00834701,-0.38365018,0.03372699,0.23200851,-0.10844109,-0.03690423,0.01087435,-0.35572866,0.03895013,0.22307774,-0.14339115,-0.25181986,-0.32998919,0.04258217,0.22389073,0.22363410,-0.19339353,-0.18950673,-0.11083153,0.33862927,0.14965916,-0.00516636,-0.47410217,-0.10549684,0.12101530,0.59590648,0.05829300,-0.23337531,-0.70053053,0.02011349,-0.01776164,-0.99963998,0.01582349,-0.03102564,0.11101694,0.06366062,-0.03196143,0.02800925
10307880000000,synthetic_50hz_04,394,0.02,91.10692572,92.73750457,13.07208000,12.80756034,12.59747619,4.25351202,114.60125316,1,1,0,0,1,-0.41831279,-0.00083257,0.11151132,-0.02665301,-0.10266538,-0.14652885,0.03297315,0.10912419,0.14139498,-0.03834265,-0.11243691,-0.13218462,0.04260672,0.11250801,0.11916332,-0.04564241,-0.10933546,-0.10270648,0.04736222,0.10301071,0.08328857,-0.02150666,0.01496123,-0.39423990,0.02701395,0.23039570,-0.09127183,-0.03168987,0.00741892,-0.37899319,0.03539351,0.23152196,-0.11468901,-0.03801316,0.01276108,-0.34807021,0.03946961,0.21984566,-0.15223900,-0.23995999,-0.28414187,0.10814921,0.20919611,0.17486989,-0.25670235,-0.17240101,-0.06055634,0.39785464,0.13063551,-0.05550309,-0.52753659,-0.08510373,0.16996233,0.64200942,0.03711837,-0.27952148,-0.73797282,0.02027301,-0.01803996,-0.99963178,0.01553302,-0.03124938,0.11151132,0.06372170,-0.03196899,0.02735116
10307900000000,synthetic_50hz_04,395,0.02,90.53682616,92.29736889,12.87274640,12.59747619,12.38997113,4.26304869,114.54028074,1,1,0,0,1,-0.41703388,-0.00147250,0.11199220,-0.02945001,-0.10568077,-0.14460694,0.03537094,0.11078833,0.13769410,-0.04027211,-0.11270181,-0.12681148,0.04401222,0.11136605,0.11227282,-0.04648343,-0.10681955,-0.09449729,0.04761451,0.09919339,0.07399735,-0.02434173,0.01189852,-0.39233104,0.02944495,0.23210878,-0.09495302,-0.03364701,0.00710443,-0.37364596,0.03682061,0.23042924,-0.12154788,-0.03886925,0.01522908,-0.33989771,0.03973016,0.21607395,-0.16148918,-0.22688919,-0.23709806,0.17264118,0.19347832,0.12552271,-0.31814849,-0.15448938,-0.01032848,0.45448344,0.11104644,-0.10516353,-0.57771542,-0.06440198,0.21762362,0.68429159,0.01590078,-0.32380952,-0.77113932,0.02043432,-0.01831244,-0.99962355,0.01523751,-0.03146700,0.11199220,0.06376644,-0.03197451,0.02668976
10307920000000,synthetic_50hz_04,396,0.02,89.76060635,91.79001638,12.66998079,12.38997113,12.19620124,4.27246518,114.47928174,1,1,0,0,1,-0.41575572,-0.00211234,0.11245953,-0.03207347,-0.10811077,-0.14191619,0.03756542,0.11184675,0.13327110,-0.04197435,-0.11235814,-0.12078374,0.04517313,0.10963018,0.10481413,-0.04706956,-0.10374154,-0.08582268,0.04760894,0.09486199,0.06435692,-0.02700346,0.00942129,-0.38965306,0.03167286,0.23321609,-0.09935662,-0.03537717,0.00739852,-0.36764387,0.03800338,0.22874265,-0.12897520,-0.03947074,0.01825910,-0.33125959,0.03973314,0.21178828,-0.17108875,-0.21269130,-0.18912002,0.23573242,0.17683276,0.07585926,-0.37743216,-0.13587606,0.03958856,0.50825034,0.09100199,-0.15389502,-0.62441544,-0.04350428,0.26376462,0.72257834,-0.00524767,-0.36602976,-0.79990898,0.02059740,-0.01857895,-0.99961528,0.01493707,-0.03167844,0.11245953,0.06379483,-0.03197799,0.02602513
10307940000000,synthetic_50hz_04,397,0.02,89.19227341,91.27046779,12.47099338,12.19620124,12.01026950,4.28175804,114.41826258,1,1,0,0,1,-0.41447862,-0.00275204,0.11291326,-0.03451143,-0.10994853,-0.13847829,0.03954716,0.11229995,0.12815622,-0.04344274,-0.11141372,-0.11413934,0.04608583,0.10731538,0.09683178,-0.04740025,-0.10012308,-0.07673251,0.04734810,0.09004419,0.05442101,-0.02947989,0.00753640,-0.38622763,0.03368826,0.23371814,-0.10445239,-0.03687374,0.00829337,-0.36102486,0.03893822,0.22647715,-0.13692640,-0.03981709,0.02182950,-0.32220570,0.03948116,0.20701633,-0.18098397,-0.19745398,-0.14046961,0.29711008,0.15935751,0.02614282,-0.43426948,-0.11666669,0.08893769,0.55890869,0.07061232,-0.20145408,-0.66743430,-0.02252216,0.30816245,0.75671747,-0.02621732,-0.40598636,-0.82418412,0.02076222,-0.01883942,-0.99960700,0.01463179,-0.03188368,0.11291326,0.06380686,-0.03197941,0.02535736
10307960000000,synthetic_50hz_04,398,0.02,88.56359991,90.72909421,12.27748935,12.01026950,11.83801813,4.29092516,114.35722964,1,1,0,0,1,-0.41320291,-0.00339157,0.11335332,-0.03675299,-0.11119008,-0.13431809,0.04130789,0.11215128,0.12238249,-0.04467186,-0.10987911,-0.10691856,0.04674792,0.10443908,0.08837211,-0.04747622,-0.09598802,-0.06727785,0.04683575,0.08476957,0.04424394,-0.03176011,0.00624781,-0.38207960,0.03548287,0.23361825,-0.11020728,-0.03813130,0.00977841,-0.35382919,0.03962273,0.22365020,-0.14535517,-0.03990900,0.02591643,-0.31278711,0.03897797,0.20178769,-0.19112053,-0.18126828,-0.09140722,0.35647497,0.14115284,-0.02336779,-0.48839327,-0.09696789,0.13746910,0.60623096,0.04998731,-0.24760711,-0.70659074,-0.00156557,0.35060649,0.78657917,-0.04690130,-0.44349773,-0.84389016,0.02092875,-0.01909375,-0.99959871,0.01432177,-0.03208267,0.11335332,0.06380254,-0.03197879,0.02468651
10307980000000,synthetic_50hz_04,399,0.02,88.14604609,90.21248459,12.09291143,11.83801813,11.67365731,4.29996590,114.29618934,1,1,0,0,1,-0.41192893,-0.00403088,0.11377967,-0.03878834,-0.11183432,-0.12946348,0.04284048,0.11140686,0.11598558,-0.04565751,-0.10776749,-0.09916376,0.04715821,0.10102112,0.07948300,-0.04729932,-0.09136228,-0.05751071,0.04607676,0.07906941,0.03388036,-0.03383430,0.00555663,-0.37723686,0.03704957,0.23292256,-0.11658565,-0.03914563,0.01184049,-0.34609925,0.04005570,0.22028162,-0.15421361,-0.03974834,0.03049396,-0.30305583,0.03822844,0.19613361,-0.20144377,-0.16422820,-0.04219080,0.41354247,0.12232076,-0.07241906,-0.53955363,-0.07688675,0.18494104,0.65000921,0.02923606,-0.29213109,-0.74172472,0.01925751,0.39089886,0.81205596,-0.06719588,-0.47839683,-0.85897525,0.02109697,-0.01934183,-0.99959040,0.01400711,-0.03227537,0.11377967,0.06378185,-0.03197613,0.02401268
10308000000000,synthetic_50hz_04,400,0.02,87.54106381,89.67820043,11.91682470,11.67365731,11.52717226,4.30888082,114.23514805,1,1,0,0,1,-0.41065700,-0.00466993,0.11419225,-0.04060874,-0.11188295,-0.12394519,0.04413897,0.11007549,0.10900352,-0.04639665,-0.10509450,-0.09091923,0.04731669,0.09708359,0.07021370,-0.04687258,-0.08627372,-0.04748387,0.04507710,0.07297653,0.02338506,-0.03569375,0.00546117,-0.37173014,0.03838239,0.23163986,-0.12354943,-0.03991371,0.01446395,-0.33787931,0.04023715,0.21639349,-0.16345249,-0.03933813,0.03553423,-0.29306464,0.03723855,0.19008692,-0.21189891,-0.14643018,0.00692512,0.46804318,0.10296458,-0.12076368,-0.58751846,-0.05653046,0.23112057,0.69005531,0.00846654,-0.33481414,-0.77269755,0.03984147,0.42885486,0.83306255,-0.08700083,-0.51053150,-0.86940997,0.02126685,-0.01958360,-0.99958210,0.01368790,-0.03246175,0.11419225,0.06374481,-0.03197142,0.02333594
10308020000000,synthetic_50hz_04,401,0.02,87.09539839,89.16164002,11.75317068,11.52717226,11.39264796,4.31767196,114.17411216,1,1,0,0,1,-0.40938744,-0.00530868,0.11459101,-0.04220657,-0.11134035,-0.11779663,0.04519855,0.10816856,0.10147661,-0.04688744,-0.10187821,-0.08223096,0.04722454,0.09265067,0.06061456,-0.04620013,-0.08075197,-0.03725061,0.04384375,0.06652515,0.01281271,-0.03733081,0.00595703,-0.36559286,0.03947653,0.22978154,-0.13105838,-0.04043369,0.01763072,-0.32921536,0.04016823,0.21201000,-0.17302145,-0.03868250,0.04100763,-0.28286681,0.03601526,0.18368185,-0.22243128,-0.12797275,0.05569030,0.51972366,0.08318849,-0.16816134,-0.63207395,-0.03600586,0.27578421,0.72620125,-0.01221483,-0.37545609,-0.79939182,0.06008336,0.46430340,0.84953557,-0.10621966,-0.53976462,-0.87518680,0.02143836,-0.01981895,-0.99957380,0.01336427,-0.03264176,0.11459101,0.06369143,-0.03196466,0.02265638
10308040000000,synthetic_50hz_04,402,0.02,86.87678360,88.70466874,11.60175114,11.39264796,11.26201693,4.32634252,114.11308803,1,1,0,0,1,-0.40812058,-0.00594710,0.11497591,-0.04357531,-0.11021361,-0.11105369,0.04601557,0.10569997,0.09344711,-0.04712918,-0.09813895,-0.07314641,0.04688403,0.08774855,0.05073687,-0.04528719,-0.07482831,-0.02686456,0.04238470,0.05975074,0.00221772,-0.03873896,0.00703715,-0.35886089,0.04032832,0.22736150,-0.13907018,-0.04070486,0.02132048,-0.32015486,0.03985123,0.20715732,-0.18286921,-0.03778667,0.04688287,-0.27251597,0.03456658,0.17695385,-0.23298648,-0.10895606,0.10385963,0.56834695,0.06309712,-0.21437945,-0.67302491,-0.01541905,0.31871861,0.75829925,-0.03270355,-0.41386896,-0.82171146,0.07988329,0.49708728,0.86143335,-0.12475996,-0.56597435,-0.87631972,0.02161148,-0.02004781,-0.99956551,0.01303630,-0.03281537,0.11497591,0.06362172,-0.03195585,0.02197408
10308060000000,synthetic_50hz_04,403,0.02,86.26050901,88.21583679,11.45906277,11.26201693,11.15188039,4.33489621,114.05208202,1,1,0,0,1,-0.40685675,-0.00658513,0.11534689,-0.04470956,-0.10851235,-0.10375457,0.04658751,0.10268602,0.08495917,-0.04712232,-0.09389921,-0.06371435,0.04629857,0.08240524,0.04063261,-0.04414001,-0.06853549,-0.01637942,0.04070887,0.05268982,-0.00834599,-0.03991281,0.00869188,-0.35157245,0.04093525,0.22439604,-0.14754072,-0.04072768,0.02551075,-0.31074658,0.03928954,0.20186349,-0.19294378,-0.03665688,0.05312721,-0.26206583,0.03290141,0.16993946,-0.24351059,-0.08948148,0.15119394,0.61369315,0.04279516,-0.25919385,-0.71019516,0.00512497,0.35972109,0.78622192,-0.05289734,-0.44987740,-0.83958153,0.09914466,0.52706353,0.86873562,-0.14253359,-0.58905417,-0.87284365,0.02178616,-0.02027008,-0.99955724,0.01270411,-0.03298256,0.11534689,0.06353571,-0.03194500,0.02128911
10308080000000,synthetic_50hz_04,404,0.02,85.82401052,87.73747154,11.33004617,11.15188039,11.05302573,4.34333783,113.99110048,1,1,0,0,1,-0.40559626,-0.00722274,0.11570392,-0.04560502,-0.10624872,-0.09593963,0.04691298,0.09914531,0.07605852,-0.04686841,-0.08918350,-0.05398462,0.04547261,0.07665049,0.03035431,-0.04276582,-0.06190761,-0.00584887,0.03882606,0.04537990,-0.01882520,-0.04084806,0.01090909,-0.34376787,0.04129593,0.22090375,-0.15642425,-0.04050371,0.03017701,-0.30104036,0.03848764,0.19615823,-0.20319265,-0.03530037,0.05970654,-0.25157006,0.03102957,0.16267616,-0.25395037,-0.06965123,0.19746075,0.65555983,0.02238698,-0.30238948,-0.74342776,0.02552269,0.39860017,0.80986231,-0.07269654,-0.48331903,-0.85294815,0.11777451,0.55410358,0.87144311,-0.15945699,-0.60891307,-0.86481395,0.02196239,-0.02048569,-0.99954899,0.01236781,-0.03314327,0.11570392,0.06343340,-0.03193211,0.02060158
10308100000000,synthetic_50hz_04,405,0.02,85.51837170,87.29365157,11.21369758,11.05302573,10.95953347,4.35167288,113.93014972,1,1,0,0,1,-0.40433945,-0.00785989,0.11604695,-0.04625850,-0.10343727,-0.08765116,0.04699171,0.09509865,0.06679239,-0.04637014,-0.08401828,-0.04400797,0.04441169,0.07051563,0.01995477,-0.04117283,-0.05497998,0.00467373,0.03674694,0.03785923,-0.02916749,-0.04154151,0.01367422,-0.33548948,0.04141009,0.21690544,-0.16567356,-0.04003560,0.03529280,-0.29108695,0.03745102,0.19007289,-0.21356299,-0.03372535,0.06658556,-0.24108202,0.02896171,0.15520223,-0.26425343,-0.04956799,0.24243499,0.69376249,0.00197629,-0.34376091,-0.77258519,0.04567240,0.43517605,0.82913389,-0.09200433,-0.51404486,-0.86177828,0.13568373,0.57809352,0.86957720,-0.17545131,-0.62547547,-0.85230580,0.02214014,-0.02069456,-0.99954077,0.01202750,-0.03329750,0.11604695,0.06331484,-0.03191717,0.01991155
10308120000000,synthetic_50hz_04,406,0.02,85.06516735,86.84795473,11.10694866,10.95953347,10.87696667,4.35990710,113.86923608,1,1,0,0,1,-0.40308663,-0.00849653,0.11637594,-0.04666793,-0.10009492,-0.07893327,0.04682456,0.09056893,0.05720925,-0.04563121,-0.07843181,-0.03383586,0.04312230,0.06403345,0.00948697,-0.03937015,-0.04778898,0.01513544,0.03448294,0.03016674,-0.03932149,-0.04199109,0.01697038,-0.32678136,0.04127858,0.21242401,-0.17524016,-0.03932709,0.04082987,-0.28093782,0.03618622,0.18364025,-0.22400185,-0.03194093,0.07372788,-0.23065464,0.02670928,0.14755657,-0.27436839,-0.02933452,0.28589961,0.72813485,-0.01833430,-0.38311300,-0.79754956,0.06547454,0.46928107,0.84397055,-0.11072711,-0.54191954,-0.86605947,0.15278737,0.59893422,0.86317949,-0.19044270,-0.63868134,-0.83541365,0.02231937,-0.02089662,-0.99953259,0.01168329,-0.03344519,0.11637594,0.06318005,-0.03190019,0.01921911
10308140000000,synthetic_50hz_04,407,0.02,85.27259884,86.53288355,11.01035622,10.87696667,10.77888246,4.36804647,113.80836583,1,1,0,0,1,-0.40183813,-0.00913263,0.11669084,-0.04683233,-0.09624079,-0.06983167,0.04641344,0.08558107,0.04735866,-0.04465642,-0.07245401,-0.02352028,0.04161195,0.05723807,-0.00099620,-0.03736778,-0.04037192,0.02548396,0.03204628,0.02234183,-0.04923701,-0.04219582,0.02077842,-0.31768922,0.04090331,0.20748436,-0.18507451,-0.03838296,0.04675829,-0.27064493,0.03470071,0.17689441,-0.23445633,-0.02995710,0.08109622,-0.22034024,0.02428448,0.13977860,-0.28424505,-0.00905330,0.32764631,0.75852920,-0.03844351,-0.42026135,-0.81822271,0.08483198,0.50076005,0.85432649,-0.12877471,-0.56682161,-0.86579963,0.16900480,0.61654144,0.85231136,-0.20436240,-0.64848610,-0.81425056,0.02250006,-0.02109178,-0.99952444,0.01133529,-0.03358633,0.11669084,0.06302906,-0.03188117,0.01852434
10308160000000,synthetic_50hz_04,408,0.02,84.38460966,86.10322877,10.91313724,10.77888246,10.71074760,4.37609580,113.74754526,1,1,0,0,1,-0.40059426,-0.00976815,0.11699163,-0.04675181,-0.09189621,-0.06039350,0.04576135,0.08016186,0.03729108,-0.04345157,-0.06611640,-0.01311354,0.03988905,0.05016478,-0.01144206,-0.03517652,-0.03276688,0.03566779,0.02944983,0.01442429,-0.05886520,-0.04215582,0.02507703,-0.30826023,0.04028729,0.20211329,-0.19512613,-0.03720900,0.05304656,-0.26026062,0.03300293,0.16987068,-0.24487375,-0.02778467,0.08865248,-0.21019030,0.02170020,0.13190810,-0.29383458,0.01117379,0.36747604,0.78481664,-0.05825181,-0.45503280,-0.83452628,0.10365039,0.52947075,0.86017614,-0.14606069,-0.58864381,-0.86102672,0.18425999,0.63084599,0.83705350,-0.21714699,-0.65486059,-0.78894763,0.02268218,-0.02127998,-0.99951634,0.01098363,-0.03372089,0.11699163,0.06286192,-0.03186010,0.01782733
10308180000000,synthetic_50hz_04,409,0.02,84.29065120,85.74071326,10.82813360,10.71074760,10.63707666,4.38406060,113.68678061,1,1,0,0,1,-0.39935535,-0.01040304,0.11727826,-0.04642759,-0.08708456,-0.05066720,0.04487236,0.07433987,0.02705771,-0.04202343,-0.05945193,-0.00266814,0.03796295,0.04284996,-0.02179836,-0.03280798,-0.02501261,0.04563640,0.02670715,0.00645413,-0.06815872,-0.04187228,0.02984283,-0.29854279,0.03943457,0.19633936,-0.20534384,-0.03581201,0.05966172,-0.24983736,0.03110221,0.16260543,-0.25520186,-0.02543524,0.09635791,-0.20025536,0.01896997,0.12398506,-0.30308963,0.03124584,0.40519965,0.80688730,-0.07766166,-0.48726593,-0.84640173,0.12183846,0.55528410,0.86151400,-0.16250259,-0.60729318,-0.85178842,0.19848170,0.64179371,0.81750538,-0.22873849,-0.65779102,-0.75965328,0.02286569,-0.02146115,-0.99950829,0.01062840,-0.03384884,0.11727826,0.06267866,-0.03183700,0.01712817
10308200000000,synthetic_50hz_04,410,0.02,84.32053322,85.45667725,10.74788968,10.63707666,10.55492071,4.39194597,113.62607814,1,1,0,0,1,-0.39812171,-0.01103727,0.11755070,-0.04586193,-0.08183119,-0.04070227,0.04375154,0.06814536,0.01671028,-0.04037977,-0.05249487,0.00776348,0.03584384,0.03533092,-0.03201341,-0.03027451,-0.01714837,0.05534039,0.02383235,-0.00152857,-0.07707187,-0.04134748,0.03505047,-0.28858642,0.03835024,0.19019284,-0.21567590,-0.03419973,0.06656950,-0.23942761,0.02900874,0.15513598,-0.26538898,-0.02292117,0.10417325,-0.19058481,0.01610794,0.11604959,-0.31196451,0.05106322,0.44063837,0.82465056,-0.09657790,-0.51681144,-0.85381039,0.13930818,0.57808460,0.85835447,-0.17802215,-0.62269131,-0.83815179,0.21160365,0.64934554,0.79378480,-0.23908452,-0.65727883,-0.72653263,0.02305057,-0.02163521,-0.99950029,0.01026973,-0.03397016,0.11755070,0.06247935,-0.03181186,0.01642693
10308220000000,synthetic_50hz_04,411,0.02,83.62097528,85.08953685,10.66684271,10.55492071,10.49433695,4.39975599,113.56544403,1,1,0,0,1,-0.39689366,-0.01167079,0.11780892,-0.04505816,-0.07616335,-0.03054918,0.04240499,0.06161015,0.00630090,-0.03852927,-0.04528070,0.01812904,0.03354273,0.02764578,-0.04203631,-0.02758914,-0.00921383,0.06473165,0.02084015,-0.00948376,-0.08556075,-0.04058474,0.04067269,-0.27844159,0.03704038,0.18370553,-0.22607020,-0.03238084,0.07373443,-0.22908365,0.02673354,0.14750043,-0.27538419,-0.02025548,0.11205885,-0.18122676,0.01312879,0.10814171,-0.32041531,0.07052791,0.47362435,0.83803514,-0.11490797,-0.54353259,-0.85673339,0.15597517,0.59777053,0.85073163,-0.19254554,-0.63477446,-0.82020287,0.22356472,0.65347756,0.76602729,-0.24813844,-0.65334059,-0.68976678,0.02323678,-0.02180211,-0.99949236,0.00990774,-0.03408481,0.11780892,0.06226401,-0.03178469,0.01572371
10308240000000,synthetic_50hz_04,412,0.02,83.27581596,84.72679268,10.59439029,10.49433695,10.43818828,4.40749510,113.50488448,1,1,0,0,1,-0.39567150,-0.01230356,0.11805288,-0.04402066,-0.07011007,-0.02025913,0.04083980,0.05476751,-0.00411812,-0.03648151,-0.03784598,0.02837663,0.03107145,0.01983333,-0.05181704,-0.02476557,-0.00124888,0.07376353,0.01774570,-0.01737158,-0.09358339,-0.03958845,0.04668047,-0.26815949,0.03551209,0.17691073,-0.23647444,-0.03036493,0.08111994,-0.21885737,0.02428842,0.13973757,-0.28513749,-0.01745186,0.11997480,-0.17222786,0.01004769,0.10030131,-0.32840007,0.08954381,0.50400115,0.84698926,-0.13256226,-0.56730553,-0.85517164,0.17175887,0.61425423,0.83869903,-0.20600359,-0.64349369,-0.79804633,0.23430913,0.65418093,0.73438559,-0.25585943,-0.64600783,-0.64955217,0.02342429,-0.02196178,-0.99948449,0.00954253,-0.03419279,0.11805288,0.06203273,-0.03175548,0.01501858
10308260000000,synthetic_50hz_04,413,0.02,83.02472601,84.38637934,10.52878545,10.43818828,10.38266660,4.41516780,113.44440565,1,1,0,0,1,-0.39445557,-0.01293555,0.11828255,-0.04275485,-0.06370210,-0.00988390,0.03906402,0.04765209,-0.01449444,-0.03424695,-0.03022825,0.03845491,0.02844253,0.01193292,-0.06130670,-0.02181810,0.00670645,0.08239099,0.01456464,-0.02515246,-0.10109991,-0.03836402,0.05304307,-0.25779192,0.03377341,0.16984305,-0.24683627,-0.02816246,0.08868851,-0.20880014,0.02168593,0.13188675,-0.29459998,-0.01452463,0.12788109,-0.16363316,0.00688028,0.09256792,-0.33587890,0.10801706,0.53162422,0.85148073,-0.14945436,-0.58801973,-0.84914571,0.18658282,0.62746235,0.82232943,-0.21833201,-0.64881494,-0.77180501,0.24378658,0.65146189,0.69902908,-0.26221268,-0.63532690,-0.60609983,0.02361308,-0.02211415,-0.99947669,0.00917423,-0.03429406,0.11828255,0.06178554,-0.03172424,0.01431164
10308280000000,synthetic_50hz_04,414,0.02,82.61253084,84.03160964,10.46741553,10.38266660,10.33443397,4.42277831,113.38401366,1,1,0,0,1,-0.39324616,-0.01356670,0.11849792,-0.04126715,-0.05697173,0.00052429,0.03708662,0.04029973,-0.02477590,-0.03183687,-0.02246586,0.04831321,0.02566925,0.00398429,-0.07045763,-0.01876157,0.01461215,0.09057072,0.01131299,-0.03278731,-0.10807262,-0.03691786,0.05972819,-0.24739107,0.03183332,0.16253835,-0.25710353,-0.02578470,0.09640178,-0.19896260,0.01893934,0.12398773,-0.30372401,-0.01148862,0.13573771,-0.15548594,0.00364257,0.08498067,-0.34281413,0.12585631,0.55636132,0.85149702,-0.16550134,-0.60557823,-0.83869576,0.20037489,0.63733603,0.80171451,-0.22947154,-0.65071914,-0.74161946,0.25195242,0.64534171,0.66014317,-0.26716939,-0.62135878,-0.55963465,0.02380310,-0.02225918,-0.99946897,0.00880296,-0.03438862,0.11849792,0.06152252,-0.03169096,0.01360296
10308300000000,synthetic_50hz_04,415,0.02,82.21723402,83.66873452,10.41156328,10.33443397,10.29206885,4.43033079,113.32371461,1,1,0,0,1,-0.39204359,-0.01419699,0.11869895,-0.03956496,-0.04995279,0.01091300,0.03491750,0.03274739,-0.03491064,-0.02926336,-0.01459788,0.05790178,0.02276553,-0.00397250,-0.07922359,-0.01561136,0.02242835,0.09826135,0.00800712,-0.04023758,-0.11446618,-0.03525739,0.06670202,-0.23700941,0.02970171,0.15503359,-0.26722437,-0.02324373,0.10422068,-0.18939451,0.01606256,0.11608053,-0.31246332,-0.00835921,0.14350478,-0.14782761,0.00035093,0.07757806,-0.34917042,0.14297308,0.57809297,0.84704525,-0.18062406,-0.61989801,-0.82388135,0.21306756,0.64383110,0.77696456,-0.23936822,-0.64920224,-0.70764752,0.25876779,0.63585658,0.61792868,-0.27070696,-0.60417887,-0.51039466,0.02399433,-0.02239680,-0.99946133,0.00842884,-0.03447643,0.11869895,0.06124374,-0.03165566,0.01289264
10308320000000,synthetic_50hz_04,416,0.02,81.56049971,83.24708756,10.36137562,10.29206885,10.26502363,4.43782935,113.26351458,1,1,0,0,1,-0.39084816,-0.01482637,0.11888561,-0.03765670,-0.04268045,0.02122972,0.03256744,0.02503306,-0.04484730,-0.02653925,-0.00666396,0.06717191,0.01974591,-0.01189727,-0.08755992,-0.01238330,0.03011549,0.10542353,0.00466366,-0.04746547,-0.12024774,-0.03339101,0.07392937,-0.22669942,0.02738936,0.14736675,-0.27714742,-0.02055241,0.11210557,-0.18014458,0.01307015,0.10820537,-0.32077325,-0.00515223,0.15114275,-0.14069747,-0.00297799,0.07039794,-0.35491490,0.15928201,0.59671288,0.83815227,-0.19474737,-0.63091029,-0.80478133,0.22459807,0.64691826,0.74820818,-0.24797351,-0.64427528,-0.67006383,0.26419976,0.62305755,0.57260122,-0.27280900,-0.58387677,-0.45863026,0.02418674,-0.02252697,-0.99945377,0.00805199,-0.03455749,0.11888561,0.06094926,-0.03161834,0.01218076
10308340000000,synthetic_50hz_04,417,0.02,81.53833418,82.90533688,10.32090778,10.26502363,10.22682431,4.44527860,113.20341960,1,1,0,0,1,-0.38966019,-0.01545481,0.11905789,-0.03555170,-0.03519117,0.03142206,0.03004806,0.01719557,-0.05453522,-0.02367812,0.00129579,0.07607611,0.01662553,-0.01974979,-0.09542368,-0.00909361,0.03763439,0.11202015,0.00129952,-0.05443397,-0.12538702,-0.03132805,0.08137379,-0.21651352,0.02490788,0.13957665,-0.28682203,-0.01772430,0.12001633,-0.17126031,0.00997722,0.10040244,-0.32861088,-0.00188390,0.15861244,-0.13413268,-0.00632730,0.06347727,-0.36001732,0.17470115,0.61212831,0.82486459,-0.20780043,-0.63856077,-0.78149364,0.23490872,0.64658322,0.71559186,-0.25524449,-0.63596438,-0.62905924,0.26822145,0.60701040,0.52439054,-0.27346545,-0.56055601,-0.40460342,0.02438028,-0.02264962,-0.99944630,0.00767253,-0.03463177,0.11905789,0.06063916,-0.03157899,0.01146741
10308360000000,synthetic_50hz_04,418,0.02,81.61356539,82.64698258,10.28139273,10.22682431,10.17671566,4.45268245,113.14343568,1,1,0,0,1,-0.38847997,-0.01608225,0.11921577,-0.03326024,-0.02752256,0.04143790,0.02737180,0.00927450,-0.06392458,-0.02069422,0.00924094,0.08456829,0.01342001,-0.02748997,-0.10277386,-0.00575890,0.04494644,0.11801641,-0.00206824,-0.06110709,-0.12985649,-0.02907880,0.08899766,-0.20650382,0.02226973,0.13170289,-0.29619838,-0.01477364,0.12791255,-0.16278776,0.00679943,0.09271185,-0.33593519,0.00142918,0.16587525,-0.12816800,-0.00967995,0.05685207,-0.36445012,0.18915228,0.62426049,0.80724833,-0.21971694,-0.64280992,-0.75413502,0.24394705,0.64282683,0.67927966,-0.26114406,-0.62431075,-0.58484034,0.27081217,0.58779551,0.47353981,-0.27267263,-0.53433384,-0.34858690,0.02457494,-0.02276472,-0.99943892,0.00729058,-0.03469926,0.11921577,0.06031352,-0.03153762,0.01075266
10308380000000,synthetic_50hz_04,419,0.02,81.64641938,82.44686994,10.23742836,10.17671566,10.11941541,4.46004352,113.08356879,1,1,0,0,1,-0.38730781,-0.01670866,0.11935921,-0.03079350,-0.01971329,0.05122560,0.02455189,0.00131008,-0.07296661,-0.01760244,0.01713089,0.09260395,0.01014550,-0.03507798,-0.10957148,-0.00239607,0.05201375,0.12338002,-0.00542245,-0.06744994,-0.13363144,-0.02665442,0.09676234,-0.19672193,0.01948812,0.12378568,-0.30522769,-0.01171533,0.13575361,-0.15477145,0.00355289,0.08517342,-0.34270721,0.00477010,0.17289327,-0.12283574,-0.01301874,0.05055722,-0.36818862,0.20256119,0.63304498,0.78538918,-0.23043541,-0.64363321,-0.72284088,0.25166607,0.63566520,0.63945273,-0.26564108,-0.60937066,-0.53762887,0.27195753,0.56550769,0.42030491,-0.27043332,-0.50534086,-0.29086337,0.02477067,-0.02287221,-0.99943164,0.00690627,-0.03475996,0.11935921,0.05997243,-0.03149423,0.01003662
10308400000000,synthetic_50hz_04,420,0.02,81.34442771,82.22638150,10.18786292,10.11941541,10.06982117,4.46736326,113.02382485,1,1,0,0,1,-0.38614400,-0.01733401,0.11948822,-0.02816354,-0.01180292,0.06073420,0.02160231,-0.00665700,-0.08161375,-0.01441828,0.02492499,0.10014033,0.00681856,-0.04247438,-0.11577981,0.00097774,0.05879922,0.12808131,-0.00874585,-0.07342885,-0.13669017,-0.02406698,0.10462825,-0.18721885,0.01657704,0.11586572,-0.31386241,-0.00856487,0.14349888,-0.14725415,0.00025417,0.07782658,-0.34889020,0.00812172,0.17962943,-0.11816554,-0.01632644,0.04462639,-0.37121110,0.21485798,0.63843201,0.75939229,-0.23989942,-0.64102136,-0.68776489,0.25802445,0.62512977,0.59630891,-0.26871052,-0.59121539,-0.48766106,0.27164954,0.54025600,0.36495372,-0.26675677,-0.47372078,-0.23172459,0.02496744,-0.02297205,-0.99942445,0.00651972,-0.03481384,0.11948822,0.05961597,-0.03144882,0.00931936
10308420000000,synthetic_50hz_04,421,0.02,81.03079859,81.98726491,10.13828539,10.06982117,10.02757777,4.47464288,112.96420977,1,1,0,0,1,-0.38498886,-0.01795824,0.11960277,-0.02538325,-0.00383182,0.06991357,0.01853773,-0.01458568,-0.08981984,-0.01115777,0.03258267,0.10713656,0.00345612,-0.04964029,-0.12136449,0.00434517,0.06526675,0.13209342,-0.01202119,-0.07901155,-0.13901403,-0.02132937,0.11255503,-0.17804469,0.01355115,0.10798406,-0.32205639,-0.00533828,0.15110778,-0.14027670,-0.00307979,0.07071023,-0.35444980,0.01146669,0.18604761,-0.11418430,-0.01958578,0.03909184,-0.37349893,0.22597731,0.64038683,0.72938209,-0.24805785,-0.63498051,-0.64907876,0.26298677,0.61126740,0.55006218,-0.27033367,-0.56993116,-0.43518706,0.26988671,0.51216355,0.30776529,-0.26165880,-0.43963002,-0.17147050,0.02516522,-0.02306421,-0.99941738,0.00613106,-0.03486090,0.11960277,0.05924423,-0.03140140,0.00860097
10308440000000,synthetic_50hz_04,422,0.02,80.69262499,81.72833693,10.09178819,10.02757777,9.99289943,4.48188373,112.90472939,1,1,0,0,1,-0.38384266,-0.01858133,0.11970285,-0.02246635,0.00415898,0.07871463,0.01537351,-0.02243471,-0.09754034,-0.00783746,0.04006363,0.11355393,0.00007544,-0.05653750,-0.12629370,0.00768875,0.07138137,0.13539236,-0.01523127,-0.08416728,-0.14058760,-0.01845531,0.12050164,-0.16924855,0.01042581,0.10018195,-0.32976506,-0.00205211,0.15854002,-0.13387784,-0.00643174,0.06386257,-0.35935420,0.01478754,0.19211285,-0.11091598,-0.02277958,0.03398432,-0.37503667,0.23585872,0.63889003,0.69550216,-0.25486514,-0.62553241,-0.60697181,0.26652368,0.59414039,0.50094219,-0.27049822,-0.54561903,-0.38047017,0.26667416,0.48136721,0.24902902,-0.25516177,-0.40323736,-0.11040825,0.02536398,-0.02314863,-0.99941040,0.00574041,-0.03490112,0.11970285,0.05885732,-0.03135198,0.00788155
10308460000000,synthetic_50hz_04,423,0.02,80.61174449,81.50501844,10.05025491,9.99289943,9.95525480,4.48908756,112.84538955,1,1,0,0,1,-0.38270572,-0.01920322,0.11978844,-0.01942733,0.01212794,0.08708952,0.01212563,-0.03016275,-0.10473248,-0.00447434,0.04732796,0.11935595,-0.00330595,-0.06312868,-0.13053834,0.01099092,0.07710937,0.13795724,-0.01835902,-0.08886696,-0.14139877,-0.01545928,0.12842656,-0.16087825,0.00721700,0.09250073,-0.33694568,0.00127663,0.16575568,-0.12809403,-0.00978416,0.05732092,-0.36357429,0.01806670,0.19779144,-0.10838149,-0.02589076,0.02933294,-0.37581223,0.24444694,0.63393784,0.65791495,-0.26028154,-0.61271460,-0.56165062,0.26861210,0.57382651,0.44919364,-0.26919845,-0.51839473,-0.32378619,0.26202368,0.44801740,0.18904384,-0.24729465,-0.36472351,-0.04885127,0.02556367,-0.02322529,-0.99940354,0.00534791,-0.03493451,0.11978844,0.05845532,-0.03130054,0.00716117
10308480000000,synthetic_50hz_04,424,0.02,80.68253786,81.34052232,10.01035486,9.95525480,9.91023880,4.49625601,112.78619600,1,1,0,0,1,-0.38157831,-0.01982389,0.11985954,-0.01628143,0.02003312,0.09499185,0.00881063,-0.03772857,-0.11135546,-0.00108581,0.05433628,0.12450863,-0.00667031,-0.06937746,-0.13407216,0.01423413,0.08241845,0.13977033,-0.02138756,-0.09308327,-0.14143886,-0.01235653,0.13628784,-0.15298022,0.00394125,0.08498163,-0.34355743,0.00463058,0.17271541,-0.12295928,-0.01311930,0.05112165,-0.36708384,0.02128663,0.20305109,-0.10659854,-0.02890243,0.02516499,-0.37581692,0.25169211,0.62554238,0.61680160,-0.26427333,-0.59658052,-0.51333852,0.26923543,0.55041896,0.39507566,-0.26643534,-0.48838857,-0.26542258,0.25595380,0.41227771,0.12811724,-0.23809299,-0.32428069,0.01288178,0.02576427,-0.02329416,-0.99939679,0.00495367,-0.03496104,0.11985954,0.05803835,-0.03124711,0.00643992
10308500000000,synthetic_50hz_04,425,0.02,80.10445534,81.09330893,9.96830612,9.91023880,9.88475416,4.50339014,112.72715448,1,1,0,0,1,-0.38046073,-0.02044329,0.11991613,-0.01304457,0.02783238,0.10237687,0.00544558,-0.04509117,-0.11737066,0.00231041,0.06104996,0.12898060,-0.00999978,-0.07524866,-0.13687197,0.01740086,0.08727790,0.14081726,-0.02430027,-0.09679087,-0.14070272,-0.00916297,0.14404334,-0.14559919,0.00061566,0.07766564,-0.34956170,0.00799198,0.17938055,-0.11850496,-0.01641929,0.04529995,-0.36985964,0.02442982,0.20786109,-0.10558150,-0.03179798,0.02150582,-0.37504560,0.25755013,0.61373196,0.57236155,-0.26681310,-0.57719963,-0.46227516,0.26838372,0.52402636,0.33886116,-0.26221671,-0.45574516,-0.20567763,0.24848988,0.37432462,0.06656432,-0.22759896,-0.28211213,0.07446807,0.02596575,-0.02335519,-0.99939016,0.00455783,-0.03498073,0.11991613,0.05760650,-0.03119167,0.00571789
10308520000000,synthetic_50hz_04,426,0.02,79.66349287,80.80734572,9.93321429,9.88475416,9.87046066,4.51049171,112.66827067,1,1,0,0,1,-0.37935326,-0.02106138,0.11995822,-0.00973334,0.03548349,0.10920167,0.00204805,-0.05220998,-0.12274184,0.00569629,0.06743123,0.13274332,-0.01327640,-0.08070841,-0.13891774,0.02047375,0.09165873,0.14108709,-0.02708083,-0.09996648,-0.13918884,-0.00589518,0.15165084,-0.13877807,-0.00274225,0.07059335,-0.35492227,0.01134284,0.18571334,-0.11475959,-0.01966619,0.03988967,-0.37188166,0.02747888,0.21219244,-0.10534131,-0.03456110,0.01837870,-0.37349677,0.26198291,0.59855130,0.52481222,-0.26787993,-0.55465746,-0.40871588,0.26605385,0.49477259,0.28083606,-0.25655731,-0.42062320,-0.14485962,0.23966410,0.33434704,0.00470680,-0.21586127,-0.23843151,0.13558172,0.02616806,-0.02340837,-0.99938364,0.00416050,-0.03499356,0.11995822,0.05715990,-0.03113424,0.00499518
10308540000000,synthetic_50hz_04,427,0.02,78.98562289,80.44300115,9.90685777,9.87046066,9.87490434,4.51756326,112.60955023,1,1,0,0,1,-0.37825618,-0.02167812,0.11998579,-0.00636492,0.04294431,0.11542544,-0.00136401,-0.05904499,-0.12743536,0.00905362,0.07344337,0.13577125,-0.01648221,-0.08572434,-0.14019280,0.02343561,0.09553384,0.14057252,-0.02971335,-0.10258906,-0.13689947,-0.00257035,0.15906820,-0.13255767,-0.00611449,0.06380474,-0.35960545,0.01466493,0.19167707,-0.11174873,-0.02284203,0.03492319,-0.37313326,0.03041665,0.21601805,-0.10588529,-0.03717589,0.01580469,-0.37117265,0.26495864,0.58006167,0.47438855,-0.26745965,-0.52905567,-0.35293112,0.26224967,0.46279674,0.22129853,-0.24947891,-0.38319518,-0.08328579,0.22951556,0.29254591,-0.05712811,-0.20293517,-0.19346241,0.19589498,0.02637117,-0.02345366,-0.99937724,0.00376184,-0.03499953,0.11998579,0.05669865,-0.03107481,0.00427185
10308560000000,synthetic_50hz_04,428,0.02,78.36955628,80.02831218,9.89343733,9.87490434,9.89277596,4.52460851,112.55099873,1,1,0,0,1,-0.37716979,-0.02229348,0.11999884,-0.00295704,0.05017300,0.12100966,-0.00477228,-0.06555696,-0.13142031,0.01236403,0.07905088,0.13804205,-0.01959931,-0.09026573,-0.14068398,0.02626953,0.09887818,0.13926992,-0.03218239,-0.10463992,-0.13384064,0.00079379,0.16625357,-0.12697652,-0.00948276,0.05733906,-0.36358038,0.01793987,0.19723624,-0.10949470,-0.02592891,0.03043122,-0.37360124,0.03322622,0.21931287,-0.10721704,-0.03962692,0.01380245,-0.36807930,0.26645211,0.55834113,0.42134253,-0.26554505,-0.50051200,-0.29520576,0.25698220,0.42825289,0.16055806,-0.24101044,-0.34364704,-0.02128140,0.21809024,0.24913369,-0.11860881,-0.18888239,-0.14743770,0.25507948,0.02657505,-0.02349104,-0.99937097,0.00336195,-0.03499864,0.11999884,0.05622288,-0.03101340,0.00354802
10308580000000,synthetic_50hz_04,429,0.02,78.03825923,79.63030159,9.89315955,9.89277596,9.91136049,4.53163215,112.49262172,1,1,0,0,1,-0.37609435,-0.02290740,0.11999738,0.00047206,0.05712813,0.12591832,-0.00815816,-0.07170759,-0.13466882,0.01560905,0.08421969,0.13953675,-0.02260993,-0.09430370,-0.14038177,0.02895896,0.10166888,0.13717953,-0.03447308,-0.10610291,-0.13002233,0.00417901,0.17316554,-0.12207062,-0.01282846,0.05123461,-0.36681917,0.02114922,0.20235677,-0.10801649,-0.02890909,0.02644265,-0.37327611,0.03589102,0.22205404,-0.10933633,-0.04189930,0.01238814,-0.36422668,0.26644493,0.53348459,0.36594263,-0.26213608,-0.46916028,-0.23583827,0.25026973,0.39130986,0.09893458,-0.23118799,-0.30217779,0.04082143,0.20544099,0.20433380,-0.17940055,-0.17377103,-0.10059876,0.31280746,0.02677966,-0.02352050,-0.99936481,0.00296097,-0.03499089,0.11999738,0.05573270,-0.03095000,0.00282375
10308600000000,synthetic_50hz_04,430,0.02,77.65898383,79.23603803,9.90080395,9.91136049,9.93313558,4.53863904,112.43442471,1,1,0,0,1,-0.37503014,-0.02351986,0.11998139,0.00390374,0.06376893,0.13011817,-0.01150282,-0.07745971,-0.13715618,0.01877026,0.08891730,0.14023992,-0.02549655,-0.09781136,-0.13928048,0.03148776,0.10388548,0.13430552,-0.03657117,-0.10696453,-0.12545846,0.00756666,0.17976333,-0.11787323,-0.01613275,0.04552855,-0.36929711,0.02427454,0.20700619,-0.10732952,-0.03176501,0.02298435,-0.37215217,0.03839493,0.22422109,-0.11223899,-0.04397880,0.01157526,-0.35962874,0.26492582,0.50560393,0.30847311,-0.25724006,-0.43515024,-0.17513994,0.24213796,0.35215097,0.03675740,-0.22005490,-0.25899903,0.10268487,0.19162756,0.15838002,-0.23916669,-0.15767551,-0.05319484,0.36875322,0.02698496,-0.02354201,-0.99935879,0.00255904,-0.03497628,0.11998139,0.05522824,-0.03088462,0.00209914
10308620000000,synthetic_50hz_04,431,0.02,77.72683140,78.93419671,9.91438323,9.93313558,9.94127543,4.54563390,112.37641313,1,1,0,0,1,-0.37397744,-0.02413082,0.11995089,0.00731898,0.07005545,0.13357891,-0.01478729,-0.08277749,-0.13886111,0.02182928,0.09311302,0.14013988,-0.02824192,-0.10076405,-0.13737834,0.03384033,0.10551002,0.13065613,-0.03846311,-0.10721407,-0.12016704,0.01093773,0.18600699,-0.11441463,-0.01937669,0.04025672,-0.37099293,0.02729746,0.21115378,-0.10744547,-0.03447944,0.02008100,-0.37022765,0.04072235,0.22579606,-0.11591678,-0.04585188,0.01137451,-0.35430346,0.26189086,0.47482798,0.24923339,-0.25087185,-0.39864743,-0.11343393,0.23262009,0.31097369,-0.02563588,-0.20766178,-0.21433443,0.16396660,0.17671649,0.11151582,-0.29757008,-0.14067638,-0.00548215,0.42259448,0.02719093,-0.02355556,-0.99935289,0.00215627,-0.03495482,0.11995089,0.05470963,-0.03081726,0.00137427
10308640000000,synthetic_50hz_04,432,0.02,77.39845283,78.62704793,9.92567796,9.94127543,9.95437349,4.55262032,112.31859238,1,1,0,0,1,-0.37293651,-0.02474023,0.11990587,0.01069846,0.07594879,0.13627350,-0.01799255,-0.08762661,-0.13976592,0.02476791,0.09677811,0.13922883,-0.03082919,-0.10313945,-0.13467770,0.03600166,0.10652724,0.12624375,-0.04013618,-0.10684379,-0.11417014,0.01427292,0.19185763,-0.11172188,-0.02254123,0.03545344,-0.37188892,0.03019978,0.21477082,-0.10837214,-0.03703553,0.01775491,-0.36750491,0.04285825,0.22676371,-0.12035731,-0.04750578,0.01179364,-0.34827293,0.25734373,0.44130250,0.18853709,-0.24305402,-0.35983292,-0.05105421,0.22175695,0.26798917,-0.08790059,-0.19406652,-0.16841918,0.22432117,0.16078106,0.06399358,-0.35427447,-0.12286022,0.04227698,0.47401387,0.02739751,-0.02356113,-0.99934712,0.00175281,-0.03492651,0.11990587,0.05417701,-0.03074793,0.00064924
10308660000000,synthetic_50hz_04,433,0.02,77.38101458,78.37784126,9.93773008,9.95437349,9.96044051,4.55960134,112.26096780,1,1,0,0,1,-0.37190762,-0.02534806,0.11984634,0.01402268,0.08141131,0.13817828,-0.02109960,-0.09197451,-0.13985674,0.02756820,0.09988604,0.13750306,-0.03324200,-0.10491781,-0.13118510,0.03795741,0.10692475,0.12108501,-0.04157850,-0.10584900,-0.10749399,0.01755269,0.19727760,-0.10981863,-0.02560739,0.03115126,-0.37197122,0.03296355,0.21783077,-0.11011323,-0.03941692,0.01602583,-0.36399048,0.04478832,0.22711164,-0.12554394,-0.04892866,0.01283733,-0.34156338,0.25129593,0.40519012,0.12671124,-0.23381700,-0.31890304,0.01165551,0.20959701,0.22342183,-0.14968623,-0.17933424,-0.12149926,0.28340142,0.14390119,0.01607382,-0.40894602,-0.10431939,0.08981504,0.52270052,0.02760469,-0.02355872,-0.99934148,0.00134878,-0.03489135,0.11984634,0.05363050,-0.03067663,-0.00007587
10308680000000,synthetic_50hz_04,434,0.02,77.31570345,78.16541370,9.94726846,9.96044051,9.96353033,4.56657913,112.20354466,1,1,0,0,1,-0.37089103,-0.02595427,0.11977232,0.01727200,0.08640681,0.13927332,-0.02408953,-0.09579056,-0.13912371,0.03021255,0.10241263,0.13496309,-0.03546453,-0.10608209,-0.12691142,0.03969405,0.10669316,0.11520084,-0.04277918,-0.10422821,-0.10016897,0.02075743,0.20223072,-0.10872481,-0.02855626,0.02738080,-0.37122998,0.03557118,0.22030947,-0.11266823,-0.04160781,0.01491078,-0.35969525,0.04649901,0.22683046,-0.13145575,-0.05010962,0.01450707,-0.33420519,0.24376701,0.36667011,0.06409516,-0.22319921,-0.27606901,0.07434305,0.19619647,0.17750871,-0.21063792,-0.16353729,-0.07383074,0.34086000,0.12616325,-0.03197579,-0.46125492,-0.08515188,0.13686045,0.56835165,0.02781242,-0.02354831,-0.99933597,0.00094431,-0.03484935,0.11977232,0.05307026,-0.03060337,-0.00080097
10308700000000,synthetic_50hz_04,435,0.02,77.85747877,78.10382671,9.95409845,9.96353033,9.94201076,4.57355513,112.14632820,1,1,0,0,1,-0.36988701,-0.02655882,0.11968380,0.02042672,0.09090082,0.13954256,-0.02694366,-0.09904634,-0.13756118,0.03268381,0.10433631,0.13161384,-0.03748167,-0.10661821,-0.12187201,0.04119891,0.10582626,0.10861656,-0.04372837,-0.10198330,-0.09222964,0.02386744,0.20668250,-0.10845649,-0.03136916,0.02417050,-0.36965955,0.03800551,0.22218533,-0.11603222,-0.04359305,0.01442385,-0.35463457,0.04797766,0.22591397,-0.13806742,-0.05103881,0.01680098,-0.32623291,0.23478475,0.32593817,0.00103934,-0.21124716,-0.23155646,0.13664908,0.18161922,0.13049887,-0.27039785,-0.14675511,-0.02567893,0.39635092,0.10765999,-0.07988134,-0.51087701,-0.06546097,0.18313859,0.61067428,0.02802066,-0.02352990,-0.99933059,0.00053954,-0.03480053,0.11968380,0.05249642,-0.03052815,-0.00152597
10308720000000,synthetic_50hz_04,436,0.02,77.84999972,78.05306132,9.94902162,9.94201076,9.92253398,4.58052903,112.08932360,1,1,0,0,1,-0.36889581,-0.02716166,0.11958080,0.02346723,0.09486079,0.13897410,-0.02964362,-0.10171579,-0.13516790,0.03496537,0.10563828,0.12746475,-0.03927905,-0.10651517,-0.11608673,0.04246030,0.10432118,0.10136187,-0.04441740,-0.09911956,-0.08371471,0.02686310,0.21060041,-0.10902557,-0.03402771,0.02154640,-0.36725867,0.04024993,0.22343957,-0.12019575,-0.04535831,0.01457605,-0.34882829,0.04921258,0.22435928,-0.14534923,-0.05170755,0.01971377,-0.31768527,0.22438530,0.28320607,-0.06209579,-0.19801552,-0.18560488,0.19820857,0.16593686,0.08265262,-0.32860690,-0.12907416,0.02268256,0.44953134,0.08849020,-0.12736379,-0.55749558,-0.04535502,0.22837306,0.64938697,0.02822938,-0.02350350,-0.99932534,0.00013459,-0.03474488,0.11958080,0.05190913,-0.03045098,-0.00225079
10308740000000,synthetic_50hz_04,437,0.02,77.58176201,77.95880145,9.93789681,9.92253398,9.91548091,4.58749981,112.03253596,1,1,0,0,1,-0.36791769,-0.02776277,0.11946333,0.02637406,0.09825635,0.13756037,-0.03217141,-0.10377550,-0.13194720,0.03704125,0.10630275,0.12252993,-0.04084318,-0.10576525,-0.10958006,0.04346757,0.10217848,0.09347095,-0.04483878,-0.09564586,-0.07466703,0.02972496,0.21395408,-0.11043960,-0.03651393,0.01953192,-0.36403067,0.04228848,0.22405640,-0.12514472,-0.04689008,0.01537509,-0.34230090,0.05019312,0.22216699,-0.15326702,-0.05210837,0.02323656,-0.30860510,0.21261337,0.23870125,-0.12494131,-0.18356715,-0.13846700,0.25865235,0.14922861,0.03424068,-0.38490633,-0.11058773,0.07097282,0.50006327,0.06875856,-0.17414014,-0.60080316,-0.02494705,0.27228692,0.68422161,0.02843854,-0.02346909,-0.99932022,-0.00027041,-0.03468242,0.11946333,0.05130855,-0.03037186,-0.00297533
10308760000000,synthetic_50hz_04,438,0.02,77.63112808,77.89326678,9.92848213,9.91548091,9.90720714,4.59446683,111.97597033,1,1,0,0,1,-0.36695289,-0.02836210,0.11933140,0.02912801,0.10105956,0.13529840,-0.03450961,-0.10520489,-0.12790714,0.03889627,0.10631712,0.11682827,-0.04216154,-0.10436418,-0.10238117,0.04421128,0.09940237,0.08498238,-0.04498638,-0.09157474,-0.06513351,0.03243381,0.21671555,-0.11270156,-0.03881039,0.01814762,-0.35998362,0.04410595,0.22402320,-0.13086024,-0.04817585,0.01682523,-0.33508158,0.05090984,0.21934127,-0.16178220,-0.05223512,0.02735682,-0.29903933,0.19952231,0.19266629,-0.18712125,-0.16797313,-0.09040800,0.31760882,0.13158121,-0.01445679,-0.43893959,-0.09139575,0.11890479,0.54761552,0.04857530,-0.21992470,-0.64050343,-0.00435440,0.31460408,0.71492534,0.02864810,-0.02342668,-0.99931523,-0.00067531,-0.03461316,0.11933140,0.05069482,-0.03029080,-0.00369952
10308780000000,synthetic_50hz_04,439,0.02,77.19197971,77.75300936,9.91954663,9.90720714,9.91746678,4.60142965,111.91963172,1,1,0,0,1,-0.36600166,-0.02895961,0.11918504,0.03171027,0.10324513,0.13219000,-0.03664138,-0.10598648,-0.12306072,0.04051610,0.10567219,0.11038354,-0.04322272,-0.10231132,-0.09452395,0.04468321,0.09600076,0.07593919,-0.04485546,-0.08692246,-0.05516507,0.03497084,0.21885955,-0.11580965,-0.04090025,0.01741100,-0.35513050,0.04568804,0.22333080,-0.13731852,-0.04920421,0.01892712,-0.32720420,0.05135453,0.21589007,-0.17085174,-0.05208308,0.03205827,-0.28903888,0.18517417,0.14535821,-0.24825431,-0.15131270,-0.04170467,0.37470576,0.11308882,-0.06315123,-0.49035426,-0.07160453,0.16618646,0.59186562,0.02805585,-0.26443045,-0.67631322,0.01630170,0.35505079,0.74126240,0.02885804,-0.02337628,-0.99931037,-0.00108000,-0.03453712,0.11918504,0.05006810,-0.03020779,-0.00442326
10308800000000,synthetic_50hz_04,440,0.02,77.11153038,77.62471357,9.91867309,9.91746678,9.92991712,4.60838892,111.86352505,1,1,0,0,1,-0.36506425,-0.02955528,0.11902425,0.03410252,0.10479072,0.12824195,-0.03855067,-0.10610608,-0.11742593,0.04188739,0.10436235,0.10322448,-0.04401647,-0.09960980,-0.08604701,0.04487654,0.09198546,0.06638877,-0.04444280,-0.08170913,-0.04481651,0.03731773,0.22036374,-0.11975708,-0.04276747,0.01733625,-0.34948934,0.04702139,0.22197357,-0.14449084,-0.04996491,0.02167761,-0.31870739,0.05152036,0.21182517,-0.18042825,-0.05164902,0.03732082,-0.27865854,0.16963977,0.09704779,-0.30795563,-0.13367319,0.00735558,0.42957225,0.09385274,-0.11154688,-0.53880409,-0.05132648,0.21252224,0.63250197,0.00732045,-0.30737048,-0.70796451,0.03689663,0.39335709,0.76301611,0.02906830,-0.02331789,-0.99930564,-0.00148433,-0.03445431,0.11902425,0.04942856,-0.03012285,-0.00514646
10308820000000,synthetic_50hz_04,441,0.02,77.03008699,77.50578825,9.92339558,9.92991712,9.94521440,4.61534587,111.80765519,1,1,0,0,1,-0.36414090,-0.03014905,0.11884906,0.03628705,0.10567714,0.12346618,-0.04022229,-0.10555303,-0.11102597,0.04299791,0.10238577,0.09538484,-0.04453387,-0.09626668,-0.07699371,0.04478590,0.08737218,0.05638282,-0.04374673,-0.07595870,-0.03414639,0.03945679,0.22120894,-0.12453192,-0.04439687,0.01793400,-0.34308330,0.04809377,0.21994971,-0.15234345,-0.05044903,0.02506966,-0.30963450,0.05140196,0.20716231,-0.19046002,-0.05093127,0.04312049,-0.26795687,0.15299864,0.04801864,-0.36583872,-0.11514987,0.05647583,0.48184077,0.07398127,-0.15934207,-0.58395112,-0.03067976,0.25761440,0.66922589,-0.01350627,-0.34845959,-0.73520656,0.05730290,0.42925853,0.77999088,0.02927886,-0.02325152,-0.99930105,-0.00188819,-0.03436475,0.11884906,0.04877635,-0.03003599,-0.00586904
10308840000000,synthetic_50hz_04,442,0.02,76.55835224,77.31630105,9.93255949,9.94521440,9.97875654,4.62230207,111.75202695,1,1,0,0,1,-0.36323185,-0.03074089,0.11865950,0.03824694,0.10588866,0.11787997,-0.04164207,-0.10432044,-0.10388928,0.04383665,0.09974461,0.08690342,-0.04476739,-0.09229310,-0.06741209,0.04440747,0.08218074,0.04597724,-0.04276727,-0.06969906,-0.02321684,0.04137107,0.22137940,-0.13011689,-0.04577426,0.01921117,-0.33594083,0.04889418,0.21726135,-0.16083754,-0.05064904,0.02909212,-0.30003357,0.05099552,0.20192129,-0.20089117,-0.04992985,0.04942942,-0.25699602,0.13533901,-0.00143383,-0.42151755,-0.09584581,0.10535088,0.53114937,0.05358932,-0.20623061,-0.62546791,-0.00978784,0.30116462,0.70175391,-0.03429584,-0.38741592,-0.75780803,0.07739074,0.46249783,0.79201418,0.02948967,-0.02317719,-0.99929657,-0.00229143,-0.03426845,0.11865950,0.04811165,-0.02994720,-0.00659091
10308860000000,synthetic_50hz_04,443,0.02,76.47162468,77.14736578,9.95196225,9.97875654,10.01350203,4.62926010,111.69664507,1,1,0,0,1,-0.36233732,-0.03133076,0.11845557,0.03996611,0.10541320,0.11150604,-0.04279696,-0.10240537,-0.09604964,0.04439395,0.09644514,0.07782408,-0.04471105,-0.08770436,-0.05735482,0.04373910,0.07643501,0.03523199,-0.04150614,-0.06296202,-0.01209341,0.04304452,0.22086305,-0.13648928,-0.04688659,0.02117068,-0.32809572,0.04941295,0.21391478,-0.16992924,-0.05055896,0.03372969,-0.28995727,0.05029888,0.19612600,-0.21166171,-0.04864649,0.05621579,-0.24584152,0.11675763,-0.05100353,-0.47460876,-0.07587159,0.15366865,0.57714401,0.03279812,-0.25190342,-0.66303992,0.01122092,0.34287570,0.72982008,-0.05491646,-0.42396272,-0.77555919,0.09702874,0.49282669,0.79893856,0.02970070,-0.02309492,-0.99929223,-0.00269393,-0.03416544,0.11845557,0.04743463,-0.02985650,-0.00731198
10308880000000,synthetic_50hz_04,444,0.02,76.49959782,77.01781218,9.97780896,10.01350203,10.04621763,4.63622288,111.64151422,1,1,0,0,1,-0.36145754,-0.03191863,0.11823731,0.04142954,0.10424263,0.10437271,-0.04367517,-0.09980905,-0.08754621,0.04466163,0.09249793,0.06819571,-0.04436047,-0.08252005,-0.04687910,0.04278037,0.07016309,0.02421095,-0.03996690,-0.05578328,-0.00084478,0.04446211,0.21965177,-0.14362076,-0.04772210,0.02381129,-0.31958713,0.04964191,0.20992056,-0.17956968,-0.05017442,0.03896276,-0.27946282,0.04931164,0.18980451,-0.22270779,-0.04708475,0.06344388,-0.23456206,0.09735967,-0.10037504,-0.52473406,-0.05534502,0.20111164,0.61948095,0.01173475,-0.29605011,-0.69636791,0.03221384,0.38245331,0.75317825,-0.07523369,-0.45783020,-0.78827412,0.11608452,0.52000764,0.80064368,0.02991191,-0.02300471,-0.99928801,-0.00309556,-0.03405573,0.11823731,0.04674545,-0.02976388,-0.00803217
10308900000000,synthetic_50hz_04,445,0.02,76.72344458,76.95893866,10.00654060,10.04621763,10.07139274,4.64319319,111.58663901,1,1,0,0,1,-0.36059275,-0.03250446,0.11800475,0.04262336,0.10237297,0.09651397,-0.04426632,-0.09653708,-0.07842357,0.04463307,0.08791798,0.05807217,-0.04371302,-0.07676417,-0.03604653,0.04153270,0.06339721,0.01298165,-0.03815498,-0.04820248,0.01045750,0.04560998,0.21774158,-0.15147734,-0.04827039,0.02712742,-0.31045963,0.04957444,0.20529371,-0.18970500,-0.04949279,0.04476735,-0.26861179,0.04803520,0.18298910,-0.23396186,-0.04525005,0.07107406,-0.22322920,0.07725841,-0.14922503,-0.57152270,-0.03439078,0.24735867,0.65782934,-0.00946834,-0.33836084,-0.72517045,0.05305449,0.41960792,0.77160456,-0.09511106,-0.48875750,-0.79579295,0.13442553,0.54381598,0.79703826,0.03012326,-0.02290660,-0.99928392,-0.00349619,-0.03393934,0.11800475,0.04604430,-0.02966936,-0.00875139
10308920000000,synthetic_50hz_04,446,0.02,76.70477031,76.90810499,10.03377850,10.07139274,10.10147616,4.65017311,111.53202398,1,1,0,0,1,-0.35974316,-0.03308820,0.11775790,0.04353502,0.09980464,0.08796956,-0.04456157,-0.09259959,-0.06873165,0.04430338,0.08272485,0.04751218,-0.04276791,-0.07046512,-0.02492290,0.03999942,0.05617384,0.00161509,-0.03607773,-0.04026304,0.02173929,0.04647557,0.21513290,-0.16001928,-0.04852261,0.03110893,-0.30076316,0.04920565,0.20005377,-0.20027647,-0.04851328,0.05111506,-0.25746999,0.04647290,0.17571619,-0.24535292,-0.04314975,0.07906291,-0.21191707,0.05657495,-0.19722390,-0.61461414,-0.01313995,0.29208658,0.69187386,-0.03067388,-0.37852827,-0.74918653,0.07360338,0.45405680,0.78489981,-0.11441085,-0.51649467,-0.79798406,0.15191980,0.56404176,0.78806206,0.03033472,-0.02280060,-0.99927995,-0.00389568,-0.03381631,0.11775790,0.04533136,-0.02957295,-0.00946954
10308940000000,synthetic_50hz_04,447,0.02,76.79297777,76.88507955,10.06221152,10.10147616,10.13339043,4.65716447,111.47767359,1,1,0,0,1,-0.35890898,-0.03366983,0.11749681,0.04415343,0.09654267,0.07878499,-0.04455372,-0.08801141,-0.05852575,0.04366950,0.07694274,0.03657918,-0.04152628,-0.06365577,-0.01357803,0.03818583,0.04853358,-0.00981459,-0.03374446,-0.03201214,0.03292425,0.04704779,0.21183076,-0.16920109,-0.04847159,0.03574099,-0.29055301,0.04853248,0.19422496,-0.21122064,-0.04723702,0.05797300,-0.24610723,0.04463004,0.16802643,-0.25680684,-0.04079316,0.08736325,-0.20070201,0.03543786,-0.24403758,-0.65366079,0.00827051,0.33497227,0.72131743,-0.05174042,-0.41624955,-0.76817815,0.09371864,0.48552616,0.79289194,-0.13299491,-0.54080483,-0.79474628,0.16843687,0.58049184,0.77368772,0.03054625,-0.02268674,-0.99927610,-0.00429391,-0.03368664,0.11749681,0.04460680,-0.02947463,-0.01018656
10308960000000,synthetic_50hz_04,448,0.02,76.96505699,76.90107504,10.09210666,10.13339043,10.16583379,4.66416900,111.42359226,1,1,0,0,1,-0.35809045,-0.03424930,0.11722150,0.04446908,0.09259689,0.06901149,-0.04423738,-0.08279220,-0.04786634,0.04273029,0.07060057,0.02534119,-0.03999127,-0.05637349,-0.00208543,0.03609929,0.04052115,-0.02123045,-0.03116654,-0.02350055,0.04393424,0.04731715,0.20784498,-0.17897151,-0.04811194,0.04100394,-0.27988967,0.04755379,0.18783619,-0.22246951,-0.04566717,0.06530380,-0.23459704,0.04251398,0.15996450,-0.26824665,-0.03819164,0.09592430,-0.18966217,0.01398264,-0.28932942,-0.68833094,0.02969831,0.37569473,0.74588407,-0.07252304,-0.45122859,-0.78193301,0.11325690,0.51375332,0.79543846,-0.15072551,-0.56146630,-0.78601105,0.18384864,0.59299194,0.75392257,0.03075780,-0.02256505,-0.99927236,-0.00469075,-0.03355038,0.11722150,0.04387082,-0.02937444,-0.01090234
10308980000000,synthetic_50hz_04,449,0.02,76.82913317,76.88668666,10.12307205,10.16583379,10.21298518,4.67118821,111.36978430,1,1,0,0,1,-0.35728775,-0.03482658,0.11693201,0.04447425,0.08798210,0.05870603,-0.04360909,-0.07696656,-0.03681902,0.04148667,0.06373204,0.01387050,-0.03816817,-0.04866009,0.00947791,0.03374926,0.03218526,-0.03255307,-0.02835734,-0.01478250,0.05468971,0.04727591,0.20319038,-0.18927358,-0.04744018,0.04687316,-0.26883871,0.04627051,0.18092117,-0.23395078,-0.04380900,0.07306567,-0.22301638,0.04013419,0.15157914,-0.27959298,-0.03535858,0.10469183,-0.17887709,-0.00764876,-0.33276232,-0.71831169,0.05099658,0.41393730,0.76532174,-0.09287414,-0.48317828,-0.79026720,0.13207409,0.53848901,0.79242889,-0.16746629,-0.57827484,-0.77174449,0.19803036,0.60138874,0.72881033,0.03096935,-0.02243556,-0.99926875,-0.00508607,-0.03340753,0.11693201,0.04312359,-0.02927236,-0.01161679
10309000000000,synthetic_50hz_04,450,0.02,77.03384010,76.91611735,10.16083557,10.21298518,10.26190255,4.67822424,111.31625398,1,1,0,0,1,-0.35650111,-0.03540164,0.11662837,0.04416308,0.08271826,0.04793115,-0.04266744,-0.07056414,-0.02545424,0.03994168,0.05637563,0.00224347,-0.03606439,-0.04056177,0.02103198,0.03114734,0.02357851,-0.04370107,-0.02533230,-0.00591546,0.06511024,0.04691823,0.19788692,-0.20004477,-0.04645491,0.05331902,-0.25747060,0.04468567,0.17351837,-0.24558808,-0.04166994,0.08121239,-0.21144529,0.03750227,0.14292295,-0.29076440,-0.03230940,0.11360837,-0.16842720,-0.02930862,-0.37400100,-0.74331210,0.07201456,0.44939004,0.77940530,-0.11264429,-0.51182295,-0.79302789,0.15002643,0.55949977,0.78378712,-0.18308324,-0.59104595,-0.75194939,0.21086168,0.60555200,0.69843262,0.03118085,-0.02229831,-0.99926524,-0.00547974,-0.03325814,0.11662837,0.04236533,-0.02916841,-0.01232985
10309020000000,synthetic_50hz_04,451,0.02,77.09134696,76.95116327,10.20328370,10.26190255,10.32114500,4.68527939,111.26300548,1,1,0,0,1,-0.35573071,-0.03597442,0.11631062,0.04353176,0.07683058,0.03675485,-0.04141317,-0.06361966,-0.01384711,0.03810062,0.04857456,-0.00945986,-0.03368961,-0.03212902,0.03249409,0.02830731,0.01475720,-0.05459150,-0.02210890,0.00304009,0.07511501,0.04624029,0.19195980,-0.21121707,-0.04515688,0.06030679,-0.24586046,0.04280458,0.16567103,-0.25730138,-0.03925967,0.08969347,-0.19996646,0.03463199,0.13405222,-0.30167798,-0.02906160,0.12261344,-0.15839332,-0.05084415,-0.41271443,-0.76306625,0.09259851,0.48175221,0.78793945,-0.13168321,-0.53690084,-0.79009598,0.16697142,0.57657038,0.76947368,-0.19744577,-0.59961712,-0.72666710,0.22222766,0.60537662,0.66291036,0.03139226,-0.02215332,-0.99926185,-0.00587164,-0.03310223,0.11631062,0.04159621,-0.02906259,-0.01304141
10309040000000,synthetic_50hz_04,452,0.02,77.31055972,77.02304256,10.25278545,10.32114500,10.38617080,4.69235647,111.21004290,1,1,0,0,1,-0.35497677,-0.03654491,0.11597879,0.04257867,0.07034964,0.02525037,-0.03984931,-0.05617295,-0.00207707,0.03597108,0.04037676,-0.02115611,-0.03105579,-0.02341649,0.04377934,0.02524514,0.00578111,-0.06514040,-0.01870667,0.01202093,0.08462343,0.04524047,0.18543961,-0.22271725,-0.04354912,0.06779664,-0.23408771,0.04063483,0.15742707,-0.26900730,-0.03659014,0.09845426,-0.18866476,0.03153932,0.12502674,-0.31224976,-0.02563470,0.13164383,-0.14885603,-0.07209836,-0.44857837,-0.77733653,0.11259261,0.51073490,0.79076164,-0.14984076,-0.55816670,-0.78138871,0.18276893,0.58950630,0.74948799,-0.21042779,-0.60385016,-0.69597917,0.23201991,0.60078473,0.62240496,0.03160356,-0.02200065,-0.99925856,-0.00626163,-0.03293983,0.11597879,0.04081643,-0.02895491,-0.01375139
10309060000000,synthetic_50hz_04,453,0.02,77.39786916,77.09800788,10.30880730,10.38617080,10.46476850,4.69945858,111.15737029,1,1,0,0,1,-0.35423946,-0.03711305,0.11563293,0.04130445,0.06331143,0.01349591,-0.03798125,-0.04826889,0.00977244,0.03356304,0.03183474,-0.03275904,-0.02817719,-0.01448278,0.05480118,0.02197898,-0.00328672,-0.07526338,-0.01514711,0.02096147,0.09355570,0.04391943,0.17836233,-0.23446709,-0.04163701,0.07574368,-0.22223580,0.03818640,0.14883901,-0.28061961,-0.03367562,0.10743616,-0.17762677,0.02824243,0.11590954,-0.32239535,-0.02205021,0.14063391,-0.13989516,-0.09291092,-0.48127813,-0.78591678,0.13183999,0.53606377,0.78774500,-0.16696805,-0.57539444,-0.76686215,0.19728234,0.59813623,0.72387032,-0.22190889,-0.60363346,-0.66000897,0.24013770,0.59172767,0.57711925,0.03181469,-0.02184032,-0.99925538,-0.00664960,-0.03277098,0.11563293,0.04002620,-0.02884538,-0.01445972
10309080000000,synthetic_50hz_04,454,0.02,77.44895056,77.16819642,10.37431100,10.46476850,10.55963395,4.70658948,111.10499160,1,1,0,0,1,-0.35351899,-0.03767882,0.11527308,0.03971218,0.05575737,0.00157433,-0.03581686,-0.03995741,0.02161443,0.03088892,0.02300546,-0.04418004,-0.02507044,-0.00539025,0.06547191,0.01852916,-0.01238036,-0.08487620,-0.01145369,0.02979404,0.10183347,0.04228024,0.17076940,-0.24638376,-0.03942843,0.08409799,-0.21039171,0.03547172,0.13996379,-0.29204967,-0.03053274,0.11657680,-0.16694018,0.02476164,0.10676657,-0.33203050,-0.01833159,0.14951605,-0.13158903,-0.11311923,-0.51051139,-0.78863554,0.15018386,0.55748184,0.77880119,-0.18291862,-0.58837984,-0.74651364,0.21037976,0.60231457,0.69270375,-0.23177554,-0.59888429,-0.61892289,0.24648913,0.57818789,0.52729820,0.03202562,-0.02167239,-0.99925230,-0.00703541,-0.03259570,0.11527308,0.03922572,-0.02873401,-0.01516629
10309100000000,synthetic_50hz_04,455,0.02,77.42971489,77.22050011,10.45214664,10.55963395,10.67406288,4.71375378,111.05291071,1,1,0,0,1,-0.35281552,-0.03824218,0.11489928,0.03780748,0.04773432,-0.01042725,-0.03336652,-0.03129331,0.03335884,0.02796359,0.01395010,-0.05532867,-0.02175446,0.00379530,0.07570335,0.01491813,-0.02143128,-0.09389547,-0.00765171,0.03844938,0.10938054,0.04032852,0.16270767,-0.25838011,-0.03693377,0.09280477,-0.19864551,0.03250564,0.13086261,-0.30320708,-0.02718041,0.12581039,-0.15669317,0.02111939,0.09766635,-0.34107183,-0.01450415,0.15822097,-0.12401385,-0.13255949,-0.53599118,-0.78535922,0.16746870,0.57475241,0.76388316,-0.19754970,-0.59694326,-0.72038399,0.22193526,0.60192395,0.65611581,-0.23992231,-0.58955090,-0.57293151,0.25099230,0.56018082,0.47322932,0.03223631,-0.02149690,-0.99924931,-0.00741894,-0.03241404,0.11489928,0.03841519,-0.02862079,-0.01587102
10309120000000,synthetic_50hz_04,456,0.02,77.83404183,77.34320846,10.54535146,10.67406288,10.79142375,4.72095723,111.00113144,1,1,0,0,1,-0.35212926,-0.03880309,0.11451158,0.03559858,0.03929446,-0.02241792,-0.03064323,-0.02233612,0.04491305,0.02480443,0.00473383,-0.06611332,-0.01825050,0.01300495,0.08540750,0.01117040,-0.03036878,-0.10223936,-0.00376826,0.04685707,0.11612360,0.03807249,0.15422931,-0.27036525,-0.03416601,0.10180448,-0.18708982,0.02930556,0.12160064,-0.31400018,-0.02363990,0.13506800,-0.14697375,0.01734020,0.08867958,-0.34943750,-0.01059497,0.16667824,-0.11724294,-0.15106797,-0.55744897,-0.77599519,0.18354152,0.58766197,0.74298770,-0.21072349,-0.60093241,-0.68855953,0.23183020,0.59687768,0.61427987,-0.24625313,-0.57561468,-0.52229023,0.25357647,0.53775645,0.41524272,0.03244672,-0.02131390,-0.99924642,-0.00780007,-0.03222602,0.11451158,0.03759482,-0.02850574,-0.01657384
10309140000000,synthetic_50hz_04,457,0.02,77.70904362,77.41637549,10.64870182,10.79142375,10.93372547,4.72820579,110.94965751,1,1,0,0,1,-0.35146036,-0.03936152,0.11411002,0.03309639,0.03049517,-0.03430348,-0.02766260,-0.01314989,0.05618254,0.02143128,-0.00457451,-0.07644183,-0.01458209,0.02216702,0.09449726,0.00731248,-0.03912045,-0.10982830,0.00016794,0.05494602,0.12199293,0.03552309,0.14539173,-0.28224498,-0.03114078,0.11103307,-0.17581916,0.02589132,0.11224673,-0.32433686,-0.01993473,0.14427796,-0.13786901,0.01345059,0.07987868,-0.35704794,-0.00663278,0.17481678,-0.11134601,-0.16848226,-0.57463778,-0.76049475,0.19825327,0.59602322,0.71615794,-0.22230854,-0.60022503,-0.65117395,0.23995456,0.58712207,0.56741632,-0.25068258,-0.55709211,-0.46729981,0.25418330,0.51100093,0.35371083,0.03265682,-0.02112343,-0.99924362,-0.00817867,-0.03203169,0.11411002,0.03676482,-0.02838887,-0.01727465
10309160000000,synthetic_50hz_04,458,0.02,77.92605713,77.51831182,10.76841175,10.93372547,11.08419639,4.73550643,110.89849256,1,1,0,0,1,-0.35080901,-0.03991743,0.11369465,0.03031463,0.02139890,-0.04598707,-0.02444289,-0.00380289,0.06707152,0.01786646,-0.01390275,-0.08622227,-0.01077492,0.03120757,0.10288719,0.00337275,-0.04761266,-0.11658583,0.00412667,0.06264506,0.12692324,0.03269401,0.13625736,-0.29392243,-0.02787634,0.12042227,-0.16492930,0.02228524,0.10287303,-0.33412516,-0.01609060,0.15336631,-0.12946439,0.00947893,0.07133728,-0.36382670,-0.00264780,0.18256541,-0.10638836,-0.18464267,-0.58733540,-0.73885601,0.21146018,0.59967798,0.68348551,-0.23218120,-0.59473157,-0.60840982,0.24620833,0.57263877,0.51579338,-0.25313716,-0.53403653,-0.40830638,0.25276792,0.48003777,0.28904771,0.03286657,-0.02092557,-0.99924090,-0.00855462,-0.03183107,0.11369465,0.03592540,-0.02827018,-0.01797337
10309180000000,synthetic_50hz_04,459,0.02,78.02220991,77.61909144,10.90104130,11.08419639,11.24548901,4.74286648,110.84764016,1,1,0,0,1,-0.35017536,-0.04047078,0.11326553,0.02726976,0.01207283,-0.05736981,-0.02100501,0.00563271,0.07748372,0.01413468,-0.02317585,-0.09536373,-0.00685684,0.04005083,0.11049436,-0.00061869,-0.05577112,-0.12243939,0.00807638,0.06988350,0.13085443,0.02960175,0.12689339,-0.30529872,-0.02439359,0.12989990,-0.15451655,0.01851203,0.09355460,-0.34327417,-0.01213534,0.16225728,-0.12184282,0.00545532,0.06312968,-0.36970121,0.00132843,0.18985345,-0.10243008,-0.19939374,-0.59534761,-0.71112644,0.22302536,0.59850020,0.64511254,-0.24022704,-0.58439775,-0.56049975,0.25050287,0.55344684,0.45972749,-0.25355659,-0.50653980,-0.34570107,0.24930014,0.44502898,0.22170793,0.03307593,-0.02072035,-0.99923827,-0.00892780,-0.03162422,0.11326553,0.03507678,-0.02814968,-0.01866991
10309200000000,synthetic_50hz_04,460,0.02,78.07673840,77.71062083,11.04570934,11.24548901,11.41515641,4.75029349,110.79710381,1,1,0,0,1,-0.34955958,-0.04102154,0.11282270,0.02398112,0.00258867,-0.06835156,-0.01737249,0.01508125,0.08732312,0.01026300,-0.03231636,-0.10377712,-0.00285762,0.04861978,0.11723918,-0.00463014,-0.06352147,-0.12732118,0.01198441,0.07659180,0.13373244,0.02626561,0.11737153,-0.31627372,-0.02071607,0.13939032,-0.14467689,0.01459875,0.08436889,-0.35169481,-0.00809876,0.17087387,-0.11508390,0.00141148,0.05533022,-0.37460367,0.00526323,0.19661135,-0.09952524,-0.21258580,-0.59851144,-0.67740531,0.23282024,0.59239878,0.60123323,-0.24634236,-0.56920699,-0.50772732,0.25276232,0.52960470,0.39958339,-0.25189503,-0.47473366,-0.27991928,0.24376548,0.40617582,0.15218498,0.03328486,-0.02050784,-0.99923571,-0.00929809,-0.03141117,0.11282270,0.03421918,-0.02802739,-0.01936420
10309220000000,synthetic_50hz_04,461,0.02,78.56065351,77.88062736,11.20087711,11.41515641,11.57200090,4.75779494,110.74688690,1,1,0,0,1,-0.34896184,-0.04156968,0.11236623,0.02047081,-0.00697782,-0.07883170,-0.01357138,0.02446405,0.09649490,0.00628069,-0.04124497,-0.11137611,0.00119108,0.05683678,0.12304630,-0.00862851,-0.07078996,-0.13116900,0.01581717,0.08270223,0.13551004,0.02270772,0.10776754,-0.32674681,-0.01686984,0.14881483,-0.13550517,0.01057467,0.07539520,-0.35930075,-0.00401249,0.17913842,-0.10926298,-0.00261951,0.04801266,-0.37847188,0.00912302,0.20277138,-0.09772108,-0.22407654,-0.59669827,-0.63784571,0.24072625,0.58132036,0.55209514,-0.25043571,-0.54918270,-0.45042742,0.25292499,0.50121185,0.33577365,-0.24812232,-0.43879083,-0.21143938,0.23616618,0.36371927,0.08100921,0.03349331,-0.02028809,-0.99923323,-0.00966536,-0.03119197,0.11236623,0.03335281,-0.02790329,-0.02005614
10309240000000,synthetic_50hz_04,462,0.02,78.27921943,77.96034578,11.35674910,11.57200090,11.74355647,4.76537708,110.69699277,1,1,0,0,1,-0.34838227,-0.04211516,0.11189615,0.01676372,-0.01654719,-0.08871007,-0.00963024,0.03369995,0.10490631,0.00221912,-0.04988113,-0.11807804,0.00525597,0.06462421,0.12784553,-0.01257954,-0.07750414,-0.13392718,0.01954043,0.08814959,0.13614764,0.01895297,0.09816086,-0.33661782,-0.01288345,0.15809227,-0.12709413,0.00647118,0.06671409,-0.36600931,0.00009018,0.18697330,-0.10445023,-0.00660340,0.04124947,-0.38125017,0.01287356,0.20826834,-0.09705718,-0.23373274,-0.58981703,-0.59265631,0.24663636,0.56525193,0.49800007,-0.25242935,-0.52439035,-0.38898626,0.25094468,0.46841035,0.26875779,-0.24222515,-0.39892587,-0.14078091,0.22652217,0.31794016,0.00874525,0.03370126,-0.02006119,-0.99923082,-0.01002950,-0.03096665,0.11189615,0.03247789,-0.02777741,-0.02074565
10309260000000,synthetic_50hz_04,463,0.02,78.82219241,78.13271510,11.51920820,11.74355647,11.89107429,4.77304586,110.64742465,1,1,0,0,1,-0.34782104,-0.04265794,0.11141254,0.01288745,-0.02603689,-0.09788785,-0.00557996,0.04270590,0.11246761,-0.00188841,-0.05814368,-0.12380489,0.00930233,0.07190516,0.13157281,-0.01644806,-0.08359357,-0.13554742,0.02311958,0.09287194,0.13561414,0.01502895,0.08863408,-0.34578793,-0.00878779,0.16713959,-0.11953349,0.00232155,0.05840672,-0.37174249,0.00417451,0.19430162,-0.10070975,-0.01050501,0.03511106,-0.38289024,0.01648026,0.21304028,-0.09756463,-0.24143197,-0.57781706,-0.54210259,0.25045677,0.54422327,0.43930437,-0.25226079,-0.49493928,-0.32384081,0.24679201,0.43138595,0.19904076,-0.23420810,-0.35539557,-0.06850227,0.21487187,0.26915897,-0.06401117,0.03390867,-0.01982717,-0.99922847,-0.01039040,-0.03073526,0.11141254,0.03159466,-0.02764976,-0.02143266
10309280000000,synthetic_50hz_04,464,0.02,79.10350513,78.32687311,11.67539196,11.89107429,12.02497521,4.78080536,110.59818570,1,1,0,0,1,-0.34727828,-0.04319800,0.11091544,0.00887219,-0.03536178,-0.10626858,-0.00145361,0.05139762,0.11909318,-0.00600689,-0.06595163,-0.12848427,0.01329420,0.07860424,0.13417110,-0.02019823,-0.08899064,-0.13598971,0.02651994,0.09681140,0.13388768,0.01096586,0.07927229,-0.35416070,-0.00461594,0.17587251,-0.11290890,-0.00183919,0.05055408,-0.37642791,0.00820455,0.20104798,-0.09809854,-0.01428850,0.02966507,-0.38335208,0.01990841,0.21702933,-0.09926530,-0.24706436,-0.56069099,-0.48650775,0.25210849,0.51830915,0.37641888,-0.24988422,-0.46098423,-0.25547768,0.24045567,0.39036891,0.12717095,-0.22409467,-0.30849908,0.00480219,0.20127292,0.21773507,-0.13663687,0.03411549,-0.01958613,-0.99922618,-0.01074792,-0.03049784,0.11091544,0.03070334,-0.02752033,-0.02211707
10309300000000,synthetic_50hz_04,465,0.02,79.29400906,78.52030030,11.82221692,12.02497521,12.14763197,4.78865775,110.54927900,1,1,0,0,1,-0.34675413,-0.04373528,0.11040493,0.00475060,-0.04443489,-0.11375924,0.00271372,0.05969035,0.12470248,-0.01009981,-0.07322491,-0.13205048,0.01719471,0.08464835,0.13559141,-0.02379388,-0.09363135,-0.13522317,0.02970706,0.09991491,0.13095639,0.00679636,0.07016249,-0.36164309,-0.00040299,0.18420627,-0.10730089,-0.00597453,0.04323626,-0.37999984,0.01214343,0.20713927,-0.09666561,-0.01791770,0.02497550,-0.38260481,0.02312359,0.22018241,-0.10217107,-0.25053432,-0.53847728,-0.42625293,0.25152896,0.48763121,0.30980816,-0.24527190,-0.42272651,-0.18443147,0.23194354,0.34563440,0.05373754,-0.21192814,-0.25857750,0.07850567,0.18580275,0.16406568,-0.20848552,0.03432170,-0.01933812,-0.99922395,-0.01110197,-0.03025445,0.11040493,0.02980415,-0.02738914,-0.02279881
10309320000000,synthetic_50hz_04,466,0.02,79.72573880,78.76138800,11.95889124,12.14763197,12.24905227,4.79660352,110.50070753,1,1,0,0,1,-0.34624873,-0.04426977,0.10988106,0.00055762,-0.05316808,-0.12027135,0.00688516,0.06749965,0.12922118,-0.01412944,-0.07988517,-0.13444550,0.02096637,0.08996756,0.13579370,-0.02719882,-0.09745615,-0.13322689,0.03264712,0.10213503,0.12681910,0.00255539,0.06139283,-0.36814663,0.00381419,0.19205642,-0.10278378,-0.01004674,0.03653158,-0.38240028,0.01595364,0.21250557,-0.09645100,-0.02135641,0.02110188,-0.38062751,0.02609195,0.22245210,-0.10628311,-0.25176235,-0.51126251,-0.36177701,0.24867362,0.45235951,0.23998919,-0.23841550,-0.38041476,-0.11128237,0.22128376,0.29750249,-0.02063277,-0.19777230,-0.20601307,0.15195306,0.16855897,0.10858421,-0.27889247,0.03452724,-0.01908322,-0.99922176,-0.01145242,-0.03000513,0.10988106,0.02889732,-0.02725620,-0.02347779
10309340000000,synthetic_50hz_04,467,0.02,80.45427802,79.09996600,12.08075887,12.24905227,12.31989106,4.80464124,110.45247420,1,1,0,0,1,-0.34576221,-0.04480143,0.10934389,-0.00366971,-0.06147288,-0.12572209,0.01102231,0.07474224,0.13258226,-0.01805714,-0.08585674,-0.13562002,0.02457138,0.09449595,0.13474780,-0.03037720,-0.10041080,-0.12999073,0.03530724,0.10343076,0.12148597,-0.00172000,0.05305176,-0.37358849,0.00799720,0.19933969,-0.09942460,-0.01401717,0.03051573,-0.38357992,0.01959740,0.21708095,-0.09748487,-0.02456879,0.01809847,-0.37741003,0.02878064,0.22379739,-0.11159125,-0.25068669,-0.47918338,-0.29357560,0.24351734,0.41271372,0.16752937,-0.22932727,-0.33434533,-0.03665318,0.20852560,0.24633761,-0.09527973,-0.18171203,-0.15122786,0.22446569,0.14965961,0.05175814,-0.34718019,0.03473208,-0.01882151,-0.99921963,-0.01179915,-0.02974993,0.10934389,0.02798310,-0.02712152,-0.02415392
10309360000000,synthetic_50hz_04,468,0.02,80.75171299,79.43031540,12.18119439,12.31989106,12.38101552,4.81276699,110.40458183,1,1,0,0,1,-0.34529468,-0.04533022,0.10879349,-0.00789254,-0.06926135,-0.13003550,0.01508557,0.08133690,0.13472712,-0.02184367,-0.09106748,-0.13553449,0.02797202,0.09817254,0.13243433,-0.03329391,-0.10244723,-0.12551603,0.03765593,0.10376833,0.11497905,-0.00599097,0.04522724,-0.37789273,0.01210643,0.20597486,-0.09728195,-0.01784659,0.02526086,-0.38349919,0.02303699,0.22080442,-0.09978661,-0.02751972,0.01601334,-0.37295375,0.03115813,0.22418449,-0.11807344,-0.24726501,-0.44242824,-0.22219952,0.23605590,0.36896385,0.09304382,-0.21804119,-0.28486207,0.03879437,0.19374025,0.19254758,-0.16951411,-0.16385369,-0.09468185,0.29534667,0.12924315,-0.00591359,-0.41266425,0.03493619,-0.01855305,-0.99921753,-0.01214207,-0.02948890,0.10879349,0.02706170,-0.02698510,-0.02482714
10309380000000,synthetic_50hz_04,469,0.02,80.91695109,79.72764254,12.26511927,12.38101552,12.43831007,4.82097552,110.35703314,1,1,0,0,1,-0.34484628,-0.04585610,0.10822992,-0.01207047,-0.07644703,-0.13314365,0.01903442,0.08720549,0.13560664,-0.02544959,-0.09544977,-0.13416003,0.03113104,0.10094218,0.12884552,-0.03591496,-0.10352439,-0.11981633,0.03966344,0.10312194,0.10733279,-0.01021712,0.03800571,-0.38099139,0.01610137,0.21188376,-0.09640494,-0.02149555,0.02083457,-0.38212923,0.02623514,0.22362086,-0.10336400,-0.03017520,0.01488753,-0.36727217,0.03319470,0.22358763,-0.12569525,-0.24147597,-0.40123823,-0.14825237,0.22630717,0.32143044,0.01719196,-0.20461383,-0.23235565,0.11436411,0.17702138,0.13658195,-0.24262301,-0.14432532,-0.03687053,0.36388697,0.10746829,-0.06390389,-0.47465990,0.03513953,-0.01827794,-0.99921546,-0.01248105,-0.02922209,0.10822992,0.02613338,-0.02684695,-0.02549735
10309400000000,synthetic_50hz_04,470,0.02,80.73018248,79.92815053,12.33785941,12.43831007,12.50524072,4.82926108,110.30983079,1,1,0,0,1,-0.34441712,-0.04637906,0.10765326,-0.01616192,-0.08294594,-0.13498783,0.02282784,0.09227385,0.13518232,-0.02883563,-0.09894146,-0.13147945,0.03401206,0.10275654,0.12398596,-0.03820792,-0.10360910,-0.11291789,0.04130222,0.10147457,0.09859435,-0.01435686,0.03147117,-0.38282579,0.01994100,0.21699227,-0.09683208,-0.02492478,0.01729903,-0.37945284,0.02915549,0.22548190,-0.10821243,-0.03250282,0.01475424,-0.36039157,0.03486279,0.22198976,-0.13440949,-0.23332072,-0.35590791,-0.07238746,0.21431230,0.27048420,-0.05932676,-0.18912516,-0.17726231,0.18933055,0.15848546,0.07892986,-0.31387586,-0.12327654,0.02167818,0.42937198,0.08451351,-0.12166122,-0.53248910,0.03534205,-0.01799624,-0.99921343,-0.01281599,-0.02894955,0.10765326,0.02519836,-0.02670708,-0.02616447
10309420000000,synthetic_50hz_04,471,0.02,80.77638476,80.09779737,12.40815956,12.50524072,12.57062956,4.83761866,110.26297732,1,1,0,0,1,-0.34400730,-0.04689904,0.10706358,-0.02012447,-0.08867760,-0.13551973,0.02642472,0.09647292,0.13342728,-0.03196315,-0.10148689,-0.12748806,0.03658005,0.10357494,0.11787331,-0.04014234,-0.10267688,-0.10486021,0.04254731,0.09881860,0.08882394,-0.01836776,0.02570409,-0.38334761,0.02358419,0.22123131,-0.09859025,-0.02809564,0.01470989,-0.37546535,0.03176299,0.22634688,-0.11431425,-0.03447213,0.01563794,-0.35235143,0.03613743,0.21938328,-0.14415598,-0.22282414,-0.30678532,0.00469621,0.20013662,0.21654515,-0.13577780,-0.17167906,-0.12006188,0.26294485,0.13827191,0.02011717,-0.38253107,-0.10087833,0.08040753,0.49108875,0.06057637,-0.17861404,-0.58548811,0.03554372,-0.01770805,-0.99921142,-0.01314677,-0.02867134,0.10706358,0.02425688,-0.02656551,-0.02682843
10309440000000,synthetic_50hz_04,472,0.02,81.14971012,80.30817992,12.47639696,12.57062956,12.62213443,4.84604391,110.21647521,1,1,0,0,1,-0.34361693,-0.04741602,0.10646094,-0.02391526,-0.09356613,-0.13470257,0.02978427,0.09973976,0.13032725,-0.03479458,-0.10303786,-0.12219453,0.03880175,0.10336533,0.11053888,-0.04169024,-0.10071272,-0.09569634,0.04337679,0.09515652,0.07809484,-0.02220698,0.02078036,-0.38252007,0.02699016,0.22453793,-0.10169372,-0.03097057,0.01311535,-0.37017539,0.03402437,0.22618374,-0.12163816,-0.03605512,0.01755365,-0.34320483,0.03699671,0.21577067,-0.15486143,-0.21003606,-0.25427138,0.08225868,0.18387037,0.16008094,-0.21139740,-0.15240361,-0.06127529,0.33444143,0.11654298,-0.03929695,-0.44784336,-0.07732237,0.13873624,0.54833376,0.03587251,-0.23417570,-0.63301544,0.03574451,-0.01741346,-0.99920943,-0.01347330,-0.02838750,0.10646094,0.02330919,-0.02642223,-0.02748914
10309460000000,synthetic_50hz_04,473,0.02,81.69061986,80.58466791,12.53760669,12.62213443,12.65604889,4.85453235,110.17032683,1,1,0,0,1,-0.34324611,-0.04792997,0.10584542,-0.02749150,-0.09754136,-0.13251224,0.03286649,0.10201861,0.12588148,-0.03729391,-0.10355461,-0.11562150,0.04064614,0.10210509,0.10202809,-0.04282652,-0.09771183,-0.08549317,0.04377220,0.09050149,0.06649344,-0.02583170,0.01677015,-0.38031905,0.03011890,0.22685637,-0.10614323,-0.03351354,0.01255519,-0.36360564,0.03590864,0.22496987,-0.13013872,-0.03722672,0.02050615,-0.33301863,0.03742217,0.21116508,-0.16643946,-0.19503214,-0.19881865,0.15952475,0.16562923,0.10160461,-0.28539918,-0.13145116,-0.00146127,0.40304542,0.09348328,-0.09872421,-0.50907167,-0.05282024,0.19606341,0.60042115,0.01063437,-0.28775002,-0.67446020,0.03594437,-0.01711254,-0.99920746,-0.01379546,-0.02809811,0.10584542,0.02235553,-0.02627726,-0.02814653
10309480000000,synthetic_50hz_04,474,0.02,81.80435667,80.82860566,12.58735241,12.65604889,12.69206340,4.86307888,110.12453447,1,1,0,0,1,-0.34289494,-0.04844085,0.10521709,-0.03081089,-0.10053997,-0.12893826,0.03563270,0.10326192,0.12010357,-0.03942719,-0.10300678,-0.10780624,0.04208499,0.09978191,0.09240081,-0.04352945,-0.09368027,-0.07433142,0.04371894,0.08487779,0.05411901,-0.02919965,0.01373676,-0.37673409,0.03293175,0.22813910,-0.11192519,-0.03569061,0.01305975,-0.35579335,0.03738755,0.22269294,-0.13975607,-0.03796517,0.02448939,-0.32187356,0.03739920,0.20559080,-0.17879077,-0.17791460,-0.14092939,0.23569050,0.14555453,0.04167157,-0.35698156,-0.10899804,0.05878766,0.46798068,0.06929910,-0.15755201,-0.56548770,-0.02760222,0.25177406,0.64669144,-0.01489043,-0.33873735,-0.70925076,0.03614327,-0.01680539,-0.99920549,-0.01411315,-0.02780320,0.10521709,0.02139614,-0.02613062,-0.02880051
10309500000000,synthetic_50hz_04,475,0.02,82.17106356,81.09709724,12.63133103,12.69206340,12.72010730,4.87167858,110.07910035,1,1,0,0,1,-0.34256350,-0.04894863,0.10457603,-0.03383218,-0.10250663,-0.12398475,0.03804604,0.10343146,0.11302215,-0.04116302,-0.10137431,-0.09880107,0.04309325,0.09639449,0.08173151,-0.04378108,-0.08863557,-0.06230559,0.04320668,0.07832125,0.04108337,-0.03226955,0.01173556,-0.37176930,0.03539184,0.22834786,-0.11901096,-0.03747036,0.01464911,-0.34679084,0.03843605,0.21935167,-0.15041575,-0.03825255,0.02948584,-0.30986413,0.03691747,0.19908365,-0.19180357,-0.15881263,-0.08115278,0.30993071,0.12381313,-0.01912420,-0.42533596,-0.08524403,0.11884983,0.52847858,0.04421731,-0.21514895,-0.61638491,-0.00191579,0.30524524,0.68652058,-0.04044097,-0.38654116,-0.73686354,0.03634116,-0.01649211,-0.99920353,-0.01442626,-0.02750285,0.10457603,0.02043128,-0.02598230,-0.02945101
10309520000000,synthetic_50hz_04,476,0.02,82.40644321,81.35896643,12.66861706,12.72010730,12.74672968,4.88032658,110.03402656,1,1,0,0,1,-0.34225189,-0.04945328,0.10392231,-0.03651568,-0.10339510,-0.11767127,0.04007203,0.10249925,0.10468146,-0.04247309,-0.09864830,-0.08867363,0.04364963,0.09195327,0.07010930,-0.04356772,-0.08260719,-0.04952369,0.04222974,0.07087950,0.02751028,-0.03500173,0.01081277,-0.36544423,0.03746467,0.22745468,-0.12735632,-0.03882450,0.01733216,-0.33666576,0.03903284,0.21495648,-0.16202864,-0.03807515,0.03546605,-0.29709833,0.03597131,0.19169126,-0.20535410,-0.13788249,-0.02008142,0.38140712,0.10059708,-0.08015470,-0.48965572,-0.06041141,0.17807992,0.58378731,0.01848405,-0.27087101,-0.66108805,0.02397622,0.35585276,0.71932930,-0.06574524,-0.43057511,-0.75683196,0.03653802,-0.01617278,-0.99920156,-0.01473471,-0.02719711,0.10392231,0.01946118,-0.02583231,-0.03009794
10309540000000,synthetic_50hz_04,477,0.02,82.48945516,81.58506418,12.70142436,12.74672968,12.77795986,4.88901832,109.98931513,1,1,0,0,1,-0.34196017,-0.04995476,0.10325603,-0.03882387,-0.10316932,-0.11003348,0.04167910,0.10044853,0.09514173,-0.04333270,-0.09483177,-0.07750700,0.04373701,0.08648096,0.05763771,-0.04288035,-0.07563686,-0.03610670,0.04078743,0.06261212,0.01353471,-0.03735865,0.01100444,-0.35779456,0.03911868,0.22544281,-0.13690101,-0.03972833,0.02110588,-0.32550117,0.03916082,0.20953008,-0.17449121,-0.03742394,0.04238827,-0.28369715,0.03456002,0.18347320,-0.21930739,-0.11530732,0.04165312,0.44927753,0.07612283,-0.14076325,-0.54914570,-0.03474369,0.23581512,0.63318175,-0.00763712,-0.32406833,-0.69896287,0.04979776,0.40297850,0.74459257,-0.09052270,-0.47027061,-0.76875531,0.03673381,-0.01584750,-0.99919959,-0.01503838,-0.02688603,0.10325603,0.01848609,-0.02568068,-0.03074123
10309560000000,synthetic_50hz_04,478,0.02,82.52860578,81.77377250,12.73356927,12.77795986,12.81448196,4.89774998,109.94496799,1,1,0,0,1,-0.34168843,-0.05045305,0.10257724,-0.04072192,-0.10180451,-0.10112367,0.04283914,0.09727467,0.08447944,-0.04372128,-0.08994035,-0.06539963,0.04334292,0.08001300,0.04443432,-0.04171497,-0.06777885,-0.02218794,0.03888435,0.05359060,-0.00069812,-0.03930549,0.01233538,-0.34887257,0.04032576,0.22230759,-0.14756858,-0.04016126,0.02595465,-0.31339554,0.03880751,0.20310792,-0.18768588,-0.03629494,0.05019826,-0.26979392,0.03268819,0.17450098,-0.23351820,-0.09129652,0.10338544,0.51270563,0.05063011,-0.20027069,-0.60303253,-0.00850402,0.29138204,0.67597371,-0.03386726,-0.37409272,-0.72942626,0.07526212,0.44601813,0.76184911,-0.11448714,-0.50508462,-0.77230750,0.03692848,-0.01551637,-0.99919761,-0.01533717,-0.02656969,0.10257724,0.01750627,-0.02552740,-0.03138080
10309580000000,synthetic_50hz_04,479,0.02,82.91716623,82.00245124,12.76755260,12.81448196,12.84187951,4.90651865,109.90098698,1,1,0,0,1,-0.34143674,-0.05094810,0.10188605,-0.04217835,-0.09928808,-0.09101114,0.04352808,0.09298586,0.07278733,-0.04362287,-0.08400282,-0.05246503,0.04246000,0.07259794,0.03063014,-0.04007298,-0.05910002,-0.00791216,0.03653064,0.04389823,-0.01503392,-0.04081076,0.01481816,-0.33874756,0.04106184,0.21805724,-0.15926627,-0.04010733,0.03184968,-0.30046237,0.03796553,0.19573854,-0.20148165,-0.03468954,0.05882914,-0.25553337,0.03036598,0.16485786,-0.24783227,-0.06608481,0.16442247,0.57087156,0.02438039,-0.25798223,-0.65057526,0.01802693,0.34410424,0.71152258,-0.05991453,-0.42030557,-0.75195636,0.10007476,0.48438929,0.77071090,-0.13734979,-0.53450784,-0.76724548,0.03712200,-0.01517949,-0.99919561,-0.01563100,-0.02624814,0.10188605,0.01652196,-0.02537248,-0.03201658
10309600000000,synthetic_50hz_04,480,0.02,83.07270816,82.21650263,12.79876990,12.84187951,12.87073065,4.91532161,109.85737385,1,1,0,0,1,-0.34120515,-0.05143990,0.10118253,-0.04316557,-0.09562055,-0.07978232,0.04372642,0.08760389,0.06017422,-0.04302661,-0.07706157,-0.03883126,0.04108633,0.06429753,0.01636879,-0.03796151,-0.04967977,0.00656561,0.03374224,0.03362971,-0.02931071,-0.04184688,0.01845226,-0.32750596,0.04130741,0.21271354,-0.17188526,-0.03955569,0.03874860,-0.28682973,0.03663298,0.18748369,-0.21573489,-0.03261486,0.06820152,-0.24107053,0.02760930,0.15463857,-0.26208760,-0.03993080,0.22405038,0.62298301,-0.00234507,-0.31319521,-0.69107655,0.04455333,0.39331048,0.73924603,-0.08547709,-0.46208641,-0.76610271,0.12393651,0.51754019,0.77087228,-0.15882278,-0.55807303,-0.75341725,0.03731434,-0.01483696,-0.99919358,-0.01591977,-0.02592144,0.10118253,0.01553342,-0.02521594,-0.03264848
10309620000000,synthetic_50hz_04,481,0.02,83.32696450,82.43859500,12.82899341,12.87073065,12.89687063,4.92415648,109.81413025,1,1,0,0,1,-0.34099374,-0.05192840,0.10046676,-0.04366049,-0.09081633,-0.06754070,0.04341974,0.08116459,0.04676456,-0.04192718,-0.06917284,-0.02464017,0.03922584,0.05518681,0.00180540,-0.03539359,-0.03960971,0.02108142,0.03054094,0.02289065,-0.04336046,-0.04239074,0.02322328,-0.31525127,0.04104805,0.20631230,-0.18530111,-0.03850101,0.04659515,-0.27263946,0.03481377,0.17841840,-0.23029047,-0.03008394,0.07822379,-0.22656936,0.02443997,0.14394869,-0.27611616,-0.01311515,0.28154234,0.66828694,-0.02924755,-0.36520744,-0.72389404,0.07076703,0.43834344,0.75863094,-0.11024626,-0.49884179,-0.77149616,0.14654704,0.54495830,0.76211878,-0.17862280,-0.57536341,-0.73076916,0.03750546,-0.01448889,-0.99919153,-0.01620337,-0.02558967,0.10046676,0.01454090,-0.02505779,-0.03327643
10309640000000,synthetic_50hz_04,482,0.02,83.49615161,82.65010632,12.85750185,12.89687063,12.92393018,4.93302112,109.77125774,1,1,0,0,1,-0.34080254,-0.05241358,0.09973884,-0.04364507,-0.08490434,-0.05440652,0.04259921,0.07371825,0.03269780,-0.04032519,-0.06040683,-0.01004638,0.03688857,0.04535385,-0.01289468,-0.03238844,-0.02899329,0.03546398,0.02695454,0.01179685,-0.05701084,-0.04242432,0.02910230,-0.30210373,0.04027493,0.19890383,-0.19937437,-0.03694391,0.05531916,-0.25804617,0.03251797,0.16863075,-0.24498304,-0.02711599,0.08879250,-0.21220115,0.02088577,0.13290404,-0.28974563,0.01406166,0.33616706,0.70608150,-0.05601368,-0.41332625,-0.74845187,0.09635080,0.47856905,0.76924403,-0.13391009,-0.53001448,-0.76785853,0.16760868,0.56617935,0.74433530,-0.19647504,-0.58602101,-0.69935255,0.03769531,-0.01413538,-0.99918944,-0.01648173,-0.02525287,0.09973884,0.01354465,-0.02489804,-0.03390035
10309660000000,synthetic_50hz_04,483,0.02,83.69950919,82.85998690,12.88540174,12.92393018,12.95026187,4.94191369,109.72875780,1,1,0,0,1,-0.34063162,-0.05289541,0.09899885,-0.04310688,-0.07792852,-0.04051617,0.04126201,0.06532980,0.01812739,-0.03822754,-0.05084759,0.00478401,0.03409095,0.03489943,-0.02755748,-0.02897150,-0.01794509,0.04953646,0.02301678,0.00047339,-0.07008728,-0.04193517,0.03604538,-0.28819971,0.03898524,0.19055305,-0.21395157,-0.03489128,0.06483655,-0.24321599,0.02976197,0.15822151,-0.25963865,-0.02373645,0.09979309,-0.19814272,0.01698045,0.12162968,-0.30280146,0.04128212,0.38719806,0.73572829,-0.08231867,-0.45687809,-0.76425219,0.12098193,0.51338610,0.77074233,-0.15615723,-0.55509296,-0.75501162,0.18683043,0.58079623,0.71751357,-0.21211724,-0.58975487,-0.65932927,0.03788387,-0.01377655,-0.99918732,-0.01675475,-0.02491113,0.09899885,0.01254494,-0.02473669,-0.03452017
10309680000000,synthetic_50hz_04,484,0.02,84.14430585,83.11685069,12.91264300,12.95026187,12.96665120,4.95083259,109.68663181,1,1,0,0,1,-0.34048102,-0.05337385,0.09824689,-0.04203959,-0.06994811,-0.02602133,0.03941177,0.05607883,0.00321962,-0.03564770,-0.04059277,0.01967492,0.03085588,0.02393640,-0.04200221,-0.02517448,-0.00658994,0.06311856,0.01876728,-0.01094652,-0.08241518,-0.04091696,0.04399329,-0.27369090,0.03718259,0.18133955,-0.22886645,-0.03235658,0.07504969,-0.22832498,0.02656870,0.14730355,-0.27407648,-0.01997704,0.11110071,-0.18457437,0.01276361,0.11025883,-0.31510901,0.06821488,0.43392362,0.75666461,-0.10782990,-0.49521860,-0.77088636,0.14433613,0.54223620,0.76288310,-0.17668108,-0.57362088,-0.73288555,0.20393224,0.58846779,0.68175858,-0.22530393,-0.58634891,-0.61097619,0.03807110,-0.01341248,-0.99918515,-0.01702233,-0.02456451,0.09824689,0.01154201,-0.02457376,-0.03513582
10309700000000,synthetic_50hz_04,485,0.02,84.52763029,83.39900661,12.93532644,12.96665120,12.97721733,4.95977594,109.64488106,1,1,0,0,1,-0.34035076,-0.05384887,0.09748303,-0.04044339,-0.06103776,-0.01108780,0.03705885,0.04605935,-0.01184795,-0.03260589,-0.02975304,0.03444212,0.02721289,0.01258892,-0.05604331,-0.02103533,0.00493813,0.07602874,0.01425131,-0.02232282,-0.09382223,-0.03936990,0.05287136,-0.25874313,0.03487735,0.17135734,-0.24394142,-0.02936005,0.08584791,-0.21355736,0.02296767,0.13600099,-0.28811099,-0.01587570,0.12258133,-0.17167766,0.00828053,0.09893154,-0.32649600,0.09451836,0.47565724,0.76841555,-0.13221096,-0.52774308,-0.76804586,0.16609187,0.56461384,0.74553305,-0.19518426,-0.58520652,-0.70152617,0.21864940,0.58892742,0.63729397,-0.23581078,-0.57566927,-0.55468829,0.03825696,-0.01304331,-0.99918293,-0.01728441,-0.02421307,0.09748303,0.01053612,-0.02440925,-0.03574721
10309720000000,synthetic_50hz_04,486,0.02,84.63836432,83.64687815,12.95292061,12.97721733,12.99325873,4.96874155,109.60350674,1,1,0,0,1,-0.34024090,-0.05432045,0.09670738,-0.03832543,-0.05128742,0.00410590,0.03422064,0.03537939,-0.02688820,-0.02912926,-0.01845135,0.04889530,0.02319807,0.00099135,-0.06949273,-0.01659807,0.01649723,0.08808665,0.00951953,-0.03351019,-0.10414098,-0.03730111,0.06258966,-0.24353487,0.03208691,0.16071443,-0.25898939,-0.02592881,0.09710826,-0.19910346,0.01899497,0.12444822,-0.30155412,-0.01147644,0.13409308,-0.15963292,0.00358188,0.08779313,-0.33679497,0.11984485,0.51174854,0.77060572,-0.15512606,-0.55389706,-0.75553241,0.18593491,0.58007648,0.71867674,-0.21138317,-0.58953201,-0.66110130,0.23073715,0.58199107,0.58446599,-0.24343888,-0.55767105,-0.49098026,0.03844142,-0.01266915,-0.99918066,-0.01754088,-0.02385689,0.09670738,0.00952753,-0.02424319,-0.03635428
10309740000000,synthetic_50hz_04,487,0.02,84.67514886,83.85253229,12.96986262,12.99325873,13.01624692,4.97772756,109.56250995,1,1,0,0,1,-0.34015145,-0.05478855,0.09592003,-0.03570009,-0.04080199,0.01937037,0.03092171,0.02416025,-0.04170658,-0.02525185,-0.00682197,0.06284036,0.01885396,-0.01071300,-0.08216243,-0.01191250,0.02793911,0.09911572,0.00462760,-0.04435971,-0.11321145,-0.03472498,0.07304329,-0.22825556,0.02883582,0.14953216,-0.27381578,-0.02209692,0.10869647,-0.18515737,0.01469314,0.11278853,-0.31421784,-0.00682908,0.14548769,-0.14861672,-0.00127669,0.07699251,-0.34584593,0.14384499,0.54159450,0.76297039,-0.17624468,-0.57318711,-0.73326729,0.20356314,0.58825446,0.68242375,-0.22501279,-0.58636217,-0.61190562,0.23997522,0.56756477,0.52374596,-0.24801905,-0.53240422,-0.42048647,0.03862443,-0.01229009,-0.99917833,-0.01779167,-0.02349603,0.09592003,0.00851650,-0.02407557,-0.03695695
10309760000000,synthetic_50hz_04,488,0.02,84.65457309,84.01294045,12.98934403,13.01624692,13.04671021,4.98673274,109.52189169,1,1,0,0,1,-0.34008244,-0.05525315,0.09512107,-0.03258920,-0.02970066,0.03450731,0.02719388,0.01253562,-0.05610338,-0.02101454,0.00499083,0.07608197,0.01422934,-0.02237339,-0.09386707,-0.00703390,0.03911092,0.10894595,-0.00036433,-0.05472086,-0.12088386,-0.03166334,0.08411305,-0.21310348,0.02515591,0.13794417,-0.28822091,-0.01790525,0.12046826,-0.17191443,0.01011096,0.10117267,-0.32591681,-0.00198887,0.15661234,-0.13879906,-0.00623504,0.06668023,-0.35349912,0.16617262,0.56465079,0.74536584,-0.19524663,-0.58519135,-0.70129959,0.21869159,0.58886057,0.63701454,-0.23583156,-0.57555267,-0.55436407,0.24617241,0.54565131,0.45573103,-0.24941598,-0.50001858,-0.34395905,0.03880598,-0.01190628,-0.99917594,-0.01803670,-0.02313056,0.09512107,0.00750329,-0.02390641,-0.03755515
10309780000000,synthetic_50hz_04,489,0.02,84.83435097,84.17722255,13.01343782,13.04671021,13.07525993,4.99575668,109.48165289,1,1,0,0,1,-0.34003389,-0.05571421,0.09431060,-0.02902220,-0.01811609,0.04931193,0.02307618,0.00065031,-0.06987640,-0.01646487,0.01683421,0.08842631,0.00937886,-0.03383340,-0.10442684,-0.00202246,0.04985715,0.11741671,-0.00539225,-0.06444350,-0.12702139,-0.02814563,0.09566630,-0.19828344,0.02108622,0.12609531,-0.30200255,-0.01340134,0.13227082,-0.15956844,0.00530309,0.08975706,-0.33647121,0.00298398,0.16731150,-0.13034058,-0.01122915,0.05700640,-0.35961772,0.18648996,0.58044307,0.71777853,-0.21182726,-0.58956984,-0.65981300,0.23105748,0.58169903,0.58282476,-0.24362621,-0.55705757,-0.48903341,0.24917107,0.51635588,0.38114300,-0.24753223,-0.46076741,-0.26226405,0.03898601,-0.01151781,-0.99917347,-0.01827588,-0.02276056,0.09431060,0.00648815,-0.02373572,-0.03814880
10309800000000,synthetic_50hz_04,490,0.02,85.03466110,84.34871026,13.03940311,13.07525993,13.10120040,5.00479928,109.44179437,1,1,0,0,1,-0.34000581,-0.05617170,0.09348872,-0.02503610,-0.00619317,0.06357553,0.01861475,-0.01134118,-0.08282371,-0.01165673,0.02854857,0.09968405,0.00436264,-0.04493289,-0.11367045,0.00305723,0.06002177,0.12437968,-0.01038896,-0.07338020,-0.13150298,-0.02420884,0.10755812,-0.18400412,0.01667286,0.11414005,-0.31495878,-0.00863908,0.14394453,-0.14830875,0.00032962,0.07870182,-0.34570975,0.00802489,0.17742915,-0.12338958,-0.01619183,0.04811845,-0.36408067,0.20447301,0.58857809,0.68033303,-0.22570279,-0.58607433,-0.60913114,0.24042545,0.56667378,0.52036771,-0.24821654,-0.53093576,-0.41660183,0.24885142,0.47989061,0.30082513,-0.24231181,-0.41500999,-0.17637551,0.03916450,-0.01112481,-0.99917094,-0.01850914,-0.02238610,0.09348872,0.00547135,-0.02356351,-0.03873784
10309820000000,synthetic_50hz_04,491,0.02,85.01682226,84.48233266,13.06535797,13.10120040,13.13302716,5.01386045,109.40231686,1,1,0,0,1,-0.33999820,-0.05662560,0.09265553,-0.02067541,0.00591234,0.07708844,0.01386249,-0.02327645,-0.09474672,-0.00664990,0.03996950,0.10967341,-0.00075441,-0.05551020,-0.12143816,0.00813696,0.06945052,0.12970179,-0.01528493,-0.08138855,-0.13422606,-0.01989750,0.11963278,-0.17047519,0.01196875,0.10224080,-0.32689102,-0.00367824,0.15532498,-0.13831714,-0.00474451,0.06816862,-0.35347270,0.01306565,0.18681102,-0.11807915,-0.02105354,0.04015879,-0.36678538,0.21981721,0.58875426,0.63329829,-0.23661580,-0.57455738,-0.54972091,0.24659263,0.54379575,0.45029483,-0.24946009,-0.49735623,-0.33788653,0.24513550,0.43657770,0.21573681,-0.23374354,-0.36321243,-0.08736730,0.03934140,-0.01072741,-0.99916833,-0.01873640,-0.02200726,0.09265553,0.00445315,-0.02338979,-0.03932219
10309840000000,synthetic_50hz_04,492,0.02,85.12162708,84.61019155,13.09377903,13.13302716,13.16456877,5.02294042,109.36322098,1,1,0,0,1,-0.34001107,-0.05707588,0.09181113,-0.01599189,0.01803564,0.08964315,0.00887869,-0.03498717,-0.10545340,-0.00150952,0.05093000,0.11822337,-0.00590317,-0.06540450,-0.12758491,0.01314567,0.07799336,0.13326812,-0.02000918,-0.08833363,-0.13510914,-0.01526335,0.13172547,-0.15790418,0.00703318,0.09056590,-0.33760722,0.00141603,0.16624519,-0.12976461,-0.00985021,0.05831829,-0.35961501,0.01803519,0.19530709,-0.11452419,-0.02574332,0.03326234,-0.36765039,0.23224319,0.58077164,0.57709204,-0.24434064,-0.55498050,-0.48219395,0.24939363,0.51318902,0.37339399,-0.24725649,-0.45660205,-0.25382891,0.23799083,0.38685103,0.12694582,-0.22186378,-0.30594692,0.00359717,0.03951670,-0.01032571,-0.99916564,-0.01895760,-0.02162410,0.09181113,0.00343380,-0.02321458,-0.03990178
10309860000000,synthetic_50hz_04,493,0.02,85.13084229,84.71432169,13.12351072,13.16456877,13.19916307,5.03203956,109.32450729,1,1,0,0,1,-0.34004442,-0.05752250,0.09095561,-0.01104414,0.03000482,0.10103759,0.00372850,-0.04630133,-0.11476158,0.00369464,0.06126295,0.12517695,-0.01101126,-0.07445833,-0.13198341,0.01801042,0.08550704,0.13498473,-0.02449033,-0.09409054,-0.13409437,-0.01036502,0.14366429,-0.14649315,0.00193129,0.07928733,-0.34692524,0.00657397,0.17653802,-0.12280816,-0.01491508,0.04930830,-0.36400936,0.02286059,0.20277410,-0.11281866,-0.03018978,0.02755400,-0.36661782,0.24150249,0.56454094,0.51228312,-0.24868878,-0.52742112,-0.40730567,0.24870525,0.47509551,0.29058541,-0.24155143,-0.40907267,-0.16548743,0.22743358,0.33125607,0.03561838,-0.20675870,-0.24388921,0.09527757,0.03969034,-0.00991986,-0.99916286,-0.01917265,-0.02123670,0.09095561,0.00241358,-0.02303788,-0.04047654
10309880000000,synthetic_50hz_04,494,0.02,85.04231805,84.77992097,13.15528471,13.19916307,13.23954389,5.04115842,109.28617623,1,1,0,0,1,-0.34009823,-0.05796544,0.09008910,-0.00589716,0.04164323,0.11107864,-0.00151778,-0.05704577,-0.12250245,0.00888897,0.07080365,0.13039447,-0.01600388,-0.08252024,-0.13452714,0.02265739,0.09185772,0.13478134,-0.02865768,-0.09854691,-0.13114973,-0.00526747,0.15527257,-0.13643522,-0.00326663,0.06857828,-0.35467624,0.01172197,0.18603879,-0.11758746,-0.01986433,0.04129007,-0.36654926,0.02746802,0.20907823,-0.11303283,-0.03432221,0.02314614,-0.36365568,0.24738325,0.54009133,0.43959146,-0.24951386,-0.49207814,-0.32595190,0.24445087,0.42987811,0.20291500,-0.23234025,-0.35528449,-0.07402797,0.21353115,0.27044785,-0.05699333,-0.18856585,-0.17781408,0.18637148,0.03986230,-0.00950996,-0.99916000,-0.01938149,-0.02084514,0.09008910,0.00139273,-0.02285971,-0.04104641
10309900000000,synthetic_50hz_04,495,0.02,84.75155907,84.77424859,13.19067356,13.23954389,13.29185047,5.05029791,109.24822816,1,1,0,0,1,-0.34017250,-0.05840467,0.08921168,-0.00062159,0.05277191,0.11958572,-0.00678551,-0.06704880,-0.12852393,0.01399699,0.07939265,0.13375674,-0.02080493,-0.08944757,-0.13513327,0.02701305,0.09692367,0.13261385,-0.03244237,-0.10160542,-0.12627111,-0.00004136,0.16637137,-0.12791096,-0.00848592,0.05861041,-0.36070815,0.01678355,0.19458803,-0.11422171,-0.02462186,0.03440628,-0.36715185,0.03178396,0.21409772,-0.11521080,-0.03807177,0.02013608,-0.35875985,0.24971568,0.50757695,0.35988545,-0.24671651,-0.44927588,-0.23916293,0.23660438,0.37802198,0.11154523,-0.21967084,-0.29586953,0.01928837,0.19640409,0.20518703,-0.14956588,-0.16747492,-0.10858888,0.27553133,0.04003255,-0.00909616,-0.99915704,-0.01958405,-0.02044949,0.08921168,0.00037152,-0.02268007,-0.04161131
10309920000000,synthetic_50hz_04,496,0.02,84.54340677,84.72808022,13.23316786,13.29185047,13.35015084,5.05945967,109.21066334,1,1,0,0,1,-0.34026720,-0.05884016,0.08832347,0.00470704,0.06321243,0.12639444,-0.01199666,-0.07614311,-0.13269415,0.01894042,0.08687855,0.13516822,-0.02533811,-0.09510924,-0.13374533,0.03100530,0.10059789,0.12846650,-0.03577858,-0.10318625,-0.11948392,0.00523779,0.17678226,-0.12108478,-0.01364857,0.04955105,-0.36488910,0.02168043,0.20203437,-0.11280643,-0.02911138,0.02878800,-0.36576068,0.03573630,0.21772559,-0.11936833,-0.04137263,0.01860362,-0.35195573,0.24837728,0.46728161,0.27417664,-0.24024865,-0.39946613,-0.14809471,0.22519354,0.32013386,0.01774314,-0.20364600,-0.23157198,0.11311997,0.17622725,0.13633377,-0.24072178,-0.14372778,-0.03716499,0.36138347,0.04020104,-0.00867857,-0.99915398,-0.01978026,-0.02004983,0.08832347,-0.00064978,-0.02249898,-0.04217117
10309940000000,synthetic_50hz_04,497,0.02,84.62608163,84.70768050,13.28230072,13.35015084,13.40176651,5.06864588,109.17348193,1,1,0,0,1,-0.34038231,-0.05927189,0.08742457,0.01000930,0.07278983,0.13136017,-0.01707090,-0.08416874,-0.13490471,0.02364034,0.09312102,0.13455990,-0.02952822,-0.09938859,-0.13033565,0.03456479,0.10279073,0.12235377,-0.03860484,-0.10322937,-0.11084438,0.01049055,0.18633027,-0.11610131,-0.01867425,0.04156015,-0.36711070,0.02633370,0.20823747,-0.11341066,-0.03325768,0.02455190,-0.36234809,0.03925570,0.21987219,-0.12549093,-0.04416332,0.01860881,-0.34329955,0.24329747,0.41962170,0.18361153,-0.23011723,-0.34322815,-0.05401734,0.21030260,0.25693917,-0.07713420,-0.18442485,-0.16324252,0.20606193,0.15323004,0.06483951,-0.32904879,-0.11761754,0.03543285,0.44254902,0.04036775,-0.00825732,-0.99915083,-0.01997007,-0.01964625,0.08742457,-0.00167092,-0.02231646,-0.04272593
10309960000000,synthetic_50hz_04,498,0.02,85.00314749,84.76677390,13.33247635,13.40176651,13.43639709,5.07785847,109.13668402,1,1,0,0,1,-0.34051780,-0.05969982,0.08651509,0.01520294,0.08133568,0.13436161,-0.02192680,-0.09097614,-0.13507390,0.02801850,0.09799372,0.13189195,-0.03330241,-0.10218608,-0.12490750,0.03762620,0.10343238,0.11432190,-0.04086521,-0.10169668,-0.10044035,0.01563467,0.19484699,-0.11308184,-0.02348152,0.03478726,-0.36729122,0.03066510,0.21307096,-0.11607420,-0.03698792,0.02179749,-0.35691732,0.04227685,0.22046772,-0.13353238,-0.04638791,0.02018974,-0.33287917,0.23446186,0.36514692,0.08946033,-0.21638730,-0.28126644,0.04169945,0.19207419,0.18927691,-0.17165702,-0.16222350,-0.09183044,0.29666563,0.12769583,-0.00826354,-0.41312124,-0.08948662,0.10811929,0.51766637,0.04053264,-0.00783256,-0.99914757,-0.02015340,-0.01923881,0.08651509,-0.00269163,-0.02213250,-0.04327553
10309980000000,synthetic_50hz_04,499,0.02,85.20221999,84.85386312,13.37612306,13.43639709,13.46372861,5.08709818,109.10026959,1,1,0,0,1,-0.34067363,-0.06012393,0.08559514,0.02020413,0.08869135,0.13530415,-0.02648314,-0.09642933,-0.13314951,0.03199863,0.10138720,0.12715610,-0.03659159,-0.10342203,-0.11749672,0.04012959,0.10247515,0.10444985,-0.04251063,-0.09857387,-0.08839165,0.02058633,0.20217377,-0.11212097,-0.02798919,0.02936836,-0.36537846,0.03459838,0.21642545,-0.12080534,-0.04023300,0.02060448,-0.34950424,0.04473978,0.21946448,-0.14341370,-0.04799734,0.02336071,-0.32081442,0.22191560,0.30453870,-0.00689724,-0.19918422,-0.21440606,0.13760352,0.17071027,0.11809199,-0.26434263,-0.13731467,-0.01837328,0.38346062,0.09996021,-0.08187514,-0.49152327,-0.05972386,0.17976307,0.58541507,0.04069568,-0.00740440,-0.99914420,-0.02033021,-0.01882761,0.08559514,-0.00371166,-0.02194713,-0.04381988
10310000000000,synthetic_50hz_04,500,0.02,85.49594158,84.98227881,13.41291739,13.46372861,13.48112219,5.09636478,109.06423853,1,1,0,0,1,-0.34084978,-0.06054420,0.08466484,0.02492882,0.09471125,0.13412302,-0.03066035,-0.10040894,-0.12911142,0.03550792,0.10321180,0.12037748,-0.03933178,-0.10303901,-0.10817300,0.04202169,0.09989556,0.09284984,-0.04350010,-0.09387207,-0.07484978,0.02526147,0.20816504,-0.11328350,-0.03211765,0.02542281,-0.36135230,0.03806071,0.21821123,-0.12757894,-0.04292896,0.02103028,-0.34017853,0.04659127,0.21683898,-0.15502268,-0.04895061,0.02811061,-0.30725679,0.20576610,0.23860609,-0.10398921,-0.17869502,-0.14358550,0.23218040,0.14647207,0.04442527,-0.35367773,-0.11002626,0.05601576,0.46497837,0.07040835,-0.15484183,-0.56287346,-0.02876053,0.24920373,0.64454065,0.04085684,-0.00697297,-0.99914072,-0.02050043,-0.01841271,0.08466484,-0.00473073,-0.02176035,-0.04435894
10310020000000,synthetic_50hz_04,501,0.02,85.75357221,85.13653749,13.44156340,13.48112219,13.49140373,5.10565702,109.02859063,1,1,0,0,1,-0.34104618,-0.06096059,0.08372429,0.02929415,0.09926609,0.13078603,-0.03438190,-0.10281528,-0.12297378,0.03847842,0.10340026,0.11161615,-0.04146558,-0.10100415,-0.09704056,0.04325727,0.09569605,0.07966726,-0.04380183,-0.08762899,-0.05999710,0.02957723,0.21269149,-0.11660160,-0.03579041,0.02305031,-0.35522689,0.04098415,0.21836107,-0.13633495,-0.04501838,0.02310776,-0.32904440,0.04778604,0.21259371,-0.16821393,-0.04921593,0.03440169,-0.29238863,0.18618468,0.16827904,-0.20027160,-0.15516860,-0.06984685,0.32387595,0.11967893,-0.03059906,-0.43814279,-0.08073886,0.13016279,0.53977778,0.03947105,-0.22597386,-0.62585072,0.00293473,0.31527000,0.69388010,0.04101609,-0.00653843,-0.99913713,-0.02066401,-0.01799421,0.08372429,-0.00574860,-0.02157218,-0.04489262
10310040000000,synthetic_50hz_04,502,0.02,86.30209349,85.36964869,13.46249634,13.49140373,13.48437243,5.11497293,108.99332560,1,1,0,0,1,-0.34126279,-0.06137308,0.08277361,0.03321999,0.10224608,0.12529603,-0.03757593,-0.10357113,-0.11478665,0.04084853,0.10191017,0.10096791,-0.04294346,-0.09731109,-0.08423823,0.04380030,0.08990649,0.06507992,-0.04339436,-0.07990984,-0.04404532,0.03345350,0.21564335,-0.12207243,-0.03893558,0.02232808,-0.34705228,0.04330711,0.21683256,-0.14697755,-0.04645176,0.02684329,-0.31624068,0.04828810,0.20675848,-0.18280964,-0.04877184,0.04216878,-0.27642167,0.16340717,0.09459891,-0.29415145,-0.12891492,0.00567661,0.41112134,0.09070600,-0.10578848,-0.51623840,-0.04988198,0.20285041,0.60647208,0.00761984,-0.29406408,-0.67922088,0.03486198,0.37679973,0.73238743,0.04117338,-0.00610089,-0.99913342,-0.02082089,-0.01757218,0.08277361,-0.00676500,-0.02138263,-0.04542088
10310060000000,synthetic_50hz_04,503,0.02,86.47050819,85.58982059,13.47168430,13.48437243,13.47732267,5.12430941,108.95844306,1,1,0,0,1,-0.34149956,-0.06178164,0.08181292,0.03663056,0.10356397,0.11769275,-0.04017668,-0.10262440,-0.10463707,0.04256449,0.09872613,0.08856466,-0.04372514,-0.09198153,-0.06993888,0.04362518,0.08258506,0.04929674,-0.04226749,-0.07080763,-0.02723335,0.03681448,0.21693336,-0.12965625,-0.04148743,0.02330819,-0.33691553,0.04497582,0.21361029,-0.15937488,-0.04718880,0.03221516,-0.30194026,0.04807184,0.19939152,-0.19860087,-0.04760814,0.05131885,-0.25959481,0.13773333,0.01870621,-0.38401235,-0.10030291,0.08177544,0.49236020,0.05998070,-0.17989948,-0.58651308,-0.01792923,0.27283692,0.66375652,-0.02463915,-0.35790835,-0.72186354,0.06649718,0.43266111,0.75915890,0.04132870,-0.00566050,-0.99912960,-0.02097103,-0.01714670,0.08181292,-0.00777967,-0.02119171,-0.04594364
10310080000000,synthetic_50hz_04,504,0.02,86.51272728,85.77440193,13.47405241,13.47732267,13.47438992,5.13366306,108.92394252,1,1,0,0,1,-0.34175642,-0.06218625,0.08084233,0.03945599,0.10315789,0.10805415,-0.04212611,-0.09995050,-0.09264960,0.04358172,0.09386149,0.07457391,-0.04378085,-0.08506641,-0.05434822,0.04271775,0.07381883,0.03255564,-0.04042309,-0.06044302,-0.00982448,0.03959032,0.21649965,-0.13927510,-0.04338791,0.02601526,-0.32494118,0.04594572,0.20870762,-0.17335939,-0.04719973,0.03917242,-0.28634883,0.04712309,0.19057987,-0.21534973,-0.04572671,0.06173124,-0.24217135,0.10952508,-0.05817444,-0.46824241,-0.06975708,0.15718163,0.56607743,0.02797795,-0.25165719,-0.64759218,0.01460780,0.33887737,0.71043654,-0.05677240,-0.41632755,-0.75279868,0.09730022,0.48177481,0.77345729,0.04148201,-0.00521738,-0.99912565,-0.02111437,-0.01671786,0.08084233,-0.00879235,-0.02099944,-0.04646084
10310100000000,synthetic_50hz_04,505,0.02,86.79644840,85.97881122,13.47419417,13.47438992,13.46484769,5.14303080,108.88982342,1,1,0,0,1,-0.34203331,-0.06258687,0.07986195,0.04163398,0.10099386,0.09649710,-0.04337536,-0.09555423,-0.07898602,0.04386621,0.08735973,0.05919773,-0.04309238,-0.07664661,-0.03770275,0.04107617,0.06372373,0.01512078,-0.03787572,-0.04896366,0.00789713,0.04171872,0.21430825,-0.15081214,-0.04458815,0.03044446,-0.31129101,0.04618277,0.20216802,-0.18872902,-0.04646635,0.04763422,-0.26970290,0.04544002,0.18043948,-0.23279205,-0.04314211,0.07325828,-0.22443544,0.07920326,-0.13475205,-0.54526397,-0.03775287,0.23058853,0.63082921,-0.00478595,-0.31977703,-0.69820734,0.04718680,0.39974620,0.74545583,-0.08822722,-0.46819051,-0.77121248,0.12672401,0.52313667,0.77473472,0.04163328,-0.00477169,-0.99912158,-0.02125087,-0.01628575,0.07986195,-0.00980278,-0.02080582,-0.04697242
10310120000000,synthetic_50hz_04,506,0.02,86.74458130,86.13196524,13.47026865,13.46484769,13.46196789,5.15240959,108.85608510,1,1,0,0,1,-0.34233015,-0.06298349,0.07887192,0.04311132,0.09706796,0.08317726,-0.04388613,-0.08947135,-0.06384439,0.04339568,0.07929523,0.04267085,-0.04165411,-0.06683300,-0.02026709,0.03871164,0.05244394,-0.00272098,-0.03465309,-0.03654289,0.02563060,0.04314646,0.21035524,-0.16411167,-0.04504987,0.03656005,-0.29616310,0.04566472,0.19406588,-0.20524905,-0.04498305,0.05748964,-0.25226709,0.04303383,0.16911452,-0.25064095,-0.03988204,0.08572666,-0.20668797,0.04724315,-0.20968959,-0.61356486,-0.00481066,0.30067303,0.68527380,-0.03776053,-0.38298793,-0.73722598,0.07924306,0.45426111,0.76792359,-0.11844098,-0.51243773,-0.77648160,0.15422419,0.55584053,0.76265329,0.04178248,-0.00432356,-0.99911739,-0.02138049,-0.01585045,0.07887192,-0.01081070,-0.02061087,-0.04747831
10310140000000,synthetic_50hz_04,507,0.02,86.95407183,86.29638656,13.46678233,13.46196789,13.45359033,5.16179702,108.82272680,1,1,0,0,1,-0.34264688,-0.06337608,0.07787233,0.04384546,0.09140806,0.06828834,-0.04363204,-0.08176957,-0.04745727,0.04216068,0.06977362,0.02525798,-0.03947381,-0.05576606,-0.00233049,0.03564889,0.04015074,-0.02066418,-0.03079619,-0.02337786,0.04306310,0.04383100,0.20466849,-0.17898001,-0.04474668,0.04429430,-0.27978999,0.04438211,0.18450683,-0.22265477,-0.04275757,0.06859823,-0.23433065,0.03992926,0.15677629,-0.26859101,-0.03598750,0.09893921,-0.18924175,0.01416847,-0.28162658,-0.67173046,0.02851161,0.36611956,0.72820249,-0.07036968,-0.44005713,-0.76368009,0.11019896,0.50130766,0.77714045,-0.14685115,-0.54810525,-0.76819548,0.17926956,0.57910071,0.73710308,0.04192957,-0.00387312,-0.99911307,-0.02150318,-0.01541204,0.07787233,-0.01181586,-0.02041460,-0.04797846
10310160000000,synthetic_50hz_04,508,0.02,87.46449830,86.53000890,13.46124169,13.45359033,13.42836725,5.17119083,108.78974767,1,1,0,0,1,-0.34298342,-0.06376462,0.07686333,0.04380583,0.08407496,0.05206037,-0.04259971,-0.07254897,-0.03008912,0.04016542,0.05893136,0.00725038,-0.03657315,-0.04361473,0.01579739,0.03192645,0.02704067,-0.03838972,-0.02635930,-0.00968702,0.05987525,0.04374178,0.19730880,-0.19518711,-0.04366522,0.05354712,-0.26243614,0.04233917,0.17362735,-0.24065491,-0.03981162,0.08079104,-0.21620323,0.03616484,0.14362132,-0.28632308,-0.03151277,0.11267748,-0.17241619,-0.01945597,-0.34920387,-0.71847609,0.06162698,0.42564560,0.75856990,-0.10202125,-0.48981577,-0.77679378,0.13947421,0.53986432,0.77262233,-0.17290605,-0.57434833,-0.74617582,0.20135294,0.59227361,0.69821671,0.04207453,-0.00342052,-0.99910863,-0.02161890,-0.01497060,0.07686333,-0.01281799,-0.02021702,-0.04847280
10310180000000,synthetic_50hz_04,509,0.02,87.46054538,86.71611620,13.44743443,13.42836725,13.40806010,5.18058813,108.75714680,1,1,0,0,1,-0.34333966,-0.06414907,0.07584503,0.04297513,0.07516301,0.03475721,-0.04078980,-0.06194183,-0.01203286,0.03742849,0.04693484,-0.01103840,-0.03298809,-0.03057469,0.03379142,0.02759663,0.01333307,-0.05557021,-0.02140955,0.00429296,0.07574690,0.04286147,0.18837051,-0.21246914,-0.04180613,0.06418627,-0.24439448,0.03955446,0.16159379,-0.25893593,-0.03618115,0.09387240,-0.19820997,0.03179287,0.12986893,-0.30350981,-0.02652499,0.12670480,-0.15653143,-0.05303291,-0.41108998,-0.75267899,0.09392929,0.47802839,0.77552321,-0.13211765,-0.53118502,-0.77600873,0.16649699,0.56902734,0.75412156,-0.19607614,-0.59046434,-0.71049272,0.22000233,0.59487797,0.64638003,0.04221733,-0.00296590,-0.99910406,-0.02172762,-0.01452624,0.07584503,-0.01381685,-0.02001815,-0.04896128
10310200000000,synthetic_50hz_04,510,0.02,87.78658518,86.93021000,13.43089721,13.40806010,13.37781743,5.18998621,108.72492314,1,1,0,0,1,-0.34371553,-0.06452942,0.07481755,0.04135033,0.06480000,0.01667313,-0.03821766,-0.05011167,0.00639435,0.03398316,0.03397859,-0.02927748,-0.02876890,-0.01686589,0.05131653,0.02272523,-0.00073305,-0.07187609,-0.01602638,0.01831086,0.09036344,0.04118708,0.17798143,-0.23053180,-0.03918477,0.07604820,-0.22598216,0.03606127,0.14860072,-0.27716695,-0.03191643,0.10762234,-0.18068594,0.02687916,0.11575817,-0.31982163,-0.02110358,0.14076995,-0.14190206,-0.08594269,-0.46600875,-0.77340913,0.12480404,0.52213211,0.77842933,-0.16006724,-0.56320216,-0.76100705,0.19071562,0.58803483,0.72164458,-0.21586558,-0.59591419,-0.66147676,0.23479204,0.58661305,0.58223825,0.04235794,-0.00250940,-0.99909935,-0.02182930,-0.01407902,0.07481755,-0.01481217,-0.01981800,-0.04944384
10310220000000,synthetic_50hz_04,511,0.02,87.88987264,87.12214253,13.40860370,13.37781743,13.34655032,5.19938212,108.69307560,1,1,0,0,1,-0.34411093,-0.06490564,0.07378101,0.03894353,0.05314643,-0.00187141,-0.03491385,-0.03725170,0.02485619,0.02987759,0.02028298,-0.04712436,-0.02397994,-0.00272949,0.06803391,0.01739093,-0.01490269,-0.08698201,-0.01030054,0.03210522,0.10342238,0.03873070,0.16630205,-0.24905465,-0.03583171,0.08893970,-0.20753550,0.03190776,0.13486849,-0.29500546,-0.02708180,0.12179972,-0.16396994,0.02150240,0.10154403,-0.33493316,-0.01533931,0.15461145,-0.12883060,-0.11755429,-0.51276773,-0.77995809,0.15364015,0.55693521,0.76689929,-0.18529649,-0.58504598,-0.73173043,0.21161065,0.59628961,0.67546544,-0.23182398,-0.59034193,-0.59972647,0.24535371,0.56737441,0.50669710,0.04249633,-0.00205117,-0.99909452,-0.02192391,-0.01362905,0.07378101,-0.01580369,-0.01961658,-0.04992041
10310240000000,synthetic_50hz_04,512,0.02,88.01413909,87.30054184,13.38254128,13.34655032,13.31187144,5.20877297,108.66160297,1,1,0,0,1,-0.34452575,-0.06527770,0.07273555,0.03578251,0.04039396,-0.02053489,-0.03092433,-0.02358246,0.04300295,0.02517458,0.00609107,-0.06423121,-0.01869904,0.01157594,0.08360765,0.01168439,-0.02890920,-0.10057365,-0.00433288,0.04540900,0.11464006,0.03552010,0.15352404,-0.26769616,-0.03179289,0.10264022,-0.18940422,0.02715674,0.12064017,-0.31210363,-0.02175512,0.13614595,-0.14839789,0.01575323,0.08749315,-0.34853013,-0.00933303,0.16796229,-0.11760069,-0.14723752,-0.55028671,-0.77186523,0.17984247,0.58155710,0.74080921,-0.20726248,-0.59606092,-0.68839533,0.22870702,0.59338002,0.61613468,-0.24355782,-0.57359171,-0.52611059,0.25138674,0.53726647,0.42091848,0.04263246,-0.00159134,-0.99908956,-0.02201141,-0.01317641,0.07273555,-0.01679118,-0.01941391,-0.05039094
10310260000000,synthetic_50hz_04,513,0.02,88.13745099,87.46792367,13.35285995,13.31187144,13.27240513,5.21815592,108.63050395,1,1,0,0,1,-0.34495989,-0.06564559,0.07168129,0.03191093,0.02676310,-0.03896064,-0.02631027,-0.00934872,0.06047799,0.01995108,-0.00833518,-0.08025174,-0.01301668,0.02577877,0.09771179,0.00570701,-0.04247916,-0.11235476,0.00176719,0.05795484,0.12375850,0.03159895,0.13986789,-0.28609966,-0.02712951,0.11690501,-0.17194495,0.02188515,0.10617772,-0.32811519,-0.01602687,0.15038941,-0.13429576,0.00973307,0.07387896,-0.36031625,-0.00319415,0.18055509,-0.10847033,-0.17437590,-0.57762576,-0.74894029,0.20284482,0.59528367,0.70031692,-0.22546562,-0.59577927,-0.63150310,0.24158615,0.57909828,0.54448275,-0.25074164,-0.54572161,-0.44176470,0.25266813,0.49661154,0.32631037,0.04276632,-0.00113006,-0.99908446,-0.02209178,-0.01272118,0.07168129,-0.01777436,-0.01920999,-0.05085538
10310280000000,synthetic_50hz_04,514,0.02,88.30497339,87.63533361,13.31906892,13.27240513,13.22499222,5.22752814,108.59977718,1,1,0,0,1,-0.34541324,-0.06600927,0.07061835,0.02738828,0.01250012,-0.05678342,-0.02114763,0.00518434,0.07692483,0.01429729,-0.02271934,-0.09484846,-0.00703475,0.03959933,0.11003756,-0.00043061,-0.05533765,-0.12205423,0.00788356,0.06948056,0.13055202,0.02702675,0.12557990,-0.30389992,-0.02191752,0.13146889,-0.15551417,0.01618319,0.09175758,-0.34270264,-0.00999892,0.16425040,-0.12197229,0.00355250,0.06097638,-0.37002043,0.00296122,0.19212766,-0.10166517,-0.19838016,-0.59401211,-0.71128160,0.22212319,0.59759088,0.64587356,-0.23946230,-0.58394083,-0.56184469,0.24989761,0.55345549,0.46161757,-0.25312825,-0.50701377,-0.34808180,0.24906109,0.44595460,0.22451067,0.04289788,-0.00066748,-0.99907924,-0.02216500,-0.01226346,0.07061835,-0.01875300,-0.01900484,-0.05131366
10310300000000,synthetic_50hz_04,515,0.02,88.23144597,87.75455609,13.27955671,13.22499222,13.17756938,5.23688659,108.56942118,1,1,0,0,1,-0.34588568,-0.06636873,0.06954687,0.02228948,-0.00212675,-0.07363671,-0.01552630,0.01973567,0.09199460,0.00831549,-0.03677561,-0.10770023,-0.00086493,0.05275529,0.12030082,-0.00661055,-0.06721401,-0.12943309,0.01389545,0.07973492,0.13483373,0.02187840,0.11092827,-0.32073041,-0.01624680,0.14605079,-0.14046075,0.01015315,0.07766553,-0.35554483,-0.00378298,0.17744663,-0.11171164,-0.00267053,0.04905606,-0.37740368,0.00901231,0.20242877,-0.09737214,-0.21870204,-0.59886514,-0.65928919,0.23720902,0.58816571,0.57822953,-0.24887714,-0.56050919,-0.48049924,0.25337002,0.51669293,0.36891593,-0.25055813,-0.45798017,-0.24669660,0.24052253,0.38606362,0.11736490,0.04302710,-0.00020374,-0.99907388,-0.02223103,-0.01180333,0.06954687,-0.01972684,-0.01879848,-0.05176573
10310320000000,synthetic_50hz_04,516,0.02,88.11521543,87.82668796,13.23672203,13.17756938,13.12856076,5.24622835,108.53943441,1,1,0,0,1,-0.34637710,-0.06672395,0.06846698,0.01670398,-0.01683198,-0.08916041,-0.00954886,0.03401351,0.10535388,0.00211843,-0.05021443,-0.11850995,0.00537307,0.06496763,0.12824932,-0.01270967,-0.07784779,-0.13429120,0.01967984,0.08848356,0.13646141,0.01624338,0.09619856,-0.33623104,-0.01021995,0.16035896,-0.12711811,0.00390779,0.06419115,-0.36634466,0.00250126,0.18969906,-0.10376607,-0.00881289,0.03837848,-0.38226589,0.01483608,0.21122407,-0.09573343,-0.23484809,-0.59181873,-0.59367199,0.24770198,0.56692381,0.49843412,-0.25341450,-0.52568422,-0.38882616,0.25182097,0.46928891,0.26800816,-0.24296732,-0.39936378,-0.13946336,0.22710880,0.31792481,0.00689777,0.04315396,0.00026102,-0.99906840,-0.02228986,-0.01134090,0.06846698,-0.02069563,-0.01859091,-0.05221154
10310340000000,synthetic_50hz_04,517,0.02,88.16255908,87.89386218,13.19129430,13.12856076,13.06850520,5.25555069,108.50981522,1,1,0,0,1,-0.34688736,-0.06707489,0.06737880,0.01073467,-0.03131798,-0.10300895,-0.00332906,0.04772115,0.11669269,-0.00417253,-0.06274849,-0.12701213,0.01155382,0.07596677,0.13366975,-0.01860201,-0.08699489,-0.13647361,0.02511390,0.09551491,0.13534288,0.01022456,0.08168834,-0.35005624,-0.00395072,0.17409668,-0.11579623,-0.00243155,0.05162173,-0.37483667,0.00872836,0.20073811,-0.09834886,-0.01474862,0.02918771,-0.38445210,0.02030971,0.21830197,-0.09684123,-0.24639310,-0.57274025,-0.51544854,0.25328217,0.53402319,0.40782841,-0.25286900,-0.47990999,-0.28845039,0.24516550,0.41196077,0.16075621,-0.23039377,-0.33213452,-0.02842735,0.20897967,0.24273269,-0.10472108,0.04327843,0.00072665,-0.99906279,-0.02234147,-0.01087624,0.06737880,-0.02165912,-0.01838215,-0.05265103
10310360000000,synthetic_50hz_04,518,0.02,88.35639287,87.98636832,13.13972288,13.06850520,12.99020590,5.26485061,108.48056189,1,1,0,0,1,-0.34741634,-0.06742154,0.06628246,0.00449623,-0.04528100,-0.11485956,0.00301010,0.06056313,0.12573242,-0.01042965,-0.07409920,-0.13298037,0.01754851,0.08549895,0.13639442,-0.02416143,-0.09443373,-0.13587616,0.03007777,0.10064594,0.13144053,0.00393663,0.06770136,-0.36188324,0.00243791,0.18696850,-0.10677371,-0.00873711,0.04023590,-0.38079442,0.01476950,0.21031001,-0.09562773,-0.02035158,0.02170536,-0.38385813,0.02531333,0.22347943,-0.10073315,-0.25299288,-0.54174545,-0.42594075,0.25372120,0.48987317,0.30803100,-0.24713462,-0.42387761,-0.18124059,0.23342304,0.34566147,0.04922492,-0.21298176,-0.25747975,0.08420993,0.18640011,0.16187476,-0.21521697,0.04340049,0.00119300,-0.99905704,-0.02238584,-0.01040945,0.06628246,-0.02261707,-0.01817222,-0.05308415
10310380000000,synthetic_50hz_04,519,0.02,88.40422556,88.06993977,13.07692575,12.99020590,12.89890738,5.27412425,108.45167261,1,1,0,0,1,-0.34796390,-0.06776387,0.06517811,-0.00188680,-0.05841758,-0.12442057,0.00933869,0.07225192,0.13223357,-0.01652135,-0.08400320,-0.13623422,0.02322769,0.09333263,0.13630717,-0.02926436,-0.09997123,-0.13245033,0.03445733,0.10372762,0.12477488,-0.00249587,0.05454111,-0.37142037,0.00881598,0.19868688,-0.10029007,-0.01487732,0.03029698,-0.38403749,0.02049525,0.21818322,-0.09571882,-0.02549820,0.01612449,-0.38043547,0.02973283,0.22660744,-0.10738867,-0.25439603,-0.49920855,-0.32676010,0.24889190,0.43513819,0.20091647,-0.23621211,-0.35852258,-0.06928032,0.21672220,0.27157061,-0.06435321,-0.19098410,-0.17678912,0.19613141,0.15973984,0.07691073,-0.32225505,0.04352010,0.00165993,-0.99905118,-0.02242296,-0.00994061,0.06517811,-0.02356924,-0.01796113,-0.05351085
10310400000000,synthetic_50hz_04,520,0.02,88.38172719,88.13229725,13.00215803,12.89890738,12.79607447,5.28336690,108.42314548,1,1,0,0,1,-0.34852990,-0.06810187,0.06406587,-0.00828228,-0.07043129,-0.13143944,0.01552236,0.08251465,0.13600302,-0.02231492,-0.09221906,-0.13664557,0.02846413,0.09926476,0.13334856,-0.03379271,-0.10344861,-0.12620705,0.03814703,0.10464999,0.11542694,-0.00894079,0.04250399,-0.37841510,0.01504915,0.20897895,-0.09653841,-0.02071947,0.02204643,-0.38443776,0.02577836,0.22415470,-0.09868158,-0.03007038,0.01260390,-0.37419506,0.03346264,0.22757603,-0.11672678,-0.25045420,-0.44576698,-0.21978633,0.23877629,0.37073585,0.08858633,-0.22021435,-0.28501624,0.04516767,0.19530353,0.19107948,-0.17761945,-0.16476201,-0.09163381,0.30495039,0.12947033,-0.01045371,-0.42348946,0.04363726,0.00212728,-0.99904518,-0.02245281,-0.00946983,0.06406587,-0.02451536,-0.01774888,-0.05393107
10310420000000,synthetic_50hz_04,521,0.02,87.77144283,88.06012637,12.91560293,12.79607447,12.70303161,5.29257323,108.39497853,1,1,0,0,1,-0.34911419,-0.06843551,0.06294588,-0.01455315,-0.08103986,-0.13571044,0.02142517,0.09110007,0.13690070,-0.02767949,-0.09853383,-0.13414406,0.03313580,0.10312681,0.12751998,-0.03763679,-0.10474660,-0.11721944,0.04105270,0.10334649,0.10353941,-0.01526108,0.03187229,-0.38266168,0.02100149,0.21759347,-0.09565881,-0.02613267,0.01569719,-0.38192487,0.03049681,0.22805591,-0.10451462,-0.03395844,0.01126284,-0.36521001,0.03640861,0.22631864,-0.12860479,-0.24113067,-0.38232012,-0.10713835,0.22347148,0.29782889,-0.02666705,-0.19936949,-0.20475110,0.15970363,0.16951959,0.10577025,-0.28813588,-0.13478236,-0.00374000,0.40826104,0.09615929,-0.09839809,-0.51661584,0.04375192,0.00259493,-0.99903906,-0.02247539,-0.00899720,0.06294588,-0.02545522,-0.01753550,-0.05434477
10310440000000,synthetic_50hz_04,522,0.02,87.48846403,87.94579390,12.82632298,12.70303161,12.60294946,5.30173855,108.36716969,1,1,0,0,1,-0.34971663,-0.06876477,0.06181827,-0.02056031,-0.08998228,-0.13708161,0.02691268,0.09778538,0.13484540,-0.03248915,-0.10276927,-0.12872154,0.03712894,0.10479028,0.11888657,-0.04069828,-0.10379014,-0.10562406,0.04309428,0.09979768,0.08931635,-0.02131763,0.02290700,-0.38400816,0.02653854,0.22430763,-0.09773248,-0.03099102,0.01142749,-0.37649067,0.03453682,0.22975835,-0.11315278,-0.03706405,0.01217639,-0.35361688,0.03849067,0.22281582,-0.14281863,-0.22650672,-0.31002180,0.00886243,0.20319314,0.21781067,-0.14240351,-0.17402139,-0.11931996,0.27183903,0.13983253,0.01738920,-0.39343730,-0.10161224,0.08504290,0.50369260,0.06046241,-0.18502317,-0.59942620,0.04386406,0.00306271,-0.99903282,-0.02249068,-0.00852280,0.06181827,-0.02638856,-0.01732100,-0.05475189
10310460000000,synthetic_50hz_04,523,0.02,87.72023451,87.90068202,12.73250610,12.60294946,12.47649894,5.31085840,108.33971682,1,1,0,0,1,-0.35033706,-0.06908963,0.06068319,-0.02616574,-0.09702597,-0.13546089,0.03185509,0.10238271,0.12981944,-0.03662605,-0.10478771,-0.12043522,0.04034106,0.10417163,0.10757881,-0.04289302,-0.10055224,-0.09162085,0.04420835,0.09403388,0.07302141,-0.02697242,0.01584072,-0.38236250,0.03153050,0.22893356,-0.10277710,-0.03517667,0.00937502,-0.36819238,0.03779591,0.22917849,-0.12446561,-0.03930304,0.01537153,-0.33961562,0.03964539,0.21709789,-0.15910464,-0.20678558,-0.23026607,0.12573589,0.17827639,0.13228437,-0.25608437,-0.14462741,-0.03048885,0.37904982,0.10680875,-0.07218568,-0.49108708,-0.06591075,0.17277906,0.58896607,0.02311251,-0.26839114,-0.66986490,0.04397366,0.00353048,-0.99902646,-0.02249869,-0.00804673,0.06068319,-0.02731514,-0.01710538,-0.05515238
10310480000000,synthetic_50hz_04,524,0.02,87.65313361,87.85117234,12.62498310,12.47649894,12.34064338,5.31992743,108.31261769,1,1,0,0,1,-0.35097532,-0.06941007,0.05954076,-0.03123581,-0.10197350,-0.13082117,0.03613055,0.10474527,0.12187215,-0.03998362,-0.10449718,-0.10940949,0.04268394,0.10123639,0.09379251,-0.04415367,-0.09505690,-0.07547144,0.04435043,0.08613688,0.05497450,-0.03209183,0.01087087,-0.37769756,0.03585552,0.23132446,-0.11074332,-0.03858305,0.00963175,-0.35715436,0.04018587,0.22628183,-0.13825729,-0.04060809,0.02082427,-0.32346785,0.03982830,0.20924666,-0.17714293,-0.18229362,-0.14466625,0.24089365,0.14917379,0.04303552,-0.36512719,-0.11175320,0.05983593,0.47883394,0.07111072,-0.16098229,-0.57873568,-0.02841808,0.25748745,0.66195221,-0.01509386,-0.34656913,-0.72608434,0.04408070,0.00399809,-0.99901999,-0.02249941,-0.00756908,0.05954076,-0.02823474,-0.01688868,-0.05554621
10310500000000,synthetic_50hz_04,525,0.02,87.50048136,87.78103414,12.50556041,12.34064338,12.20239526,5.32893973,108.28586999,1,1,0,0,1,-0.35163125,-0.06972606,0.05839112,-0.03564468,-0.10466904,-0.12320394,0.03962839,0.10477273,0.11112186,-0.04246959,-0.10185577,-0.09583608,0.04408638,0.09600226,0.07778730,-0.04443213,-0.08738097,-0.05749587,0.04349689,0.07624044,0.03554682,-0.03654999,0.00815330,-0.37005485,0.03940293,0.23138001,-0.12151283,-0.04111788,0.01223958,-0.34356838,0.04163547,0.22108610,-0.15426818,-0.04093108,0.02845776,-0.30549362,0.03901576,0.19939585,-0.19656230,-0.15347862,-0.05502728,0.35169526,0.11645025,-0.04800143,-0.46696495,-0.07606456,0.14964625,0.56877183,0.03348590,-0.24697669,-0.65418074,0.01005818,0.33718668,0.72072932,-0.05331227,-0.41767542,-0.76649894,0.04418515,0.00446540,-0.99901340,-0.02249284,-0.00708995,0.05839112,-0.02914710,-0.01667089,-0.05593331
10310520000000,synthetic_50hz_04,526,0.02,87.48307146,87.72144161,12.37823105,12.20239526,12.06030660,5.33788948,108.25947134,1,1,0,0,1,-0.35230468,-0.07003759,0.05723442,-0.03927764,-0.10500397,-0.11272157,0.04225235,0.10241583,0.09775628,-0.04400891,-0.09687499,-0.07997264,0.04449667,0.08854120,0.05988334,-0.04370157,-0.07765473,-0.03806758,0.04164653,0.06452944,0.01515432,-0.04023222,0.00779660,-0.35954673,0.04207649,0.22905094,-0.13489791,-0.04270612,0.01718701,-0.32769206,0.04209302,0.21366324,-0.17217812,-0.04024518,0.03814172,-0.28606635,0.03720658,0.18773037,-0.21694679,-0.12090482,0.03668840,0.45550917,0.08077492,-0.13878253,-0.55910852,-0.03831625,0.23687550,0.64658850,-0.00524710,-0.32813924,-0.71542704,0.04865917,0.40994257,0.76363948,-0.09066838,-0.47992707,-0.78983584,0.04428699,0.00493226,-0.99900670,-0.02247899,-0.00660943,0.05723442,-0.03005201,-0.01645204,-0.05631364
10310540000000,synthetic_50hz_04,527,0.02,87.51693354,87.68053999,12.24470278,12.06030660,11.91730855,5.34677110,108.23341927,1,1,0,0,1,-0.35299544,-0.07034464,0.05607080,-0.04203448,-0.10292178,-0.09955782,0.04392358,0.09767995,0.08203117,-0.04454635,-0.08962196,-0.06213952,0.04388482,0.07898012,0.04045636,-0.04195808,-0.06606126,-0.01760683,0.03882166,0.05123782,-0.00575032,-0.04303829,0.00985730,-0.34635697,0.04379731,0.22434265,-0.15064281,-0.04329252,0.02440692,-0.30984578,0.04152853,0.20414016,-0.19161138,-0.03854649,0.04969307,-0.26560631,0.03442305,0.17448414,-0.23784371,-0.08524475,0.12840110,0.54977709,0.04290986,-0.22719871,-0.63921080,0.00066213,0.31944607,0.71021577,-0.04421504,-0.40248365,-0.76074489,0.08649321,0.47391744,0.78934137,-0.12627774,-0.53168797,-0.79518078,0.04438620,0.00539852,-0.99899989,-0.02245785,-0.00612761,0.05607080,-0.03094922,-0.01623213,-0.05668716
10310560000000,synthetic_50hz_04,528,0.02,87.54301566,87.65303513,12.10719720,11.91730855,11.77834654,5.35557954,108.20771122,1,1,0,0,1,-0.35370336,-0.07064719,0.05490039,-0.04383257,-0.09842181,-0.08396660,0.04458336,0.09062747,0.06426711,-0.04404878,-0.08022030,-0.04271478,0.04224426,0.06750034,0.01993095,-0.03922182,-0.05283431,0.00342749,0.03506859,0.03664504,-0.02668712,-0.04488557,0.01433605,-0.33073949,0.04450668,0.21731750,-0.16842693,-0.04284396,0.03377568,-0.29040757,0.03993541,0.19269818,-0.21214339,-0.03585515,0.06287806,-0.24457240,0.03071149,0.15993664,-0.25877311,-0.04726787,0.21795943,0.63208035,0.00369572,-0.31112458,-0.70513123,0.03998298,0.39531986,0.75785284,-0.08250895,-0.46811789,-0.78872521,0.12265614,0.52741986,0.79685826,-0.15926711,-0.57151606,-0.78201751,0.04448274,0.00586404,-0.99899298,-0.02242943,-0.00564460,0.05490039,-0.03183852,-0.01601118,-0.05705382
10310580000000,synthetic_50hz_04,529,0.02,87.19894534,87.56221717,11.96907992,11.77834654,11.66098939,5.36431057,108.18234458,1,1,0,0,1,-0.35442824,-0.07094522,0.05372334,-0.04460975,-0.09156184,-0.06626887,0.04419547,0.08137884,0.04484456,-0.04250701,-0.06884965,-0.02212735,0.03959305,0.05433548,-0.00122779,-0.03553760,-0.03825480,0.02454754,0.03045759,0.02107122,-0.04715957,-0.04571190,0.02117509,-0.31301523,0.04416839,0.20809594,-0.18786983,-0.04135124,0.04511367,-0.26980639,0.03733173,0.17957093,-0.23330903,-0.03221600,0.07741578,-0.22345246,0.02614218,0.14440796,-0.27923846,-0.00782591,0.30319042,0.70020663,-0.03596552,-0.38847052,-0.75499863,0.07872004,0.46255084,0.78802366,-0.11920502,-0.52329560,-0.79832960,0.15625327,0.56895351,0.78561933,-0.18879667,-0.59820822,-0.75025929,0.04457661,0.00632867,-0.99898596,-0.02239375,-0.00516047,0.05372334,-0.03271966,-0.01578921,-0.05741358
10310600000000,synthetic_50hz_04,530,0.02,86.90930958,87.43163565,11.83968190,11.66098939,11.56262158,5.37296181,108.15731664,1,1,0,0,1,-0.35516991,-0.07123870,0.05253978,-0.04432680,-0.08245923,-0.04684755,0.04274815,0.07011211,0.02419689,-0.03993706,-0.05574363,-0.00084862,0.03597456,0.03976803,-0.02252412,-0.03097490,-0.02264591,0.04524748,0.02508221,0.00487088,-0.06666633,-0.04547805,0.03025705,-0.29356713,0.04277067,0.19685602,-0.20853813,-0.03883039,0.05818725,-0.24851359,0.03376086,0.16504088,-0.25461256,-0.02769848,0.09298305,-0.20275231,0.02080865,0.12825264,-0.29873842,0.03216469,0.38195321,0.75221511,-0.07513033,-0.45723692,-0.78727077,0.11592993,0.51933827,0.79962904,-0.15338721,-0.56646686,-0.78893364,0.18642226,0.59726394,0.75549291,-0.21408268,-0.61084163,-0.70027097,0.04466778,0.00679226,-0.99897885,-0.02235081,-0.00467534,0.05253978,-0.03359243,-0.01556623,-0.05776639
10310620000000,synthetic_50hz_04,531,0.02,86.81037488,87.30738350,11.72331657,11.56262158,11.47523830,5.38153296,108.13262462,1,1,0,0,1,-0.35592818,-0.07152763,0.05134987,-0.04296944,-0.07129060,-0.02614054,0.04025548,0.05706102,0.00280177,-0.03638093,-0.04118635,0.02061778,0.03145750,0.02412425,-0.04344291,-0.02562713,-0.00636665,0.06501555,0.01905793,-0.01157451,-0.08471377,-0.04416975,0.04140531,-0.27283307,0.04032759,0.18383148,-0.22995416,-0.03532341,0.07271234,-0.22703285,0.02929151,0.14943430,-0.27553885,-0.02239603,0.10922085,-0.18298373,0.01482637,0.11185213,-0.31677937,0.07174312,0.45219495,0.78649834,-0.11283577,-0.51556909,-0.80078872,0.15067531,0.56407913,0.79199199,-0.18417082,-0.59632651,-0.76036177,0.21235659,0.61138152,0.70680995,-0.23442002,-0.60881012,-0.63288048,0.04475623,0.00725466,-0.99897165,-0.02230063,-0.00418929,0.05134987,-0.03445660,-0.01534225,-0.05811221
10310640000000,synthetic_50hz_04,532,0.02,86.19232172,87.08437114,11.61912369,11.47523830,11.41864090,5.39002532,108.10826567,1,1,0,0,1,-0.35670284,-0.07181198,0.05015375,-0.04054985,-0.05828989,-0.00463188,0.03675811,0.04251139,-0.01882919,-0.03190661,-0.02550727,0.04174740,0.02613523,0.00776776,-0.06346202,-0.01961037,0.01019570,0.08334699,0.01252012,-0.02786521,-0.10082904,-0.04179917,0.05438592,-0.25129710,0.03687982,0.16930814,-0.25160630,-0.03089828,0.08835945,-0.20588858,0.02401703,0.13311480,-0.29556578,-0.01642470,0.12574191,-0.16465146,0.00833074,0.09560619,-0.33288845,0.10992689,0.51200754,0.80183869,-0.14812333,-0.56181160,-0.79482406,0.18204931,0.59541837,0.76489428,-0.21072671,-0.61185895,-0.71291224,0.23332877,0.61065935,0.64037661,-0.24920386,-0.59185415,-0.54937863,0.04484194,0.00771574,-0.99896436,-0.02224322,-0.00370242,0.05015375,-0.03531195,-0.01511729,-0.05845100
10310660000000,synthetic_50hz_04,533,0.02,85.49495846,86.76648860,11.53492092,11.41864090,11.39126875,5.39844245,108.08423686,1,1,0,0,1,-0.35749371,-0.07209173,0.04895156,-0.03710744,-0.04374481,0.01715881,0.03232342,0.02679600,-0.04016225,-0.02660750,-0.00907465,0.06200779,0.02012447,-0.00890832,-0.08206561,-0.01306124,0.02663447,0.09975744,0.00562146,-0.04359273,-0.11457322,-0.03840573,0.06891119,-0.22947885,0.03249472,0.15361878,-0.27296082,-0.02564839,0.10476034,-0.18561326,0.01805414,0.11647551,-0.31417748,-0.00992113,0.14213956,-0.14823989,0.00147441,0.07992329,-0.34662676,0.14573638,0.55968378,0.79745759,-0.18006404,-0.59456023,-0.76911719,0.20920037,0.61229522,0.71860278,-0.23230536,-0.61237746,-0.64737073,0.24871288,0.59480457,0.55747467,-0.25794989,-0.56008319,-0.45150636,0.04492489,0.00817534,-0.99895698,-0.02217861,-0.00321482,0.04895156,-0.03615826,-0.01489137,-0.05878272
10310680000000,synthetic_50hz_04,534,0.02,85.34153728,86.48149834,11.47458701,11.39126875,11.36763454,5.40679029,108.06053518,1,1,0,0,1,-0.35830059,-0.07236687,0.04774344,-0.03270904,-0.02799155,0.03868847,0.02704487,0.01028785,-0.06065461,-0.02060098,0.00771245,0.08087206,0.01356316,-0.02549040,-0.09875792,-0.00613431,0.04253345,0.11379655,-0.00147140,-0.05835024,-0.12555437,-0.03405625,0.08464492,-0.20792138,0.02726576,0.13713640,-0.29347493,-0.01969113,0.12151596,-0.16673375,0.01154078,0.09993002,-0.33087821,-0.00303988,0.15799760,-0.13419934,-0.00557595,0.06521026,-0.35760233,0.17822067,0.59377116,0.77305548,-0.20778419,-0.61271006,-0.72390504,0.23135719,0.61398426,0.65388409,-0.24826005,-0.59755700,-0.56501134,0.25800546,0.56390189,0.45984906,-0.26031246,-0.51398923,-0.34142912,0.04500505,0.00863333,-0.99894953,-0.02210681,-0.00272659,0.04774344,-0.03699531,-0.01466449,-0.05910733
10310700000000,synthetic_50hz_04,535,0.02,85.17755431,86.22070953,11.42966697,11.36763454,11.34800834,5.41507567,108.03715756,1,1,0,0,1,-0.35912325,-0.07263738,0.04652955,-0.02744826,-0.01140795,0.05940399,0.02104063,-0.00660803,-0.07976847,-0.01402639,0.02443350,0.09783318,0.00660777,-0.04155454,-0.11307732,0.00100136,0.05747754,0.12506138,-0.00858162,-0.07174344,-0.13343987,-0.02884433,0.10120927,-0.18717779,0.02131110,0.12026602,-0.31261080,-0.01316584,0.13820575,-0.14975711,0.00463342,0.08390225,-0.34520633,0.00404999,0.17290092,-0.12293277,-0.01264352,0.05186141,-0.36548256,0.20648412,0.61312158,0.72884098,-0.23049096,-0.61549802,-0.65993673,0.24785264,0.60012937,0.57200619,-0.25806861,-0.56745870,-0.46758445,0.26084434,0.51842794,0.34968202,-0.25609981,-0.45445066,-0.22169811,0.04508242,0.00908954,-0.99894200,-0.02202785,-0.00223783,0.04652955,-0.03782290,-0.01443667,-0.05942478
10310720000000,synthetic_50hz_04,536,0.02,85.33191923,86.04295147,11.39537034,11.34800834,11.31982410,5.42330549,108.01410085,1,1,0,0,1,-0.35996150,-0.07290324,0.04531003,-0.02144412,0.00559490,0.07875667,0.01445147,-0.02346410,-0.09698559,-0.00704217,0.04065682,0.11241838,-0.00057016,-0.05667739,-0.12461009,0.00816605,0.07106391,0.13320924,-0.01552651,-0.08340164,-0.13796790,-0.02288901,0.11819316,-0.16779680,0.01477150,0.10343519,-0.32985022,-0.00623094,0.15439806,-0.13515609,-0.00249641,0.06881557,-0.35674813,0.01116877,0.18644670,-0.11478286,-0.01954559,0.04024742,-0.37000563,0.22971273,0.61693554,0.66554740,-0.24749722,-0.60253824,-0.57847575,0.25814626,0.57076947,0.47472637,-0.26135283,-0.52254516,-0.35729041,0.25702446,0.45925562,0.22955360,-0.24528597,-0.38272553,-0.09519866,0.04515697,0.00954385,-0.99893441,-0.02194176,-0.00174863,0.04531003,-0.03864080,-0.01420792,-0.05973504
10310740000000,synthetic_50hz_04,537,0.02,85.33541938,85.90144505,11.36364092,11.31982410,11.29067653,5.43148576,107.99136184,1,1,0,0,1,-0.36081512,-0.07316443,0.04408503,-0.01483890,0.02258241,0.09621721,0.00743784,-0.03984095,-0.11182224,0.00017765,0.05595085,0.12420339,-0.00778801,-0.07044767,-0.13300369,0.01517385,0.08291345,0.13796943,-0.02212221,-0.09298879,-0.13895745,-0.01633254,0.13516199,-0.15030768,0.00780743,0.08708332,-0.34470943,0.00093951,0.16966132,-0.12335498,-0.00966608,0.05508124,-0.36515105,0.01813053,0.19825582,-0.11002032,-0.02609834,0.03070434,-0.37099052,0.24719973,0.60479876,0.58443552,-0.25824471,-0.57384879,-0.48128798,0.26184437,0.52635448,0.36426468,-0.25789493,-0.46368514,-0.23673946,0.24651027,0.38764753,0.10238893,-0.22801860,-0.30043387,0.03491352,0.04522868,0.00999611,-0.99892675,-0.02184855,-0.00125909,0.04408503,-0.03944881,-0.01397827,-0.06003808
10310760000000,synthetic_50hz_04,538,0.02,85.49669230,85.82049450,11.33299588,11.29067653,11.25480426,5.43962154,107.96893723,1,1,0,0,1,-0.36168388,-0.07342094,0.04285469,-0.00779515,0.03910741,0.11129108,0.00017636,-0.05529883,-0.12384379,0.00744751,0.06989596,0.13282603,-0.01485666,-0.08247796,-0.13797884,0.02183749,0.09268208,0.13915365,-0.02818873,-0.10021413,-0.13631659,-0.00933749,0.15166860,-0.13520499,0.00059549,0.07165015,-0.35675382,0.00815998,0.18357590,-0.11471593,-0.01668648,0.04308669,-0.37013582,0.02474803,0.20798421,-0.10883343,-0.03212174,0.02352292,-0.36834530,0.25836956,0.57670999,0.48728162,-0.26232478,-0.52986845,-0.37061476,0.25871706,0.46775055,0.24326291,-0.24765041,-0.39214720,-0.10889768,0.22944387,0.30523805,-0.02860713,-0.20462237,-0.20952875,0.16528718,0.04529754,0.01044618,-0.99891903,-0.02174827,-0.00076930,0.04285469,-0.04024673,-0.01374773,-0.06033384
10310780000000,synthetic_50hz_04,539,0.02,84.83458724,85.62331305,11.30015540,11.25480426,11.24482349,5.44771670,107.94682367,1,1,0,0,1,-0.36256758,-0.07367276,0.04161916,-0.00049207,0.05472202,0.12353352,-0.00714448,-0.06940984,-0.13267876,0.01457505,0.08209653,0.13799881,-0.02158541,-0.09241635,-0.13934029,0.02797346,0.10007175,0.13666452,-0.03355502,-0.10484205,-0.13004866,-0.00208305,0.16726511,-0.12293348,-0.00667583,0.05756358,-0.36561190,0.01523811,0.19574618,-0.10952647,-0.02336691,0.03318384,-0.37150721,0.03083774,0.21533383,-0.11131958,-0.03744476,0.01893879,-0.36207333,0.26279927,0.53309847,0.37635010,-0.25949610,-0.47146231,-0.24913102,0.24871153,0.39623368,0.11472938,-0.23075650,-0.30958144,0.02297996,0.20614865,0.21400383,-0.16002678,-0.17559743,-0.11225638,0.29245995,0.04536352,0.01089391,-0.99891127,-0.02164094,-0.00027935,0.04161916,-0.04103434,-0.01351630,-0.06062231
10310800000000,synthetic_50hz_04,540,0.02,84.56473150,85.41159674,11.27691600,11.24482349,11.24060782,5.45577562,107.92501772,1,1,0,0,1,-0.36346598,-0.07391985,0.04037860,0.00687884,0.06899012,0.13256400,-0.01432906,-0.08177028,-0.13803169,0.02136617,0.09219297,0.13951986,-0.02778729,-0.09995768,-0.13698561,0.03340728,0.10484057,0.13050200,-0.03806413,-0.10670086,-0.12025596,0.00523928,0.18151539,-0.11387367,-0.01381091,0.04522731,-0.37098821,0.02197979,0.20581257,-0.10798844,-0.02952040,0.02567781,-0.36916276,0.03622520,0.22006277,-0.11747883,-0.04191045,0.01712362,-0.35227689,0.26023669,0.47482992,0.25435059,-0.24969825,-0.39991541,-0.11988860,0.23196090,0.31347115,-0.01802983,-0.20753600,-0.21798937,0.15542846,0.17712774,0.11622286,-0.28834601,-0.14161281,-0.01110559,0.41295041,0.04542662,0.01133916,-0.99890345,-0.02152660,0.00021064,0.04037860,-0.04181145,-0.01328401,-0.06090345
10310820000000,synthetic_50hz_04,541,0.02,84.23351261,85.17597991,11.26166656,11.24060782,11.24328849,5.46380291,107.90351591,1,1,0,0,1,-0.36437885,-0.07416222,0.03913316,0.01411871,0.08150011,0.13807949,-0.02117990,-0.09201307,-0.13969452,0.02763047,0.09987325,0.13728209,-0.03328443,-0.10485404,-0.13091175,0.03797879,0.10681184,0.12076717,-0.04157821,-0.10569020,-0.10714081,0.01243063,0.19400785,-0.10832861,-0.02061226,0.03500842,-0.37267470,0.02819462,0.21346306,-0.11020895,-0.03496909,0.02081655,-0.36309943,0.04075024,0.22199435,-0.12721008,-0.04538097,0.01817777,-0.33915831,0.25061464,0.40320009,0.12437993,-0.23306101,-0.31691379,0.01375421,0.20878812,0.22149070,-0.15149180,-0.17849577,-0.11968194,0.28486182,0.14305731,0.01442270,-0.41001914,-0.10349443,0.09125236,0.52335541,0.04548681,0.01178179,-0.99889560,-0.02140528,0.00070060,0.03913316,-0.04257785,-0.01305087,-0.06117721
10310840000000,synthetic_50hz_04,542,0.02,84.13064570,84.96691307,11.25394777,11.24328849,11.24276869,5.47180328,107.88231466,1,1,0,0,1,-0.36530595,-0.07439984,0.03788298,0.02102665,0.09187758,0.13986610,-0.02750316,-0.09981957,-0.13755589,0.03318674,0.10488372,0.13127989,-0.03791353,-0.10692402,-0.12121902,0.04154726,0.10588165,0.10766335,-0.04398316,-0.10178666,-0.09100370,0.01929012,0.20436807,-0.10651219,-0.02688605,0.02722556,-0.37056000,0.03370141,0.21844397,-0.11619360,-0.03954967,0.01878145,-0.35341752,0.04427212,0.22102465,-0.14031000,-0.04774221,0.02212465,-0.32301807,0.23406029,0.31991540,-0.01015025,-0.20990829,-0.22451282,0.14821581,0.17970454,0.12263743,-0.28200823,-0.14431983,-0.01722635,0.40767023,0.10477430,-0.08868138,-0.52157890,-0.06220809,0.19203238,0.62045021,0.04554409,0.01222166,-0.99888772,-0.02127703,0.00119041,0.03788298,-0.04333336,-0.01281689,-0.06144358
10310860000000,synthetic_50hz_04,543,0.02,83.86576730,84.74668392,11.24925256,11.24276869,11.24581928,5.47978099,107.86141037,1,1,0,0,1,-0.36624706,-0.07463270,0.03662821,0.02740546,0.09979750,0.13780866,-0.03311438,-0.10493062,-0.13160810,0.03786861,0.10703854,0.12161322,-0.04153106,-0.10606049,-0.10811217,0.04399615,0.10202467,0.09149420,-0.04519282,-0.09504742,-0.07223841,0.02562055,0.21227103,-0.10853957,-0.03244784,0.02213788,-0.36463639,0.03833377,0.22056949,-0.12584243,-0.04311862,0.01967964,-0.34032181,0.04667433,0.21712835,-0.15647496,-0.04890801,0.02890708,-0.30424996,0.21089938,0.22706039,-0.14559890,-0.18075673,-0.12509303,0.27978525,0.14540277,0.01951917,-0.40590526,-0.10585679,0.08661743,0.52032282,0.06325890,-0.19025682,-0.61973924,-0.01883723,0.28841101,0.70128829,0.04559842,0.01265863,-0.99887981,-0.02114188,0.00168000,0.03662821,-0.04407778,-0.01258209,-0.06170250
10310880000000,synthetic_50hz_04,544,0.02,84.01761257,84.60086965,11.24781058,11.24581928,11.23588338,5.48773994,107.84079933,1,1,0,0,1,-0.36720193,-0.07486078,0.03536902,0.03306747,0.10499552,0.13189781,-0.03784420,-0.10715630,-0.12195123,0.04152987,0.10622772,0.10848873,-0.04401821,-0.10223655,-0.09189846,0.04523748,0.09529785,0.07265871,-0.04515254,-0.08561166,-0.05132417,0.03123425,0.21745238,-0.11442011,-0.03712824,0.01993529,-0.35500398,0.04194550,0.21972962,-0.13894879,-0.04555712,0.02353802,-0.32411953,0.04786887,0.21036240,-0.17530594,-0.04882374,0.03838588,-0.28333322,0.18165466,0.12705233,-0.27819207,-0.14630829,-0.02130391,0.40472473,0.10674378,-0.08505871,-0.51958899,-0.06410181,0.18896904,0.61947326,0.01961174,-0.28743131,-0.70149782,0.02544374,0.37760680,0.76329787,0.04564981,0.01309257,-0.99887188,-0.02099989,0.00216925,0.03536902,-0.04481091,-0.01234649,-0.06195397
10310900000000,synthetic_50hz_04,545,0.02,84.03820550,84.48833682,11.24280116,11.23588338,11.22055891,5.49568287,107.82047780,1,1,0,0,1,-0.36817032,-0.07508407,0.03410554,0.03784041,0.10727799,0.12223428,-0.04154384,-0.10638414,-0.10879430,0.04404954,0.10242318,0.09221774,-0.04528528,-0.09550932,-0.07298249,0.04521542,0.08584187,0.05164312,-0.04384197,-0.07369957,-0.02881486,0.03595894,0.21971848,-0.12405309,-0.04077850,0.02073027,-0.34187178,0.04441564,0.21589627,-0.15520137,-0.04677549,0.03029946,-0.30521528,0.04779991,0.20086749,-0.19631672,-0.04746903,0.05034086,-0.26082170,0.14703827,0.02258341,-0.40412817,-0.10743703,0.08400306,0.51937798,0.06473832,-0.18816768,-0.61965389,-0.02017318,0.28690734,0.70206488,-0.02497357,-0.37737533,-0.76423502,0.06940031,0.45696341,0.80437190,0.04569824,0.01352333,-0.99886394,-0.02085109,0.00265808,0.03410554,-0.04553257,-0.01211010,-0.06219793
10310920000000,synthetic_50hz_04,546,0.02,84.28054940,84.44677933,11.23345941,11.22055891,11.19253137,5.50361149,107.80044197,1,1,0,0,1,-0.36915197,-0.07530255,0.03283794,0.04157305,0.10653031,0.10902993,-0.04409029,-0.10258523,-0.09245312,0.04533638,0.09568257,0.07321084,-0.04527541,-0.08602134,-0.05185786,0.04390912,0.07388008,0.02900979,-0.04127692,-0.05960882,-0.00532536,0.03964341,0.21895471,-0.13722666,-0.04327558,0.02455173,-0.32555559,0.04565292,0.20912711,-0.17418957,-0.04671686,0.03982143,-0.28410268,0.04644663,0.18886694,-0.21894494,-0.04485969,0.06447434,-0.23733030,0.10793808,-0.08344805,-0.51968918,-0.06516989,0.18785085,0.62028140,0.02052282,-0.28683783,-0.70299061,0.02471592,0.37755513,0.76543228,-0.06924210,-0.45738735,-0.80580617,0.11177200,0.52403288,0.82294830,0.04574369,0.01395079,-0.99885599,-0.02069553,0.00314639,0.03283794,-0.04624257,-0.01187293,-0.06243437
10310940000000,synthetic_50hz_04,547,0.02,84.37614643,84.43265275,11.21626964,11.19253137,11.15997375,5.51152621,107.78068797,1,1,0,0,1,-0.37014664,-0.07551622,0.03156636,0.04414047,0.10272316,0.09260553,-0.04539089,-0.09581818,-0.07334473,0.04533266,0.08615072,0.05196937,-0.04396747,-0.07399949,-0.02909571,0.04133467,0.05971482,0.00538320,-0.03751018,-0.04370855,0.01848451,0.04216274,0.21513177,-0.15362002,-0.04452686,0.03134105,-0.30647247,0.04559963,0.19956695,-0.19541206,-0.04536010,0.05187705,-0.26135285,0.04382509,0.17466313,-0.24256610,-0.04104854,0.08041719,-0.21351885,0.06539788,-0.18801617,-0.62135471,-0.02066198,0.28722081,0.70427465,-0.02466962,-0.37814474,-0.76689003,0.06928998,0.45816658,0.80739560,-0.11191268,-0.52497926,-0.82462359,0.15130889,0.57665655,0.81807729,0.04578615,0.01437480,-0.99884805,-0.02053327,0.00363408,0.03156636,-0.04694074,-0.01163500,-0.06266326
10310960000000,synthetic_50hz_04,548,0.02,84.43507187,84.43313658,11.19262536,11.15997375,11.12526329,5.51942654,107.76121187,1,1,0,0,1,-0.37115407,-0.07572505,0.03029097,0.04544879,0.09591652,0.07338503,-0.04538722,-0.08623048,-0.05197858,0.04401711,0.07405837,0.02907356,-0.04137796,-0.05975113,-0.00533034,0.03754587,0.04372123,-0.01856655,-0.03263132,-0.02643083,0.04192817,0.04342303,0.20830963,-0.17280925,-0.04447389,0.04095074,-0.28513184,0.04423450,0.18744655,-0.21828860,-0.04272173,0.06615896,-0.23760011,0.03998911,0.15863117,-0.26651013,-0.03612513,0.09773732,-0.19007390,0.02059195,-0.28805367,-0.70591521,0.02483337,0.37914184,0.76860711,-0.06954273,-0.45929917,-0.80913971,0.11224714,0.52621470,0.82634443,-0.15171541,-0.57795921,-0.81972526,0.18680966,0.61304088,0.78947302,0.04582561,0.01479522,-0.99884011,-0.02036436,0.00412106,0.03029097,-0.04762689,-0.01139633,-0.06288456
10310980000000,synthetic_50hz_04,549,0.02,84.66845161,84.48019958,11.16433329,11.12526329,11.08230076,5.52731153,107.74200968,1,1,0,0,1,-0.37217400,-0.07592904,0.02901191,0.04543906,0.08626098,0.05188634,-0.04405807,-0.07405718,-0.02894429,0.04140687,0.05971829,0.00516777,-0.03756189,-0.04365768,0.01875774,0.03263398,0.02633841,-0.04214246,-0.02676522,-0.00825979,0.06431220,0.04336535,0.19863887,-0.19427644,-0.04309549,0.05314576,-0.26212334,0.04157468,0.17307867,-0.24217484,-0.03885673,0.08228572,-0.21352495,0.03502994,0.14121019,-0.29008001,-0.03021434,0.11595062,-0.16768890,-0.02520578,-0.38054333,-0.77058088,0.06999893,0.46078227,0.81103646,-0.11277398,-0.52773665,-0.82810949,0.15229769,0.57947613,0.82130773,-0.18743060,-0.61450904,-0.79082729,0.21715979,0.63182538,0.73754692,0.04586205,0.01521194,-0.99883220,-0.02018885,0.00460723,0.02901191,-0.04830085,-0.01115693,-0.06309826
10311000000000,synthetic_50hz_04,550,0.02,84.56462645,84.49708496,11.12987963,11.08230076,11.04567147,5.53517958,107.72307735,1,1,0,0,1,-0.37320618,-0.07612817,0.02772933,0.04409031,0.07399626,0.02870881,-0.04142140,-0.05961676,-0.00489648,0.03755830,0.04351849,-0.01905701,-0.03261238,-0.02616556,0.04246108,0.02672622,0.00805826,-0.06464097,-0.02006953,0.01028136,0.08495724,0.04196874,0.18635924,-0.21742223,-0.04040960,0.06760762,-0.23810158,0.03767652,0.15685133,-0.26637979,-0.03385825,0.09981093,-0.18983483,0.02907481,0.12289207,-0.31257218,-0.02347384,0.13453386,-0.14704319,-0.07065700,-0.46261210,-0.81308235,0.11349155,0.52954156,0.82991592,-0.15305408,-0.58120410,-0.82282262,0.18820399,0.61611024,0.79200697,-0.21792789,-0.63325365,-0.73835738,0.24136883,0.63214005,0.66342061,0.04589547,0.01562481,-0.99882430,-0.02000680,0.00509250,0.02772933,-0.04896245,-0.01091681,-0.06330431
10311020000000,synthetic_50hz_04,551,0.02,84.68319080,84.53430612,11.09451220,11.04567147,11.00580075,5.54302929,107.70441079,1,1,0,0,1,-0.37425033,-0.07632242,0.02644341,0.04142151,0.05944695,0.00451751,-0.03753512,-0.04330418,0.01946321,0.03256658,0.02591293,-0.04288280,-0.02665913,-0.00777460,0.06506606,0.01998308,-0.01058787,-0.08537344,-0.01273091,0.02864509,0.10321945,0.03925216,0.17179530,-0.24158154,-0.03647414,0.08394138,-0.21376819,0.03263520,0.13921849,-0.29018547,-0.02785598,0.11823474,-0.16724336,0.02228421,0.10420816,-0.33329800,-0.01609026,0.15293952,-0.12878061,-0.11439796,-0.53162489,-0.83175943,0.15398260,0.58313882,0.82426646,-0.18912785,-0.61784058,-0.79300949,0.21882046,0.63472971,0.73888970,-0.24220436,-0.63331929,-0.66346737,0.25860541,0.61364997,0.56891696,0.04592585,0.01603370,-0.99881644,-0.01981827,0.00557677,0.02644341,-0.04961151,-0.01067600,-0.06350271
10311040000000,synthetic_50hz_04,552,0.02,84.85619447,84.59868379,11.05725339,11.00580075,10.96143262,5.55085927,107.68600583,1,1,0,0,1,-0.37530620,-0.07651179,0.02515428,0.03749231,0.04301522,-0.01997515,-0.03249663,-0.02558116,0.04340632,0.02656405,0.00740958,-0.06558607,-0.01986562,0.01097562,0.08587494,0.01259446,-0.02904438,-0.10368799,-0.00496019,0.04627579,0.11851168,0.03527526,0.15534925,-0.26604199,-0.03138650,0.10168528,-0.18985165,0.02658308,0.12068811,-0.31286835,-0.02101341,0.13701758,-0.14644829,0.01484804,0.08571408,-0.35160561,-0.00827446,0.17061198,-0.11348834,-0.15508098,-0.58527497,-0.82563440,0.19019983,0.61969507,0.79383102,-0.21983513,-0.63624908,-0.73914113,0.24313249,0.63445973,0.66314145,-0.25942021,-0.61437860,-0.56802309,0.26822874,0.57658466,0.45652836,0.04595318,0.01643849,-0.99880862,-0.01962331,0.00605995,0.02515428,-0.05024788,-0.01043450,-0.06369343
10311060000000,synthetic_50hz_04,553,0.02,84.60606129,84.60015929,11.01700867,10.96143262,10.92973193,5.55866799,107.66785827,1,1,0,0,1,-0.37637351,-0.07669626,0.02386211,0.03240251,0.02517088,-0.04403022,-0.02644108,-0.00696401,0.06619947,0.01971734,-0.01144364,-0.08646017,-0.01242514,0.02952137,0.10422817,0.00477472,-0.04674798,-0.11899123,0.00301336,0.06262683,0.13032372,0.03013785,0.13749087,-0.29006461,-0.02528186,0.12032304,-0.16708533,0.01968676,0.10180812,-0.33372177,-0.01352382,0.15559573,-0.12810916,0.00698067,0.06797311,-0.36690159,-0.00025570,0.18700462,-0.10167656,-0.19141724,-0.62166772,-0.79446650,0.22096919,0.63780624,0.73910784,-0.24415050,-0.63555651,-0.66244035,0.26029283,0.61498340,0.56667440,-0.26893081,-0.57668002,-0.45457096,0.26981538,0.52175069,0.32936203,0.04597746,0.01683905,-0.99880084,-0.01942200,0.00654194,0.02386211,-0.05087138,-0.01019234,-0.06387644
10311080000000,synthetic_50hz_04,554,0.02,84.66715222,84.61355788,10.98035243,10.92973193,10.89654667,5.56645467,107.64996386,1,1,0,0,1,-0.37745198,-0.07687583,0.02256706,0.02629026,0.00643868,-0.06690462,-0.01953838,0.01199097,0.08712737,0.01222319,-0.03007492,-0.10483820,-0.00455560,0.04729180,0.11952649,-0.00324333,-0.06314523,-0.13076878,0.01094875,0.07717815,0.13824095,0.02397807,0.11874493,-0.31290633,-0.01833010,0.13929835,-0.14618452,0.01214301,0.08315033,-0.35207885,-0.00560513,0.17339832,-0.11282524,-0.00108510,0.05153870,-0.37867159,0.00772502,0.20159738,-0.09375988,-0.22221950,-0.63939470,-0.73878499,0.24525530,0.63660384,0.66136072,-0.26122026,-0.61545939,-0.56486912,0.26965413,0.57657097,0.45209207,-0.27031375,-0.52105973,-0.32628100,0.26318009,0.45052610,0.19106309,0.04599867,0.01723524,-0.99879312,-0.01921440,0.00702265,0.02256706,-0.05148185,-0.00994952,-0.06405172
10311100000000,synthetic_50hz_04,555,0.02,84.42380109,84.57560652,10.94515402,10.89654667,10.87397263,5.57421883,107.63231827,1,1,0,0,1,-0.37854135,-0.07705047,0.02126927,0.01932887,-0.01261655,-0.08787464,-0.01198884,0.03070382,0.10551611,0.00430318,-0.04790588,-0.12011550,0.00350655,0.06372680,0.13125191,-0.01121519,-0.07771044,-0.13860426,0.01860048,0.08945366,0.14196059,0.01696924,0.09967625,-0.33384343,-0.01073156,0.15803125,-0.12782313,0.00417341,0.06529312,-0.36733492,0.00250621,0.18986525,-0.10111452,-0.00910476,0.03693652,-0.38649920,0.01542220,0.21391414,-0.09004112,-0.24644338,-0.63759498,-0.65989840,0.26219910,0.61580080,0.56260484,-0.27039551,-0.57625279,-0.44909111,0.27079629,0.52009115,0.32262987,-0.26338988,-0.44893503,-0.18686707,0.24838982,0.36483591,0.04571680,0.04601681,0.01762695,-0.99878546,-0.01900057,0.00750198,0.02126927,-0.05207915,-0.00970606,-0.06421925
10311120000000,synthetic_50hz_04,556,0.02,84.09892821,84.48027086,10.91525783,10.87397263,10.86323776,5.58196077,107.61491714,1,1,0,0,1,-0.37964133,-0.07722019,0.01996891,0.01172235,-0.03140678,-0.10625975,-0.00401780,0.04858880,0.12075609,-0.00380259,-0.06436998,-0.13177097,0.01151334,0.07829535,0.13898683,-0.01889216,-0.08996342,-0.14219564,0.02572631,0.09903781,0.14130488,0.00931537,0.08087288,-0.35219541,-0.00271155,0.17593599,-0.11261074,-0.00398195,0.04880303,-0.37896888,0.01056223,0.20446548,-0.09339458,-0.01682962,0.02464678,-0.39008242,0.02259362,0.22353938,-0.09069800,-0.26322555,-0.61600101,-0.55987859,0.27115134,0.57572008,0.44556712,-0.27125970,-0.51884086,-0.31840975,0.26354752,0.44700322,0.18207248,-0.24823715,-0.36227826,-0.04048597,0.22576998,0.26710866,-0.10226777,0.04603187,0.01801404,-0.99877788,-0.01878058,0.00797984,0.01996891,-0.05266312,-0.00946199,-0.06437901
10311140000000,synthetic_50hz_04,557,0.02,83.81824796,84.34786628,10.89340940,10.86323776,10.86056997,5.58968173,107.59775608,1,1,0,0,1,-0.38075164,-0.07738496,0.01866613,0.00369981,-0.04933899,-0.12144593,0.00413098,0.06507310,0.13232368,-0.01184267,-0.07893111,-0.13938649,0.01921293,0.09051351,0.14243071,-0.02602927,-0.09948636,-0.14136860,0.03209518,0.10559097,0.13623076,0.00124558,0.06292781,-0.36734822,0.00548613,0.19243977,-0.10107101,-0.01207161,0.03421617,-0.38656261,0.01831108,0.21671510,-0.08996598,-0.02401469,0.01508730,-0.38924691,0.02900818,0.23013346,-0.09577361,-0.27191766,-0.57496677,-0.44151885,0.27170036,0.51730426,0.31362160,-0.26364981,-0.44472762,-0.17668249,0.24799811,0.35932929,0.03464954,-0.22519651,-0.26357132,0.10838237,0.19590239,0.16021447,-0.24828957,0.04604383,0.01839640,-0.99877037,-0.01855451,0.00845614,0.01866613,-0.05323361,-0.00921731,-0.06453098
10311160000000,synthetic_50hz_04,558,0.02,83.90930370,84.26015376,10.87961684,10.86056997,10.85052817,5.59738375,107.58083062,1,1,0,0,1,-0.38187200,-0.07754478,0.01736109,-0.00449122,-0.06583436,-0.13290756,0.01220256,0.07961586,0.13980085,-0.01956209,-0.09110200,-0.14266361,0.02635764,0.09996162,0.14141332,-0.03239328,-0.10593930,-0.13608601,0.03749501,0.10886271,0.12683528,-0.00699262,0.04641989,-0.37877626,0.01360657,0.20700173,-0.09362195,-0.01984061,0.02201983,-0.38981768,0.02550509,0.22619442,-0.09099895,-0.03042674,0.00859801,-0.38395555,0.03445383,0.23344594,-0.10517088,-0.27211428,-0.51547626,-0.30826635,0.26369322,0.44210488,0.17070042,-0.24766976,-0.35598741,-0.02821313,0.22450586,0.25960665,-0.11508756,-0.19486935,-0.15574132,0.25507022,0.15961467,0.04738589,-0.38769909,0.04605270,0.01877391,-0.99876295,-0.01832243,0.00893078,0.01736109,-0.05379047,-0.00897204,-0.06467514
10311180000000,synthetic_50hz_04,559,0.02,84.32007630,84.27213827,10.86739960,10.85052817,10.82276005,5.60506870,107.56413626,1,1,0,0,1,-0.38300212,-0.07769964,0.01605396,-0.01259239,-0.08034757,-0.14022739,0.01993893,0.09172682,0.14289199,-0.02671063,-0.10046155,-0.14143695,0.03271224,0.10629993,0.13590422,-0.03777074,-0.10907363,-0.12645330,0.04174030,0.10870268,0.11335668,-0.01514085,0.03189443,-0.38606227,0.02139174,0.21913162,-0.09055917,-0.02703871,0.01263508,-0.38856868,0.03190903,0.23256370,-0.09652391,-0.03585232,0.00542756,-0.37431377,0.03874505,0.23332648,-0.11865158,-0.26367397,-0.43913130,-0.16412980,0.24724889,0.35225088,0.02118273,-0.22369551,-0.25521491,0.12237505,0.19369289,0.15082097,-0.26240469,-0.15810601,-0.04207879,0.39486909,0.11796086,-0.06787654,-0.51594923,0.04605846,0.01914643,-0.99875563,-0.01808441,0.00940366,0.01605396,-0.05433356,-0.00872619,-0.06481148
10311200000000,synthetic_50hz_04,560,0.02,84.36625010,84.29096064,10.84865099,10.82276005,10.79501251,5.61273728,107.54766846,1,1,0,0,1,-0.38414170,-0.07784952,0.01474488,-0.02034270,-0.09238582,-0.14311336,0.02708740,0.10098400,0.14143727,-0.03305115,-0.10667076,-0.13568349,0.03806203,0.10928215,0.12601788,-0.04197556,-0.10874288,-0.11271913,0.04467892,0.10506851,0.09617062,-0.02293812,0.01984421,-0.38891419,0.02858895,0.22840742,-0.09204250,-0.03342879,0.00640094,-0.38279261,0.03730819,0.23557666,-0.10642640,-0.04010533,0.00572238,-0.36057022,0.04172972,0.22973269,-0.13584005,-0.24673212,-0.34811788,-0.01356474,0.22276282,0.25039636,-0.13023597,-0.19237115,-0.14545580,0.27028192,0.15643334,0.03632169,-0.40253552,-0.11598548,0.07385960,0.52318383,0.07219371,-0.18191148,-0.62874850,0.04606111,0.01951387,-0.99874841,-0.01784053,0.00987471,0.01474488,-0.05486274,-0.00847979,-0.06493997
10311220000000,synthetic_50hz_04,561,0.02,83.94593461,84.22195543,10.82612283,10.79501251,10.78538078,5.62038962,107.53142262,1,1,0,0,1,-0.38529047,-0.07799442,0.01343402,-0.02748706,-0.10152667,-0.14141193,0.03340909,0.10704959,0.13542182,-0.03836792,-0.10948622,-0.12552743,0.04222058,0.10876630,0.11201403,-0.04485600,-0.10491061,-0.09527121,0.04619820,0.09803029,0.07578168,-0.03012936,0.01069170,-0.38717850,0.03495934,0.23449136,-0.09808682,-0.03879509,0.00356082,-0.37261367,0.04151613,0.23509130,-0.12044669,-0.04303402,0.00951895,-0.34311263,0.04329517,0.22273468,-0.15623170,-0.22170497,-0.24515139,0.13866088,0.19090221,0.13964843,-0.27869014,-0.15459566,-0.03011935,0.41068462,0.11383203,-0.08027809,-0.53083888,-0.06978658,0.18836107,0.63568881,0.02372915,-0.29101352,-0.72221153,0.04606065,0.01987609,-0.99874131,-0.01759088,0.01034382,0.01343402,-0.05537788,-0.00823284,-0.06506061
10311240000000,synthetic_50hz_04,562,0.02,84.12477986,84.20252032,10.80901117,10.78538078,10.76787369,5.62802646,107.51539412,1,1,0,0,1,-0.38644813,-0.07813433,0.01212153,-0.03378506,-0.10743413,-0.13511713,0.03868738,0.10968368,0.12498029,-0.04247432,-0.10877100,-0.11124022,0.04503671,0.10472241,0.09429304,-0.04630067,-0.09765462,-0.07462734,0.04622976,0.08777140,0.05281011,-0.03647412,0.00477289,-0.38084920,0.04028625,0.23714351,-0.10855746,-0.04295101,0.00425163,-0.35830330,0.04438168,0.23107766,-0.13818442,-0.04452703,0.01673945,-0.32245878,0.04337300,0.21251582,-0.17920630,-0.18928408,-0.13340171,0.28761680,0.15259193,0.02347690,-0.41930181,-0.11150048,0.08712476,0.53889815,0.06719443,-0.19521457,-0.64295780,-0.02095113,0.29767626,0.72848068,-0.02589620,-0.39155580,-0.79300113,0.04605707,0.02023299,-0.99873432,-0.01733552,0.01081090,0.01212153,-0.05587884,-0.00798537,-0.06517337
10311260000000,synthetic_50hz_04,563,0.02,84.02261419,84.16653909,10.79173343,10.76787369,10.75517414,5.63564844,107.49957829,1,1,0,0,1,-0.38761437,-0.07826924,0.01080757,-0.03901935,-0.10987231,-0.12437476,0.04273573,0.10875498,0.11039648,-0.04522003,-0.10450220,-0.09323542,0.04640060,0.09723657,0.07338633,-0.04624343,-0.08716756,-0.05142149,0.04475303,0.07458547,0.02797414,-0.04175507,0.00232365,-0.37007212,0.04438318,0.23623258,-0.12317064,-0.04574622,0.00849631,-0.34027507,0.04579502,0.22362182,-0.15910815,-0.04451818,0.02719123,-0.29924266,0.04194266,0.19936973,-0.20404559,-0.15042116,-0.01639989,0.42837164,0.10899089,-0.09439185,-0.54734450,-0.06441836,0.20246223,0.65053717,0.01798861,-0.30469553,-0.73497454,0.02895975,0.39814431,0.79822225,-0.07507319,-0.48011441,-0.83845685,0.04605037,0.02058444,-0.99872746,-0.01707455,0.01127587,0.01080757,-0.05636550,-0.00773738,-0.06527825
10311280000000,synthetic_50hz_04,564,0.02,83.53923688,84.04107865,10.77637853,10.75517414,10.76126783,5.64325628,107.48397041,1,1,0,0,1,-0.38878890,-0.07839914,0.00949231,-0.04300372,-0.10871615,-0.10948159,0.04540488,0.10424819,0.09209769,-0.04649700,-0.09677470,-0.07205858,0.04624859,0.08651116,0.04994198,-0.04466681,-0.07375346,-0.02638553,0.04179726,0.05886941,0.00206838,-0.04578600,0.00346905,-0.35514402,0.04710083,0.23174328,-0.14149903,-0.04707268,0.01619994,-0.31907453,0.04569247,0.21292617,-0.18256981,-0.04299003,0.04057027,-0.27419612,0.03903338,0.18369333,-0.22995499,-0.10630339,0.10207109,0.55615994,0.06145959,-0.21009372,-0.65840768,-0.01484389,0.31205924,0.74167323,-0.03219977,-0.40502796,-0.80355598,0.07831509,0.48631952,0.84227185,-0.12217256,-0.55359027,-0.85670463,0.04604053,0.02093035,-0.99872074,-0.01680804,0.01173862,0.00949231,-0.05683772,-0.00748891,-0.06537523
10311300000000,synthetic_50hz_04,565,0.02,83.47228426,83.92731977,10.77003203,10.76126783,10.76706818,5.65085173,107.46856575,1,1,0,0,1,-0.38997142,-0.07852402,0.00817590,-0.04559017,-0.10395858,-0.09087923,0.04658883,0.09626759,0.07064404,-0.04624431,-0.08580117,-0.04837214,0.04456655,0.07286105,0.02470566,-0.04160391,-0.05782032,-0.00032690,0.03744181,0.04111260,-0.02406129,-0.04841890,0.00821616,-0.33650652,0.04833322,0.22377988,-0.16298254,-0.04686945,0.02714989,-0.29536413,0.04405992,0.19930558,-0.20782373,-0.03997566,0.05646856,-0.24812660,0.03472452,0.16597600,-0.25608859,-0.05831954,0.21809810,0.66654927,0.01151946,-0.31975468,-0.74855605,0.03561274,0.41219258,0.80898161,-0.08171821,-0.49274678,-0.84608385,0.12546770,0.55909486,0.85879309,-0.16559990,-0.60932397,-0.84674294,0.04602757,0.02127059,-0.99871416,-0.01653609,0.01219908,0.00817590,-0.05729540,-0.00723995,-0.06546430
10311320000000,synthetic_50hz_04,566,0.02,83.81337109,83.90453004,10.76878722,10.76706818,10.75766376,5.65843687,107.45335951,1,1,0,0,1,-0.39116163,-0.07864388,0.00685850,-0.04667504,-0.09571378,-0.06914273,0.04622965,0.08503655,0.04671262,-0.04445144,-0.07190769,-0.02293576,0.04139167,0.05670569,-0.00150235,-0.03713855,-0.03986885,0.02589715,0.03181472,0.02188256,-0.04954531,-0.04955011,0.01645080,-0.31473466,0.04802241,0.21256575,-0.18694406,-0.04512601,0.04102004,-0.26990351,0.04093455,0.18317948,-0.23404963,-0.03555890,0.07438542,-0.22189138,0.02914414,0.14678524,-0.28157687,-0.00801801,0.32776844,0.75560154,-0.03919492,-0.41962337,-0.81447769,0.08527785,0.49938036,0.84987207,-0.12890218,-0.56473998,-0.86076425,0.16881019,0.61381788,0.84684019,-0.20385133,-0.64519912,-0.80850133,0.04601148,0.02160506,-0.99870774,-0.01625878,0.01265714,0.00685850,-0.05773841,-0.00699052,-0.06554545
10311340000000,synthetic_50hz_04,567,0.02,83.80018702,83.88366143,10.76411536,10.75766376,10.75013776,5.66601297,107.43834688,1,1,0,0,1,-0.39235923,-0.07875870,0.00554027,-0.04620365,-0.08421632,-0.04496414,0.04432066,0.07089284,0.02107718,-0.04115989,-0.05552548,0.00341744,0.03681245,0.03855730,-0.02781353,-0.03140370,-0.02047749,0.05140775,0.02508957,0.00180731,-0.07351986,-0.04912495,0.02793839,-0.29052049,0.04616173,0.19843865,-0.21260984,-0.04188387,0.05737920,-0.24352581,0.03640487,0.16506010,-0.26037899,-0.02987270,0.09374237,-0.19636930,0.02246579,0.12674909,-0.30555597,0.04294231,0.42730488,0.82002217,-0.08898906,-0.50620383,-0.85361522,0.13247022,0.57050869,0.86259816,-0.17213219,-0.61836552,-0.84671198,0.20683152,0.64839459,0.80641471,-0.23556780,-0.65973014,-0.74286812,0.04599225,0.02193366,-0.99870148,-0.01597621,0.01311272,0.00554027,-0.05816665,-0.00674065,-0.06561866
10311360000000,synthetic_50hz_04,568,0.02,83.82199125,83.87132740,10.75824477,10.75013776,10.74341635,5.67358090,107.42352301,1,1,0,0,1,-0.39356389,-0.07886848,0.00422137,-0.04417340,-0.06981602,-0.01913139,0.04090792,0.05427970,-0.00541632,-0.03646305,-0.03717848,0.02980788,0.03096694,0.01900539,-0.05334006,-0.02457803,-0.00028436,0.07533442,0.01748053,-0.01844487,-0.09515686,-0.04714081,0.04232915,-0.26465195,0.04279722,0.18184185,-0.23913393,-0.03723642,0.07570343,-0.21711060,0.03060889,0.14553696,-0.28592397,-0.02309574,0.11390132,-0.17243085,0.01490366,0.10653583,-0.32719783,0.09284661,0.51320019,0.85729151,-0.13616578,-0.57638355,-0.86427455,0.17555922,0.62294950,0.84634014,-0.20989122,-0.65155553,-0.80400535,0.23817195,0.66137691,0.73849071,-0.25958607,-0.65213048,-0.65168504,0.04596988,0.02225628,-0.99869539,-0.01568845,0.01356573,0.00422137,-0.05857999,-0.00649035,-0.06568394
10311380000000,synthetic_50hz_04,569,0.02,83.86599944,83.87026181,10.75201683,10.74341635,10.73718648,5.68114136,107.40888302,1,1,0,0,1,-0.39477533,-0.07897322,0.00290195,-0.04063513,-0.05296845,0.00749682,0.03608990,0.03573300,-0.03187747,-0.03050419,-0.01746736,0.05533907,0.02403903,-0.00130189,-0.07720523,-0.01688081,0.02003359,0.09684552,0.00923590,-0.03818772,-0.11369372,-0.04364855,0.05916745,-0.23798774,0.03802736,0.16331119,-0.26562591,-0.03132691,0.09539205,-0.19155436,0.02373054,0.12525820,-0.30980789,-0.01544728,0.13418532,-0.15090767,0.00670604,0.08683169,-0.34573985,0.13998255,0.58234657,0.86577288,-0.17908435,-0.62755198,-0.84570635,0.21302306,0.65466476,0.80125771,-0.24082021,-0.66290326,-0.73370844,0.26167441,0.65202994,0.64500601,-0.27498441,-0.62235830,-0.53770776,0.04594438,0.02257281,-0.99868947,-0.01539562,0.01401609,0.00290195,-0.05897833,-0.00623964,-0.06574127
10311400000000,synthetic_50hz_04,570,0.02,83.78226020,83.85266149,10.74578808,10.73718648,10.73696726,5.68869491,107.39442198,1,1,0,0,1,-0.39599322,-0.07907290,0.00158219,-0.03569259,-0.03422155,0.03401946,0.03001526,0.01586458,-0.05740151,-0.02347258,0.00294977,0.07912864,0.01625317,-0.02167908,-0.09857446,-0.00856517,0.03978337,0.11517833,0.00063024,-0.05674069,-0.12846156,-0.03875190,0.07790540,-0.21142888,0.03200081,0.14345851,-0.29118102,-0.02434462,0.11578695,-0.16773949,0.01599425,0.10490927,-0.33119614,-0.00718048,0.15390136,-0.13256249,-0.00185252,0.06831725,-0.36051316,0.18270037,0.63215476,0.84479229,-0.21621945,-0.65770484,-0.79815637,0.24350481,0.66429299,0.72850923,-0.26376982,-0.65172925,-0.63785883,0.27643022,0.62037586,0.52881867,-0.28112101,-0.57113674,-0.40453241,0.04591574,0.02288315,-0.99868374,-0.01509779,0.01446369,0.00158219,-0.05936158,-0.00598852,-0.06579065
10311420000000,synthetic_50hz_04,571,0.02,83.70515823,83.82316083,10.74208334,10.73696726,10.74215291,5.69624232,107.38013497,1,1,0,0,1,-0.39721725,-0.07916752,0.00026224,-0.02949998,-0.01419838,0.05952394,0.02287874,-0.00465752,-0.08110089,-0.01559790,0.02337913,0.10033966,0.00786736,-0.04142672,-0.11668560,0.00009000,0.05827995,0.12966743,-0.00804476,-0.07345295,-0.13891089,-0.03260506,0.09791993,-0.18588798,0.02491230,0.12295187,-0.31491171,-0.01651923,0.13619436,-0.14650291,0.00765802,0.08518964,-0.34932659,0.00142582,0.17236444,-0.11806072,-0.01048033,0.05164332,-0.37096828,0.21947258,0.66065813,0.79468612,-0.24621779,-0.66552981,-0.72288137,0.26586443,0.65121395,0.63023561,-0.27784608,-0.61812329,-0.51941987,0.28181730,0.56721185,0.39362901,-0.27766359,-0.49994743,-0.25648965,0.04588397,0.02318721,-0.99867820,-0.01479508,0.01490846,0.00026224,-0.05972963,-0.00573702,-0.06583206
10311440000000,synthetic_50hz_04,572,0.02,83.51745653,83.76201997,10.74211256,10.74215291,10.75681700,5.70378471,107.36601700,1,1,0,0,1,-0.39844712,-0.07925707,-0.00105775,-0.02225762,0.00642326,0.08311809,0.01491532,-0.02513147,-0.10213703,-0.00714301,0.04311513,0.11821131,-0.00083524,-0.05985576,-0.13087751,0.00878941,0.07487072,0.13977044,-0.01649018,-0.08772712,-0.14463373,-0.02540835,0.11853322,-0.16225720,0.01699681,0.10249308,-0.33597939,-0.00811359,0.15590868,-0.12860543,-0.00099500,0.06678835,-0.36353810,0.01007630,0.18892193,-0.10794474,-0.01887845,0.03740728,-0.37669720,0.24895104,0.66659742,0.71681359,-0.26795026,-0.65046968,-0.62212905,0.27922435,0.61558861,0.50950824,-0.28244827,-0.56295982,-0.38219807,0.27752907,0.49410064,0.24386895,-0.26460859,-0.41099631,-0.09850897,0.04584906,0.02348489,-0.99867286,-0.01448757,0.01535031,-0.00105775,-0.06008239,-0.00548516,-0.06586551
10311460000000,synthetic_50hz_04,573,0.02,83.39007736,83.68763145,10.74828843,10.75681700,10.77784852,5.71132375,107.35206308,1,1,0,0,1,-0.39968251,-0.07934156,-0.00237761,-0.01420581,0.02693369,0.10396236,0.00639271,-0.04484586,-0.11975120,0.00160469,0.06146511,0.13208755,-0.00955583,-0.07631229,-0.14061575,0.01723147,0.08895935,0.14508994,-0.02441032,-0.09904167,-0.14538111,-0.01740207,0.13903560,-0.14137608,0.00852205,0.08279355,-0.35362534,0.00058490,0.17423726,-0.11470311,-0.00966599,0.05035932,-0.37329622,0.01846938,0.20297751,-0.10261198,-0.02675120,0.02613067,-0.37745097,0.27001921,0.64948227,0.61353249,-0.28055734,-0.61276009,-0.49908139,0.28300688,0.55837175,0.37024153,-0.27729719,-0.48788530,-0.23072744,0.26359290,0.40333288,0.08456137,-0.24228910,-0.30715219,0.06404265,0.04581102,0.02377609,-0.99866773,-0.01417537,0.01578915,-0.00237761,-0.06041978,-0.00523294,-0.06589099
10311480000000,synthetic_50hz_04,574,0.02,83.31081952,83.61226906,10.76070367,10.77784852,10.80337435,5.71886161,107.33826818,1,1,0,0,1,-0.40092310,-0.07942096,-0.00369718,-0.00561712,0.04661608,0.12130092,-0.00239750,-0.06310491,-0.13329328,0.01034300,0.07777440,0.14144274,-0.01799030,-0.09020162,-0.14551433,0.02511893,0.10002828,0.14539068,-0.03152337,-0.10697108,-0.14107535,-0.00885879,0.15871025,-0.12400049,-0.00022039,0.06454908,-0.36719945,0.00927403,0.19052544,-0.10532156,-0.01805086,0.03649723,-0.37821496,0.02630782,0.21401362,-0.10229767,-0.03381679,0.01823900,-0.37315190,0.28183738,0.60962640,0.48813780,-0.28348611,-0.55343922,-0.35776229,0.27696181,0.48129612,0.21707232,-0.26245258,-0.39527703,-0.07012406,0.24037671,0.29786193,-0.07884591,-0.21137067,-0.19185932,0.22554272,0.04576984,0.02406072,-0.99866281,-0.01385857,0.01622490,-0.00369718,-0.06074169,-0.00498039,-0.06590849
10311500000000,synthetic_50hz_04,575,0.02,83.60493728,83.61080271,10.77862535,10.80337435,10.81972060,5.72640076,107.32462727,1,1,0,0,1,-0.40216857,-0.07949528,-0.00501630,0.00321278,0.06477201,0.13449042,-0.01114984,-0.07925376,-0.14224732,0.01876545,0.09145058,0.14590318,-0.02584005,-0.10101084,-0.14535257,0.03216966,0.10765891,0.14061138,-0.03757181,-0.11120313,-0.13181630,-0.00007418,0.17685875,-0.11077374,-0.00892505,0.04841452,-0.37618574,0.01764735,0.20418077,-0.10083451,-0.02585101,0.02571499,-0.37807363,0.03330947,0.22161167,-0.10706312,-0.03981766,0.01404449,-0.36389985,0.28387904,0.54815432,0.34476417,-0.27651693,-0.47432847,-0.20291178,0.26118271,0.38682751,0.05520934,-0.23831848,-0.28817412,0.09408481,0.20858341,0.18121255,-0.24066644,-0.17283478,-0.06902653,0.38030956,0.04572554,0.02433870,-0.99865812,-0.01353729,0.01665746,-0.00501630,-0.06104806,-0.00472752,-0.06591803
10311520000000,synthetic_50hz_04,576,0.02,83.13594297,83.51583076,10.79588536,10.81972060,10.85935669,5.73394315,107.31113528,1,1,0,0,1,-0.40341860,-0.07956451,-0.00633482,0.01197526,0.08074699,0.14302546,-0.01955569,-0.09270284,-0.14625278,0.02657232,0.10198603,0.14526355,-0.03282285,-0.10832892,-0.14008632,0.03812709,0.11154863,0.13087033,-0.04233210,-0.11155234,-0.11788128,0.00864315,0.19282659,-0.10220124,-0.01728329,0.03497942,-0.38022368,0.02540512,0.21469566,-0.10144726,-0.03278422,0.01842365,-0.37282810,0.03921779,0.22546902,-0.11679002,-0.04453031,0.01373262,-0.34997213,0.27595670,0.46697838,0.18825505,-0.25977862,-0.37798376,-0.03983055,0.23611101,0.27809170,-0.10974229,-0.20563620,-0.17018213,0.25615120,0.16923281,0.05736612,-0.39517516,-0.12795036,0.05710377,0.52280603,0.04567811,0.02460992,-0.99865366,-0.01321162,0.01708676,-0.00633482,-0.06133879,-0.00447434,-0.06591958
10311540000000,synthetic_50hz_04,577,0.02,82.97784209,83.40823303,10.82254332,10.85935669,10.90771033,5.74149154,107.29778711,1,1,0,0,1,-0.40467288,-0.07962865,-0.00765257,0.02035971,0.09395499,0.14655950,-0.02731436,-0.10295053,-0.14512050,0.03348151,0.10897795,0.13949760,-0.03868338,-0.11186349,-0.12985293,0.04276999,0.11152396,0.11646453,-0.04562352,-0.10796913,-0.09971841,0.01698257,0.20602777,-0.09862955,-0.02499445,0.02474543,-0.37912412,0.03226527,0.22166730,-0.10718608,-0.03859515,0.01491554,-0.36261571,0.04381153,0.22541223,-0.13118137,-0.04777399,0.01735296,-0.33181686,0.25823585,0.36874608,0.02400204,-0.23375118,-0.26761841,0.12580035,0.20252735,0.15877518,-0.27197585,-0.16546456,-0.04535439,0.41031017,0.12363136,-0.06937399,-0.53681505,-0.07823380,0.18210229,0.64784330,0.04562757,0.02487431,-0.99864943,-0.01288167,0.01751272,-0.00765257,-0.06161383,-0.00422088,-0.06591316
10311560000000,synthetic_50hz_04,578,0.02,83.60525109,83.44763664,10.85831346,10.90771033,10.93539762,5.74904938,107.28457767,1,1,0,0,1,-0.40593108,-0.07968770,-0.00896939,0.02806476,0.10390102,0.14492037,-0.03414419,-0.10960293,-0.13884282,0.03923923,0.11214493,0.12876236,-0.04320298,-0.11145374,-0.11496963,0.04592117,0.10754929,0.09786227,-0.04731544,-0.10054414,-0.07793349,0.02464272,0.21596728,-0.10023083,-0.03177686,0.01810642,-0.37287939,0.03797399,0.22481427,-0.11789394,-0.04306515,0.01535150,-0.34775369,0.04691352,0.22140568,-0.14976889,-0.04941809,0.02481488,-0.31003986,0.23123616,0.25675885,-0.14224000,-0.19925547,-0.14699967,0.28811840,0.16153016,0.03300242,-0.42569020,-0.11914785,0.08194630,0.55098917,0.07333046,-0.19453247,-0.66040285,-0.02539892,0.30151018,0.75077682,0.04557390,0.02513177,-0.99864545,-0.01254754,0.01793524,-0.00896939,-0.06187309,-0.00396715,-0.06589877
10311580000000,synthetic_50hz_04,579,0.02,83.50389234,83.45888778,10.89068881,10.93539762,10.97680641,5.75661903,107.27150182,1,1,0,0,1,-0.40719289,-0.07974164,-0.01028513,0.03480942,0.11020078,0.13811969,-0.03979317,-0.11239021,-0.12759706,0.04362967,0.11133936,0.11339575,-0.04620831,-0.10707856,-0.09592518,0.04745474,0.09973062,0.07568905,-0.04733302,-0.08950741,-0.05327077,0.03134261,0.22226082,-0.10699347,-0.03737851,0.01533225,-0.36166680,0.04231548,0.22398899,-0.13323291,-0.04602089,0.01975263,-0.32873079,0.04839785,0.21355536,-0.17192708,-0.04938778,0.03588833,-0.28538534,0.19581955,0.13486443,-0.30455598,-0.15743008,-0.02032215,0.44129019,0.11450182,-0.09480603,-0.56530179,-0.06827243,0.20720091,0.67301548,0.02007470,-0.31362209,-0.76132582,0.02870179,0.41100139,0.82768678,0.04551713,0.02538223,-0.99864171,-0.01220935,0.01835424,-0.01028513,-0.06211652,-0.00371317,-0.06587640
10311600000000,synthetic_50hz_04,580,0.02,83.74163917,83.51543806,10.92685820,10.97680641,11.01925381,5.76420292,107.25855442,1,1,0,0,1,-0.40845797,-0.07979048,-0.01159962,0.04034376,0.11259667,0.12635560,-0.04404866,-0.11117859,-0.11174222,0.04648362,0.10655519,0.09390726,-0.04757844,-0.09885975,-0.07336492,0.04730155,0.08831414,0.05070742,-0.04566094,-0.07522239,-0.02658801,0.03683232,0.22465079,-0.11871931,-0.04158676,0.01655666,-0.34584537,0.04512053,0.21918538,-0.15269350,-0.04734144,0.02799712,-0.30619236,0.04819539,0.20210746,-0.19689337,-0.04766772,0.05020987,-0.25871111,0.15316521,0.00732632,-0.45708440,-0.10969564,0.10793777,0.57972588,0.06306349,-0.22008996,-0.68565359,-0.01461319,0.32589685,0.77181358,-0.03425841,-0.42230799,-0.83572183,0.08214233,0.50654379,0.87553583,0.04545725,0.02562561,-0.99863823,-0.01186720,0.01876965,-0.01159962,-0.06234404,-0.00345895,-0.06584606
10311620000000,synthetic_50hz_04,581,0.02,83.63479766,83.53930998,10.96566436,11.01925381,11.07897197,5.77180339,107.24573033,1,1,0,0,1,-0.40972601,-0.07983422,-0.01291271,0.04445857,0.11096931,0.11000861,-0.04674585,-0.10597757,-0.09180885,0.04768543,0.09793045,0.07096219,-0.04725022,-0.08705995,-0.04806966,0.04545276,0.07367947,0.02379127,-0.04234487,-0.05817478,0.00117305,0.04090263,0.22301783,-0.13502786,-0.04423680,0.02177019,-0.32594563,0.04627349,0.21054148,-0.17561042,-0.04696364,0.03982233,-0.28091921,0.04629729,0.18744162,-0.22379391,-0.04430360,0.06729379,-0.23095886,0.10473207,-0.12132536,-0.59423399,-0.05770783,0.23318137,0.69828939,0.00901985,-0.33831466,-0.78221279,0.03992819,0.43369417,0.84358462,-0.08772507,-0.51657008,-0.88063552,0.13299280,0.58455304,0.89229729,0.04539427,0.02586183,-0.99863502,-0.01152121,0.01918138,-0.01291271,-0.06255560,-0.00320451,-0.06580775
10311640000000,synthetic_50hz_04,582,0.02,83.42962235,83.51737245,11.01325356,11.07897197,11.15996097,5.77942345,107.23302436,1,1,0,0,1,-0.41099667,-0.07987285,-0.01422424,0.04699375,0.10534423,0.08963047,-0.04777462,-0.09694182,-0.06848218,0.04717813,0.08574453,0.04535952,-0.04522146,-0.07207518,-0.02092912,0.04196104,0.05632787,-0.00410467,-0.03749087,-0.03895660,0.02902013,0.04339345,0.21738745,-0.15536737,-0.04521852,0.03081815,-0.30265282,0.04571739,0.19833669,-0.20118469,-0.04488533,0.05483226,-0.25380105,0.04275624,0.17005908,-0.25167394,-0.03940147,0.08654806,-0.20312091,0.05221001,-0.24645632,-0.71089502,-0.00330049,0.35085523,0.79249624,-0.04570419,-0.44513883,-0.85124942,0.09339120,0.52658886,0.88546069,-0.13838570,-0.59285710,-0.89414371,0.17939047,0.64203298,0.87704815,0.04532820,0.02609081,-0.99863208,-0.01117149,0.01958934,-0.01422424,-0.06275115,-0.00294986,-0.06576148
10311660000000,synthetic_50hz_04,583,0.02,83.00915825,83.41572961,11.07487067,11.15996097,11.27015225,5.78706733,107.22043135,1,1,0,0,1,-0.41226965,-0.07990636,-0.01553405,0.04784498,0.09589310,0.06592639,-0.04708444,-0.08436771,-0.04257922,0.04496644,0.07040995,0.01800446,-0.04155203,-0.05442225,0.00708937,0.03693966,0.03686553,-0.03197881,-0.03126230,-0.01824596,0.05594629,0.04420045,0.20793132,-0.17903262,-0.04448139,0.04340417,-0.27678394,0.04345696,0.18298353,-0.22851109,-0.04116635,0.07251008,-0.22580521,0.03768548,0.15056605,-0.27953188,-0.03312470,0.10729459,-0.17620416,-0.00253872,-0.36349793,-0.80263695,0.05157924,0.45662063,0.85869093,-0.09913270,-0.53657873,-0.88998845,0.14382812,0.60106702,0.89562718,-0.18437691,-0.64822627,-0.87544457,0.21961003,0.67669686,0.83002248,0.04525904,0.02631248,-0.99862941,-0.01081815,0.01999347,-0.01553405,-0.06293064,-0.00269502,-0.06570725
10311680000000,synthetic_50hz_04,584,0.02,83.26927351,83.38643839,11.15688894,11.27015225,11.38197062,5.79474108,107.20794611,1,1,0,0,1,-0.41354460,-0.07993476,-0.01684197,0.04696839,0.08292950,0.03973119,-0.04468713,-0.06868440,-0.01502035,0.04111753,0.05245911,-0.01012354,-0.03636248,-0.03472139,0.03497556,0.03055909,0.01598264,-0.05881921,-0.02387467,0.00321690,0.08096709,0.04327978,0.19496303,-0.20518880,-0.04203723,0.05909908,-0.24925938,0.03955937,0.16501438,-0.25661018,-0.03592726,0.09223556,-0.19794195,0.03125552,0.12965271,-0.30635579,-0.02568880,0.12879312,-0.15119309,-0.05754581,-0.46811807,-0.86588439,0.10494130,0.54651831,0.89419666,-0.14931128,-0.60916217,-0.89672883,0.18937654,0.65424360,0.87340788,-0.22398199,-0.68046288,-0.82490618,0.25212994,0.68706410,0.75262205,0.04518681,0.02652677,-0.99862702,-0.01046130,0.02039368,-0.01684197,-0.06309401,-0.00244001,-0.06564507
10311700000000,synthetic_50hz_04,585,0.02,83.48548832,83.40624838,11.25142324,11.38197062,11.50075138,5.80245123,107.19556342,1,1,0,0,1,-0.41482120,-0.07995804,-0.01814786,0.04438306,0.06689931,0.01198002,-0.04065729,-0.05043980,0.01320342,0.03575936,0.03252607,-0.03800620,-0.02983046,-0.01367461,0.06171324,0.02304154,-0.00557110,-0.08364107,-0.01558832,0.02465619,0.10315748,0.04065051,0.17892846,-0.23290077,-0.03796065,0.07735501,-0.22107013,0.03415258,0.14506334,-0.28446369,-0.02934572,0.11330669,-0.17122747,0.02368854,0.10806876,-0.33116086,-0.01735410,0.15026787,-0.12901273,-0.11080853,-0.55638630,-0.89806404,0.15482624,0.61712215,0.89743079,-0.19438023,-0.66006608,-0.87092420,0.22833015,0.68398000,0.81930846,-0.25569721,-0.68817446,-0.74407167,0.27569239,0.67252852,0.64738295,0.04511151,0.02673360,-0.99862491,-0.01010106,0.02078990,-0.01814786,-0.06324124,-0.00218485,-0.06557495
10311720000000,synthetic_50hz_04,586,0.02,83.49399080,83.42379686,11.35614106,11.50075138,11.63650805,5.81020443,107.18327809,1,1,0,0,1,-0.41609913,-0.07997621,-0.01945156,0.04017118,0.04836584,-0.01632514,-0.03513038,-0.03028163,0.04106649,0.02907676,0.01132438,-0.06462387,-0.02218484,0.00795935,0.08631812,0.01465332,-0.02701361,-0.10552378,-0.00669934,0.04528906,0.12168714,0.03639483,0.16039091,-0.26116653,-0.03238709,0.09752418,-0.19324181,0.02742143,0.12384392,-0.31105197,-0.02165060,0.13496474,-0.14664606,0.01525087,0.08659628,-0.35302651,-0.00841671,0.17093598,-0.11049339,-0.16036397,-0.62492694,-0.89771635,0.19937883,0.66567536,0.86798090,-0.23264550,-0.68723206,-0.81322115,0.25920489,0.68897553,0.73501586,-0.27829129,-0.67085552,-0.63561972,0.28935442,0.63339443,0.51789836,0.04503316,0.02693292,-0.99862310,-0.00973755,0.02118204,-0.01945156,-0.06337227,-0.00192954,-0.06549690
10311740000000,synthetic_50hz_04,587,0.02,83.46979945,83.43299738,11.47389520,11.63650805,11.78972586,5.81800776,107.17108490,1,1,0,0,1,-0.41737805,-0.07998926,-0.02075290,0.03447573,0.02799025,-0.04415207,-0.02829841,-0.00893459,0.06754655,0.02130523,-0.01037866,-0.08899363,-0.01369781,0.02939269,0.10787498,0.00569548,-0.04755932,-0.12364625,0.00247106,0.06435479,0.13585273,0.03065573,0.14001155,-0.28895389,-0.02550858,0.11888194,-0.16679671,0.01960141,0.10212344,-0.33539207,-0.01311410,0.15642190,-0.12511294,0.00624355,0.06602086,-0.37113161,0.00080216,0.19003674,-0.09633843,-0.20436317,-0.67105369,-0.86456668,0.23691911,0.69020366,0.80663753,-0.26264456,-0.68945473,-0.72545264,0.28079784,0.66882851,0.62335262,-0.29085559,-0.62891964,-0.50328104,0.29252784,0.57087873,0.36869964,0.04495175,0.02712466,-0.99862159,-0.00937089,0.02157002,-0.02075290,-0.06348709,-0.00167411,-0.06541091
10311760000000,synthetic_50hz_04,588,0.02,83.89984588,83.52636708,11.60654408,11.78972586,11.94104175,5.82586892,107.15897865,1,1,0,0,1,-0.41865765,-0.07999719,-0.02205173,0.02749592,0.00650799,-0.07047666,-0.02040345,0.01282593,0.09166294,0.01272274,-0.03179008,-0.11020653,-0.00467523,0.04983771,0.12557282,-0.00350708,-0.06644849,-0.13731878,0.01158827,0.08114353,0.14510578,0.02363241,0.11852583,-0.31523871,-0.01756719,0.14065287,-0.14271550,0.01097049,0.08069487,-0.35657508,-0.00404206,0.17689046,-0.10743911,-0.00300849,0.04710221,-0.38478651,0.00996791,0.20686028,-0.08709631,-0.24114217,-0.69288025,-0.79955238,0.26600795,0.68960045,0.71538159,-0.28320460,-0.66643914,-0.61058603,0.29223633,0.62406408,0.48818698,-0.29284274,-0.56369697,-0.35171328,0.28500637,0.48707820,0.20509952,0.04486731,0.02730875,-0.99862038,-0.00900118,0.02195378,-0.02205173,-0.06358565,-0.00141858,-0.06531702
10311780000000,synthetic_50hz_04,589,0.02,84.49879738,83.72085314,11.74703310,11.94104175,12.08430824,5.83379520,107.14695410,1,1,0,0,1,-0.41993759,-0.07999999,-0.02334789,0.01948031,-0.01529798,-0.09432145,-0.01172912,0.03420238,0.11251397,0.00363977,-0.05212070,-0.12746266,0.00455451,0.06853637,0.13873655,-0.01261749,-0.08297610,-0.14601059,0.02031670,0.09502359,0.14907509,0.01557344,0.09671670,-0.33904355,-0.00884653,0.16203942,-0.12189987,0.00183915,0.06034738,-0.37380107,0.00523712,0.19561240,-0.09429967,-0.01216842,0.03054538,-0.39346038,0.01874494,0.22077493,-0.08313823,-0.26928705,-0.68940207,-0.70480387,0.28550442,0.66368018,0.59732590,-0.29349056,-0.61882408,-0.47262674,0.29301523,0.55612700,0.33430154,-0.28409214,-0.47739652,-0.18633827,0.26697853,0.38490247,0.03300277,0.04477985,0.02748514,-0.99861947,-0.00862857,0.02233324,-0.02334789,-0.06366793,-0.00116295,-0.06521522
10311800000000,synthetic_50hz_04,590,0.02,84.54090905,83.88486432,11.88868866,12.08430824,12.24064678,5.84179272,107.13500605,1,1,0,0,1,-0.42121755,-0.07999768,-0.02464122,0.01071801,-0.03662612,-0.11479290,-0.00259034,0.05440477,0.12931169,-0.00561202,-0.07061490,-0.14010237,0.01365257,0.08478918,0.14685384,-0.02129952,-0.09651894,-0.14937144,0.02833239,0.10546602,0.14758259,0.00676794,0.07538571,-0.35947488,0.00033846,0.18225162,-0.10513776,-0.00746092,0.04183661,-0.38641040,0.01438458,0.21188821,-0.08620692,-0.02089998,0.01697356,-0.39680301,0.02680930,0.23125173,-0.08464226,-0.28769050,-0.66054557,-0.58357975,0.29461263,0.61319721,0.45661238,-0.29304095,-0.54817009,-0.31648067,0.28302076,0.46733897,0.16722467,-0.26484096,-0.37303425,-0.01314750,0.23902566,0.26797477,-0.14130871,0.04468936,0.02765377,-0.99861887,-0.00825315,0.02270832,-0.02464122,-0.06373392,-0.00090725,-0.06510553
10311820000000,synthetic_50hz_04,591,0.02,84.55890174,84.01967180,12.03651107,12.24064678,12.40538786,5.84986729,107.12312926,1,1,0,0,1,-0.42249720,-0.07999025,-0.02593158,0.00152821,-0.05668636,-0.13111597,0.00667819,0.07268061,0.14141279,-0.01469205,-0.08657944,-0.14763261,0.02228233,0.09798214,0.14959611,-0.02923021,-0.10655998,-0.14724669,0.03533536,0.11206564,0.14065208,-0.00246492,0.05532293,-0.37575764,0.00965309,0.20053697,-0.09307249,-0.01658918,0.02585579,-0.39391000,0.02306372,0.22510391,-0.08348946,-0.02888021,0.00690380,-0.39465975,0.03386099,0.23788549,-0.09158459,-0.29559731,-0.60718227,-0.44015744,0.29291603,0.53982874,0.29826825,-0.28178985,-0.45691169,-0.14777984,0.26253953,0.36082166,-0.00696913,-0.23572007,-0.25432898,0.16151718,0.20210469,0.14050388,-0.31140861,0.04459588,0.02781459,-0.99861859,-0.00787507,0.02307895,-0.02593158,-0.06378359,-0.00065149,-0.06498796
10311840000000,synthetic_50hz_04,592,0.02,84.66626868,84.14899118,12.19143932,12.40538786,12.56959313,5.85802455,107.11131853,1,1,0,0,1,-0.42377620,-0.07997770,-0.02721879,-0.00775161,-0.07473002,-0.14266449,0.01573444,0.08834361,0.14834421,-0.02326364,-0.09941021,-0.14974710,0.03012215,0.10761076,0.14683270,-0.03611221,-0.11270885,-0.13968505,0.04106115,0.11455749,0.12851022,-0.01178764,0.03727703,-0.38726568,0.01875533,0.21620918,-0.08617711,-0.02520892,0.01300903,-0.39599362,0.03095288,0.23475499,-0.08627795,-0.03581178,0.00072645,-0.38707933,0.03963555,0.24041126,-0.10373857,-0.29263709,-0.53110674,-0.27968318,0.28039750,0.44612205,0.12802602,-0.26007392,-0.34827546,0.02732219,0.23225229,0.24038792,-0.18188269,-0.19773471,-0.12556988,0.33119943,0.15751635,0.00713161,-0.47096753,0.04449941,0.02796754,-0.99861863,-0.00749443,0.02344505,-0.02721879,-0.06381693,-0.00039569,-0.06486253
10311860000000,synthetic_50hz_04,593,0.02,84.95066170,84.30932528,12.35026392,12.56959313,12.72243305,5.86626965,107.09956863,1,1,0,0,1,-0.42505424,-0.07996003,-0.02850272,-0.01677825,-0.09007853,-0.14898619,0.02424196,0.10080028,0.14982263,-0.03100675,-0.10861591,-0.14633962,0.03687761,0.11330010,0.13863756,-0.04168527,-0.11471779,-0.12693853,0.04529113,0.11282812,0.11157979,-0.02085703,0.02192660,-0.39354671,0.02730871,0.22867475,-0.08473493,-0.03300011,0.00378763,-0.39255504,0.03775766,0.24046651,-0.09449843,-0.04143441,-0.00131071,-0.37431372,0.04391437,0.23871558,-0.12068143,-0.27884240,-0.43497865,-0.10798649,0.25744437,0.33540749,-0.04788594,-0.22862410,-0.22616637,0.20237780,0.19321249,0.11040476,-0.35103501,-0.15223048,0.00853986,0.48957172,0.10685959,-0.12723828,-0.61399385,0.04439996,0.02811257,-0.99861899,-0.00711136,0.02380656,-0.02850272,-0.06383393,-0.00013987,-0.06472925
10311880000000,synthetic_50hz_04,594,0.02,85.46859232,84.54117869,12.50657495,12.72243305,12.85326234,5.87460645,107.08787437,1,1,0,0,1,-0.42633099,-0.07993725,-0.02978319,-0.02521579,-0.10214963,-0.14982123,0.03188261,0.10957312,0.14576671,-0.03763023,-0.11383757,-0.13750966,0.04229296,0.11482002,0.12528815,-0.04573637,-0.11249217,-0.10945452,0.04786117,0.10692111,0.09046527,-0.02933716,0.00985387,-0.39434091,0.03499511,0.23745619,-0.08882732,-0.03967158,-0.00144944,-0.38369373,0.04322230,0.24200834,-0.10787346,-0.04553508,0.00088695,-0.35681036,0.04653330,0.23284204,-0.14180867,-0.25465167,-0.32223072,0.06863392,0.22483785,0.21168008,-0.22297462,-0.18854185,-0.09502661,0.37088685,0.14681010,-0.02436653,-0.50810624,-0.10084575,0.14305717,0.63067669,0.05197397,-0.25762341,-0.73506444,0.04429755,0.02824964,-0.99861967,-0.00672599,0.02416341,-0.02978319,-0.06383460,0.00011597,-0.06458814
10311900000000,synthetic_50hz_04,595,0.02,86.07558616,84.84806018,12.65218366,12.85326234,12.95959898,5.88303680,107.07623053,1,1,0,0,1,-0.42760611,-0.07990934,-0.03106006,-0.03274830,-0.11048025,-0.14511352,0.03836879,0.11431963,0.13630169,-0.04288309,-0.11486312,-0.12356021,0.04616105,0.11209505,0.10725644,-0.04810816,-0.10609523,-0.08786041,0.04866829,0.09703664,0.06593133,-0.03691211,0.00152194,-0.38959219,0.04152693,0.24221100,-0.09832900,-0.04497236,-0.00249010,-0.36971270,0.04713963,0.23930499,-0.12593104,-0.04795646,0.00725617,-0.33519661,0.04738936,0.22299081,-0.16635563,-0.22089643,-0.19694575,0.24364488,0.18372713,0.07945425,-0.39072635,-0.14126089,0.04032797,0.52654300,0.09472203,-0.15894750,-0.64717916,-0.04545229,0.27298451,0.74915686,-0.00512786,-0.37915125,-0.82953601,0.04419219,0.02837870,-0.99862068,-0.00633844,0.02451551,-0.03106006,-0.06381892,0.00037180,-0.06443922
10311920000000,synthetic_50hz_04,596,0.02,85.97457102,85.07336235,12.78129809,12.95959898,13.07048792,5.89156014,107.06463191,1,1,0,0,1,-0.42887929,-0.07987633,-0.03233317,-0.03909206,-0.11474486,-0.13501427,0.04345458,0.11484622,0.12175611,-0.04656429,-0.11163651,-0.10498766,0.04833152,0.10520827,0.08519237,-0.04870534,-0.09574682,-0.06294095,0.04767496,0.08352495,0.03887491,-0.04329813,-0.00274368,-0.37945175,0.04665823,0.24274559,-0.11291145,-0.04870139,0.00072168,-0.35110833,0.04935931,0.23243956,-0.14802124,-0.04860324,0.01757713,-0.31025722,0.04644501,0.20951214,-0.19342536,-0.17877317,-0.06370721,0.41052497,0.13558894,-0.05640324,-0.54485424,-0.08849562,0.17488755,0.66347512,0.03885093,-0.28832978,-0.76296770,0.01191385,0.39345932,0.84046356,-0.06233515,-0.48724525,-0.89372847,0.04408390,0.02849972,-0.99862203,-0.00594884,0.02486282,-0.03233317,-0.06378691,0.00062760,-0.06428249
10311940000000,synthetic_50hz_04,597,0.02,85.98106865,85.25490361,12.90275782,13.07048792,13.17895046,5.90017502,107.05307334,1,1,0,0,1,-0.43015019,-0.07983820,-0.03360237,-0.04400644,-0.11476869,-0.11987751,0.04694529,0.11111651,0.10265058,-0.04853069,-0.10426078,-0.08246418,0.04871693,0.09439917,0.05990030,-0.04749863,-0.08181598,-0.03560946,0.04491093,0.06687400,0.01029199,-0.04825462,-0.00276821,-0.36427364,0.05019433,0.23902356,-0.13205406,-0.05071555,0.00808289,-0.32855279,0.04979388,0.22165154,-0.17333971,-0.04744613,0.03148077,-0.28290554,0.04373001,0.19289397,-0.22202188,-0.12980083,0.07257102,0.56301269,0.08217411,-0.19085543,-0.67953915,-0.03217827,0.30363739,0.77647418,-0.01874528,-0.40766534,-0.85102310,0.06912840,0.49994011,0.90103663,-0.11751851,-0.57780137,-0.92507285,0.04397270,0.02861264,-0.99862370,-0.00555731,0.02520525,-0.03360237,-0.06373856,0.00088336,-0.06411799
10311960000000,synthetic_50hz_04,598,0.02,86.18411578,85.44074604,13.01875873,13.17895046,13.27671613,5.90887959,107.04154963,1,1,0,0,1,-0.43141850,-0.07979496,-0.03486751,-0.04730334,-0.11053523,-0.10024782,0.04870517,0.10325355,0.07967907,-0.04870282,-0.09299503,-0.05681314,0.04729634,0.08005542,0.03230925,-0.04452628,-0.06480777,-0.00687388,0.04047251,0.04769169,-0.01875967,-0.05159347,0.00146486,-0.34460243,0.05199947,0.23116800,-0.15506285,-0.05093535,0.01933440,-0.30286946,0.04842242,0.20732859,-0.20095741,-0.04452337,0.04846203,-0.25414947,0.03934067,0.17374421,-0.25108745,-0.07576542,0.20682914,0.69534671,0.02544295,-0.31888565,-0.78965465,0.02561305,0.42174855,0.86119648,-0.07593062,-0.51245223,-0.90790962,0.12405907,0.58838168,0.92844730,-0.16861083,-0.64734782,-0.92221741,0.04385860,0.02871743,-0.99862572,-0.00516398,0.02554274,-0.03486751,-0.06367390,0.00113907,-0.06394573
10311980000000,synthetic_50hz_04,599,0.02,86.91632770,85.73586238,13.12710084,13.27671613,13.34509095,5.91767135,107.03005563,1,1,0,0,1,-0.43268388,-0.07974662,-0.03612842,-0.04885459,-0.10218760,-0.07684051,0.04866288,0.09153599,0.05368340,-0.04706819,-0.07824536,-0.02897858,0.04411651,0.06269887,0.00343828,-0.03989292,-0.04534475,0.02220114,0.03451921,0.02668332,-0.04720049,-0.05318650,0.00981241,-0.32115343,0.05200231,0.21945752,-0.18109600,-0.04934831,0.03407013,-0.27500237,0.04529167,0.18999256,-0.22985529,-0.03993962,0.06789837,-0.22505369,0.03343650,0.15276816,-0.27954247,-0.01865382,0.33405311,0.80248863,-0.03250794,-0.43568865,-0.87096696,0.08273248,0.52476308,0.91433491,-0.13057181,-0.59870835,-0.93134216,0.17464668,0.65539257,0.92149837,-0.21368642,-0.69318153,-0.88508736,0.04374161,0.02881406,-0.99862806,-0.00476897,0.02587522,-0.03612842,-0.06359294,0.00139470,-0.06376574
