timestamp_ns,trajectory_id,sample_index,control_dt_s,force_raw_n,force_filtered_n,torque_actual_nm,torque_command_prev_nm,torque_command_issued_nm,motor_position_rad,force_reference_n,imu_valid,tension_sensor_valid,saturation_flag,emergency_flag,data_valid_flag,velocity_command_0,velocity_command_1,velocity_command_2,policy_action_0,policy_action_1,policy_action_2,policy_action_3,policy_action_4,policy_action_5,policy_action_6,policy_action_7,policy_action_8,policy_action_9,policy_action_10,policy_action_11,policy_action_12,policy_action_13,policy_action_14,policy_action_15,policy_action_16,policy_action_17,joint_position_0,joint_position_1,joint_position_2,joint_position_3,joint_position_4,joint_position_5,joint_position_6,joint_position_7,joint_position_8,joint_position_9,joint_position_10,joint_position_11,joint_position_12,joint_position_13,joint_position_14,joint_position_15,joint_position_16,joint_position_17,joint_velocity_0,joint_velocity_1,joint_velocity_2,joint_velocity_3,joint_velocity_4,joint_velocity_5,joint_velocity_6,joint_velocity_7,joint_velocity_8,joint_velocity_9,joint_velocity_10,joint_velocity_11,joint_velocity_12,joint_velocity_13,joint_velocity_14,joint_velocity_15,joint_velocity_16,joint_velocity_17,body_gravity_vector_0,body_gravity_vector_1,body_gravity_vector_2,body_angular_velocity_0,body_angular_velocity_1,body_angular_velocity_2,body_linear_acceleration_filtered_0,body_linear_acceleration_filtered_1,body_linear_acceleration_filtered_2
10200000000000,synthetic_50hz_03,0,0.02,86.02481917,86.00496383,8.00000000,8.00000000,22.04422162,0.16100800,128.27282355,1,1,0,0,1,0.31000000,0.00000000,0.00000000,0.00000000,0.05164150,0.11514399,-0.00707182,-0.06514721,-0.12339903,0.01393976,0.07677469,0.12809642,-0.02040581,-0.08618872,-0.12910073,0.02628355,0.09311789,0.12638300,-0.03140352,-0.09736243,-0.12002160,0.00000000,0.17837327,-0.11758163,-0.00594286,0.04879837,-0.37107042,0.01170444,0.20203058,-0.10398872,-0.01710886,0.02945911,-0.37710065,0.02199097,0.21647923,-0.10569214,-0.02620122,0.02033434,-0.36771278,0.23177728,0.46704466,0.32495740,-0.22843616,-0.41186715,-0.21225636,0.21850911,0.34481533,0.09343587,-0.20228235,-0.26782232,0.02807842,0.18022369,0.18310786,-0.14878319,-0.15296910,-0.09311433,0.26519848,-0.01578894,-0.00000000,-0.99987535,0.02250000,-0.03343678,0.00000000,3.10000000,0.00000000,0.00000000
10200020000000,synthetic_50hz_03,1,0.02,88.20108997,86.44418906,13.89857308,22.04422162,22.18470907,0.16358578,128.72565917,1,1,0,0,1,0.33429342,0.00000000,0.00000000,0.00487207,0.06276871,0.12489498,-0.01205301,-0.07545708,-0.13099035,0.01888646,0.08597000,0.13330921,-0.02517540,-0.09400435,-0.13178470,0.03073853,0.09932852,0.12646078,-0.03541545,-0.10178901,-0.11749094,0.00492167,0.18952714,-0.10785142,-0.01097317,0.03845619,-0.37864753,0.01669880,0.21126318,-0.09878329,-0.02192371,0.02160194,-0.37978425,0.02648788,0.22273480,-0.10560773,-0.03025092,0.01586031,-0.36519562,0.24256215,0.45471202,0.26412452,-0.23440071,-0.38805814,-0.14073402,0.21948138,0.31021637,0.01328609,-0.19823431,-0.22343092,0.11454488,0.17127204,0.13020384,-0.23907347,-0.13937193,-0.03322293,0.35670946,-0.01722238,-0.00044998,-0.99985158,0.02249636,-0.03328870,0.00000000,2.72293424,0.00000000,0.00000000
10200040000000,synthetic_50hz_03,2,0.02,90.68945598,87.29324244,17.37875019,22.18470907,22.24138266,0.16788928,129.17024567,1,1,0,0,1,0.35826685,0.00000000,0.00000000,0.01017338,0.07396366,0.13347025,-0.01734809,-0.08552402,-0.13706980,0.02402264,0.09461869,0.13671756,-0.03000460,-0.10098545,-0.13242369,0.03512153,0.10444076,0.12431198,-0.03922588,-0.10488499,-0.11261630,0.01027258,0.20074850,-0.09929721,-0.01631742,0.02835718,-0.38471247,0.02188273,0.21994896,-0.09538261,-0.02679829,0.01457948,-0.38042256,0.03091298,0.22789186,-0.10775020,-0.03409933,0.01271696,-0.36033419,0.24979868,0.43080813,0.18845905,-0.23626263,-0.35236636,-0.05539773,0.21591502,0.26376570,-0.07926074,-0.18934248,-0.16756055,0.21163408,0.15731111,0.06652455,-0.33790591,-0.12074439,0.03642938,0.45443576,-0.01863459,-0.00089981,-0.99982596,0.02248542,-0.03313410,0.00000000,2.41808161,0.00000000,0.00000000
10200060000000,synthetic_50hz_03,3,0.02,93.64399940,88.56339384,19.42105583,22.24138266,22.20971577,0.17386521,129.60138207,1,1,0,0,1,0.38161740,0.00000000,0.00000000,0.01581021,0.08488315,0.14039430,-0.02284354,-0.09498678,-0.14118277,0.02921827,0.10235189,0.13790088,-0.03475063,-0.10676615,-0.13064324,0.03928111,0.10810228,0.11961910,-0.04267910,-0.10632179,-0.10514628,0.01595900,0.21169415,-0.09239450,-0.02186207,0.01886259,-0.38881064,0.02712620,0.22771905,-0.09420727,-0.03158982,0.00875759,-0.37864112,0.03511483,0.23159806,-0.11243707,-0.03759074,0.01123289,-0.35287707,0.25247007,0.39384322,0.09778211,-0.23309636,-0.30369031,0.04334761,0.20700238,0.20478187,-0.18322760,-0.17494041,-0.09996947,0.31782505,0.13783484,-0.00772510,-0.44325945,-0.09675542,0.11519695,0.55591448,-0.02000444,-0.00134934,-0.99979898,0.02246720,-0.03297300,0.00000000,2.16797080,0.00000000,0.00000000
10200080000000,synthetic_50hz_03,4,0.02,97.00267857,90.25125078,20.59229300,22.20971577,22.08817558,0.18136009,130.01440294,1,1,0,0,1,0.40407455,0.00000000,0.00000000,0.02165241,0.09513176,0.14518772,-0.02839285,-0.10344607,-0.14289186,0.03431472,0.10877798,0.13647637,-0.03924728,-0.11097378,-0.12612619,0.04304831,0.10997014,0.11213974,-0.04560825,-0.10579602,-0.09492025,0.02185079,0.22196865,-0.08762269,-0.02746063,0.01037170,-0.39050462,0.03227056,0.23418182,-0.09564007,-0.03613209,0.00450894,-0.37412278,0.03892445,0.23351046,-0.11991071,-0.04055825,0.01171149,-0.34266366,0.24962642,0.34282481,-0.00718313,-0.22409190,-0.24150470,0.15416960,0.19209669,0.13322190,-0.29671128,-0.15456326,-0.02109825,0.43069864,0.11257369,-0.09163367,-0.55226875,-0.06733856,0.20172375,0.65791670,-0.02131305,-0.00179844,-0.99977123,0.02244171,-0.03280545,0.00000000,1.95894815,0.00000000,0.00000000
10200100000000,synthetic_50hz_03,5,0.02,100.34195220,92.26939107,21.22056368,22.08817558,21.89148449,0.19017969,130.40539497,1,1,0,0,1,0.42541183,0.00000000,0.00000000,0.02753791,0.10428436,0.14740353,-0.03382281,-0.11048959,-0.14181314,0.03913259,0.11350935,0.13213421,-0.04331415,-0.11325658,-0.11864579,0.04624695,0.10973858,0.10173675,-0.04784642,-0.10305676,-0.08189460,0.02778587,0.23114687,-0.08542877,-0.03293987,0.00329682,-0.38941051,0.03713642,0.23894966,-0.09999081,-0.04024471,0.00218528,-0.36664077,0.04216567,0.23332331,-0.13030829,-0.04283499,0.01440366,-0.32965031,0.24047658,0.27742489,-0.12472265,-0.20864288,-0.16600102,0.27476711,0.17079391,0.04979125,-0.41688991,-0.12802087,0.06785402,0.54699357,0.08155693,-0.18354302,-0.66132716,-0.03274166,0.29394040,0.75659437,-0.02254461,-0.00224696,-0.99974331,0.02240894,-0.03263146,0.00000000,1.78053133,0.00000000,0.00000000
10200120000000,synthetic_50hz_03,6,0.02,102.85612420,94.38673769,21.50235042,21.89148449,21.66199572,0.20012106,130.77133265,1,1,0,0,1,0.44545411,0.00000000,0.00000000,0.03328086,0.11191376,0.14666370,-0.03894302,-0.11572060,-0.13765052,0.04348244,0.11619117,0.12466882,-0.04676823,-0.11331189,-0.10809285,0.04870568,0.10716578,0.08840051,-0.04923892,-0.09793003,-0.06615955,0.03357839,0.23880162,-0.08619077,-0.03810939,-0.00196531,-0.38523221,0.04153434,0.24166774,-0.10746509,-0.04374466,0.00208930,-0.35608592,0.04466714,0.23079478,-0.14363943,-0.04426625,0.01948341,-0.31392728,0.22447270,0.19809245,-0.25214203,-0.18642203,-0.07816479,0.40193111,0.14299672,-0.04401640,-0.54013233,-0.09544875,0.16492858,0.66276128,0.04514894,-0.28108579,-0.76628251,0.00645252,0.38913917,0.84771147,-0.02368693,-0.00269475,-0.99971580,0.02236891,-0.03245107,0.00000000,1.62484791,0.00000000,0.00000000
10200140000000,synthetic_50hz_03,7,0.02,105.03835662,96.51706148,21.56940145,21.66199572,21.41488801,0.21099073,131.11012938,1,1,0,0,1,0.46408027,0.00000000,0.00000000,0.03868236,0.11761995,0.14269112,-0.04355756,-0.11878666,-0.13022373,0.04717697,0.11652870,0.11400193,-0.04943625,-0.11091117,-0.09449340,0.05027026,0.10209601,0.07226058,-0.04965495,-0.09033738,-0.04794446,0.03902946,0.24453291,-0.09018580,-0.04277328,-0.00506226,-0.37778944,0.04527702,0.24204132,-0.11814116,-0.04645865,0.00444953,-0.34248425,0.04627461,0.22576915,-0.15977456,-0.04472123,0.02702917,-0.29572390,0.20137533,0.10609301,-0.38587942,-0.15743271,0.02022429,0.53170388,0.10895123,-0.14595852,-0.66219907,-0.05732864,0.26748469,0.77360275,0.00405324,-0.38129916,-0.86270311,0.04933902,0.48412059,0.92693133,-0.02473159,-0.00314167,-0.99968919,0.02232163,-0.03226433,0.00000000,1.48613989,0.00000000,0.00000000
10200160000000,synthetic_50hz_03,8,0.02,106.99483536,98.61261626,21.50450580,21.41488801,21.15835155,0.22261342,131.42061191,1,1,0,0,1,0.48122160,0.00000000,0.00000000,0.04354266,0.12105758,0.13533319,-0.04747738,-0.11940492,-0.11948644,0.05004330,0.11430977,0.10019485,-0.05116646,-0.10591901,-0.07801459,0.05081446,0.09447456,0.05358514,-0.04899745,-0.08030637,-0.02761080,0.04393930,0.24799537,-0.09756644,-0.04674248,-0.00571116,-0.36703589,0.04819157,0.23985823,-0.13195773,-0.04823495,0.00940136,-0.32600292,0.04686186,0.21819169,-0.17844551,-0.04410287,0.03701340,-0.27540166,0.17129039,0.00346984,-0.52170639,-0.12202990,0.12666962,0.65961600,0.06925124,-0.25315714,-0.77850857,-0.01447603,0.37234601,0.87495638,-0.04071653,-0.48079998,-0.94617878,0.09473521,0.57539226,0.99012241,-0.02567384,-0.00358756,-0.99966394,0.02226712,-0.03207126,0.00000000,1.36032520,0.00000000,0.00000000
10200180000000,synthetic_50hz_03,9,0.02,108.60489370,100.61107174,21.35912102,21.15835155,20.90362015,0.23483528,131.70243436,1,1,0,0,1,0.49685696,0.00000000,0.00000000,0.04767311,0.12195839,0.12457487,-0.05053187,-0.11738130,-0.10553324,0.05193378,0.10942005,0.08344903,-0.05183842,-0.09830417,-0.05895895,0.05024852,0.08435413,0.03276906,-0.04720994,-0.06797213,-0.00563442,0.04811928,0.24892074,-0.10834774,-0.04984638,-0.00371793,-0.35306613,0.05013034,0.23500413,-0.14871334,-0.04895312,0.01697607,-0.30694445,0.04633912,0.20811511,-0.19925741,-0.04235468,0.04930096,-0.25343639,0.13467457,-0.10706537,-0.65498831,-0.08090904,0.23809971,0.78096853,0.02481086,-0.36226953,-0.88443306,0.03200262,0.47599494,0.96239897,-0.08789346,-0.57599720,-1.01261847,0.14125029,0.65939319,1.03364371,-0.02651225,-0.00403230,-0.99964036,0.02220540,-0.03187191,0.00000000,1.24461374,0.00000000,0.00000000
10200200000000,synthetic_50hz_03,10,0.02,109.72110854,102.43307910,21.16781065,20.90362015,20.66536421,0.24752435,131.95595172,1,1,0,0,1,0.51100568,0.00000000,0.00000000,0.05090685,0.12014688,0.11054060,-0.05257860,-0.11262203,-0.08859537,0.05273449,0.10185024,0.06409589,-0.05137001,-0.08814206,-0.03774850,0.04852452,0.07189270,0.01031280,-0.04428004,-0.05357064,0.01742022,0.05140253,0.24713353,-0.12240527,-0.05194253,0.00101118,-0.33611142,0.05097940,0.22746973,-0.16807657,-0.04853103,0.02709822,-0.28573086,0.04465847,0.19569738,-0.22170979,-0.03946430,0.06365586,-0.23039258,0.09231092,-0.22229421,-0.78096948,-0.03506652,0.35105352,0.89112428,-0.02318886,-0.46969180,-0.97558755,0.08077569,0.57478865,1.03192417,-0.13603372,-0.66331407,-1.05850994,0.18736984,0.73271584,1.05457837,-0.02724824,-0.00447572,-0.99961869,0.02213648,-0.03166631,0.00000000,1.13717826,0.00000000,0.00000000
10200220000000,synthetic_50hz_03,11,0.02,110.40419256,104.02730180,20.95678315,20.66536421,20.45305513,0.26056994,132.18207303,1,1,0,0,1,0.52371943,0.00000000,0.00000000,0.05310719,0.11554831,0.09348622,-0.05351032,-0.10513743,-0.06902722,0.05237073,0.09169538,0.04257814,-0.04972126,-0.07560971,-0.01490151,0.04563831,0.05734417,-0.01320473,-0.04023958,-0.03742538,0.04093028,0.05365237,0.24255899,-0.13948319,-0.05292371,0.00846588,-0.31652614,0.05066406,0.21735006,-0.18960471,-0.04692871,0.03959080,-0.26288043,0.04181575,0.18119242,-0.24522375,-0.03546354,0.07975465,-0.20689303,0.04526051,-0.33868257,-0.89504971,0.01426070,0.46188448,0.98577585,-0.07337076,-0.57177004,-1.04808162,0.13036551,0.66517121,1.08017070,-0.18360175,-0.73939518,-1.08111796,0.23154468,0.79230205,1.05089609,-0.02788547,-0.00491770,-0.99959904,0.02206039,-0.03145450,0.00000000,1.03688010,0.00000000,0.00000000
10200240000000,synthetic_50hz_03,12,0.02,111.17343464,105.45652837,20.74521738,20.45305513,20.25452192,0.27388122,132.38211114,1,1,0,0,1,0.53507385,0.00000000,0.00000000,0.05417334,0.10818956,0.07378318,-0.05325919,-0.09503848,-0.04728604,0.05080956,0.07914741,0.01942561,-0.04689507,-0.06097447,0.00899486,0.04162856,0.04104361,-0.03715601,-0.03516189,-0.01992945,0.06424593,0.05476799,0.23522400,-0.15921003,-0.05272206,0.01853515,-0.29476753,0.04915139,0.20483707,-0.21276794,-0.04414904,0.05418645,-0.23898030,0.03784965,0.16493526,-0.26917176,-0.03042573,0.09720423,-0.18358760,-0.00520158,-0.45257783,-0.99302589,0.06566758,0.56696018,1.06116699,-0.12424034,-0.66499680,-1.09871414,0.17923120,0.74386126,1.10458486,-0.22905474,-0.80127985,-1.07860988,0.27227453,0.83559717,1.02153807,-0.02842929,-0.00535808,-0.99958146,0.02197716,-0.03123653,0.00000000,0.94304829,0.00000000,0.00000000
10200260000000,synthetic_50hz_03,13,0.02,111.31151151,106.62752499,20.53912528,20.25452192,20.08720283,0.28738440,132.55764169,1,1,0,0,1,0.54516083,0.00000000,0.00000000,0.05404340,0.09819386,0.05189760,-0.05179817,-0.08252804,-0.02390766,0.04805957,0.06448289,-0.00477156,-0.04293539,-0.04457868,0.03331321,0.03657336,0.02338924,-0.06089443,-0.02915691,-0.00152548,0.08672003,0.05468750,0.22525178,-0.18111967,-0.05131053,0.03101618,-0.27137144,0.04644995,0.19020731,-0.23697611,-0.04023600,0.07054283,-0.21465789,0.03283824,0.14732415,-0.29290722,-0.02446081,0.11556194,-0.16112342,-0.05765763,-0.56039310,-1.07128253,0.11765685,0.66284032,1.11425484,-0.17426397,-0.74617754,-1.12510267,0.22584699,0.80800211,1.10351326,-0.27091872,-0.84653161,-1.05010905,0.30817975,0.86065521,0.96642971,-0.02888619,-0.00579673,-0.99956591,0.02188680,-0.03101244,0.00000000,0.85530841,0.00000000,0.00000000
10200280000000,synthetic_50hz_03,14,0.02,111.32499528,107.56701905,20.34931786,20.08720283,19.94564486,0.30102102,132.71037923,1,1,0,0,1,0.55408172,0.00000000,0.00000000,0.05269497,0.08577110,0.02836672,-0.04914008,-0.06788801,0.00051903,0.04416846,0.04804767,-0.02938980,-0.03792345,-0.02682209,0.05741326,0.03058508,0.00482322,-0.08378147,-0.02236494,0.01731470,0.10773421,0.05338850,0.21285224,-0.20467490,-0.04870196,0.04562705,-0.24692676,0.04260746,0.17380663,-0.26160564,-0.03527081,0.08826020,-0.19055347,0.02689390,0.12880125,-0.31579161,-0.01770908,0.13435598,-0.14011885,-0.11061854,-0.65876576,-1.12692467,0.16871133,0.74642208,1.14281065,-0.22194008,-0.81255870,-1.12574887,0.26877021,0.85526888,1.07623123,-0.30785156,-0.87332126,-0.99568534,0.33805741,0.86619537,0.88643337,-0.02926331,-0.00623349,-0.99955232,0.02178935,-0.03078226,0.00000000,0.77345566,0.00000000,0.00000000
10200300000000,synthetic_50hz_03,15,0.02,111.29076945,108.31176913,20.17977520,19.94564486,19.82234770,0.31474570,132.84207428,1,1,0,0,1,0.56194181,0.00000000,0.00000000,0.05014378,0.07120519,0.00377490,-0.04533499,-0.05146451,0.02537697,0.03921917,0.03024007,-0.05379720,-0.03197264,-0.00814381,0.08066644,0.02380432,-0.01418725,-0.10521003,-0.01494972,0.03610928,0.12672036,0.05088671,0.19830928,-0.22929132,-0.04494640,0.06202163,-0.22205053,0.03770684,0.15603335,-0.28602464,-0.02936684,0.10689946,-0.16729562,0.02015721,0.10983373,-0.33721783,-0.01033429,0.15310454,-0.12114201,-0.16258976,-0.74468339,-1.15785515,0.21735787,0.81504865,1.14546387,-0.26585945,-0.86191567,-1.10004832,0.30669618,0.88393327,1.02291788,-0.33869072,-0.88046665,-0.91629623,0.36092065,0.85161577,0.78325733,-0.02956807,-0.00666824,-0.99954055,0.02168485,-0.03054606,0.00000000,0.69736537,0.00000000,0.00000000
10200320000000,synthetic_50hz_03,16,0.02,111.40210864,108.92983703,20.02965565,19.82234770,19.70371010,0.32852368,132.95443172,1,1,0,0,1,0.56884597,0.00000000,0.00000000,0.04644091,0.05483991,-0.02126920,-0.04046620,-0.03365215,0.05004385,0.03332484,0.01149418,-0.07737571,-0.02522271,0.01099517,0.10247680,0.01639339,-0.03316753,-0.12462343,-0.00709144,0.05438365,0.14317711,0.04723321,0.18196667,-0.25436029,-0.04012716,0.07980531,-0.19736509,0.03186125,0.13732155,-0.30961504,-0.02266385,0.12599960,-0.14548029,0.01279049,0.09089625,-0.35662919,-0.00251662,0.17133299,-0.10469427,-0.21212838,-0.81557581,-1.16280312,0.26222058,0.86658155,1.12169915,-0.30475284,-0.89260335,-1.04825608,0.33849893,0.89289097,0.94459129,-0.36248594,-0.86743613,-0.81369349,0.37602231,0.81697270,0.65933653,-0.02980785,-0.00710082,-0.99953045,0.02157331,-0.03030387,0.00000000,0.62693389,0.00000000,0.00000000
10200340000000,synthetic_50hz_03,17,0.02,111.62841532,109.46955269,19.89275852,19.70371010,19.57975694,0.34232810,133.04904896,1,1,0,0,1,0.57489553,0.00000000,0.00000000,0.04166900,0.03706438,-0.04615341,-0.03464567,-0.01487859,0.07391211,0.02662348,-0.00773615,-0.09953989,-0.01783373,0.03012785,0.12229789,0.00852982,-0.05165095,-0.14152998,0.00102000,0.07168493,0.15668170,0.04251064,0.16421353,-0.27926964,-0.03435619,0.09855045,-0.17347797,0.02520868,0.11812509,-0.33179140,-0.01532192,0.14509364,-0.12565392,0.00497128,0.07245547,-0.37353402,0.00555405,0.18858848,-0.09119839,-0.25789014,-0.86937526,-1.14131324,0.30206235,0.89944072,1.07181730,-0.33752596,-0.90357489,-0.97142037,0.36325854,0.88165858,0.84301694,-0.37851821,-0.83432363,-0.69030893,0.38286503,0.76293475,0.51769900,-0.02998980,-0.00753110,-0.99952186,0.02145479,-0.03005573,0.00000000,0.56204277,0.00000000,0.00000000
10200360000000,synthetic_50hz_03,18,0.02,111.41432197,109.85850654,19.76129785,19.57975694,19.46341616,0.35613766,133.12737096,1,1,0,0,1,0.58018614,0.00000000,0.00000000,0.03593792,0.01829886,-0.07028027,-0.02800889,0.00441004,0.09640592,0.01927236,-0.02699179,-0.11975214,-0.00998019,0.04879535,0.13964585,0.00040028,-0.06919213,-0.15551351,0.00919116,0.08759406,0.16689764,0.03682887,0.14547013,-0.30342190,-0.02776899,0.11781092,-0.15096503,0.01790640,0.09890310,-0.35201614,-0.00751552,0.16372269,-0.10830036,-0.00311377,0.05495679,-0.38751612,0.01368426,0.20445193,-0.08099085,-0.29866601,-0.90454925,-1.09370544,0.33581534,0.91261783,0.99687059,-0.36328297,-0.89437522,-0.87129549,0.38027697,0.85034735,0.72060054,-0.38630741,-0.78180358,-0.54913034,0.38120043,0.69072004,0.36182845,-0.03012065,-0.00795894,-0.99951461,0.02132932,-0.02980171,0.00000000,0.50254031,0.00000000,0.00000000
10200380000000,synthetic_50hz_03,19,0.02,111.38775489,110.16435621,19.63618754,19.46341616,19.34111587,0.36993565,133.19065861,1,1,0,0,1,0.58480641,0.00000000,0.00000000,0.02938018,-0.00101855,-0.09308250,-0.02070991,0.02376244,0.11699507,0.01144256,-0.04582125,-0.13753463,-0.00184532,0.06655901,0.15410899,-0.00780512,-0.08537785,-0.16624032,0.01723054,0.10173520,0.17357887,0.03032040,0.12617457,-0.32624980,-0.02051959,0.13713541,-0.13035645,0.01012550,0.08010705,-0.36981142,0.00057211,0.18144809,-0.09383133,-0.01127454,0.03881339,-0.39824182,0.02168251,0.21854752,-0.07431772,-0.33340935,-0.92011080,-1.02101422,0.36260167,0.90566854,0.89858180,-0.38134001,-0.86511542,-0.75024285,0.38908413,0.79962063,0.58027405,-0.38561079,-0.71107240,-0.39357568,0.37102010,0.60202362,0.19553034,-0.03020665,-0.00838420,-0.99950854,0.02119693,-0.02954185,0.00000000,0.44823491,0.00000000,0.00000000
10200400000000,synthetic_50hz_03,20,0.02,110.96097095,110.32367916,19.51225744,19.34111587,19.22451780,0.38370855,133.23996712,1,1,0,0,1,0.58883725,0.00000000,0.00000000,0.02214624,-0.02044414,-0.11403589,-0.01291625,0.04273400,0.13520608,0.00331388,-0.06379181,-0.15247820,0.00638403,0.08301048,0.16535432,-0.01589788,-0.09983591,-0.17346318,0.02495339,0.11378303,0.17657103,0.02313570,0.10677054,-0.34722913,-0.01277552,0.15607931,-0.11212574,0.00204577,0.06216968,-0.38476808,0.00875413,0.19786150,-0.08257980,-0.01932255,0.02439750,-0.40546388,0.02936407,0.23054992,-0.07133336,-0.36125461,-0.91561125,-0.92491451,0.38174564,0.87868902,0.77925384,-0.39123077,-0.81643377,-0.61112692,0.38943653,0.73064035,0.42538093,-0.37641465,-0.62378224,-0.22737100,0.35254057,0.49894019,0.02280586,-0.03025351,-0.00880674,-0.99950350,0.02105768,-0.02927619,0.00000000,0.39889631,0.00000000,0.00000000
10200420000000,synthetic_50hz_03,21,0.02,110.01514875,110.26197308,19.39140679,19.22451780,19.12797875,0.39744565,133.27613093,1,1,0,0,1,0.59235167,0.00000000,0.00000000,0.01439996,-0.03953968,-0.13266977,-0.00480421,0.06089721,0.15063065,-0.00493004,-0.08049905,-0.16424877,0.01452215,0.09778005,0.17313153,-0.02369559,-0.11224202,-0.17702282,0.03218587,0.12346799,0.17581047,0.01543862,0.08769630,-0.36588920,-0.00471307,0.17421512,-0.09668118,-0.00614915,0.04549541,-0.39655203,0.01684484,0.21259321,-0.07479608,-0.02707536,0.01203339,-0.40902302,0.03655508,0.24018958,-0.07210142,-0.38152896,-0.89111963,-0.80763985,0.39277926,0.83228110,0.64167515,-0.39270555,-0.74944753,-0.45721065,0.38130995,0.64500703,0.25956456,-0.35892101,-0.52197068,-0.05443510,0.32618421,0.38388567,-0.15226374,-0.03026639,-0.00922643,-0.99949932,0.02091160,-0.02900480,0.00000000,0.35426130,0.00000000,0.00000000
10200440000000,synthetic_50hz_03,22,0.02,109.83120982,110.17582043,19.28076701,19.12797875,19.01520051,0.41113944,133.29975261,1,1,0,0,1,0.59541495,0.00000000,0.00000000,0.00631418,-0.05788220,-0.14857530,0.00344563,0.07785073,0.16293206,-0.01310609,-0.09557479,-0.17259141,0.02238870,0.11054338,0.17727487,-0.03102584,-0.12232496,-0.17684742,0.03876848,0.13057985,0.17132137,0.00740200,0.06937479,-0.38182118,0.00348717,0.19114150,-0.08435951,-0.01427616,0.03045240,-0.40490834,0.02466388,0.22531888,-0.07064593,-0.03436059,0.00199230,-0.40884742,0.04309606,0.24725625,-0.07659770,-0.39375813,-0.84719217,-0.67189646,0.39544212,0.76750937,0.48902426,-0.38572534,-0.66569892,-0.29205327,0.36488792,0.54469605,0.08666225,-0.33353060,-0.40798935,0.12122729,0.29255745,0.25952012,-0.32562178,-0.03024989,-0.00964313,-0.99949589,0.02075875,-0.02872772,0.00000000,0.31404180,0.00000000,0.00000000
10200460000000,synthetic_50hz_03,23,0.02,109.79865651,110.10038764,19.16922908,19.01520051,18.88159234,0.42478368,133.31119301,1,1,0,0,1,0.59808495,0.00000000,0.00000000,-0.00193349,-0.07507271,-0.16141183,0.01165259,0.09322711,0.17184946,-0.02103575,-0.10869372,-0.17733258,0.02981243,0.12102665,0.17770313,-0.03772960,-0.12987032,-0.17295041,0.04455902,0.13496977,0.16321145,-0.00079656,0.05220502,-0.39468442,0.01164454,0.20649099,-0.07542156,-0.02215673,0.01736596,-0.40966348,0.03204001,0.23576468,-0.07021056,-0.04101921,-0.00551139,-0.40495053,0.04884480,0.25160112,-0.08471450,-0.39766728,-0.78483453,-0.52077607,0.38967692,0.68585272,0.32477583,-0.37045200,-0.56709746,-0.11941215,0.34054677,0.43199252,-0.08939424,-0.30082342,-0.28443303,0.29562335,0.25242719,0.12867320,-0.49332950,-0.03020812,-0.01005670,-0.99949308,0.02059918,-0.02844502,0.00000000,0.27793348,0.00000000,0.00000000
10200480000000,synthetic_50hz_03,24,0.02,109.54948154,109.99020642,19.04842165,18.88159234,18.73895174,0.43837205,133.31056083,1,1,0,0,1,0.60041269,0.00000000,0.00000000,-0.01016465,-0.09074379,-0.17091157,0.01963977,0.10669932,0.17720053,-0.02854867,-0.11957865,-0.17838072,0.03663450,0.12901048,0.17441810,-0.04366414,-0.13472287,-0.16542693,0.04943492,0.13655114,0.15166643,-0.00897864,0.03655439,-0.40421113,0.01958211,0.21993657,-0.07004966,-0.02962052,0.00651330,-0.41072588,0.03881440,0.24371125,-0.07348817,-0.04690847,-0.01032243,-0.39742748,0.05367874,0.25313757,-0.09626611,-0.39317801,-0.70545852,-0.35766891,0.37562135,0.58915219,0.15260913,-0.34723535,-0.45586033,0.05685044,0.30883839,0.30942581,-0.26467099,-0.26153747,-0.15407039,0.46486095,0.20669631,-0.00572695,-0.65164875,-0.03014468,-0.01046701,-0.99949079,0.02043293,-0.02815673,0.00000000,0.24562420,0.00000000,0.00000000
10200500000000,synthetic_50hz_03,25,0.02,109.11672783,109.81551070,18.91844429,18.73895174,18.59697094,0.45189824,133.29769981,1,1,0,0,1,0.60244289,0.00000000,0.00000000,-0.01820382,-0.10456615,-0.17688264,0.02723755,0.11798618,0.17888259,-0.03548600,-0.12800462,-0.17572528,0.04271137,0.13433262,0.16750172,-0.04870536,-0.13678775,-0.15444902,0.05329514,0.13529922,0.13694347,-0.01696878,0.02275221,-0.41020943,0.02713029,0.23119707,-0.06834650,-0.03650867,-0.00188063,-0.40808500,0.04484351,0.24899634,-0.08039683,-0.05190428,-0.01234598,-0.38645029,0.05749683,0.25184086,-0.11099534,-0.38040190,-0.61083480,-0.18617814,0.35359706,0.47955615,-0.02367982,-0.31659784,-0.33445168,0.23285507,0.27047096,0.17970481,-0.43531701,-0.21654628,-0.01977697,0.62522855,0.15637846,-0.14072105,-0.79711446,-0.03006274,-0.01087392,-0.99948892,0.02026006,-0.02786293,0.00000000,0.21680132,0.00000000,0.00000000
10200520000000,synthetic_50hz_03,26,0.02,108.75324006,109.60305657,18.78342548,18.59697094,18.45507416,0.46535643,133.27217220,1,1,0,0,1,0.60421459,0.00000000,0.00000000,-0.02588197,-0.11625413,-0.17921063,0.03428684,0.12685668,0.17687223,-0.04170320,-0.13380189,-0.16943453,0.04791724,0.13688953,0.15711195,-0.05274980,-0.13603057,-0.14025975,0.05606156,0.13124980,0.11936381,-0.02459795,0.01108412,-0.41256490,0.03412999,0.24004146,-0.07033548,-0.04267666,-0.00764611,-0.40180910,0.05000153,0.25151639,-0.09077858,-0.05590320,-0.01154763,-0.37226206,0.06022096,0.24774678,-0.12858098,-0.35963115,-0.50304244,-0.01003622,0.32409611,0.35946386,-0.20026241,-0.27921723,-0.20552178,0.40478738,0.22628838,0.04565440,-0.59764214,-0.16683554,0.11552921,0.77326660,0.10257275,-0.27338206,-0.92659742,-0.02996510,-0.01127732,-0.99948738,0.02008063,-0.02756367,0.00000000,0.19115803,0.00000000,0.00000000
10200540000000,synthetic_50hz_03,27,0.02,108.33854677,109.35015461,18.64551793,18.45507416,18.31820703,0.47874148,133.23323727,1,1,0,0,1,0.60576176,0.00000000,0.00000000,-0.03303968,-0.12557031,-0.17785889,0.04064201,0.13313324,0.17122371,-0.04707261,-0.13685788,-0.15965207,0.05214608,0.13663684,0.14347758,-0.05571616,-0.13247650,-0.12316657,0.05767991,0.12449680,0.09930461,-0.03170673,0.00178756,-0.41124090,0.04043557,0.24629218,-0.07596234,-0.04799682,-0.01067054,-0.39204178,0.05418245,0.25122707,-0.10440462,-0.05882392,-0.00795257,-0.35517022,0.06179687,0.24094926,-0.14864584,-0.33132671,-0.38441612,0.16697600,0.28776534,0.23146793,-0.37335720,-0.23590756,-0.07184641,0.56897435,0.17724846,-0.08984647,-0.74818769,-0.11347920,0.24894903,0.90583044,0.04643828,-0.40087428,-1.03735767,-0.02985415,-0.01167705,-0.99948612,0.01989469,-0.02725901,0.00000000,0.16839813,0.00000000,0.00000000
10200560000000,synthetic_50hz_03,28,0.02,108.21664523,109.12345274,18.50804735,18.31820703,18.17752229,0.49204923,133.17982409,1,1,0,0,1,0.60711389,0.00000000,0.00000000,-0.03953009,-0.13232903,-0.17286741,0.04617341,0.13669402,0.16206604,-0.05148554,-0.13711807,-0.14659223,0.05531331,0.13358893,0.12689210,-0.05754637,-0.12620837,-0.10353361,0.05812034,0.11518916,0.07719020,-0.03814825,-0.00495183,-0.40627741,0.04591740,0.24982738,-0.08509807,-0.05236047,-0.01089941,-0.37899739,0.05730167,0.24814272,-0.12098146,-0.06060837,-0.00164361,-0.33553892,0.06219469,0.23159722,-0.17076560,-0.29610412,-0.25749159,0.34110718,0.24538880,0.09829636,-0.53930510,-0.18759881,0.06373281,0.72195460,0.12440026,-0.22392453,-0.88378981,-0.05761519,0.37766040,1.02014496,-0.01083095,-0.52050814,-1.12708884,-0.02973202,-0.01207301,-0.99948506,0.01970230,-0.02694900,0.00000000,0.14823980,0.00000000,0.00000000
10200580000000,synthetic_50hz_03,29,0.02,108.18204907,108.93517200,18.36922682,18.17752229,18.03348434,0.50527611,133.11049750,1,1,0,0,1,0.60829651,0.00000000,0.00000000,-0.04522152,-0.13639901,-0.16435047,0.05076963,0.13747415,0.14959898,-0.05485403,-0.13458585,-0.13053448,0.05735697,0.12781738,0.10770661,-0.05820628,-0.11736387,-0.08177351,0.05737747,0.10352671,0.05348284,-0.04379085,-0.00900277,-0.39778872,0.05046405,0.25058219,-0.09754292,-0.05567964,-0.00833610,-0.36295537,0.05929725,0.24233494,-0.14015802,-0.06122239,0.00724153,-0.31378078,0.06140905,0.21989052,-0.19447802,-0.25471732,-0.12494996,0.50870972,0.19786868,-0.03724539,-0.69463937,-0.13531539,0.19836693,0.86054224,0.06886089,-0.35376947,-1.00163528,-0.00042110,0.49897266,1.11385071,-0.06803083,-0.62979025,-1.19395330,-0.02960053,-0.01246505,-0.99948415,0.01950353,-0.02663371,0.00000000,0.13041803,0.00000000,0.00000000
10200600000000,synthetic_50hz_03,30,0.02,107.94843810,108.73782522,18.22821498,18.03348434,17.89667754,0.51841891,133.02341724,1,1,0,0,1,0.60933169,0.00000000,0.00000000,-0.04999977,-0.13770494,-0.15249314,0.05433931,0.13546599,0.13408786,-0.05711223,-0.12932149,-0.11181676,0.05823857,0.11944859,0.08632194,-0.05768587,-0.10613193,-0.05833841,0.05547006,0.08975544,0.02867296,-0.04852034,-0.01028994,-0.38595990,0.05398417,0.24854897,-0.11303156,-0.05788849,-0.00304090,-0.34425367,0.06013070,0.23393013,-0.16153345,-0.06065599,0.01851394,-0.29034794,0.05945872,0.20607514,-0.21929265,-0.20804072,0.01043861,0.66630971,0.14620483,-0.17233162,-0.83615012,-0.08015378,0.32925623,0.98188393,0.01179186,-0.47668823,-1.09930957,0.05691002,0.61037709,1.18504160,-0.12397116,-0.72646849,-1.23660833,-0.02946126,-0.01285305,-0.99948335,0.01929845,-0.02631320,0.00000000,0.11468624,0.00000000,0.00000000
10200620000000,synthetic_50hz_03,31,0.02,107.86166259,108.56259270,18.08896926,17.89667754,17.76153649,0.53147521,132.91628973,1,1,0,0,1,0.61023849,0.00000000,0.00000000,-0.05377008,-0.13622810,-0.13754657,0.05681264,0.13071841,0.11585744,-0.05821727,-0.12144004,-0.09082809,0.05794346,0.10866050,0.06318012,-0.05599912,-0.09274823,-0.03371064,0.05244030,0.07416199,0.00326926,-0.05224193,-0.00879463,-0.37104207,0.05640796,0.24377661,-0.13123922,-0.05894415,0.00487115,-0.32328131,0.05978736,0.22310625,-0.18466573,-0.05892313,0.03193793,-0.26572275,0.05638589,0.19043772,-0.24470079,-0.15704965,0.14587111,0.81067200,0.09147323,-0.30417245,-0.96094253,-0.02325960,0.45370436,1.08350865,-0.04562461,-0.59015577,-1.17483671,0.11319345,0.70959271,1.23229367,-0.17749886,-0.80857176,-1.25422304,-0.02931559,-0.01323688,-0.99948263,0.01908711,-0.02598753,0.00000000,0.10081702,0.00000000,0.00000000
10200640000000,synthetic_50hz_03,32,0.02,107.30626385,108.31132693,17.95144749,17.76153649,17.64604394,0.54444326,132.78631318,1,1,0,0,1,0.61103335,0.00000000,0.00000000,-0.05645870,-0.13200594,-0.11982222,0.05814241,0.12333508,0.09528480,-0.05814985,-0.11110842,-0.06800027,0.05648080,0.09567845,0.03875526,-0.05318339,-0.07749003,-0.00839292,0.04835267,0.05706753,-0.02221139,-0.05488189,-0.00455427,-0.35334673,0.05768820,0.23636876,-0.15178882,-0.05882732,0.01523313,-0.30047010,0.05827640,0.21008861,-0.20908075,-0.05606117,0.04723624,-0.24040792,0.05225504,0.17329944,-0.27018557,-0.10279955,0.27856719,0.93885962,0.03480363,-0.43006788,-1.06648840,0.03419570,0.56916952,1.16336982,-0.10220914,-0.69186173,-1.22671075,0.16727585,0.79460725,1.25468504,-0.22751992,-0.87444386,-1.24648617,-0.02916472,-0.01361642,-0.99948195,0.01886958,-0.02565677,0.00000000,0.08860222,0.00000000,0.00000000
10200660000000,synthetic_50hz_03,33,0.02,106.88386120,108.02583378,17.82317800,17.64604394,17.54081999,0.55732279,132.63011714,1,1,0,0,1,0.61173044,0.00000000,0.00000000,-0.05801405,-0.12513069,-0.09968518,0.05830465,0.11347184,0.07279144,-0.05691430,-0.09854153,-0.04379910,0.05388309,0.08077023,0.01354400,-0.04929840,-0.06067029,0.01710157,0.04329241,0.03882119,-0.04725410,-0.05638865,0.00233888,-0.33323893,0.05780093,0.22648126,-0.17425888,-0.05754234,0.02783013,-0.27628581,0.05563031,0.19514501,-0.23428187,-0.05212984,0.06409591,-0.21491661,0.04715141,0.15500942,-0.29523211,-0.04640422,0.40582319,1.04828689,-0.02264335,-0.54745927,-1.15067018,0.09103811,0.67331185,1.21987911,-0.15680819,-0.77975252,-1.25391837,0.21805742,0.86371257,1.25180657,-0.27301996,-0.92277139,-1.21360460,-0.02900967,-0.01399155,-0.99948129,0.01864594,-0.02532099,0.00000000,0.07785264,0.00000000,0.00000000
10200680000000,synthetic_50hz_03,34,0.02,106.49541057,107.71974914,17.70458764,17.54081999,17.44131970,0.57011477,132.44369892,1,1,0,0,1,0.61234195,0.00000000,0.00000000,-0.05840754,-0.11574707,-0.07754648,0.05729889,0.10133309,0.04883467,-0.05453828,-0.08399763,-0.01871493,0.05020531,0.06424048,-0.01194437,-0.04442490,-0.04263125,0.04225931,0.03736370,0.01979294,-0.07135589,-0.05673360,0.01174011,-0.31112973,0.05674567,0.21431854,-0.19819208,-0.05511686,0.04240390,-0.25121883,0.05190410,0.17858010,-0.25975980,-0.04720991,0.08217469,-0.18976237,0.04117917,0.13593764,-0.31933742,0.01098672,0.52506395,1.13676540,-0.07969925,-0.65397751,-1.21181713,0.14611401,0.76403659,1.25193162,-0.20831624,-0.85206814,-1.25595233,0.26451261,0.91553417,1.22376335,-0.31308296,-0.95260492,-1.15629271,-0.02885133,-0.01436215,-0.99948062,0.01841626,-0.02498023,0.00000000,0.06839723,0.00000000,0.00000000
10200700000000,synthetic_50hz_03,35,0.02,106.02479988,107.38075929,17.59401511,17.44131970,17.34762257,0.58282105,132.22236084,1,1,0,0,1,0.61287839,0.00000000,0.00000000,-0.05763387,-0.10404895,-0.05385478,0.05514791,0.08716749,0.02389839,-0.05107201,-0.06777295,0.00674699,0.04552369,0.04642448,-0.03719786,-0.03866289,-0.02373758,0.06657629,0.03068743,0.00036630,-0.09403530,-0.05591146,0.02345556,-0.28746777,0.05454522,0.20012922,-0.22310451,-0.05160111,0.05865821,-0.22577438,0.04717397,0.16072916,-0.28500254,-0.04140134,0.10110792,-0.16544919,0.03445923,0.11646761,-0.34202005,0.06821061,0.63389160,1.20254232,-0.13521062,-0.74748711,-1.24873297,0.19831244,0.83953222,1.25892207,-0.25569683,-0.90737323,-1.23281585,0.30570935,0.94905424,1.17116698,-0.34690814,-0.96337358,-1.07575282,-0.02869048,-0.01472809,-0.99947992,0.01818062,-0.02463459,0.00000000,0.06008218,0.00000000,0.00000000
10200720000000,synthetic_50hz_03,36,0.02,105.60679998,107.02596743,17.49053024,17.34762257,17.25406483,0.59544400,131.96065468,1,1,0,0,1,0.61334879,0.00000000,0.00000000,-0.05571097,-0.09027525,-0.02908733,0.05189716,0.07126270,-0.00151643,-0.04658714,-0.05019562,0.03207647,0.03993398,0.02768137,-0.06171172,-0.03212951,-0.00436905,0.08956780,0.02339873,-0.01906923,-0.11484160,-0.05394016,0.03724630,-0.26273032,0.05124503,0.18420099,-0.24849521,-0.04706673,0.07626492,-0.20046266,0.04153570,0.14195132,-0.30950536,-0.03482130,0.12051582,-0.14246178,0.02712672,0.09698885,-0.36282926,0.12411459,0.73013062,1.24433036,-0.18806144,-0.82612561,-1.26071455,0.24658638,0.89830301,1.24075175,-0.29800212,-0.94458192,-1.18501750,0.34082632,0.96362810,1.09511865,-0.37382434,-0.95489242,-0.97364701,-0.02852780,-0.01508925,-0.99947920,0.01793908,-0.02428411,0.00000000,0.05276977,0.00000000,0.00000000
10200740000000,synthetic_50hz_03,37,0.02,105.34265933,106.68930581,17.39121477,17.25406483,17.15172696,0.60798611,131.65234239,1,1,0,0,1,0.61376092,0.00000000,0.00000000,-0.05267951,-0.07470496,-0.00374054,0.04761371,0.05393958,-0.02690166,-0.04117518,-0.03161910,0.05676827,0.03354955,0.00838703,-0.08499823,-0.02495667,0.01508685,0.11077765,0.01564428,-0.03812577,-0.13336330,-0.05086037,0.05283334,-0.23741376,0.04691215,0.16685470,-0.27385606,-0.04160525,0.09487056,-0.17578889,0.03510265,0.12262248,-0.33278053,-0.02760171,0.14001091,-0.12125635,0.01932832,0.07788922,-0.38135356,0.17757802,0.81186841,1.26132885,-0.23719452,-0.88833757,-1.24756138,0.28997260,0.93919554,1.19782612,-0.33439062,-0.96297606,-1.11355698,0.36916802,0.95899354,0.99718348,-0.39330212,-0.92736279,-0.85206071,-0.02836386,-0.01544553,-0.99947842,0.01769173,-0.02392887,0.00000000,0.04633712,0.00000000,0.00000000
10200760000000,synthetic_50hz_03,38,0.02,104.73399199,106.29824304,17.29062989,17.15172696,17.05191279,0.62044927,131.29038614,1,1,0,0,1,0.61412145,0.00000000,0.00000000,-0.04860194,-0.05765150,0.02167979,0.04238478,0.03554574,-0.05175189,-0.03494565,-0.01241518,0.08033196,0.02649902,-0.01107332,-0.10659602,-0.01728841,0.03424257,0.12978686,0.00757937,-0.05642459,-0.14923590,-0.04673453,0.06990326,-0.21202390,0.04163383,0.14843796,-0.29868164,-0.03532619,0.11410336,-0.15224354,0.02800343,0.10312785,-0.35436667,-0.01988659,0.15920562,-0.10225186,0.01121931,0.05954747,-0.39722845,0.22753406,0.87749062,1.25323576,-0.28163175,-0.93290261,-1.20957572,0.32760986,0.96141859,1.13104305,-0.36414282,-0.96221641,-1.01990187,0.39017738,0.93527309,0.87935646,-0.40496294,-0.88136541,-0.71345878,-0.02819917,-0.01579680,-0.99947760,0.01743865,-0.02356895,0.00000000,0.04067496,0.00000000,0.00000000
10200780000000,synthetic_50hz_03,39,0.02,104.18426908,105.87544825,17.19036871,17.05191279,16.94786133,0.63283504,130.86698454,1,1,0,0,1,0.61443609,0.00000000,0.00000000,-0.04356115,-0.03945641,0.04666840,0.03631598,0.01644861,-0.07557426,-0.02802381,0.00703341,0.10230128,0.01892369,-0.03031265,-0.12607891,-0.00927800,0.05271797,0.14622163,-0.00063518,-0.07360340,-0.16214871,-0.04164554,0.08811452,-0.18706602,0.03551566,0.12931820,-0.32247910,-0.02835479,0.13358058,-0.13029283,0.02037936,0.08385446,-0.37383763,-0.01182921,0.17771983,-0.08582212,0.00296051,0.04232588,-0.41014324,0.27299024,0.92571072,1.22025022,-0.32049262,-0.95895706,-1.14755335,0.35875505,0.96455621,1.04177198,-0.38667441,-0.94234677,-0.90595584,0.40344576,0.89296902,0.74402057,-0.40858558,-0.81784657,-0.56063484,-0.02803416,-0.01614295,-0.99947671,0.01717993,-0.02320440,0.00000000,0.03568638,0.00000000,0.00000000
10200800000000,synthetic_50hz_03,40,0.02,103.76363647,105.45308590,17.08851561,16.94786133,16.83105003,0.64514452,130.37367688,1,1,0,0,1,0.61470974,0.00000000,0.00000000,-0.03765879,-0.02048257,0.07073033,0.02952913,-0.00297178,-0.09789799,-0.02054813,0.02634046,0.12224320,0.01097473,-0.04894973,-0.14306408,-0.00108491,0.07014775,0.15976036,-0.00883618,-0.08932338,-0.17185067,-0.03569506,0.10710425,-0.16303505,0.02867948,0.10987545,-0.34477764,-0.02082956,0.15291601,-0.11036981,0.01238159,0.06518355,-0.39081056,-0.00358907,0.19518822,-0.07228873,-0.00528486,0.02656328,-0.41984689,0.31304734,0.95559317,1.16306563,-0.35301092,-0.96600864,-1.06276500,0.38279703,0.94857363,0.93182436,-0.40154693,-0.90379080,-0.77401879,0.40872003,0.83295126,0.59389789,-0.40410955,-0.73809734,-0.39665464,-0.02786922,-0.01648387,-0.99947576,0.01691563,-0.02283531,0.00000000,0.03128559,0.00000000,0.00000000
10200820000000,synthetic_50hz_03,41,0.02,103.71782623,105.10603396,16.98038007,16.83105003,16.68490800,0.65737783,129.80154030,1,1,0,0,1,0.61494657,0.00000000,0.00000000,-0.03101317,-0.00110701,0.09339061,0.02215982,-0.02233032,-0.11828345,-0.01266760,0.04512386,0.13976613,0.00281016,-0.06661645,-0.15721928,0.00712830,0.08618846,0.17013973,-0.01686124,-0.10327562,-0.17815497,-0.02900140,0.12649539,-0.14040597,0.02126087,0.09049484,-0.36513766,-0.01289945,0.17172753,-0.09286606,0.00416817,0.04748322,-0.40495322,0.00467130,0.21126735,-0.06191499,-0.01335443,0.01256858,-0.42615256,0.34691658,0.96656991,1.08285350,-0.37854910,-0.95394420,-0.95692899,0.39926787,0.91381584,0.80341578,-0.40847555,-0.84734174,-0.62673972,0.40590670,0.75643838,0.43199446,-0.39163537,-0.64372655,-0.22479459,-0.02770467,-0.01681945,-0.99947475,0.01664585,-0.02246174,0.00000000,0.02739680,0.00000000,0.00000000
10200840000000,synthetic_50hz_03,42,0.02,103.31670197,104.74816756,16.85628180,16.68490800,16.52356393,0.66953303,129.14150684,1,1,0,0,1,0.61515014,0.00000000,0.00000000,-0.02375690,0.01828648,0.11420341,0.01435471,-0.04124429,-0.13633068,-0.00453868,0.06301301,0.15452747,-0.00540821,-0.08296504,-0.16826916,0.01519918,0.10052515,0.17715958,-0.02455195,-0.11518707,-0.18094240,-0.02169716,0.14590418,-0.11962461,0.01340649,0.07155907,-0.38315917,-0.00472094,0.18964456,-0.07812419,-0.00409910,0.03110125,-0.41599027,0.01278943,0.22564226,-0.05490109,-0.02108979,0.00061483,-0.42894105,0.37393449,0.95844968,0.98123812,-0.39661013,-0.92303007,-0.83217539,0.40785132,0.86099907,0.65912065,-0.40733396,-0.77414507,-0.46706316,0.39507298,0.66497210,0.26154002,-0.37142186,-0.53662768,-0.04847656,-0.02754080,-0.01714957,-0.99947367,0.01637068,-0.02208377,0.00000000,0.02395309,0.00000000,0.00000000
10200860000000,synthetic_50hz_03,43,0.02,102.97210867,104.39295579,16.71654029,16.52356393,16.34240035,0.68160658,128.38482459,1,1,0,0,1,0.61532343,0.00000000,0.00000000,-0.01603423,0.03731491,0.13276064,0.00626862,-0.05934091,-0.15168696,0.00367771,0.07965609,0.16624008,-0.01351801,-0.09767474,-0.17600042,0.02296859,0.11287739,0.18068658,-0.03175697,-0.12482573,-0.18016347,-0.01392661,0.16494761,-0.10109905,0.00527117,0.05344092,-0.39848949,0.00354503,0.20631524,-0.06643133,-0.01225786,0.01635839,-0.42370839,0.02060618,0.23803253,-0.05138034,-0.02833959,-0.00906597,-0.42816287,0.39357539,0.93142020,0.86026280,-0.40684669,-0.87390521,-0.69100241,0.40838841,0.79119512,0.50182010,-0.39815611,-0.68567451,-0.29817008,0.37644477,0.56038558,0.08592368,-0.34388036,-0.41894048,0.12879994,-0.02737785,-0.01747414,-0.99947253,0.01609021,-0.02170147,0.00000000,0.02089544,0.00000000,0.00000000
10200880000000,synthetic_50hz_03,44,0.02,102.24373450,103.96311153,16.55940152,16.34240035,16.15431877,0.69359338,127.52367737,1,1,0,0,1,0.61546897,0.00000000,0.00000000,-0.00799820,0.05560357,0.14869986,-0.00193854,-0.07626455,-0.16405367,0.01181938,0.09472679,0.17467774,-0.02135948,-0.11045801,-0.18026577,0.03028376,0.12300468,0.18065665,-0.03833496,-0.13200506,-0.17583912,-0.00584277,0.18325098,-0.08519174,-0.00298519,0.03649604,-0.41082996,0.01173630,0.22141331,-0.05801370,-0.02014833,0.00354220,-0.42796032,0.02796879,0.24819765,-0.05141682,-0.03496249,-0.01628729,-0.42383898,0.40546120,0.88604291,0.72234802,-0.40906736,-0.80756715,-0.53622593,0.40087991,0.70580886,0.33464420,-0.38113491,-0.58370176,-0.12341452,0.35040161,0.44476628,-0.09137326,-0.30956607,-0.29300797,0.30352671,-0.02721603,-0.01779305,-0.99947133,0.01580452,-0.02131492,0.00000000,0.01817176,0.00000000,0.00000000
10200900000000,synthetic_50hz_03,45,0.02,101.73890377,103.51826998,16.38926676,16.15431877,15.94661063,0.70548760,126.55195897,1,1,0,0,1,0.61558884,0.00000000,0.00000000,0.00019239,0.07279335,0.16171118,-0.01010490,-0.09168367,-0.17319188,0.01972608,0.10793071,0.17967937,-0.02877855,-0.12106606,-0.18098663,0.03700132,0.13071101,0.17707596,-0.04415732,-0.13658751,-0.16806011,0.00239555,0.20045518,-0.07221257,-0.01120070,0.02105594,-0.41994168,0.01969260,0.23464433,-0.05303238,-0.02761645,-0.00709854,-0.42866746,0.03473386,0.25594162,-0.05500437,-0.04082989,-0.02091154,-0.41606011,0.40936831,0.82324060,0.57024249,-0.40323981,-0.72535111,-0.37092292,0.38548572,0.60654941,0.16090948,-0.35661790,-0.47026061,0.05374306,0.31746862,0.32041397,-0.26684616,-0.26916657,-0.16132965,0.47225596,-0.02705552,-0.01810619,-0.99947006,0.01551371,-0.02092419,0.00000000,0.01573607,0.00000000,0.00000000
10200920000000,synthetic_50hz_03,46,0.02,101.34201774,103.08301953,16.20335119,15.94661063,15.71378657,0.71728248,125.46616748,1,1,0,0,1,0.61568472,0.00000000,0.00000000,0.00837615,0.08854776,0.17154323,-0.01806985,-0.10529727,-0.17892690,0.02724259,0.11901101,0.18115202,-0.03562992,-0.12929360,-0.17815445,0.04299002,0.13584860,0.17002060,-0.04911070,-0.13848702,-0.15698497,0.01062694,0.21622371,-0.06241290,-0.01921477,0.00742166,-0.42564994,0.02725871,0.24575147,-0.05158032,-0.03451692,-0.01535854,-0.42582125,0.04077017,0.26111663,-0.06206690,-0.04582844,-0.02285270,-0.40498481,0.40523146,0.74427806,0.40696793,-0.38949095,-0.62890256,-0.19837004,0.36252123,0.49539551,-0.01594695,-0.32509986,-0.34760597,0.22980419,0.27830570,0.18979479,-0.43703606,-0.22348786,-0.02651174,0.63166798,-0.02689647,-0.01841346,-0.99946874,0.01521788,-0.02052936,0.00000000,0.01354768,0.00000000,0.00000000
10200940000000,synthetic_50hz_03,47,0.02,100.76553184,102.61952199,15.99773405,15.71378657,15.46294500,0.72897000,124.26634640,1,1,0,0,1,0.61575796,0.00000000,0.00000000,0.01639221,0.10255947,0.17800792,-0.02567715,-0.11684068,-0.18115153,0.03422181,0.12775333,0.17907247,-0.04177984,-0.13498279,-0.17183066,0.04813334,0.13832063,0.15963489,-0.05309913,-0.13767062,-0.14283678,0.01869056,0.23024925,-0.05598082,-0.02687113,-0.00414217,-0.42784757,0.03428753,0.25452038,-0.05368075,-0.04071598,-0.02107996,-0.41948315,0.04596119,0.26362589,-0.07246007,-0.04986217,-0.02207778,-0.39083614,0.39314458,0.65073603,0.23575866,-0.36810389,-0.52014382,-0.02197836,0.33245059,0.37455561,-0.19243558,-0.28721259,-0.21816879,0.40130151,0.23369411,0.05549206,-0.59859774,-0.17343812,0.10878453,0.77863611,-0.02673901,-0.01871477,-0.99946737,0.01491712,-0.02013050,0.00000000,0.01157052,0.00000000,0.00000000
10200960000000,synthetic_50hz_03,48,0.02,100.10901422,102.11742044,15.77312265,15.46294500,15.19684483,0.74054118,122.95695530,1,1,0,0,1,0.61580957,0.00000000,0.00000000,0.02408346,0.11455626,0.18098397,-0.03277803,-0.12609073,-0.17982802,0.04052760,0.13398995,0.17348753,-0.04710873,-0.13802618,-0.16214533,0.05233171,0.13808304,0.14612839,-0.05604593,-0.13415891,-0.12589851,0.02642927,0.24225957,-0.05303761,-0.03402103,-0.01341235,-0.42649678,0.04064291,0.26078333,-0.05928683,-0.04609405,-0.02415534,-0.40978321,0.05020733,0.26342533,-0.08597434,-0.05285439,-0.01860738,-0.37389709,0.37335839,0.54447911,0.05999708,-0.33951189,-0.40123527,0.15477432,0.29587711,0.24642364,-0.36508351,-0.24371205,-0.08450750,0.56486716,0.18452066,-0.07984504,-0.74836544,-0.12000946,0.24189560,0.91028799,-0.02658324,-0.01901001,-0.99946596,0.01461152,-0.01972770,0.00000000,0.00977248,0.00000000,0.00000000
10200980000000,synthetic_50hz_03,49,0.02,99.74577959,101.64309227,15.53108596,15.19684483,14.90466221,0.75198646,121.54751763,1,1,0,0,1,0.61584025,0.00000000,0.00000000,0.03129959,0.12430635,0.18041916,-0.03923408,-0.13287000,-0.17498855,0.04603743,0.13760294,0.16451294,-0.05151351,-0.13836873,-0.14929435,0.05550442,0.13514528,0.12977153,-0.05789512,-0.12802553,-0.10650734,0.03369277,0.25202289,-0.05363550,-0.04052605,-0.02021146,-0.42162979,0.04620234,0.26442238,-0.06828285,-0.05054804,-0.02452965,-0.39691734,0.05342791,0.26052438,-0.10233928,-0.05474912,-0.01251514,-0.35450483,0.34627507,0.42761806,-0.11685354,-0.30428942,-0.27453205,0.32841245,0.25353096,0.11353115,-0.53050308,-0.19546309,0.05074291,0.71729905,0.13175992,-0.21355402,-0.88341496,-0.06425805,0.37020827,1.02406160,-0.02642925,-0.01929909,-0.99946451,0.01430119,-0.01932103,0.00000000,0.00812482,0.00000000,0.00000000
10201000000000,synthetic_50hz_03,50,0.02,98.92222543,101.09891890,15.26798799,14.90466221,14.60777206,0.76329536,120.05288077,1,1,0,0,1,0.61585043,0.00000000,0.00000000,0.03790006,0.13162284,0.17633111,-0.04491997,-0.13705021,-0.16673451,0.05064482,0.13852637,0.15233088,-0.05490955,-0.13600874,-0.13353547,0.05759122,0.12956992,0.11089018,-0.05861250,-0.11939554,-0.08504787,0.04034053,0.25935231,-0.05775685,-0.04626087,-0.02441124,-0.41334797,0.05085931,0.26537160,-0.08048662,-0.05399334,-0.02220118,-0.38114326,0.05556265,0.25498563,-0.12122901,-0.05551217,-0.00392612,-0.33304396,0.31243990,0.30246741,-0.29131795,-0.26314037,-0.14253681,0.49553155,0.20625437,-0.02150319,-0.68545874,-0.14342197,0.18492324,0.85562384,0.07645464,-0.34301188,-1.00112090,-0.00728309,0.49121131,1.11775519,-0.02627709,-0.01958192,-0.99946302,0.01398622,-0.01891058,0.00000000,0.00660168,0.00000000,0.00000000
10201020000000,synthetic_50hz_03,51,0.02,98.36507823,100.55215077,14.99069730,14.60777206,14.29720773,0.77445749,118.49294949,1,1,0,0,1,0.61584025,0.00000000,0.00000000,0.04375686,0.13636728,0.16880686,-0.04972591,-0.13855468,-0.15523427,0.05426133,0.13674748,0.13718620,-0.05723238,-0.13099778,-0.11518299,0.05855339,0.12147136,0.08985900,-0.05818628,-0.10844286,-0.06194434,0.04624452,0.26410940,-0.06531462,-0.05111568,-0.02593498,-0.40181969,0.05452540,0.26361825,-0.09565327,-0.05636546,-0.01722151,-0.36277530,0.05657283,0.24692347,-0.14226887,-0.05513173,0.00698577,-0.30993873,0.27253003,0.17149897,-0.45997781,-0.21688377,-0.00784976,0.65286554,0.15498464,-0.15602576,-0.82693087,-0.08861723,0.31540298,0.97715538,0.01969495,-0.46568699,-1.09920806,0.04979514,0.60254503,1.18957005,-0.02612679,-0.01985840,-0.99946151,0.01366673,-0.01849642,0.00000000,0.00517952,0.00000000,0.00000000
10201040000000,synthetic_50hz_03,52,0.02,97.74049552,99.98981972,14.69943168,14.29720773,13.98005992,0.78546256,116.89182506,1,1,0,0,1,0.61580957,0.00000000,0.00000000,0.04875702,0.13845237,0.15800091,-0.05355976,-0.13735967,-0.14071970,0.05681835,0.13230683,0.11938147,-0.05843884,-0.12343951,-0.09460142,0.05837451,0.11101338,0.06709397,-0.05662721,-0.09538668,-0.03765217,0.05129177,0.26620684,-0.07615433,-0.05499835,-0.02475898,-0.38727683,0.05713198,0.25920288,-0.11348026,-0.05762124,-0.00969428,-0.34217795,0.05644205,0.23650168,-0.16504288,-0.05361856,0.02000133,-0.28564455,0.22734075,0.03729235,-0.61953958,-0.16643723,0.12688329,0.79735142,0.10073526,-0.28740082,-0.95217525,-0.03212904,0.43963246,1.07954743,-0.03740348,-0.57918929,-1.17579574,0.10585763,0.70204782,1.23814532,-0.02597839,-0.02012845,-0.99945998,0.01334280,-0.01807863,0.00000000,0.00383678,0.00000000,0.00000000
10201060000000,synthetic_50hz_03,53,0.02,96.91320602,99.37449698,14.39729554,13.98005992,13.66861046,0.79630077,115.27639043,1,1,0,0,1,0.61575796,0.00000000,0.00000000,0.05280480,0.13784351,0.14413201,-0.05634886,-0.13349479,-0.12348140,0.05826835,0.12529734,0.09927077,-0.05850793,-0.11348752,-0.07219811,0.05706071,0.09840580,0.04304395,-0.05396840,-0.08048700,-0.01264881,0.05538655,0.26561002,-0.09005721,-0.05783621,-0.02091281,-0.37000999,0.05863154,0.25221841,-0.13361350,-0.05773969,0.00022690,-0.31975857,0.05517641,0.22393009,-0.18910219,-0.05100576,0.03486057,-0.26063888,0.17776931,-0.09751675,-0.76689986,-0.11279844,0.25902379,0.92618976,0.04457554,-0.41306305,-1.05877718,0.02493249,0.55519352,1.16083955,-0.09372171,-0.68131749,-1.22943439,0.15980888,0.78779877,1.26258405,-0.02583188,-0.02039198,-0.99945843,0.01301456,-0.01765731,0.00000000,0.00255336,0.00000000,0.00000000
10201080000000,synthetic_50hz_03,54,0.02,95.92660064,98.68491771,14.09124780,13.66861046,13.37226710,0.80696361,113.67450004,1,1,0,0,1,0.61568472,0.00000000,0.00000000,0.05582359,0.13455937,0.12747863,-0.05804138,-0.12704221,-0.10386277,0.05858581,0.11586236,0.07725250,-0.05744119,-0.10134214,-0.04841501,0.05464050,0.08390018,0.01818169,-0.05026451,-0.06403934,0.01257582,0.05845224,0.26233763,-0.10674480,-0.05957744,-0.01447866,-0.35036257,0.05899855,0.24280816,-0.15565456,-0.05672233,0.01234172,-0.29595911,0.05280445,0.20946024,-0.21397404,-0.04734801,0.05126797,-0.23541162,0.12479681,-0.23028930,-0.89920694,-0.05702500,0.38599312,1.03690007,-0.01239086,-0.53056859,-1.14469888,0.08144949,0.65984751,1.21949550,-0.14815990,-0.77010272,-1.25913349,0.21059879,0.85815552,1.26247007,-0.02568724,-0.02064890,-0.99945689,0.01268209,-0.01723252,0.00000000,0.00131031,0.00000000,0.00000000
10201100000000,synthetic_50hz_03,55,0.02,95.46216366,98.04036690,13.78927591,13.37226710,13.07355690,0.81744458,112.11302614,1,1,0,0,1,0.61558884,0.00000000,0.00000000,0.05775738,0.12867144,0.10837328,-0.05860738,-0.11813496,-0.08225303,0.05776770,0.10419260,0.05376139,-0.05526256,-0.08724631,-0.02371978,0.05116416,0.06778467,-0.00700568,-0.04559069,-0.04636877,0.03752917,0.06043281,0.25646115,-0.12588457,-0.06019209,-0.00558956,-0.32872379,0.05822996,0.23116288,-0.17916876,-0.05459312,0.02640723,-0.27124723,0.04937642,0.19338028,-0.23917130,-0.04272043,0.06889846,-0.21045534,0.06946833,-0.35843586,-1.01391739,-0.00021314,0.50532418,1.12736979,-0.06904818,-0.63764376,-1.20831958,0.13631882,0.75157978,1.25443296,-0.19965932,-0.84384740,-1.26438046,0.25724355,0.91178651,1.23787527,-0.02554443,-0.02089913,-0.99945535,0.01234552,-0.01680435,0.00000000,0.00008943,0.00000000,0.00000000
10201120000000,synthetic_50hz_03,56,0.02,94.63963469,97.36022046,13.48867392,13.07355690,12.79246785,0.82773855,110.61604843,1,1,0,0,1,0.61546897,0.00000000,0.00000000,0.05857181,0.12030242,0.08719570,-0.05803927,-0.10695411,-0.05907929,0.05583344,0.09052228,0.02925959,-0.05201790,-0.07148064,0.00140368,0.04670266,0.05037818,-0.03202648,-0.04004096,-0.02782329,0.06172594,0.06129394,0.24810327,-0.14709679,-0.05967257,0.00557344,-0.30552076,0.05634520,0.21751676,-0.20369390,-0.05139790,0.04214283,-0.24610683,0.04496330,0.17600913,-0.26420229,-0.03721705,0.08740404,-0.18625533,0.01287173,-0.47946856,-1.10884658,0.05652444,0.61471071,1.19589598,-0.12429099,-0.73223047,-1.24846714,0.18847417,0.82863968,1.26504441,-0.24722355,-0.90115882,-1.24514986,0.29884536,0.94769713,1.18935705,-0.02540337,-0.02114259,-0.99945382,0.01200495,-0.01637289,0.00000000,-0.00112712,0.00000000,0.00000000
10201140000000,synthetic_50hz_03,57,0.02,93.73593900,96.63536417,13.19626737,12.79246785,12.53460912,0.83784234,109.20343870,1,1,0,0,1,0.61532343,0.00000000,0.00000000,0.05825486,0.10962363,0.06436509,-0.05635199,-0.09372501,-0.03479785,0.05282447,0.07512425,0.00422737,-0.04777400,-0.05435763,0.02646499,0.04134617,0.03202385,-0.05639435,-0.03372632,-0.00876680,0.08469783,0.06102358,0.23743533,-0.16996227,-0.05803381,0.01878497,-0.28120978,0.05338573,0.20214268,-0.22874974,-0.04720346,0.05923601,-0.22102830,0.03965526,0.15768992,-0.28858065,-0.03094887,0.10642082,-0.16327990,-0.04388434,-0.59105107,-1.18221198,0.11208108,0.71205357,1.24121883,-0.17704647,-0.81252723,-1.26444077,0.23690753,0.88957535,1.25120829,-0.28993844,-0.94097660,-1.20190288,0.33461029,0.96524905,1.11794606,-0.02526398,-0.02137919,-0.99945233,0.01166049,-0.01593822,0.00000000,-0.00235711,0.00000000,0.00000000
10201160000000,synthetic_50hz_03,58,0.02,93.60202654,96.02869664,12.91837091,12.53460912,12.27195091,0.84775516,107.88999935,1,1,0,0,1,0.61515014,0.00000000,0.00000000,0.05681701,0.09685148,0.04033154,-0.05358261,-0.07871261,-0.00988493,0.04880339,0.05830443,-0.02084667,-0.04261715,-0.03621530,0.05097724,0.03520224,0.01308206,-0.07963812,-0.02677243,0.01042833,0.10600299,0.05963221,0.22467372,-0.19403091,-0.05531288,0.03378009,-0.25626708,0.04941412,0.18534652,-0.25384766,-0.04209610,0.07734876,-0.19649853,0.03355984,0.13878304,-0.31183521,-0.02404155,0.12557642,-0.14197088,-0.09969302,-0.69104576,-1.23266852,0.16537857,0.79550286,1.26254630,-0.22629618,-0.87702523,-1.25602429,0.28068956,0.93326256,1.21329051,-0.32699053,-0.96259350,-1.13557700,0.36386422,0.96417242,1.02512428,-0.02512614,-0.02160887,-0.99945086,0.01131225,-0.01550042,0.00000000,-0.00361865,0.00000000,0.00000000
10201180000000,synthetic_50hz_03,59,0.02,93.03866935,95.43069118,12.64687451,12.27195091,12.02721618,0.85747718,106.68519582,1,1,0,0,1,0.61494657,0.00000000,0.00000000,0.05429098,0.08224288,0.01556679,-0.04978952,-0.06221602,0.01517310,0.04385261,0.04039544,-0.04547554,-0.03665140,-0.01741024,0.07446690,0.02839352,-0.00607691,-0.10131135,-0.01931704,0.02938886,0.12523494,0.05715255,0.21007538,-0.21883095,-0.05156819,0.05025969,-0.23117902,0.04451277,0.16746094,-0.27850070,-0.03617985,0.09612448,-0.17299106,0.02679969,0.11965876,-0.33351953,-0.01663283,0.14449760,-0.12273477,-0.15347181,-0.77755681,-1.25933508,0.21538910,0.86349514,1.25956928,-0.27109663,-0.92453850,-1.22348952,0.31898831,0.95892699,1.15213598,-0.35768342,-0.96566916,-1.04756583,0.38606634,0.94457065,0.91279387,-0.02498969,-0.02183155,-0.99944945,0.01096034,-0.01505959,0.00000000,-0.00493058,0.00000000,0.00000000
10201200000000,synthetic_50hz_03,60,0.02,92.69239150,94.88303125,12.38661801,12.02721618,11.79343877,0.86700995,105.59341546,1,1,0,0,1,0.61470974,0.00000000,0.00000000,0.05073100,0.06608998,-0.00944544,-0.04505122,-0.04456226,0.03988967,0.03807260,0.02174979,-0.06918387,-0.02999632,0.00168973,0.09648346,0.02105524,-0.02508054,-0.12100139,-0.01150712,0.04774827,0.14203079,0.05363884,0.19393242,-0.24387869,-0.04687822,0.06789674,-0.20643217,0.03878218,0.14883842,-0.30223345,-0.02957429,0.11519536,-0.15095642,0.01951004,0.10068959,-0.35322096,-0.00886969,0.16281786,-0.10593446,-0.20418470,-0.84896868,-1.26181171,0.26115626,0.91478497,1.23246704,-0.31059856,-0.95422758,-1.16758977,0.35108616,0.96615937,1.06905034,-0.38145178,-0.95023633,-0.93968970,0.40081997,0.90691753,0.78323736,-0.02485445,-0.02204716,-0.99944809,0.01060489,-0.01461581,0.00000000,-0.00631278,0.00000000,0.00000000
10201220000000,synthetic_50hz_03,61,0.02,92.44562547,94.39555009,12.13748273,11.79343877,11.56886749,0.87635614,104.61461379,1,1,0,0,1,0.61443609,0.00000000,0.00000000,0.04621166,0.04871398,-0.03421948,-0.03946463,-0.02609950,0.06378806,0.03157982,0.00273256,-0.09151761,-0.02278454,0.02071316,0.11660865,0.01333238,-0.04356171,-0.13833782,-0.00349584,0.06515435,0.15607864,0.04916564,0.17656606,-0.26868847,-0.04133988,0.08634309,-0.18250327,0.03233879,0.12984404,-0.32459188,-0.02241205,0.13418995,-0.13081285,0.01183588,0.08224267,-0.37056908,-0.00090528,0.18018498,-0.09188184,-0.25086354,-0.90397897,-1.24018701,0.30181464,0.94847003,1.18190260,-0.34406428,-0.96561626,-1.08954338,0.37639440,0.95492332,0.96577212,-0.39787288,-0.91669950,-0.81415719,0.40788051,0.85204680,0.63906974,-0.02472020,-0.02225562,-0.99944680,0.01024600,-0.01416916,0.00000000,-0.00778672,0.00000000,0.00000000
10201240000000,synthetic_50hz_03,62,0.02,91.93734248,93.90390857,11.89866433,11.56886749,11.36517260,0.88551925,103.74518330,1,1,0,0,1,0.61412145,0.00000000,0.00000000,0.04082629,0.03045843,-0.05827780,-0.03314302,-0.00718973,0.08641127,0.02450422,-0.01628625,-0.11205346,-0.01515896,0.03929270,0.13446509,0.00537666,-0.06116632,-0.15300004,0.00456066,0.08127648,0.16712392,0.04382631,0.15831986,-0.29278273,-0.03506645,0.10523673,-0.15984930,0.02531256,0.11084781,-0.34515269,-0.01483602,0.15274090,-0.11293775,0.00392891,0.06467208,-0.38524329,0.00710424,0.19626833,-0.08083148,-0.29262802,-0.94162501,-1.19503539,0.33660772,0.96400936,1.10900806,-0.37088286,-0.95860087,-0.99100752,0.39446527,0.92555547,0.84443577,-0.40667507,-0.86582587,-0.67351855,0.40716023,0.78113411,0.48318346,-0.02458665,-0.02245687,-0.99944559,0.00988379,-0.01371973,0.00000000,-0.00937578,0.00000000,0.00000000
10201260000000,synthetic_50hz_03,63,0.02,91.02195550,93.32751795,11.67459780,11.36517260,11.19661920,0.89450400,102.97889222,1,1,0,0,1,0.61376092,0.00000000,0.00000000,0.03468498,0.01168200,-0.08116100,-0.02621364,0.01179881,0.10733154,0.01698654,-0.03493946,-0.13040767,-0.00726972,0.05707279,0.14972408,-0.00265669,-0.07756069,-0.16472388,0.01250651,0.09581247,0.17497461,0.03773093,0.13955247,-0.31570208,-0.02818517,0.12420944,-0.13889803,0.01784421,0.09221691,-0.36353213,-0.00699635,0.17049266,-0.09765982,-0.00405563,0.04831151,-0.39697942,0.01500301,0.21076574,-0.07297541,-0.32870413,-0.96130356,-1.12740429,0.36490361,0.96123413,1.01536017,-0.39058275,-0.93345186,-0.87404274,0.40500121,0.87875775,0.70752625,-0.40774329,-0.79872864,-0.52061145,0.39872995,0.69567181,0.31868717,-0.02445351,-0.02265085,-0.99944448,0.00951837,-0.01326762,0.00000000,-0.01110589,0.00000000,0.00000000
10201280000000,synthetic_50hz_03,64,0.02,90.41290460,92.74459528,11.47384679,11.19661920,11.04697700,0.90331720,102.30777624,1,1,0,0,1,0.61334879,0.00000000,0.00000000,0.02791221,-0.00724919,-0.10243747,-0.01881495,0.03049949,0.12615939,0.00917525,-0.05287047,-0.14624407,0.00072898,0.07371718,0.16211246,-0.01061220,-0.09243859,-0.17330708,0.02018946,0.10849495,0.17950518,0.03100396,0.12063002,-0.33701492,-0.02083452,0.14289458,-0.12003894,0.01008221,0.07430793,-0.37939402,0.00095278,0.18710896,-0.08525220,-0.01196227,0.03346718,-0.40557521,0.02263879,0.22340983,-0.06843915,-0.35844037,-0.96278317,-1.03879132,0.38620829,0.94035077,0.90294613,-0.40284165,-0.89080762,-0.74106858,0.40786090,0.81558207,0.55782568,-0.40112133,-0.71684292,-0.35850041,0.38281724,0.59743684,0.14883940,-0.02432037,-0.02283749,-0.99944348,0.00914987,-0.01281291,0.00000000,-0.01300602,0.00000000,0.00000000
10201300000000,synthetic_50hz_03,65,0.02,89.77996188,92.15166860,11.29456148,11.04697700,10.91536191,0.91196714,101.72290943,1,1,0,0,1,0.61287839,0.00000000,0.00000000,0.02064415,-0.02596941,-0.12171267,-0.01109367,0.04855510,0.14255186,0.00122336,-0.06974092,-0.15928121,0.00868222,0.08891608,0.17141841,-0.01833749,-0.10552775,-0.17861354,0.02746409,0.11909700,0.18065915,0.02378159,0.10191823,-0.35632669,-0.01316120,0.16093494,-0.10361500,0.00217959,0.05745923,-0.39245691,0.00885643,0.20228004,-0.07592674,-0.01963865,0.02041136,-0.41089455,0.02986615,0.23397369,-0.06727918,-0.38132173,-0.94620880,-0.93111158,0.40017615,0.90193619,0.77412055,-0.40749330,-0.83166034,-0.59481128,0.40306223,0.73740733,0.39835331,-0.38701069,-0.62189453,-0.19041063,0.35980145,0.48845222,-0.02302167,-0.02418681,-0.02301673,-0.99944261,0.00877841,-0.01235568,0.00000000,-0.01510884,0.00000000,0.00000000
10201320000000,synthetic_50hz_03,66,0.02,89.18525174,91.55838523,11.13529766,10.91536191,10.79834124,0.92046313,101.21502017,1,1,0,0,1,0.61234195,0.00000000,0.00000000,0.01302568,-0.04412131,-0.13863757,-0.00320156,0.06562567,0.15621992,-0.00671487,-0.08523800,-0.16929838,0.01643770,0.10239288,0.17749589,-0.02568662,-0.11659573,-0.18057611,0.03419499,0.12743707,0.17845023,0.01620868,0.08377446,-0.37328837,-0.00531695,0.17799055,-0.08991522,-0.00570941,0.04198364,-0.40250010,0.01656232,0.21572926,-0.06982947,-0.02693882,0.00937650,-0.41287029,0.03654970,0.24227577,-0.06948181,-0.39698078,-0.91209843,-0.80665569,0.40661736,0.84692493,0.63155389,-0.40453097,-0.75733419,-0.43824409,0.39078177,0.64590916,0.23229951,-0.36576614,-0.51586226,-0.01965762,0.33020531,0.37094281,-0.19355100,-0.02405229,-0.02318852,-0.99944189,0.00840411,-0.01189603,0.00000000,-0.01745147,0.00000000,0.00000000
10201340000000,synthetic_50hz_03,67,0.02,88.13569450,90.87384709,10.99377596,10.79834124,10.71161905,0.92881507,100.77494782,1,1,0,0,1,0.61173044,0.00000000,0.00000000,0.00520717,-0.06136374,-0.15291636,0.00470797,0.08139587,0.16693479,-0.01448738,-0.09908132,-0.17614041,0.02384911,0.11391020,0.18026783,-0.03252325,-0.12545500,-0.17919803,0.04025974,0.13338288,0.17296188,0.00843561,0.06653986,-0.38760413,0.00254478,0.19374609,-0.07916840,-0.01343274,0.02816152,-0.40936841,0.02392413,0.22721926,-0.06703745,-0.03372643,0.00055011,-0.41150570,0.04256700,0.24818378,-0.07496355,-0.40520579,-0.86133155,-0.66803905,0.40550212,0.77658848,0.47817324,-0.39410763,-0.66945600,-0.27452148,0.37135083,0.54302279,0.06295513,-0.33788782,-0.40093398,0.15042624,0.29468334,0.24728606,-0.35947076,-0.02391620,-0.02335279,-0.99944133,0.00802708,-0.01143405,0.00000000,-0.02007630,0.00000000,0.00000000
10201360000000,synthetic_50hz_03,68,0.02,87.58616862,90.21631139,10.87527006,10.71161905,10.63125541,0.93703394,100.39395455,1,1,0,0,1,0.61103335,0.00000000,0.00000000,-0.00265889,-0.07737945,-0.16431301,0.01248325,0.09558216,0.17453299,-0.02194772,-0.11102919,-0.17972111,0.03077942,0.12327520,0.17972779,-0.03872374,-0.13196712,-0.17455283,0.04555164,0.13685437,0.16434543,0.00061488,0.05053167,-0.39903797,0.01027235,0.20791802,-0.07153801,-0.02084393,0.01623457,-0.41297564,0.03080485,0.23655720,-0.06755713,-0.03987786,-0.00592935,-0.40687426,0.04781136,0.25161768,-0.08357310,-0.40594564,-0.79512958,-0.51814308,0.39696140,0.69250681,0.31709664,-0.37653258,-0.56991874,-0.10690815,0.34524815,0.43089964,-0.10636254,-0.30401006,-0.27945751,0.31656676,0.25400721,0.11995849,-0.51764421,-0.02377783,-0.02350949,-0.99944096,0.00764745,-0.01096983,0.00000000,-0.02303189,0.00000000,0.00000000
10201380000000,synthetic_50hz_03,69,0.02,86.99935839,89.57292079,10.77278391,10.63125541,10.55835808,0.94513078,100.06391642,1,1,0,0,1,0.61023849,0.00000000,0.00000000,-0.01042137,-0.09188236,-0.17265671,0.01997787,0.10793925,0.17892015,-0.02895840,-0.12088419,-0.18002524,0.03710404,0.13034399,0.17594012,-0.04417996,-0.13604591,-0.16678256,0.04998214,0.13782557,0.15281658,-0.00710241,0.03603599,-0.40741907,0.01771934,0.22026103,-0.06711844,-0.02780551,0.00640021,-0.41330657,0.03707986,0.24359919,-0.07132417,-0.04528498,-0.00997572,-0.39911806,0.05219424,0.25255147,-0.09509473,-0.39931114,-0.71502827,-0.36004946,0.38128416,0.59653251,0.15156166,-0.35226458,-0.46083844,0.06129574,0.31308904,0.31185819,-0.27238595,-0.26488700,-0.15388691,0.47562314,0.20904815,-0.00852099,-0.66514790,-0.02363633,-0.02365858,-0.99944080,0.00726534,-0.01050346,0.00000000,-0.02637412,0.00000000,0.00000000
10201400000000,synthetic_50hz_03,70,0.02,86.60308403,88.97895344,10.68272506,10.55835808,10.48504876,0.95311622,99.77742056,1,1,0,0,1,0.60933169,0.00000000,0.00000000,-0.01793408,-0.10462425,-0.17784592,0.02705408,0.11826584,0.18007321,-0.03539410,-0.12849778,-0.17710891,0.04271369,0.13502506,0.16903847,-0.04880183,-0.13765951,-0.15609457,0.05348298,0.13632517,0.13865040,-0.01457006,0.02330101,-0.41264588,0.02474802,0.23057385,-0.06593273,-0.03419215,-0.00119301,-0.41041729,0.04263992,0.24825372,-0.07820490,-0.04985770,-0.01155712,-0.38844443,0.05564737,0.25101388,-0.10925340,-0.38557286,-0.62284239,-0.19696826,0.35891091,0.49074799,-0.01515023,-0.32190139,-0.34450510,0.22683195,0.27561130,0.18832997,-0.43197399,-0.22137521,-0.02672520,0.62466201,0.16075677,-0.13565007,-0.79934075,-0.02349074,-0.02380001,-0.99944087,0.00688088,-0.01003503,0.00000000,-0.03016732,0.00000000,0.00000000
10201420000000,synthetic_50hz_03,71,0.02,86.07930741,88.39902423,10.59970102,10.48504876,10.41704708,0.96099984,99.52779329,1,1,0,0,1,0.60829651,0.00000000,0.00000000,-0.02505927,-0.11540081,-0.17985089,0.03358616,0.12640960,0.17804113,-0.04114474,-0.13377395,-0.17109836,0.04751711,0.13728153,0.15922275,-0.05251953,-0.13683122,-0.14275666,0.05600779,0.13243600,0.12217484,-0.02165031,0.01253107,-0.41468864,0.03123264,0.23870412,-0.06793193,-0.03989378,-0.00644909,-0.40443405,0.04739374,0.25048390,-0.08799943,-0.05352622,-0.01069687,-0.37512118,0.05812439,0.24708772,-0.12572113,-0.36515515,-0.52062316,-0.03216143,0.33042368,0.37741627,-0.17979224,-0.28616595,-0.22332829,0.38656242,0.23365792,0.06280165,-0.58218782,-0.17441342,0.09953558,0.76102848,0.11014051,-0.25900316,-0.91792834,-0.02333992,-0.02393373,-0.99944121,0.00649419,-0.00956464,0.00000000,-0.03448568,0.00000000,0.00000000
10201440000000,synthetic_50hz_03,72,0.02,85.44772412,87.80876421,10.52298636,10.41704708,10.35815640,0.96879030,99.30908071,1,1,0,0,1,0.60711389,0.00000000,0.00000000,-0.03167101,-0.12405676,-0.17871463,0.03946347,0.13227098,0.17294388,-0.04611819,-0.13667176,-0.16218708,0.05144330,0.13713223,0.14675436,-0.05528527,-0.13363911,-0.12709064,0.05753335,0.12629312,0.10376283,-0.02821724,0.00388142,-0.41359036,0.03706260,0.24455231,-0.07299607,-0.04481826,-0.00932710,-0.39555034,0.05127034,0.25030858,-0.10044634,-0.05624274,-0.00747305,-0.35947010,0.05960208,0.24090806,-0.14412502,-0.33862645,-0.41060893,0.13113725,0.29653240,0.25892619,-0.33923227,-0.24588918,-0.09977848,0.53754708,0.18815686,-0.06224589,-0.72036415,-0.12499990,0.22247568,0.88241278,0.05823912,-0.37629139,-1.01902105,-0.02318255,-0.02405969,-0.99944185,0.00610540,-0.00909237,0.00000000,-0.03941473,0.00000000,0.00000000
10201460000000,synthetic_50hz_03,73,0.02,85.52869518,87.35275040,10.45375778,10.35815640,10.28025835,0.97649565,99.11599880,1,1,0,0,1,0.60576176,0.00000000,0.00000000,-0.03765845,-0.13049004,-0.17455212,0.04459339,0.13580600,0.16496974,-0.05024268,-0.13720661,-0.15063121,0.05444345,0.13465149,0.13194991,-0.05707459,-0.12821430,-0.10946443,0.05806024,0.11808064,0.08382305,-0.03416001,-0.00254586,-0.40946604,0.04214525,0.24807445,-0.08093687,-0.04889384,-0.00984243,-0.38402229,0.05422090,0.24780208,-0.11522904,-0.05798279,-0.00201676,-0.34185914,0.06008102,0.23265900,-0.16405638,-0.30668587,-0.29516988,0.28980391,0.25805774,0.13773293,-0.49053271,-0.20198968,0.02367492,0.67711923,0.14009817,-0.18440021,-0.84418408,-0.07416756,0.33980916,0.98691071,0.00609867,-0.48542125,-1.10118425,-0.02301710,-0.02417786,-0.99944282,0.00571462,-0.00861831,0.00000000,-0.04505308,0.00000000,0.00000000
10201480000000,synthetic_50hz_03,74,0.02,85.28697816,86.93959595,10.38088802,10.28025835,10.20024574,0.98412203,98.94386568,1,1,0,0,1,0.60421459,0.00000000,0.00000000,-0.04292881,-0.13465471,-0.16754782,0.04890377,0.13702773,0.15437083,-0.05346881,-0.13545017,-0.13674326,0.05649232,0.12996753,0.11517332,-0.05788712,-0.12073785,-0.09028288,0.05761302,0.10802725,0.06278954,-0.03938583,-0.00670484,-0.40250012,0.04640845,0.24928359,-0.09150221,-0.05207110,-0.00806676,-0.37016242,0.05622019,0.24309262,-0.13198361,-0.05874603,0.00549093,-0.32269312,0.05958577,0.22256925,-0.18508115,-0.27014605,-0.17674758,0.44090643,0.21591074,0.01629491,-0.63102804,-0.15545063,0.14462755,0.80295683,0.09050880,-0.30138033,-0.95173600,-0.02295756,0.44944417,1.07307617,-0.04525556,-0.58455033,-1.16347906,-0.02284180,-0.02428820,-0.99944417,0.00532200,-0.00814257,0.00000000,-0.05151417,0.00000000,0.00000000
10201500000000,synthetic_50hz_03,75,0.02,85.05533528,86.56274382,10.30501826,10.20024574,10.11907244,0.99167410,98.78852518,1,1,0,0,1,0.60244289,0.00000000,0.00000000,-0.04740993,-0.13656268,-0.15795123,0.05234503,0.13600637,0.14145688,-0.05577101,-0.13152893,-0.12088425,0.05758907,0.12325945,0.09682648,-0.05774682,-0.11143635,-0.06997716,0.05623970,0.09640048,0.04111036,-0.04382255,-0.00860741,-0.39294211,0.04980264,0.24824993,-0.10438238,-0.05432449,-0.00412657,-0.35433174,0.05726738,0.23635932,-0.15030814,-0.05855640,0.01482345,-0.30240322,0.05816434,0.21090631,-0.20675129,-0.22991266,-0.05779076,0.58178425,0.17106944,-0.10299163,-0.75839840,-0.10729420,0.26080472,0.91314756,0.04042562,-0.41109869,-1.04157026,0.02760844,0.54954050,1.13996400,-0.09484654,-0.67213879,-1.20549205,-0.02265460,-0.02439066,-0.99944593,0.00492765,-0.00766523,0.00000000,-0.05892831,0.00000000,0.00000000
10201520000000,synthetic_50hz_03,76,0.02,84.45910962,86.14201698,10.22692102,10.11907244,10.05186081,0.99915539,98.64626811,1,1,0,0,1,0.60041269,0.00000000,0.00000000,-0.05105251,-0.13628389,-0.14607073,0.05489178,0.13286788,0.12658729,-0.05714850,-0.12562123,-0.10345429,0.05775759,0.11475287,0.07733865,-0.05670151,-0.10057612,-0.04899330,0.05401070,0.08349972,0.01923545,-0.04742086,-0.00832353,-0.38110038,0.05230241,0.24509944,-0.11921794,-0.05565322,0.00179980,-0.33693036,0.05738635,0.22782777,-0.16977340,-0.05746173,0.02571443,-0.28143548,0.05588716,0.19796961,-0.22861687,-0.18696067,0.05931149,0.71012405,0.12455287,-0.21785870,-0.87073666,-0.05855414,0.37012494,1.00624552,-0.00913272,-0.51172030,-1.11274386,0.07655628,0.63856253,1.18716128,-0.14177270,-0.74699470,-1.22735228,-0.02245313,-0.02448523,-0.99944816,0.00453171,-0.00718639,0.00000000,-0.06744461,0.00000000,0.00000000
10201540000000,synthetic_50hz_03,77,0.02,83.83123993,85.67986157,10.15339573,10.05186081,9.99821857,1.00656937,98.51375504,1,1,0,0,1,0.59808495,0.00000000,0.00000000,-0.05383169,-0.13394500,-0.13226557,0.05654371,0.12779108,0.11016169,-0.05762555,-0.11795289,-0.08488179,0.05704602,0.10471405,0.05715471,-0.05482183,-0.08845627,-0.02777983,0.05101710,0.06964825,-0.00239596,-0.05015592,-0.00597987,-0.36733418,0.05390746,0.24001095,-0.13560931,-0.05608159,0.00948653,-0.31838669,0.05662524,0.21776426,-0.18993450,-0.05553266,0.03786481,-0.26023841,0.05284531,0.18408240,-0.25023864,-0.14230793,0.17229727,0.82402855,0.07739308,-0.32623154,-0.96660677,-0.01024696,0.47076041,1.08131727,-0.05719459,-0.60171704,-1.16485289,0.12298719,0.71532588,1.21480525,-0.18523401,-0.80831155,-1.22973421,-0.02223467,-0.02457187,-0.99945092,0.00413429,-0.00670615,0.00000000,-0.07723310,0.00000000,0.00000000
10201560000000,synthetic_50hz_03,78,0.02,83.29204500,85.20229826,10.08822132,9.99821857,9.95346028,1.01391995,98.38794344,1,1,0,0,1,0.59541495,0.00000000,0.00000000,-0.05574807,-0.12972648,-0.11693626,0.05732597,0.12100316,0.09260890,-0.05725113,-0.10879126,-0.06561158,0.05552572,0.09344285,0.03672265,-0.05219948,-0.07540044,-0.00677499,0.04736830,0.05518421,-0.02336799,-0.05202832,-0.00175688,-0.35204402,0.05464294,0.23321162,-0.15312764,-0.05565853,0.01866626,-0.29914556,0.05505542,0.20646862,-0.21034343,-0.05286089,0.05095092,-0.23925027,0.04914818,0.16958284,-0.27120074,-0.09698663,0.27909795,0.92207583,0.03060586,-0.42629023,-1.04509052,0.03665730,0.56119237,1.13797477,-0.10286360,-0.67991507,-1.19805067,0.16610430,0.77903550,1.22358621,-0.22455614,-0.85569598,-1.21384519,-0.02199610,-0.02465055,-0.99945426,0.00373554,-0.00622458,0.00000000,-0.08848653,0.00000000,0.00000000
10201580000000,synthetic_50hz_03,79,0.02,83.19395255,84.80062911,10.03162169,9.95346028,9.90068080,1.02121141,98.26602048,1,1,0,0,1,0.59235167,0.00000000,0.00000000,-0.05682801,-0.12385797,-0.10051336,0.05728870,0.11277365,0.07437493,-0.05609773,-0.09843801,-0.04609223,0.05328944,0.08126436,0.01648067,-0.04894479,-0.06174782,0.01360604,0.04318903,0.04045106,-0.04330048,-0.05306442,0.00411580,-0.33566046,0.05455900,0.22497102,-0.17132693,-0.05445655,0.02903731,-0.27965554,0.05276963,0.19426596,-0.23056202,-0.04955675,0.06463358,-0.21888623,0.04492053,0.15481439,-0.29112298,-0.05201348,0.37790048,1.00336591,-0.01483903,-0.51652539,-1.10581998,0.08126373,0.64025863,1.17639275,-0.14534556,-0.74553292,-1.21304956,0.20523701,0.82931314,1.21473360,-0.25921138,-0.88918389,-1.18139629,-0.02173387,-0.02472124,-0.99945825,0.00333558,-0.00574180,0.00000000,-0.10142198,0.00000000,0.00000000
10201600000000,synthetic_50hz_03,80,0.02,82.87369856,84.41524300,9.97662651,9.90068080,9.85181924,1.02844746,98.14534266,1,1,0,0,1,0.58883725,0.00000000,0.00000000,-0.05712305,-0.11661202,-0.08344529,0.05650581,0.10340696,0.05591007,-0.05425948,-0.08722063,-0.02676294,0.05044882,0.06851969,-0.00315578,-0.04518370,-0.04784329,0.03298351,0.03861592,0.02578755,-0.06186032,-0.05331576,0.01136561,-0.31863191,0.05372953,0.21559353,-0.18975688,-0.05256978,0.04027222,-0.26035583,0.04987953,0.18149739,-0.25017481,-0.04574620,0.07856790,-0.19952603,0.04029895,0.14011579,-0.30967229,-0.00835969,0.46720274,1.06755142,-0.05804668,-0.59578506,-1.14899274,0.12277954,0.70719063,1.19730806,-0.18397261,-0.79820756,-1.21110443,0.23986166,0.86621179,1.18998410,-0.28883539,-0.90924273,-1.13455597,-0.02144393,-0.02478392,-0.99946295,0.00293453,-0.00525789,0.00000000,-0.11628184,0.00000000,0.00000000
10201620000000,synthetic_50hz_03,81,0.02,82.90771851,84.11373811,9.92420746,9.85181924,9.79478282,1.03563148,98.02338303,1,1,0,0,1,0.58480641,0.00000000,0.00000000,-0.05670852,-0.10829631,-0.06618518,0.05507288,0.09323359,0.03765577,-0.05184947,-0.07548291,-0.00804071,0.04713121,0.05555602,-0.02180616,-0.04105413,-0.03402742,0.05102435,0.03379345,0.01151780,-0.07877148,-0.05285768,0.01968487,-0.30141152,0.05225014,0.20540966,-0.20797607,-0.05011132,0.05202717,-0.24166343,0.04651245,0.16851010,-0.26880125,-0.04156715,0.09241331,-0.18150276,0.03542796,0.12581117,-0.32657260,0.03307803,0.54585875,1.11484890,-0.09822381,-0.66330962,-1.17536701,0.16053775,0.76163697,1.20199875,-0.21822332,-0.83800596,-1.19397630,0.26961740,0.89021485,1.15153096,-0.31323829,-0.91675844,-1.07588644,-0.02112172,-0.02483858,-0.99946846,0.00253254,-0.00477295,0.00000000,-0.13333385,0.00000000,0.00000000
10201640000000,synthetic_50hz_03,82,0.02,82.41975611,83.77494171,9.86984911,9.79478282,9.75341829,1.04276597,97.89768672,1,1,0,0,1,0.58018614,0.00000000,0.00000000,-0.05568123,-0.09924447,-0.04917773,0.05310431,0.08260037,0.02003177,-0.04899636,-0.06357487,0.00969172,0.04347583,0.04271648,-0.03913579,-0.03670187,-0.02062655,0.06745155,0.02886978,-0.00205805,-0.09382266,-0.05178699,0.02873997,-0.28444396,0.05023521,0.19476624,-0.22556473,-0.04720984,0.06395216,-0.22396107,0.04280764,0.15564721,-0.28610668,-0.03716538,0.10584348,-0.16509340,0.03045571,0.11220067,-0.34161265,0.07150372,0.61311007,1.14602747,-0.13470171,-0.71875121,-1.18623412,0.19401619,0.80367042,1.19224108,-0.24773709,-0.86541943,-1.16387517,0.29431561,0.90221800,1.10195421,-0.33240888,-0.91300521,-1.00826339,-0.02076214,-0.02488519,-0.99947483,0.00212972,-0.00428708,0.00000000,-0.15286974,0.00000000,0.00000000
10201660000000,synthetic_50hz_03,83,0.02,82.15858329,83.45167002,9.82094816,9.75341829,9.71847762,1.04985369,97.76583607,1,1,0,0,1,0.57489553,0.00000000,0.00000000,-0.05415617,-0.08980581,-0.03284638,0.05072953,0.07186000,0.00342441,-0.04584033,-0.05184244,0.02609627,0.03962953,0.03033023,-0.05486460,-0.03227620,-0.00794358,0.08205115,0.02399232,-0.01467208,-0.10687212,-0.05021868,0.03818156,-0.26815268,0.04781419,0.18401598,-0.24213654,-0.04400549,0.07570125,-0.20758682,0.03891192,0.14323787,-0.30181102,-0.03269018,0.11855549,-0.15051194,0.02552961,0.09955221,-0.35465067,0.10624398,0.66859945,1.16237200,-0.16695359,-0.76217434,-1.18336615,0.22284985,0.83377539,1.17024329,-0.27232124,-0.88133831,-1.12338178,0.31394148,0.90349183,1.04413265,-0.34651065,-0.89959727,-0.93478068,-0.02035953,-0.02492373,-0.99948214,0.00172622,-0.00380036,0.00000000,-0.17520188,0.00000000,0.00000000
10201680000000,synthetic_50hz_03,84,0.02,82.22889903,83.20711582,9.77791054,9.71847762,9.67853885,1.05689764,97.62542660,1,1,0,0,1,0.56884597,0.00000000,0.00000000,-0.05226237,-0.08033446,-0.01758186,0.04808860,0.06136049,-0.01182325,-0.04252840,-0.04061747,0.04088749,0.03574210,0.01870343,-0.06877293,-0.02792533,0.00374984,0.09467561,0.01930346,-0.02609500,-0.11784875,-0.04828178,0.04765554,-0.25292842,0.04512712,0.17350687,-0.25734843,-0.04064532,0.08694258,-0.19282616,0.03497510,0.13158826,-0.31569461,-0.02828977,0.13027771,-0.13790591,0.02079204,0.08809508,-0.36561555,0.13676348,0.71236340,1.16561859,-0.19460455,-0.79403464,-1.16893778,0.24683509,0.85281349,1.13855596,-0.29194925,-0.88700533,-1.07534904,0.32864638,0.89562439,0.98113930,-0.35586848,-0.87842219,-0.85864286,-0.01990770,-0.02495421,-0.99949048,0.00132216,-0.00331290,0.00000000,-0.20065717,0.00000000,0.00000000
10201700000000,synthetic_50hz_03,85,0.02,82.38049593,83.04179185,9.73617443,9.67853885,9.63366504,1.06390044,97.47405589,1,1,0,0,1,0.56194181,0.00000000,0.00000000,-0.05013787,-0.07117815,-0.00373286,0.04532709,0.05143491,-0.02541855,-0.03920951,-0.03020878,0.05383714,0.03196150,0.00811171,-0.08070358,-0.02379203,0.01421922,0.10524329,0.01493662,-0.03614020,-0.12674879,-0.04611433,0.05681417,-0.23911986,0.04231960,0.16357200,-0.27090776,-0.03727826,0.09736735,-0.17990731,0.03114515,0.12097401,-0.32760026,-0.02410691,0.14077564,-0.12735693,0.01637643,0.07801589,-0.37450356,0.16267226,0.74480053,1.15786133,-0.21743246,-0.81513331,-1.14542208,0.26592398,0.86196541,1.09995977,-0.30674878,-0.88394664,-1.02278512,0.33872988,0.88044328,0.91612309,-0.36094523,-0.85155633,-0.78304880,-0.01939995,-0.02497660,-0.99949990,0.00091766,-0.00282480,0.00000000,-0.22956732,0.00000000,0.00000000
10201720000000,synthetic_50hz_03,86,0.02,82.02277702,82.83798888,9.69312049,9.63366504,9.60569808,1.07086407,97.30932779,1,1,0,0,1,0.55408172,0.00000000,0.00000000,-0.04792404,-0.06266742,0.00840058,0.04259060,0.04239210,-0.03712288,-0.03602925,-0.02089459,0.06477491,0.02842917,-0.00120532,-0.09055946,-0.02000945,0.02327049,0.11373313,0.01101286,-0.04466475,-0.13362782,-0.04385771,0.06532692,-0.22702703,0.03953720,0.15452019,-0.28257591,-0.03404991,0.10669733,-0.16900057,0.02756349,0.11163471,-0.33743087,-0.02027477,0.14985520,-0.11888608,0.01240386,0.06945759,-0.38137026,0.18372355,0.76661417,1.14143112,-0.23535850,-0.82654638,-1.11546183,0.28020795,0.86264888,1.05733325,-0.31697888,-0.87388081,-0.96872126,0.34461115,0.85991835,0.85218058,-0.36230813,-0.82116404,-0.71107114,-0.01882921,-0.02499090,-0.99951045,0.00051287,-0.00233613,0.00000000,-0.26225471,0.00000000,0.00000000
10201740000000,synthetic_50hz_03,87,0.02,82.30321969,82.73103504,9.65640308,9.60569808,9.56746935,1.07779095,97.12887457,1,1,0,0,1,0.54516083,0.00000000,0.00000000,-0.04575924,-0.05510544,0.01857018,0.04001883,0.03450864,-0.04675135,-0.03312465,-0.01291693,0.07358466,0.02527548,-0.00904717,-0.09829649,-0.01669760,0.03075044,0.12017439,0.00763832,-0.05156717,-0.13858760,-0.04165027,0.07289062,-0.21689821,0.03691964,0.14662804,-0.29216798,-0.03109729,0.11469047,-0.16022210,0.02436051,0.10377087,-0.34514238,-0.01691334,0.15736320,-0.11246410,0.00898045,0.06252163,-0.38631740,0.19980139,0.77872940,1.11874906,-0.24842707,-0.82952963,-1.08171974,0.28989047,0.85641412,1.01350393,-0.32299620,-0.85860781,-0.91606833,0.34678980,0.83604742,0.79222206,-0.36058529,-0.78938340,-0.64553565,-0.01818812,-0.02499711,-0.99952216,0.00010792,-0.00184701,0.00000000,-0.29901270,0.00000000,0.00000000
10201760000000,synthetic_50hz_03,88,0.02,82.07924692,82.60067742,9.61905091,9.56746935,9.53927027,1.08468299,96.93040001,1,1,0,0,1,0.53507385,0.00000000,0.00000000,-0.04377218,-0.04875886,0.02657921,0.03773962,0.02802246,-0.05416864,-0.03061901,-0.00647816,0.08019636,0.02261564,-0.01525291,-0.10391199,-0.01396025,0.03654423,0.12463179,0.00490238,-0.05678197,-0.14175839,-0.03962073,0.07923860,-0.20893015,0.03459477,0.14013347,-0.29954866,-0.02854370,0.12114445,-0.15364192,0.02165141,0.09754342,-0.35073208,-0.01412640,0.16318478,-0.10802626,0.00619558,0.05727352,-0.38947526,0.21089876,0.78218807,1.09215982,-0.25677585,-0.82540272,-1.04671271,0.29524998,0.84482061,0.97108838,-0.32521191,-0.83988194,-0.86746711,0.34579782,0.81072907,0.73883637,-0.35641423,-0.75820251,-0.58890463,-0.01746933,-0.02499522,-0.99953502,-0.00029707,-0.00135753,0.00000000,-0.34007993,0.00000000,0.00000000
10201780000000,synthetic_50hz_03,89,0.02,82.12172413,82.50488676,9.58554304,9.53927027,9.50642992,1.09154224,96.71174549,1,1,0,0,1,0.52371943,0.00000000,0.00000000,-0.04207492,-0.04384953,0.03227935,0.03586289,0.02312771,-0.05928155,-0.02861691,-0.00173910,0.08457464,0.02054590,-0.01969965,-0.10742940,-0.01188253,0.04057044,0.12718692,0.00287659,-0.06027158,-0.14327759,-0.03788115,0.08414903,-0.20327114,0.03267249,0.13523064,-0.30462476,-0.02649374,0.12589842,-0.14929540,0.01953245,0.09307525,-0.35422343,-0.01199910,0.16723852,-0.10549096,0.00412083,0.05375084,-0.39098123,0.21708848,0.77802842,1.06375327,-0.26059871,-0.81541971,-1.01263770,0.29659576,0.82930207,0.93232732,-0.32404181,-0.81927526,-0.82513750,0.34214558,0.78562836,0.69415858,-0.35038514,-0.72933143,-0.54316675,-0.01666574,-0.02498523,-0.99954898,-0.00070197,-0.00086778,0.00000000,-0.38560815,0.00000000,0.00000000
10201800000000,synthetic_50hz_03,90,0.02,81.52824796,82.30955900,9.55231553,9.50642992,9.48990045,1.09837042,96.47098058,1,1,0,0,1,0.51100568,0.00000000,0.00000000,-0.04075583,-0.04054678,0.03556625,0.03447453,0.01997037,-0.06203011,-0.02719930,0.00118180,0.08670562,0.01913991,-0.02229989,-0.10888136,-0.01052871,0.04277507,0.12791800,0.00161396,-0.06201703,-0.14326670,-0.03651991,0.08745257,-0.20002554,0.03123871,0.13206552,-0.30733630,-0.02502836,0.12883393,-0.14719641,0.01807729,0.09045385,-0.35564907,-0.01059568,0.16947042,-0.10478001,0.00280918,0.05197254,-0.39095682,0.21849134,0.76716102,1.03518634,-0.26010605,-0.80063691,-0.98119957,0.29422177,0.81103006,0.89892436,-0.31985495,-0.79804084,-0.79073274,0.33626655,0.76204372,0.65974393,-0.34298344,-0.70407654,-0.50973440,-0.01577091,-0.02496715,-0.99956394,-0.00110664,-0.00037786,0.00000000,-0.43562402,0.00000000,0.00000000
10201820000000,synthetic_50hz_03,91,0.02,81.80836347,82.20931989,9.52610120,9.48990045,9.44775911,1.10516982,96.20651701,1,1,0,0,1,0.49685696,0.00000000,0.00000000,-0.03987265,-0.03895929,0.03637599,0.03363039,0.01864339,-0.06237968,-0.02641855,0.00221000,0.08658494,0.01844506,-0.02299968,-0.10829391,-0.00993978,0.04312627,0.12688072,0.00114794,-0.06200950,-0.14180950,-0.03559473,0.08904054,-0.19925728,0.03034927,0.13073107,-0.30764866,-0.02419991,0.12987645,-0.14734930,0.01733329,0.08973318,-0.35503505,-0.00995715,0.16984864,-0.10583769,0.00229409,0.05194744,-0.38948580,0.21524790,0.75025716,1.00752135,-0.25548954,-0.78179363,-0.95345432,0.28836530,0.79079063,0.87189876,-0.31292735,-0.77698877,-0.76520596,0.32846756,0.74078595,0.63645190,-0.33453790,-0.68322594,-0.48934865,-0.01477955,-0.02494098,-0.99957974,-0.00151094,0.00011213,0.00000000,-0.48998649,0.00000000,0.00000000
10201840000000,synthetic_50hz_03,92,0.02,81.47565362,82.06258664,9.49319752,9.44775911,9.40214553,1.11194146,95.91724203,1,1,0,0,1,0.48122160,0.00000000,0.00000000,-0.03944591,-0.03912595,0.03468540,0.03335039,0.01918012,-0.06031750,-0.02629335,0.00131869,0.08421062,0.01847827,-0.02177948,-0.10567590,-0.01013045,0.04161236,0.12409450,0.00149056,-0.06024553,-0.13893540,-0.03512616,0.08887405,-0.20098951,0.03002410,0.13126063,-0.30554905,-0.02402710,0.12899917,-0.14975608,0.01731740,0.09093279,-0.35239020,-0.01009821,0.16836149,-0.10864459,0.00258760,0.05367903,-0.38659759,0.20750188,0.72767033,0.98110219,-0.24689959,-0.75922585,-0.92968616,0.27917906,0.76889254,0.85146685,-0.30340968,-0.75639170,-0.74869935,0.31889285,0.72208374,0.62434650,-0.32518220,-0.66695776,-0.48199345,-0.01368804,-0.02490673,-0.99959612,-0.00191476,0.00060210,0.00000000,-0.54834277,0.00000000,0.00000000
10201860000000,synthetic_50hz_03,93,0.02,81.45705671,81.94148065,9.45495568,9.40214553,9.33538168,1.11868554,95.60266307,1,1,0,0,1,0.46408027,0.00000000,0.00000000,-0.03945357,-0.04100509,0.03051918,0.03361315,0.02154485,-0.05585708,-0.02680365,-0.00146346,0.07958459,0.01922138,-0.01866013,-0.10101765,-0.01108496,0.03824573,0.11953832,0.00262895,-0.05672869,-0.13461264,-0.03509215,0.08699477,-0.20519755,0.03024181,0.13361849,-0.30105100,-0.02448987,0.12623075,-0.15441479,0.01801147,0.09403182,-0.34770485,-0.01100312,0.16502136,-0.11322174,0.00367683,0.05716372,-0.38226042,0.19540298,0.69941314,0.95549431,-0.23444415,-0.73283496,-0.90934156,0.26672618,0.74512881,0.83697207,-0.29131838,-0.73594025,-0.74047228,0.30751173,0.70553419,0.62262433,-0.31483937,-0.65478725,-0.48682583,-0.01249503,-0.02486442,-0.99961279,-0.00231796,0.00109195,0.00000000,-0.61008750,0.00000000,0.00000000
10201880000000,synthetic_50hz_03,94,0.02,80.86991471,81.72716746,9.40473460,9.33538168,9.26732334,1.12540068,95.26305079,1,1,0,0,1,0.44545411,0.00000000,0.00000000,-0.03982764,-0.04446298,0.02396542,0.03435213,0.02562088,-0.04905295,-0.02788623,-0.00604013,0.07272626,0.02061636,-0.01371477,-0.09430284,-0.01275211,0.03307426,0.11316062,0.00452022,-0.05148020,-0.12875593,-0.03542473,0.08353645,-0.21179328,0.03093588,0.13768796,-0.29420904,-0.02552502,0.12166751,-0.16130605,0.01935744,0.09895714,-0.34096268,-0.01262068,0.15987613,-0.11962068,0.00551891,0.06238029,-0.37638901,0.17913424,0.66520988,0.92951721,-0.21821536,-0.70213310,-0.89104796,0.25100523,0.71881350,0.82688939,-0.27655850,-0.71477017,-0.73889121,0.29413847,0.69011968,0.62959045,-0.30323828,-0.64557272,-0.50213831,-0.01120198,-0.02481405,-0.99962936,-0.00272041,0.00158159,0.00000000,-0.67433156,0.00000000,0.00000000
10201900000000,synthetic_50hz_03,95,0.02,80.54867721,81.49146941,9.34702187,9.26732334,9.18309494,1.13208482,94.89956349,1,1,0,0,1,0.42541183,0.00000000,0.00000000,-0.04045479,-0.04926432,0.01519844,0.03545468,0.03119810,-0.04002542,-0.02943240,-0.01223243,0.06369846,0.02256156,-0.00708590,-0.08553504,-0.01504027,0.02619995,0.10490560,0.00708536,-0.04455864,-0.12125169,-0.03601055,0.07873436,-0.22060240,0.03199364,0.14325892,-0.28514350,-0.02702384,0.11548835,-0.17036699,0.02125368,0.10556625,-0.33216728,-0.01485925,0.15302780,-0.12789721,0.00803482,0.06927017,-0.36886977,0.15896328,0.62463464,0.90139402,-0.19834482,-0.66637823,-0.87274410,0.23200797,0.68890982,0.81893256,-0.25898223,-0.69157982,-0.74151081,0.27848992,0.67431124,0.64271096,-0.28996860,-0.63760197,-0.52538145,-0.00981371,-0.02475564,-0.99964539,-0.00312198,0.00207092,0.00000000,-0.73988810,0.00000000,0.00000000
10201920000000,synthetic_50hz_03,96,0.02,80.33901657,81.26097884,9.27817256,9.18309494,9.07791455,1.13873486,94.51433271,1,1,0,0,1,0.40407455,0.00000000,0.00000000,-0.04118256,-0.05506965,0.00450388,0.03676613,0.03796491,-0.02899118,-0.03128970,-0.01976562,0.05264264,0.02491119,0.00099647,-0.07477639,-0.01781447,0.01780140,0.09475430,0.01020415,-0.03608605,-0.11200040,-0.03669717,0.07292796,-0.23133925,0.03326044,0.15001978,-0.27407103,-0.02883389,0.10796800,-0.18145619,0.02355440,0.11362915,-0.32138076,-0.01758386,0.14465496,-0.13807031,0.01110434,0.07771132,-0.35960320,0.13530775,0.57732612,0.86902826,-0.17507941,-0.62479502,-0.85193812,0.20980345,0.65425079,0.81028621,-0.23847875,-0.66484421,-0.74527336,0.26027861,0.65626985,0.65877394,-0.27457450,-0.62877493,-0.55328176,-0.00833869,-0.02468921,-0.99966042,-0.00352253,0.00255984,0.00000000,-0.80528328,0.00000000,0.00000000
10201940000000,synthetic_50hz_03,97,0.02,80.25330561,81.05944420,9.19406419,9.07791455,8.94886414,1.14534635,94.11048999,1,1,0,0,1,0.38161740,0.00000000,0.00000000,-0.04183279,-0.06144584,-0.00770317,0.03810071,0.04551118,-0.01629049,-0.03327017,-0.02826442,0.03981449,0.02748044,0.01020278,-0.06219061,-0.02089843,0.00815301,0.08277376,0.01371391,-0.02627375,-0.10097049,-0.03730641,0.06655042,-0.24358876,0.03455051,0.15756041,-0.26133193,-0.03076720,0.09948174,-0.19431794,0.02607480,0.12281627,-0.30876687,-0.02061825,0.13503203,-0.15007292,0.01456481,0.08749241,-0.34855770,0.10879572,0.52324396,0.83038864,-0.14885933,-0.57685206,-0.82608457,0.18463125,0.61382926,0.79796410,-0.21508017,-0.63310947,-0.74683796,0.23932823,0.63413683,0.67418012,-0.25667634,-0.61688174,-0.58208536,-0.00678916,-0.02461479,-0.99967397,-0.00392195,0.00304826,0.00000000,-0.86879814,0.00000000,0.00000000
10201960000000,synthetic_50hz_03,98,0.02,79.90902625,80.82936061,9.09108017,8.94886414,8.80950482,1.15191324,93.69211870,1,1,0,0,1,0.35826685,0.00000000,0.00000000,-0.04222226,-0.06789479,-0.02087846,0.03926022,0.05334875,-0.00239914,-0.03516629,-0.03726465,0.02560758,0.03005850,0.02010619,-0.04807773,-0.02408411,-0.00236805,0.06916179,0.01741536,-0.01543835,-0.08825187,-0.03765507,0.06009980,-0.25680666,0.03566563,0.16539263,-0.24740198,-0.03261626,0.09049376,-0.20855868,0.02860406,0.13270077,-0.29462562,-0.02375437,0.12453615,-0.16370724,0.01821692,0.09829684,-0.33582321,0.08029591,0.46290569,0.78394396,-0.12037192,-0.52253762,-0.79303275,0.15697755,0.56710454,0.77925804,-0.18905745,-0.59532158,-0.74301695,0.21568673,0.60637522,0.68535434,-0.23609766,-0.59994678,-0.60793265,-0.00518099,-0.02453239,-0.99968562,-0.00432009,0.00353609,0.00000000,-0.92854402,0.00000000,0.00000000
10201980000000,synthetic_50hz_03,99,0.02,79.79055805,80.62160009,8.97281852,8.80950482,8.65352787,1.15842867,93.26412302,1,1,0,0,1,0.33429342,0.00000000,0.00000000,-0.04218830,-0.07390152,-0.03437653,0.04005868,0.06095240,0.01208657,-0.03677416,-0.04624599,0.01055185,0.03242942,0.03020629,-0.03288605,-0.02714973,-0.01329573,0.05427214,0.02108730,-0.00399816,-0.07409353,-0.03758047,0.05409108,-0.27034751,0.03641986,0.17299125,-0.23287746,-0.03417717,0.08152436,-0.22364846,0.03092624,0.14278225,-0.27940532,-0.02677044,0.11363340,-0.17861951,0.02183949,0.10970631,-0.32164870,0.05089492,0.39753055,0.72905417,-0.09055524,-0.46255848,-0.75145915,0.12760482,0.51425064,0.75219921,-0.16097549,-0.55111670,-0.73125301,0.18970516,0.57209382,0.68922445,-0.21296555,-0.57657720,-0.62732523,-0.00353310,-0.02444205,-0.99969501,-0.00471683,0.00402322,0.00000000,-0.98256944,0.00000000,0.00000000
10202000000000,synthetic_50hz_03,100,0.02,79.38634022,80.37454812,8.83871645,8.65352787,8.49640970,1.16488500,92.83201794,1,1,0,0,1,0.31000000,0.00000000,0.00000000,-0.04161449,-0.07899572,-0.04750852,0.04034909,0.06781786,0.02649673,-0.03792041,-0.05468479,-0.00472102,0.03439846,0.03997513,-0.01719080,-0.02988479,-0.02411296,0.03860699,0.02450953,0.00755561,-0.05891013,-0.03696621,0.04899460,-0.28352243,0.03666616,0.17985198,-0.21842831,-0.03527655,0.07309722,-0.23895561,0.03284659,0.15253275,-0.26368119,-0.02945596,0.10284082,-0.19430754,0.02521233,0.12122960,-0.30644886,0.02181217,0.32902948,0.66621086,-0.06053634,-0.39839241,-0.70117507,0.09751522,0.45626950,0.71592407,-0.13168269,-0.50099212,-0.71003266,0.16205369,0.53127092,0.68367067,-0.18775260,-0.54623292,-0.63759813,-0.00186670,-0.02434379,-0.99970190,-0.00511205,0.00450956,0.00000000,-1.02898979,0.00000000,0.00000000
10202020000000,synthetic_50hz_03,101,0.02,78.70611462,80.04086142,8.69494761,8.49640970,8.35105368,1.17127476,92.40165729,1,1,0,0,1,0.28570658,0.00000000,0.00000000,-0.04045008,-0.08281405,-0.05962127,0.04004566,0.07352564,0.04016111,-0.03848671,-0.06211745,-0.01954309,0.03581816,0.04891839,-0.00163836,-0.03211697,-0.03430898,0.02277259,0.02748982,0.01871044,-0.04325027,-0.03576152,0.04517368,-0.29567826,0.03631877,0.18555533,-0.20472474,-0.03579608,0.06567591,-0.25381218,0.03421766,0.16145796,-0.24809963,-0.03163862,0.09266919,-0.21016511,0.02814320,0.13235418,-0.29077225,-0.00573528,0.25982205,0.59704713,-0.03151022,-0.33216065,-0.64321659,0.06784726,0.39492291,0.67084182,-0.10222824,-0.44629936,-0.67912637,0.13366192,0.48480879,0.66783138,-0.16124208,-0.50934096,-0.63728251,-0.00020418,-0.02423764,-0.99970620,-0.00550561,0.00499502,0.00000000,-1.06612607,0.00000000,0.00000000
10202040000000,synthetic_50hz_03,102,0.02,78.17833828,79.66835679,8.55051216,8.35105368,8.21219203,1.17759172,91.97892784,1,1,0,0,1,0.26173315,0.00000000,0.00000000,-0.03871763,-0.08514771,-0.07017943,0.03913581,0.07779504,0.05249276,-0.03842570,-0.06819950,-0.03329269,0.03660775,0.05663774,0.01313279,-0.03373439,-0.04344309,0.00740575,0.02988844,0.02899596,-0.02773077,-0.03398897,0.04283712,-0.30627965,0.03536511,0.18982062,-0.19235373,-0.03568842,0.05960491,-0.26759649,0.03495868,0.16915955,-0.23329911,-0.03320653,0.08355921,-0.22555539,0.03049237,0.14260970,-0.27523571,-0.03068579,0.19251852,0.52410158,-0.00458772,-0.26634392,-0.57968137,0.03972895,0.33249050,0.61854867,-0.07372478,-0.38905122,-0.63958293,0.10559510,0.43439541,0.64217771,-0.13442105,-0.46721578,-0.62625821,0.00143206,-0.02412364,-0.99970796,-0.00589738,0.00547949,0.00000000,-1.09263507,0.00000000,0.00000000
10202060000000,synthetic_50hz_03,103,0.02,78.13465009,79.36161545,8.40841771,8.21219203,8.06349972,1.18383109,91.56944441,1,1,0,0,1,0.23838260,0.00000000,0.00000000,-0.03650664,-0.08596206,-0.07882914,0.03767832,0.08051390,0.06305992,-0.03776372,-0.07274449,-0.04547265,0.03676038,0.06287782,0.02657439,-0.03469722,-0.05119835,-0.00690997,0.03163372,0.03804281,-0.01295367,-0.03173806,0.04201956,-0.31497275,0.03386395,0.19253567,-0.18174701,-0.03497989,0.05507067,-0.27981139,0.03506281,0.17538215,-0.21982789,-0.03411988,0.07582780,-0.23989481,0.03218818,0.15162681,-0.26044129,-0.05226239,0.12955264,0.45039916,0.01934653,-0.20341801,-0.51335533,0.01412711,0.27141875,0.56151123,-0.04719345,-0.33159437,-0.59347850,0.07889918,0.38220996,0.60833551,-0.10833022,-0.42180626,-0.60565392,0.00302082,-0.02400182,-0.99970735,-0.00628725,0.00596290,0.00000000,-1.10761357,0.00000000,0.00000000
10202080000000,synthetic_50hz_03,104,0.02,77.85294227,79.05988082,8.26355215,8.06349972,7.91966118,1.18998858,91.17828059,1,1,0,0,1,0.21592545,0.00000000,0.00000000,-0.03395505,-0.08538394,-0.08542687,0.03578844,0.08173670,0.07162784,-0.03659004,-0.07573296,-0.05576374,0.03633673,0.06754579,0.03829195,-0.03503581,-0.05741125,-0.01971619,0.03272480,0.04562152,0.00057200,-0.02914674,0.04259416,-0.32161400,0.03193054,0.19375497,-0.17313936,-0.03375976,0.05209265,-0.29013763,0.03459072,0.18003294,-0.20808047,-0.03440902,0.06963848,-0.25272501,0.03322977,0.15917601,-0.24689802,-0.07004462,0.07286545,0.37896814,0.03972831,-0.14550995,-0.44723715,-0.00826662,0.21395933,0.50261210,-0.02343340,-0.27624016,-0.54349650,0.05445783,0.33055685,0.56871165,-0.08391221,-0.37534344,-0.57753058,0.00454318,-0.02387223,-0.99970470,-0.00667507,0.00644514,0.00000000,-1.11066237,0.00000000,0.00000000
10202100000000,synthetic_50hz_03,105,0.02,76.80417840,78.60874033,8.11911794,7.91966118,7.81266590,1.19606073,90.80976354,1,1,0,0,1,0.19458817,0.00000000,0.00000000,-0.03122422,-0.08366217,-0.09002859,0.03361476,0.08165388,0.07816182,-0.03503616,-0.07729146,-0.06404160,0.03544745,0.07070069,0.04807504,-0.03483678,-0.06207160,-0.03072245,0.03322175,0.05165294,0.01248411,-0.02637637,0.04431211,-0.32625940,0.02971348,0.19366895,-0.16656545,-0.03215954,0.05054430,-0.29845086,0.03365307,0.18317094,-0.19826727,-0.03416055,0.06500145,-0.26375551,0.03367721,0.16517818,-0.23496801,-0.08396946,0.02371568,0.31242034,0.05634056,-0.09415943,-0.38408890,-0.02708733,0.16188852,0.44468399,-0.00294683,-0.22495028,-0.49245864,0.03289604,0.28152663,0.52603548,-0.06189684,-0.32998643,-0.54444647,0.00598328,-0.02373491,-0.99970039,-0.00706074,0.00692611,0.00000000,-1.10190270,0.00000000,0.00000000
10202120000000,synthetic_50hz_03,106,0.02,76.06948466,78.10088920,7.99040809,7.81266590,7.72702360,1.20204669,90.46734975,1,1,0,0,1,0.17454589,0.00000000,0.00000000,-0.02847413,-0.08111386,-0.09284696,0.03131421,0.08054309,0.08279590,-0.03325148,-0.07765022,-0.07035779,0.03423010,0.07251866,0.05589124,-0.03422185,-0.06529635,-0.03981331,0.03322697,0.05619152,0.02258755,-0.02358691,0.04685630,-0.32912160,0.02736970,0.19255527,-0.16189127,-0.03032864,0.05019539,-0.30480264,0.03238742,0.18497229,-0.19042072,-0.03349621,0.06179973,-0.27287089,0.03363290,0.16968775,-0.22484639,-0.09427159,-0.01735766,0.25268291,0.06927599,-0.05022597,-0.32611361,-0.04228313,0.11636156,0.39014230,0.01407122,-0.17914240,-0.44292300,0.01454636,0.23675847,0.48293404,-0.04274457,-0.28754869,-0.50902185,0.00732888,-0.02358990,-0.99969487,-0.00744411,0.00740572,0.00000000,-1.08194501,0.00000000,0.00000000
10202140000000,synthetic_50hz_03,107,0.02,75.82936039,77.64658344,7.87978660,7.72702360,7.64337881,1.20794803,90.15358601,1,1,0,0,1,0.15591973,0.00000000,0.00000000,-0.02584400,-0.07807089,-0.09419160,0.02903106,0.07871649,0.08578020,-0.03138113,-0.07709266,-0.07489571,0.03282647,0.07324621,0.06185195,-0.03332540,-0.06728804,-0.04702497,0.03286356,0.05938992,0.03084223,-0.02091761,0.04989483,-0.33051020,0.02504347,0.19072609,-0.15886668,-0.02841217,0.05076249,-0.30937636,0.03093556,0.18568353,-0.18442941,-0.03255039,0.05983081,-0.28010732,0.03321994,0.17285739,-0.21657324,-0.10138813,-0.05044376,0.20090809,0.07885701,-0.01393149,-0.27480261,-0.05405241,0.07790508,0.34077444,0.02768945,-0.13963263,-0.39692158,-0.00052819,0.19733450,0.44162529,-0.02664830,-0.24934714,-0.47359674,0.00857152,-0.02343725,-0.99968858,-0.00782508,0.00788389,0.00000000,-1.05181757,0.00000000,0.00000000
10202160000000,synthetic_50hz_03,108,0.02,74.76157726,77.06958220,7.78049533,7.64337881,7.59631558,1.21376747,89.87014791,1,1,0,0,1,0.13877840,0.00000000,0.00000000,-0.02344119,-0.07483740,-0.09440882,0.02688313,0.07647564,0.08742287,-0.02955000,-0.07590905,-0.07791647,0.03136494,0.07315397,0.06616371,-0.03227561,-0.06828982,-0.05250342,0.03225576,0.06145685,0.03732943,-0.01847582,0.05312358,-0.33077152,0.02285262,0.18848296,-0.15718355,-0.02653505,0.05195535,-0.31243313,0.02942587,0.18557525,-0.18008681,-0.03145124,0.05885152,-0.28561083,0.03256260,0.17489581,-0.21006728,-0.10585662,-0.07609216,0.15753205,0.08554035,0.01500606,-0.23093874,-0.06275791,0.04651268,0.29768736,0.03816613,-0.10669044,-0.35585352,-0.01247400,0.16379226,0.40376025,-0.01357776,-0.21617188,-0.44002639,0.00970638,-0.02327700,-0.99968196,-0.00820351,0.00836051,0.00000000,-1.01286734,0.00000000,0.00000000
10202180000000,synthetic_50hz_03,109,0.02,74.51175715,76.55801719,7.70313983,7.59631558,7.55075014,1.21951000,89.61794014,1,1,0,0,1,0.12314304,0.00000000,0.00000000,-0.02133788,-0.07166322,-0.09383257,0.02495585,0.07408048,0.08803945,-0.02785434,-0.07436196,-0.07970812,0.02994977,0.07249955,0.06907876,-0.03118173,-0.06854695,-0.05645783,0.03151471,0.06261810,0.04220919,-0.01633371,0.05629272,-0.33023952,0.02088258,0.18608583,-0.15652633,-0.02479349,0.05351138,-0.31426099,0.02796261,0.18490510,-0.17714069,-0.03030804,0.05861661,-0.28959054,0.03177197,0.17602882,-0.20516848,-0.10822803,-0.09512496,0.12242483,0.08982956,0.03720220,-0.19470603,-0.06884126,0.02179312,0.26137376,0.04586824,-0.08016013,-0.32050597,-0.02157282,0.13621608,0.37039784,-0.00334456,-0.18834487,-0.40961096,0.01073202,-0.02310921,-0.99967537,-0.00857928,0.00883549,0.00000000,-0.96664745,0.00000000,0.00000000
10202200000000,synthetic_50hz_03,110,0.02,74.10335760,76.06708527,7.63913616,7.55075014,7.51549194,1.22518141,89.39723888,1,1,0,0,1,0.10899432,0.00000000,0.00000000,-0.01957367,-0.06873294,-0.09275200,0.02330262,0.07173357,0.08791658,-0.02635975,-0.07266608,-0.08054649,0.02865691,0.07150360,0.07085421,-0.03012788,-0.06827964,-0.05911917,0.03073025,0.06308714,0.04567969,-0.01453089,0.05921765,-0.32920333,0.01918674,0.18373726,-0.15660838,-0.02325314,0.05521590,-0.31513580,0.02662175,0.18389370,-0.17533392,-0.02920491,0.05890586,-0.29227746,0.03093793,0.17646985,-0.20167866,-0.10900582,-0.10847094,0.09507163,0.09220912,0.05344348,-0.16584817,-0.07275399,0.00312478,0.23184323,0.05120133,-0.05960295,-0.29115414,-0.02817251,0.11436274,0.34207094,0.00433147,-0.16582541,-0.38312568,0.01164979,-0.02293394,-0.99966914,-0.00895227,0.00930874,0.00000000,-0.91480523,0.00000000,0.00000000
10202220000000,synthetic_50hz_03,111,0.02,73.09937959,75.47354414,7.58720559,7.51549194,7.51396842,1.23078796,89.20785691,1,1,0,0,1,0.09628057,0.00000000,0.00000000,-0.01816150,-0.06616689,-0.09139540,0.02194909,0.06957681,0.08729134,-0.02510388,-0.07098080,-0.08067062,0.02753491,0.07033838,0.07172414,-0.02917210,-0.06766807,-0.06070981,0.02996824,0.06304686,0.04794519,-0.01308032,0.06177804,-0.32789126,0.01779076,0.18157915,-0.15719263,-0.02195162,0.05690952,-0.31529657,0.02545182,0.18271333,-0.17443244,-0.02819987,0.05953910,-0.29389394,0.03012633,0.17640182,-0.19939356,-0.10861214,-0.11704332,0.07474118,0.09310366,0.06455895,-0.14382917,-0.07491095,-0.01021333,0.20877050,0.05455853,-0.04442675,-0.26769288,-0.03263316,0.09778599,0.31889755,0.00976696,-0.14832601,-0.36090825,0.01246334,-0.02275123,-0.99966351,-0.00932237,0.00978016,0.00000000,-0.85898168,0.00000000,0.00000000
10202240000000,synthetic_50hz_03,112,0.02,72.34601414,74.84803814,7.55644598,7.51396842,7.53256128,1.23633743,89.04931472,1,1,0,0,1,0.08492615,0.00000000,0.00000000,-0.01709458,-0.06402934,-0.08992712,0.02089924,0.06769649,0.08634382,-0.02410137,-0.06941192,-0.08027119,0.02660864,0.06912617,0.07188430,-0.02834878,-0.06684748,-0.06142495,0.02927161,0.06264154,0.04919470,-0.01197518,0.06390963,-0.32646763,0.01669861,0.17969778,-0.15809899,-0.02090359,0.05848643,-0.31493398,0.02447771,0.18148626,-0.17424049,-0.02732734,0.06038108,-0.29463518,0.02938011,0.17596902,-0.19812417,-0.10737635,-0.12166449,0.06061770,0.09285951,0.07133415,-0.12796802,-0.07566550,-0.01894722,0.19162896,0.05629001,-0.03398598,-0.24976514,-0.03529166,0.08593934,0.30070048,0.01327583,-0.13541503,-0.34296648,0.01317797,-0.02256116,-0.99965865,-0.00968944,0.01024967,0.00000000,-0.80072955,0.00000000,0.00000000
10202260000000,synthetic_50hz_03,113,0.02,71.58768524,74.19596756,7.54641441,7.53256128,7.56991394,1.24183885,88.92100550,1,1,0,0,1,0.07483917,0.00000000,0.00000000,-0.01635282,-0.06233984,-0.08845278,0.02014150,0.06613262,0.08519902,-0.02334949,-0.06801877,-0.07948893,0.02588430,0.06794391,0.07148714,-0.02767285,-0.06591020,-0.06142434,0.02866359,0.06197626,0.04959065,-0.01119541,0.06559286,-0.32503808,0.01589874,0.17813318,-0.15920246,-0.02010630,0.05988731,-0.31418877,0.02370559,0.18028944,-0.17460562,-0.02660224,0.06133947,-0.29466093,0.02872249,0.17527650,-0.19770805,-0.10553853,-0.12303091,0.05189051,0.09174244,0.07446396,-0.11753678,-0.07530138,-0.02375018,0.17979441,0.05668934,-0.02764832,-0.23686849,-0.03644292,0.07824972,0.28711354,0.01514583,-0.12659514,-0.32908096,0.01380013,-0.02236378,-0.99965470,-0.01005337,0.01071716,0.00000000,-0.74145342,0.00000000,0.00000000
10202280000000,synthetic_50hz_03,114,0.02,70.80157845,73.51708974,7.55628421,7.56991394,7.62567142,1.24730211,88.82234684,1,1,0,0,1,0.06591828,0.00000000,0.00000000,-0.01590812,-0.06108477,-0.08702890,0.01965405,0.06488954,0.08393398,-0.02283335,-0.06682351,-0.07841921,0.02535434,0.06683093,0.07064358,-0.02714436,-0.06491158,-0.06083126,0.02815180,0.06112080,0.04926515,-0.01071289,0.06684135,-0.32365912,0.01536933,0.17688966,-0.16042599,-0.01954488,0.06109000,-0.31315631,0.02312796,0.17916218,-0.17541692,-0.02602462,0.06235892,-0.29409447,0.02816111,0.17439407,-0.19801310,-0.10326158,-0.12170645,0.04780578,0.08994525,0.07453512,-0.11182317,-0.07403576,-0.02521490,0.17261665,0.05599178,-0.02483227,-0.22843351,-0.03633353,0.07416352,0.27766452,0.01562778,-0.12135659,-0.31889034,0.01433694,-0.02215915,-0.99965170,-0.01041405,0.01118256,0.00000000,-0.68237166,0.00000000,0.00000000
10202300000000,synthetic_50hz_03,115,0.02,70.36718795,72.88710938,7.58542684,7.62567142,7.68503268,1.25273774,88.75291564,1,1,0,0,1,0.05805819,0.00000000,0.00000000,-0.01572824,-0.06022762,-0.08567374,0.01940902,0.06394584,0.08258722,-0.02253023,-0.06582047,-0.07711967,0.02500188,0.06579747,0.06942872,-0.02675272,-0.06387750,-0.05973612,0.02773227,0.06011590,0.04832129,-0.01049539,0.06769163,-0.32234901,0.01508249,0.17594584,-0.16173109,-0.01919661,0.06210015,-0.31189422,0.02272790,0.17811475,-0.17659928,-0.02558389,0.06341356,-0.29302621,0.02769197,0.17336245,-0.19893623,-0.10064645,-0.11813322,0.04768981,0.08760013,0.07202811,-0.11016443,-0.07202825,-0.02384640,0.16946296,0.05437977,-0.02502282,-0.22387579,-0.03516349,0.07317062,0.27183418,0.01493343,-0.11920888,-0.31195547,0.01479579,-0.02194734,-0.99964969,-0.01077135,0.01164577,0.00000000,-0.62449818,0.00000000,0.00000000
10202320000000,synthetic_50hz_03,116,0.02,69.56698160,72.22308382,7.62726129,7.68503268,7.76336853,1.25815600,88.71256637,1,1,0,0,1,0.05115403,0.00000000,0.00000000,-0.01577936,-0.05971723,-0.08437774,0.01937540,0.06326287,0.08116831,-0.02241285,-0.06498460,-0.07561876,0.02480412,0.06483280,0.06788909,-0.02648028,-0.06281184,-0.05820214,0.02739299,0.05897998,0.04683720,-0.01050909,0.06819483,-0.32109819,0.01500723,0.17526305,-0.16310816,-0.01903420,0.06294285,-0.31043097,0.02248262,0.17713639,-0.17810619,-0.02526239,0.06449949,-0.29151937,0.02730310,0.17220007,-0.20039931,-0.09774760,-0.11265093,0.05095348,0.08479224,0.06732983,-0.11196114,-0.06939227,-0.02006758,0.16974092,0.05199169,-0.02777322,-0.22262698,-0.03309217,0.07481332,0.26909461,0.01323859,-0.11969650,-0.30780411,0.01518402,-0.02172842,-0.99964865,-0.01112516,0.01210669,0.00000000,-0.56864013,0.00000000,0.00000000
10202340000000,synthetic_50hz_03,117,0.02,69.29976595,71.63842025,7.68442633,7.76336853,7.83880860,1.26356721,88.70153456,1,1,0,0,1,0.04510447,0.00000000,0.00000000,-0.01602774,-0.05949411,-0.08311250,0.01952111,0.06279136,0.07966662,-0.02245168,-0.06427830,-0.07392392,0.02473495,0.06391207,0.06604995,-0.02630511,-0.06170323,-0.05627173,0.02711688,0.05771546,0.04487117,-0.01072026,0.06841048,-0.31987825,0.01511147,0.17479203,-0.16456785,-0.01902814,0.06365566,-0.30877398,0.02236604,0.17620228,-0.17991238,-0.02503823,0.06562809,-0.28961635,0.02697739,0.17090935,-0.20234405,-0.09458666,-0.10551872,0.05708585,0.08157241,0.06075065,-0.11667844,-0.06620639,-0.01423110,0.17290714,0.04893161,-0.03269873,-0.22415085,-0.03024611,0.07868584,0.26893218,0.01068860,-0.12240441,-0.30596008,0.01550876,-0.02150246,-0.99964856,-0.01147537,0.01256524,0.00000000,-0.51540777,0.00000000,0.00000000
10202360000000,synthetic_50hz_03,118,0.02,68.95437126,71.10161045,7.74926689,7.83880860,7.91711096,1.26898080,88.72052847,1,1,0,0,1,0.03981386,0.00000000,0.00000000,-0.01644066,-0.05949496,-0.08183811,0.01981426,0.06247653,0.07805857,-0.02261659,-0.06365686,-0.07202857,0.02476688,0.06300194,0.06392196,-0.02620313,-0.06053065,-0.05397244,0.02688394,0.05631423,0.04246687,-0.01109617,0.06840183,-0.31864929,0.01536332,0.17447800,-0.16613373,-0.01914829,0.06428330,-0.30691669,0.02235064,0.17527906,-0.18200718,-0.02488731,0.06682038,-0.28734471,0.02669486,0.16948218,-0.20472679,-0.09116382,-0.09693600,0.06564287,0.07796810,0.05254197,-0.12384055,-0.06252452,-0.00663313,0.17846785,0.04527833,-0.03946694,-0.22794984,-0.02672675,0.08442917,0.27085992,0.00740462,-0.12695726,-0.30596099,0.01577673,-0.02126954,-0.99964935,-0.01182185,0.01302133,0.00000000,-0.46523231,0.00000000,0.00000000
10202380000000,synthetic_50hz_03,119,0.02,68.41921037,70.56513043,7.81976140,7.91711096,8.00719479,1.27440524,88.77081208,1,1,0,0,1,0.03519359,0.00000000,0.00000000,-0.01698688,-0.05965595,-0.08050876,0.02022392,0.06226173,0.07631342,-0.02287789,-0.06307248,-0.06991793,0.02487229,0.06206482,0.06150668,-0.02614960,-0.05926780,-0.05132215,0.02667301,0.05476206,0.03965799,-0.01160559,0.06823275,-0.31736549,0.01573185,0.17426432,-0.16783656,-0.01936496,0.06487359,-0.30484430,0.02240881,0.17432914,-0.18438905,-0.02478488,0.06810266,-0.28472233,0.02643435,0.16790434,-0.20751383,-0.08746672,-0.08706044,0.07623480,0.07399212,0.04291217,-0.13302253,-0.05838429,0.00247329,0.18597516,0.04109321,-0.04778743,-0.23356603,-0.02261740,0.09172384,0.27442309,0.00348952,-0.13301581,-0.30736840,0.01599413,-0.02102972,-0.99965096,-0.01216451,0.01347487,0.00000000,-0.41838851,0.00000000,0.00000000
10202400000000,synthetic_50hz_03,120,0.02,68.32940436,70.11798522,7.89848342,8.00719479,8.09217611,1.27984849,88.85428196,1,1,0,0,1,0.03116275,0.00000000,0.00000000,-0.01763683,-0.05991483,-0.07907703,0.02072060,0.06209107,0.07439768,-0.02320699,-0.06247719,-0.06757341,0.02502431,0.06106206,0.05880096,-0.02612016,-0.05788649,-0.04833326,0.02646296,0.05304202,0.03647209,-0.01221894,0.06796547,-0.31597943,0.01618758,0.17409506,-0.16970982,-0.01964957,0.06547448,-0.30253823,0.02251368,0.17331389,-0.18706112,-0.02470659,0.06950312,-0.28176160,0.02617473,0.16615889,-0.21067762,-0.08347715,-0.07602251,0.08851445,0.06964941,0.03203975,-0.14384161,-0.05381365,0.01286672,0.19502176,0.03642641,-0.05740224,-0.24057933,-0.01798899,0.10028283,0.27920089,-0.00096707,-0.14027222,-0.30977296,0.01616666,-0.02078309,-0.99965335,-0.01250323,0.01392576,0.00000000,-0.37501918,0.00000000,0.00000000
10202420000000,synthetic_50hz_03,121,0.02,68.61287521,69.81696322,7.97983435,8.09217611,8.16144529,1.28531742,88.97353902,1,1,0,0,1,0.02764833,0.00000000,0.00000000,-0.01836273,-0.06021243,-0.07749690,0.02127648,0.06191114,0.07227833,-0.02357683,-0.06182493,-0.06497595,0.02519744,0.05995627,0.05580028,-0.02609160,-0.05635905,-0.04501586,0.02623352,0.05113697,0.03293362,-0.01290845,0.06765917,-0.31444509,0.01670268,0.17391686,-0.17178652,-0.01997504,0.06613203,-0.29997941,0.02263977,0.17219590,-0.19002794,-0.02462923,0.07104942,-0.27847261,0.02589573,0.16422869,-0.21419370,-0.07917590,-0.06393665,0.10216726,0.06494202,0.02008381,-0.15594942,-0.04883583,0.02434806,0.20523549,0.03132169,-0.06807796,-0.24860452,-0.01290452,0.10984514,0.28480617,-0.00588469,-0.14844544,-0.31279672,0.01629945,-0.02052973,-0.99965643,-0.01283790,0.01437393,0.00000000,-0.33515960,0.00000000,0.00000000
10202440000000,synthetic_50hz_03,122,0.02,68.45381631,69.54433384,8.05611095,8.16144529,8.23771761,1.29081700,89.13195493,1,1,0,0,1,0.02458505,0.00000000,0.00000000,-0.01913852,-0.06049357,-0.07572586,0.02186552,0.06167229,0.06992512,-0.02396212,-0.06107297,-0.06210841,0.02536788,0.05871288,0.05250108,-0.02604228,-0.05466007,-0.04138012,0.02596587,0.04903139,0.02906615,-0.01364806,0.06736903,-0.31271996,0.01725111,0.17368004,-0.17409693,-0.02031612,0.06688898,-0.29715070,0.02276327,0.17094061,-0.19329306,-0.02453118,0.07276697,-0.27486553,0.02557853,0.16209824,-0.21803851,-0.07454610,-0.05090942,0.11690352,0.05987257,0.00719165,-0.16902558,-0.04347288,0.03673346,0.21627455,0.02581985,-0.07959952,-0.25728822,-0.00742242,0.12017070,0.29088416,-0.01118900,-0.15727729,-0.31609377,0.01639710,-0.02026971,-0.99966013,-0.01316840,0.01481927,0.00000000,-0.29876044,0.00000000,0.00000000
10202460000000,synthetic_50hz_03,123,0.02,68.63313706,69.36209448,8.13238575,8.23771761,8.30973651,1.29635135,89.33372999,1,1,0,0,1,0.02191505,0.00000000,0.00000000,-0.01993988,-0.06070771,-0.07372637,0.02246352,0.06132934,0.06731207,-0.02433953,-0.06018282,-0.05895713,0.02551381,0.05730119,0.04890243,-0.02595252,-0.05276755,-0.03743785,0.02564301,0.04671259,0.02489392,-0.01441345,0.06714559,-0.31076650,0.01780868,0.17333942,-0.17666703,-0.02064945,0.06778380,-0.29403844,0.02286235,0.16951732,-0.19685739,-0.02439274,0.07467778,-0.27095217,0.02520613,0.15975483,-0.22218780,-0.06957545,-0.03704514,0.13245260,0.05444661,-0.00649570,-0.18277283,-0.03774804,0.04984927,0.22782364,0.01996118,-0.09176566,-0.26630619,-0.00159882,0.13103640,0.29711100,-0.01680962,-0.16652930,-0.31934996,0.01646366,-0.02000313,-0.99966441,-0.01349465,0.01526172,0.00000000,-0.26570840,0.00000000,0.00000000
10202480000000,synthetic_50hz_03,124,0.02,68.10922784,69.11152115,8.20687307,8.30973651,8.40836558,1.30192357,89.58393655,1,1,0,0,1,0.01958731,0.00000000,0.00000000,-0.02074419,-0.06080923,-0.07146669,0.02304819,0.06084207,0.06441844,-0.02468770,-0.05912080,-0.05551299,0.02561546,0.05569505,0.04500707,-0.02580471,-0.05066359,-0.03320357,0.02524999,0.04417148,0.02044280,-0.01518200,0.06703446,-0.30855295,0.01835310,0.17285479,-0.17951755,-0.02095369,0.06885019,-0.29063351,0.02291725,0.16789988,-0.20071822,-0.02419631,0.07679974,-0.26674706,0.02476360,0.15718936,-0.22661571,-0.06425756,-0.02244956,0.14855897,0.04867408,-0.02083995,-0.19691358,-0.03168730,0.06352864,0.23959108,0.01378697,-0.10438576,-0.27536106,0.00451086,0.14223340,0.30319225,-0.02267863,-0.17598038,-0.32228226,0.01650274,-0.01973006,-0.99966919,-0.01381651,0.01570117,0.00000000,-0.23584413,0.00000000,0.00000000
10202500000000,synthetic_50hz_03,125,0.02,67.92396893,68.87401071,8.29149992,8.40836558,8.51902997,1.30753753,89.88853833,1,1,0,0,1,0.01755711,0.00000000,0.00000000,-0.02153047,-0.06075764,-0.06892135,0.02359910,0.06017544,0.06122926,-0.02498737,-0.05785835,-0.05177191,0.02565523,0.05387318,0.04082195,-0.02558344,-0.04833482,-0.02869507,0.02477407,0.04140295,0.01574090,-0.01593274,0.06707614,-0.30605385,0.01886395,0.17219111,-0.18266348,-0.02120955,0.07011671,-0.28693183,0.02291038,0.16606701,-0.20486859,-0.02392649,0.07914623,-0.26226796,0.02423818,0.15439676,-0.23129413,-0.05859264,-0.00723195,0.16497960,0.04257011,-0.03570341,-0.21118748,-0.02532026,0.07760941,0.25130674,0.00734042,-0.11727791,-0.28418071,0.01085105,0.15356522,0.30886161,-0.02872968,-0.18542518,-0.32463789,0.01651750,-0.01945060,-0.99967442,-0.01413391,0.01613754,0.00000000,-0.20897727,0.00000000,0.00000000
10202520000000,synthetic_50hz_03,126,0.02,68.34430925,68.76807042,8.38706254,8.51902997,8.62028210,1.31319774,90.25437156,1,1,0,0,1,0.01578541,0.00000000,0.00000000,-0.02227940,-0.06051764,-0.06607136,0.02409771,0.05929970,0.05773551,-0.02522127,-0.05637213,-0.04773512,0.02561770,0.05181932,0.03635850,-0.02527555,-0.04577253,-0.02393365,0.02420470,0.03840610,0.01081878,-0.01664634,0.06730593,-0.30325023,0.01932266,0.17131864,-0.18611382,-0.02139981,0.07160669,-0.28293463,0.02282631,0.16400244,-0.20929707,-0.02357010,0.08172595,-0.25753620,0.02361933,0.15137610,-0.23619250,-0.05258773,0.00849386,0.18148247,0.03615527,-0.05094785,-0.22535005,-0.01868044,0.09193300,0.26272068,0.00066705,-0.13026768,-0.29251695,0.01736558,0.16484667,0.31387982,-0.03489755,-0.19467306,-0.32619339,0.01651068,-0.01916484,-0.99968005,-0.01444672,0.01657076,0.00000000,-0.18489878,0.00000000,0.00000000
10202540000000,synthetic_50hz_03,127,0.02,68.27691589,68.66983951,8.48501476,8.62028210,8.73688526,1.31890823,90.68906918,1,1,0,0,1,0.01423824,0.00000000,0.00000000,-0.02297329,-0.06005910,-0.06290420,0.02452733,0.05819037,0.05393414,-0.02537423,-0.05464399,-0.04340913,0.02548959,0.04952219,0.03163261,-0.02487007,-0.04297265,-0.01894411,0.02353353,0.03518419,0.00570944,-0.01730512,0.06775397,-0.30012954,0.01971258,0.17021287,-0.18987164,-0.02150927,0.07333829,-0.27864840,0.02265178,0.16169491,-0.21398777,-0.02311620,0.08454297,-0.25257657,0.02289871,0.14813065,-0.24127782,-0.04625665,0.02460930,0.19784596,0.02945562,-0.06643431,-0.23917184,-0.01180536,0.10634398,0.27360229,-0.00618524,-0.14318770,-0.30014466,0.02399753,0.17590326,0.31803372,-0.04111795,-0.20354744,-0.32675371,0.01648470,-0.01887287,-0.99968603,-0.01475485,0.01700072,0.00000000,-0.16339074,0.00000000,0.00000000
10202560000000,synthetic_50hz_03,128,0.02,68.34590030,68.60505167,8.59080037,8.73688526,8.86530795,1.32467327,91.20090521,1,1,0,0,1,0.01288611,0.00000000,0.00000000,-0.02359608,-0.05935692,-0.05941359,0.02487313,0.05682809,0.04982784,-0.02543308,-0.05266087,-0.03880553,0.02525978,0.04697541,0.02666444,-0.02435823,-0.03993564,-0.01375460,0.02275442,0.03174450,0.00044821,-0.01789302,0.06844533,-0.29668549,0.02001886,0.16885445,-0.19393424,-0.02152477,0.07532455,-0.27408476,0.02237564,0.15913804,-0.21892054,-0.02255600,0.08759684,-0.24741721,0.02207016,0.14466769,-0.24651476,-0.03961964,0.04099152,0.21385866,0.02250233,-0.08202324,-0.25243819,-0.00473626,0.12069020,0.28373982,-0.01316635,-0.15587760,-0.30686109,0.03068937,0.18657097,0.32113542,-0.04732760,-0.21188542,-0.32615126,0.01644164,-0.01857479,-0.99969232,-0.01505820,0.01742735,0.00000000,-0.14423388,0.00000000,0.00000000
10202580000000,synthetic_50hz_03,129,0.02,68.77472992,68.63898732,8.70609355,8.86530795,8.99457983,1.33049757,91.79853296,1,1,0,0,1,0.01170349,0.00000000,0.00000000,-0.02413334,-0.05839098,-0.05559923,0.02512211,0.05519849,0.04542477,-0.02538661,-0.05041460,-0.03394070,0.02491920,0.04417724,0.02147810,-0.02373335,-0.03666622,-0.00839628,0.02186327,0.02809810,-0.00492761,-0.01839560,0.06940016,-0.29291782,0.02022852,0.16722903,-0.19829346,-0.02143509,0.07757366,-0.26926007,0.02198885,0.15633006,-0.22407125,-0.02188283,0.09088282,-0.24208928,0.02112961,0.14099830,-0.25186603,-0.03270292,0.05751407,0.22931969,0.01533133,-0.09757522,-0.26494920,0.00248227,0.13482323,0.29294011,-0.02022431,-0.16818422,-0.31248541,0.03738327,0.19669639,0.32302162,-0.05346445,-0.21953770,-0.32424496,0.01638332,-0.01827068,-0.99969888,-0.01535668,0.01785057,0.00000000,-0.12721330,0.00000000,0.00000000
10202600000000,synthetic_50hz_03,130,0.02,68.93311365,68.69781258,8.82725779,8.99457983,9.14015876,1.33638573,92.49059120,1,1,0,0,1,0.01066831,0.00000000,0.00000000,-0.02457224,-0.05714590,-0.05146648,0.02526308,0.05329200,0.04073820,-0.02522557,-0.04790166,-0.02883542,0.02446079,0.04113030,0.01610130,-0.02299080,-0.03317313,-0.00290297,0.02085797,0.02425956,-0.01037905,-0.01880006,0.07063383,-0.28883185,0.02033034,0.16532703,-0.20293604,-0.02123100,0.08008913,-0.26419510,0.02148435,0.15327362,-0.22941222,-0.02109206,0.09439218,-0.23662661,0.02007494,0.13713704,-0.25729264,-0.02553811,0.07404795,0.24403918,0.00798272,-0.11295169,-0.27651994,0.00980281,0.14859898,0.30102850,-0.02730573,-0.17996209,-0.31685827,0.04402140,0.20613681,0.32355287,-0.05946793,-0.22636851,-0.32091928,0.01631130,-0.01796065,-0.99970568,-0.01565017,0.01827029,0.00000000,-0.11212246,0.00000000,0.00000000
10202620000000,synthetic_50hz_03,131,0.02,69.43073520,68.84439711,8.95867620,9.14015876,9.29141751,1.34234281,93.28515792,1,1,0,0,1,0.00976151,0.00000000,0.00000000,-0.02490159,-0.05561090,-0.04702593,0.02528659,0.05110358,0.03578605,-0.02494257,-0.04512292,-0.02351443,0.02387944,0.03784135,0.01056489,-0.02212786,-0.02946879,0.00268925,0.01973832,0.02024663,-0.01586586,-0.01909517,0.07215713,-0.28443819,0.02031490,0.16314340,-0.20784407,-0.02090511,0.08287010,-0.25891460,0.02085702,0.14997547,-0.23491259,-0.02018097,0.09811250,-0.23106526,0.01890594,0.13310166,-0.26275436,-0.01816163,0.09046275,0.25783889,0.00050021,-0.12801599,-0.28698075,0.01717563,0.16187847,0.30784882,-0.03435628,-0.19107392,-0.31984146,0.05054643,0.21476062,0.32261293,-0.06527931,-0.23225567,-0.31608332,0.01622696,-0.01764481,-0.99971267,-0.01593860,0.01868642,0.00000000,-0.09876599,0.00000000,0.00000000
10202640000000,synthetic_50hz_03,132,0.02,69.51893321,68.97930433,9.09842755,9.29141751,9.46831697,1.34837402,94.18904519,1,1,0,0,1,0.00896665,0.00000000,0.00000000,-0.02511177,-0.05377956,-0.04229299,0.02518496,0.04863249,0.03059046,-0.02453205,-0.04208333,-0.01800599,0.02317188,0.03432089,0.00490241,-0.02114365,-0.02556896,0.00834252,0.01850584,0.01607986,-0.02134693,-0.01927134,0.07397646,-0.27975223,0.02017450,0.16067741,-0.21299539,-0.02045185,0.08591160,-0.25344684,0.02010359,0.14644612,-0.24053881,-0.01914869,0.10202802,-0.22544311,0.01762414,0.12891272,-0.26821008,-0.01061402,0.10662783,0.27055286,-0.00706954,-0.14263434,-0.29617757,0.02454928,0.17452864,0.31326334,-0.04132126,-0.20139120,-0.32131759,0.05690192,0.22244756,0.32010810,-0.07084208,-0.23709065,-0.30966974,0.01613147,-0.01732324,-0.99971984,-0.01622187,0.01909890,0.00000000,-0.08696140,0.00000000,0.00000000
10202660000000,synthetic_50hz_03,133,0.02,69.41590249,69.06662396,9.25378110,9.46831697,9.67833186,1.35448559,95.20695288,1,1,0,0,1,0.00826956,0.00000000,0.00000000,-0.02519474,-0.05164962,-0.03728744,0.02495216,0.04588204,0.02517736,-0.02399021,-0.03879165,-0.01234141,0.02233660,0.03058289,-0.00085035,-0.02003901,-0.02149240,0.01401760,0.01716370,0.01178228,-0.02678071,-0.01932053,0.07609409,-0.27479376,0.01990314,0.15793235,-0.21836408,-0.01986741,0.08920489,-0.24782309,0.01922256,0.14269953,-0.24625511,-0.01799606,0.10611998,-0.21979938,0.01623272,0.12459324,-0.27361825,-0.00293934,0.12241350,0.28202811,-0.01467751,-0.15667684,-0.30397230,0.03187120,0.18642312,0.31715282,-0.04814603,-0.21079473,-0.32118969,0.06303279,0.22908903,0.31596650,-0.07610228,-0.24077859,-0.30163386,0.01602585,-0.01699607,-0.99972715,-0.01649987,0.01950763,0.00000000,-0.07653998,0.00000000,0.00000000
10202680000000,synthetic_50hz_03,134,0.02,69.77193267,69.20768570,9.43209242,9.67833186,9.90226128,1.36068553,96.34053424,1,1,0,0,1,0.00765805,0.00000000,0.00000000,-0.02514404,-0.04922276,-0.03203302,0.02458385,0.04285927,0.01957598,-0.02331489,-0.03526012,-0.00655456,0.02137376,0.02664441,-0.00665584,-0.01881641,-0.01726054,0.01967434,0.01571657,0.00737903,-0.03212562,-0.01923628,0.07850836,-0.26958651,0.01949645,0.15491528,-0.22392092,-0.01914968,0.09273773,-0.24207726,0.01821410,0.13875277,-0.25202392,-0.01672554,0.11036695,-0.21417423,0.01473635,0.12016836,-0.27893727,0.00481552,0.13769224,0.29212522,-0.02227296,-0.17001849,-0.31024304,0.03908826,0.19744303,0.31941640,-0.05477663,-0.21917519,-0.31938085,0.06888576,0.23458843,0.31013739,-0.08100889,-0.24323838,-0.29195253,0.01591099,-0.01666338,-0.99973459,-0.01677253,0.01991254,0.00000000,-0.06734710,0.00000000,0.00000000
10202700000000,synthetic_50hz_03,135,0.02,70.32339991,69.43082855,9.62956334,9.90226128,10.13398885,1.36698279,97.58746858,1,1,0,0,1,0.00712161,0.00000000,0.00000000,-0.02495473,-0.04650433,-0.02655693,0.02407724,0.03957472,0.01381838,-0.02250560,-0.03150416,-0.00068143,0.02028510,0.02252532,-0.01247516,-0.01747978,-0.01289707,0.02527209,0.01417051,0.00289699,-0.03734041,-0.01901363,0.08121389,-0.26415770,0.01895166,0.15163675,-0.22963384,-0.01829811,0.09649468,-0.23624533,0.01707993,0.13462570,-0.25780636,-0.01534108,0.11474523,-0.20860831,0.01314108,0.11566498,-0.28412592,0.01260146,0.15233977,0.30071892,-0.02980403,-0.18254008,-0.31488435,0.04614733,0.20747768,0.31997152,-0.06116019,-0.22643360,-0.31583376,0.07440977,0.23886133,0.30259037,-0.08551409,-0.24440258,-0.28062315,0.01578765,-0.01632529,-0.99974212,-0.01703976,0.02031354,0.00000000,-0.05924208,0.00000000,0.00000000
10202720000000,synthetic_50hz_03,136,0.02,70.30004595,69.60467203,9.84142205,10.13398885,10.39680328,1.37338657,98.94067777,1,1,0,0,1,0.00665121,0.00000000,0.00000000,-0.02462337,-0.04350315,-0.02088948,0.02343111,0.03604216,0.00793904,-0.02156332,-0.02754207,0.00524029,0.01907386,0.01824792,-0.01826854,-0.01603448,-0.00842768,0.03077010,0.01253282,-0.00163554,-0.04238454,-0.01864917,0.08420187,-0.25853760,0.01826754,0.14811051,-0.23546837,-0.01731374,0.10045747,-0.23036496,0.01582330,0.13034061,-0.26356266,-0.01384802,0.11922914,-0.20314237,0.01145422,0.11111139,-0.28914364,0.02036773,0.16623616,0.30769855,-0.03721828,-0.19412912,-0.31780741,0.05299580,0.21642525,0.31875374,-0.06724544,-0.23248174,-0.31051025,0.07955635,0.24183568,0.29331461,-0.08957362,-0.24421737,-0.26766256,0.01565649,-0.01598192,-0.99974973,-0.01730147,0.02071056,0.00000000,-0.05209769,0.00000000,0.00000000
10202740000000,synthetic_50hz_03,137,0.02,70.57684614,69.79910685,10.07468217,10.39680328,10.67470867,1.37990708,100.38784897,1,1,0,0,1,0.00623908,0.00000000,0.00000000,-0.02414798,-0.04023125,-0.01506358,0.02264570,0.03227827,0.00197440,-0.02049053,-0.02339469,0.01117170,0.01774461,0.01383664,-0.02399572,-0.01448711,-0.00387967,0.03612793,0.01081194,-0.00618915,-0.04721855,-0.01814090,0.08746028,-0.25275916,0.01744434,0.14435324,-0.24138807,-0.01619900,0.10460522,-0.22447508,0.01444880,0.12592196,-0.26925255,-0.01225298,0.12379137,-0.19781684,0.00968421,0.10653698,-0.29395099,0.02806258,0.17926672,0.31296847,-0.04446327,-0.20468055,-0.31894010,0.05958207,0.22419334,0.31571654,-0.07298309,-0.23724254,-0.30339073,0.08427998,0.24345192,0.28231802,-0.09314703,-0.24264247,-0.25310595,0.01551810,-0.01563336,-0.99975739,-0.01755757,0.02110353,0.00000000,-0.04579946,0.00000000,0.00000000
10202760000000,synthetic_50hz_03,138,0.02,71.36535646,70.11235677,10.32669330,10.67470867,10.94526719,1.38655506,101.91142110,1,1,0,0,1,0.00587855,0.00000000,0.00000000,-0.02352801,-0.03670362,-0.00911437,0.02172267,0.02830238,-0.00403755,-0.01929105,-0.01908517,0.01707306,0.01630326,0.00931773,-0.02961635,-0.01284545,0.00071835,0.04130579,0.00901729,-0.01073371,-0.05180436,-0.01748829,0.09097412,-0.24685749,0.01648373,0.14038428,-0.24735494,-0.01495774,0.10891482,-0.21861542,0.01296232,0.12139597,-0.27483570,-0.01056374,0.12840332,-0.19267151,0.00784048,0.10197192,-0.29850988,0.03563374,0.19132300,0.31644832,-0.05148708,-0.21409751,-0.31822696,0.06585602,0.23069949,0.31083097,-0.07832630,-0.24065030,-0.29447358,0.08853840,0.24366305,0.26962638,-0.09619789,-0.23965088,-0.23700572,0.01537297,-0.01527974,-0.99976510,-0.01780798,0.02149236,0.00000000,-0.04024483,0.00000000,0.00000000
10202780000000,synthetic_50hz_03,139,0.02,71.66505750,70.42289692,10.58649433,10.94526719,11.22682544,1.39334031,103.48914361,1,1,0,0,1,0.00556391,0.00000000,0.00000000,-0.02276428,-0.03293798,-0.00307883,0.02066502,0.02413622,-0.01005767,-0.01796998,-0.01463860,0.02290420,0.01475686,0.00471894,-0.03509039,-0.01111830,0.00533676,0.04626491,0.00715918,-0.01523860,-0.05610559,-0.01669215,0.09472567,-0.24086958,0.01538870,0.13622535,-0.25332987,-0.01359507,0.11336115,-0.21282615,0.01137092,0.11679042,-0.28027204,-0.00878909,0.13303536,-0.18774515,0.00593334,0.09744680,-0.30278393,0.04302899,0.20230351,0.31807330,-0.05823873,-0.22229195,-0.31562918,0.07176942,0.23587161,0.30408533,-0.08323097,-0.24265098,-0.28377455,0.09229293,0.24243461,0.25528242,-0.09869404,-0.23522873,-0.21943038,0.01522153,-0.01492116,-0.99977283,-0.01805263,0.02187697,0.00000000,-0.03534228,0.00000000,0.00000000
10202800000000,synthetic_50hz_03,140,0.02,72.18879342,70.77607622,10.85543340,11.22682544,11.50525675,1.40027199,105.09522470,1,1,0,0,1,0.00529026,0.00000000,0.00000000,-0.02185893,-0.02895452,0.00300466,0.01947705,0.01980362,-0.01604608,-0.01653364,-0.01008176,0.02862488,0.01311356,0.00006925,-0.04037842,-0.00931541,0.00994526,0.05096782,0.00524869,-0.01967305,-0.06008780,-0.01575463,0.09869475,-0.23483380,0.01416355,0.13190028,-0.25927296,-0.01211728,0.11791745,-0.20714749,0.00968274,0.11213426,-0.28552218,-0.00693880,0.13765720,-0.18307523,0.00397385,0.09299241,-0.30673871,0.05019662,0.21211451,0.31779419,-0.06466871,-0.22918516,-0.31112436,0.07727636,0.23964829,0.29548467,-0.08765610,-0.24320225,-0.27132603,0.09550868,0.23974457,0.23934492,-0.10060769,-0.22937494,-0.20046339,0.01506417,-0.01455775,-0.99978057,-0.01829142,0.02225730,0.00000000,-0.03101031,0.00000000,0.00000000
10202820000000,synthetic_50hz_03,141,0.02,72.64425616,71.14971221,11.12835921,11.50525675,11.77878960,1.40735814,106.70196848,1,1,0,0,1,0.00505343,0.00000000,0.00000000,-0.02081539,-0.02477567,0.00909666,0.01816426,0.01533025,-0.02196252,-0.01498944,-0.00544285,0.03419519,0.01138248,-0.00460147,-0.04544200,-0.00744735,0.01451313,0.05537869,0.00329751,-0.02400636,-0.06371879,-0.01467914,0.10285893,-0.22878960,0.01281377,0.12743475,-0.26514395,-0.01053181,0.12255552,-0.20161937,0.00790691,0.10745738,-0.29054768,-0.00502342,0.14223811,-0.17869758,0.00197373,0.08863943,-0.31034200,0.05708591,0.22067064,0.31557745,-0.07072931,-0.23470826,-0.30470632,0.08233355,0.24197912,0.28505036,-0.09156408,-0.24227362,-0.25717627,0.09815477,0.23558325,0.22188767,-0.10191562,-0.22210091,-0.18020194,0.01490120,-0.01418962,-0.99978830,-0.01852429,0.02263326,0.00000000,-0.02717657,0.00000000,0.00000000
10202840000000,synthetic_50hz_03,142,0.02,73.03179554,71.52612887,11.40153997,11.77878960,12.04466397,1.41460538,108.28169036,1,1,0,0,1,0.00484986,0.00000000,0.00000000,-0.01963826,-0.02042583,0.01515703,0.01673325,0.01074337,-0.02776669,-0.01334581,-0.00075117,0.03957582,0.00957360,-0.00926269,-0.05024396,-0.00552539,0.01900949,0.05946355,0.00131787,-0.02820825,-0.06696877,-0.01347031,0.10719381,-0.22277710,0.01134600,0.12285601,-0.27090255,-0.00884708,0.12724604,-0.19628109,0.00605344,0.10279032,-0.29531136,-0.00305424,0.14674722,-0.17464617,-0.00005480,0.08441816,-0.31356404,0.06364753,0.22789546,0.31140510,-0.07637508,-0.23880255,-0.29638472,0.08690070,0.24282485,0.27281944,-0.09492093,-0.23984640,-0.24138864,0.10020455,0.22995307,0.20299850,-0.10259922,-0.21343008,-0.15875581,0.01473291,-0.01381690,-0.99979602,-0.01875116,0.02300479,0.00000000,-0.02377691,0.00000000,0.00000000
10202860000000,synthetic_50hz_03,143,0.02,73.60805282,71.94251366,11.67165205,12.04466397,12.28990869,1.42201875,109.80863262,1,1,0,0,1,0.00467657,0.00000000,0.00000000,-0.01833333,-0.01593114,0.02114532,0.01519171,0.00607154,-0.03341862,-0.01161211,0.00396311,0.04472843,0.00769772,-0.01388350,-0.05474871,-0.00356141,0.02340362,0.06319056,-0.00067759,-0.03224901,-0.06981059,-0.01213392,0.11167323,-0.21683677,0.00976790,0.11819263,-0.27650878,-0.00707245,0.13195885,-0.19117099,0.00413308,0.09816396,-0.29977763,-0.00104313,0.15115380,-0.17095284,-0.00209909,0.08035831,-0.31637766,0.06983396,0.23372193,0.30527458,-0.08156311,-0.24141984,-0.28618472,0.09094075,0.24215750,0.25884402,-0.09769653,-0.23591365,-0.22404073,0.10163568,0.22286830,0.18277824,-0.10264462,-0.20339755,-0.13624617,0.01455955,-0.01343969,-0.99980370,-0.01897195,0.02337181,0.00000000,-0.02075449,0.00000000,0.00000000
10202880000000,synthetic_50hz_03,144,0.02,74.01041180,72.35609329,11.93131984,12.28990869,12.51725597,1.42960105,111.26060243,1,1,0,0,1,0.00453103,0.00000000,0.00000000,-0.01690744,-0.01131925,0.02702106,0.01354829,0.00134440,-0.03887894,-0.00979853,0.00866921,0.04961592,0.00576627,-0.01843289,-0.05892246,-0.00156777,0.02766514,0.06653023,-0.00267593,-0.03609978,-0.07221991,-0.01067679,0.11626957,-0.21100907,0.00808811,0.11347424,-0.28192330,-0.00521811,0.13666319,-0.18632617,0.00215730,0.09360932,-0.30391270,0.00099753,0.15542746,-0.16764707,-0.00414621,0.07648871,-0.31875852,0.07559985,0.23809285,0.29719850,-0.08625338,-0.24252264,-0.27414643,0.09442018,0.23996040,0.24319060,-0.09986480,-0.23047998,-0.20522346,0.10243028,0.21435472,0.16133964,-0.10204265,-0.19204951,-0.11280432,0.01438133,-0.01305813,-0.99981133,-0.01918659,0.02373425,0.00000000,-0.01805901,0.00000000,0.00000000
10202900000000,synthetic_50hz_03,145,0.02,74.83454519,72.85178367,12.17741301,12.51725597,12.70590529,1.43735290,112.62012128,1,1,0,0,1,0.00441116,0.00000000,0.00000000,-0.01536844,-0.00661906,0.03274408,0.01181250,-0.00340761,-0.04410924,-0.00791600,0.01333603,0.05420270,0.00379128,-0.02287997,-0.06273348,0.00044275,0.03176427,0.06945562,-0.00466402,-0.03973279,-0.07417533,-0.00910680,0.12095393,-0.20533416,0.00631618,0.10873128,-0.28710767,-0.00329501,0.14132792,-0.18178221,0.00013810,0.08915731,-0.30768486,0.00305499,0.15953844,-0.16475580,-0.00618303,0.07283718,-0.32068524,0.08090233,0.24096110,0.28720430,-0.09040902,-0.24208433,-0.26032442,0.09730917,0.23622815,0.22593926,-0.10140386,-0.22356140,-0.18504017,0.10257502,0.20444927,0.13880629,-0.10078890,-0.17944277,-0.08857056,0.01419843,-0.01267233,-0.99981891,-0.01939502,0.02409204,0.00000000,-0.01564587,0.00000000,0.00000000
10202920000000,synthetic_50hz_03,146,0.02,75.61235482,73.40389790,12.39937977,12.70590529,12.85692611,1.44527173,113.87498566,1,1,0,0,1,0.00431528,0.00000000,0.00000000,-0.01372512,-0.00186046,0.03827486,0.00999469,-0.00815347,-0.04907230,-0.00597610,0.01793234,0.05845496,0.00178522,-0.02719421,-0.06615233,0.00245713,0.03567206,0.07194250,-0.00662864,-0.04312147,-0.07565854,-0.00743273,0.12569639,-0.19985156,0.00446243,0.10399477,-0.29202469,-0.00131471,0.14592185,-0.17757293,-0.00191201,0.08483844,-0.31106466,0.00511619,0.16345779,-0.16230327,-0.00819632,0.06943026,-0.32213950,0.08570135,0.24228995,0.27533385,-0.09399657,-0.24008917,-0.24478705,0.09958183,0.23096652,0.20718293,-0.10229610,-0.21518499,-0.16360562,0.10206112,0.19319958,0.11531149,-0.09888367,-0.16564413,-0.06369288,0.01401101,-0.01228243,-0.99982642,-0.01959716,0.02444511,0.00000000,-0.01347552,0.00000000,0.00000000
10202940000000,synthetic_50hz_03,147,0.02,76.32686181,73.98849068,12.59154924,12.85692611,12.97196504,1.45335171,115.01825595,1,1,0,0,1,0.00424204,0.00000000,0.00000000,-0.01198712,0.00292584,0.04357477,0.00810589,-0.01286185,-0.05373238,-0.00399096,0.02242706,0.06234086,-0.00023902,-0.03134568,-0.06915202,0.00446212,0.03936059,0.07396950,-0.00855657,-0.04624072,-0.07665440,-0.00566422,0.13046626,-0.19459991,0.00253791,0.09929604,-0.29663862,0.00071065,0.15041388,-0.17373016,-0.00398017,0.08068264,-0.31402511,0.00716792,0.16715758,-0.16031084,-0.01017286,0.06629305,-0.32310616,0.08995993,0.24205313,0.26164295,-0.09698621,-0.23653237,-0.22761583,0.10121633,0.22419227,0.18702645,-0.10252833,-0.20538860,-0.14104500,0.10088440,0.18066348,0.09099716,-0.09633192,-0.15072976,-0.03832583,0.01381920,-0.01188855,-0.99983385,-0.01979296,0.02479338,0.00000000,-0.01151279,0.00000000,0.00000000
10202960000000,synthetic_50hz_03,148,0.02,76.73669349,74.53813124,12.75132387,12.97196504,13.06185150,1.46158396,116.04778227,1,1,0,0,1,0.00419043,0.00000000,0.00000000,-0.01016486,0.00770860,0.04860635,0.00615778,-0.01750131,-0.05805545,-0.00197318,0.02678945,0.06583079,-0.00226832,-0.03530524,-0.07170820,0.00644442,0.04280316,0.07551822,-0.01043472,-0.04906704,-0.07715102,-0.00381169,0.13523231,-0.18961666,0.00055430,0.09466655,-0.30091542,0.00276847,0.15477326,-0.17028351,-0.00605323,0.07671907,-0.31654185,0.00919683,0.17061109,-0.15879691,-0.01209955,0.06344905,-0.32357332,0.09364438,0.24023499,0.24620077,-0.09935187,-0.23141992,-0.20890466,0.10219499,0.21593290,0.16558573,-0.10209179,-0.19422044,-0.11749288,0.09904524,0.16690851,0.06601266,-0.09314316,-0.13478453,-0.01262927,0.01362310,-0.01149081,-0.99984119,-0.01998234,0.02513680,0.00000000,-0.00972629,0.00000000,0.00000000
10202980000000,synthetic_50hz_03,149,0.02,77.62357843,75.15522068,12.88174548,13.06185150,13.10608102,1.46995751,116.96542472,1,1,0,0,1,0.00415975,0.00000000,0.00000000,-0.00826945,0.01245624,0.05333356,0.00416258,-0.02204051,-0.06200942,0.00006430,0.03098933,0.06889751,-0.00428933,-0.03904472,-0.07379927,0.00839070,0.04597443,0.07657335,-0.01225016,-0.05157867,-0.07713979,-0.00188627,0.13996295,-0.18493784,-0.00147620,0.09013761,-0.30482301,0.00484581,0.15896984,-0.16726022,-0.00811787,0.07297588,-0.31859331,0.01118964,0.17379301,-0.15777679,-0.01396347,0.06092004,-0.32353239,0.09672453,0.23683043,0.22908923,-0.10107145,-0.22476848,-0.18875902,0.10250443,0.20622635,0.14298680,-0.10098216,-0.18173862,-0.09309220,0.09654852,0.15201128,0.04051372,-0.08933135,-0.11790138,0.01323280,0.01342282,-0.01108935,-0.99984843,-0.02016525,0.02547528,0.00000000,-0.00808787,0.00000000,0.00000000
10203000000000,synthetic_50hz_03,150,0.02,78.18574356,75.76132526,12.97596640,13.10608102,13.11948888,1.47845878,117.77613062,1,1,0,0,1,0.00414957,0.00000000,0.00000000,-0.00631263,0.01713709,0.05772200,0.00213294,-0.02644845,-0.06556429,0.00210825,0.03499728,0.07151633,-0.00628865,-0.04253713,-0.07540653,0.01028775,0.04885062,0.07712272,-0.01399025,-0.05375571,-0.07661542,0.00010033,0.14462651,-0.18059786,-0.00354091,0.08574022,-0.30833140,0.00692943,0.16297418,-0.16468498,-0.01016066,0.06948006,-0.32016077,0.01313310,0.17667956,-0.15726264,-0.01575198,0.05872591,-0.32297808,0.09917388,0.23184485,0.21040229,-0.10212688,-0.21660514,-0.16729516,0.10213551,0.19512061,0.11936484,-0.09919953,-0.16801065,-0.06799318,0.09340358,0.13605687,0.01466124,-0.08491477,-0.10018051,0.03909339,0.01321841,-0.01068429,-0.99985556,-0.02034162,0.02580878,0.00000000,-0.00657212,0.00000000,0.00000000
10203020000000,synthetic_50hz_03,151,0.02,78.63254504,76.33556921,13.03624584,13.11948888,13.10704427,1.48707240,118.48700541,1,1,0,0,1,0.00415975,0.00000000,0.00000000,-0.00430667,0.02171954,0.06173913,0.00008190,-0.03069466,-0.06869239,0.00414523,0.03878483,0.07366522,-0.00825285,-0.04575682,-0.07651425,0.01212253,0.05140962,0.07715734,-0.01564272,-0.05558026,-0.07557595,0.00213582,0.14919138,-0.17662926,-0.00562681,0.08150487,-0.31141291,0.00900590,0.16675781,-0.16257981,-0.01216819,0.06625727,-0.32122851,0.01501418,0.17924862,-0.15726346,-0.01745280,0.05688455,-0.32190842,0.10096973,0.22529402,0.19024519,-0.10250421,-0.20696715,-0.14463920,0.10108345,0.18267332,0.09486320,-0.09674841,-0.15311293,-0.04235224,0.08962406,0.11913823,-0.01137975,-0.07991581,-0.08172871,0.06478366,0.01300993,-0.01027577,-0.99986257,-0.02051141,0.02613722,0.00000000,-0.00515588,0.00000000,0.00000000
10203040000000,synthetic_50hz_03,152,0.02,79.25194151,76.91884367,13.06598118,13.10704427,13.06315381,1.49578188,119.10647261,1,1,0,0,1,0.00419043,0.00000000,0.00000000,-0.00226426,0.02617229,0.06535443,-0.00197724,-0.03474937,-0.07136848,0.00616173,0.04232460,0.07532495,-0.01016858,-0.04867960,-0.07710976,0.01388226,0.05363115,0.07667146,-0.01719571,-0.05703648,-0.07402268,0.00420751,0.15362626,-0.17306254,-0.00772059,0.07746132,-0.31404230,0.01106170,0.17029335,-0.16096396,-0.01412710,0.06333170,-0.32178385,0.01682011,0.18147989,-0.15778500,-0.01905408,0.05541182,-0.32032472,0.10209331,0.21720380,0.16873372,-0.10219367,-0.19590151,-0.12092623,0.09934774,0.16895128,0.06963238,-0.09363757,-0.13713012,-0.01633099,0.08522778,0.10135542,-0.03744122,-0.07436084,-0.06265860,0.09013399,0.01279740,-0.00986393,-0.99986946,-0.02067455,0.02646053,0.00000000,-0.00381786,0.00000000,0.00000000
10203060000000,synthetic_50hz_03,153,0.02,79.35345681,77.40576630,13.06479368,13.06315381,13.01124445,1.50456981,119.64357588,1,1,0,0,1,0.00424204,0.00000000,0.00000000,-0.00019850,0.03046449,0.06853959,-0.00403097,-0.03858368,-0.07356988,0.00814422,0.04559047,0.07647911,-0.01202266,-0.05128288,-0.07718342,0.01555449,0.05549677,0.07566250,-0.01863788,-0.05811067,-0.07196019,0.00630231,0.15790031,-0.16992604,-0.00980873,0.07363847,-0.31619690,0.01308330,0.17355469,-0.15985380,-0.01602421,0.06072595,-0.32181718,0.01853841,0.18335496,-0.15882982,-0.02054445,0.05432141,-0.31823155,0.10252979,0.20760991,0.14599330,-0.10118962,-0.18346461,-0.09629937,0.09693211,0.15402995,0.04382908,-0.08988000,-0.12015452,0.00990483,0.08023661,0.08281499,-0.06335317,-0.06827996,-0.04308786,0.11497501,0.01258085,-0.00944888,-0.99987622,-0.02083099,0.02677866,0.00000000,-0.00253823,0.00000000,0.00000000
10203080000000,synthetic_50hz_03,154,0.02,79.56866382,77.83834580,13.04230301,13.01124445,12.94789434,1.51341925,120.10744086,1,1,0,0,1,0.00431528,0.00000000,0.00000000,0.00187725,0.03456595,0.07126858,-0.00606566,-0.04216972,-0.07527655,0.01007919,0.04855771,0.07711426,-0.01380214,-0.05354576,-0.07672873,0.01712716,0.05699006,0.07413108,-0.01995840,-0.05879132,-0.06939619,0.00840684,0.16198333,-0.16724575,-0.01187762,0.07006419,-0.31785667,0.01505720,0.17651709,-0.15926281,-0.01784656,0.05846089,-0.32132197,0.02015704,0.18485740,-0.16039732,-0.02191310,0.05362482,-0.31563664,0.10226834,0.19655754,0.12215819,-0.09949057,-0.16972177,-0.07090885,0.09384444,0.13799283,0.01761517,-0.08549273,-0.10228550,0.03618636,0.07467622,0.06362923,-0.08894462,-0.06170676,-0.02313850,0.13913857,0.01236025,-0.00903077,-0.99988283,-0.02098068,0.02709154,0.00000000,-0.00129821,0.00000000,0.00000000
10203100000000,synthetic_50hz_03,155,0.02,79.87518586,78.24571382,13.00265136,12.94789434,12.87302149,1.52231413,120.50689051,1,1,0,0,1,0.00441116,0.00000000,0.00000000,0.00394940,0.03844725,0.07351782,-0.00806765,-0.04548078,-0.07647118,0.01195331,0.05120307,0.07721985,-0.01549434,-0.05544915,-0.07574223,0.01858867,0.05809661,0.07208093,-0.02114708,-0.05906912,-0.06634150,0.01050752,0.16584590,-0.16504528,-0.01391358,0.06676518,-0.31900431,0.01697004,0.17915730,-0.15920151,-0.01958148,0.05655563,-0.32029477,0.02166440,0.18597279,-0.16248376,-0.02314984,0.05333138,-0.31255080,0.10130211,0.18410098,0.09737057,-0.09709908,-0.15474668,-0.04491107,0.09009664,0.12093096,-0.00884323,-0.08049667,-0.08362875,0.06234258,0.06857594,0.04391548,-0.11404456,-0.05467814,-0.00293611,0.16245859,0.01213559,-0.00860973,-0.99988930,-0.02112357,0.02739911,0.00000000,-0.00007974,0.00000000,0.00000000
10203120000000,synthetic_50hz_03,156,0.02,79.95659954,78.58789096,12.94820682,12.87302149,12.80011435,1.53123940,120.85019342,1,1,0,0,1,0.00453103,0.00000000,0.00000000,0.00600421,0.04207989,0.07526620,-0.01002329,-0.04849141,-0.07713922,0.01375339,0.05350489,0.07678829,-0.01708697,-0.05697580,-0.07422351,0.01992792,0.05880407,0.06951884,-0.02219435,-0.05893700,-0.06280990,0.01259061,0.16945954,-0.16334572,-0.01590296,0.06376691,-0.31962525,0.01880866,0.18145367,-0.15967750,-0.02121666,0.05502742,-0.31873518,0.02304938,0.18668880,-0.16508235,-0.02424509,0.05344815,-0.30898781,0.09962819,0.17030312,0.07177972,-0.09402171,-0.13862094,-0.01846773,0.08570454,0.10294225,-0.03537669,-0.07491647,-0.06429570,0.08820119,0.06196852,0.02379546,-0.13848280,-0.04723399,0.01739081,0.18477190,0.01190681,-0.00818590,-0.99989561,-0.02125962,0.02770131,0.00000000,0.00113487,0.00000000,0.00000000
10203140000000,synthetic_50hz_03,157,0.02,80.10176912,78.89066659,12.88600798,12.80011435,12.73003472,1.54018175,121.14491906,1,1,0,0,1,0.00467657,0.00000000,0.00000000,0.00802789,0.04543640,0.07649515,-0.01191901,-0.05117751,-0.07726887,0.01546651,0.05544315,0.07581489,-0.01856810,-0.05811033,-0.07217513,0.02113436,0.05910217,0.06645452,-0.02309131,-0.05839007,-0.05881801,0.01464231,0.17279675,-0.16216564,-0.01783221,0.06109345,-0.31970770,0.02056013,0.18338617,-0.16069547,-0.02274019,0.05389163,-0.31664574,0.02430142,0.18699513,-0.16818337,-0.02518995,0.05398002,-0.30496428,0.09724749,0.15523498,0.04554111,-0.09026882,-0.12143343,0.00825511,0.08068767,0.08413089,-0.06181333,-0.06878025,-0.04440282,0.11358944,0.05488986,0.00339459,-0.16209071,-0.03941697,0.03771150,0.20591883,0.01167384,-0.00775942,-0.99990176,-0.02138878,0.02799808,0.00000000,0.00236331,0.00000000,0.00000000
10203160000000,synthetic_50hz_03,158,0.02,79.70934369,79.05440201,12.82049921,12.73003472,12.68679047,1.54912987,121.39787354,1,1,0,0,1,0.00484986,0.00000000,0.00000000,0.01000659,0.04849041,0.07718863,-0.01374140,-0.05351641,-0.07685104,0.01708004,0.05699951,0.07429780,-0.01992625,-0.05883929,-0.06960251,0.02219799,0.05898270,0.06290055,-0.02382974,-0.05742561,-0.05438514,0.01664878,0.17583119,-0.16152109,-0.01968789,0.05876750,-0.31924259,0.02221181,0.18493647,-0.16225726,-0.02414059,0.05316173,-0.31403191,0.02541054,0.18688359,-0.17177425,-0.02597621,0.05492972,-0.30049955,0.09416469,0.13897519,0.01881563,-0.08585451,-0.10327975,0.03508774,0.07506911,0.06460672,-0.08797952,-0.06211944,-0.02407104,0.13833481,0.04737882,-0.01715861,-0.18470184,-0.03127226,0.05789358,0.22574384,0.01143657,-0.00733042,-0.99990773,-0.02151102,0.02828936,0.00000000,0.00362361,0.00000000,0.00000000
10203180000000,synthetic_50hz_03,159,0.02,79.60432101,79.16438581,12.76434154,12.68679047,12.65816075,1.55807563,121.61509259,1,1,0,0,1,0.00505343,0.00000000,0.00000000,0.01192651,0.05121673,0.07733313,-0.01547720,-0.05548688,-0.07587936,0.01858167,0.05815733,0.07223795,-0.02115043,-0.05915107,-0.06651388,0.02310941,0.05843946,0.05887219,-0.02440213,-0.05604301,-0.04953319,0.01859622,0.17853764,-0.16142557,-0.02145676,0.05681027,-0.31822353,0.02375139,0.18608792,-0.16436194,-0.02540684,0.05284931,-0.31090189,0.02636732,0.18634799,-0.17583973,-0.02659634,0.05629784,-0.29561549,0.09038802,0.12160942,-0.00823114,-0.08079636,-0.08426171,0.06185758,0.06887529,0.04448470,-0.11370063,-0.05496852,-0.00342518,0.16226565,0.03947698,-0.03773310,-0.20615247,-0.02284730,0.07780351,0.24409582,0.01119488,-0.00689905,-0.99991354,-0.02162628,0.02857510,0.00000000,0.00493454,0.00000000,0.00000000
10203200000000,synthetic_50hz_03,160,0.02,79.36718241,79.20494513,12.71974561,12.65816075,12.64983166,1.56701385,121.80187229,1,1,0,0,1,0.00529026,0.00000000,0.00000000,0.01377391,0.05359132,0.07691757,-0.01711337,-0.05706913,-0.07435002,0.01995944,0.05890162,0.06963892,-0.02223007,-0.05903594,-0.06292010,0.02385980,0.05746823,0.05438727,-0.02480164,-0.05424369,-0.04428642,0.02047088,0.18089210,-0.16189015,-0.02312576,0.05524157,-0.31664672,0.02516691,0.18682554,-0.16700593,-0.02652840,0.05296411,-0.30726655,0.02716295,0.18538409,-0.18036198,-0.02704350,0.05808299,-0.29033639,0.08592914,0.10322988,-0.03542963,-0.07511524,-0.06448670,0.08838971,0.06213574,0.02388435,-0.13880147,-0.04736483,0.01740661,0.18521153,0.03122837,-0.05819572,-0.22628185,-0.01419158,0.09730702,0.26082836,0.01094859,-0.00646544,-0.99991916,-0.02173453,0.02885524,0.00000000,0.00631596,0.00000000,0.00000000
10203220000000,synthetic_50hz_03,161,0.02,79.46363644,79.25668339,12.69038175,12.64983166,12.64796089,1.57594217,121.96282292,1,1,0,0,1,0.00556391,0.00000000,0.00000000,0.01553512,0.05559134,0.07593324,-0.01863708,-0.05824479,-0.07226171,0.02120172,0.05921902,0.06650684,-0.02315511,-0.05848594,-0.05883455,0.02444093,0.05606667,0.04946603,-0.02502210,-0.05203098,-0.03867138,0.02225909,0.18287170,-0.16292355,-0.02468208,0.05407974,-0.31451086,0.02644675,0.18713597,-0.17018310,-0.02749519,0.05351409,-0.30313927,0.02778919,0.18398955,-0.18532074,-0.02731154,0.06028181,-0.28468877,0.08080291,0.08393480,-0.06260673,-0.06883517,-0.04406728,0.11450734,0.05488289,0.00292929,-0.16310665,-0.03934831,0.03829316,0.20700352,0.02267929,-0.07841160,-0.24493238,-0.00535642,0.11626940,0.27579973,0.01069750,-0.00602973,-0.99992460,-0.02183575,0.02912972,0.00000000,0.00778925,0.00000000,0.00000000
10203240000000,synthetic_50hz_03,162,0.02,80.13119640,79.43158599,12.67256499,12.64796089,12.63170825,1.58486014,122.10193487,1,1,0,0,1,0.00587855,0.00000000,0.00000000,0.01719656,0.05719507,0.07437368,-0.02003572,-0.05899685,-0.06961547,0.02229724,0.05909772,0.06285021,-0.02391593,-0.05749477,-0.05427295,0.02484510,0.05423422,0.04413098,-0.02505799,-0.04941008,-0.03271669,0.02394728,0.18445473,-0.16453221,-0.02611309,0.05334182,-0.31181698,0.02757962,0.18700738,-0.17388494,-0.02829759,0.05450554,-0.29853579,0.02823835,0.18216382,-0.19069351,-0.02739490,0.06288913,-0.27870128,0.07502715,0.06382798,-0.08958617,-0.06198302,-0.02312074,0.14003202,0.04715188,-0.01825308,-0.18644069,-0.03096134,0.05910065,0.22747418,0.01387816,-0.09824432,-0.26194949,0.00360513,0.13455557,0.28887267,0.01044138,-0.00559207,-0.99992985,-0.02192989,0.02939849,0.00000000,0.00937781,0.00000000,0.00000000
10203260000000,synthetic_50hz_03,163,0.02,80.35246459,79.61576171,12.65540516,12.63170825,12.62239144,1.59376745,122.22264922,1,1,0,0,1,0.00623908,0.00000000,0.00000000,0.01874472,0.05838181,0.07223451,-0.02129687,-0.05930952,-0.06641453,0.02323503,0.05852731,0.05867979,-0.02450331,-0.05605773,-0.04925328,0.02506514,0.05197198,0.03840678,-0.02490434,-0.04638785,-0.02645299,0.02552192,0.18562049,-0.16672054,-0.02740638,0.05304357,-0.30856831,0.02855455,0.18642939,-0.17810071,-0.02892638,0.05594317,-0.29347407,0.02850324,0.17990799,-0.19645563,-0.02728865,0.06589807,-0.27240456,0.06862248,0.04301842,-0.11618856,-0.05458832,-0.00176883,0.16478361,0.03898036,-0.03953175,-0.20862786,-0.02224857,0.07969261,0.24645728,0.00487534,-0.11755590,-0.27718122,0.01263844,0.15202999,0.29991389,0.01017991,-0.00515260,-0.99993491,-0.02201692,0.02966150,0.00000000,0.01110752,0.00000000,0.00000000
10203280000000,synthetic_50hz_03,164,0.02,80.43511193,79.77963176,12.64153940,12.62239144,12.62482923,1.60266429,122.32792795,1,1,0,0,1,0.00665121,0.00000000,0.00000000,0.02016611,0.05913175,0.06951323,-0.02240825,-0.05916814,-0.06266414,0.02400435,0.05749869,0.05400841,-0.02490839,-0.05417153,-0.04379558,0.02509431,0.04928257,0.03232012,-0.02455675,-0.04297278,-0.01991285,0.02696954,0.18634917,-0.16949101,-0.02854966,0.05319967,-0.30477011,0.02936082,0.18539289,-0.18281756,-0.02937271,0.05783028,-0.28797415,0.02857712,0.17722469,-0.20258041,-0.02698835,0.06930015,-0.26583115,0.06161205,0.02162014,-0.14223125,-0.04668313,0.01986232,0.18857992,0.03040832,-0.06077213,-0.22949173,-0.01325682,0.09992986,0.26378719,-0.00427687,-0.13620656,-0.29047755,0.02168726,0.16855636,0.30879330,0.00991275,-0.00471145,-0.99993977,-0.02209682,0.02991870,0.00000000,0.01300732,0.00000000,0.00000000
10203300000000,synthetic_50hz_03,165,0.02,80.25821691,79.87534879,12.63452113,12.62482923,12.64706735,1.61155164,122.42032080,1,1,0,0,1,0.00712161,0.00000000,0.00000000,0.02144721,0.05942578,0.06620908,-0.02335763,-0.05855896,-0.05837140,0.02459464,0.05600386,0.04885084,-0.02512258,-0.05183414,-0.03792189,0.02492623,0.04617002,0.02589964,-0.02401123,-0.03917479,-0.01313069,0.02827660,0.18662167,-0.17284440,-0.02953071,0.05382386,-0.30042948,0.02998785,0.18388986,-0.18802071,-0.02962798,0.06016887,-0.28205809,0.02845363,0.17411794,-0.20903920,-0.02649005,0.07308544,-0.25901551,0.05402134,-0.00024785,-0.16752768,-0.03830184,0.04164207,0.21123598,0.02147807,-0.08183574,-0.24885426,-0.00403509,0.11967005,0.27929794,-0.01352423,-0.15405421,-0.30168934,0.03069364,0.18399692,0.31538290,0.00963948,-0.00426878,-0.99994443,-0.02216957,0.03017003,0.00000000,0.01510988,0.00000000,0.00000000
10203320000000,synthetic_50hz_03,166,0.02,80.34429198,79.96913743,12.63979054,12.64706735,12.67540796,1.62043188,122.50202705,1,1,0,0,1,0.00765805,0.00000000,0.00000000,0.02257432,0.05924526,0.06232276,-0.02413276,-0.05746892,-0.05354511,0.02499544,0.05403572,0.04322373,-0.02513748,-0.04904465,-0.03165618,0.02455481,0.04263960,0.01917598,-0.02326420,-0.03500523,-0.00614292,0.02942942,0.18641934,-0.17677999,-0.03033727,0.05492921,-0.29555522,0.03042518,0.18191323,-0.19369354,-0.02968378,0.06295987,-0.27574984,0.02812666,0.17059302,-0.21580138,-0.02579013,0.07724260,-0.25199403,0.04587809,-0.02246123,-0.19188634,-0.02948113,0.06343483,0.23256284,0.01223422,-0.10257957,-0.26653444,0.00536541,0.13876690,0.29282173,-0.02281035,-0.17095351,-0.31066683,0.03959766,0.19821146,0.31955526,0.00935959,-0.00382473,-0.99994888,-0.02223513,0.03041545,0.00000000,0.01745230,0.00000000,0.00000000
10203340000000,synthetic_50hz_03,167,0.02,80.46045236,80.06740041,12.65474986,12.67540796,12.70756350,1.62930818,122.57495167,1,1,0,0,1,0.00826956,0.00000000,0.00000000,0.02353349,0.05857173,0.05785631,-0.02472119,-0.05588543,-0.04819564,0.02519617,0.05158792,0.03714547,-0.02494473,-0.04580311,-0.02502437,0.02397412,0.03869777,0.01218181,-0.02231233,-0.03047676,0.00101195,0.03041402,0.18572372,-0.18129574,-0.03095689,0.05652830,-0.29015770,0.03066223,0.17945663,-0.19981763,-0.02953174,0.06620323,-0.26907534,0.02759028,0.16665638,-0.22283424,-0.02488526,0.08175897,-0.24480522,0.03721216,-0.04488973,-0.21510911,-0.02026005,0.08509908,0.25236567,0.00272385,-0.12285499,-0.28234642,0.01489089,0.15706893,0.30418699,-0.03207632,-0.18675450,-0.31725770,0.04833697,0.21105585,0.32118172,0.00907251,-0.00337943,-0.99995313,-0.02229348,0.03065491,0.00000000,0.02007696,0.00000000,0.00000000
10203360000000,synthetic_50hz_03,168,0.02,80.62284284,80.17848890,12.67693159,12.70756350,12.74098553,1.63818403,122.64075559,1,1,0,0,1,0.00896665,0.00000000,0.00000000,0.02431025,0.05738658,0.05281289,-0.02511012,-0.05379605,-0.04233487,0.02518605,0.04865457,0.03063631,-0.02453585,-0.04211034,-0.01805449,0.02317827,0.03435206,0.00495215,-0.02115246,-0.02560339,0.00829296,0.03121596,0.18451621,-0.18638850,-0.03137677,0.05863356,-0.28424881,0.03068822,0.17651418,-0.20637273,-0.02916342,0.06989813,-0.26206260,0.02683861,0.16231556,-0.23010280,-0.02377231,0.08662054,-0.23749005,0.02805566,-0.06739593,-0.23698882,-0.01068021,0.10648604,0.27044132,-0.00700315,-0.14250612,-0.29609688,0.02448461,0.17441768,0.31321582,-0.04126017,-0.20130069,-0.32130460,0.05684618,0.22238011,0.32013002,0.00877755,-0.00293304,-0.99995718,-0.02234461,0.03088836,0.00000000,0.02303243,0.00000000,0.00000000
10203380000000,synthetic_50hz_03,169,0.02,80.35075377,80.21294187,12.70383424,12.74098553,12.79184952,1.64706292,122.70090046,1,1,0,0,1,0.00976151,0.00000000,0.00000000,0.02488945,0.05567069,0.04719676,-0.02528617,-0.05118829,-0.03597624,0.02495387,0.04523011,0.02371851,-0.02390214,-0.03796793,-0.01077697,0.02216130,0.02961111,-0.00247528,-0.01978154,-0.02040059,0.01565617,0.03182006,0.18277768,-0.19205400,-0.03158353,0.06125751,-0.27784198,0.03049194,0.17308032,-0.21333659,-0.02857008,0.07404298,-0.25474208,0.02586567,0.15757918,-0.23756932,-0.02244821,0.09181183,-0.23009246,0.01844326,-0.08983331,-0.25730594,-0.00078627,0.12743740,0.28657484,-0.01689340,-0.16136741,-0.30758165,0.03408602,0.19064512,0.31972075,-0.05029592,-0.21442645,-0.32264214,0.06505577,0.23202576,0.31626161,0.00847390,-0.00248570,-0.99996101,-0.02238851,0.03111575,0.00000000,0.02637455,0.00000000,0.00000000
10203400000000,synthetic_50hz_03,170,0.02,80.36664727,80.24368295,12.74080066,12.79184952,12.84562519,1.65594895,122.75668843,1,1,0,0,1,0.01066831,0.00000000,0.00000000,0.02525491,0.05340405,0.04101326,-0.02523512,-0.04804926,-0.02913499,0.02448778,0.04130919,0.01641675,-0.02303445,-0.03337816,-0.00322520,0.02091703,0.02448482,-0.01005934,-0.01819655,-0.01488557,0.02305385,0.03221017,0.18048813,-0.19828689,-0.03156295,0.06441301,-0.27095247,0.03006154,0.16914969,-0.22068453,-0.02774258,0.07863549,-0.24714716,0.02466529,0.15245716,-0.24519264,-0.02090993,0.09731565,-0.22266017,0.00841273,-0.11204349,-0.27582407,0.00937329,0.14778224,0.30053506,-0.02688908,-0.17926036,-0.31658148,0.04362964,0.20557033,0.32350071,-0.05911234,-0.22595360,-0.32109326,0.07289080,0.23982252,0.30942854,0.00816062,-0.00203755,-0.99996463,-0.02242515,0.03133705,0.00000000,0.03016766,0.00000000,0.00000000
10203420000000,synthetic_50hz_03,171,0.02,80.38325338,80.27159704,12.78482696,12.84562519,12.90161191,1.66484638,122.80929754,1,1,0,0,1,0.01170349,0.00000000,0.00000000,0.02538912,0.05056540,0.03426916,-0.02494163,-0.04436555,-0.02182863,0.02377506,0.03688661,0.00875878,-0.02192304,-0.02834423,0.00456360,0.01943898,0.01898466,-0.01775440,-0.01639447,-0.00907776,0.03043334,0.03236875,0.17762630,-0.20508042,-0.03129969,0.06811349,-0.26359777,0.02938429,0.16471711,-0.22838878,-0.02667118,0.08367247,-0.23931506,0.02323099,0.14696098,-0.25292717,-0.01915446,0.10311256,-0.21524586,-0.00199401,-0.13385220,-0.29228420,0.01974485,0.16733279,0.31206898,-0.03692643,-0.19598910,-0.32285666,0.05304340,0.21899495,0.32433623,-0.06763111,-0.23568708,-0.31646504,0.08026898,0.24558423,0.29947001,0.00783661,-0.00158874,-0.99996803,-0.02245452,0.03155221,0.00000000,0.03448595,0.00000000,0.00000000
10203440000000,synthetic_50hz_03,172,0.02,80.67412557,80.35210275,12.83387664,12.90161191,12.94887875,1.67375934,122.85981335,1,1,0,0,1,0.01288611,0.00000000,0.00000000,0.02527282,0.04713195,0.02697317,-0.02438892,-0.04012314,-0.01407782,0.02280187,0.03195756,0.00077659,-0.02055744,-0.02287062,0.01254702,0.01772033,0.01312432,-0.02550890,-0.01437233,-0.00299964,0.03773534,0.03227655,0.17416941,-0.21242586,-0.03077696,0.07237294,-0.25579855,0.02844636,0.15977775,-0.23641736,-0.02534541,0.08914943,-0.23128818,0.02155594,0.14110430,-0.26072131,-0.01717882,0.10918007,-0.20790881,-0.01272932,-0.15506370,-0.30639721,0.03026778,0.18587858,0.32089471,-0.04693361,-0.21133449,-0.32614067,0.06224632,0.23069753,0.32198384,-0.07576444,-0.24340945,-0.30854407,0.08709824,0.24910376,0.28620883,0.00750058,-0.00113942,-0.99997122,-0.02247662,0.03176118,0.00000000,0.03941495,0.00000000,0.00000000
10203460000000,synthetic_50hz_03,173,0.02,80.68318196,80.41831859,12.88217753,12.94887875,12.99984990,1.68269112,122.90925749,1,1,0,0,1,0.01423824,0.00000000,0.00000000,0.02488456,0.04307927,0.01913707,-0.02355842,-0.03530761,-0.00590774,0.02155307,0.02651801,-0.00749192,-0.01892635,-0.01696389,0.02067558,0.01575397,0.00692069,-0.03326315,-0.01212739,0.00332204,0.04489173,0.03191212,0.17009300,-0.22031143,-0.02997619,0.07720581,-0.24757999,0.02723260,0.15432760,-0.24473238,-0.02375396,0.09505983,-0.22311602,0.01963303,0.13490402,-0.26851539,-0.01498027,0.11549144,-0.20071716,-0.02373735,-0.17545327,-0.31783458,0.04087169,0.20317882,0.32669296,-0.05682769,-0.22504663,-0.32613264,0.07114532,0.24042624,0.31616975,-0.08341180,-0.24887425,-0.29709155,0.09327347,0.25014710,0.26944805,0.00715103,-0.00068973,-0.99997419,-0.02249144,0.03196392,0.00000000,0.04505325,0.00000000,0.00000000
10203480000000,synthetic_50hz_03,174,0.02,80.72324532,80.47930393,12.93159992,12.99984990,13.05262634,1.69164457,122.95861365,1,1,0,0,1,0.01578541,0.00000000,0.00000000,0.02420027,0.03838144,0.01077747,-0.02242950,-0.02990468,0.00264967,0.02001207,0.02056576,-0.01600043,-0.01701768,-0.01063391,0.02888988,0.01353266,0.00039548,-0.04094643,-0.00965750,0.00985435,0.05182247,0.03125141,0.16537118,-0.22872051,-0.02887676,0.08262636,-0.23897405,0.02572642,0.14836443,-0.25328749,-0.02188475,0.10139378,-0.21485796,0.01745503,0.12838186,-0.27623868,-0.01255666,0.12201375,-0.19375095,-0.03495054,-0.19475713,-0.32621703,0.05147252,0.21895245,0.32909689,-0.06651053,-0.23683526,-0.32248874,0.07963100,0.24789001,0.30658309,-0.09045568,-0.25179798,-0.28183850,0.09867248,0.24844649,0.24896838,0.00678624,-0.00023981,-0.99997694,-0.02249896,0.03216041,0.00000000,0.05151431,0.00000000,0.00000000
10203500000000,synthetic_50hz_03,175,0.02,80.95910876,80.57526490,12.98243102,13.05262634,13.09948610,1.70062218,123.00885152,1,1,0,0,1,0.01755711,0.00000000,0.00000000,0.02319286,0.03301177,0.00191865,-0.02097926,-0.02390142,0.01155250,0.01816083,0.01410198,-0.02469059,-0.01481881,-0.00389597,0.03711683,0.01104956,-0.00642236,-0.04847298,-0.00696174,0.01655553,0.05843163,0.03026728,0.15997724,-0.23762885,-0.02745577,0.08864755,-0.23002262,0.02390978,0.14188945,-0.26202436,-0.01972515,0.10813600,-0.20658713,0.01501508,0.12156676,-0.28380542,-0.00990708,0.12870523,-0.18710610,-0.04628450,-0.21265930,-0.33110089,0.06196711,0.23286541,0.32768054,-0.07586317,-0.24635791,-0.31481302,0.08757206,0.25274779,0.29286928,-0.09675621,-0.25185084,-0.26248199,0.10315084,0.24369290,0.22452722,0.00640418,0.00021018,-0.99997947,-0.02249920,0.03235058,0.00000000,0.05892842,0.00000000,0.00000000
10203520000000,synthetic_50hz_03,176,0.02,81.55311758,80.77083544,13.03159415,13.09948610,13.12815240,1.70962580,123.06094905,1,1,0,0,1,0.01958731,0.00000000,0.00000000,0.02183185,0.02694424,-0.00740325,-0.01918255,-0.01728830,0.02074413,0.01598020,0.00713394,-0.03348694,-0.01231714,0.00322610,0.04526431,0.00829897,-0.01349312,-0.05573669,-0.00404153,0.02337114,0.06460216,0.02892930,0.15388519,-0.24700028,-0.02568804,0.09527886,-0.22078234,0.02176354,0.13490991,-0.27086753,-0.01726256,0.11526265,-0.19839561,0.01230749,0.11449843,-0.29110951,-0.00703293,0.13551144,-0.18089967,-0.05763090,-0.22877474,-0.33196247,0.07222584,0.24451485,0.32194625,-0.08473848,-0.25320549,-0.30264817,0.09480806,0.25459609,0.27462460,-0.10214428,-0.24864657,-0.23868348,0.10653564,0.23552846,0.19586100,0.00600253,0.00066011,-0.99998177,-0.02249216,0.03253442,0.00000000,0.06744470,0.00000000,0.00000000
10203540000000,synthetic_50hz_03,177,0.02,81.65752185,80.94817272,13.07214862,13.12815240,13.16109955,1.71865586,123.11591330,1,1,0,0,1,0.02191505,0.00000000,0.00000000,0.02008344,0.02015633,-0.01713393,-0.01701226,-0.01006280,0.03014653,0.01345061,-0.00032084,-0.04228999,-0.00950117,0.01069524,0.05321421,0.00527781,-0.02076128,-0.06260424,-0.00090229,0.03022877,0.07018936,0.02720364,0.14707248,-0.25678050,-0.02354650,0.10252284,-0.21133122,0.01926810,0.12744332,-0.27971750,-0.01448549,0.12273667,-0.19040154,0.00932918,0.10723240,-0.29801761,-0.00393963,0.14235997,-0.17527636,-0.06884767,-0.24262812,-0.32818106,0.08208281,0.25340982,0.31131216,-0.09295147,-0.25688559,-0.28546799,0.10114030,0.25295523,0.25139364,-0.10641320,-0.24173206,-0.21007149,0.10861816,0.22353963,0.16269288,0.00557860,0.00110982,-0.99998382,-0.02247782,0.03271188,0.00000000,0.07723317,0.00000000,0.00000000
10203560000000,synthetic_50hz_03,178,0.02,82.21115165,81.20076850,13.10950801,13.16109955,13.18072475,1.72771230,123.17479987,1,1,0,0,1,0.02458505,0.00000000,0.00000000,0.01791092,0.01263364,-0.02719204,-0.01444039,-0.00223482,0.03965098,0.01055353,-0.00822842,-0.05096676,-0.00636242,0.01845444,0.06081315,0.00198787,-0.02814841,-0.06890627,0.00244399,0.03703085,0.07501279,0.02505359,0.13952473,-0.26688817,-0.02100311,0.11036959,-0.20177800,0.01640496,0.11952363,-0.28844128,-0.01138543,0.13050108,-0.18275828,0.00608193,0.09984708,-0.30436036,-0.00063918,0.14915326,-0.17041661,-0.07974581,-0.25362798,-0.31902205,0.09132291,0.25894874,0.29510188,-0.10026714,-0.25680390,-0.26267380,0.10632061,0.24725528,0.22267270,-0.10930881,-0.23057817,-0.17625185,0.10914558,0.20725339,0.12474957,0.00512933,0.00155917,-0.99998563,-0.02245620,0.03288293,0.00000000,0.08848658,0.00000000,0.00000000
10203580000000,synthetic_50hz_03,179,0.02,82.24756831,81.41012847,13.13941904,13.18072475,13.20977681,1.73679416,123.23873097,1,1,0,0,1,0.02764833,0.00000000,0.00000000,0.01527602,0.00437737,-0.03745666,-0.01143993,0.00616485,0.04910545,0.00727403,-0.01652934,-0.05933850,-0.00289841,0.02641728,0.06786080,-0.00156077,-0.03554359,-0.07442663,0.00597495,0.04364517,0.07884672,0.02244090,0.13124313,-0.27720236,-0.01803090,0.11878832,-0.19227470,0.01315917,0.11121031,-0.29686013,-0.00795994,0.13846941,-0.17566619,0.00257583,0.09245341,-0.30992163,0.00284607,0.15575909,-0.16654614,-0.09007210,-0.26103661,-0.30362333,0.09966542,0.26039475,0.27254011,-0.10638534,-0.25224559,-0.23359942,0.11003812,0.23682407,0.18792396,-0.11051845,-0.21457480,-0.13683056,0.10781248,0.18613924,0.08179227,0.00465118,0.00200802,-0.99998717,-0.02242730,0.03304754,0.00000000,0.10142202,0.00000000,0.00000000
10203600000000,synthetic_50hz_03,180,0.02,82.93607810,81.71531839,13.16896930,13.20977681,13.22214123,1.74590057,123.30891161,1,1,0,0,1,0.03116275,0.00000000,0.00000000,0.01214170,-0.00458426,-0.04775034,-0.00798848,0.01507227,0.05829801,0.00360495,-0.02512574,-0.06716493,0.00088251,0.03445483,0.07409545,-0.00534454,-0.04279056,-0.07888976,0.00965247,0.04989262,0.08140964,0.01932851,0.12225591,-0.28754562,-0.01460744,0.12771508,-0.18303325,0.00952357,0.10260121,-0.30473377,-0.00421732,0.14651276,-0.16938695,-0.00116557,0.08520765,-0.31442583,0.00647801,0.16199835,-0.16394648,-0.09948693,-0.26393734,-0.28099064,0.10674380,0.25685122,0.24276053,-0.11092320,-0.24235996,-0.19753152,0.11190462,0.22088135,0.14660759,-0.10965979,-0.19303462,-0.09145689,0.10425342,0.15962262,0.03366945,0.00414015,0.00245621,-0.99998841,-0.02239114,0.03320566,0.00000000,0.11628187,0.00000000,0.00000000
10203620000000,synthetic_50hz_03,181,0.02,83.14988638,82.00223199,13.19130151,13.22214123,13.23987889,1.75502993,123.38664324,1,1,0,0,1,0.03519359,0.00000000,0.00000000,0.00847710,-0.01417906,-0.05781670,-0.00407401,0.02437275,0.06693582,-0.00044653,-0.03386376,-0.07412514,0.00495421,0.04237846,0.07917739,-0.00931904,-0.04967138,-0.08194693,0.01341521,0.05553224,0.08235390,0.01568556,0.11263526,-0.29766157,-0.01072070,0.13703518,-0.17434651,0.00550535,0.09385020,-0.31174128,-0.00018375,0.15444251,-0.16426028,-0.00509786,0.07832773,-0.31752425,0.01019528,0.16763008,-0.16296528,-0.10753737,-0.26120329,-0.25001139,0.11208232,0.24724309,0.20483658,-0.11339589,-0.22615476,-0.15375624,0.11144020,0.19854627,0.09824303,-0.10627164,-0.16521361,-0.03989743,0.09803921,0.12711776,-0.01959843,0.00359174,0.00290361,-0.99998933,-0.02234773,0.03335728,0.00000000,0.13333388,0.00000000,0.00000000
10203640000000,synthetic_50hz_03,182,0.02,83.29014834,82.25981526,13.21170401,13.23987889,13.26554275,1.76418068,123.47333394,1,1,0,0,1,0.03981386,0.00000000,0.00000000,0.00426582,-0.02426675,-0.06729233,0.00029590,0.03387678,0.07461976,-0.00484909,-0.04251013,-0.07979586,0.00926248,0.04991790,0.08267141,-0.01340883,-0.05588650,-0.08316351,0.01716860,0.06024388,0.08125796,0.01149565,0.10252146,-0.30718679,-0.00637826,0.14655912,-0.16661359,0.00113581,0.08519053,-0.31745940,0.00408661,0.16198836,-0.16072141,-0.00914560,0.07211319,-0.31878224,0.01390332,0.17233414,-0.16402406,-0.11362641,-0.25147635,-0.20950277,0.11507134,0.23031381,0.15785095,-0.11319871,-0.20251123,-0.10164821,0.10806251,0.16887015,0.04251491,-0.09981082,-0.13036047,0.01784411,0.08868154,0.08809243,-0.07768868,0.00300089,0.00335007,-0.99998989,-0.02229707,0.03350236,0.00000000,0.15286976,0.00000000,0.00000000
10203660000000,synthetic_50hz_03,183,0.02,82.91552028,82.39095626,13.23431628,13.26554275,13.31810727,1.77335182,123.57050354,1,1,0,0,1,0.04510447,0.00000000,0.00000000,-0.00048106,-0.03460613,-0.07567367,0.00508036,0.04328857,0.08081669,-0.00953320,-0.05072298,-0.08362973,0.01371119,0.05669503,0.08403169,-0.01749389,-0.06103253,-0.08201097,0.02077222,0.06361043,0.07762583,0.00676987,0.09215570,-0.31561773,-0.00162102,0.15599109,-0.16036762,-0.00351550,0.07696409,-0.32134075,0.00849760,0.16877222,-0.15931615,-0.01318876,0.06696744,-0.31767128,0.01746173,0.17569342,-0.16761884,-0.11698191,-0.23317179,-0.15831790,0.11494591,0.20465494,0.10102758,-0.10959596,-0.17023780,-0.04082460,0.10108630,0.13091262,-0.02055538,-0.08966229,-0.08781318,0.08134273,0.07565326,0.04218203,-0.13978494,0.00236197,0.00379544,-0.99999001,-0.02223919,0.03364088,0.00000000,0.17520190,0.00000000,0.00000000
10203680000000,synthetic_50hz_03,184,0.02,83.52009051,82.61678311,13.26950849,13.31810727,13.35614821,1.78254411,123.67978174,1,1,0,0,1,0.05115403,0.00000000,0.00000000,-0.00570566,-0.04481276,-0.08228241,0.01018566,0.05216740,0.08483363,-0.01437201,-0.05801803,-0.08493906,0.01814400,0.06219598,0.08259565,-0.02139289,-0.06458079,-0.07787098,0.02402502,0.06510370,0.07090124,0.00156608,0.08192244,-0.32227607,0.00345732,0.16489038,-0.15630161,-0.00832173,0.06965516,-0.32269765,0.01289289,0.17428019,-0.16070707,-0.01704605,0.06341916,-0.31357304,0.02066944,0.17717971,-0.17430588,-0.11663343,-0.20453524,-0.09554469,0.11077710,0.16879573,0.03395844,-0.10172702,-0.12818977,0.02860684,0.08974409,0.08388804,-0.09034738,-0.07517380,-0.03716778,0.14948316,0.05843622,-0.01062405,-0.20430927,0.00166884,0.00423958,-0.99998962,-0.02217410,0.03377280,0.00000000,0.20065718,0.00000000,0.00000000
10203700000000,synthetic_50hz_03,185,0.02,83.72279838,82.83798617,13.30589717,13.35614821,13.39918477,1.79175833,123.80289686,1,1,0,0,1,0.05805819,0.00000000,0.00000000,-0.01127641,-0.05430902,-0.08623736,0.01543932,0.05988526,0.08580341,-0.01915711,-0.06373499,-0.08289572,0.02232259,0.06574720,0.07759810,-0.02484450,-0.06586390,-0.07006329,0.02665013,0.06408170,0.06050853,-0.00398413,0.07239928,-0.32628062,0.00868428,0.17262899,-0.15528270,-0.01307450,0.06392402,-0.32070196,0.01703416,0.17783875,-0.16565939,-0.02045610,0.06213572,-0.30580727,0.02324959,0.17615104,-0.18466084,-0.11141183,-0.16379316,-0.02084241,0.10149239,0.12139328,-0.04303565,-0.08864688,-0.07549357,0.10567296,0.07324563,0.02741735,-0.16526367,-0.05573268,0.02144932,0.22008976,0.03661293,-0.06969761,-0.26857055,0.00091486,0.00468235,-0.99998862,-0.02210183,0.03389810,0.00000000,0.22956734,0.00000000,0.00000000
10203720000000,synthetic_50hz_03,186,0.02,84.25239532,83.12086800,13.34507796,13.39918477,13.43531895,1.80099547,123.94165222,1,1,0,0,1,0.06591828,0.00000000,0.00000000,-0.01695328,-0.06227340,-0.08644868,0.02055851,0.06558942,0.08269892,-0.02357103,-0.06701447,-0.07656490,0.02590398,0.06650747,0.06822348,-0.02749012,-0.06408302,-0.05791515,0.02828370,0.05981103,0.04593709,-0.00964074,0.06440775,-0.32654154,0.01377702,0.17835418,-0.15833804,-0.01745632,0.06063006,-0.31441888,0.02057844,0.17860665,-0.17498864,-0.02306033,0.06391595,-0.29370121,0.02483832,0.17187401,-0.19919432,-0.09999816,-0.10945591,0.06503360,0.08595179,0.06157742,-0.12837126,-0.06942740,-0.01192363,0.18800791,0.05090138,-0.03807393,-0.24222421,-0.03090786,0.08697380,0.28945707,0.01002324,-0.13336617,-0.32834475,0.00009299,0.00512360,-0.99998687,-0.02202240,0.03401676,0.00000000,0.26225472,0.00000000,0.00000000
10203740000000,synthetic_50hz_03,187,0.02,84.62768836,83.42223207,13.38297918,13.43531895,13.47348975,1.81025619,124.09788683,1,1,0,0,1,0.07483917,0.00000000,0.00000000,-0.02234819,-0.06760512,-0.08166154,0.02511709,0.06818813,0.07440303,-0.02716185,-0.06680524,-0.06499945,0.02842353,0.06349632,0.05372190,-0.02886574,-0.05835678,-0.04089553,0.02847574,0.05153478,0.02689012,-0.01501568,0.05904861,-0.32180399,0.01830942,0.18097418,-0.16658473,-0.02101528,0.06082453,-0.30290125,0.02306108,0.17560344,-0.18944473,-0.02439474,0.06964125,-0.27672383,0.02498567,0.16359170,-0.21820314,-0.08106176,-0.04084613,0.15948073,0.06311827,-0.01048832,-0.21847843,-0.04335506,0.06152039,0.27117730,0.02234190,-0.11077880,-0.31605799,-0.00068461,0.15684340,0.35182659,-0.02099242,-0.19838614,-0.37745186,-0.00080406,0.00556319,-0.99998420,-0.02193584,0.03412875,0.00000000,0.29901271,0.00000000,0.00000000
10203760000000,synthetic_50hz_03,188,0.02,84.94039795,83.72586525,13.42099362,13.47348975,13.51751724,1.81954101,124.27341738,1,1,0,0,1,0.08492615,0.00000000,0.00000000,-0.02688926,-0.06893438,-0.07058931,0.02852165,0.06639084,0.05987247,-0.02933175,-0.06193323,-0.04742947,0.02929620,0.05569005,0.03361906,-0.02841603,-0.04784130,-0.01883940,0.02671661,0.03861326,0.00351659,-0.01953706,0.05769169,-0.31078135,0.02168806,0.17919848,-0.18106605,-0.02315355,0.06568148,-0.28537918,0.02389704,0.16780541,-0.20950196,-0.02390398,0.08015547,-0.25471011,0.02318198,0.15066443,-0.24153832,-0.05354143,0.04107916,0.25708505,0.03236981,-0.09278476,-0.30693242,-0.01026494,0.14181534,0.34793077,-0.01213586,-0.18675732,-0.37889813,0.03418679,0.22631500,0.39894167,-0.05525209,-0.25934791,-0.40748354,-0.00178360,0.00600097,-0.99998040,-0.02184217,0.03423405,0.00000000,0.34007994,0.00000000,0.00000000
10203780000000,synthetic_50hz_03,189,0.02,84.76667540,83.93402728,13.46153354,13.51751724,13.58668686,1.82885073,124.46995841,1,1,0,0,1,0.09628057,0.00000000,0.00000000,-0.02980746,-0.06472637,-0.05218691,0.03001628,0.05884973,0.03843846,-0.02935971,-0.05127643,-0.02358180,0.02785670,0.04222481,0.00804527,-0.02555056,-0.03195582,0.00772321,0.02250778,0.02076553,-0.02326903,-0.02243585,0.06187178,-0.29242854,0.02315703,0.17167922,-0.20245079,-0.02315012,0.07632293,-0.26157949,0.02242104,0.15434871,-0.23503003,-0.02099764,0.09603938,-0.22819005,0.01892872,0.13281125,-0.26828540,-0.01712578,0.13259620,0.34858126,-0.00600465,-0.18037604,-0.38362093,0.02896197,0.22295556,0.40760064,-0.05108430,-0.25910716,-0.41982902,0.07173384,0.28778859,0.41995354,-0.09031527,-0.30817294,-0.40797060,-0.00285268,0.00643681,-0.99997521,-0.02174142,0.03433264,0.00000000,0.38560816,0.00000000,0.00000000
10203800000000,synthetic_50hz_03,190,0.02,85.02367610,84.15195704,13.51409794,13.58668686,13.66165152,1.83818747,124.68901942,1,1,0,0,1,0.10899432,0.00000000,0.00000000,-0.03017693,-0.05354238,-0.02610820,0.02874693,0.04445815,0.01027328,-0.02648814,-0.03409217,0.00585782,0.02346568,0.02274329,-0.02182004,-0.01976670,-0.01073872,0.03715318,0.01549784,-0.00157546,-0.05141517,-0.02278619,0.07302759,-0.26639940,0.02186229,0.15730977,-0.23056665,-0.02024740,0.09349154,-0.23218793,0.01799374,0.13487604,-0.26484949,-0.01517308,0.11725461,-0.19880281,0.01187448,0.11046512,-0.29639281,0.02703996,0.22589770,0.42010142,-0.05012326,-0.26428921,-0.43435380,0.07176148,0.29506113,0.43608354,-0.09133079,-0.31732630,-0.42524080,0.10826699,0.33044281,0.40213817,-0.12208179,-0.33403250,-0.36744170,-0.00401767,0.00687056,-0.99996833,-0.02163362,0.03442451,0.00000000,0.43562402,0.00000000,0.00000000
10203820000000,synthetic_50hz_03,191,0.02,85.23753493,84.36907262,13.57607044,13.66165152,13.74495289,1.84755418,124.93177909,1,1,0,0,1,0.12314304,0.00000000,0.00000000,-0.02705157,-0.03451675,0.00665263,0.02392366,0.02284787,-0.02300243,-0.02010602,-0.01052027,0.03868906,0.01570872,-0.00211064,-0.05326026,-0.01085852,0.01468070,0.06629595,0.00569527,-0.02682750,-0.07742029,-0.01964198,0.09202479,-0.23368813,0.01701389,0.13572189,-0.26379302,-0.01383436,0.11704751,-0.19940483,0.01020070,0.11003126,-0.29624374,-0.00622438,0.14267185,-0.16970291,0.00202777,0.08520824,-0.32235900,0.07548556,0.30799402,0.45340897,-0.09574459,-0.33079238,-0.44162319,0.11324325,0.34405384,0.41710521,-0.12747706,-0.34739607,-0.38056189,0.13803565,0.34072271,0.33304679,-0.14461461,-0.32422615,-0.27592981,-0.00528380,0.00730209,-0.99995938,-0.02151882,0.03450962,0.00000000,0.48998649,0.00000000,0.00000000
10203840000000,synthetic_50hz_03,192,0.02,85.69915906,84.63508991,13.64700107,13.74495289,13.82750100,1.85695441,125.19894059,1,1,0,0,1,0.13877840,0.00000000,0.00000000,-0.01973786,-0.00805636,0.04304482,0.01511004,-0.00493726,-0.05771228,-0.01004660,0.01778854,0.07071587,0.00469351,-0.03012696,-0.08168068,0.00079490,0.04159682,0.09029061,-0.00626039,-0.05186741,-0.09629741,-0.01230972,0.11845651,-0.19734549,0.00817541,0.10795945,-0.29845350,-0.00374427,0.14534008,-0.16742623,-0.00085038,0.08202438,-0.32461809,0.00546938,0.16958548,-0.14575128,-0.00997190,0.06016380,-0.34119701,0.12163627,0.36064140,0.42814808,-0.13570461,-0.36190060,-0.38747176,0.14586052,0.35272604,0.33562444,-0.15181120,-0.33338223,-0.27410091,0.15338509,0.30442685,0.20467492,-0.15053683,-0.26669470,-0.12934806,-0.00665465,0.00773125,-0.99994797,-0.02139705,0.03458797,0.00000000,0.54834277,0.00000000,0.00000000
10203860000000,synthetic_50hz_03,193,0.02,86.21350172,84.95077227,13.72281104,13.82750100,13.90926982,1.86639167,125.49057553,1,1,0,0,1,0.15591973,0.00000000,0.00000000,-0.00820910,0.02336137,0.07746194,0.00262639,-0.03575145,-0.08783222,0.00303203,0.04711080,0.09567026,-0.00860304,-0.05711193,-0.10075009,0.01392602,0.06546649,0.10292524,-0.01884751,-0.07193363,-0.10213301,-0.00076268,0.14984531,-0.16297790,-0.00433284,0.07716821,-0.32852404,0.00936479,0.17464583,-0.14252011,-0.01418258,0.05504917,-0.34364130,0.01864066,0.19345237,-0.13315983,-0.02260289,0.04009336,-0.34699330,0.15564173,0.36249899,0.32718214,-0.16009067,-0.33822789,-0.25931411,0.15992412,0.30420553,0.18396993,-0.15514688,-0.26141277,-0.10332181,0.14589668,0.21108337,0.01969487,-0.13244022,-0.15466833,0.06449988,-0.00813150,0.00815790,-0.99993366,-0.02126834,0.03465955,0.00000000,0.61008750,0.00000000,0.00000000
10203880000000,synthetic_50hz_03,194,0.02,86.61407781,85.28343338,13.80112373,13.90926982,13.99629104,1.87586916,125.80596920,1,1,0,0,1,0.17454589,0.00000000,0.00000000,0.00642140,0.05462886,0.10195688,-0.01203780,-0.06400310,-0.10549865,0.01730715,0.07153211,0.10599885,-0.02207753,-0.07699882,-0.10344306,0.02621140,0.08024561,0.09790495,-0.02958958,-0.08117889,-0.08954420,0.01388580,0.18108362,-0.13853248,-0.01902136,0.04893978,-0.34614104,0.02367010,0.19905033,-0.13223987,-0.02769250,0.03517234,-0.34628797,0.03096602,0.20822839,-0.13822345,-0.03338868,0.03084418,-0.33436500,0.16557060,0.29470899,0.14534291,-0.15785340,-0.24511274,-0.05861235,0.14558520,0.18844977,-0.02980804,-0.12911972,-0.12635371,0.11736904,0.10893166,0.06061481,-0.20154624,-0.08560304,0.00687164,0.27991277,-0.00971280,0.00858191,-0.99991601,-0.02113274,0.03472433,0.00000000,0.67433156,0.00000000,0.00000000
10203900000000,synthetic_50hz_03,195,0.02,86.85130475,85.59700765,13.88309400,13.99629104,14.09488818,1.88538998,126.14348375,1,1,0,0,1,0.19458817,0.00000000,0.00000000,0.02158268,0.07823808,0.10773574,-0.02602994,-0.08218757,-0.10279575,0.02972674,0.08376754,0.09489210,-0.03256651,-0.08293246,-0.08425268,0.03446737,0.07970639,0.07118420,-0.03537452,-0.07418236,-0.05606346,0.02906478,0.20466342,-0.13280311,-0.03303756,0.03077882,-0.34338869,0.03611963,0.21126866,-0.14339504,-0.03821671,0.02924905,-0.32705117,0.03926179,0.20768576,-0.16498767,-0.03921720,0.03783710,-0.30084459,0.14065808,0.15008547,-0.10011882,-0.12036959,-0.08172560,0.18982957,0.09661080,0.01100954,-0.27406745,-0.07006667,0.06002393,0.35040384,0.04150249,-0.12932688,-0.41663792,-0.01174177,0.19490128,0.47086013,-0.01139370,0.00900313,-0.99989456,-0.02099030,0.03478230,0.00000000,0.73988810,0.00000000,0.00000000
10203920000000,synthetic_50hz_03,196,0.02,87.19320243,85.91624661,13.97204756,14.09488818,14.19944343,1.89495752,126.50045896,1,1,0,0,1,0.21592545,0.00000000,0.00000000,0.03341128,0.08586319,0.08817616,-0.03546819,-0.08275730,-0.07489330,0.03650253,0.07726547,0.05945123,-0.03648449,-0.06954605,-0.04229515,0.03541459,0.05982158,0.02391968,-0.03332367,-0.04837243,-0.00485460,0.04091079,0.21225885,-0.15241216,-0.04249960,0.03023285,-0.31543676,0.04292512,0.20474921,-0.17888440,-0.04216970,0.04264612,-0.28504713,0.04024862,0.18779724,-0.21229582,-0.03720978,0.06364372,-0.24959587,0.07654823,-0.05633309,-0.36220834,-0.04660749,0.12962954,0.43309186,0.01532305,-0.19918871,-0.49148913,0.01640317,0.26300518,0.53571655,-0.04765648,-0.31923908,-0.56449900,0.07753583,0.36626918,0.57700669,-0.01316565,0.00942144,-0.99986895,-0.02084105,0.03483346,0.00000000,0.80528328,0.00000000,0.00000000
10203940000000,synthetic_50hz_03,197,0.02,88.19239350,86.37147599,14.06755382,14.19944343,14.28388271,1.90457542,126.87317040,1,1,0,0,1,0.23838260,0.00000000,0.00000000,0.03768347,0.07140939,0.04274389,-0.03652060,-0.06125496,-0.02369708,0.03430482,0.04933452,0.00396708,-0.03110002,-0.03599174,0.01587730,0.02699860,0.02161130,-0.03526393,-0.02211879,-0.00660780,0.05363388,0.04520010,0.19777514,-0.19789389,-0.04357553,0.05175922,-0.26419105,0.04075685,0.17680058,-0.23441709,-0.03682001,0.07621138,-0.22682805,0.03187206,0.14958294,-0.27152320,-0.02604818,0.10540536,-0.19106735,-0.01907289,-0.28086847,-0.56729409,0.05199723,0.33973163,0.59677394,-0.08342247,-0.38880018,-0.60904853,0.11244260,0.42665944,0.60376396,-0.13822095,-0.45221790,-0.58107260,0.16001433,0.46473872,0.54162864,-0.01501631,0.00983669,-0.99983887,-0.02068505,0.03487779,0.00000000,0.86879814,0.00000000,0.00000000
10203960000000,synthetic_50hz_03,198,0.02,88.98581176,86.89434314,14.15841196,14.28388271,14.35950427,1.91424606,127.25686064,1,1,0,0,1,0.26173315,0.00000000,0.00000000,0.03147330,0.03466393,-0.01999163,-0.02708165,-0.01965066,0.03989225,0.02190924,0.00407085,-0.05864276,-0.01610517,0.01162632,0.07570257,0.00983678,-0.02698830,-0.09057984,-0.00328479,0.04157220,0.10284565,0.03900677,0.16099952,-0.26067884,-0.03415984,0.09338783,-0.20055220,0.02839047,0.13151896,-0.29707554,-0.02185972,0.12384070,-0.16695605,0.01474948,0.10097901,-0.32688303,-0.00725731,0.15358266,-0.14181536,-0.12377098,-0.45616684,-0.63454101,0.15030081,0.48077546,0.60740908,-0.17249739,-0.49152311,-0.56276526,0.18972079,0.48809991,0.50189665,-0.20147445,-0.47060456,-0.42655814,0.20741951,0.43954147,0.33892175,-0.01692978,0.01024876,-0.99980417,-0.02052236,0.03491528,0.00000000,0.92854402,0.00000000,0.00000000
10203980000000,synthetic_50hz_03,199,0.02,89.79471727,87.47441797,14.24287073,14.35950427,14.42628000,1.92397059,127.64585071,1,1,0,0,1,0.28570658,0.00000000,0.00000000,0.01493494,-0.01636627,-0.08265408,-0.00835724,0.03207259,0.09734309,0.00153860,-0.04685425,-0.10922564,0.00532440,0.06028507,0.11795917,-0.01203389,-0.07197785,-0.12329188,0.01839644,0.08159548,0.12507003,0.02248496,0.10993891,-0.32339070,-0.01545841,0.14513565,-0.14305184,0.00804879,0.08057561,-0.34770709,-0.00046450,0.17251101,-0.12465262,-0.00708214,0.05598482,-0.35963913,0.01438095,0.19360356,-0.11955057,-0.20422114,-0.51171576,-0.50973315,0.21499848,0.48930302,0.42644819,-0.21957730,-0.45278345,-0.33086852,0.21782561,0.40320993,0.22574977,-0.20979390,-0.34201167,-0.11412254,0.19571374,0.27095306,-0.00079489,-0.01888706,0.01065750,-0.99976484,-0.02035301,0.03494593,0.00000000,0.98256944,0.00000000,0.00000000
10204000000000,synthetic_50hz_03,200,0.02,90.52981438,88.08549725,14.31990262,14.42628000,14.48694666,1.93374901,128.03372778,1,1,0,0,1,0.31000000,0.00000000,0.00000000,-0.00783254,-0.06650981,-0.12408588,0.01466619,0.07791165,0.12838616,-0.02107701,-0.08706728,-0.12898499,0.02688017,0.09371271,0.12586513,-0.03190836,-0.09765635,-0.11911652,0.03601662,0.09878453,0.10893373,-0.00026627,0.05976472,-0.36487187,0.00754232,0.19099956,-0.11195922,-0.01453813,0.04034405,-0.36751517,0.02105715,0.20595049,-0.11669973,-0.02691775,0.03030138,-0.35550797,0.03195831,0.21079053,-0.13564630,-0.22767187,-0.40511584,-0.19956544,0.21704221,0.33688308,0.08028355,-0.20015513,-0.25893782,0.04131294,0.17749748,0.17352727,-0.16171837,-0.14972249,-0.08311384,0.27746138,0.11763094,-0.00969579,-0.38520504,-0.02086687,0.01106279,-0.99972108,-0.02017706,0.03496973,0.00000000,1.02898979,0.00000000,0.00000000
10204020000000,synthetic_50hz_03,201,0.02,91.38260747,88.74491929,14.39006112,14.48694666,14.53585185,1.94358046,128.41359126,1,1,0,0,1,0.33429342,0.00000000,0.00000000,-0.02970502,-0.09850000,-0.12780792,0.03456856,0.10153449,0.11954109,-0.03843549,-0.10164170,-0.10782782,0.04119429,0.09881853,0.09300583,-0.04276545,-0.09314637,-0.07550244,0.04310366,0.08478877,0.05582228,-0.02212278,0.02774364,-0.36864326,0.02742226,0.21464750,-0.12075473,-0.03186815,0.02575081,-0.34640678,0.03533737,0.21106847,-0.14951200,-0.03773617,0.03480612,-0.31193822,0.03900268,0.19679301,-0.18871699,-0.17701672,-0.14900585,0.21490727,0.14602334,0.05254720,-0.33418147,-0.11082005,0.04542642,0.44382106,0.07242177,-0.14209037,-0.54066508,-0.03193553,0.23465779,0.62192148,-0.00947143,-0.32045991,-0.68524759,-0.02284677,0.01146449,-0.99967328,-0.01999458,0.03498668,0.00000000,1.06612607,0.00000000,0.00000000
10204040000000,synthetic_50hz_03,202,0.02,92.12675166,89.42128577,14.45129323,14.53585185,14.57661799,1.95346311,128.77832885,1,1,0,0,1,0.35826685,0.00000000,0.00000000,-0.04316358,-0.10011724,-0.08981466,0.04434078,0.09327812,0.07092698,-0.04423962,-0.08374974,-0.04999444,0.04286301,0.07180683,0.02762054,-0.04025064,-0.05779369,-0.00445033,0.03647783,0.04211433,-0.01884819,-0.03556567,0.02609527,-0.33069930,0.03717232,0.20641649,-0.16931927,-0.03764409,0.04362366,-0.28862224,0.03697242,0.18406922,-0.21485016,-0.03518288,0.07015326,-0.24093058,0.03233434,0.15411711,-0.26334654,-0.06139466,0.18410393,0.60025809,0.01835687,-0.27922272,-0.67931660,0.02521016,0.36629139,0.73879010,-0.06805036,-0.44279970,-0.77696394,0.10892865,0.50654189,0.79273754,-0.14666647,-0.55568025,-0.78565616,-0.02480429,0.01186247,-0.99962199,-0.01980563,0.03499677,0.00000000,1.09263507,0.00000000,0.00000000
10204060000000,synthetic_50hz_03,203,0.02,93.04831987,90.14669259,14.50392963,14.57661799,14.60095077,1.96339438,129.12088725,1,1,0,0,1,0.38161740,0.00000000,0.00000000,-0.04340841,-0.06966283,-0.02115434,0.04034408,0.05467171,-0.00279947,-0.03611661,-0.03810439,0.02667257,0.03084788,0.02043850,-0.04977669,-0.02468979,-0.00218335,0.07144573,0.01781989,-0.01613474,-0.09105495,-0.03579512,0.05651831,-0.26208827,0.03315373,0.16783572,-0.24299613,-0.02949313,0.08924963,-0.21200411,0.02492384,0.13271363,-0.29220017,-0.01958375,0.12575774,-0.16507914,0.01363405,0.09586689,-0.33551219,0.08478871,0.48631901,0.82226132,-0.12676644,-0.54863693,-0.83146100,0.16508942,0.59513740,0.81668927,-0.19865280,-0.62447977,-0.77837200,0.22648893,0.63581811,0.71761391,-0.24779528,-0.62882551,-0.63616668,-0.02671818,0.01225661,-0.99956792,-0.01961025,0.03500000,0.00000000,1.10761357,0.00000000,0.00000000
10204080000000,synthetic_50hz_03,204,0.02,93.68285659,90.85392539,14.54467851,14.60095077,14.61969132,1.97337065,129.43450225,1,1,0,0,1,0.40407455,0.00000000,0.00000000,-0.03028940,-0.01667720,0.05643697,0.02377840,-0.00213436,-0.07825580,-0.01658185,0.02088439,0.09781849,0.00890725,-0.03903230,-0.11456102,-0.00097584,0.05605490,0.12800070,-0.00698370,-0.07146141,-0.13775007,-0.02266102,0.10947233,-0.18454620,0.01656645,0.11105555,-0.31840288,-0.00993069,0.14821874,-0.14090714,0.00294998,0.07325588,-0.35693718,0.00416829,0.18398983,-0.10856890,-0.01121173,0.04053936,-0.38216604,0.21500307,0.65732795,0.80107574,-0.24259001,-0.66474813,-0.73235162,0.26318296,0.65300330,0.64251347,-0.27618823,-0.62243209,-0.53415136,0.28123087,0.57391587,0.41038941,-0.27816548,-0.50885338,-0.27479574,-0.02856947,0.01264678,-0.99951187,-0.01940852,0.03499637,0.00000000,1.11066237,0.00000000,0.00000000
10204100000000,synthetic_50hz_03,205,0.02,94.50383385,91.58390708,14.57618389,14.61969132,14.62349593,1.98338779,129.71285976,1,1,0,0,1,0.42541183,0.00000000,0.00000000,-0.00808678,0.04234332,0.11940752,-0.00005981,-0.05960414,-0.13271325,0.00820468,0.07514654,0.14219278,-0.01611300,-0.08852243,-0.14757284,0.02355677,0.09934618,0.14869830,-0.03032139,-0.10730573,-0.14553672,-0.00044360,0.16846101,-0.12162485,-0.00729309,0.05361193,-0.37281073,0.01488328,0.20246094,-0.09658183,-0.02210325,0.02377910,-0.38990160,0.02873878,0.22727464,-0.08791618,-0.03459144,0.00469451,-0.38991125,0.28899570,0.64317451,0.54081360,-0.29316006,-0.59028457,-0.41001435,0.28887247,0.52037646,0.26739419,-0.27625656,-0.43546565,-0.11706493,0.25567604,0.33800016,-0.03663936,-0.22772426,-0.23078997,0.18928733,-0.03034224,0.01303285,-0.99945468,-0.01920051,0.03498588,0.00000000,1.10190270,0.00000000,0.00000000
10204120000000,synthetic_50hz_03,206,0.02,95.11622373,92.29037041,14.59605494,14.62349593,14.62001088,1.99344095,129.95017093,1,1,0,0,1,0.44545411,0.00000000,0.00000000,0.01652354,0.09061473,0.15096906,-0.02413463,-0.10167159,-0.15209712,0.03104991,0.10979721,0.14884015,-0.03707000,-0.11475732,-0.14129204,0.04202135,0.11640893,0.12967042,-0.04576121,-0.11470441,-0.11431034,0.02418121,0.21670034,-0.09011247,-0.03138895,0.01157089,-0.39214500,0.03775568,0.23709138,-0.08998351,-0.04309302,-0.00244216,-0.38357330,0.04724105,0.24433062,-0.10698906,-0.05007312,-0.00270440,-0.35864326,0.28687311,0.45184236,0.12076495,-0.26545262,-0.35053757,0.03890348,0.23637901,0.23912663,-0.19745030,-0.20049049,-0.12082155,0.35030453,0.15882172,-0.00096687,-0.49305932,-0.11257406,0.12272742,0.62159899,-0.03202420,0.01341470,-0.99939716,-0.01898627,0.03496853,0.00000000,1.08194501,0.00000000,0.00000000
10204140000000,synthetic_50hz_03,207,0.02,95.18761759,92.86981985,14.60611644,14.62001088,14.62820762,2.00352491,130.14115770,1,1,0,0,1,0.46408027,0.00000000,0.00000000,0.03707148,0.11665573,0.14552032,-0.04228237,-0.11880269,-0.13420097,0.04627424,0.11752452,0.11901255,-0.04893200,-0.11285806,-0.10039294,0.05017903,0.10493785,0.07887896,-0.04997938,-0.09399224,-0.05509085,0.04474336,0.24270902,-0.09561034,-0.04955746,-0.00553353,-0.37419925,0.05300693,0.24479818,-0.11986019,-0.05498754,-0.00052897,-0.34262662,0.05543622,0.23285247,-0.15782566,-0.05433299,0.01800785,-0.29938199,0.21295760,0.14191223,-0.34181377,-0.17055707,-0.01610157,0.49127507,0.12323931,-0.11017331,-0.62657268,-0.07236850,0.23327184,0.74380590,0.01941128,-0.34964503,-0.83959486,0.03410559,0.45593780,0.91117790,-0.03360684,0.01379219,-0.99934007,-0.01876588,0.03494433,0.00000000,1.05181757,0.00000000,0.00000000
10204160000000,synthetic_50hz_03,208,0.02,95.69980767,93.43581741,14.61539473,14.62820762,14.62626280,2.01363530,130.28095803,1,1,0,0,1,0.48122160,0.00000000,0.00000000,0.04922031,0.11667807,0.10801920,-0.05090674,-0.10953633,-0.08688279,0.05112551,0.09923660,0.06324152,-0.04987031,-0.08607584,-0.03777696,0.04717732,0.07043347,0.01122327,-0.04312418,-0.05276047,0.01565398,0.05690611,0.24269883,-0.13316054,-0.05820233,0.00375977,-0.32683148,0.05788487,0.22648948,-0.17568035,-0.05595814,0.02626748,-0.27996296,0.05247179,0.19834071,-0.22552660,-0.04751932,0.05924000,-0.22859521,0.08995358,-0.20498250,-0.73508361,-0.03576434,0.32741082,0.84056551,-0.01945601,-0.44039973,-0.92181351,0.07411543,0.54069172,0.97648519,-0.12663807,-0.62539531,-1.00300436,0.17550967,0.69206846,1.00060644,-0.03508529,0.01416522,-0.99928405,-0.01853941,0.03491328,0.00000000,1.01286734,0.00000000,0.00000000
10204180000000,synthetic_50hz_03,209,0.02,96.03751595,93.95615712,14.61995932,14.62626280,14.62045888,2.02376793,130.36496904,1,1,0,0,1,0.49685696,0.00000000,0.00000000,0.05145394,0.09375909,0.05001327,-0.04935328,-0.07891453,-0.02340762,0.04582974,0.06179484,-0.00387287,-0.04098490,-0.04289356,0.03104171,0.03495846,0.02275565,-0.05731561,-0.02792414,-0.00196168,0.08193706,0.05915335,0.21974707,-0.19121551,-0.05666907,0.03440876,-0.26330671,0.05261549,0.18902664,-0.24284391,-0.04710480,0.06946428,-0.21109654,0.04029001,0.15065520,-0.29411087,-0.03236064,0.11003948,-0.16227002,-0.05161189,-0.51245669,-0.98308652,0.10680210,0.60699251,1.02328319,-0.15891316,-0.68402846,-1.03397813,0.20644268,0.74134355,1.01486300,-0.24802035,-0.77728536,-0.96648889,0.28244749,0.79081767,0.89025046,-0.03645805,0.01453365,-0.99922964,-0.01830694,0.03487539,0.00000000,0.96664745,0.00000000,0.00000000
10204200000000,synthetic_50hz_03,210,0.02,96.44947352,94.45482040,14.62016914,14.62045888,14.60674813,2.03391883,130.38865213,1,1,0,0,1,0.51100568,0.00000000,0.00000000,0.04468622,0.05517111,-0.01510715,-0.03926636,-0.03541240,0.04241043,0.03271443,0.01463274,-0.06849100,-0.02521933,0.00656879,0.09259695,0.01699714,-0.02758094,-0.11403328,-0.00828492,0.04779792,0.13218198,0.05239895,0.18112607,-0.25638491,-0.04660208,0.07793834,-0.19743906,0.03952632,0.14184320,-0.30751125,-0.03137106,0.11894145,-0.14949347,0.02236557,0.10031063,-0.35087405,-0.01276261,0.15980008,-0.11198284,-0.18326051,-0.72769309,-1.05608080,0.22970002,0.77780060,1.02426417,-0.26951718,-0.80548375,-0.96291752,0.30156403,0.80994443,0.87380951,-0.32491665,-0.79105404,-0.75950916,0.33890178,0.74935719,0.62331181,-0.03772641,0.01489738,-0.99917721,-0.01806853,0.03483067,0.00000000,0.91480523,0.00000000,0.00000000
10204220000000,synthetic_50hz_03,211,0.02,96.79972526,94.92380137,14.61453231,14.60674813,14.58741306,2.04408400,130.34732621,1,1,0,0,1,0.52371943,0.00000000,0.00000000,0.03132267,0.00945009,-0.07574484,-0.02352196,0.01204207,0.09955420,0.01504311,-0.03318705,-0.12049337,-0.00613055,0.05337524,0.13795865,-0.00295875,-0.07202459,-0.15144653,0.01196275,0.08859744,0.16056813,0.03904842,0.13537183,-0.31707154,-0.03087733,0.12542052,-0.14024571,0.02188088,0.09400178,-0.35956285,-0.01231387,0.16576300,-0.10408384,0.00244635,0.05585869,-0.38833293,0.00744404,0.20060090,-0.08355426,-0.28461676,-0.82706589,-0.96436735,0.31523479,0.82561888,0.86650341,-0.33676446,-0.80036888,-0.74365777,0.34858505,0.75204388,0.59937214,-0.35035577,-0.68203710,-0.43780632,0.34202557,0.59236687,0.26361835,-0.03889396,0.01525628,-0.99912705,-0.01782427,0.03477911,0.00000000,0.85898168,0.00000000,0.00000000
10204240000000,synthetic_50hz_03,212,0.02,97.07035934,95.35311296,14.60314223,14.58741306,14.56524063,2.05425943,130.23597515,1,1,0,0,1,0.53507385,0.00000000,0.00000000,0.01428495,-0.03578163,-0.12393505,-0.00523723,0.05606834,0.14120222,-0.00396148,-0.07473857,-0.15439847,0.01304598,0.09125405,0.16314334,-0.02175436,-0.10513863,-0.16718471,0.02983555,0.11599202,0.16640607,0.02202343,0.09010664,-0.36531064,-0.01261197,0.16947475,-0.09854810,0.00290191,0.05242837,-0.39351724,0.00683131,0.20365721,-0.07885116,-0.01631280,0.02273605,-0.40411686,0.02527600,0.22799710,-0.07767374,-0.34521872,-0.81221196,-0.74393270,0.35620634,0.76051626,0.59470613,-0.35692436,-0.68689453,-0.42833391,0.34735210,0.59346931,0.24961262,-0.32776550,-0.48293409,-0.06369488,0.29872928,0.35847566,-0.12405921,-0.03996594,0.01561023,-0.99907929,-0.01757424,0.03472074,0.00000000,0.80072955,0.00000000,0.00000000
10204260000000,synthetic_50hz_03,213,0.02,97.32614314,95.74771900,14.58722356,14.56524063,14.54014235,2.06444128,130.04909501,1,1,0,0,1,0.54516083,0.00000000,0.00000000,-0.00370748,-0.07493600,-0.15562378,0.01289277,0.09169744,0.16460553,-0.02170635,-0.10581520,-0.16884164,0.02989413,0.11688226,0.16820995,-0.03722005,-0.12457956,-0.16272870,0.04347289,0.12868516,0.15255590,0.00404343,0.05091859,-0.39704820,0.00549895,0.20513207,-0.07509522,-0.01481761,0.02132956,-0.40800972,0.02364835,0.22930112,-0.07373648,-0.03174223,0.00328623,-0.39970671,0.03887268,0.24069216,-0.09148116,-0.36331231,-0.70162177,-0.44142635,0.35390201,0.60716099,0.25989549,-0.33428854,-0.49519547,-0.07087172,0.30503738,0.36895324,-0.12019532,-0.26699184,-0.23207391,0.30779707,0.22124881,0.08850379,-0.48652488,-0.04094873,0.01595912,-0.99903400,-0.01731851,0.03465557,0.00000000,0.74145342,0.00000000,0.00000000
10204280000000,synthetic_50hz_03,214,0.02,97.30246718,96.05866864,14.56744945,14.54014235,14.52203323,2.07462589,129.78060595,1,1,0,0,1,0.55408172,0.00000000,0.00000000,-0.02052367,-0.10469645,-0.17000273,0.02890165,0.11637575,0.17014825,-0.03644638,-0.12469987,-0.16538830,0.04294034,0.12942884,0.15586014,-0.04819632,-0.13042632,-0.14183846,0.05206277,0.12766355,0.12372751,-0.01276063,0.02112422,-0.41147594,0.02148903,0.22983884,-0.06950295,-0.02953255,0.00242243,-0.40460573,0.03666369,0.24186369,-0.08603814,-0.04268246,-0.00256973,-0.37886245,0.04742207,0.23967278,-0.12026665,-0.34325293,-0.52191435,-0.10273812,0.31505778,0.39580159,-0.09130428,-0.27777937,-0.25827768,0.28271434,0.23249245,0.11330750,-0.46597361,-0.18050266,0.03492938,0.63579865,0.12330890,-0.18215924,-0.78729331,-0.04184939,0.01630284,-0.99899115,-0.01705717,0.03458360,0.00000000,0.68237166,0.00000000,0.00000000
10204300000000,synthetic_50hz_03,215,0.02,97.32762740,96.31246039,14.54837463,14.52203323,14.50600839,2.08481037,129.42385414,1,1,0,0,1,0.56194181,0.00000000,0.00000000,-0.03473410,-0.12371837,-0.16849237,0.04159083,0.12950064,0.16019145,-0.04724848,-0.13154935,-0.14727213,0.05154394,0.12980543,0.13010689,-0.05435335,-0.12431916,-0.10919061,0.05559574,0.11524870,0.08512631,-0.02695923,0.00206816,-0.41001429,0.03415971,0.24299246,-0.07941020,-0.04030983,-0.00444977,-0.38653894,0.04523665,0.24225655,-0.11174318,-0.04880366,0.00352793,-0.34626070,0.05091472,0.22726047,-0.15882480,-0.29276931,-0.30105680,0.23366313,0.24898813,0.15580641,-0.42220130,-0.19802851,-0.00606406,0.59856721,0.14135963,-0.14385313,-0.75767615,-0.08061530,0.28962296,0.89494093,0.01754678,-0.42704283,-1.00640415,-0.04267521,0.01664128,-0.99895065,-0.01679030,0.03450485,0.00000000,0.62449818,0.00000000,0.00000000
10204320000000,synthetic_50hz_03,216,0.02,97.26166748,96.50230181,14.53058081,14.50600839,14.49274357,2.09499250,128.97172943,1,1,0,0,1,0.56884597,0.00000000,0.00000000,-0.04555306,-0.13211012,-0.15376286,0.05041758,0.13180995,0.13805778,-0.05382855,-0.12770964,-0.11837242,0.05568761,0.11992740,0.09527433,-0.05594117,-0.10868760,-0.06942944,0.05458192,0.09431428,0.04158286,-0.03776665,-0.00635795,-0.39533345,0.04296823,0.24533073,-0.10149434,-0.04686534,-0.00063305,-0.35768863,0.04934993,0.23239508,-0.14652744,-0.05035586,0.01914969,-0.30654574,0.04986077,0.20632889,-0.20232504,-0.22076249,-0.06414452,0.53933507,0.16544619,-0.08797578,-0.70753692,-0.10535999,0.23755970,0.85534016,0.04223622,-0.38029467,-0.97848353,0.02210525,0.51206555,1.07341677,-0.08580941,-0.62907336,-1.13740291,-0.04343350,0.01697433,-0.99891238,-0.01651799,0.03441934,0.00000000,0.56864013,0.00000000,0.00000000
10204340000000,synthetic_50hz_03,217,0.02,97.03763439,96.60936833,14.51468917,14.49274357,14.48422966,2.10517069,128.41692399,1,1,0,0,1,0.57489553,0.00000000,0.00000000,-0.05270331,-0.13090456,-0.12897407,0.05532661,0.12481875,0.10729629,-0.05635482,-0.11513436,-0.08252511,0.05575829,0.10213059,0.05537469,-0.05355422,-0.08618235,-0.02662780,0.04980616,0.06774943,-0.00288679,-0.04490567,-0.00518697,-0.37059326,0.04785931,0.23836875,-0.13220632,-0.04936733,0.01191896,-0.32189075,0.04939046,0.21461513,-0.18637872,-0.04793351,0.04164484,-0.26379042,0.04504506,0.17976718,-0.24675134,-0.13583917,0.16859458,0.79577841,0.07330964,-0.31661153,-0.93253566,-0.00866655,0.45550042,1.04240747,-0.05622640,-0.58125702,-1.12222620,0.11949831,0.69025572,1.16969061,-0.17932503,-0.77935401,-1.18343231,-0.04413129,0.01730187,-0.99887620,-0.01624033,0.03432709,0.00000000,0.51540777,0.00000000,0.00000000
10204360000000,synthetic_50hz_03,218,0.02,96.97029546,96.68155375,14.50189617,14.48422966,14.46869363,2.11534405,127.75235336,1,1,0,0,1,0.58018614,0.00000000,0.00000000,-0.05626576,-0.12162449,-0.09727128,0.05658385,0.11038621,0.07123031,-0.05527061,-0.09596543,-0.04313574,0.05236388,0.07877793,0.01379755,-0.04794748,-0.05931923,0.01593843,0.04214873,0.03815032,-0.04521490,-0.04845718,0.00405829,-0.33893902,0.04909891,0.22396567,-0.16822280,-0.04825910,0.03106434,-0.28255084,0.04596615,0.19127962,-0.22790743,-0.04229158,0.06849755,-0.22127062,0.03734786,0.15017153,-0.28903594,-0.04550628,0.38225191,0.99295504,-0.02005270,-0.51703646,-1.09084454,0.08503355,0.63691461,1.15728448,-0.14756285,-0.73843022,-1.19035938,0.20583784,0.81865653,1.18911565,-0.25817843,-0.87528060,-1.15358917,-0.04477522,0.01762381,-0.99884193,-0.01595741,0.03422811,0.00000000,0.46523231,0.00000000,0.00000000
10204380000000,synthetic_50hz_03,219,0.02,97.04143259,96.75352952,14.48795111,14.46869363,14.43586582,2.12551168,126.97175120,1,1,0,0,1,0.58480641,0.00000000,0.00000000,-0.05654714,-0.10597125,-0.06149984,0.05463996,0.09042392,0.03272921,-0.05115749,-0.07226964,-0.00301497,0.04620013,0.05203178,-0.02678618,-0.03991079,-0.03029383,0.05581508,0.03247080,0.00768249,-0.08323481,-0.04872793,0.01967652,-0.30321606,0.04713765,0.20403310,-0.20667443,-0.04412224,0.05473633,-0.24247955,0.03977274,0.16455090,-0.26844268,-0.03421992,0.09751224,-0.18144051,0.02763035,0.11970747,-0.32701220,0.04415016,0.56680603,1.12733167,-0.10894958,-0.68126439,-1.18224801,0.17060794,0.77608158,1.20307958,-0.22734759,-0.84852398,-1.18922581,0.27753271,0.89650304,1.14108610,-0.31971643,-0.91863550,-1.06004835,-0.04537144,0.01794003,-0.99880942,-0.01566932,0.03412242,0.00000000,0.41838851,0.00000000,0.00000000
10204400000000,synthetic_50hz_03,220,0.02,97.11502375,96.82582837,14.46607529,14.43586582,14.38128504,2.13567187,126.07043029,1,1,0,0,1,0.58883725,0.00000000,0.00000000,-0.05397802,-0.08562610,-0.02407760,0.05003073,0.06672347,-0.00586850,-0.04464103,-0.04589717,0.03564540,0.03796431,0.02374764,-0.06439462,-0.03019306,-0.00091345,0.09128733,0.02155134,-0.02194708,-0.11554817,-0.04614847,0.03998643,-0.26584222,0.04251134,0.18036261,-0.24522268,-0.03758230,0.08108471,-0.20386868,0.03150752,0.13628447,-0.30600256,-0.02446745,0.12688162,-0.14601491,0.01667149,0.09008197,-0.35928177,0.12848335,0.71629916,1.19998721,-0.18926760,-0.80533449,-1.21062888,0.24459517,0.87115165,1.18636755,-0.29287095,-0.91185310,-1.12790269,0.33270312,0.92626540,1.03691987,-0.36294331,-0.91397303,-0.91604217,-0.04592555,0.01825045,-0.99877849,-0.01537616,0.03401004,0.00000000,0.37501918,0.00000000,0.00000000
10204420000000,synthetic_50hz_03,221,0.02,97.33479257,96.92762121,14.43046338,14.38128504,14.29494553,2.14582146,125.04617257,1,1,0,0,1,0.59235167,0.00000000,0.00000000,-0.04904136,-0.06213878,0.01303283,0.04331111,0.04087038,-0.04274284,-0.03633217,-0.01842367,0.07122055,0.02830576,-0.00455420,-0.09764494,-0.01946328,0.02740078,0.12125419,0.01005967,-0.04945737,-0.14136762,-0.04120178,0.06343829,-0.22878014,0.03577493,0.15453972,-0.28204760,-0.02925023,0.10853386,-0.16834304,0.02181981,0.10800064,-0.33920426,-0.01370313,0.15518454,-0.11609479,0.00514061,0.06257605,-0.38505728,0.20414427,0.82793156,1.21503067,-0.25824673,-0.88827699,-1.18235585,0.30490382,0.92301298,1.11559315,-0.34277039,-0.93113807,-1.01666738,0.37075472,0.91241802,0.88843062,-0.38805003,-0.86739253,-0.73457999,-0.04644262,0.01855494,-0.99874899,-0.01507801,0.03389099,0.00000000,0.33515960,0.00000000,0.00000000
10204440000000,synthetic_50hz_03,222,0.02,97.49864059,97.04182508,14.37354588,14.29494553,14.17624873,2.15595519,123.90017218,1,1,0,0,1,0.59541495,0.00000000,0.00000000,-0.04222641,-0.03687586,0.04829666,0.03501541,0.01421432,-0.07653608,-0.02679490,0.00885702,0.10256894,0.01780189,-0.03167302,-0.12564469,-0.00829563,0.05357586,0.14509804,-0.00144979,-0.07393409,-0.16036814,-0.03437710,0.08866555,-0.19356459,0.02746274,0.12791411,-0.31579145,-0.01969003,0.13578994,-0.13704419,0.01128702,0.08090012,-0.36715533,-0.00250117,0.18134802,-0.09229779,-0.00640787,0.03810402,-0.40401373,0.26887638,0.90123578,1.17839450,-0.31422164,-0.93122856,-1.10511071,0.35050775,0.93437359,0.99996607,-0.37668855,-0.91058020,-0.86599195,0.39200925,0.86053435,0.70705087,-0.39602813,-0.78567890,-0.52772518,-0.04692715,0.01885343,-0.99872077,-0.01477498,0.03376530,0.00000000,0.29876044,0.00000000,0.00000000
10204460000000,synthetic_50hz_03,223,0.02,97.11865008,97.05719008,14.29068108,14.17624873,14.04381746,2.16606548,122.63791225,1,1,0,0,1,0.59808495,0.00000000,0.00000000,-0.03400149,-0.01100641,0.08055477,0.02563609,-0.01212819,-0.10628081,-0.01653159,0.03491313,0.12894272,0.00695047,-0.05669151,-0.14788716,0.00283103,0.07683544,0.16256794,-0.01253092,-0.09476417,-0.17256181,-0.02614275,0.11449912,-0.16135467,0.01806721,0.10160228,-0.34548680,-0.00940405,0.16182117,-0.11071995,0.00040695,0.05590021,-0.38934906,0.00865958,0.20459570,-0.07487484,-0.01752782,0.01727892,-0.41616317,0.32130331,0.93739650,1.09697447,-0.35637783,-0.93673674,-0.98709126,0.38117782,0.90907043,0.84874975,-0.39498827,-0.85519520,-0.68593839,0.39741102,0.77666428,0.50335110,-0.38837623,-0.67574178,-0.30625197,-0.04738314,0.01914581,-0.99869370,-0.01446716,0.03363300,0.00000000,0.26570840,0.00000000,0.00000000
10204480000000,synthetic_50hz_03,224,0.02,97.12251140,97.07025435,14.18699836,14.04381746,13.87865740,2.17614347,121.26982160,1,1,0,0,1,0.60041269,0.00000000,0.00000000,-0.02479969,0.01449149,0.10896496,0.01561441,-0.03725460,-0.13132854,-0.00597896,0.05894364,0.14990585,-0.00382886,-0.07893331,-0.16416131,0.01352630,0.09664729,0.17368392,-0.02283377,-0.11157489,-0.17819915,-0.01693181,0.13996092,-0.13299262,0.00802961,0.07650681,-0.37048519,0.00117096,0.18582653,-0.08980639,-0.01040080,0.03367727,-0.40557442,0.01938871,0.22439535,-0.06380590,-0.02786932,0.00047349,-0.42175615,0.36073763,0.93872556,0.97804993,-0.38454406,-0.90824388,-0.83650205,0.39726391,0.85157711,0.67083743,-0.39853045,-0.77035898,-0.48583225,0.38830717,0.66693103,0.28682030,-0.36688882,-0.54427515,-0.07953918,-0.04781411,0.01943198,-0.99866765,-0.01415465,0.03349410,0.00000000,0.23584413,0.00000000,0.00000000
10204500000000,synthetic_50hz_03,225,0.02,96.67849904,96.99190328,14.05749516,13.87865740,13.69915378,2.18617867,119.81154502,1,1,0,0,1,0.60244289,0.00000000,0.00000000,-0.01501269,0.03881431,0.13294633,0.00533837,-0.06045091,-0.15128656,0.00448986,0.08034468,0.16526513,-0.01418865,-0.09792208,-0.17447903,0.02347837,0.11267634,0.17866262,-0.03209119,-0.12418208,-0.17769528,-0.00713599,0.16424744,-0.10905930,-0.00226206,0.05334167,-0.39039390,0.01166190,0.20720216,-0.07449668,-0.02078874,0.01470765,-0.41584329,0.02937441,0.24041189,-0.05887435,-0.03716519,-0.01212810,-0.42120779,0.38702185,0.90827482,0.82891241,-0.39902648,-0.84972049,-0.66124978,0.39952700,0.76666832,0.47452302,-0.38850896,-0.66151275,-0.27411554,0.36629003,0.53728545,0.06580517,-0.33351079,-0.39756797,0.14440238,-0.04822312,0.01971185,-0.99864252,-0.01383755,0.03334864,0.00000000,0.20897727,0.00000000,0.00000000
10204520000000,synthetic_50hz_03,226,0.02,95.92944037,96.77941070,13.90699178,13.69915378,13.51690814,2.19615982,118.28368754,1,1,0,0,1,0.60421459,0.00000000,0.00000000,-0.00498945,0.06131345,0.15213127,-0.00485559,-0.08116586,-0.16596566,0.01456063,0.09867821,0.17501519,-0.02384589,-0.11334563,-0.17901895,0.03244366,0.12474524,0.17786151,-0.04010606,-0.13254839,-0.17157624,0.00289578,0.18671007,-0.08992234,-0.01247135,0.03265813,-0.40502374,0.02175450,0.22551001,-0.06479620,-0.03047388,-0.00069648,-0.42033432,0.03837311,0.25246800,-0.05972269,-0.04521830,-0.02048850,-0.41504412,0.40040225,0.84955988,0.65663931,-0.40048131,-0.76541317,-0.46877476,0.38901430,0.65919924,0.26739521,-0.36633183,-0.53398029,-0.05830654,0.33308784,0.39336643,-0.15246315,-0.29024077,-0.24141164,0.35883724,-0.04861287,0.01998534,-0.99861820,-0.01351598,0.03319664,0.00000000,0.18489878,0.00000000,0.00000000
10204540000000,synthetic_50hz_03,227,0.02,95.61244866,96.54601829,13.74315665,13.51690814,13.31557130,2.20607600,116.71096451,1,1,0,0,1,0.60576176,0.00000000,0.00000000,0.00496269,0.08147594,0.16632602,-0.01467910,-0.09898745,-0.17533854,0.02397230,0.11364511,0.17929597,-0.03257438,-0.12502633,-0.17808421,0.04023732,0.13280299,0.17173821,-0.04674020,-0.13675087,-0.16044091,0.01285613,0.20683584,-0.07577549,-0.02230990,0.01486817,-0.41434737,0.03118773,0.24045098,-0.06056501,-0.03923002,-0.01235747,-0.41935063,0.04619996,0.26051266,-0.06589333,-0.05189049,-0.02468476,-0.40386402,0.40143203,0.76636712,0.46796317,-0.38981960,-0.65967532,-0.26596759,0.36696850,0.53396477,0.05630404,-0.33353752,-0.39285977,0.15498278,0.29049050,0.24042844,-0.36180138,-0.23906851,-0.08106544,0.55818907,-0.04898567,0.02025236,-0.99859463,-0.01319002,0.03303813,0.00000000,0.16339074,0.00000000,0.00000000
10204560000000,synthetic_50hz_03,228,0.02,95.45109433,96.32703350,13.56357080,13.31557130,13.09475742,2.21591627,115.12079711,1,1,0,0,1,0.60711389,0.00000000,0.00000000,0.01457570,0.09890726,0.17547933,-0.02388795,-0.11362306,-0.17950753,0.03251150,0.12506305,0.17836044,-0.04019772,-0.13289741,-0.17207113,0.04672503,0.13690028,0.16082094,-0.05190523,-0.13695625,-0.14493420,0.02247706,0.22423024,-0.06666999,-0.03153350,0.00026445,-0.41846717,0.03974821,0.25184271,-0.06155014,-0.04688075,-0.02020855,-0.41328855,0.05272062,0.26459656,-0.07685802,-0.05709338,-0.02488363,-0.38831241,0.39089804,0.66262004,0.26920003,-0.36813705,-0.53685456,-0.05913544,0.33476251,0.39561131,-0.15263405,-0.29173660,-0.24296239,0.36000303,0.24029979,0.08330877,-0.55699296,-0.18193503,0.07874669,0.73792452,-0.04934354,0.02051281,-0.99857171,-0.01285979,0.03287315,0.00000000,0.14423388,0.00000000,0.00000000
10204580000000,synthetic_50hz_03,229,0.02,95.00491120,96.06260904,13.36666918,13.09475742,12.87271066,2.22566950,113.54151214,1,1,0,0,1,0.60829651,0.00000000,0.00000000,0.02361844,0.11331695,0.17965803,-0.03227832,-0.12488307,-0.17867987,0.04000761,0.13284876,0.17255028,-0.04658345,-0.13698435,-0.16144599,0.05181627,0.13717062,0.14568713,-0.05555521,-0.13340220,-0.12572805,0.03152741,0.23860280,-0.06253903,-0.03993833,-0.01096345,-0.41759034,0.04726532,0.25960196,-0.06740990,-0.05329362,-0.02427521,-0.40261436,0.05784459,0.26485322,-0.09203934,-0.06078101,-0.02132276,-0.36906124,0.36976563,0.54228605,0.06621214,-0.33666200,-0.40121733,0.14600559,0.29385225,0.24858133,-0.35401391,-0.24257061,-0.08877861,0.55181585,0.18429554,-0.07358364,-0.73370867,-0.12070714,0.23382443,0.89444834,-0.04968820,0.02076661,-0.99854940,-0.01252539,0.03270173,0.00000000,0.12721330,0.00000000,0.00000000
10204600000000,synthetic_50hz_03,230,0.02,94.22491278,95.69506979,13.15920661,12.87271066,12.66722319,2.23532520,112.00039741,1,1,0,0,1,0.60933169,0.00000000,0.00000000,0.03189426,0.12450674,0.17902785,-0.03968353,-0.13266783,-0.17314856,0.04632869,0.13700404,0.16227732,-0.05163818,-0.13739036,-0.14672755,0.05545892,0.13381566,0.12694755,-0.05768075,-0.12638299,-0.10350760,0.03981055,0.24975525,-0.06321686,-0.04735769,-0.01871585,-0.41200992,0.05360714,0.26373052,-0.07773246,-0.05837523,-0.02466067,-0.38784683,0.06151973,0.26148427,-0.11082651,-0.06294401,-0.01429643,-0.34679564,0.33913656,0.40930943,-0.13561143,-0.29671644,-0.25689656,0.34432654,0.24574185,0.09707725,-0.54311455,-0.18768240,0.06554085,0.72624432,0.12421198,-0.22626937,-0.88843613,-0.05716048,0.38047444,1.02501391,-0.05002115,0.02101369,-0.99852762,-0.01218694,0.03252390,0.00000000,0.11212246,0.00000000,0.00000000
10204620000000,synthetic_50hz_03,231,0.02,94.16995161,95.39004615,12.95257357,12.66722319,12.45311746,2.24487491,110.52189973,1,1,0,0,1,0.61023849,0.00000000,0.00000000,0.03923905,0.13236104,0.17383836,-0.04597127,-0.13695707,-0.16327737,0.05137811,0.13760456,0.14800902,-0.05530369,-0.13428485,-0.12847350,0.05763485,0.12709365,0.10523403,-0.05830436,-0.11623827,-0.07896061,0.04716234,0.25757203,-0.06845392,-0.05365929,-0.02297251,-0.40208966,0.05867700,0.26430406,-0.09205036,-0.06206736,-0.02153432,-0.36954365,0.06372791,0.25474799,-0.13258772,-0.06360487,-0.00414428,-0.32220337,0.30021599,0.26756059,-0.33136597,-0.24968561,-0.10785286,0.53127820,0.19195668,-0.05496431,-0.71587343,-0.12869354,0.21619684,0.87982971,0.06172012,-0.37119631,-1.01842007,0.00703273,0.51549402,1.12764892,-0.05034368,0.02125396,-0.99850635,-0.01184454,0.03233969,0.00000000,0.09876599,0.00000000,0.00000000
10204640000000,synthetic_50hz_03,232,0.02,93.43499418,94.99903576,12.74280200,12.45311746,12.26399085,2.25431126,109.12621724,1,1,0,0,1,0.61103335,0.00000000,0.00000000,0.04551961,0.13683921,0.16441060,-0.05104145,-0.13780142,-0.14948850,0.05509175,0.13479075,0.13025659,-0.05755372,-0.12789400,-0.10726932,0.05835639,0.11731000,0.08118942,-0.05747662,-0.10334391,-0.05276879,0.05344960,0.26201246,-0.07792915,-0.05874305,-0.02378404,-0.38825177,0.06241080,0.26146301,-0.10985238,-0.06434374,-0.01512235,-0.34829029,0.06448148,0.24494978,-0.15668010,-0.06281418,0.00875781,-0.29596615,0.25428545,0.12079467,-0.51663980,-0.19699317,0.04215700,0.70288458,0.13402149,-0.20389326,-0.86886486,-0.06718591,0.35975118,1.00979537,-0.00158667,-0.50523730,-1.12161300,0.07031351,0.63615720,1.20109401,-0.05065688,0.02148734,-0.99848553,-0.01149830,0.03214914,0.00000000,0.08696140,0.00000000,0.00000000
10204660000000,synthetic_50hz_03,233,0.02,92.86381901,94.57199241,12.54170132,12.26399085,12.09460792,2.26362932,107.82844477,1,1,0,0,1,0.61173044,0.00000000,0.00000000,0.05063236,0.13796897,0.15112659,-0.05482438,-0.13531511,-0.13225215,0.05743579,0.12876005,0.10956483,-0.05839130,-0.11849277,-0.08371870,0.05766336,0.10480929,0.05545892,-0.05527296,-0.08810411,-0.02560023,0.05856874,0.26310429,-0.09126055,-0.06253925,-0.02126469,-0.37096643,0.06477473,0.25540482,-0.13059374,-0.06520742,-0.00569973,-0.32469046,0.06382024,0.23243420,-0.18245845,-0.06064737,0.02400565,-0.26875206,0.20267958,-0.02738458,-0.68752301,-0.14007975,0.18960787,0.85573855,0.07344135,-0.34636467,-0.99928275,-0.00468560,0.49313562,1.11401716,-0.06420523,-0.62568923,-1.19663394,0.13124500,0.74020394,1.24475120,-0.05096169,0.02171376,-0.99846514,-0.01114833,0.03195230,0.00000000,0.07653998,0.00000000,0.00000000
10204680000000,synthetic_50hz_03,234,0.02,92.26078160,94.10975025,12.35392209,12.09460792,11.94787057,2.27282672,106.63831262,1,1,0,0,1,0.61234195,0.00000000,0.00000000,0.05450228,0.13584083,0.13441992,-0.05727921,-0.12966968,-0.11207700,0.05840475,0.11976010,0.08650285,-0.05784646,-0.10639777,-0.05843478,0.05562042,0.08996794,0.02868202,-0.05179082,-0.07094430,0.00189767,0.06244476,0.26093802,-0.10801451,-0.06500705,-0.01558600,-0.35074235,0.06576329,0.24637712,-0.15370530,-0.06468841,0.00641694,-0.29935729,0.06180885,0.21757769,-0.20928328,-0.05720186,0.04117380,-0.24120851,0.14676505,-0.17355834,-0.84061691,-0.08038335,0.33123238,0.98699967,0.01168416,-0.47935683,-1.10492678,0.05735189,0.61366120,1.19099833,-0.12473446,-0.73027343,-1.24273284,0.18852087,0.82583154,1.25863879,-0.05125892,0.02193314,-0.99844515,-0.01079475,0.03174919,0.00000000,0.06734710,0.00000000,0.00000000
10204700000000,synthetic_50hz_03,235,0.02,91.84280995,93.65636219,12.18338045,11.94787057,11.81732585,2.28190370,105.56045117,1,1,0,0,1,0.61287839,0.00000000,0.00000000,0.05708202,0.13060274,0.11476691,-0.05839259,-0.12108803,-0.08950131,0.05801968,0.10808230,0.06165535,-0.05597403,-0.09196051,-0.03203183,0.05231462,0.07318745,0.00148482,-0.04714696,-0.05230436,0.02910499,0.06503028,0.25566160,-0.12771472,-0.06613311,-0.00697085,-0.32811778,0.06539754,0.23467132,-0.17860238,-0.06284155,0.02087614,-0.27290505,0.05853436,0.20078175,-0.23652848,-0.05259442,0.05982238,-0.21395542,0.08792060,-0.31452475,-0.97304397,-0.01932086,0.46404611,1.09439312,-0.04983591,-0.60018881,-1.18419041,0.11755589,0.71902778,1.23984694,-0.18188668,-0.81713685,-1.25975811,0.24097359,0.89168748,1.24334985,-0.05154925,0.02214542,-0.99842554,-0.01043768,0.03153985,0.00000000,0.05924208,0.00000000,0.00000000
10204720000000,synthetic_50hz_03,236,0.02,91.52474275,93.23003830,12.02963752,11.81732585,11.70042542,2.29086255,104.59504242,1,1,0,0,1,0.61334879,0.00000000,0.00000000,0.05835094,0.12245501,0.09267798,-0.05817731,-0.10983865,-0.06508420,0.05632641,0.09405559,0.03561401,-0.05285158,-0.07556086,-0.00511706,0.04785303,0.05488768,-0.02552743,-0.04147484,-0.03263206,0.05543594,0.06630468,0.24747535,-0.14985076,-0.06593022,0.00431226,-0.30365185,0.06372330,0.22061635,-0.20469329,-0.05974442,0.03729801,-0.24594096,0.05410384,0.18246624,-0.26358881,-0.04695853,0.07950363,-0.18757858,0.02751777,-0.44732988,-1.08245720,0.04172991,0.58537192,1.17620841,-0.10977450,-0.70653741,-1.23604899,0.17465424,0.80733310,1.26025369,-0.23449862,-0.88485300,-1.24812470,0.28758229,0.93686218,1.20001168,-0.05183326,0.02235052,-0.99840628,-0.01007722,0.03132434,0.00000000,0.05209769,0.00000000,0.00000000
10204740000000,synthetic_50hz_03,237,0.02,90.98709328,92.78144930,11.89136844,11.70042542,11.60663315,2.29970713,103.73869382,1,1,0,0,1,0.61376092,0.00000000,0.00000000,0.05831417,0.11164510,0.06868898,-0.05667091,-0.09622977,-0.03939692,0.05339379,0.07804009,0.00896904,-0.04857730,-0.05760048,0.02171743,0.04236031,0.03550021,-0.05177777,-0.03492205,-0.01237647,0.08034533,0.06627308,0.23662672,-0.17388677,-0.06443589,0.01795510,-0.27791580,0.06080943,0.20457234,-0.23138782,-0.05549518,0.05528089,-0.21905712,0.04864196,0.16306275,-0.28988731,-0.04044175,0.09976847,-0.16262319,-0.03309809,-0.56929747,-1.16704771,0.10144776,0.69286287,1.23129635,-0.16687264,-0.79645272,-1.26004615,0.22748651,0.87708046,1.25246823,-0.28154183,-0.93242157,-1.20878106,0.32748017,0.96088052,1.13024417,-0.05211144,0.02254839,-0.99838737,-0.00971350,0.03110269,0.00000000,0.04579946,0.00000000,0.00000000
10204760000000,synthetic_50hz_03,238,0.02,90.19261118,92.26368167,11.77177962,11.60663315,11.54433367,2.30844292,102.98538170,1,1,0,0,1,0.61412145,0.00000000,0.00000000,0.05700152,0.09846212,0.04335245,-0.05393411,-0.08060332,-0.01301415,0.04931175,0.06042069,-0.01769934,-0.04326771,-0.03849611,0.04790256,0.03597624,0.01546166,-0.07672472,-0.02764756,0.00801855,0.10333488,0.06496530,0.22340484,-0.19927020,-0.06171088,0.03361572,-0.25148432,0.05674586,0.18692419,-0.25810574,-0.05021036,0.07440803,-0.19282261,0.04228848,0.14300787,-0.31488250,-0.03320305,0.12017304,-0.13958753,-0.09262656,-0.67805682,-1.22554913,0.15858520,0.78452319,1.25906285,-0.21997176,-0.86837139,-1.25627719,0.27501643,0.92718404,1.21727247,-0.32213225,-0.95926554,-1.14317323,0.35996084,0.96369096,1.03611576,-0.05238422,0.02273894,-0.99836880,-0.00934663,0.03087494,0.00000000,0.04024483,0.00000000,0.00000000
10204780000000,synthetic_50hz_03,239,0.02,89.85712984,91.78237131,11.67625232,11.54433367,11.49249698,2.31707748,102.32734761,1,1,0,0,1,0.61443609,0.00000000,0.00000000,0.05446615,0.08323107,0.01722870,-0.05004915,-0.06332863,0.01349483,0.04418921,0.04160040,-0.04382929,-0.03705528,-0.01867280,0.07290014,0.02885303,-0.00479314,-0.09986924,-0.01981892,0.02812089,0.12395906,0.06243449,0.20813470,-0.22544076,-0.05783741,0.05092480,-0.22492668,0.05164150,0.16807488,-0.28428522,-0.04402245,0.09425437,-0.16777562,0.03519562,0.12273646,-0.33807532,-0.02541000,0.14028522,-0.11891712,-0.14983036,-0.77156819,-1.25723776,0.21198490,0.85872625,1.25945827,-0.26802781,-0.92112682,-1.22536801,0.31634336,0.95697088,1.15594982,-0.35553857,-0.96522502,-1.05320506,0.38448345,0.94565128,0.92009590,-0.05265194,0.02292213,-0.99835054,-0.00897674,0.03064114,0.00000000,0.03534228,0.00000000,0.00000000
10204800000000,synthetic_50hz_03,240,0.02,89.88831286,91.40355962,11.59907508,11.49249698,11.43735077,2.32561930,101.75587372,1,1,0,0,1,0.61470974,0.00000000,0.00000000,0.05078306,0.06630666,-0.00912321,-0.04511784,-0.04479578,0.03957489,0.03815185,0.02199342,-0.06888561,-0.03008592,0.00144302,0.09621032,0.02115261,-0.02483786,-0.12076125,-0.01160945,0.04751661,0.14183057,0.05875565,0.19117100,-0.25183938,-0.05291728,0.06949227,-0.19879802,0.04562203,0.14843865,-0.30939105,-0.03707733,0.11439351,-0.14441600,0.02752531,0.10267484,-0.35901570,-0.01723590,0.15969109,-0.10099927,-0.20355309,-0.84814492,-1.26192725,0.26059524,0.91422899,1.23296146,-0.31012430,-0.95395541,-1.16844883,0.35071234,0.96617886,1.07024927,-0.38118917,-0.95054692,-0.94119392,0.40067614,0.90751026,0.78500351,-0.05291490,0.02309790,-0.99833261,-0.00860393,0.03040133,0.00000000,0.03101031,0.00000000,0.00000000
10204820000000,synthetic_50hz_03,241,0.02,89.54619559,91.03208681,11.53115087,11.43735077,11.39561872,2.33407652,101.26190336,1,1,0,0,1,0.61494657,0.00000000,0.00000000,0.04604729,0.04806676,-0.03515453,-0.03925936,-0.02540876,0.06469370,0.03133956,0.00201822,-0.09236772,-0.02251622,0.02143050,0.11737874,0.01304373,-0.04426137,-0.13900568,-0.00319519,0.06581617,0.15662501,0.05402383,0.17289163,-0.27791729,-0.04706968,0.08891413,-0.17363068,0.03882735,0.12843395,-0.33292265,-0.02953160,0.13440458,-0.12319812,0.01944630,0.08323413,-0.37730857,-0.00885679,0.17800111,-0.08615838,-0.25273588,-0.90647138,-1.23995704,0.30348464,0.95018183,1.18055752,-0.34548380,-0.96649809,-1.08712198,0.37752250,0.95494976,0.96234420,-0.39867705,-0.91586979,-0.80982159,0.40833756,0.85038487,0.63395145,-0.05317335,0.02326618,-0.99831499,-0.00822834,0.03015557,0.00000000,0.02717657,0.00000000,0.00000000
10204840000000,synthetic_50hz_03,242,0.02,89.25645164,90.67695978,11.47422737,11.39561872,11.36420094,2.34245720,100.83650240,1,1,0,0,1,0.61515014,0.00000000,0.00000000,0.04037187,0.02890554,-0.06033567,-0.03260789,-0.00557838,0.08835003,0.02390381,-0.01790962,-0.11381722,-0.01451058,0.04088127,0.13600301,0.00469900,-0.06267429,-0.15426777,0.00524806,0.08266039,0.16808491,0.04835205,0.15369076,-0.30314493,-0.04042881,0.10877957,-0.14992588,0.03140892,0.10847635,-0.35442162,-0.02154967,0.15387920,-0.10452437,0.01113118,0.06480373,-0.39261916,-0.00044847,0.19485608,-0.07465193,-0.29643286,-0.94561621,-1.19217407,0.33985435,0.96613345,1.10370907,-0.37347768,-0.95879661,-0.98342363,0.39633347,0.92381722,0.83478562,-0.40776278,-0.86220375,-0.66208035,0.40743610,0.77573254,0.47028700,-0.05342748,0.02342693,-0.99829768,-0.00785008,0.02990389,0.00000000,0.02377691,0.00000000,0.00000000
10204860000000,synthetic_50hz_03,243,0.02,88.32610398,90.20678862,11.42801627,11.36420094,11.36671149,2.35076928,100.47117601,1,1,0,0,1,0.61532343,0.00000000,0.00000000,0.03388548,0.00922643,-0.08416497,-0.02531002,0.01428493,0.11008176,0.01600485,-0.03738444,-0.13282485,-0.00623825,0.05940615,0.15173853,-0.00370820,-0.07971515,-0.16627752,0.01354774,0.09772592,0.17602265,0.04186901,0.13397180,-0.32702062,-0.03314122,0.12867814,-0.12814575,0.02352698,0.08897153,-0.37347869,-0.01330077,0.17242820,-0.08873935,0.00275335,0.04774511,-0.40467748,0.00781649,0.20993267,-0.06666752,-0.33382509,-0.96504009,-1.11990712,0.36904934,0.96203003,1.00432072,-0.39363372,-0.93128421,-0.85977928,0.40686946,0.87368902,0.69045000,-0.40837497,-0.79090497,-0.50121472,0.39810683,0.68531877,0.29752919,-0.05367746,0.02358008,-0.99828068,-0.00746928,0.02964635,0.00000000,0.02075449,0.00000000,0.00000000
10204880000000,synthetic_50hz_03,244,0.02,87.80400689,89.72623227,11.40226826,11.36671149,11.38199944,2.35902187,100.15806512,1,1,0,0,1,0.61546897,0.00000000,0.00000000,0.02672996,-0.01056520,-0.10617688,-0.01752188,0.03377824,0.12947319,0.00780863,-0.05601744,-0.14903672,0.00212974,0.07664163,0.16430345,-0.01200671,-0.09505621,-0.17483323,0.02153752,0.11073027,0.18032250,0.03471651,0.11414015,-0.34907881,-0.02536306,0.14820695,-0.10870600,0.01534751,0.07030829,-0.38973998,-0.00495595,0.18968808,-0.07612491,-0.00551604,0.03238600,-0.41328182,0.01577178,0.22294837,-0.06232092,-0.36423242,-0.96459754,-1.02493410,0.39056703,0.93820841,0.88469689,-0.40564142,-0.88477029,-0.71895345,0.40902097,0.80582383,0.53248225,-0.40060826,-0.70364510,-0.33065934,0.38064583,0.58117994,0.11930336,-0.05392341,0.02372560,-0.99826399,-0.00708605,0.02938301,0.00000000,0.01805901,0.00000000,0.00000000
10204900000000,synthetic_50hz_03,245,0.02,87.89267335,89.35952049,11.39375536,11.38199944,11.38530578,2.36722461,99.89004930,1,1,0,0,1,0.61558884,0.00000000,0.00000000,0.01905745,-0.03006929,-0.12594972,-0.00940625,0.05251329,0.14616166,-0.00051615,-0.07344331,-0.16215969,0.01042366,0.09225593,0.17348258,-0.02003065,-0.10840876,-0.17980389,0.02906015,0.12143612,0.18094137,0.02704672,0.09459586,-0.36889782,-0.01725711,0.16697770,-0.09196926,0.00703919,0.05285193,-0.40291235,0.00331508,0.20532703,-0.06689624,-0.01351111,0.01901510,-0.41830116,0.02326013,0.23366588,-0.06165519,-0.38712330,-0.94453258,-0.90944202,0.40406364,0.89538306,0.74749329,-0.40935464,-0.82041923,-0.56399399,0.40284375,0.72180233,0.36423447,-0.38471869,-0.60237553,-0.15397390,0.35550201,0.46558197,-0.06072580,-0.05416544,0.02386343,-0.99824762,-0.00670054,0.02911390,0.00000000,0.01564587,0.00000000,0.00000000
10204920000000,synthetic_50hz_03,246,0.02,87.37436162,88.96248871,11.39020653,11.38530578,11.40298867,2.37538602,99.66078118,1,1,0,0,1,0.61568472,0.00000000,0.00000000,0.01102754,-0.04889827,-0.14311260,-0.00112944,0.07012324,0.15984335,-0.00880123,-0.08932653,-0.17196574,0.01847815,0.10595450,0.17913028,-0.02762234,-0.11952774,-0.18113041,0.03597017,0.12965495,0.17790847,0.01901923,0.07572650,-0.38610675,-0.00898969,0.18462357,-0.07823937,-0.00122974,0.03693798,-0.41276777,0.01134696,0.21905053,-0.06119899,-0.02107419,0.00787750,-0.41967643,0.03013610,0.24189665,-0.06464112,-0.40212204,-0.90546781,-0.77598036,0.40935781,0.83462686,0.59566264,-0.40479160,-0.73972323,-0.39817169,0.38855507,0.62349303,0.18920126,-0.36111630,-0.48928724,0.02522392,0.32326639,0.34097507,-0.23892190,-0.05440361,0.02399353,-0.99823157,-0.00631285,0.02883909,0.00000000,0.01347552,0.00000000,0.00000000
10204940000000,synthetic_50hz_03,247,0.02,87.27133412,88.62425780,11.39557503,11.40298867,11.41720595,2.38351422,99.46467402,1,1,0,0,1,0.61575796,0.00000000,0.00000000,0.00280418,-0.06668406,-0.15735153,0.00714180,0.08626917,0.17027795,-0.01688188,-0.10336711,-0.17829518,0.02613524,0.11748492,0.18117207,-0.03463511,-0.12821559,-0.17882569,0.04213644,0.13524974,0.17132368,0.01079797,0.05790015,-0.40039161,-0.00072753,0.20080562,-0.06775666,-0.00929452,0.02286644,-0.41914654,0.01898171,0.23060614,-0.05910764,-0.02805859,-0.00082926,-0.41742051,0.03626855,0.24750370,-0.07117885,-0.40901336,-0.84838710,-0.62740822,0.40643151,0.75734568,0.43239532,-0.39213204,-0.64446963,-0.22491626,0.36652722,0.51301322,0.01095276,-0.33035525,-0.36676641,0.20332652,0.28465899,0.20994554,-0.41174379,-0.05463798,0.02411586,-0.99821583,-0.00592311,0.02855862,0.00000000,0.01151279,0.00000000,0.00000000
10204960000000,synthetic_50hz_03,248,0.02,86.80059046,88.25952433,11.40466002,11.41720595,11.44337511,2.39161633,99.29685935,1,1,0,0,1,0.61580957,0.00000000,0.00000000,-0.00544749,-0.08308468,-0.16841451,0.01524344,0.10064603,0.17729229,-0.02459991,-0.11530570,-0.18105866,0.03324716,0.12664105,0.17960502,-0.04093587,-0.13432528,-0.17297329,0.04744438,0.13813686,0.16135465,0.00254810,0.04145878,-0.41150041,0.00736533,0.21521881,-0.06069427,-0.01699697,0.01089664,-0.42195932,0.02607156,0.23978773,-0.06062511,-0.03433123,-0.00695815,-0.41161696,0.04154289,0.25040336,-0.08110071,-0.40774417,-0.77461187,-0.46683606,0.39542801,0.66524716,0.26105594,-0.37171146,-0.53670305,-0.04774946,0.33727831,0.39268555,-0.16693366,-0.29312126,-0.23734674,0.37680401,0.24051339,0.07516511,-0.57581092,-0.05486858,0.02423037,-0.99820043,-0.00553146,0.02827256,0.00000000,0.00972629,0.00000000,0.00000000
10204980000000,synthetic_50hz_03,249,0.02,86.82381348,87.97238216,11.42092036,11.44337511,11.46103832,2.39969910,99.15312762,1,1,0,0,1,0.61584025,0.00000000,0.00000000,-0.01356424,-0.09779043,-0.17611547,0.02301724,0.11298796,0.18078276,-0.03180663,-0.12492800,-0.18023799,0.03967903,0.13326630,0.17449688,-0.04640746,-0.13776248,-0.16372494,0.05179794,0.13828690,0.14823274,-0.00556716,0.02671213,-0.41924707,0.01513066,0.22759729,-0.05715585,-0.02418841,0.00124290,-0.42118792,0.03248163,0.24643870,-0.06568367,-0.03977495,-0.01041482,-0.40241753,0.04586308,0.25056624,-0.09417537,-0.39842236,-0.68577136,-0.29756305,0.37664698,0.56030406,0.08511690,-0.34401270,-0.41868293,0.12978321,0.30146036,0.26499098,-0.34094161,-0.25021678,-0.10365921,0.54227050,0.19175934,-0.06066110,-0.72796549,-0.05509540,0.02433704,-0.99818536,-0.00513802,0.02798096,0.00000000,0.00808787,0.00000000,0.00000000
10205000000000,synthetic_50hz_03,250,0.02,86.59288644,87.69648301,11.43776990,11.46103832,11.48222093,2.40776813,99.02986094,1,1,0,0,1,0.61585043,0.00000000,0.00000000,-0.02138790,-0.11052937,-0.18033702,0.03031371,0.12307295,0.18071634,-0.03836555,-0.13206829,-0.17588551,0.04531130,0.13725603,0.16598383,-0.05095071,-0.13848661,-0.15129676,0.05512118,0.13572457,0.13224773,-0.01338963,0.01393210,-0.42351421,0.02241895,0.23771903,-0.05717438,-0.03073234,-0.00592908,-0.41688468,0.03809240,0.25045440,-0.07414713,-0.04429060,-0.01115871,-0.39003830,0.04915317,0.24801705,-0.11011304,-0.38131264,-0.58376716,-0.12301095,0.35053669,0.44471279,-0.09191005,-0.30965461,-0.29283715,0.30418124,0.25984503,0.13251888,-0.50768274,-0.20254401,0.03161997,0.69654751,0.13940354,-0.19484721,-0.86533050,-0.05531844,0.02443582,-0.99817062,-0.00474291,0.02768387,0.00000000,0.00657212,0.00000000,0.00000000
10205020000000,synthetic_50hz_03,251,0.02,86.37287687,87.43176179,11.45643933,11.48222093,11.50644184,2.41582824,98.92396413,1,1,0,0,1,0.61584025,0.00000000,0.00000000,-0.02876835,-0.12107221,-0.18103188,0.03699492,0.13072658,0.17713044,-0.04415491,-0.13661204,-0.16812224,0.05004190,0.13855891,0.15426701,-0.05448615,-0.13651106,-0.13596418,0.05735955,0.13052754,0.11374144,-0.02076920,0.00334800,-0.42425453,0.02909230,0.24540962,-0.06071247,-0.03650700,-0.01050475,-0.40917060,0.04280176,0.25178353,-0.08581436,-0.04779869,-0.00920320,-0.37475473,0.05135862,0.24283346,-0.12857189,-0.35682942,-0.47073274,0.05334414,0.31768337,0.32084775,-0.26654275,-0.26937837,-0.16171258,0.47205682,0.21330706,-0.00208484,-0.66396126,-0.15108601,0.16582216,0.83672339,0.08450908,-0.32477874,-0.98536239,-0.05553765,0.02452669,-0.99815623,-0.00434626,0.02738136,0.00000000,0.00515588,0.00000000,0.00000000
10205040000000,synthetic_50hz_03,252,0.02,86.26497775,87.19840498,11.47744039,11.50644184,11.52944767,2.42388370,98.83279809,1,1,0,0,1,0.61580957,0.00000000,0.00000000,-0.03556641,-0.12923628,-0.17822295,0.04293710,0.13582487,0.17013128,-0.04906989,-0.13849758,-0.15713464,0.05378798,0.13717733,0.13960774,-0.05695533,-0.13190220,-0.11805588,0.05848064,0.12282427,0.09310042,-0.02756669,-0.00485749,-0.42149093,0.03502692,0.25054508,-0.06766392,-0.04140757,-0.01242244,-0.39823215,0.04652687,0.25042845,-0.10042402,-0.05024078,-0.00461466,-0.35689549,0.05244703,0.23514392,-0.14916538,-0.32552679,-0.34898855,0.22804111,0.27879800,0.19121232,-0.43539709,-0.22403134,-0.02792335,0.63020037,0.16280574,-0.13617066,-0.80683469,-0.09688638,0.29633881,0.96020758,0.02817374,-0.44796337,-1.08589723,-0.05575299,0.02460961,-0.99814220,-0.00394820,0.02707348,0.00000000,0.00381786,0.00000000,0.00000000
10205060000000,synthetic_50hz_03,253,0.02,86.34743068,87.02821012,11.49928344,11.52944767,11.54484317,2.43193808,98.75411767,1,1,0,0,1,0.61575796,0.00000000,0.00000000,-0.04165645,-0.13488860,-0.17200203,0.04803288,0.13829620,0.15989095,-0.05302449,-0.13771666,-0.14317014,0.05648739,0.13316669,0.12232167,-0.05832172,-0.12477746,-0.09794660,0.05847462,0.11279084,0.07074769,-0.03365647,-0.01055140,-0.41531522,0.04011544,0.25305377,-0.07785661,-0.04534806,-0.01167392,-0.38431675,0.04920560,0.24644458,-0.11766050,-0.05158034,0.00248948,-0.33683530,0.05240855,0.22512452,-0.17147050,-0.28808589,-0.22099347,0.39770270,0.23470066,0.05838734,-0.59525334,-0.17454889,0.10590212,0.77564255,0.10936480,-0.26713837,-0.93366962,-0.04102768,0.42067290,1.06477856,-0.02849230,-0.56207923,-1.16518943,-0.05596439,0.02468456,-0.99812853,-0.00354887,0.02676029,0.00000000,0.00253823,0.00000000,0.00000000
10205080000000,synthetic_50hz_03,254,0.02,86.07661564,86.83789122,11.51841853,11.54484317,11.56815263,2.43999399,98.68601539,1,1,0,0,1,0.61568472,0.00000000,0.00000000,-0.04692881,-0.13794802,-0.16252720,0.05219332,0.13812210,0.14664322,-0.05595307,-0.13431406,-0.12653145,0.05809967,0.12663368,0.10277171,-0.05857123,-0.11530239,-0.07604902,0.05735416,0.10064688,0.04713380,-0.03892887,-0.01365259,-0.40588548,0.04426892,0.25291724,-0.09105679,-0.04826282,-0.00830393,-0.36772713,0.05079749,0.23993859,-0.13716085,-0.05180327,0.01194367,-0.31498686,0.05125587,0.21299489,-0.19503669,-0.24529963,-0.08929358,0.55910278,0.18630268,-0.07502184,-0.74311932,-0.12193455,0.23717435,0.90571138,0.05405098,-0.39248901,-1.04219136,0.01539091,0.53648803,1.14862448,-0.08438906,-0.66501985,-1.22194222,-0.05617174,0.02475151,-0.99811524,-0.00314839,0.02644186,0.00000000,0.00129821,0.00000000,0.00000000
10205100000000,synthetic_50hz_03,255,0.02,86.40204612,86.75072220,11.53930685,11.56815263,11.57569795,2.44805379,98.62687134,1,1,0,0,1,0.61558884,0.00000000,0.00000000,-0.05129179,-0.13838629,-0.15001883,0.05534949,0.13533706,0.13067805,-0.05781144,-0.12838601,-0.10756975,0.05860665,0.11773352,0.08136018,-0.05771221,-0.10368672,-0.05280495,0.05515390,0.08665058,0.02272733,-0.04329220,-0.01413279,-0.39342205,0.04741844,0.25016996,-0.10697450,-0.05010766,-0.00240873,-0.34881445,0.05128435,0.23106570,-0.15852279,-0.05091793,0.02353818,-0.29179197,0.04902363,0.19901321,-0.21939539,-0.19805524,0.04353085,0.70923058,0.13458704,-0.20643895,-0.87628901,-0.06723864,0.36339532,1.01808362,-0.00204829,-0.50987484,-1.13052641,0.07127616,0.64165442,1.21037559,-0.13844911,-0.75493481,-1.25532908,-0.05637495,0.02481045,-0.99810233,-0.00274688,0.02611824,0.00000000,0.00007974,0.00000000,0.00000000
10205120000000,synthetic_50hz_03,256,0.02,86.11875858,86.62432948,11.55459111,11.57569795,11.59430915,2.45611870,98.57530920,1,1,0,0,1,0.61546897,0.00000000,0.00000000,-0.05467340,-0.13622802,-0.13475429,0.05745367,0.13002721,0.11233494,-0.05857751,-0.12007765,-0.08667692,0.05801254,0.10666621,0.05851997,-0.05577504,-0.09017952,-0.02867585,0.05192952,0.07109292,-0.00199500,-0.04667448,-0.01201660,-0.37820234,0.04951627,0.24489807,-0.12527023,-0.05086052,0.00586654,-0.32797059,0.05067040,0.22002593,-0.18131341,-0.04895471,0.03702394,-0.26771209,0.04576750,0.18347045,-0.24406985,-0.14731486,0.17491923,0.84535067,0.08058715,-0.33336982,-0.99239542,-0.01153609,0.48220919,1.11082894,-0.05784757,-0.61714625,-1.19723676,0.12556346,0.73429069,1.24912767,-0.18965929,-0.83026519,-1.26500566,-0.05657388,0.02486135,-0.99808982,-0.00234449,0.02578951,0.00000000,-0.00113487,0.00000000,0.00000000
10205140000000,synthetic_50hz_03,257,0.02,86.77742743,86.65494907,11.57127269,11.59430915,11.58650749,2.46418991,98.53015794,1,1,0,0,1,0.61532343,0.00000000,0.00000000,-0.05702264,-0.13154957,-0.11706158,0.05848011,0.12232792,0.09199533,-0.05825158,-0.10957949,-0.06427682,0.05634362,0.09367184,0.03470518,-0.05281125,-0.07506358,-0.00413297,0.04775630,0.05429121,-0.02655840,-0.04902469,-0.00738041,-0.36055432,0.05053668,0.23723694,-0.14556256,-0.05052165,0.01633140,-0.30561941,0.04898192,0.20705935,-0.20507861,-0.04596512,0.05211817,-0.24321847,0.04156277,0.16668394,-0.26858531,-0.09409453,0.30238413,0.96505733,0.02536468,-0.45345378,-1.08945653,0.04409645,0.59145015,1.18244619,-0.11228625,-0.71239474,-1.24134537,0.17723879,0.81280066,1.26445599,-0.23708145,-0.88977315,-1.25111175,-0.05676836,0.02490419,-0.99807772,-0.00194134,0.02545572,0.00000000,-0.00236331,0.00000000,0.00000000
10205160000000,synthetic_50hz_03,258,0.02,86.82509265,86.68897779,11.57767130,11.58650749,11.58130325,2.47226709,98.49041892,1,1,0,0,1,0.61515014,0.00000000,0.00000000,-0.05831032,-0.12447692,-0.09731172,0.05842537,0.11242042,0.07007399,-0.05685599,-0.09712278,-0.04081598,0.05364742,0.07902505,0.01038124,-0.04889217,-0.05864899,0.02035281,0.04272734,0.03658205,-0.05050007,-0.05031364,-0.00035017,-0.34084902,0.05047620,0.22736780,-0.16743672,-0.04911344,0.02875457,-0.28220745,0.04626645,0.19244060,-0.22935298,-0.04202052,0.06851077,-0.21878198,0.03650253,0.14899029,-0.29247896,-0.03944198,0.42356345,1.06632232,-0.03001341,-0.56451260,-1.16591344,0.09860350,0.68918658,1.23189074,-0.16435080,-0.79399099,-1.26235206,0.22535980,0.87590427,1.25641917,-0.27987156,-0.93256483,-1.21426314,-0.05695822,0.02493897,-0.99806604,-0.00153755,0.02511695,0.00000000,-0.00362361,0.00000000,0.00000000
10205180000000,synthetic_50hz_03,259,0.02,86.63334687,86.67785160,11.57919672,11.58130325,11.58776177,2.48034936,98.45523746,1,1,0,0,1,0.61494657,0.00000000,0.00000000,-0.05852950,-0.11518235,-0.07591036,0.05730811,0.10052738,0.04700968,-0.05443449,-0.08297415,-0.01675370,0.04999150,0.06302874,-0.01398531,-0.04410723,-0.04126618,0.04432111,0.03695134,0.01831389,-0.07337911,-0.05053440,0.00890183,-0.31949207,0.04935351,0.21551331,-0.19045394,-0.04667960,0.04286944,-0.25819398,0.04259154,0.17647259,-0.25366995,-0.03721031,0.08587132,-0.19486301,0.03069549,0.13073791,-0.31530990,0.01558640,0.53627031,1.14753477,-0.08449798,-0.66459562,-1.22065968,0.15097344,0.77376034,1.25859239,-0.21309627,-0.86061718,-1.26023930,0.26907543,0.92266202,1.22555293,-0.31729702,-0.95810609,-1.15553329,-0.05714323,0.02496567,-0.99805481,-0.00113327,0.02477325,0.00000000,-0.00493454,0.00000000,0.00000000
10205200000000,synthetic_50hz_03,260,0.02,86.92334658,86.72695060,11.58279404,11.58776177,11.58570481,2.48843625,98.42387863,1,1,0,0,1,0.61470974,0.00000000,0.00000000,-0.05769538,-0.10388023,-0.05328843,0.05516846,0.08690757,0.02325534,-0.05105100,-0.06742933,0.00744820,0.04546172,0.04600707,-0.03793702,-0.03856176,-0.02325841,0.06733208,0.03055004,-0.00016080,-0.09478594,-0.04970217,0.02016123,-0.29691442,0.04720874,0.20193226,-0.21416129,-0.04328408,0.05838027,-0.23404084,0.03804306,0.15947947,-0.27757211,-0.03163984,0.10385654,-0.17190139,0.02426340,0.11227930,-0.33666856,0.06994887,0.63853933,1.20753249,-0.13708062,-0.75202049,-1.25306095,0.20026028,0.84382055,1.26246309,-0.25766634,-0.91129287,-1.23546782,0.30764376,0.95249219,1.17285344,-0.34875167,-0.96623072,-1.07642515,-0.05732315,0.02498429,-0.99804403,-0.00072862,0.02442469,0.00000000,-0.00631596,0.00000000,0.00000000
10205220000000,synthetic_50hz_03,261,0.02,87.17399619,86.81635972,11.58401657,11.58570481,11.57875919,2.49652709,98.39570638,1,1,0,0,1,0.61443609,0.00000000,0.00000000,-0.05584476,-0.09082172,-0.02989227,0.05206694,0.07184974,-0.00073229,-0.04678801,-0.05080629,0.03133572,0.04016015,0.02829807,-0.06103574,-0.03237446,-0.00497401,0.08897607,0.02365540,-0.01849346,-0.11435117,-0.04785375,0.03317685,-0.27356240,0.04410240,0.18691336,-0.23810202,-0.03900935,0.07496910,-0.21020202,0.03272307,0.14179927,-0.30062129,-0.02542781,0.12211813,-0.15030679,0.01733821,0.09396302,-0.35618555,0.12264155,0.72866863,1.24562365,-0.18681590,-0.82540824,-1.26296489,0.24560425,0.89835094,1.24389427,-0.29731173,-0.94539376,-1.18896159,0.34044757,0.96518044,1.09975059,-0.37376814,-0.95714052,-0.97883328,-0.05749770,0.02499481,-0.99803374,-0.00032374,0.02407135,0.00000000,-0.00778925,0.00000000,0.00000000
10205240000000,synthetic_50hz_03,262,0.02,87.11063271,86.87521432,11.58180847,11.57875919,11.58022421,2.50462088,98.37016570,1,1,0,0,1,0.61412145,0.00000000,0.00000000,-0.05303497,-0.07628879,-0.00617329,0.04808285,0.05566569,-0.02450307,-0.04174447,-0.03343771,0.05447299,0.03420259,0.01024571,-0.08287244,-0.02567462,0.01324168,0.10888263,0.01640645,-0.03634730,-0.13175368,-0.04504646,0.04766674,-0.24988743,0.04011379,0.17076843,-0.26182601,-0.03395438,0.09230324,-0.18711340,0.02674737,0.12377596,-0.32240846,-0.01870350,0.14031073,-0.13044964,0.01005895,0.07612583,-0.37353975,0.17272108,0.80525635,1.26159845,-0.23284238,-0.88371211,-1.25070017,0.28625072,0.93669003,1.20374363,-0.33140632,-0.96266274,-1.12208259,0.36700733,0.96088144,1.00807139,-0.39202734,-0.93139748,-0.86499702,-0.05766653,0.02499723,-0.99802394,0.00008125,0.02371329,0.00000000,-0.00937781,0.00000000,0.00000000
10205260000000,synthetic_50hz_03,263,0.02,87.22087082,86.94434562,11.58114308,11.58022421,11.58216156,2.51271701,98.34676725,1,1,0,0,1,0.61376092,0.00000000,0.00000000,-0.04934239,-0.06058729,0.01742260,0.04331226,0.03868283,-0.04762395,-0.03603343,-0.01566313,0.07645229,0.02771573,-0.00780815,-0.10307647,-0.01859897,0.03105431,0.12672890,0.00894600,-0.05340517,-0.14672769,-0.04135669,0.06332506,-0.22633540,0.03533901,0.15382489,-0.28490021,-0.02823220,0.11004317,-0.16518269,0.02024267,0.10575140,-0.34256298,-0.01160365,0.15810001,-0.11265281,0.00256843,0.05908491,-0.38846537,0.21932612,0.86723098,1.25573006,-0.27440209,-0.92623933,-1.21706496,0.32156692,0.95854377,1.14331130,-0.35946082,-0.96321294,-1.03659545,0.38699130,0.94011224,0.89999407,-0.40336465,-0.88990766,-0.73744544,-0.05782928,0.02499156,-0.99801467,0.00048621,0.02335058,0.00000000,-0.01110752,0.00000000,0.00000000
10205280000000,synthetic_50hz_03,264,0.02,87.33764025,87.02300454,11.58157084,11.58216156,11.58450954,2.52081512,98.32507395,1,1,0,0,1,0.61334879,0.00000000,0.00000000,-0.04486045,-0.04403950,0.04046561,0.03786563,0.02123627,-0.06968916,-0.02977913,0.00217922,0.09690354,0.02083408,-0.02553188,-0.12132415,-0.01128837,0.04814845,0.14224692,0.00141721,-0.06937687,-0.15906865,-0.03687787,0.07982951,-0.20333610,0.02988848,0.13641783,-0.30691883,-0.02196706,0.12785065,-0.14477995,0.01334345,0.08805721,-0.36076118,-0.00426912,0.17517051,-0.09718425,-0.00499018,0.04313045,-0.40075789,0.26169737,0.91387462,1.22876475,-0.31085789,-0.95266517,-1.16330455,0.35105623,0.96398995,1.06430574,-0.38113346,-0.94752244,-0.93462249,0.40022244,0.90373742,0.77799365,-0.40777281,-0.83389723,-0.59893488,-0.05798551,0.02497779,-0.99800596,0.00089101,0.02298330,0.00000000,-0.01300732,0.00000000,0.00000000
10205300000000,synthetic_50hz_03,265,0.02,86.93036023,87.00447568,11.58280509,11.58450954,11.60730709,2.52891500,98.30468929,1,1,0,0,1,0.61287839,0.00000000,0.00000000,-0.03969729,-0.02697619,0.06255248,0.03186498,0.00366053,-0.09032996,-0.02311398,0.01976067,0.11550318,0.01369660,-0.04261216,-0.13734639,-0.00388433,0.06423512,0.15522985,-0.00603992,-0.08400615,-0.16863795,-0.03171814,0.09684933,-0.18129280,0.02388423,0.11888177,-0.32751315,-0.01529138,0.14539701,-0.12622877,0.00618870,0.07100673,-0.37673396,0.00315858,0.19123329,-0.08425081,-0.01247688,0.02851869,-0.41027868,0.29919550,0.94483856,1.18190107,-0.34170834,-0.96303884,-1.09107855,0.37436957,0.95347426,0.96879973,-0.39623754,-0.91642058,-0.81858997,0.40668181,0.85294606,0.64477987,-0.40540124,-0.76488071,-0.45238047,-0.05813471,0.02495593,-0.99799783,0.00129553,0.02261151,0.00000000,-0.01510988,0.00000000,0.00000000
10205320000000,synthetic_50hz_03,266,0.02,86.86995044,86.97757063,11.59309593,11.60730709,11.63339915,2.53701764,98.28524689,1,1,0,0,1,0.61234195,0.00000000,0.00000000,-0.03397296,-0.00972828,0.08331637,0.02544081,-0.01371875,-0.10922365,-0.01617520,0.03677026,0.13198197,0.00644324,-0.05876167,-0.15093518,0.00347447,0.07905895,0.16553686,-0.01329202,-0.09707693,-0.17536603,-0.02599753,0.11405360,-0.16057233,0.01745678,0.10154237,-0.34636048,-0.00834236,0.16237129,-0.10979838,-0.00108163,0.05488725,-0.39027330,0.01054077,0.20603296,-0.07399331,-0.01975831,0.01546573,-0.41695818,0.33131671,0.96015059,1.11675826,-0.36659972,-0.95778084,-1.00241792,0.39131348,0.92779783,0.85917741,-0.40474550,-0.87106597,-0.69116641,0.40650851,0.78922087,0.50322876,-0.39655170,-0.68462217,-0.30078279,-0.05827631,0.02492599,-0.99799032,0.00169963,0.02223529,0.00000000,-0.01745230,0.00000000,0.00000000
10205340000000,synthetic_50hz_03,267,0.02,87.04656765,86.99137004,11.61002328,11.63339915,11.65312301,2.54512466,98.26640114,1,1,0,0,1,0.61173044,0.00000000,0.00000000,-0.02781634,0.00738153,0.10243622,0.01872879,-0.03059310,-0.12610179,-0.00910128,0.05292265,0.14613178,-0.00078862,-0.07372641,-0.16194873,0.01065578,0.09240461,0.17309662,-0.02021573,-0.10841874,-0.17925405,-0.01984495,0.13111964,-0.14149575,0.01074178,0.08470807,-0.36319235,-0.00125850,0.17848815,-0.09569689,-0.00833019,0.03995280,-0.40123743,0.01774520,0.21935417,-0.06648307,-0.02671111,0.00414202,-0.42079756,0.35770528,0.96021372,1.03533436,-0.38533478,-0.93767172,-0.89967265,0.40185490,0.88809621,0.73807296,-0.40678936,-0.81291647,-0.55519428,0.39999589,0.71429997,0.35630909,-0.38167035,-0.59508987,-0.14715135,-0.05840964,0.02488797,-0.99798347,0.00210317,0.02185471,0.00000000,-0.02007696,0.00000000,0.00000000
10205360000000,synthetic_50hz_03,268,0.02,87.03011202,86.99911843,11.62812517,11.65312301,11.67495340,2.55323756,98.24781855,1,1,0,0,1,0.61103335,0.00000000,0.00000000,-0.02136182,0.02404722,0.11964504,0.01186619,-0.04667926,-0.14075709,-0.00202845,0.06796551,0.15781105,-0.00786777,-0.08729228,-0.17031524,0.01753716,0.10410238,0.17790917,-0.02670095,-0.11791116,-0.18037389,-0.01339478,0.14774140,-0.12433006,0.00387650,0.06866215,-0.37780151,0.00582396,0.19349528,-0.08406587,-0.01542575,0.02641745,-0.40955456,0.02464943,0.23102724,-0.06172006,-0.03322515,-0.00533202,-0.42186870,0.37816296,0.94579604,0.93995472,-0.39787803,-0.90383212,-0.78545114,0.40612209,0.83581030,0.60830264,-0.40265747,-0.74369168,-0.41361648,0.38758404,0.63013208,0.20700558,-0.36133638,-0.49840548,0.00557340,-0.05853393,0.02484189,-0.99797734,0.00250604,0.02146984,0.00000000,-0.02303243,0.00000000,0.00000000
10205380000000,synthetic_50hz_03,269,0.02,86.86577354,86.97244945,11.64779303,11.67495340,11.70378230,2.56135776,98.22916959,1,1,0,0,1,0.61023849,0.00000000,0.00000000,-0.01474579,0.03998746,0.13473714,0.00498831,-0.06172669,-0.15304915,0.00491298,0.08168630,0.16694869,-0.01467263,-0.09929086,-0.17603502,0.02400926,0.11403282,0.18004618,-0.03265370,-0.12548715,-0.17886652,-0.00678340,0.16363758,-0.10928092,-0.00300373,0.05365513,-0.39004754,0.01277473,0.20718012,-0.07497640,-0.02224672,0.01444964,-0.41522498,0.03114410,0.24093271,-0.05963260,-0.03920648,-0.01288934,-0.42031258,0.39265468,0.91801177,0.83321214,-0.40435716,-0.85769449,-0.66255264,0.40440183,0.77264948,0.47279144,-0.39278741,-0.66532863,-0.26939945,0.36984875,0.53882604,0.05824054,-0.33624717,-0.39678885,0.15459747,-0.05864830,0.02478777,-0.99797197,0.00290809,0.02108077,0.00000000,-0.02637455,0.00000000,0.00000000
10205400000000,synthetic_50hz_03,270,0.02,86.79151617,86.93626280,11.67130852,11.70378230,11.73427243,2.56948691,98.21012097,1,1,0,0,1,0.60933169,0.00000000,0.00000000,-0.00810303,0.05495327,0.14757392,-0.00177509,-0.07552438,-0.16290853,0.01160204,0.09391809,0.17354640,-0.02109449,-0.10960410,-0.17918085,0.02997879,0.12213017,0.17964944,-0.03799878,-0.13113517,-0.17493864,-0.00014560,0.17855918,-0.09648695,-0.00976920,0.03989802,-0.39986099,0.01947281,0.21937575,-0.06842680,-0.02868441,0.00416741,-0.41832148,0.03713592,0.24900483,-0.06007891,-0.04457989,-0.01851840,-0.41633589,0.40131039,0.87829383,0.71789984,-0.40506060,-0.80096708,-0.53389439,0.39713273,0.70054807,0.33449652,-0.37775534,-0.57993194,-0.12545495,0.34748709,0.44259610,-0.08720353,-0.30720062,-0.29250001,0.29734791,-0.05875172,0.02472561,-0.99796743,0.00330920,0.02068757,0.00000000,-0.03016766,0.00000000,0.00000000
10205420000000,synthetic_50hz_03,271,0.02,86.47307321,86.84362488,11.69775336,11.73427243,11.77460417,2.57762673,98.19032796,1,1,0,0,1,0.60829651,0.00000000,0.00000000,-0.00156316,0.06873475,0.15808806,-0.00830330,-0.08790674,-0.17033910,0.01793038,0.10454433,0.17767919,-0.02704051,-0.11816786,-0.17989670,0.03537105,0.12838455,0.17692770,-0.04268183,-0.13489986,-0.16885780,0.00638901,0.19229632,-0.08601547,-0.01629916,0.02755643,-0.40724577,0.02580988,0.22996562,-0.06434204,-0.03464595,-0.00436510,-0.41898803,0.04255021,0.25523371,-0.06285022,-0.04929101,-0.02226385,-0.41020618,0.40442286,0.82835846,0.59693960,-0.40043116,-0.73559098,-0.40243584,0.38489484,0.62161608,0.19632968,-0.35826182,-0.48971969,0.01543677,0.32129995,0.34370445,-0.22675817,-0.27507486,-0.18778006,0.43154202,-0.05884301,0.02465545,-0.99796378,0.00370924,0.02029031,0.00000000,-0.03448595,0.00000000,0.00000000
10205440000000,synthetic_50hz_03,272,0.02,85.92910696,86.66072130,11.73003070,11.77460417,11.83031154,2.58577937,98.16942682,1,1,0,0,1,0.60711389,0.00000000,0.00000000,0.00475276,0.08116688,0.16628578,-0.01448780,-0.09875818,-0.17541860,0.02380516,0.11350223,0.17949402,-0.03243620,-0.12497396,-0.17839453,0.04013209,0.13284263,0.17215186,-0.04667095,-0.13688138,-0.16094596,0.01269936,0.20468396,-0.07786024,-0.02248510,0.01674593,-0.41227958,0.03169309,0.23888694,-0.06257517,-0.04005688,-0.01113972,-0.41743660,0.04733299,0.25966603,-0.06767565,-0.05330795,-0.02422585,-0.40224542,0.40244128,0.77016295,0.47330716,-0.39105561,-0.66369173,-0.27110252,0.36839563,0.53808597,0.06108186,-0.33511464,-0.39696694,0.15069981,0.29217213,0.24440317,-0.35813674,-0.24080616,-0.08479314,0.55524842,-0.05892082,0.02457730,-0.99796112,0.00410807,0.01988908,0.00000000,-0.03941495,0.00000000,0.00000000
10205460000000,synthetic_50hz_03,273,0.02,85.78452215,86.48548147,11.77214865,11.83031154,11.88172176,2.59394782,98.14702713,1,1,0,0,1,0.60576176,0.00000000,0.00000000,0.01073526,0.09213382,0.17224720,-0.02023505,-0.10801633,-0.17829710,0.02915146,0.12078468,0.17920661,-0.03722742,-0.13007075,-0.17494952,0.04423009,0.13560682,0.16564855,-0.04995759,-0.13723328,-0.15157185,0.01867599,0.21560629,-0.07194117,-0.02823348,0.00752889,-0.41511252,0.03704751,0.24613261,-0.06291044,-0.04486304,-0.01620479,-0.41394236,0.05145247,0.26240419,-0.07422855,-0.05662216,-0.02455794,-0.39282235,0.39596073,0.70585788,0.34995823,-0.37765077,-0.58752706,-0.14271285,0.34845296,0.45225756,-0.06864701,-0.30920909,-0.30394926,0.27802774,0.26105057,0.14687797,-0.47939280,-0.20536585,0.01442789,0.66693674,-0.05898355,0.02449118,-0.99795952,0.00450558,0.01948395,0.00000000,-0.04505325,0.00000000,0.00000000
10205480000000,synthetic_50hz_03,274,0.02,85.92720663,86.37382650,11.81816936,11.88172176,11.91695182,2.60213504,98.12270396,1,1,0,0,1,0.60421459,0.00000000,0.00000000,0.01628901,0.10157162,0.17612432,-0.02546864,-0.11567344,-0.17919345,0.03391400,0.12644035,0.17709635,-0.04138161,-0.13356191,-0.16989348,0.04765616,0.13683283,0.15779251,-0.05255676,-0.13615879,-0.14114230,0.02422356,0.22499934,-0.06810622,-0.03346790,-0.00008694,-0.41596344,0.04181787,0.25175128,-0.06506849,-0.04903188,-0.01966400,-0.40883714,0.05489973,0.26360392,-0.08213419,-0.05924864,-0.02346337,-0.38234378,0.38570772,0.63773570,0.22975874,-0.36104611,-0.50943315,-0.01991197,0.32597537,0.36644341,-0.19050888,-0.28150661,-0.21288893,0.39543726,0.22892189,0.05319677,-0.58896501,-0.16973724,0.10802909,0.76551262,-0.05902941,0.02439714,-0.99795911,0.00490163,0.01907500,0.00000000,-0.05151431,0.00000000,0.00000000
10205500000000,synthetic_50hz_03,275,0.02,85.98168762,86.29539872,11.85965799,11.91695182,11.94031537,2.61034288,98.09598997,1,1,0,0,1,0.60244289,0.00000000,0.00000000,0.02133466,0.10946877,0.17813677,-0.03013069,-0.12177571,-0.17838958,0.03805803,0.13057179,0.17349933,-0.04488814,-0.13560343,-0.16360702,0.05042411,0.13672556,0.14899784,-0.05450632,-0.13390582,-0.13009298,0.02926273,0.23285161,-0.06613579,-0.03813047,-0.00614775,-0.41511425,0.04596941,0.25584553,-0.06871322,-0.05255278,-0.02167332,-0.40250153,0.05768859,0.26347010,-0.09097846,-0.06122525,-0.02119004,-0.37124540,0.37252201,0.56817832,0.11542389,-0.34216375,-0.43177237,0.09488303,0.30194075,0.28291823,-0.30245443,-0.25301266,-0.12590742,0.50130593,0.19679009,-0.03473336,-0.68570455,-0.13489397,0.19437276,0.85033398,-0.05905629,0.02429519,-0.99796000,0.00529608,0.01866231,0.00000000,-0.05892842,0.00000000,0.00000000
10205520000000,synthetic_50hz_03,276,0.02,85.75969858,86.18825869,11.89353409,11.94031537,11.96194731,2.61857189,98.06636741,1,1,0,0,1,0.60041269,0.00000000,0.00000000,0.02580970,0.11586434,0.17856490,-0.03418217,-0.12642024,-0.17622262,0.04156916,0.13333138,0.16879975,-0.04775768,-0.13639851,-0.15651032,0.05256933,0.13553322,0.13970861,-0.05586538,-0.13076043,-0.11887904,0.03373098,0.23920216,-0.06574951,-0.04218217,-0.01075065,-0.41290210,0.04948775,0.25856772,-0.07346042,-0.05543638,-0.02243598,-0.39535573,0.05985445,0.26225096,-0.10031728,-0.06261111,-0.01802400,-0.35998236,0.35733528,0.49960630,0.00947106,-0.32199632,-0.35688555,0.19952096,0.27737406,0.20387562,-0.40276069,-0.22475497,-0.04498787,0.59438865,0.16565609,-0.11519691,-0.76888010,-0.10178126,0.27206051,0.92120438,-0.05906181,0.02418537,-0.99796233,0.00568882,0.01824596,0.00000000,-0.06744470,0.00000000,0.00000000
10205540000000,synthetic_50hz_03,277,0.02,85.65838880,86.08228472,11.92226764,11.96194731,11.97440885,2.62682189,98.03326022,1,1,0,0,1,0.59808495,0.00000000,0.00000000,0.02966805,0.12084314,0.17774024,-0.03760201,-0.12974928,-0.17307490,0.04445190,0.13491468,0.16341973,-0.05002022,-0.13619044,-0.14905309,0.05414642,0.13353976,0.13038918,-0.05671157,-0.12703906,-0.10796610,0.03758223,0.24413582,-0.06661586,-0.04560191,-0.01403791,-0.40970931,0.05237740,0.26011343,-0.07888798,-0.05771268,-0.02219524,-0.38784944,0.06145190,0.26023044,-0.10968631,-0.06348382,-0.01428170,-0.34902027,0.34114699,0.43443323,-0.08580745,-0.30158359,-0.28705285,0.29213160,0.25332540,0.13139661,-0.49003346,-0.19776372,0.02804786,0.67380742,0.13650042,-0.18668370,-0.83815521,-0.07130175,0.33993736,0.97833858,-0.05904319,0.02406771,-0.99796627,0.00607972,0.01782604,0.00000000,-0.07723317,0.00000000,0.00000000
10205560000000,synthetic_50hz_03,278,0.02,85.71763781,86.00935533,11.94416695,11.97440885,11.96985151,2.63509185,97.99602662,1,1,0,0,1,0.59541495,0.00000000,0.00000000,0.03287814,0.12452743,0.17603291,-0.04038456,-0.13194121,-0.16936160,0.04672667,0.13555106,0.15780751,-0.05172163,-0.13525291,-0.14170377,0.05522544,0.13105535,0.12151463,-0.05713706,-0.12307941,-0.09782218,0.04078493,0.24777484,-0.06836471,-0.04838406,-0.01618789,-0.40595108,0.05465877,0.26071200,-0.08454764,-0.05942757,-0.02122482,-0.38045111,0.06255098,0.25771871,-0.11861045,-0.06393559,-0.01030085,-0.33882716,0.32499779,0.37502826,-0.16834580,-0.28198850,-0.22446687,0.37111164,0.23084935,0.06743399,-0.56317816,-0.17305470,0.09154304,0.73900799,0.11027080,-0.24788085,-0.89353187,-0.04430775,0.39707213,1.02229481,-0.05899728,0.02394226,-0.99797199,0.00646865,0.01740262,0.00000000,-0.08848658,0.00000000,0.00000000
10205580000000,synthetic_50hz_03,279,0.02,85.53391477,85.91426722,11.95495446,11.96985151,11.95710077,2.64337954,97.95395256,1,1,0,0,1,0.59235167,0.00000000,0.00000000,0.03541915,0.12706444,0.17383561,-0.04253518,-0.13319770,-0.16551581,0.04842491,0.13549082,0.15242410,-0.05291852,-0.13387766,-0.13493794,0.05588647,0.12840476,0.11356145,-0.05724319,-0.11922988,-0.08891094,0.04331823,0.25026646,-0.07060335,-0.05053397,-0.01740227,-0.40206049,0.05636331,0.26061376,-0.08997841,-0.06063764,-0.01981646,-0.37363632,0.06323181,0.25504054,-0.12661323,-0.06406773,-0.00642983,-0.32986670,0.30994056,0.32368951,-0.23627422,-0.26427290,-0.17122123,0.43507504,0.21098613,0.01381656,-0.62133245,-0.15161653,0.14398645,0.78967655,0.08787576,-0.29763826,-0.93525390,-0.02160148,0.44270902,1.05386745,-0.05892050,0.02380905,-0.99797969,0.00685548,0.01697579,0.00000000,-0.10142202,0.00000000,0.00000000
10205600000000,synthetic_50hz_03,280,0.02,85.60150808,85.85171539,11.95585591,11.95710077,11.92444879,2.65168189,97.90624690,1,1,0,0,1,0.58883725,0.00000000,0.00000000,0.03727489,0.12860888,0.17154327,-0.04406359,-0.13372630,-0.16197024,0.04958192,0.13498834,0.14772752,-0.05367078,-0.13235859,-0.12922576,0.05621228,0.12591289,0.10699835,-0.05713315,-0.11583706,-0.08168614,0.04516597,0.25176538,-0.07293687,-0.05206136,-0.01788859,-0.39847025,0.05752631,0.26007309,-0.09472225,-0.06140277,-0.01826405,-0.36787522,0.06357713,0.25252084,-0.13322591,-0.06398345,-0.00301526,-0.32259263,0.29700785,0.28262887,-0.28785245,-0.24947244,-0.12931634,0.48276265,0.19474463,-0.02772445,-0.66375457,-0.13440224,0.18396592,0.82561014,0.07018496,-0.33490357,-0.96366298,-0.00394423,0.47618580,1.07393297,-0.05880878,0.02366813,-0.99798962,0.00724010,0.01654563,0.00000000,-0.11628187,0.00000000,0.00000000
10205620000000,synthetic_50hz_03,281,0.02,85.43304076,85.76798047,11.94266492,11.92444879,11.88139655,2.65999459,97.85203915,1,1,0,0,1,0.58480641,0.00000000,0.00000000,0.03842532,0.12929927,0.16952677,-0.04497453,-0.13371712,-0.15913414,0.05022710,0.13427983,0.14415360,-0.05403160,-0.13097120,-0.12501704,0.05627834,0.12388660,0.10227619,-0.05690255,-0.11323030,-0.07658666,0.04630809,0.25241014,-0.07499438,-0.05297097,-0.01783696,-0.39558962,0.05817717,0.25932620,-0.09834335,-0.06177617,-0.01684308,-0.36361764,0.06366242,0.25046647,-0.13799765,-0.06377833,-0.00038646,-0.31744386,0.28717329,0.25396495,-0.32136609,-0.23856818,-0.10067999,0.51290844,0.18308503,-0.05550762,-0.68966339,-0.12232345,0.21009493,0.84653503,0.05803524,-0.35862509,-0.97900066,0.00792616,0.49681593,1.08324125,-0.05865751,0.02351955,-0.99800202,0.00762236,0.01611224,0.00000000,-0.13333388,0.00000000,0.00000000
10205640000000,synthetic_50hz_03,282,0.02,85.63626402,85.74163718,11.91693221,11.88139655,11.81318088,2.66831253,97.79038144,1,1,0,0,1,0.58018614,0.00000000,0.00000000,0.03883520,0.12922688,0.16809844,-0.04525548,-0.13331220,-0.15736290,0.05037103,0.13355408,0.14209052,-0.05403435,-0.12994552,-0.12272160,0.05613984,0.12259058,0.09981456,-0.05662679,-0.11170129,-0.07402982,0.04670936,0.25229200,-0.07646354,-0.05325030,-0.01738946,-0.39377399,0.05832648,0.25856186,-0.10045350,-0.06179121,-0.01578360,-0.36127339,0.06354286,0.24914210,-0.14050885,-0.06352779,0.00116486,-0.31483769,0.28130146,0.23971381,-0.33499225,-0.23244972,-0.08719407,0.52406612,0.17689635,-0.06783952,-0.69803092,-0.11624297,0.22091727,0.85187116,0.05223826,-0.36762586,-0.98115156,0.01327251,0.50373564,1.08214491,-0.05846159,0.02336334,-0.99801717,0.00800216,0.01567568,0.00000000,-0.15286976,0.00000000,0.00000000
10205660000000,synthetic_50hz_03,283,0.02,85.58039123,85.70938799,11.87335665,11.81318088,11.73305469,2.67662929,97.72025629,1,1,0,0,1,0.57489553,0.00000000,0.00000000,0.03844040,0.12839566,0.16746541,-0.04486149,-0.13256565,-0.15691614,0.04998920,0.13291371,0.14184291,-0.05367569,-0.12942980,-0.12268029,0.05581470,0.12221438,0.09998073,-0.05634454,-0.11147545,-0.07439869,0.04630564,0.25141490,-0.07713723,-0.05285436,-0.01660015,-0.39328297,0.05794972,0.25788271,-0.10074808,-0.06144454,-0.01523386,-0.36118333,0.06323637,0.24873731,-0.14039223,-0.06327050,0.00141328,-0.31515719,0.28007678,0.24175566,-0.32665421,-0.23186025,-0.09070687,0.51441171,0.17695908,-0.06295705,-0.68733847,-0.11695610,0.21480588,0.84044895,0.05358122,-0.36046177,-0.96932889,0.01133843,0.49572537,1.07026263,-0.05821531,0.02319957,-0.99803536,0.00837936,0.01523605,0.00000000,-0.17520190,0.00000000,0.00000000
10205680000000,synthetic_50hz_03,284,0.02,85.52250067,85.67201052,11.81442982,11.73305469,11.64319002,2.68493766,97.64059276,1,1,0,0,1,0.56884597,0.00000000,0.00000000,0.03713252,0.12667258,0.16766600,-0.04369740,-0.13139253,-0.15789854,0.04900247,0.13232437,0.14357878,-0.05289477,-0.12944125,-0.12511958,0.05526209,0.12282626,0.10305312,-0.05603617,-0.11267015,-0.07801560,0.04498855,0.24964583,-0.07697711,-0.05168803,-0.01538412,-0.39422124,0.05696776,0.25725441,-0.09905910,-0.06067530,-0.01521105,-0.36357392,0.06270214,0.24932036,-0.13736938,-0.06298682,0.00024145,-0.31872471,0.28389708,0.26173808,-0.29390802,-0.23730770,-0.11299250,0.48155944,0.18387662,-0.03901070,-0.65532729,-0.12514430,0.18988921,0.81020174,0.06280401,-0.33529312,-0.94171769,0.00134694,0.47103037,1.04608349,-0.05791247,0.02302827,-0.99805692,0.00875385,0.01479344,0.00000000,-0.20065718,0.00000000,0.00000000
10205700000000,synthetic_50hz_03,285,0.02,85.35465826,85.60854007,11.74250911,11.64319002,11.55080194,2.69323007,97.55029374,1,1,0,0,1,0.56194181,0.00000000,0.00000000,0.03474473,0.12372930,0.16848388,-0.04159987,-0.12950630,-0.16017611,0.04725567,0.13154957,0.14725039,-0.05154907,-0.12980020,-0.13007938,0.05435628,0.12430864,0.10915811,-0.05559637,-0.11523320,-0.08508977,0.04259124,0.24665645,-0.07619954,-0.04958795,-0.01345483,-0.39645484,0.05522543,0.25644045,-0.09543426,-0.05934099,-0.01553554,-0.36848509,0.06181441,0.25077364,-0.13131391,-0.06257145,-0.00229847,-0.32574946,0.29271215,0.30085322,-0.23394036,-0.24891969,-0.15559333,0.42246487,0.19795076,0.00584760,-0.59880952,-0.14127482,0.14406671,0.75789021,0.08052586,-0.28982751,-0.89512057,-0.01745530,0.42723245,1.00654419,-0.05754636,0.02284952,-0.99808218,0.00912550,0.01434792,0.00000000,-0.22956734,0.00000000,0.00000000
10205720000000,synthetic_50hz_03,286,0.02,85.67183121,85.62119830,11.66199210,11.55080194,11.44021912,2.70149926,97.44827773,1,1,0,0,1,0.55408172,0.00000000,0.00000000,0.03104381,0.11898150,0.16933701,-0.03832338,-0.12634822,-0.16326196,0.04449807,0.13007227,0.15248000,-0.04938985,-0.13004628,-0.13730197,0.05285771,0.12627099,0.11816546,-0.05480165,-0.11885525,-0.09562219,0.03888050,0.24186243,-0.07538654,-0.04630859,-0.01025354,-0.39949685,0.05247198,0.25492381,-0.09025132,-0.05719287,-0.01574693,-0.37565911,0.06033365,0.25270666,-0.12235606,-0.06180088,-0.00589712,-0.33623244,0.30578644,0.35940054,-0.14381007,-0.26621526,-0.21944984,0.33354436,0.21896897,0.07317229,-0.51366241,-0.16540970,0.07521484,0.67897133,0.10708159,-0.22143350,-0.82470519,-0.04566627,0.36126813,0.94666242,-0.05710987,0.02266337,-0.99811147,0.00949420,0.01389960,0.00000000,-0.26225472,0.00000000,0.00000000
10205740000000,synthetic_50hz_03,287,0.02,85.47160992,85.59128062,11.56884745,11.44021912,11.33774256,2.70973767,97.33353903,1,1,0,0,1,0.54516083,0.00000000,0.00000000,0.02573836,0.11154180,0.16914753,-0.03353962,-0.12102181,-0.16617194,0.04037391,0.12701270,0.15840554,-0.04604420,-0.12934176,-0.14607224,0.05038702,0.12794184,0.12952760,-0.05327716,-0.12285329,-0.10924862,0.03356493,0.23437641,-0.07561595,-0.04152166,-0.00488376,-0.40236314,0.04835167,0.25182471,-0.08437234,-0.05385800,-0.01500751,-0.38438086,0.05788047,0.25434792,-0.11104341,-0.06030027,-0.00987149,-0.34980941,0.32137412,0.43603104,-0.02112870,-0.28777075,-0.30419591,0.21121384,0.24587082,0.16359067,-0.39520959,-0.19688232,-0.01826904,0.56781126,0.14221761,-0.12757930,-0.72404266,-0.08345270,0.26974947,0.85939958,-0.05659563,0.02246987,-0.99814511,0.00985982,0.01344855,0.00000000,-0.29901271,0.00000000,0.00000000
10205760000000,synthetic_50hz_03,288,0.02,84.70978057,85.41498061,11.47178340,11.33774256,11.26632457,2.71793861,97.20522981,1,1,0,0,1,0.53507385,0.00000000,0.00000000,0.01851865,0.10021984,0.16621866,-0.02686577,-0.11226233,-0.16726935,0.03443834,0.12106824,0.16349759,-0.04101804,-0.12638370,-0.15501212,0.04641517,0.12805546,0.14205757,-0.05047413,-0.12603532,-0.12500744,0.02633480,0.22300801,-0.07858458,-0.03484434,0.00391923,-0.40341701,0.04241965,0.24584053,-0.07932676,-0.04884233,-0.01201432,-0.39327230,0.05392584,0.25443171,-0.09856290,-0.05752086,-0.01302958,-0.36551874,0.33632744,0.52659278,0.13457558,-0.31078384,-0.40700195,0.05312067,0.27628019,0.27567707,-0.23928543,-0.23381125,-0.13640428,0.41855148,0.18460143,-0.00680110,-0.58575050,-0.13006946,0.14981040,0.73606206,-0.05599627,0.02226910,-0.99818338,0.01022225,0.01299486,0.00000000,-0.34007994,0.00000000,0.00000000
10205780000000,synthetic_50hz_03,289,0.02,84.44178795,85.22034208,11.38549069,11.26632457,11.20397929,2.72609795,97.06276765,1,1,0,0,1,0.52371943,0.00000000,0.00000000,0.00914916,0.08362701,0.15818222,-0.01794456,-0.09849820,-0.16415443,0.02622261,0.11052965,0.16539398,-0.03374466,-0.11937447,-0.16186515,0.04029383,0.12477767,0.15366967,-0.04568130,-0.12658348,-0.14104383,0.01695458,0.20636863,-0.08666059,-0.02591935,0.01772701,-0.40025868,0.03420715,0.23526204,-0.07747672,-0.04157913,-0.00496975,-0.40007695,0.04782144,0.25112384,-0.08700024,-0.05275138,-0.01355353,-0.38150562,0.34573327,0.62261319,0.31959776,-0.33060770,-0.52093841,-0.13964735,0.30595056,0.40424473,-0.04432916,-0.27247272,-0.27589649,0.22702765,0.23113936,0.13959402,-0.40318082,-0.18314215,0.00073300,0.56771009,-0.05530467,0.02206111,-0.99822652,0.01058136,0.01253863,0.00000000,-0.38560816,0.00000000,0.00000000
10205800000000,synthetic_50hz_03,290,0.02,84.36438645,85.04915095,11.30925590,11.20397929,11.14408185,2.73421358,96.90597049,1,1,0,0,1,0.51100568,0.00000000,0.00000000,-0.00236551,0.06046763,0.14213502,-0.00660181,-0.07809137,-0.15371312,0.01537881,0.09346370,0.16085961,-0.02371242,-0.10614143,-0.16336844,0.03136239,0.11575905,0.16116728,-0.03810817,-0.12203928,-0.15431959,0.00542889,0.18316260,-0.10274718,-0.01457251,0.03817765,-0.38977413,0.02336627,0.21815601,-0.08205733,-0.03155678,0.00829886,-0.40153193,0.03890665,0.24207490,-0.07955205,-0.04520133,-0.00898485,-0.39473185,0.34279963,0.70973407,0.52291703,-0.34045626,-0.63308826,-0.35926458,0.32829738,0.53819022,0.18525435,-0.30667353,-0.42777591,-0.00590316,0.27620815,0.30502861,-0.17361822,-0.23777955,-0.17348720,0.34813411,-0.05451438,0.02184597,-0.99827469,0.01093704,0.01207993,0.00000000,-0.43562402,0.00000000,0.00000000
10205820000000,synthetic_50hz_03,291,0.02,84.00640711,84.84060218,11.23988280,11.14408185,11.09855877,2.74228462,96.73521900,1,1,0,0,1,0.49685696,0.00000000,0.00000000,-0.01553760,0.03009879,0.11513598,0.00690438,-0.04985763,-0.13250733,0.00192791,0.06817904,0.14605844,-0.01070461,-0.08453483,-0.15539861,0.01917269,0.09845343,0.16025857,-0.02708801,-0.10953358,-0.16049819,-0.00775453,0.15274701,-0.12978542,-0.00106193,0.06645534,-0.36852525,0.00991799,0.19283109,-0.09690463,-0.01855856,0.02994123,-0.39351386,0.02673330,0.22473872,-0.08051014,-0.03420397,0.00354560,-0.40086092,0.31937870,0.76690843,0.72278949,-0.33166530,-0.72313367,-0.58720906,0.33438983,0.65851063,0.43469911,-0.32747375,-0.57490243,-0.26965659,0.31111644,0.47471952,0.09683974,-0.28578951,-0.36085022,0.07876904,-0.05362007,0.02162375,-0.99832792,0.01128919,0.01161888,0.00000000,-0.48998649,0.00000000,0.00000000
10205840000000,synthetic_50hz_03,292,0.02,83.89633515,84.65174878,11.18052671,11.09855877,11.05625688,2.75031162,96.55164294,1,1,0,0,1,0.48122160,0.00000000,0.00000000,-0.02911998,-0.00662500,0.07523559,0.02157197,-0.01392082,-0.09771598,-0.01340204,0.03406530,0.11737918,0.00484571,-0.05322766,-0.13365829,0.00385031,0.07085544,0.14608396,-0.01243533,-0.08644043,-0.15429797,-0.02134852,0.11597637,-0.16972482,0.01361037,0.10243624,-0.33369096,-0.00540963,0.15867690,-0.12562990,-0.00301752,0.06128438,-0.37172537,0.01142699,0.19710992,-0.09473410,-0.01957381,0.02666376,-0.39461113,0.26762210,0.76778586,0.88472082,-0.29505683,-0.76383733,-0.79111860,0.31398494,0.73786701,0.67470806,-0.32386071,-0.69062364,-0.53884538,0.32439942,0.62346927,0.38744753,-0.31558555,-0.53833999,-0.22487938,-0.05261811,0.02139453,-0.99838614,0.01163767,0.01115554,0.00000000,-0.54834277,0.00000000,0.00000000
10205860000000,synthetic_50hz_03,293,0.02,84.06227780,84.53385458,11.12833338,11.05625688,11.00677089,2.75829593,96.35732390,1,1,0,0,1,0.46408027,0.00000000,0.00000000,-0.04092521,-0.04639165,0.02305759,0.03539512,0.02721425,-0.04872404,-0.02884458,-0.00725226,0.07298576,0.02146244,-0.01291882,-0.09514327,-0.01346152,0.03271745,0.11455775,0.00507250,-0.05157281,-0.13066948,-0.03316567,0.07616277,-0.22194164,0.02743852,0.14361554,-0.28465623,-0.02085017,0.11731873,-0.17006922,0.01359022,0.10162941,-0.33316226,-0.00586906,0.15894088,-0.12630963,-0.00208823,0.06155665,-0.37093308,0.18311359,0.68605075,0.96368585,-0.22389323,-0.72538001,-0.92533133,0.25821793,0.74379624,0.86029908,-0.28509809,-0.74076846,-0.77046400,0.30375873,0.71638399,0.65841609,-0.31366187,-0.67134584,-0.52738573,-0.05150711,0.02115838,-0.99844906,0.01198239,0.01069002,0.00000000,-0.61008750,0.00000000,0.00000000
10205880000000,synthetic_50hz_03,294,0.02,84.16136666,84.45935700,11.07727714,11.00677089,10.95465757,2.76623880,96.15550149,1,1,0,0,1,0.44545411,0.00000000,0.00000000,-0.04796382,-0.08283542,-0.03644464,0.04538065,0.06780416,0.01091409,-0.04148913,-0.05081808,0.01493111,0.03640147,0.03236688,-0.04034585,-0.03026433,-0.01298253,0.06459740,0.02325466,-0.00677610,-0.08698657,-0.04021650,0.03967194,-0.28148249,0.03742936,0.18424981,-0.22497546,-0.03349302,0.07371212,-0.22816965,0.02852057,0.14695152,-0.27831682,-0.02265639,0.11320961,-0.17631928,0.01607194,0.10637890,-0.32720059,0.06913947,0.50571649,0.91388186,-0.11831739,-0.58507996,-0.93883250,0.16408416,0.64757530,0.93671616,-0.20512031,-0.69140075,-0.90759385,0.24024275,0.71529279,0.85230519,-0.26843887,-0.71856261,-0.77244418,-0.05028852,0.02091537,-0.99851626,0.01232322,0.01022240,0.00000000,-0.67433156,0.00000000,0.00000000
10205900000000,synthetic_50hz_03,295,0.02,84.28224959,84.42393552,11.02577692,10.95465757,10.90032987,2.77414120,95.95076532,1,1,0,0,1,0.42541183,0.00000000,0.00000000,-0.04714404,-0.10707978,-0.09303564,0.04811894,0.09901628,0.07204330,-0.04770655,-0.08809809,-0.04897391,0.04591875,0.07464000,0.02449258,-0.04280710,-0.05902999,0.00069488,0.03846129,0.04171813,-0.02586231,-0.03940924,0.01538043,-0.33811193,0.04017327,0.21550644,-0.16380379,-0.03970904,0.03639113,-0.29212034,0.03802948,0.18926125,-0.21343045,-0.03518397,0.06713063,-0.24027105,0.03125688,0.15489894,-0.26602674,-0.05954416,0.23464830,0.70723608,0.01012210,-0.34157012,-0.79287838,0.03959179,0.43864431,0.85566163,-0.08816422,-0.52307219,-0.89377575,0.13419484,0.59241965,0.90612190,-0.17635656,-0.64468738,-0.89234414,-0.04896709,0.02066558,-0.99858709,0.01266006,0.00975278,0.00000000,-0.73988810,0.00000000,0.00000000
10205920000000,synthetic_50hz_03,296,0.02,83.81285284,84.30171898,10.97308916,10.90032987,10.86777842,2.78200378,95.74921099,1,1,0,0,1,0.40407455,0.00000000,0.00000000,-0.03658442,-0.11012120,-0.13245588,0.04104189,0.11093183,0.12048569,-0.04431610,-0.10854425,-0.10504185,0.04631266,0.10302728,0.08656959,-0.04697401,-0.09453999,-0.06560150,0.04628107,0.08332707,0.04274208,-0.02886243,0.01229177,-0.37757040,0.03310214,0.22746663,-0.11531908,-0.03631751,0.01590383,-0.34823382,0.03841532,0.21768535,-0.15130558,-0.03933598,0.03158887,-0.30661665,0.03905523,0.19653395,-0.19737276,-0.17643907,-0.08487939,0.35610328,0.13683190,-0.02790821,-0.48516133,-0.09327980,0.13989120,0.60023194,0.04703841,-0.24784107,-0.69799760,0.00055913,0.34864556,0.77563965,-0.04814054,-0.43939844,-0.83091965,-0.04755127,0.02040910,-0.99866075,0.01299279,0.00928125,0.00000000,-0.80528328,0.00000000,0.00000000
10205940000000,synthetic_50hz_03,297,0.02,83.47896472,84.13716813,10.92885865,10.86777842,10.84924124,2.78982813,95.55853714,1,1,0,0,1,0.38161740,0.00000000,0.00000000,-0.01713262,-0.08691714,-0.14084199,0.02406051,0.09654099,0.14088662,-0.03029472,-0.10338151,-0.13686942,0.03565552,0.10724151,0.12890621,-0.03998836,-0.10800967,-0.11722658,0.04316831,0.10566387,0.10216725,-0.00942374,0.03544850,-0.38599455,0.01612699,0.21312055,-0.09487600,-0.02229535,0.02102526,-0.38010681,0.02775041,0.22193660,-0.10892119,-0.03233573,0.01808719,-0.35829091,0.03592133,0.21889708,-0.13789800,-0.24946686,-0.37818114,-0.07214335,0.22882038,0.28622978,-0.06906231,-0.20157691,-0.18602629,0.20827688,0.16852188,0.08045957,-0.34148673,-0.13060828,0.02742683,0.46485136,0.08892919,-0.13452250,-0.57481410,-0.04605327,0.02014601,-0.99873625,0.01332132,0.00880789,0.00000000,-0.86879814,0.00000000,0.00000000
10205960000000,synthetic_50hz_03,298,0.02,83.17102384,83.94393927,10.89541934,10.84924124,10.84346710,2.79761692,95.38806237,1,1,0,0,1,0.35826685,0.00000000,0.00000000,0.00682930,-0.04050782,-0.11142820,0.00070082,0.05632656,0.12342402,-0.00821073,-0.07052138,-0.13186146,0.01548392,0.08268303,0.13649728,-0.02231070,-0.09246090,-0.13719782,0.02849425,0.09957307,0.13394289,0.01452477,0.08181039,-0.35661860,-0.00722617,0.17295103,-0.11229661,-0.00021089,0.05384391,-0.37514415,0.00757134,0.19741535,-0.10128242,-0.01464376,0.03360374,-0.37831129,0.02122640,0.21283286,-0.10607276,-0.25356244,-0.55964563,-0.46409194,0.25657665,0.51201900,0.34858318,-0.25219363,-0.44963063,-0.22302461,0.24053976,0.37427919,0.09103613,-0.22195101,-0.28813711,0.04357696,0.19696330,0.19368791,-0.17693371,-0.04448890,0.01987639,-0.99881252,0.01364553,0.00833282,0.00000000,-0.92854402,0.00000000,0.00000000
10205980000000,synthetic_50hz_03,299,0.02,83.14099718,83.78335085,10.87359940,10.84346710,10.84078363,2.80537380,95.24864667,1,1,0,0,1,0.33429342,0.00000000,0.00000000,0.02825997,0.01668254,-0.05015228,-0.02233896,0.00057500,0.07032975,0.01577391,-0.01781595,-0.08847958,-0.00875409,0.03454327,0.10407850,0.00148188,-0.05027468,-0.11667680,0.00583304,0.06455665,0.12591124,0.03594173,0.13895323,-0.29538033,-0.03025910,0.11724450,-0.16534906,0.02377391,0.10650769,-0.33180743,-0.01667382,0.14931302,-0.13365359,0.00916284,0.07575749,-0.35783936,-0.00145540,0.17784329,-0.11405481,-0.18443892,-0.56924462,-0.69914915,0.20883823,0.57701184,0.64105150,-0.22721664,-0.56814354,-0.56447203,0.23904429,0.54289540,0.47161858,-0.24398018,-0.50199532,-0.36516813,0.24188201,0.44662249,0.24818973,-0.04287706,0.01960032,-0.99888843,0.01396532,0.00785610,0.00000000,-0.98256944,0.00000000,0.00000000
10206000000000,synthetic_50hz_03,300,0.02,82.85144600,83.59696988,10.85981677,10.84078363,10.85482377,2.81310278,95.15251036,1,1,0,0,1,0.31000000,0.00000000,0.00000000,0.04014028,0.06647746,0.02415350,-0.03758867,-0.05315359,-0.00233232,0.03395336,0.03829728,-0.01955610,-0.02933917,-0.02233684,0.04088071,0.02387911,0.00573241,-0.06102670,-0.01773060,0.01103728,0.07941327,0.04780805,0.18870055,-0.22111200,-0.04550167,0.06356107,-0.23796947,0.04195322,0.16257911,-0.26292899,-0.03726576,0.09247055,-0.19680387,0.03157378,0.13173189,-0.30223832,-0.02503935,0.12435102,-0.16050318,-0.06466380,-0.40527901,-0.70377239,0.10138729,0.46179940,0.71628577,-0.13518774,-0.50500590,-0.70814829,0.16509067,0.53365284,0.67959457,-0.19023395,-0.54691432,-0.63144782,0.20989270,0.54440801,0.56509614,-0.04123890,0.01931791,-0.99896287,0.01428059,0.00737785,0.00000000,-1.02898979,0.00000000,0.00000000
10206020000000,synthetic_50hz_03,301,0.02,83.20744893,83.51906569,10.85771971,10.85482377,10.86303227,2.82080862,95.11295250,1,1,0,0,1,0.28570658,0.00000000,0.00000000,0.03870969,0.09256185,0.08673513,-0.04014548,-0.08715426,-0.07024005,0.04042386,0.07923398,0.05171991,-0.03953679,-0.06902934,-0.03170866,0.03750987,0.05683455,0.01078324,-0.03440152,-0.04300120,0.01045307,0.04636317,0.21473725,-0.15856760,-0.04805103,0.02960569,-0.30583570,0.04842326,0.20347382,-0.19169789,-0.04746994,0.04581588,-0.26934581,0.04521797,0.18280110,-0.23047738,-0.04173030,0.07033990,-0.22941379,0.06399716,-0.13074474,-0.48932828,-0.02751076,0.21389966,0.56196093,-0.00976880,-0.29088775,-0.61839199,0.04676671,0.35948940,0.65699452,-0.08241632,-0.41772681,-0.67665558,0.11568982,0.46392097,0.67680836,-0.03959681,0.01902924,-0.99903481,0.01459123,0.00689816,0.00000000,-1.06612607,0.00000000,0.00000000
10206040000000,synthetic_50hz_03,302,0.02,82.55371933,83.32599642,10.85995099,10.86303227,10.91112423,2.82849575,95.14397761,1,1,0,0,1,0.26173315,0.00000000,0.00000000,0.02526374,0.08784949,0.11778828,-0.02995837,-0.09149640,-0.11140907,0.03378928,0.09250543,0.10181789,-0.03664602,-0.09084749,-0.08929125,0.03844625,0.08657037,0.07419031,-0.03913805,-0.07979738,-0.05695042,0.03290263,0.20997712,-0.12755149,-0.03785617,0.02530896,-0.34696341,0.04178792,0.21670314,-0.14164469,-0.04458541,0.02403576,-0.32688105,0.04616748,0.21250376,-0.16711927,-0.04648658,0.03357134,-0.29676768,0.15899999,0.15442620,-0.14713359,-0.13398020,-0.07316894,0.25097734,0.10509769,-0.01019782,-0.34758529,-0.07318517,0.09327057,0.43417220,0.03916269,-0.17365429,-0.50824172,-0.00401113,0.24903147,0.56765839,-0.03797316,0.01873440,-0.99910338,0.01489714,0.00641711,0.00000000,-1.09263507,0.00000000,0.00000000
10206060000000,synthetic_50hz_03,303,0.02,81.91003875,83.04280489,10.88144375,10.91112423,10.99765716,2.83617027,95.25984205,1,1,0,0,1,0.23838260,0.00000000,0.00000000,0.00532264,0.05703604,0.11072029,-0.01158772,-0.06788045,-0.11553506,0.01751872,0.07676783,0.11701889,-0.02294465,-0.08344196,-0.11512901,0.02770907,0.08771042,0.10991992,-0.03167463,-0.08945015,-0.10154178,0.01294665,0.17911581,-0.13465631,-0.01947747,0.04897045,-0.35104824,0.02551630,0.20092323,-0.12648834,-0.03088998,0.03147951,-0.35267157,0.03544313,0.21361044,-0.13143856,-0.03904262,0.02394644,-0.34130946,0.19520041,0.35909710,0.19732471,-0.18769729,-0.30367166,-0.09693522,0.17478276,0.23949122,-0.00624896,-0.15682917,-0.16840614,0.10925297,0.13435411,0.09246583,-0.20910718,-0.10800557,-0.01385969,0.30293272,-0.03638912,0.01843349,-0.99916790,0.01519823,0.00593480,0.00000000,-1.10761357,0.00000000,0.00000000
10206080000000,synthetic_50hz_03,304,0.02,81.98850729,82.83194537,10.93025338,10.99765716,11.09499301,2.84384059,95.47452822,1,1,0,0,1,0.21592545,0.00000000,0.00000000,-0.01420299,0.01308857,0.07308349,0.00828667,-0.02737770,-0.08665686,-0.00213144,0.04087752,0.09773188,-0.00408524,-0.05319883,-0.10598924,0.01018414,0.06398638,0.11119088,-0.01598942,-0.07292918,-0.11318684,-0.00659416,0.13512041,-0.17232974,0.00040528,0.08951885,-0.32212907,0.00586476,0.16499046,-0.14581986,-0.01203620,0.06176107,-0.34348464,0.01793073,0.18985278,-0.13021645,-0.02337659,0.04049554,-0.35290495,0.17222939,0.43656981,0.44106537,-0.18200527,-0.41897981,-0.37162896,0.18653385,0.38931043,0.29147832,-0.18568457,-0.34841704,-0.20292422,0.17948191,0.29747863,0.10851972,-0.16810472,-0.23796377,-0.01098655,-0.03486364,0.01812661,-0.99922788,0.01549439,0.00545133,0.00000000,-1.11066237,0.00000000,0.00000000
10206100000000,synthetic_50hz_03,305,0.02,81.89316103,82.64418850,10.99944403,11.09499301,11.21544903,2.85151617,95.80114868,1,1,0,0,1,0.19458817,0.00000000,0.00000000,-0.02797993,-0.02948391,0.02074375,0.02389326,0.01578854,-0.03864852,-0.01911774,-0.00163798,0.05543903,0.01379105,-0.01255981,-0.07063121,-0.00806675,0.02639549,0.08378706,0.00210988,-0.03947017,-0.09452729,-0.02038656,0.09249991,-0.22470589,0.01602053,0.13273087,-0.27407992,-0.01112322,0.12243234,-0.18815708,0.00583475,0.10243870,-0.30807955,-0.00030792,0.15222805,-0.15766907,-0.00529619,0.07398293,-0.33419583,0.10887960,0.39227285,0.53810578,-0.13098358,-0.41156415,-0.51279781,0.14931124,0.41898986,0.47270563,-0.16333419,-0.41433590,-0.41898513,0.17264814,0.39773644,0.35318510,-0.17698456,-0.36967005,-0.27720257,-0.03341255,0.01781385,-0.99928305,0.01578553,0.00496679,0.00000000,-1.10190270,0.00000000,0.00000000
10206120000000,synthetic_50hz_03,306,0.02,81.71107439,82.45756568,11.09016613,11.21544903,11.36572721,2.85920752,96.25127673,1,1,0,0,1,0.17454589,0.00000000,0.00000000,-0.03377487,-0.06032498,-0.03011032,0.03222899,0.05026196,0.01245119,-0.02975393,-0.03874986,0.00556692,0.02642105,0.02612059,-0.02342452,-0.02232644,-0.01273825,0.04060679,0.01758815,-0.00101134,-0.05661835,-0.02619726,0.06161076,-0.27559616,0.02436522,0.16725018,-0.22293959,-0.02176140,0.08527767,-0.23807344,0.01845973,0.14115790,-0.26082590,-0.01455568,0.11306026,-0.20089808,0.01016347,0.11247039,-0.29623734,0.03071321,0.26662610,0.49955902,-0.05830732,-0.31285899,-0.51735264,0.08422041,0.35007200,0.52023073,-0.10770539,-0.37719227,-0.50811033,0.12808517,0.39343792,0.48134087,-0.14477219,-0.39834057,-0.44069413,-0.03204811,0.01749532,-0.99933335,0.01607156,0.00448128,0.00000000,-1.08194501,0.00000000,0.00000000
10206140000000,synthetic_50hz_03,307,0.02,81.35049902,82.23615235,11.20590178,11.36572721,11.55458100,2.86692636,96.83420067,1,1,0,0,1,0.15591973,0.00000000,0.00000000,-0.03222644,-0.07542494,-0.06856444,0.03319796,0.07049562,0.05457077,-0.03321236,-0.06353388,-0.03900379,0.03226924,0.05474043,0.02231232,-0.03039578,-0.04436878,-0.00497758,0.02764599,0.03271796,-0.01250067,-0.02466488,0.04646263,-0.31408628,0.02534346,0.18752985,-0.18077955,-0.02522213,0.06045072,-0.28268825,0.02430320,0.16981674,-0.21504220,-0.02261337,0.08139544,-0.24653114,0.02020299,0.14622858,-0.25207013,-0.04090356,0.10943325,0.37043027,0.01404100,-0.16934669,-0.42098828,0.01322638,0.22437778,0.45940901,-0.04011243,-0.27293996,-0.48458476,0.06584203,0.31363315,0.49578970,-0.08967336,-0.34528416,-0.49270080,-0.03077881,0.01717112,-0.99937886,0.01635238,0.00399489,0.00000000,-1.05181757,0.00000000,0.00000000
10206160000000,synthetic_50hz_03,308,0.02,80.72983831,81.93488954,11.35234705,11.55458100,11.79174114,2.87468621,97.55611200,1,1,0,0,1,0.13877840,0.00000000,0.00000000,-0.02560691,-0.07608900,-0.09050546,0.02859140,0.07639768,0.08196891,-0.03075159,-0.07450377,-0.07106915,0.03202520,0.07046188,0.05812044,-0.03237550,-0.06438854,-0.04349608,0.03179241,0.05645886,0.02761772,-0.01806169,0.04575033,-0.33606309,0.02074647,0.19347803,-0.15334114,-0.02276396,0.04943775,-0.31479756,0.02405475,0.18557738,-0.17918733,-0.02458176,0.06134117,-0.28509827,0.02433136,0.16999860,-0.21190222,-0.09392010,-0.03936218,0.20253344,0.07203987,-0.02219773,-0.27216252,-0.04808270,0.08311767,0.33394503,0.02273928,-0.14164130,-0.38609974,0.00325972,0.19608133,0.42712303,-0.02916475,-0.24486826,-0.45583215,-0.02960947,0.01684136,-0.99941978,0.01662790,0.00350772,0.00000000,-1.01286734,0.00000000,0.00000000
10206180000000,synthetic_50hz_03,309,0.02,80.46548589,81.64100881,11.53689257,11.79174114,12.06089654,2.88250294,98.41926412,1,1,0,0,1,0.12314304,0.00000000,0.00000000,-0.01651589,-0.06645197,-0.09711748,0.02082034,0.07119544,0.09438924,-0.02452452,-0.07388630,-0.08893970,0.02752166,0.07444699,0.08092600,-0.02972533,-0.07286134,-0.07057916,0.03107200,0.06917507,0.05819749,-0.00898730,0.05533906,-0.34271068,0.01298527,0.18832202,-0.14088072,-0.01653981,0.05001198,-0.33271192,0.01954710,0.18960187,-0.15633511,-0.02192054,0.05283365,-0.31222991,0.02359320,0.18274419,-0.18127295,-0.12523777,-0.15718758,0.03662065,0.11039928,0.10248252,-0.11273096,-0.09237792,-0.04482284,0.18559118,0.07169326,-0.01412910,-0.25310072,-0.04894165,0.07267370,0.31331325,0.02477903,-0.12912307,-0.36449281,-0.02854155,0.01650613,-0.99945643,0.01689803,0.00301985,0.00000000,-0.96664745,0.00000000,0.00000000
10206200000000,synthetic_50hz_03,310,0.02,80.33297165,81.37940138,11.75697424,12.06089654,12.35654499,2.89039403,99.42117729,1,1,0,0,1,0.10899432,0.00000000,0.00000000,-0.00705008,-0.05117749,-0.09231824,0.01201131,0.05916813,0.09480010,-0.01662625,-0.06545293,-0.09454883,0.02076184,0.06985068,0.09157168,-0.02429886,-0.07223461,-0.08595447,0.02713533,0.07253599,0.07785915,0.00046159,0.07056517,-0.33794679,0.00418641,0.17634106,-0.14042994,-0.00864475,0.05840197,-0.33836472,0.01278348,0.18504512,-0.14564288,-0.01648334,0.05342544,-0.32765372,0.01963907,0.18613474,-0.16156180,-0.13758803,-0.23720208,-0.10361251,0.13012077,0.19397441,0.03030929,-0.11890207,-0.14515437,0.04386776,0.10425536,0.09214946,-0.11678008,-0.08660293,-0.03648785,0.18632557,0.06645369,-0.02022573,-0.25049922,-0.02757373,0.01616556,-0.99948915,0.01716269,0.00253140,0.00000000,-0.91480523,0.00000000,0.00000000
10206220000000,synthetic_50hz_03,311,0.02,80.30512105,81.16454531,12.00879395,12.35654499,12.67403447,2.89837783,100.55400624,1,1,0,0,1,0.09628057,0.00000000,0.00000000,0.00148155,-0.03408884,-0.08058653,0.00361678,0.04413751,0.08723335,-0.00861084,-0.05291366,-0.09136519,0.01335664,0.06016429,0.09286293,-0.01771736,-0.06568036,-0.09168340,0.02156729,0.06930283,0.08786058,0.00897601,0.08760537,-0.32625022,-0.00419764,0.16135689,-0.14795697,-0.00063286,0.07089769,-0.33522460,0.00537479,0.17539848,-0.14430518,-0.00989140,0.05994453,-0.33343108,0.01405384,0.18293145,-0.15151091,-0.13617376,-0.28270382,-0.20943822,0.13534819,0.25245815,0.14455182,-0.13062046,-0.21493398,-0.07549793,0.12212689,0.17121317,0.00426740,-0.11011234,-0.12255621,0.06708616,0.09492320,0.07036589,-0.13650560,-0.02670238,0.01581975,-0.99951833,0.01742179,0.00204245,0.00000000,-0.85898168,0.00000000,0.00000000
10206240000000,synthetic_50hz_03,312,0.02,80.29589102,80.99081445,12.28819497,12.67403447,13.01137225,2.90647287,101.80421622,1,1,0,0,1,0.08492615,0.00000000,0.00000000,0.00848217,-0.01771246,-0.06571071,-0.00359374,0.02883410,0.07539873,-0.00139830,-0.03912445,-0.08291298,0.00635002,0.04828682,0.08803681,-0.01111867,-0.05605706,-0.09062249,0.01556676,0.06221115,0.09059549,0.01595914,0.10393325,-0.31140932,-0.01139739,0.14610005,-0.15975204,0.00657585,0.08464322,-0.32681576,-0.00163502,0.16356093,-0.14908497,-0.00328256,0.06953245,-0.33241855,0.00803642,0.17586989,-0.14872657,-0.12632965,-0.30155330,-0.28189377,0.13094366,0.28376861,0.22797811,-0.13178250,-0.25780273,-0.16748973,0.12882199,0.22440427,0.10217254,-0.12214749,-0.18453614,-0.03390967,0.11195141,0.13934774,-0.03533083,-0.02592223,0.01546882,-0.99954435,0.01767524,0.00155310,0.00000000,-0.80072955,0.00000000,0.00000000
10206260000000,synthetic_50hz_03,313,0.02,80.47919925,80.88849141,12.59192943,13.01137225,13.35863501,2.91469738,103.15271223,1,1,0,0,1,0.07483917,0.00000000,0.00000000,0.01384755,-0.00338750,-0.05035455,-0.00936291,0.01486759,0.06208985,0.00460833,-0.02591904,-0.07203508,0.00027911,0.03622323,0.07990349,-0.00515850,-0.04548309,-0.08546826,0.00988917,0.05343166,0.08856893,0.02130673,0.11820964,-0.29608786,-0.01715549,0.13218020,-0.17302157,0.01257833,0.09780481,-0.31598108,-0.00770880,0.15153746,-0.15717206,0.00268744,0.08007082,-0.32731261,0.00234224,0.16712076,-0.15070372,-0.11237316,-0.30234153,-0.32678951,0.12114749,0.29544049,0.28428171,-0.12642909,-0.28002176,-0.23357794,0.12806568,0.25652987,0.17614001,-0.12601008,-0.22564211,-0.11362388,0.12032155,0.18824898,0.04783192,-0.02522683,0.01511287,-0.99956758,0.01792297,0.00106345,0.00000000,-0.74145342,0.00000000,0.00000000
10206280000000,synthetic_50hz_03,314,0.02,80.58882625,80.82855838,12.91394577,13.35863501,13.71621318,2.92306863,104.57552220,1,1,0,0,1,0.06591828,0.00000000,0.00000000,0.01774504,0.00840172,-0.03611518,-0.01374315,0.00297697,0.04911652,0.00934504,-0.01426983,-0.06070182,-0.00467751,0.02515128,0.07053704,-0.00012488,-0.03530761,-0.07833866,0.00492367,0.04444600,0.08388173,0.02518616,0.12995022,-0.28188298,-0.02152436,0.12033635,-0.18595573,0.01731061,0.10941005,-0.30469089,-0.01266799,0.14050579,-0.16649240,0.00773060,0.09021051,-0.32023124,-0.00263958,0.15816571,-0.15534154,-0.09730896,-0.29242819,-0.35124799,0.10909978,0.29445949,0.31933281,-0.11774520,-0.28800140,-0.27821111,0.12299597,0.27324008,0.22906846,-0.12470071,-0.25060113,-0.17332166,0.12281027,0.22073723,0.11257791,-0.02460911,0.01475202,-0.99958837,0.01816489,0.00057359,0.00000000,-0.68237166,0.00000000,0.00000000
10206300000000,synthetic_50hz_03,315,0.02,81.09731936,80.88231058,13.25089808,13.71621318,14.06474243,2.93160267,106.04504744,1,1,0,0,1,0.05805819,0.00000000,0.00000000,0.02045067,0.01768414,-0.02378118,-0.01693432,-0.00666312,0.03748581,0.01292974,-0.00455001,-0.05010972,-0.00855240,0.01563195,0.06128893,0.00392849,-0.02626322,-0.07070116,0.00080869,0.03613731,0.07807504,0.02787343,0.13918396,-0.26958323,-0.02470386,0.11074314,-0.19754746,0.02089056,0.11908576,-0.29414171,-0.01654515,0.13102694,-0.17569452,0.01179320,0.09921887,-0.31264190,-0.00677058,0.14988786,-0.16109888,-0.08297805,-0.27730465,-0.36182289,0.09685894,0.28634469,0.33907470,-0.10794735,-0.28712928,-0.30655083,0.11592358,0.27963580,0.26518895,-0.12055769,-0.26408029,-0.21618156,0.12171605,0.24091122,0.16094155,-0.02406169,0.01438639,-0.99960702,0.01840093,0.00008361,0.00000000,-0.62449818,0.00000000,0.00000000
10206320000000,synthetic_50hz_03,316,0.02,81.42382253,80.99061297,13.59271271,14.06474243,14.40928721,2.94031327,107.53177935,1,1,0,0,1,0.05115403,0.00000000,0.00000000,0.02225136,0.02474060,-0.01361334,-0.01917848,-0.01418740,0.02764559,0.01555268,0.00322517,-0.04088081,-0.01147848,0.00783004,0.05293742,0.00707335,-0.01865951,-0.06346781,-0.00246430,0.02895101,0.07216840,0.02965548,0.14619166,-0.25944943,-0.02693605,0.10326582,-0.20734889,0.02350843,0.12681669,-0.28495556,-0.01947319,0.12326567,-0.18400015,0.01494700,0.10678636,-0.30545663,-0.01005929,0.14273265,-0.16695620,-0.07035772,-0.26067388,-0.36374989,0.08562561,0.27501977,0.34854499,-0.09842487,-0.28143672,-0.32329137,0.10838649,0.27973972,0.28871712,-0.11522329,-0.26997769,-0.24581901,0.11873814,0.25243207,0.19583383,-0.02357725,0.01401610,-0.99962382,0.01863100,-0.00040638,0.00000000,-0.56864013,0.00000000,0.00000000
10206340000000,synthetic_50hz_03,317,0.02,82.24074718,81.24063981,13.93567400,14.40928721,14.72714703,2.94921185,109.00627320,1,1,0,0,1,0.04510447,0.00000000,0.00000000,0.02339746,0.02993630,-0.00557106,-0.02070330,-0.01986509,0.01969923,0.01741226,0.00922117,-0.03325945,-0.01361921,0.00168861,0.04586079,0.00943352,-0.01254970,-0.05713995,-0.00497585,0.02304898,0.06677173,0.03078265,0.15133856,-0.25144097,-0.02844861,0.09763520,-0.21525666,0.02536265,0.13276830,-0.27737681,-0.02161557,0.11716506,-0.19103101,0.01731579,0.11285973,-0.29917677,-0.01258628,0.13686193,-0.17230359,-0.05985617,-0.24481268,-0.36084384,0.07600123,0.26304471,0.35159252,-0.08995514,-0.27369304,-0.33220462,0.10131560,0.27645067,0.30323911,-0.10975508,-0.27123810,-0.26553107,0.11503028,0.25820561,0.22016764,-0.02314869,0.01364126,-0.99963901,0.01885504,-0.00089629,0.00000000,-0.51540777,0.00000000,0.00000000
10206360000000,synthetic_50hz_03,318,0.02,82.78664145,81.54984014,14.26809267,14.72714703,15.02828273,2.95830647,110.44110385,1,1,0,0,1,0.03981386,0.00000000,0.00000000,0.02408654,0.03362889,0.00053232,-0.02169797,-0.02399621,0.01356260,0.01868383,0.01367171,-0.02726650,-0.01513103,-0.00295305,0.04018430,0.01114200,-0.00785075,-0.05194357,-0.00683174,0.01842821,0.06220528,0.03145253,0.15498229,-0.24537117,-0.02943071,0.09355125,-0.22135489,0.02662856,0.13717431,-0.27142631,-0.02312874,0.11256440,-0.19666186,0.01903260,0.11752203,-0.29402832,-0.01445731,0.13227273,-0.17682079,-0.05154235,-0.23097578,-0.35568924,0.06820656,0.25194961,0.35094660,-0.08290435,-0.26565962,-0.33608601,0.09521197,0.27171055,0.31153591,-0.10477458,-0.26992792,-0.27800407,0.11131649,0.26036316,0.23645726,-0.02276931,0.01326201,-0.99965282,0.01907297,-0.00138602,0.00000000,-0.46523231,0.00000000,0.00000000
10206380000000,synthetic_50hz_03,319,0.02,83.31508515,81.90288914,14.58737250,15.02828273,15.31061691,2.96760207,111.81252861,1,1,0,0,1,0.03519359,0.00000000,0.00000000,0.02446407,0.03612687,0.00493511,-0.02230796,-0.02685865,0.00906568,0.01950869,0.01681608,-0.02280511,-0.01614698,-0.00628870,0.03588705,0.01231974,-0.00441998,-0.04793436,-0.00813732,0.01500124,0.05859969,0.03181056,0.15743136,-0.24100174,-0.03002783,0.09073607,-0.22581360,0.02744744,0.14027402,-0.26700720,-0.02414572,0.10926992,-0.20091359,0.02021837,0.12091595,-0.29006695,-0.01577774,0.12887756,-0.18037717,-0.04530356,-0.21973860,-0.34991745,0.06224044,0.24254662,0.34842171,-0.07738289,-0.25836192,-0.33688080,0.09029436,0.26672852,0.31562747,-0.10060259,-0.26740521,-0.28527444,0.10801041,0.26037248,0.24669683,-0.02243293,0.01287845,-0.99966544,0.01928472,-0.00187549,0.00000000,-0.41838851,0.00000000,0.00000000
10206400000000,synthetic_50hz_03,320,0.02,84.09382480,82.34107627,14.89113515,15.31061691,15.56227392,2.97710074,113.10164996,1,1,0,0,1,0.03116275,0.00000000,0.00000000,0.02463111,0.03767742,0.00787606,-0.02263883,-0.02868693,0.00601190,0.01999385,0.01886938,-0.01972653,-0.01677245,-0.00850781,0.03287243,0.01306749,-0.00209904,-0.04507061,-0.00898579,0.01264537,0.05596938,0.03195782,0.15893295,-0.23809392,-0.03034554,0.08895514,-0.22882938,0.02792633,0.14228252,-0.26397074,-0.02477192,0.10709215,-0.20388281,0.02097383,0.12319983,-0.28725097,-0.01664076,0.12655373,-0.18295830,-0.04094369,-0.21125221,-0.34447149,0.05798436,0.23517635,0.34514351,-0.07335331,-0.25232025,-0.33586489,0.08660745,0.26218964,0.31690313,-0.09736466,-0.26449999,-0.28880490,0.10531480,0.25918467,0.25238029,-0.02213389,0.01249072,-0.99967702,0.01949022,-0.00236458,0.00000000,-0.37501918,0.00000000,0.00000000
10206420000000,synthetic_50hz_03,321,0.02,84.78908002,82.83067702,15.17301343,15.56227392,15.78669785,2.98680145,114.29498056,1,1,0,0,1,0.02764833,0.00000000,0.00000000,0.02465394,0.03846918,0.00957085,-0.02276345,-0.02966828,0.00420900,0.02021668,0.02001203,-0.01786750,-0.01708705,-0.00977883,0.03101088,0.01346480,-0.00073630,-0.04326019,-0.00945435,0.01123021,0.05426230,0.03196060,0.15967570,-0.23643204,-0.03045672,0.08802123,-0.23059446,0.02814257,0.14338025,-0.26215368,-0.02508694,0.10586264,-0.20569909,0.02137856,0.12452531,-0.28548823,-0.01712359,0.12517083,-0.18461626,-0.03823952,-0.20541806,-0.33982155,0.05526644,0.22988526,0.34174691,-0.07069999,-0.24772475,-0.33381955,0.08409524,0.25842223,0.31626802,-0.09506597,-0.26166927,-0.28959833,0.10329592,0.25737227,0.25457939,-0.02186707,0.01209895,-0.99968771,0.01968941,-0.00285322,0.00000000,-0.33515960,0.00000000,0.00000000
10206440000000,synthetic_50hz_03,322,0.02,85.23420251,83.31138212,15.43076089,15.78669785,15.99344873,2.99670031,115.38443017,1,1,0,0,1,0.02458505,0.00000000,0.00000000,0.02457313,0.03864122,0.01020423,-0.02272966,-0.02994714,0.00348279,0.02023089,0.02038967,-0.01706940,-0.01714885,-0.01024436,0.03016390,0.01357240,-0.00019630,-0.04238875,-0.00960466,0.01063130,0.05339151,0.03185945,0.15979868,-0.23583133,-0.03040918,0.08778990,-0.23128306,0.02814990,0.14371284,-0.26139738,-0.02514885,0.10543878,-0.20650092,0.02149327,0.12502785,-0.28466438,-0.01728786,0.12460442,-0.18543795,-0.03697009,-0.20200108,-0.33612648,0.05389767,0.22654583,0.33853179,-0.06927136,-0.24455916,-0.33117707,0.08264792,0.25552173,0.31427435,-0.09364170,-0.25911749,-0.28831097,0.10193575,0.25524277,0.25403544,-0.02162792,0.01170325,-0.99969762,0.01988222,-0.00334129,0.00000000,-0.29876044,0.00000000,0.00000000
10206460000000,synthetic_50hz_03,323,0.02,85.55733340,83.76057238,15.66708978,15.99344873,16.18589867,3.00679143,116.36682532,1,1,0,0,1,0.02191505,0.00000000,0.00000000,0.02441100,0.03829369,0.00993047,-0.02256702,-0.02963276,0.00368104,0.02007242,0.02011750,-0.01718643,-0.01699912,-0.01002225,0.03019633,0.01343573,-0.00036194,-0.04233566,-0.00948499,0.01073571,0.05325442,0.03167670,0.15940205,-0.23613752,-0.03023249,0.08815190,-0.23104740,0.02798423,0.14339549,-0.26155604,-0.02499893,0.10570273,-0.20642347,0.02136341,0.12482454,-0.28465879,-0.01718187,0.12474156,-0.18552600,-0.03692994,-0.20069947,-0.33334840,0.05369094,0.22493453,0.33557810,-0.06890400,-0.24268461,-0.32813292,0.08213052,0.25343799,0.31122751,-0.09298919,-0.25688463,-0.28534928,0.10116693,0.25292517,0.25124429,-0.02141239,0.01130375,-0.99970685,0.02006858,-0.00382871,0.00000000,-0.26570840,0.00000000,0.00000000
10206480000000,synthetic_50hz_03,324,0.02,85.80986854,84.17043161,15.88498952,16.18589867,16.36543010,3.01706765,117.24312075,1,1,0,0,1,0.01958731,0.00000000,0.00000000,0.02417749,0.03749766,0.00887735,-0.02229230,-0.02880720,0.00467265,0.01976441,0.01928621,-0.01808794,-0.01666671,-0.00920919,0.03098174,0.01308850,-0.00113333,-0.04298233,-0.00913294,0.01144318,0.05374371,0.03142229,0.15855688,-0.23722285,-0.02994343,0.08902516,-0.23001859,0.02766873,0.14251889,-0.26249901,-0.02466601,0.10655780,-0.20559317,0.02102268,0.12401529,-0.28535288,-0.01684320,0.12548200,-0.18498771,-0.03793350,-0.20118603,-0.33133138,0.05446973,0.22478056,0.33282762,-0.06943558,-0.24189456,-0.32472828,0.08239956,0.25203462,0.30726688,-0.09298793,-0.25490842,-0.28094683,0.10089541,0.25043308,0.24652695,-0.02121692,0.01090060,-0.99971550,0.02024845,-0.00431538,0.00000000,-0.23584413,0.00000000,0.00000000
10206500000000,synthetic_50hz_03,325,0.02,86.68431485,84.67320826,16.08677456,16.36543010,16.50745841,3.02752109,118.01746638,1,1,0,0,1,0.01755711,0.00000000,0.00000000,0.02387449,0.03630349,0.00715129,-0.02191375,-0.02753253,0.00634467,0.01932123,0.01796780,-0.01965771,-0.01617166,-0.00788505,0.03240401,0.01255586,-0.00242504,-0.04421609,-0.00857807,0.01266520,0.05475340,0.03109811,0.15731353,-0.23898089,-0.02955024,0.09034761,-0.22830956,0.02721774,0.14115505,-0.26411008,-0.02417015,0.10792411,-0.20412614,0.02049624,0.12268552,-0.28663397,-0.01630141,0.12673722,-0.18392908,-0.03981494,-0.20313168,-0.32985419,0.05607132,0.22579564,0.33014057,-0.07071114,-0.24194981,-0.32090884,0.08331232,0.25112845,0.30242515,-0.09351157,-0.25306694,-0.27522241,0.10101484,0.24770939,0.24008488,-0.02103838,0.01049391,-0.99972362,0.02042175,-0.00480120,0.00000000,-0.20897727,0.00000000,0.00000000
10206520000000,synthetic_50hz_03,326,0.02,86.97408227,85.13338306,16.26346178,16.50745841,16.63874177,3.03814210,118.69626735,1,1,0,0,1,0.01578541,0.00000000,0.00000000,0.02349901,0.03474743,0.00484232,-0.02143421,-0.02585678,0.00859887,0.01875145,0.01622066,-0.02179214,-0.01552807,-0.00611689,0.03435714,0.01185701,-0.00416323,-0.04593160,-0.00784411,0.01432332,0.05618184,0.03070119,0.15570825,-0.24132159,-0.02905577,0.09207124,-0.22601857,0.02663986,0.13936235,-0.26628563,-0.02352544,0.10973460,-0.20212839,0.01980328,0.12090907,-0.28839672,-0.01558023,0.12842875,-0.18245174,-0.04242613,-0.20621813,-0.32866502,0.05834699,0.22769157,0.32733399,-0.07258568,-0.24260055,-0.31656576,0.08473168,0.25051525,0.29667080,-0.09443484,-0.25120748,-0.26822269,0.10141539,0.24465728,0.23204158,-0.02087404,0.01008382,-0.99973128,0.02058844,-0.00528608,0.00000000,-0.18489878,0.00000000,0.00000000
10206540000000,synthetic_50hz_03,327,0.02,87.33900640,85.57450773,16.42107937,16.63874177,16.75612092,3.04892039,119.28733316,1,1,0,0,1,0.01423824,0.00000000,0.00000000,0.02304544,0.03285663,0.00202838,-0.02085341,-0.02381848,0.01134840,0.01806016,0.01409364,-0.02439801,-0.01474623,-0.00396247,0.03674421,0.01100716,-0.00628293,-0.04803105,-0.00695074,0.01634720,0.05793314,0.03022588,0.15376818,-0.24416703,-0.02845975,0.09415748,-0.22323244,0.02594016,0.13718966,-0.26893244,-0.02274218,0.11193150,-0.19969683,0.01895901,0.11875091,-0.29054331,-0.01469935,0.13048628,-0.18065159,-0.04563395,-0.21014425,-0.32750392,0.06116104,0.23019031,0.32420742,-0.07492482,-0.24359989,-0.31156386,0.08652849,0.24998636,0.28993778,-0.09563750,-0.24916561,-0.25995265,0.10198923,0.24116130,0.22247297,-0.02072155,0.00967046,-0.99973854,0.02074845,-0.00576993,0.00000000,-0.16339074,0.00000000,0.00000000
10206560000000,synthetic_50hz_03,328,0.02,88.02512239,86.06463066,16.56179682,16.75612092,16.84815570,3.05984538,119.79916920,1,1,0,0,1,0.01288611,0.00000000,0.00000000,0.02250706,0.03065285,-0.00122124,-0.02016956,-0.02145025,0.01451510,0.01725057,0.01162923,-0.02739048,-0.01383423,-0.00147293,0.03947619,0.01001905,-0.00872583,-0.05042377,-0.00591501,0.01867302,0.05991761,0.02966550,0.15151512,-0.24744791,-0.02776039,0.09657373,-0.22002936,0.02512186,0.13467945,-0.27196570,-0.02182845,0.11446369,-0.19692050,0.01797618,0.11626937,-0.29298307,-0.01367580,0.13284598,-0.17861833,-0.04931774,-0.21462901,-0.32611727,0.06438935,0.23302967,0.32055985,-0.07760459,-0.24471197,-0.30576054,0.08858245,0.24933911,0.28214600,-0.09700644,-0.24677768,-0.25039707,0.10263368,0.23710154,0.21142907,-0.02057884,0.00925396,-0.99974542,0.02090175,-0.00625264,0.00000000,-0.14423388,0.00000000,0.00000000
10206580000000,synthetic_50hz_03,329,0.02,88.26500699,86.50470593,16.68206755,16.84815570,16.93522637,3.07090580,120.24042875,1,1,0,0,1,0.01170349,0.00000000,0.00000000,0.02187715,0.02815514,-0.00484334,-0.01938051,-0.01878124,0.01802727,0.01632513,0.00886586,-0.03069146,-0.01279908,0.00130512,0.04247081,0.00890404,-0.01143848,-0.05302570,-0.00475228,0.02124206,0.06205184,0.02901330,0.14896808,-0.25110103,-0.02695554,0.09929085,-0.21648102,0.02418741,0.13187017,-0.27530728,-0.02079126,0.11728455,-0.19388166,0.01686614,0.11351788,-0.29563194,-0.01252496,0.13544911,-0.17643537,-0.05336706,-0.21941245,-0.32426672,0.06791797,0.23596615,0.31620063,-0.08051076,-0.24571683,-0.29901833,0.09078240,0.24838337,0.27321519,-0.09843673,-0.24388892,-0.23953513,0.10325309,0.23236302,0.19894916,-0.02044414,0.00883447,-0.99975198,0.02104827,-0.00673413,0.00000000,-0.12721330,0.00000000,0.00000000
10206600000000,synthetic_50hz_03,330,0.02,88.27783403,86.85933155,16.78839425,16.93522637,17.02562330,3.08209069,120.61951924,1,1,0,0,1,0.01066831,0.00000000,0.00000000,0.02114968,0.02538163,-0.00877882,-0.01848446,-0.01583893,0.02181805,0.01528633,0.00583959,-0.03422825,-0.01164749,0.00432811,0.04565163,0.00767285,-0.01437102,-0.05575885,-0.00347699,0.02399962,0.06425853,0.02826327,0.14614521,-0.25506730,-0.02604339,0.10228132,-0.21265428,0.02313930,0.12879788,-0.27888448,-0.01963732,0.12035049,-0.19065677,0.01563963,0.11054631,-0.29841194,-0.01126126,0.13824099,-0.17418001,-0.05768001,-0.22425571,-0.32173467,0.07164185,0.23877639,0.31095638,-0.08353822,-0.24641304,-0.29121306,0.09302615,0.24694549,0.26307393,-0.09983209,-0.24035839,-0.22735027,0.10375982,0.22684164,0.18507198,-0.02031591,0.00841211,-0.99975824,0.02118797,-0.00721430,0.00000000,-0.11212246,0.00000000,0.00000000
10206620000000,synthetic_50hz_03,331,0.02,89.04537424,87.29654009,16.88803045,17.02562330,17.08894392,3.09339019,120.94434212,1,1,0,0,1,0.00976151,0.00000000,0.00000000,0.02031975,0.02235078,-0.01297144,-0.01748047,-0.01265037,0.02582428,0.01413721,0.00258524,-0.03793259,-0.01038638,0.00755442,0.04894729,0.00633609,-0.01747629,-0.05855081,-0.00210314,0.02689430,0.06646629,0.02741052,0.14306497,-0.25929045,-0.02502301,0.10551814,-0.20861230,0.02198057,0.12549738,-0.28262907,-0.01837355,0.12361992,-0.18731718,0.01430723,0.10740183,-0.30125064,-0.00989870,0.14117021,-0.17192363,-0.06216189,-0.22894063,-0.31832751,0.07546393,0.24125767,0.30467514,-0.08659032,-0.24661914,-0.28223885,0.09522026,0.24487047,0.25166549,-0.10110497,-0.23606206,-0.21383648,0.10407477,0.22044788,0.16984248,-0.02019283,0.00798702,-0.99976421,0.02132081,-0.00769305,0.00000000,-0.09876599,0.00000000,0.00000000
10206640000000,synthetic_50hz_03,332,0.02,89.38504544,87.71424116,16.97241411,17.08894392,17.14604843,3.10479430,121.22214052,1,1,0,0,1,0.00896665,0.00000000,0.00000000,0.01938392,0.01908215,-0.01736685,-0.01636875,-0.00924287,0.02998570,0.01288167,-0.00086290,-0.04174005,-0.00902320,0.01094378,0.05229101,0.00490459,-0.02070915,-0.06133439,-0.00064457,0.02987746,0.06860948,0.02645158,0.13974692,-0.26371616,-0.02389462,0.10897396,-0.20441534,0.02071510,0.12200299,-0.28647659,-0.01700742,0.12705254,-0.18392967,0.01287978,0.10412956,-0.30408086,-0.00845112,0.14418813,-0.16973189,-0.06672423,-0.23326925,-0.31387715,0.07929432,0.24322789,0.29722871,-0.08957832,-0.24617416,-0.27201103,0.09727974,0.24202311,0.23895115,-0.10217654,-0.23089443,-0.19900219,0.10412754,0.21310895,0.15331591,-0.02007375,0.00755935,-0.99976994,0.02144674,-0.00817030,0.00000000,-0.08696140,0.00000000,0.00000000
10206660000000,synthetic_50hz_03,333,0.02,89.46363204,88.06411933,17.04534052,17.14604843,17.20751688,3.11629339,121.45942812,1,1,0,0,1,0.00826956,0.00000000,0.00000000,0.01834027,0.01559685,-0.02191214,-0.01515086,-0.00564451,0.03424448,0.01152464,-0.00447056,-0.04558953,-0.00756616,0.01445675,0.05562022,0.00338954,-0.02402614,-0.06404734,0.00088480,0.03290284,0.07062796,0.02538456,0.13621218,-0.26829150,-0.02265975,0.11262070,-0.20012125,0.01934785,0.11834896,-0.29036595,-0.01554711,0.13060892,-0.18055682,0.01136849,0.10077298,-0.30684034,-0.00693245,0.14724849,-0.16766492,-0.07128422,-0.23706311,-0.30824172,0.08304981,0.24452530,0.28851363,-0.09242104,-0.24493771,-0.26046756,0.09912773,0.23828846,0.22491208,-0.10297652,-0.22476923,-0.18287229,0.10385645,0.20476981,0.13556020,-0.01995772,0.00712923,-0.99977542,0.02156572,-0.00864595,0.00000000,-0.07653998,0.00000000,0.00000000
10206680000000,synthetic_50hz_03,334,0.02,89.90085159,88.43146578,17.11345459,17.20751688,17.25849236,3.12787893,121.66197578,1,1,0,0,1,0.00765805,0.00000000,0.00000000,0.01718853,0.01191773,-0.02655546,-0.01382971,-0.00188435,0.03854490,0.01007218,-0.00820336,-0.04942306,-0.00602426,0.01805457,0.05887634,0.00180266,-0.02738525,-0.06663219,0.00247091,0.03592640,0.07246699,0.02420918,0.13248360,-0.27296463,-0.02132136,0.11642932,-0.19578572,0.01788487,0.11456969,-0.29423918,-0.01400164,0.13425030,-0.17725720,0.00978505,0.09737409,-0.30947161,-0.00535672,0.15030724,-0.16577746,-0.07576425,-0.24016274,-0.30130551,0.08665350,0.24500808,0.27845142,-0.09504448,-0.24278973,-0.24756945,0.10069529,0.23357164,0.20954993,-0.10344300,-0.21761957,-0.16548900,0.10320840,0.19539343,0.11665693,-0.01984387,0.00669679,-0.99978067,0.02167772,-0.00911990,0.00000000,-0.06734710,0.00000000,0.00000000
10206700000000,synthetic_50hz_03,335,0.02,90.52125800,88.84942423,17.17437045,17.25849236,17.29399542,3.13954305,121.83483658,1,1,0,0,1,0.00712161,0.00000000,0.00000000,0.01593004,0.00806945,-0.03124600,-0.01240965,0.00200754,0.04283328,0.00853149,-0.01202666,-0.05318566,-0.00440736,0.02169905,0.06200466,0.00015616,-0.03074584,-0.06903605,0.00409954,0.03890622,0.07407709,0.02292677,0.12858584,-0.27768473,-0.01988375,0.12036972,-0.19146245,0.01633336,0.11069981,-0.29804129,-0.01238085,0.13793849,-0.17408552,0.00814168,0.09397354,-0.31192179,-0.00373818,0.15332247,-0.16411900,-0.08009171,-0.24242706,-0.29297847,0.09003451,0.24455384,0.26698820,-0.09738158,-0.23963003,-0.23330054,0.10192110,0.22779756,0.19288671,-0.10352218,-0.20939759,-0.14691187,0.10213867,0.18496059,0.09670150,-0.01973149,0.00626218,-0.99978571,0.02178269,-0.00959206,0.00000000,-0.05924208,0.00000000,0.00000000
10206720000000,synthetic_50hz_03,336,0.02,91.00158120,89.27985562,17.22461294,17.29399542,17.32258751,3.15127793,121.98239429,1,1,0,0,1,0.00665121,0.00000000,0.00000000,0.01456771,0.00407840,-0.03593395,-0.01089635,0.00600011,0.04705795,0.00691084,-0.01590564,-0.05682526,-0.00272609,0.02535260,0.06495427,-0.00153726,-0.03406863,-0.07121061,0.00575628,0.04180245,0.07541392,0.02154026,0.12454528,-0.28240199,-0.01835262,0.12441087,-0.18720311,0.01470159,0.10677415,-0.30172022,-0.01069540,0.14163589,-0.17109272,0.00645110,0.09061061,-0.31414256,-0.00209123,0.15625434,-0.16273388,-0.08419879,-0.24373288,-0.28319542,0.09312789,0.24305902,0.25409389,-0.09937207,-0.23537766,-0.21766671,0.10275131,0.22091025,0.17496410,-0.10316818,-0.20007389,-0.12721720,0.10061066,0.17346931,0.07580257,-0.01961996,0.00582555,-0.99979054,0.02188060,-0.01006235,0.00000000,-0.05209769,0.00000000,0.00000000
10206740000000,synthetic_50hz_03,337,0.02,91.00001686,89.62388787,17.26576226,17.32258751,17.36439757,3.16307602,122.10842435,1,1,0,0,1,0.00623908,0.00000000,0.00000000,0.01310595,-0.00002749,-0.04057060,-0.00929676,0.01006148,0.05116932,0.00521954,-0.01980539,-0.06029280,-0.00099184,0.02897830,0.06767802,-0.00326446,-0.03731576,-0.07311204,0.00742664,0.04457739,0.07643822,0.02005405,0.12038987,-0.28706770,-0.01673492,0.12852088,-0.18305731,0.01299888,0.10282762,-0.30522689,-0.00895665,0.14530558,-0.16832593,0.00472642,0.08732316,-0.31609008,-0.00043036,0.15906511,-0.16166137,-0.08802253,-0.24397441,-0.27191509,0.09587445,0.24043833,0.23976121,-0.10096226,-0.22997030,-0.20069490,0.10313929,0.21287213,0.15584246,-0.10234276,-0.18963675,-0.10649701,0.09859564,0.16093405,0.05408120,-0.01950876,0.00538702,-0.99979518,0.02197143,-0.01053066,0.00000000,-0.04579946,0.00000000,0.00000000
10206760000000,synthetic_50hz_03,338,0.02,91.19198120,89.93750654,17.30718909,17.36439757,17.41019049,3.17493115,122.21615974,1,1,0,0,1,0.00587855,0.00000000,0.00000000,0.01155057,-0.00421889,-0.04510853,-0.00761903,0.01415909,0.05511995,0.00346782,-0.02369108,-0.06354224,0.00078336,0.03254005,0.07013257,-0.00501196,-0.04045087,-0.07470095,0.00909607,0.04719547,0.07711567,0.01847395,0.11614893,-0.29163445,-0.01503878,0.13266719,-0.17907245,0.01123544,0.09889504,-0.30851528,-0.00717665,0.14891146,-0.16582848,0.00298113,0.08414755,-0.31772496,0.00122988,0.16171925,-0.16093578,-0.09150478,-0.24306272,-0.25911900,0.09822075,0.23662409,0.22400447,-0.10210497,-0.22336348,-0.18243179,0.10304546,0.20366320,0.13559951,-0.10101510,-0.17809121,-0.08485784,0.09607242,0.14738476,0.03166967,-0.01939744,0.00494675,-0.99979962,0.02205513,-0.01099691,0.00000000,-0.04024483,0.00000000,0.00000000
10206780000000,synthetic_50hz_03,339,0.02,90.90650112,90.13130545,17.35044968,17.41019049,17.47843956,3.18683852,122.30835659,1,1,0,0,1,0.00556391,0.00000000,0.00000000,0.00990867,-0.00846534,-0.04950180,-0.00587235,0.01825997,0.05886477,0.00166673,-0.02752815,-0.06653065,0.00258694,0.03600267,0.07227842,-0.00676603,-0.04343923,-0.07594237,0.01075005,0.04962341,0.07741687,0.01680706,0.11185291,-0.29605628,-0.01327341,0.13681683,-0.17529363,0.00942233,0.09501099,-0.31154245,-0.00536796,0.15241836,-0.16363989,0.00122897,0.08111852,-0.31901225,0.00287499,0.16418345,-0.16058651,-0.09459224,-0.24092533,-0.24481026,0.10011905,0.23156564,0.20685828,-0.10275937,-0.21552979,-0.16294249,0.10243710,0.19328013,0.11432898,-0.09916151,-0.16545810,-0.06241932,0.09302706,0.13286585,0.00871008,-0.01928560,0.00450487,-0.99980387,0.02213169,-0.01146100,0.00000000,-0.03534228,0.00000000,0.00000000
10206800000000,synthetic_50hz_03,340,0.02,91.13049318,90.33114300,17.40420543,17.47843956,17.54681422,3.19879550,122.38735651,1,1,0,0,1,0.00529026,0.00000000,0.00000000,0.00818852,-0.01273552,-0.05370609,-0.00406690,0.02233090,0.06236117,-0.00017197,-0.03128247,-0.06921834,0.00440588,0.03933215,0.07407992,-0.00851277,-0.04624787,-0.07680574,0.01237423,0.05183024,0.07731722,0.01506166,0.10753317,-0.30028889,-0.01144899,0.14093658,-0.17176345,0.00757131,0.09120958,-0.31426871,-0.00354361,0.15579225,-0.16179581,-0.00051617,0.07826903,-0.31992136,0.00449058,0.16642675,-0.16063817,-0.09723653,-0.23750570,-0.22901232,0.10152725,0.22522864,0.18837618,-0.10289090,-0.20645814,-0.14230906,0.10128816,0.18173535,0.09213910,-0.09676523,-0.15177305,-0.03931273,0.08945251,0.11743505,-0.01464704,-0.01917293,0.00406154,-0.99980794,0.02220108,-0.01192284,0.00000000,-0.03101031,0.00000000,0.00000000
10206820000000,synthetic_50hz_03,341,0.02,90.99717279,90.46434896,17.46410112,17.54681422,17.63079065,3.21080069,122.45514385,1,1,0,0,1,0.00505343,0.00000000,0.00000000,0.00639945,-0.01699745,-0.05767900,-0.00221367,0.02633871,0.06556916,-0.00203593,-0.03492062,-0.07156892,0.00622683,0.04249574,0.07550532,-0.01023821,-0.04884570,-0.07726486,0.01395442,0.05378741,0.07679682,0.01324708,0.10322166,-0.30428986,-0.00957651,0.14499326,-0.16852192,0.00569474,0.08752425,-0.31665765,-0.00171695,0.15900039,-0.16032800,-0.00224032,0.07563018,-0.32042610,0.00606250,0.16842060,-0.16111065,-0.09939422,-0.23276269,-0.21176771,0.10240893,0.21759445,0.16862919,-0.10247114,-0.19615285,-0.12062901,0.09957907,0.16905608,0.06915104,-0.09381608,-0.13708534,-0.01567941,0.08534833,0.10116237,-0.03824426,-0.01905915,0.00361689,-0.99981182,0.02226328,-0.01238235,0.00000000,-0.02717657,0.00000000,0.00000000
10206840000000,synthetic_50hz_03,342,0.02,90.71702011,90.51488319,17.53411073,17.63079065,17.73512636,3.22285425,122.51339709,1,1,0,0,1,0.00484986,0.00000000,0.00000000,0.00455176,-0.02121880,-0.06138019,-0.00032440,0.03025047,0.06845153,-0.00391231,-0.03841000,-0.07354939,0.00803623,0.04546216,0.07652678,-0.01192846,-0.05120362,-0.07729787,0.01547679,0.05546885,0.07584042,0.01137361,0.09895073,-0.30801885,-0.00766769,0.14895393,-0.16560622,0.00380545,0.08398760,-0.31867629,0.00009848,0.16201149,-0.15926428,-0.00392959,0.07323106,-0.32050461,0.00757689,0.17013893,-0.16201922,-0.10102692,-0.22667013,-0.19313671,0.10273324,0.20865940,0.14770446,-0.10147772,-0.18463292,-0.09801383,0.09729654,0.15528338,0.04549741,-0.09031026,-0.12145696,0.00833072,0.08072030,0.08412887,-0.06191867,-0.01894403,0.00317106,-0.99981552,0.02231826,-0.01283944,0.00000000,-0.02377691,0.00000000,0.00000000
10206860000000,synthetic_50hz_03,343,0.02,90.83915211,90.57973697,17.61853729,17.73512636,17.84304978,3.23495810,122.56353412,1,1,0,0,1,0.00467657,0.00000000,0.00000000,0.00265653,-0.02536710,-0.06477158,0.00158861,0.03403370,0.07097402,-0.00578794,-0.04171910,-0.07513023,0.00982040,0.04820172,0.07712041,-0.01356974,-0.05329466,-0.07688717,0.01692786,0.05685109,0.07443724,0.00945234,0.09475284,-0.31143779,-0.00573487,0.15278613,-0.16305064,0.00191661,0.08063113,-0.32029512,0.00188898,0.16479586,-0.15862854,-0.00557019,0.07109865,-0.32013930,0.00902029,0.17155826,-0.16337465,-0.10210129,-0.21921622,-0.17319609,0.10247492,0.19843412,0.12570384,-0.09989414,-0.17193108,-0.07458749,0.09443337,0.14047118,0.02132074,-0.08625005,-0.10496144,0.03256069,0.07558009,0.06642560,-0.08550338,-0.01882738,0.00272421,-0.99981904,0.02236602,-0.01329400,0.00000000,-0.02075449,0.00000000,0.00000000
10206880000000,synthetic_50hz_03,344,0.02,91.22752543,90.70929466,17.71283254,17.84304978,17.94643725,3.24711507,122.60675176,1,1,0,0,1,0.00453103,0.00000000,0.00000000,0.00072557,-0.02941001,-0.06781756,0.00351253,0.03765666,0.07310536,-0.00764937,-0.04481765,-0.07628549,0.01156567,0.05068652,0.07726627,-0.01514852,-0.05509408,-0.07601944,0.01829464,0.05791325,0.07258092,0.00749508,0.09066033,-0.31451106,-0.00379084,0.15645810,-0.16088644,0.00004168,0.07748513,-0.32148815,0.00364087,0.16732561,-0.15844075,-0.00714860,0.06925769,-0.31931681,0.01037970,0.17265771,-0.16518330,-0.10258907,-0.21040301,-0.15203780,0.10161417,0.18694284,0.10274243,-0.09770970,-0.15809301,-0.05048496,0.09098821,0.12468530,-0.00322803,-0.08164349,-0.08768285,0.05684794,0.06994494,0.04815246,-0.10882891,-0.01870906,0.00227647,-0.99982238,0.02240652,-0.01374596,0.00000000,-0.01805901,0.00000000,0.00000000
10206900000000,synthetic_50hz_03,345,0.02,91.37224287,90.84188431,17.81094652,17.94643725,18.05803249,3.25932797,122.64405969,1,1,0,0,1,0.00441116,0.00000000,0.00000000,-0.00122872,-0.03331555,-0.07048512,0.00543421,0.04108846,0.07481746,-0.00948302,-0.04767677,-0.07699277,0.01325843,0.05289054,0.07694835,-0.01665160,-0.05657945,-0.07468546,0.01956469,0.05863715,0.07026937,0.00551423,0.08670520,-0.31720566,-0.00184878,0.15993897,-0.15914170,-0.00180577,0.07457846,-0.32223301,0.00534057,0.16957470,-0.15871690,-0.00865161,0.06773062,-0.31802797,0.01164269,0.17341911,-0.16744728,-0.10246706,-0.20024583,-0.12976766,0.10013666,0.17422261,0.07894727,-0.09491928,-0.14317648,-0.02585079,0.08696533,0.10800250,-0.02799098,-0.07650413,-0.06971475,0.08102576,0.06383728,0.02941710,-0.13172453,-0.01858892,0.00182800,-0.99982554,0.02243977,-0.01419523,0.00000000,-0.01564587,0.00000000,0.00000000
10206920000000,synthetic_50hz_03,346,0.02,91.66220202,91.00594785,17.91472263,18.05803249,18.17277454,3.27159981,122.67630964,1,1,0,0,1,0.00431528,0.00000000,0.00000000,-0.00319346,-0.03705228,-0.07274401,0.00734018,0.04429932,0.07608546,-0.01127527,-0.05026918,-0.07723333,0.01488530,0.05478976,0.07615452,-0.01806617,-0.05773073,-0.07288015,0.02072619,0.05900730,0.06750460,0.00352267,0.08291886,-0.31949133,0.00007785,0.16319893,-0.15784130,-0.00361211,0.07193842,-0.32251094,0.00697468,0.17151913,-0.15946912,-0.01006643,0.06653747,-0.31626765,0.01279743,0.17382695,-0.17016455,-0.10171716,-0.18877271,-0.10650414,0.09803337,0.16032266,0.05445593,-0.09152322,-0.12725043,-0.00083772,0.08237443,0.09050952,-0.05280464,-0.07085073,-0.05115918,0.10492461,0.05728438,0.01033389,-0.15401956,-0.01846688,0.00137893,-0.99982852,0.02246575,-0.01464171,0.00000000,-0.01347552,0.00000000,0.00000000
10206940000000,synthetic_50hz_03,347,0.02,91.89805893,91.18437006,18.02310443,18.17277454,18.29331720,3.28393362,122.70422003,1,1,0,0,1,0.00424204,0.00000000,0.00000000,-0.00515539,-0.04058956,-0.07456686,0.00921684,0.04726070,0.07688780,-0.01301256,-0.05256930,-0.07699204,0.01643313,0.05636230,0.07487656,-0.01937992,-0.05853035,-0.07060235,0.02176798,0.05901094,0.06429264,0.00153366,0.07933199,-0.32134069,0.00197546,0.16620947,-0.15700678,-0.00536379,0.06959059,-0.32230683,0.00853006,0.17313699,-0.16070565,-0.01138073,0.06569582,-0.31403472,0.01383277,0.17386849,-0.17332911,-0.10032626,-0.17602370,-0.08237709,0.09530047,0.14530355,0.02941525,-0.08752712,-0.11039422,0.02439464,0.07723033,0.07230218,-0.07750122,-0.06470694,-0.03212563,0.12837341,0.05031803,-0.00897711,-0.17554453,-0.01834286,0.00092942,-0.99983132,0.02248445,-0.01508533,0.00000000,-0.01151279,0.00000000,0.00000000
10206960000000,synthetic_50hz_03,348,0.02,91.73987991,91.29547203,18.13659379,18.29331720,18.43345651,3.29633256,122.72839693,1,1,0,0,1,0.00419043,0.00000000,0.00000000,-0.00710097,-0.04389765,-0.07592925,0.01105051,0.04994548,0.07720628,-0.01468147,-0.05455336,-0.07625742,0.01788915,0.05758844,0.07311001,-0.02058108,-0.05896321,-0.06785482,0.02267965,0.05863805,0.06064333,-0.00043925,0.07597429,-0.32272935,0.00383036,0.16894344,-0.15665637,-0.00704738,0.06755873,-0.32160918,0.00999393,0.17440859,-0.16243093,-0.01258275,0.06522076,-0.31133192,0.01473830,0.17353370,-0.17693111,-0.09828624,-0.16205035,-0.05752652,0.09193927,0.12923651,0.00398007,-0.08294164,-0.09269671,0.04968112,0.07155277,0.05348442,-0.10190998,-0.05810100,-0.01273016,0.15120073,0.04297415,-0.02839112,-0.19613229,-0.01821682,0.00047960,-0.99983394,0.02249586,-0.01552598,0.00000000,-0.00972629,0.00000000,0.00000000
10206980000000,synthetic_50hz_03,349,0.02,91.82983930,91.40234549,18.26127614,18.43345651,18.57833142,3.30880061,122.74935170,1,1,0,0,1,0.00415975,0.00000000,0.00000000,-0.00901646,-0.04694796,-0.07680984,0.01282754,0.05232807,0.07702606,-0.01626880,-0.05619953,-0.07502158,0.01924101,0.05845074,0.07085419,-0.02165850,-0.05901678,-0.06464405,0.02345157,0.05788134,0.05657018,-0.00238234,0.07287439,-0.32363593,0.00562888,0.17137525,-0.15680490,-0.00864968,0.06586467,-0.32041010,0.01135395,0.17531646,-0.16464566,-0.01366134,0.06512484,-0.30816576,0.01550437,0.17281528,-0.18095704,-0.09559383,-0.14691498,-0.03210147,0.08795598,0.11220265,-0.02168798,-0.07778230,-0.07425546,0.07485214,0.06536613,0.03416746,-0.12585829,-0.05106543,0.00690561,0.17323588,0.03529248,-0.04777958,-0.21561900,-0.01808874,0.00002963,-0.99983638,0.02249998,-0.01596360,0.00000000,-0.00808787,0.00000000,0.00000000
10207000000000,synthetic_50hz_03,350,0.02,92.65285085,91.65244656,18.39443936,18.57833142,18.69609314,3.32134211,122.76751576,1,1,0,0,1,0.00414957,0.00000000,0.00000000,-0.01088805,-0.04971312,-0.07719036,0.01453436,0.05438453,0.07633568,-0.01776164,-0.05748800,-0.07328021,0.02047684,0.05893407,0.06811203,-0.02260168,-0.05868103,-0.06098016,0.02407491,0.05673620,0.05209019,-0.00428177,0.07005965,-0.32404218,0.00735748,0.17348098,-0.15746382,-0.01015779,0.06452825,-0.31870529,0.01259823,0.17584548,-0.16734689,-0.01460599,0.06541807,-0.30454633,0.01612218,0.17170862,-0.18538990,-0.09225056,-0.13069006,-0.00625887,0.08336160,0.09429226,-0.04742161,-0.07206928,-0.05517596,0.09973489,0.05869918,0.01446892,-0.14917277,-0.04363675,0.02665527,0.19430993,0.02731625,-0.06701098,-0.23384504,-0.01795860,-0.00042035,-0.99983864,0.02249682,-0.01639808,0.00000000,-0.00657212,0.00000000,0.00000000
10207020000000,synthetic_50hz_03,351,0.02,92.96209551,91.91437635,18.52113395,18.69609314,18.80732553,3.33395980,122.78325303,1,1,0,0,1,0.00415975,0.00000000,0.00000000,-0.01270187,-0.05216714,-0.07705567,0.01615758,0.05609266,0.07512706,-0.01914745,-0.05840100,-0.07103249,0.02158530,0.05902562,0.06489002,-0.02340083,-0.05794850,-0.05687675,0.02454170,0.05520070,0.04722369,-0.00612369,0.06755606,-0.32393297,0.00900274,0.17523841,-0.15864122,-0.01155917,0.06356720,-0.31649392,0.01371545,0.17598285,-0.17052816,-0.01540692,0.06610793,-0.30048726,0.01658374,0.17021179,-0.19020938,-0.08826257,-0.11345760,0.01983751,0.07817173,0.07560405,-0.07304892,-0.06582716,-0.03557081,0.12415429,0.05158477,-0.00548796,-0.17168023,-0.03585516,0.04638851,0.21425655,0.01909183,-0.08595166,-0.25065576,-0.01782642,-0.00087019,-0.99984072,0.02248637,-0.01682936,0.00000000,-0.00515588,0.00000000,0.00000000
10207040000000,synthetic_50hz_03,352,0.02,93.34760924,92.20102293,18.64133441,18.80732553,18.90519282,3.34665512,122.79687025,1,1,0,0,1,0.00419043,0.00000000,0.00000000,-0.01444411,-0.05428548,-0.07639377,0.01768403,0.05743209,0.07339542,-0.02041411,-0.05892291,-0.06828104,0.02255564,0.05871495,0.06119809,-0.02404688,-0.05681421,-0.05235077,0.02484484,0.05327549,0.04199415,-0.00789429,0.06538815,-0.32329628,0.01055152,0.17662717,-0.16034187,-0.01284168,0.06299719,-0.31377861,0.01469485,0.17571811,-0.17417952,-0.01605506,0.06719939,-0.29600547,0.01688195,0.16832546,-0.19539199,-0.08364055,-0.09530847,0.04601802,0.07240640,0.05624452,-0.09839436,-0.05908474,-0.01555902,0.14793394,0.04405964,-0.02557506,-0.19320852,-0.02776427,0.06597179,0.23291280,0.01066845,-0.10446653,-0.26590211,-0.01769224,-0.00131975,-0.99984261,0.02246863,-0.01725733,0.00000000,-0.00381786,0.00000000,0.00000000
10207060000000,synthetic_50hz_03,353,0.02,93.59430689,92.47967972,18.75215494,18.90519282,18.99206154,3.35942805,122.80862564,1,1,0,0,1,0.00424204,0.00000000,0.00000000,-0.01610107,-0.05604515,-0.07519577,0.01910085,0.05838429,0.07113928,-0.02154994,-0.05904020,-0.06503182,0.02337773,0.05799394,0.05704946,-0.02453153,-0.05527569,-0.04742234,0.02497808,0.05096382,0.03642801,-0.00957985,0.06357893,-0.32212321,0.01199094,0.17762874,-0.16256727,-0.01399365,0.06283171,-0.31056532,0.01552630,0.17504315,-0.17828775,-0.01654211,0.06869493,-0.29112109,0.01701057,0.16605285,-0.20091131,-0.07839953,-0.07634183,0.07210799,0.06608985,0.03632726,-0.12327956,-0.05187477,0.00473464,0.17089693,0.03616412,-0.04566004,-0.21358725,-0.01941084,0.08526904,0.25011976,0.00209793,-0.12241969,-0.27944119,-0.01755611,-0.00176889,-0.99984432,0.02244361,-0.01768192,0.00000000,-0.00253823,0.00000000,0.00000000
10207080000000,synthetic_50hz_03,354,0.02,93.68446721,92.72063722,18.85291571,18.99206154,19.07067580,3.37227732,122.81873606,1,1,0,0,1,0.00431528,0.00000000,0.00000000,-0.01765918,-0.05742473,-0.07345583,0.02039547,0.05893264,0.06836036,-0.02254374,-0.05874149,-0.06129404,0.02404207,0.05685680,0.05246057,-0.02484726,-0.05333289,-0.04211465,0.02493608,0.04827138,0.03055454,-0.01116682,0.06214981,-0.32040795,0.01330844,0.17822648,-0.16531569,-0.01500389,0.06308216,-0.30686324,0.01620031,0.17395216,-0.18283643,-0.01686054,0.07059459,-0.28585731,0.01696426,0.16339965,-0.20673805,-0.07255871,-0.05666458,0.09792852,0.05925034,0.01597241,-0.14752408,-0.04423377,0.02518025,0.19286644,0.02794191,-0.06560695,-0.23264838,-0.01084447,0.10414217,0.26572295,-0.00656561,-0.13967493,-0.29113661,-0.01741812,-0.00221745,-0.99984583,0.02241132,-0.01810304,0.00000000,-0.00129821,0.00000000,0.00000000
10207100000000,synthetic_50hz_03,355,0.02,94.48057610,93.07262500,18.94437495,19.07067580,19.11101394,3.38520071,122.82738293,1,1,0,0,1,0.00441116,0.00000000,0.00000000,-0.01910507,-0.05840444,-0.07117115,0.02155569,0.05906238,0.06506350,-0.02338485,-0.05801753,-0.05708003,0.02453982,0.05530000,0.04745092,-0.02498729,-0.05098814,-0.03645377,0.02471436,0.04520628,0.02440565,-0.01264181,0.06112058,-0.31814768,0.01449181,0.17840564,-0.16858230,-0.01586173,0.06375779,-0.30268474,0.01670803,0.17244163,-0.18780605,-0.01700358,0.07289606,-0.28024020,0.01673854,0.16037399,-0.21284032,-0.06614134,-0.03639080,0.12329707,0.05192001,-0.00469389,-0.17094590,-0.03620180,0.04564324,0.21366629,0.01943988,-0.08527668,-0.25022658,-0.00211750,0.12245156,0.27957271,-0.01526594,-0.15609609,-0.30085864,-0.01727836,-0.00266529,-0.99984717,0.02237177,-0.01852062,0.00000000,-0.00007974,0.00000000,0.00000000
10207120000000,synthetic_50hz_03,356,0.02,94.89815802,93.43773160,19.01436333,19.11101394,19.13102554,3.39819371,122.83471707,1,1,0,0,1,0.00453103,0.00000000,0.00000000,-0.02042557,-0.05896608,-0.06834187,0.02256968,0.05876064,0.06125656,-0.02406310,-0.05686111,-0.05240519,0.02486277,0.05332225,0.04204295,-0.02494564,-0.04824608,-0.03046859,0.02430931,0.04177895,0.01801581,-0.01399166,0.06050944,-0.31534254,0.01552922,0.17815334,-0.17235922,-0.01655699,0.06486581,-0.29804518,0.01704125,0.17051026,-0.19317417,-0.01696525,0.07559469,-0.27429864,0.01632978,0.15698628,-0.21918364,-0.05917456,-0.01564141,0.14802787,0.04413466,-0.02553984,-0.19336189,-0.02782234,0.06598476,0.23312119,0.01070788,-0.10452731,-0.26615950,0.00671529,0.14005629,0.29152431,-0.02394485,-0.17154739,-0.30848434,-0.01713694,-0.00311227,-0.99984831,0.02232497,-0.01893457,0.00000000,0.00113487,0.00000000,0.00000000
10207140000000,synthetic_50hz_03,357,0.02,94.92096481,93.73437824,19.06336146,19.13102554,19.14647973,3.41124994,122.84086272,1,1,0,0,1,0.00467657,0.00000000,0.00000000,-0.02160772,-0.05909302,-0.06497099,0.02342597,0.05801637,0.05695037,-0.02456884,-0.05526708,-0.04728784,0.02500337,0.05092442,0.03626197,-0.02471705,-0.04511358,-0.02419066,0.02371813,0.03800210,0.01142192,-0.01520341,0.06033302,-0.31199553,0.01640919,0.17745854,-0.17663565,-0.01708002,0.06641138,-0.29296290,0.01719242,0.16815892,-0.19891548,-0.01674029,0.07868360,-0.26806418,0.01573521,0.15324924,-0.22573112,-0.05168922,0.00545617,0.17193220,0.03593364,-0.04642832,-0.21458787,-0.01914207,0.08606192,0.25105688,0.00179862,-0.12321431,-0.28028780,0.01559667,0.15681437,0.30143789,-0.03254231,-0.18589340,-0.31389739,-0.01699403,-0.00355824,-0.99984926,0.02227093,-0.01934480,0.00000000,0.00236331,0.00000000,0.00000000
10207160000000,synthetic_50hz_03,358,0.02,95.00331297,93.98816519,19.09827113,19.14647973,19.15344233,3.42436244,122.84592069,1,1,0,0,1,0.00484986,0.00000000,0.00000000,-0.02263875,-0.05877016,-0.06106430,0.02411342,0.05682028,0.05215862,-0.02489289,-0.05323224,-0.04174918,0.02495468,0.04810949,0.03013609,-0.02429702,-0.04159972,-0.01765416,0.02293887,0.03389061,0.00466326,-0.01626430,0.06060641,-0.30811243,0.01712060,0.17631194,-0.18139788,-0.01742167,0.06839769,-0.28745909,0.01715459,0.16539059,-0.20500188,-0.01632419,0.08215373,-0.26157100,0.01495286,0.14917774,-0.23244349,-0.04371980,0.02676816,0.19481834,0.02735973,-0.06721693,-0.23443863,-0.01021086,0.10572780,0.26729995,-0.00723239,-0.14119049,-0.29245489,0.02446712,0.17258259,0.30917822,-0.04099646,-0.19899906,-0.31698780,-0.01684980,-0.00400305,-0.99985002,0.02220969,-0.01975125,0.00000000,0.00362361,0.00000000,0.00000000
10207180000000,synthetic_50hz_03,359,0.02,95.19306030,94.22914421,19.12144303,19.15344233,19.14752960,3.43752399,122.84997087,1,1,0,0,1,0.00505343,0.00000000,0.00000000,-0.02350608,-0.05798387,-0.05663029,0.02462124,0.05516479,0.04689780,-0.02502655,-0.05075529,-0.03581323,0.02471034,0.04488249,0.02369615,-0.02368172,-0.03771570,-0.01089589,0.02197034,0.02946156,-0.00221849,-0.01716172,0.06134327,-0.30370175,0.01765264,0.17470596,-0.18662942,-0.01757321,0.07082605,-0.28155777,0.01692142,0.16221029,-0.21140252,-0.01571312,0.08599387,-0.25485591,0.01398156,0.14478885,-0.23927906,-0.03530436,0.04815431,0.21649126,0.01845915,-0.08775788,-0.25272749,-0.00108175,0.12483134,0.28167747,-0.01632683,-0.15830585,-0.30250656,0.03326471,0.18721634,0.31461424,-0.04924355,-0.21072929,-0.31765145,-0.01670444,-0.00444657,-0.99985059,0.02214124,-0.02015382,0.00000000,0.00493454,0.00000000,0.00000000
10207200000000,synthetic_50hz_03,360,0.02,95.38551409,94.46041819,19.13239939,19.14752960,19.12965268,3.45072714,122.85307412,1,1,0,0,1,0.00529026,0.00000000,0.00000000,-0.02419722,-0.05672184,-0.05168012,0.02493888,0.05304395,0.04118721,-0.02496153,-0.04783677,-0.02950685,0.02426454,0.04125044,0.01697579,-0.02286798,-0.03347484,-0.00395532,0.02081213,0.02473415,-0.00917919,-0.01788319,0.06255588,-0.29877465,0.01799478,0.17263465,-0.19231099,-0.01752635,0.07369591,-0.27528580,0.01648709,0.15862505,-0.21808377,-0.01490393,0.09019072,-0.24795835,0.01282088,0.14010179,-0.24619368,-0.02648455,0.06946768,0.23675200,0.00928158,-0.10789763,-0.26926565,0.00818898,0.14321684,0.29401625,-0.02542345,-0.17440704,-0.31029022,0.04192495,0.20056900,0.31761838,-0.05721774,-0.22094847,-0.31578946,-0.01655821,-0.00488864,-0.99985096,0.02206562,-0.02055245,0.00000000,0.00631596,0.00000000,0.00000000
10207220000000,synthetic_50hz_03,361,0.02,95.53648667,94.67563188,19.13124577,19.12965268,19.10253317,3.46396426,122.85527362,1,1,0,0,1,0.00556391,0.00000000,0.00000000,-0.02469974,-0.05497303,-0.04622761,0.02505600,0.05045332,0.03504893,-0.02468989,-0.04447902,-0.02285977,0.02361195,0.03722237,0.01001156,-0.02185327,-0.02889258,0.00312529,0.01946456,0.01972980,-0.01617204,-0.01841628,0.06425531,-0.29334492,0.01813666,0.17009356,-0.19842049,-0.01727315,0.07700496,-0.26867291,0.01584627,0.15464387,-0.22500909,-0.01389407,0.09472882,-0.24092061,0.01147114,0.13513797,-0.25314057,-0.01730572,0.09055388,0.25539655,-0.00011965,-0.12747614,-0.28386110,0.01754158,0.16072320,0.30414180,-0.03445778,-0.18933654,-0.31565395,0.05038054,0.21249122,0.31806564,-0.06485081,-0.22951967,-0.31130736,-0.01641139,-0.00532913,-0.99985113,0.02198286,-0.02094704,0.00000000,0.00778925,0.00000000,0.00000000
10207240000000,synthetic_50hz_03,362,0.02,95.39374593,94.81925469,19.11918648,19.10253317,19.07814728,3.47722772,122.85659570,1,1,0,0,1,0.00587855,0.00000000,0.00000000,-0.02500114,-0.05272754,-0.04028926,0.02496239,0.04738998,0.02850799,-0.02420396,-0.04068614,-0.01590483,0.02274772,0.03280931,0.00284311,-0.02063565,-0.02398656,0.01030057,0.01792865,0.01447228,-0.02314728,-0.01874851,0.06645145,-0.28742908,0.01806808,0.16707977,-0.20493290,-0.01680596,0.08074907,-0.26175193,0.01499410,0.15027781,-0.23213881,-0.01268160,0.09959054,-0.23378804,0.00993337,0.12992115,-0.26006996,-0.00781721,0.11125012,0.27221440,-0.00968726,-0.14632578,-0.29631716,0.02691243,0.17718279,0.31187696,-0.04336170,-0.20293154,-0.31844520,0.05856084,0.22282968,0.31583252,-0.07207164,-0.23630353,-0.30411424,-0.01626429,-0.00576790,-0.99985110,0.02189297,-0.02133753,0.00000000,0.00937781,0.00000000,0.00000000
10207260000000,synthetic_50hz_03,363,0.02,95.55971847,94.96734745,19.10195002,19.07814728,19.04332582,3.49051060,122.85705013,1,1,0,0,1,0.00623908,0.00000000,0.00000000,-0.02508878,-0.04997651,-0.03388448,0.02464785,0.04385243,0.02159260,-0.02349632,-0.03646407,-0.00867821,0.02166737,0.02802443,-0.00448639,-0.01921375,-0.01877683,0.01752164,0.01620618,0.00898788,-0.03005173,-0.01886721,0.06915316,-0.28104653,0.01777883,0.16359179,-0.21182002,-0.01611733,0.08492232,-0.25455905,0.01392612,0.14554003,-0.23942978,-0.01126516,0.10475584,-0.22660953,0.00820935,0.12447764,-0.26692869,0.00192723,0.13138358,0.28698637,-0.01935940,-0.16426964,-0.30643051,0.03623343,0.19241974,0.31704011,-0.05206283,-0.21502228,-0.31850930,0.06639124,0.23142563,0.31079572,-0.07880555,-0.24115688,-0.29412175,-0.01611730,-0.00620479,-0.99985086,0.02179599,-0.02172384,0.00000000,0.01110752,0.00000000,0.00000000
10207280000000,synthetic_50hz_03,364,0.02,95.71315563,95.11650908,19.07732785,19.04332582,18.99983395,3.50380631,122.85662994,1,1,0,0,1,0.00665121,0.00000000,0.00000000,-0.02494969,-0.04671210,-0.02703580,0.02410212,0.03984070,0.01433453,-0.02255967,-0.03182067,-0.00122000,0.02036682,0.02288323,-0.01192971,-0.01758678,-0.01328607,0.02473548,0.01429971,0.00330585,-0.03682812,-0.01875942,0.07236827,-0.27421982,0.01725866,0.15962964,-0.21905008,-0.01519999,0.08951684,-0.24713435,0.01263823,0.14044604,-0.24683477,-0.00964396,0.11020204,-0.21943808,0.00630164,0.11883666,-0.27365948,0.01186869,0.15076922,0.29948201,-0.02906895,-0.18111940,-0.31398873,0.04543114,0.20624782,0.31944300,-0.06048354,-0.22543002,-0.31568759,0.07379216,0.23811297,0.30283075,-0.08497332,-0.24393101,-0.28124316,-0.01597085,-0.00663967,-0.99985042,0.02169194,-0.02210589,0.00000000,0.01300732,0.00000000,0.00000000
10207300000000,synthetic_50hz_03,365,0.02,95.74307744,95.24182275,19.04478041,18.99983395,18.95336277,3.51710843,122.85531071,1,1,0,0,1,0.00712161,0.00000000,0.00000000,-0.02457048,-0.04292751,-0.01976948,0.02331475,0.03535645,0.00676978,-0.02138685,-0.02676604,0.00642510,0.01884235,0.01740396,-0.01943474,-0.01575462,-0.00754011,0.03188407,0.01221268,-0.00254112,-0.04341417,-0.01841175,0.07610361,-0.26697518,0.01649711,0.15519498,-0.22658707,-0.01404675,0.09452254,-0.23952254,0.01112672,0.13501405,-0.25430165,-0.00781787,0.11590329,-0.21233172,0.00421367,0.11303091,-0.28020004,0.02194202,0.16920682,0.30945618,-0.03874227,-0.19667228,-0.31876732,0.05442555,0.21846758,0.31888825,-0.06853972,-0.23396435,-0.30981548,0.08067786,0.24271583,0.29181058,-0.09049002,-0.24446969,-0.26539266,-0.01582543,-0.00707240,-0.99984976,0.02158087,-0.02248360,0.00000000,0.01510988,0.00000000,0.00000000
10207320000000,synthetic_50hz_03,366,0.02,95.82999584,95.35945737,19.00638500,18.95336277,18.90164842,3.53041097,122.85304921,1,1,0,0,1,0.00765805,0.00000000,0.00000000,-0.02393714,-0.03861711,-0.01211627,0.02227504,0.03040330,-0.00106050,-0.01997074,-0.02131295,0.01420669,0.01709067,0.01160813,-0.02694330,-0.01371787,-0.00156864,0.03890312,0.00994958,-0.00851607,-0.04974134,-0.01781018,0.08036480,-0.25934338,0.01548348,0.15029142,-0.23438984,-0.01265051,0.09992666,-0.23177400,0.00938829,0.12926560,-0.26177227,-0.00578750,0.12182992,-0.20535475,0.00194995,0.10709736,-0.28648186,0.03207439,0.18647704,0.31664499,-0.04829761,-0.21070730,-0.32052622,0.06312838,0.22886277,0.31516653,-0.07613914,-0.24042002,-0.30072044,0.08695476,0.24504585,0.27760444,-0.09526344,-0.24260689,-0.24648498,-0.01568164,-0.00750284,-0.99984889,0.02146281,-0.02285691,0.00000000,0.01745230,0.00000000,0.00000000
10207340000000,synthetic_50hz_03,367,0.02,96.15403278,95.51837245,18.96239564,18.90164842,18.83606705,3.54370832,122.84978147,1,1,0,0,1,0.00826956,0.00000000,0.00000000,-0.02303494,-0.03377683,-0.00411261,0.02097197,0.02498738,-0.00910859,-0.01830436,-0.01547754,0.02206718,0.01510904,0.00552147,-0.03438956,-0.01147811,0.00459379,0.04572048,0.00751627,-0.01457661,-0.05573326,-0.01693999,0.08515590,-0.25136085,0.01420675,0.14492510,-0.24241067,-0.01100429,0.10571305,-0.22394635,0.00742021,0.12322641,-0.26918078,-0.00355442,0.12794738,-0.19857930,-0.00048369,0.10107838,-0.29242854,0.04218312,0.20233632,0.32076095,-0.05764296,-0.22298047,-0.31900584,0.07144093,0.23719600,0.30805364,-0.08317922,-0.24457305,-0.28822012,0.09251941,0.24489895,0.26007707,-0.09919223,-0.23816429,-0.22443588,-0.01554013,-0.00793084,-0.99984780,0.02133779,-0.02322574,0.00000000,0.02007696,0.00000000,0.00000000
10207360000000,synthetic_50hz_03,368,0.02,96.58498929,95.73169582,18.90933763,18.83606705,18.75469353,3.55699472,122.84542004,1,1,0,0,1,0.00896665,0.00000000,0.00000000,-0.02184832,-0.02840481,0.00419754,0.01939425,0.01911826,-0.01731826,-0.01638103,-0.00928052,0.02993968,0.01289553,-0.00082478,-0.04169793,-0.00903826,0.01090631,0.05225400,0.00492040,-0.02067340,-0.06130357,-0.01578562,0.09047879,-0.24307155,0.01265563,0.13910558,-0.25059335,-0.00910138,0.11186100,-0.21610644,0.00522055,0.11692772,-0.27645160,-0.00112156,0.13421481,-0.19208752,-0.00307956,0.09502332,-0.29795375,0.05217286,0.21651051,0.32148749,-0.06667312,-0.23321890,-0.31392286,0.07925116,0.24320348,0.29730769,-0.08954435,-0.24617639,-0.27212100,0.09725594,0.24205191,0.23908894,-0.10216359,-0.23094897,-0.19916383,-0.01540167,-0.00835628,-0.99984648,0.02120586,-0.02359002,0.00000000,0.02303243,0.00000000,0.00000000
10207380000000,synthetic_50hz_03,369,0.02,96.69478158,95.92431297,18.84438711,18.75469353,18.67227884,3.57026397,122.83985040,1,1,0,0,1,0.00976151,0.00000000,0.00000000,-0.02036090,-0.02250253,0.01276027,0.01753045,0.01281032,-0.02562212,-0.01419459,-0.00274879,0.03774527,0.01044949,-0.00739200,-0.04878020,-0.00640312,0.01731967,0.05840878,0.00217215,-0.02674800,-0.06635340,-0.01433068,0.09633197,-0.23452939,0.01081870,0.13284724,-0.25887048,-0.00693565,0.11834361,-0.20833322,0.00278865,0.11040815,-0.28349653,0.00150629,0.14058294,-0.18597432,-0.00582752,0.08899061,-0.30295860,0.06193178,0.22868693,0.31847305,-0.07526590,-0.24111366,-0.30496614,0.08643006,0.24658897,0.28266691,-0.09510241,-0.24495501,-0.25221826,0.10103291,0.23625888,0.21449805,-0.10405058,-0.22075129,-0.17059375,-0.01526717,-0.00877900,-0.99984492,0.02106706,-0.02394968,0.00000000,0.02637455,0.00000000,0.00000000
10207400000000,synthetic_50hz_03,370,0.02,96.59725481,96.05890134,18.77210163,18.67227884,18.59632104,3.58351003,122.83292627,1,1,0,0,1,0.01066831,0.00000000,0.00000000,-0.01855566,-0.01607661,0.02150816,0.01536941,0.00608496,-0.03393792,-0.01174004,0.00408212,0.04538923,0.00777221,-0.01413151,-0.05553195,-0.00358030,0.02377349,0.06407365,-0.00071483,-0.03273006,-0.07076809,-0.01255814,0.10270884,-0.22580180,0.00868478,0.12617148,-0.26715980,-0.00450209,0.12512536,-0.20072139,0.00012581,0.10371636,-0.29021114,0.00432151,0.14699141,-0.18035085,-0.00871390,0.08305061,-0.30732844,0.07132657,0.23850473,0.31132517,-0.08327728,-0.24631154,-0.29179329,0.09282707,0.24701708,0.26384888,-0.09970062,-0.24060100,-0.22829758,0.10369975,0.22724828,0.18616435,-0.10470916,-0.20734389,-0.13866392,-0.01513764,-0.00919888,-0.99984311,0.02092143,-0.02430464,0.00000000,0.03016766,0.00000000,0.00000000
10207420000000,synthetic_50hz_03,371,0.02,96.55078707,96.15727849,18.69827378,18.59632104,18.52302395,3.59672778,122.82446370,1,1,0,0,1,0.01170349,0.00000000,0.00000000,-0.01641533,-0.00914158,0.03035548,0.01290085,-0.00102630,-0.04216367,-0.00901443,0.01116459,0.05275625,0.00486813,-0.02098100,-0.06182785,-0.00058147,0.03019252,0.06911692,-0.00372195,-0.03853358,-0.07441332,-0.01045075,0.10959487,-0.21697448,0.00624360,0.11910981,-0.27535933,-0.00179775,0.13215864,-0.19338626,-0.00276355,0.09691469,-0.29647011,0.00731244,0.15336498,-0.17534882,-0.01172011,0.07728932,-0.31092896,0.08019593,0.24554367,0.29960536,-0.09053527,-0.24840579,-0.27402904,0.09826443,0.24410627,0.24055233,-0.10316058,-0.23276904,-0.20014039,0.10508257,0.21472098,0.15395831,-0.10397497,-0.19048241,-0.10333754,-0.01501427,-0.00961578,-0.99984105,0.02076903,-0.02465483,0.00000000,0.03448595,0.00000000,0.00000000
10207440000000,synthetic_50hz_03,372,0.02,96.80315272,96.28645333,18.62466885,18.52302395,18.43995974,3.60991305,122.81423357,1,1,0,0,1,0.01288611,0.00000000,0.00000000,-0.01392330,-0.00172397,0.03919176,0.01011663,-0.00847729,-0.05017122,-0.00601829,0.01843414,0.05970422,0.00174645,-0.02785952,-0.06751591,0.00257575,0.03648170,0.07338109,-0.00682369,-0.04405210,-0.07713066,-0.00799189,0.11696354,-0.20815794,0.00348701,0.11170841,-0.28334093,0.00117685,0.13937895,-0.18646996,-0.00587020,0.09008406,-0.30212143,0.01046146,0.15960856,-0.17112572,-0.01482063,0.07181318,-0.31360172,0.08834239,0.24931146,0.28282637,-0.09683229,-0.24692647,-0.25126707,0.10253048,0.23742247,0.21246363,-0.10527266,-0.22107347,-0.16753476,0.10497979,0.19835082,0.11777579,-0.10166029,-0.16990963,-0.06462128,-0.01489845,-0.01002956,-0.99983872,0.02060989,-0.02500020,0.00000000,0.03941495,0.00000000,0.00000000
10207460000000,synthetic_50hz_03,373,0.02,96.58256627,96.34567592,18.54709103,18.43995974,18.36653936,3.62306190,122.80195221,1,1,0,0,1,0.01423824,0.00000000,0.00000000,-0.01106517,0.00613169,0.04787313,0.00701262,-0.01620079,-0.05779794,-0.00275790,0.02580280,0.06605640,-0.00157633,-0.03466091,-0.07241042,0.00586512,0.04251973,0.07667682,-0.00998481,-0.04915269,-0.07873260,-0.00516716,0.12477029,-0.19949601,0.00041089,0.10403450,-0.29094196,0.00441542,0.14669835,-0.18014919,-0.00917767,0.08333064,-0.30697942,0.01374233,0.16560088,-0.16787088,-0.01798023,0.06675513,-0.31515921,0.09552207,0.24923053,0.26045416,-0.10191621,-0.24133150,-0.22307815,0.10537206,0.22647477,0.17927070,-0.10578998,-0.20508867,-0.13029479,0.10315793,0.17778976,0.07756242,-0.09755178,-0.14536510,-0.02259389,-0.01479174,-0.01044009,-0.99983610,0.02044408,-0.02534066,0.00000000,0.04505325,0.00000000,0.00000000
10207480000000,synthetic_50hz_03,374,0.02,96.45824808,96.36819035,18.47125932,18.36653936,18.29668713,3.63617134,122.78726978,1,1,0,0,1,0.01578541,0.00000000,0.00000000,-0.00783127,0.01435429,0.05621121,0.00359171,-0.02409971,-0.06483627,0.00075141,0.03315032,0.07159207,-0.00507286,-0.04124520,-0.07628383,0.00924806,0.04815095,0.07877630,-0.01315663,-0.05366850,-0.07899761,-0.00196688,0.13294404,-0.19117710,-0.00298188,0.09618515,-0.29795486,0.00790263,0.15399656,-0.17464471,-0.01265858,0.07679441,-0.31081652,0.01711646,0.17118627,-0.16581213,-0.02115022,0.06228202,-0.31537991,0.10143255,0.24462589,0.23191854,-0.10547997,-0.23100077,-0.18902868,0.10648635,0.21071578,0.14068904,-0.10442268,-0.18435577,-0.08829326,0.09934846,0.15268069,0.03335195,-0.09140997,-0.11660375,0.02255091,-0.01469598,-0.01084724,-0.99983318,0.02027165,-0.02567616,0.00000000,0.05151431,0.00000000,0.00000000
10207500000000,synthetic_50hz_03,375,0.02,96.18847574,96.33224743,18.39793900,18.29668713,18.23475408,3.64923922,122.76975576,1,1,0,0,1,0.01755711,0.00000000,0.00000000,-0.00422078,0.02283423,0.06395905,-0.00013170,-0.03203516,-0.07102107,0.00448037,0.04031250,0.07603552,-0.00869988,-0.04742761,-0.07885784,0.01266856,0.05317536,0.07940664,-0.01627201,-0.05739005,-0.07766611,0.00160976,0.14137518,-0.18344814,-0.00667689,0.08829926,-0.30411450,0.01160923,0.16110940,-0.17023220,-0.01626971,0.07066012,-0.31335442,0.02052785,0.17616473,-0.16522233,-0.02426346,0.05860332,-0.31400425,0.10569893,0.23471739,0.19663879,-0.10715069,-0.21523690,-0.14871626,0.10551325,0.18955102,0.09650617,-0.10083381,-0.15840030,-0.04151376,0.09324729,0.12268282,-0.01467551,-0.08297240,-0.08342834,0.07044168,-0.01461327,-0.01125086,-0.99982993,0.02009264,-0.02600663,0.00000000,0.05892842,0.00000000,0.00000000
10207520000000,synthetic_50hz_03,376,0.02,96.16911290,96.29962052,18.32940133,18.23475408,18.16920373,3.66226438,122.74888114,1,1,0,0,1,0.01958731,0.00000000,0.00000000,-0.00024789,0.03140716,0.07079412,-0.00412501,-0.03981067,-0.07601503,0.00837898,0.04706642,0.07904439,-0.01239138,-0.05296522,-0.07979486,0.01604653,0.05733701,0.07824481,-0.01923905,-0.06005575,-0.07443893,0.00554857,0.14989938,-0.17663167,-0.01064155,0.08057330,-0.30908356,0.01548518,0.16781395,-0.16725404,-0.01994501,0.06517071,-0.31425555,0.02389640,0.18028031,-0.16642452,-0.02722805,0.05598063,-0.31073303,0.10785949,0.21862216,0.15407347,-0.10647982,-0.19327935,-0.10183156,0.10203029,0.16236421,0.04665380,-0.09463918,-0.12676803,0.00986902,0.08451958,0.08751707,-0.06610730,-0.07196323,-0.04574296,0.12043968,-0.01454604,-0.01165085,-0.99982633,0.01990713,-0.02633199,0.00000000,0.06744470,0.00000000,0.00000000
10207540000000,synthetic_50hz_03,377,0.02,95.99407913,96.23851224,18.26211834,18.16920373,18.10626200,3.67524605,122.72399647,1,1,0,0,1,0.02191505,0.00000000,0.00000000,0.00404897,0.03983264,0.07629904,-0.00832802,-0.04715231,-0.07939338,0.01236698,0.05311256,0.08019877,-0.01604939,-0.05754154,-0.07869200,0.01926909,0.06031158,0.07491649,-0.02193325,-0.06134281,-0.06898111,0.00981113,0.15827618,-0.17114505,-0.01481568,0.07328119,-0.31243728,0.01945027,0.17381069,-0.16613011,-0.02358654,0.06064265,-0.31311701,0.02710925,0.18320871,-0.16979302,-0.02991950,0.05473673,-0.30523133,0.10735328,0.19537689,0.10380861,-0.10293737,-0.16434207,-0.04826007,0.09555373,0.12856918,-0.00867982,-0.08541523,-0.08908959,0.06536947,0.07281417,0.04704151,-0.12017449,-0.05811384,-0.00363719,0.17151483,-0.01449704,-0.01204705,-0.99982235,0.01971517,-0.02665220,0.00000000,0.07723317,0.00000000,0.00000000
10207560000000,synthetic_50hz_03,378,0.02,96.08637332,96.20808446,18.19665868,18.10626200,18.03485684,3.68818379,122.69430504,1,1,0,0,1,0.02458505,0.00000000,0.00000000,0.00859403,0.04776722,0.07994221,-0.01263996,-0.05368477,-0.08063087,0.01632147,0.05805456,0.07899490,-0.01953242,-0.06075061,-0.07508146,0.02218024,0.06169519,0.06900340,-0.02418860,-0.06086107,-0.06093593,0.01432168,0.16616213,-0.16751990,-0.01909846,0.06679826,-0.31365040,0.02338156,0.17870327,-0.16736420,-0.02705280,0.05748193,-0.30947101,0.03001039,0.18454603,-0.17574612,-0.03217179,0.05526177,-0.29714241,0.10351484,0.16399597,0.04570350,-0.09591613,-0.12769078,0.01175852,0.08555211,0.08770421,-0.06888153,-0.07272159,-0.04518908,0.12401866,0.05779447,0.00137113,-0.17558027,-0.04120111,0.04248634,0.22207982,-0.01446947,-0.01243935,-0.99981795,0.01951682,-0.02696718,0.00000000,0.08848658,0.00000000,0.00000000
10207580000000,synthetic_50hz_03,379,0.02,96.16151569,96.19877070,18.12870191,18.03485684,17.95695750,3.70107695,122.65883027,1,1,0,0,1,0.02764833,0.00000000,0.00000000,0.01325628,0.05473299,0.08106308,-0.01690238,-0.05890540,-0.07909646,0.02006117,0.06137954,0.07484945,-0.02264159,-0.06208408,-0.06844450,0.02456925,0.06099871,0.06006626,-0.02578856,-0.05815471,-0.04995628,0.01894919,0.17307934,-0.16641678,-0.02333149,0.06162712,-0.31209190,0.02709781,0.18197880,-0.17153962,-0.03014492,0.05619687,-0.30279879,0.03238908,0.18380314,-0.18472308,-0.03376838,0.05801160,-0.28611916,0.09558505,0.12358927,-0.01988022,-0.08475550,-0.08278334,0.07739124,0.07148242,0.03959072,-0.13267103,-0.05614846,0.00474332,0.18412586,0.03919571,-0.04894060,-0.23027225,-0.02111294,0.09172691,0.26977978,-0.01446692,-0.01282762,-0.99981308,0.01931214,-0.02727688,0.00000000,0.10142202,0.00000000,0.00000000
10207600000000,synthetic_50hz_03,380,0.02,95.62147401,96.08331137,18.05656925,17.95695750,17.89687438,3.71392448,122.61637640,1,1,0,0,1,0.03116275,0.00000000,0.00000000,0.01782627,0.06008531,0.07887162,-0.02087838,-0.06216120,-0.07406638,0.02332856,0.06244496,0.06712578,-0.02510617,-0.06092839,-0.05824991,0.02615995,0.05765524,0.04769467,-0.02645953,-0.05271985,-0.03576437,0.02348422,0.17838317,-0.16862569,-0.02727785,0.05842080,-0.30703800,0.03034147,0.18299475,-0.17929302,-0.03259214,0.05740103,-0.29256918,0.03396916,0.18041317,-0.19713430,-0.03443568,0.06349006,-0.27188381,0.08275372,0.07357455,-0.09173654,-0.06880081,-0.02950506,0.14687022,0.05286434,-0.01541508,-0.19776957,-0.03540377,0.05989080,0.24296712,0.01692249,-0.10263984,-0.28115982,0.00204667,0.14242972,0.31124655,-0.01449349,-0.01321173,-0.99980769,0.01910121,-0.02758123,0.00000000,0.11628187,0.00000000,0.00000000
10207620000000,synthetic_50hz_03,381,0.02,95.59746493,95.98614208,17.98949741,17.89687438,17.83106968,3.72672612,122.56548152,1,1,0,0,1,0.03519359,0.00000000,0.00000000,0.02198899,0.06298872,0.07247870,-0.02423001,-0.06263922,-0.06477261,0.02577248,0.06048380,0.05519910,-0.02657191,-0.05658460,-0.04403417,0.02660526,0.05105404,0.03159971,-0.02587157,-0.04405157,-0.01825422,0.02761177,0.18123814,-0.17503576,-0.03059960,0.05799224,-0.29772067,0.03276138,0.18098409,-0.19124918,-0.03404025,0.06179336,-0.27831861,0.03440355,0.17376536,-0.21326872,-0.03384373,0.07220210,-0.25433036,0.06425786,0.01402953,-0.16733386,-0.04752125,0.03146229,0.21703467,0.02941458,-0.07604703,-0.26047828,-0.01045987,0.11843930,0.29641217,-0.00879640,-0.15741690,-0.32380036,0.02779907,0.19185611,0.34185324,-0.01455379,-0.01359156,-0.99980173,0.01888409,-0.02788018,0.00000000,0.13333388,0.00000000,0.00000000
10207640000000,synthetic_50hz_03,382,0.02,95.35180373,95.85927441,17.92295776,17.83106968,17.76873179,3.73948177,122.50436227,1,1,0,0,1,0.03981386,0.00000000,0.00000000,0.02529704,0.06241940,0.06098440,-0.02649958,-0.05939015,-0.05051321,0.02693813,0.05464866,0.03858570,-0.02660003,-0.04833162,-0.02554574,0.02549505,0.04062116,0.01176929,-0.02365503,-0.03173957,0.00234648,0.03088443,0.18062046,-0.18654693,-0.03283903,0.06129074,-0.28343798,0.03390276,0.17509944,-0.20789182,-0.03405045,0.07009494,-0.25979559,0.03328212,0.16328576,-0.23313841,-0.03162291,0.08455800,-0.23368651,0.03957035,-0.05376670,-0.24219088,-0.02071791,0.09810179,0.28277273,0.00126816,-0.13960855,-0.31520210,0.01821815,0.17709034,0.33854405,-0.03717923,-0.20946653,-0.35212562,0.05506841,0.23580370,0.35555525,-0.01465298,-0.01396699,-0.99979511,0.01866086,-0.02817366,0.00000000,0.15286976,0.00000000,0.00000000
10207660000000,synthetic_50hz_03,383,0.02,95.55737025,95.79889358,17.85818286,17.76873179,17.69161061,3.75219152,122.43084966,1,1,0,0,1,0.04510447,0.00000000,0.00000000,0.02715499,0.05722663,0.04366346,-0.02710695,-0.05141790,-0.03086030,0.02627742,0.04412676,0.01716743,-0.02469029,-0.03556343,-0.00297960,0.02239133,0.02597479,-0.01129412,-0.01944682,-0.01563728,0.02524223,0.03270677,0.17537940,-0.20388445,-0.03341603,0.06931240,-0.26376206,0.03321751,0.16452802,-0.22933907,-0.03212250,0.08291179,-0.23719508,0.03016689,0.14859257,-0.25624089,-0.02741011,0.10070433,-0.21074776,0.00872150,-0.12657051,-0.30916903,0.01114351,0.16634471,0.33645180,-0.03068726,-0.20132311,-0.35403450,0.04934627,0.23049728,0.36141022,-0.06658261,-0.25302610,-0.35836632,0.08189934,0.26826006,0.34499055,-0.01479676,-0.01433788,-0.99978774,0.01843157,-0.02846162,0.00000000,0.17520190,0.00000000,0.00000000
10207680000000,synthetic_50hz_03,384,0.02,95.71839196,95.78279325,17.78822251,17.69161061,17.60389048,3.76485484,122.34231641,1,1,0,0,1,0.05115403,0.00000000,0.00000000,0.02683598,0.04630406,0.02029563,-0.02538483,-0.03788282,-0.00600433,0.02320183,0.02836940,-0.00846007,-0.02034990,-0.01803807,0.02268057,0.01691128,0.00718670,-0.03624717,-0.01298509,0.00387186,0.04876875,0.03235195,0.16440860,-0.22726858,-0.03166329,0.08289686,-0.23888335,0.03011712,0.14872111,-0.25499530,-0.02776361,0.10048587,-0.21150076,0.02467502,0.12975757,-0.28123283,-0.02094348,0.12025765,-0.18717839,-0.02720880,-0.19822396,-0.35787600,0.04645341,0.22924884,0.36756816,-0.06435875,-0.25366436,-0.36666316,0.08040860,0.27076662,0.35518709,-0.09414024,-0.28006255,-0.33347082,0.10515776,0.28128415,0.30214042,-0.01499138,-0.01470413,-0.99977952,0.01819632,-0.02874400,0.00000000,0.20065718,0.00000000,0.00000000
10207700000000,synthetic_50hz_03,385,0.02,95.95536285,95.81730717,17.71080306,17.60389048,17.50425518,3.77747032,122.23559727,1,1,0,0,1,0.05805819,0.00000000,0.00000000,0.02356628,0.02893712,-0.00832071,-0.02068627,-0.01847545,0.02274506,0.01720988,0.00748112,-0.03651366,-0.01323731,0.00372889,0.04922955,0.00888311,-0.01483140,-0.06052613,-0.00427280,0.02550631,0.07007772,0.02904621,0.14699351,-0.25590092,-0.02693387,0.10235358,-0.21011149,0.02410009,0.12778327,-0.28307737,-0.02063224,0.12230161,-0.18491785,0.01663473,0.10769245,-0.30555048,-0.01222598,0.14193641,-0.16582675,-0.06543073,-0.25871912,-0.37462028,0.08186153,0.27632322,0.36308569,-0.09593222,-0.28596079,-0.34108316,0.10723713,0.28735398,0.30924706,-0.11545036,-0.28046262,-0.26849521,0.12033509,0.26548539,0.22000252,-0.01524358,-0.01506562,-0.99977033,0.01795517,-0.02902075,0.00000000,0.22956734,0.00000000,0.00000000
10207720000000,synthetic_50hz_03,386,0.02,95.88630666,95.83110707,17.62405295,17.50425518,17.40604467,3.79003565,122.10690539,1,1,0,0,1,0.06591828,0.00000000,0.00000000,0.01672672,0.00538737,-0.03968868,-0.01260773,0.00600058,0.05234870,0.00812524,-0.01721553,-0.06349949,-0.00340850,0.02793415,0.07281956,-0.00140651,-0.03784741,-0.08004021,0.00618097,0.04666952,0.08495326,0.02217042,0.12339568,-0.28728460,-0.01882423,0.12687892,-0.18048566,0.01499012,0.10303705,-0.31009143,-0.01078436,0.14655570,-0.16129414,0.00633271,0.08462932,-0.32510306,-0.00176670,0.16314408,-0.15090868,-0.10073231,-0.29379756,-0.34372001,0.11171665,0.29356794,0.30925643,-0.11948015,-0.28487463,-0.26587684,0.12379898,0.26796824,0.21483190,-0.12454863,-0.24333621,-0.15759326,0.12170748,0.21168867,0.09581113,-0.01556050,-0.01542222,-0.99976001,0.01770820,-0.02929181,0.00000000,0.26225472,0.00000000,0.00000000
10207740000000,synthetic_50hz_03,387,0.02,96.17529996,95.89994565,17.53248947,17.40604467,17.29452910,3.80254831,121.95175084,1,1,0,0,1,0.07483917,0.00000000,0.00000000,0.00621881,-0.02229379,-0.06892978,-0.00136020,0.03288199,0.07752054,-0.00353763,-0.04252218,-0.08387634,0.00833347,0.05093644,0.08781396,-0.01288904,-0.05788218,-0.08921985,0.01707302,0.06315915,0.08805350,0.01162605,0.09566652,-0.31654112,-0.00754536,0.15380961,-0.15529191,0.00330165,0.07768082,-0.33049626,0.00097695,0.16960687,-0.14626627,-0.00516254,0.06454734,-0.33432101,0.00913117,0.17967830,-0.14776607,-0.12506429,-0.28609918,-0.25134714,0.12792941,0.26524087,0.19598396,-0.12710626,-0.23673553,-0.13497046,0.12261859,0.20140500,0.07006571,-0.11459576,-0.16026787,-0.00314092,0.10326908,0.11451015,-0.06387441,-0.01594951,-0.01577382,-0.99974840,0.01745550,-0.02955713,0.00000000,0.29901271,0.00000000,0.00000000
10207760000000,synthetic_50hz_03,388,0.02,96.16721590,95.95339970,17.43254611,17.29452910,17.18260056,3.81500519,121.76487069,1,1,0,0,1,0.08492615,0.00000000,0.00000000,-0.00700654,-0.04942069,-0.08853573,0.01173983,0.05698519,0.09077196,-0.01613466,-0.06290678,-0.09039119,0.02006432,0.06701474,0.08740441,-0.02341552,-0.06919064,-0.08189771,0.02609163,0.06937173,0.07402987,-0.00163595,0.06849170,-0.33616219,0.00558625,0.17796207,-0.14201884,-0.00932124,0.05724663,-0.33703883,0.01272744,0.18573411,-0.14664256,-0.01570202,0.05319158,-0.32703698,0.01815590,0.18593561,-0.16174749,-0.12813577,-0.21938432,-0.09310072,0.12097308,0.17872833,0.02459011,-0.11032268,-0.13291952,0.04462944,0.09649163,0.08327858,-0.11256231,-0.07987867,-0.03123667,0.17724994,0.06096278,-0.02170580,-0.23682739,-0.01641804,-0.01612032,-0.99973529,0.01719713,-0.02981665,0.00000000,0.34007994,0.00000000,0.00000000
10207780000000,synthetic_50hz_03,389,0.02,96.17335945,95.99739165,17.32756898,17.18260056,17.06846687,3.82740311,121.54018513,1,1,0,0,1,0.09628057,0.00000000,0.00000000,-0.02040139,-0.06836014,-0.08936236,0.02383895,0.07063001,0.08379825,-0.02658923,-0.07086359,-0.07581821,0.02857293,0.06905414,0.06565229,-0.02973285,-0.06525383,-0.05359358,0.03003556,0.05957221,0.03998975,-0.01506767,0.04950441,-0.33700366,0.01771718,0.19165610,-0.14897118,-0.01980194,0.04924023,-0.32249331,0.02125596,0.18782250,-0.16836166,-0.02203265,0.05708099,-0.29877076,0.02210626,0.17618095,-0.19574556,-0.10008985,-0.08731321,0.11468816,0.08298463,0.03357362,-0.18163951,-0.06348692,0.02113390,0.24335411,0.04215885,-0.07523212,-0.29805270,-0.01961532,0.12716137,0.34415829,-0.00349372,-0.17542450,-0.38034164,-0.01697322,-0.01646158,-0.99972046,0.01693320,-0.03007033,0.00000000,0.38560816,0.00000000,0.00000000
10207800000000,synthetic_50hz_03,390,0.02,95.96730659,95.99137464,17.21874609,17.06846687,16.95896252,3.83973896,121.27079928,1,1,0,0,1,0.10899432,0.00000000,0.00000000,-0.02966096,-0.06976444,-0.06387302,0.03060223,0.06531748,0.05104833,-0.03066123,-0.05898739,-0.03675190,0.02983625,0.05095667,0.02139589,-0.02815108,-0.04145684,-0.00542303,0.02565430,0.03076178,-0.01070618,-0.02436431,0.04805235,-0.31152885,0.02451251,0.18639274,-0.18170002,-0.02390032,0.06106683,-0.28345422,0.02253947,0.16977405,-0.21258527,-0.02046448,0.08083050,-0.25063792,0.01773172,0.14741551,-0.24639961,-0.03719966,0.09352033,0.32350112,0.01359168,-0.14643839,-0.36852131,0.01040816,0.19513456,0.40291687,-0.03410792,-0.23820492,-0.42569615,0.05682433,0.27440771,0.43620241,-0.07790248,-0.30269921,-0.43413274,-0.01762153,-0.01679752,-0.99970366,0.01666378,-0.03031812,0.00000000,0.43562402,0.00000000,0.00000000
10207820000000,synthetic_50hz_03,391,0.02,96.30567368,96.05423445,17.10963699,16.95896252,16.83041162,3.85201018,120.94907680,1,1,0,0,1,0.12314304,0.00000000,0.00000000,-0.02964353,-0.04648754,-0.01202686,0.02740231,0.03596635,-0.00450462,-0.02437107,-0.02440823,0.02090622,0.02063720,0.01214642,-0.03670509,-0.01630835,0.00046559,0.05144574,0.01150932,-0.01306417,-0.06470318,-0.02438415,0.07128157,-0.25969694,0.02134487,0.15709073,-0.23723216,-0.01763680,0.09559639,-0.22582305,0.01336090,0.13101288,-0.27065370,-0.00863564,0.12270535,-0.19380667,0.00359378,0.10363467,-0.30035489,0.05000939,0.27159441,0.45099403,-0.07268105,-0.30436397,-0.45398359,0.09325729,0.32835858,0.44388459,-0.11114488,-0.34288645,-0.42098819,0.12582811,0.34752875,0.38595450,-0.13688365,-0.34215163,-0.33979356,-0.01836830,-0.01712800,-0.99968462,0.01638897,-0.03055997,0.00000000,0.48998649,0.00000000,0.00000000
10207840000000,synthetic_50hz_03,392,0.02,96.15640421,96.07466840,16.99236234,16.83041162,16.70265489,3.86421361,120.56681562,1,1,0,0,1,0.13877840,0.00000000,0.00000000,-0.01700369,-0.00021535,0.05207670,0.01209601,-0.01273713,-0.06578737,-0.00683960,0.02532238,0.07760137,0.00138600,-0.03717758,-0.08717808,0.00410756,0.04796093,0.09424140,-0.00948270,-0.05736155,-0.09858770,-0.01178178,0.11750618,-0.19560733,0.00607108,0.10843634,-0.29849439,-0.00013224,0.14527740,-0.16915460,-0.00586955,0.08173801,-0.32109435,0.01176608,0.17015303,-0.15104832,-0.01739090,0.05938254,-0.33419787,0.13057782,0.36265443,0.40499898,-0.14232557,-0.35759930,-0.35741645,0.14997000,0.34223442,0.29952943,-0.15329073,-0.31700276,-0.23300685,0.15219201,0.28263176,0.15976656,-0.14670553,-0.24011236,-0.08192014,-0.01921720,-0.01745294,-0.99966305,0.01610884,-0.03079582,0.00000000,0.54834277,0.00000000,0.00000000
10207860000000,synthetic_50hz_03,393,0.02,95.94570492,96.04887570,16.87068521,16.70265489,16.57490985,3.87634613,120.11555793,1,1,0,0,1,0.15591973,0.00000000,0.00000000,0.00586301,0.05234397,0.09858825,-0.01132865,-0.06154786,-0.10221616,0.01646769,0.06897729,0.10289713,-0.02113195,-0.07441808,-0.10061153,0.02518697,0.07771335,0.09542525,-0.02851583,-0.07876812,-0.08748782,0.01104724,0.17001800,-0.14910944,-0.01732083,0.05967465,-0.33490293,0.02314789,0.18888272,-0.14388527,-0.02836646,0.04454667,-0.33449571,0.03283100,0.19985772,-0.14990157,-0.03641639,0.03802133,-0.32305660,0.15808535,0.28364641,0.14381315,-0.15102663,-0.23688363,-0.06136498,0.13961375,0.18329138,-0.02285237,-0.12417574,-0.12441476,0.10641087,0.10515768,0.06195120,-0.18690150,-0.08310788,0.00229844,0.26200367,-0.02016962,-0.01777223,-0.99963867,0.01582349,-0.03102564,0.00000000,0.61008750,0.00000000,0.00000000
10207880000000,synthetic_50hz_03,394,0.02,95.73461525,95.98602361,16.74645956,16.57490985,16.44378385,3.88840485,119.58706179,1,1,0,0,1,0.17454589,0.00000000,0.00000000,0.02823515,0.08106409,0.09347468,-0.03113780,-0.08066314,-0.08360884,0.03314274,0.07793663,0.07133252,-0.03419215,-0.07296317,-0.05699966,0.03425579,0.06588615,0.04102347,-0.03333182,-0.05690960,-0.02386455,0.03338150,0.19869071,-0.15423637,-0.03709700,0.04060836,-0.31627565,0.03979552,0.19779246,-0.17547604,-0.04140535,0.04605078,-0.29085199,0.04188504,0.18798269,-0.20434026,-0.04122442,0.05992534,-0.25939212,0.09598649,0.02226194,-0.24704851,-0.07116455,0.04535107,0.32108150,0.04429090,-0.11165660,-0.38585756,-0.01614032,0.17474301,0.43950917,-0.01247559,-0.23279149,-0.48048952,0.04073182,0.28412850,0.50761713,-0.02122412,-0.01808575,-0.99961122,0.01553302,-0.03124938,0.00000000,0.67433156,0.00000000,0.00000000
10207900000000,synthetic_50hz_03,395,0.02,96.35884062,96.06058702,16.61933576,16.44378385,16.27441715,3.90038704,118.97394692,1,1,0,0,1,0.19458817,0.00000000,0.00000000,0.03445005,0.05907776,0.02524248,-0.03253733,-0.04817200,-0.00683819,0.02968654,0.03587742,-0.01176325,-0.02597988,-0.02254848,0.03002555,0.02152420,0.00856946,-0.04742220,-0.01644797,0.00565663,0.06345165,0.03955833,0.17665705,-0.22248162,-0.03846333,0.07314845,-0.23948531,0.03631165,0.15568367,-0.25859773,-0.03317149,0.09651471,-0.20379516,0.02913838,0.13061808,-0.29282263,-0.02433232,0.12253719,-0.17203488,-0.04186054,-0.29720123,-0.53327636,0.07040491,0.34290202,0.54694644,-0.09691947,-0.37871679,-0.54484779,0.12063980,0.40361298,0.52704093,-0.14088203,-0.41687282,-0.49403924,0.15706256,0.41811402,0.44679416,-0.02237593,-0.01839341,-0.99958050,0.01523751,-0.03146700,0.00000000,0.73988810,0.00000000,0.00000000
10207920000000,synthetic_50hz_03,396,0.02,96.38319448,96.12510851,16.47446994,16.27441715,16.09318375,3.91228822,118.27050060,1,1,0,0,1,0.21592545,0.00000000,0.00000000,0.01547009,-0.00984157,-0.06976019,-0.00963051,0.02425092,0.08383879,0.00351327,-0.03796110,-0.09550028,0.00270526,0.05057685,0.10440846,-0.00884579,-0.06173444,-0.11030649,0.01473130,0.07111221,0.11302433,0.02054010,0.10769050,-0.31749706,-0.01552307,0.14562026,-0.14878893,0.01011044,0.08179556,-0.34236041,-0.00446449,0.16968932,-0.12938087,-0.00124697,0.06026620,-0.35574340,0.00685550,0.18803850,-0.12242134,-0.16936472,-0.43878351,-0.45485564,0.18027553,0.42396409,0.38808878,-0.18598890,-0.39692158,-0.31013314,0.18634013,0.35843564,0.22323622,-0.18131908,-0.30961584,-0.12990330,0.17107052,0.25186966,0.03282520,-0.02361663,-0.01869511,-0.99954637,0.01493707,-0.03167844,0.00000000,0.80528328,0.00000000,0.00000000
10207940000000,synthetic_50hz_03,397,0.02,96.32486092,96.16505899,16.31432974,16.09318375,15.90142465,3.92410279,117.47358997,1,1,0,0,1,0.23838260,0.00000000,0.00000000,-0.01835807,-0.07790121,-0.11695160,0.02369549,0.08422960,0.11456440,-0.02834976,-0.08812961,-0.10887426,0.03218669,0.08948880,0.10004522,-0.03509566,-0.08826799,-0.08833183,0.03699281,0.08450238,0.07407179,-0.01332653,0.03958372,-0.36470094,0.01783659,0.20564778,-0.11804420,-0.02178077,0.03157748,-0.35575977,0.02503908,0.20865058,-0.13371296,-0.02751250,0.03368459,-0.33380502,0.02912587,0.20147452,-0.16133319,-0.17243093,-0.22935221,0.02158641,0.15377177,0.15741478,-0.12431005,-0.13067929,-0.08093900,0.22344978,0.10381927,0.00212972,-0.31614734,-0.07396609,0.07674097,0.39973023,0.04198044,-0.15339917,-0.47178871,-0.02493399,-0.01899076,-0.99950882,0.01463179,-0.03188368,0.00000000,0.86879814,0.00000000,0.00000000
10207960000000,synthetic_50hz_03,398,0.02,96.30139537,96.19232627,16.14090960,15.90142465,15.69585732,3.93582449,116.58357988,1,1,0,0,1,0.26173315,0.00000000,0.00000000,-0.03900556,-0.08268153,-0.06379067,0.03900242,0.07446360,0.04547702,-0.03787483,-0.06409885,-0.02585225,0.03565529,0.05188610,0.00548214,-0.03240778,-0.03817746,0.01504602,0.02822595,0.02336813,-0.03514040,-0.03401268,0.03475636,-0.31155218,0.03317741,0.19593057,-0.18711275,-0.03133427,0.05555868,-0.27276288,0.02853009,0.17109722,-0.22824514,-0.02484057,0.08372699,-0.23046324,0.02036817,0.14038624,-0.27050486,-0.01757389,0.22083130,0.54670232,-0.01776963,-0.29202994,-0.59620886,0.05260084,0.35480921,0.62852642,-0.08591555,-0.40735918,-0.64272326,0.11675327,0.44816479,0.63839010,-0.14422494,-0.47604960,-0.61565185,-0.02631221,-0.01928025,-0.99946796,0.01432177,-0.03208267,0.00000000,0.92854402,0.00000000,0.00000000
10207980000000,synthetic_50hz_03,399,0.02,96.60431270,96.27472355,15.95398764,15.69585732,15.46313119,3.94744649,115.60511148,1,1,0,0,1,0.28570658,0.00000000,0.00000000,-0.02440622,-0.00930632,0.05468729,0.01859407,-0.00693197,-0.07292866,-0.01224585,0.02297040,0.08906745,0.00554458,-0.03834658,-0.10263839,0.00131654,0.05261722,0.11325022,-0.00813971,-0.06537087,-0.12059699,-0.01945218,0.10808464,-0.19308609,0.01280317,0.11458373,-0.30549988,-0.00573398,0.14257838,-0.15786804,-0.00155792,0.08091391,-0.33633501,0.00886752,0.17447345,-0.13229490,-0.01598803,0.05169332,-0.35592112,0.17526591,0.51691191,0.61081691,-0.19516221,-0.51801052,-0.55176882,0.20943189,0.50417465,0.47681297,-0.21766355,-0.47580319,-0.38811039,0.21961987,0.43371410,0.28821840,-0.21524445,-0.37912084,-0.18001694,-0.02773239,-0.01956349,-0.99942407,0.01400711,-0.03227537,0.00000000,0.98256944,0.00000000,0.00000000
10208000000000,synthetic_50hz_03,400,0.02,96.50022948,96.31982474,15.74782793,15.46313119,15.22101777,3.95896076,114.54757299,1,1,0,0,1,0.31000000,0.00000000,0.00000000,0.01538761,0.07902197,0.12863197,-0.02174100,-0.08791604,-0.12882514,0.02746760,0.09427546,0.12530421,-0.03240229,-0.09791687,-0.11817070,0.03640281,0.09873529,0.10763028,-0.03935382,-0.09670713,-0.09398683,0.02030260,0.19636609,-0.11915298,-0.02749758,0.03364833,-0.36137810,0.03395053,0.21383391,-0.12165587,-0.03948183,0.02139302,-0.35183690,0.04393726,0.22054324,-0.13795048,-0.04719237,0.02040326,-0.32927080,0.21550107,0.32883559,0.06710377,-0.19795944,-0.24996475,0.05453334,0.17471055,0.16388732,-0.17459823,-0.14642467,-0.07308493,0.28962937,0.11391730,-0.01982452,-0.39631036,-0.07812564,0.11216243,0.49156553,-0.02917339,-0.01984039,-0.99937761,0.01368790,-0.03246175,0.00000000,1.02898979,0.00000000,0.00000000
10208020000000,synthetic_50hz_03,401,0.02,96.92021762,96.43990332,15.52656767,15.22101777,14.94911489,3.97035880,113.42510660,1,1,0,0,1,0.33429342,0.00000000,0.00000000,0.04255186,0.09448610,0.07914980,-0.04313555,-0.08664228,-0.05985646,0.04247562,0.07630053,0.03883743,-0.04059110,-0.06375899,-0.01669869,0.03753633,0.04937925,-0.00592147,-0.03339936,-0.03357588,0.02837092,0.04742762,0.21178349,-0.16864642,-0.04885757,0.03497070,-0.29239144,0.04892937,0.19580946,-0.20814697,-0.04764741,0.05560033,-0.25033471,0.04505396,0.17113885,-0.25153767,-0.04122785,0.08358081,-0.20687308,0.04004425,-0.21682483,-0.60722302,0.00127508,0.30416677,0.67425325,-0.04255766,-0.38273944,-0.72184444,0.08261328,0.45027756,0.74862452,-0.12028711,-0.50483396,-0.75382141,0.15449302,0.54483577,0.73728528,-0.03061287,-0.02011087,-0.99932917,0.01336427,-0.03264176,0.00000000,1.06612607,0.00000000,0.00000000
10208040000000,synthetic_50hz_03,402,0.02,96.75480105,96.50288286,15.28403750,14.94911489,14.67410937,3.98163099,112.25605608,1,1,0,0,1,0.35826685,0.00000000,0.00000000,0.02911469,0.01716442,-0.05171973,-0.02301150,0.00062101,0.07251110,0.01624487,-0.01838853,-0.09121194,-0.00900989,0.03562590,0.10728310,0.00151516,-0.05183616,-0.12026124,0.00602326,0.06655196,0.12977219,0.03395104,0.13441517,-0.29952693,-0.02869874,0.12228254,-0.16000619,0.02266918,0.10107091,-0.33822039,-0.01604269,0.15503467,-0.12632298,0.00901568,0.06987502,-0.36591265,-0.00179486,0.18375507,-0.10543202,-0.19391642,-0.59838204,-0.73482214,0.21955396,0.60651868,0.67372095,-0.23886165,-0.59716910,-0.59319607,0.25128285,0.57060287,0.49556908,-0.25645945,-0.52758588,-0.38365459,0.25424220,0.46935835,0.26067917,-0.03202848,-0.02037483,-0.99927947,0.01303630,-0.03281537,0.00000000,1.09263507,0.00000000,0.00000000
10208060000000,synthetic_50hz_03,403,0.02,96.82082524,96.56647134,15.02786769,14.67410937,14.38713090,3.99276769,111.06186028,1,1,0,0,1,0.38161740,0.00000000,0.00000000,-0.01300264,-0.08037750,-0.13902608,0.02023416,0.09145072,0.14136384,-0.02688232,-0.09988737,-0.13962601,0.03275545,0.10544422,0.13386270,-0.03768423,-0.10796107,-0.12424006,0.04152655,0.10736535,0.11103553,-0.00820590,0.03682672,-0.38684395,0.01458191,0.21316074,-0.09113605,-0.02048769,0.01952259,-0.38665824,0.02574643,0.22490247,-0.09971369,-0.03020110,0.01370163,-0.36992647,0.03371909,0.22461498,-0.12412907,-0.25795404,-0.42529736,-0.15096434,0.24129536,0.33917505,0.01042964,-0.21768003,-0.24327417,0.13040576,0.18778888,0.14035958,-0.26748149,-0.15248369,-0.03339835,0.39684561,0.11278233,-0.07452576,-0.51476848,-0.03339909,-0.02063219,-0.99922935,0.01270411,-0.03298256,0.00000000,1.10761357,0.00000000,0.00000000
10208080000000,synthetic_50hz_03,404,0.02,96.41954185,96.53708544,14.75875824,14.38713090,14.10831212,4.00375939,109.86551689,1,1,0,0,1,0.40407455,0.00000000,0.00000000,-0.04473769,-0.10784241,-0.10217387,0.04651573,0.10181936,0.08324863,-0.04695270,-0.09286080,-0.06192330,0.04603600,0.08122502,0.03881268,-0.04379206,-0.06724749,-0.01458308,0.04028557,0.05133118,-0.01006696,-0.03998074,0.00931539,-0.35000212,0.04089869,0.22357780,-0.14923414,-0.04058799,0.02649971,-0.30897904,0.03905102,0.20073277,-0.19473427,-0.03632661,0.05436666,-0.26030427,0.03248908,0.16862744,-0.24519214,-0.08576027,0.15816247,0.61772883,0.03920016,-0.26513792,-0.71233672,0.00849012,0.36446932,0.78640760,-0.05593562,-0.45329289,-0.83780598,0.10176847,0.52904782,0.86505003,-0.14466728,-0.58955006,-0.86735428,-0.03470583,-0.02088286,-0.99917963,0.01236781,-0.03314327,0.00000000,1.11066237,0.00000000,0.00000000
10208100000000,synthetic_50hz_03,405,0.02,96.53236472,96.53614130,14.48557087,14.10831212,13.81690797,4.01459777,108.68983993,1,1,0,0,1,0.42541183,0.00000000,0.00000000,-0.03906277,-0.04393882,0.02276999,0.03373757,0.02554481,-0.04732302,-0.02743970,-0.00641433,0.07051171,0.02035073,-0.01290107,-0.09166751,-0.01267504,0.03184454,0.11018050,0.00463392,-0.04986991,-0.12551693,-0.03434579,0.07317267,-0.22506833,0.02815595,0.14735161,-0.27978897,-0.02110517,0.11289674,-0.17656728,0.01339007,0.10665619,-0.32518527,-0.00522756,0.15341007,-0.13557525,-0.00315131,0.06747309,-0.36060287,0.17138537,0.63919467,0.89546266,-0.20915390,-0.67524250,-0.85909868,0.24089243,0.69182278,0.79796649,-0.26568591,-0.68845749,-0.71382855,0.28281955,0.66524364,0.60911060,-0.29179937,-0.62285051,-0.48683171,-0.03593290,-0.02112676,-0.99913115,0.01202750,-0.03329750,0.00000000,1.10190270,0.00000000,0.00000000
10208120000000,synthetic_50hz_03,406,0.02,96.04428087,96.43776921,14.20473245,13.81690797,13.53886060,4.02527503,107.55578092,1,1,0,0,1,0.44545411,0.00000000,0.00000000,-0.00284052,0.05502042,0.13145769,-0.00551878,-0.07158297,-0.14254902,0.01371898,0.08608175,0.14953060,-0.02152365,-0.09809875,-0.15220114,0.02870778,0.10728752,0.15048365,-0.03506425,-0.11338314,-0.14442765,0.00183632,0.17208572,-0.11639040,-0.01106476,0.05027211,-0.37499844,0.02002310,0.20534342,-0.09757136,-0.02845973,0.02150804,-0.38568996,0.03613700,0.22880439,-0.09530644,-0.04283791,0.00400669,-0.37947455,0.30401669,0.63431005,0.47462016,-0.30260567,-0.56760989,-0.33026153,0.29247038,0.48454527,0.17638130,-0.27390304,-0.38751099,-0.01741592,0.24743894,0.27930458,-0.14205157,-0.21384106,-0.16304569,0.29742365,-0.03706813,-0.02136382,-0.99908467,0.01168329,-0.03344519,0.00000000,1.08194501,0.00000000,0.00000000
10208140000000,synthetic_50hz_03,407,0.02,96.01242607,96.35270058,13.92506628,13.53886060,13.25466625,4.03578495,106.48106176,1,1,0,0,1,0.46408027,0.00000000,0.00000000,0.03537250,0.11541429,0.14800372,-0.04090670,-0.11853641,-0.13785931,0.04526154,0.11824106,0.12374036,-0.04831147,-0.11453677,-0.10605392,0.04996856,0.10753033,0.08530989,-0.05018503,-0.09742374,-0.06210633,0.04000900,0.23243351,-0.09985384,-0.04641682,0.00336688,-0.37029248,0.05153500,0.23745336,-0.12338429,-0.05522271,0.00511957,-0.33951404,0.05737924,0.22899847,-0.16051431,-0.05794683,0.02001303,-0.29711438,0.22403381,0.17739422,-0.29693586,-0.18327614,-0.05238917,0.44967882,0.13723453,-0.07412629,-0.58945734,-0.08723640,0.19850465,0.71224152,0.03472319,-0.31716003,-0.81449145,0.01879110,0.42667154,0.89325922,-0.03810310,-0.02159396,-0.99904081,0.01133529,-0.03358633,0.00000000,1.05181757,0.00000000,0.00000000
10208160000000,synthetic_50hz_03,408,0.02,95.87618976,96.25739842,13.64349827,13.25466625,12.96976768,4.04612216,105.47928565,1,1,0,0,1,0.48122160,0.00000000,0.00000000,0.05121633,0.10357115,0.07262546,-0.05052833,-0.09147451,-0.04778038,0.04838357,0.07674062,0.02155777,-0.04484390,-0.05979427,0.00528636,0.04001135,0.04112401,-0.03197808,-0.03402526,-0.02126813,0.05774786,0.05581232,0.22054439,-0.17524126,-0.05600239,0.03047692,-0.28019760,0.05462613,0.19590358,-0.22558930,-0.05173002,0.05991163,-0.22814533,0.04740320,0.16254337,-0.27783617,-0.04177489,0.09621567,-0.17722152,0.00188832,-0.39810231,-0.89347720,0.05317637,0.50366196,0.95864142,-0.10670797,-0.59470080,-0.99616757,0.15716312,0.66859414,1.00497374,-0.20308719,-0.72321160,-0.98480604,0.24315616,0.75697853,0.93624593,-0.03903307,-0.02181711,-0.99900008,0.01098363,-0.03372089,0.00000000,1.01286734,0.00000000,0.00000000
10208180000000,synthetic_50hz_03,409,0.02,95.67398359,96.14071545,13.36053142,12.96976768,12.68676377,4.05628210,104.55958274,1,1,0,0,1,0.49685696,0.00000000,0.00000000,0.03901655,0.03600703,-0.04031246,-0.03261858,-0.01557400,0.06609605,0.02528021,-0.00530804,-0.08997405,-0.01721300,0.02603704,0.11125807,0.00864952,-0.04601539,-0.12933446,0.00016332,0.06466709,0.14368207,0.04357186,0.15293442,-0.28818805,-0.03805637,0.10642549,-0.16630551,0.03149163,0.11380561,-0.33714328,-0.02407374,0.14579251,-0.12214543,0.01602226,0.07535513,-0.37522621,-0.00757385,0.18219802,-0.09124884,-0.22163034,-0.75632223,-1.00131695,0.26084934,0.78456195,0.94306013,-0.29254793,-0.79018239,-0.85761444,0.31581223,0.77302150,0.74744334,-0.32997151,-0.73357404,-0.61572309,0.33461756,0.67297730,0.46625126,-0.03985662,-0.02203318,-0.99896284,0.01062840,-0.03384884,0.00000000,0.96664745,0.00000000,0.00000000
10208200000000,synthetic_50hz_03,410,0.02,95.47037783,96.00664793,13.07754901,12.68676377,12.40510521,4.06626102,103.72674246,1,1,0,0,1,0.51100568,0.00000000,0.00000000,0.00902685,-0.04615072,-0.13080249,-0.00008592,0.06512649,0.14547676,-0.00885750,-0.08222463,-0.15595686,0.01754554,0.09695220,0.16194066,-0.02572774,-0.10888459,-0.16325563,0.03316820,0.11767779,0.15986387,0.01354130,0.07073093,-0.37868664,-0.00548722,0.18717397,-0.08690942,-0.00267745,0.03683974,-0.40314796,0.01071044,0.21675726,-0.07143490,-0.01837440,0.01243703,-0.40918083,0.02544379,0.23525595,-0.07502877,-0.33810215,-0.75369666,-0.63545900,0.34314300,0.69214214,0.48263134,-0.33829088,-0.61063285,-0.31588919,0.32368568,0.51151872,0.14003982,-0.29974847,-0.39765728,0.03984697,0.26716937,0.27233118,-0.21858496,-0.04057516,-0.02224212,-0.99892931,0.01026973,-0.03397016,0.00000000,0.91480523,0.00000000,0.00000000
10208220000000,synthetic_50hz_03,411,0.02,95.23521196,95.85236073,12.79512261,12.40510521,12.12559710,4.07605593,102.98171396,1,1,0,0,1,0.52371943,0.00000000,0.00000000,-0.02332789,-0.10656386,-0.16549886,0.03114736,0.11658614,0.16367607,-0.03806884,-0.12324719,-0.15713441,0.04389278,0.12635497,0.14606250,-0.04845127,-0.12581988,-0.13077954,0.05161288,0.12165734,0.11172614,-0.01885448,0.01027218,-0.41339127,0.02578275,0.23868153,-0.06869504,-0.03192041,-0.00423207,-0.40434710,0.03708359,0.24620962,-0.08728538,-0.04111760,-0.00454720,-0.37673795,0.04390152,0.23928282,-0.12312842,-0.31585328,-0.44763112,-0.02180015,0.28544146,0.32305349,-0.16196786,-0.24680023,-0.18916208,0.34106626,0.20104363,0.04981704,-0.51033156,-0.14949085,0.09096425,0.66488377,0.09362818,-0.22912300,-0.80026707,-0.04119239,-0.02244385,-0.99889955,0.00990774,-0.03408481,0.00000000,0.85898168,0.00000000,0.00000000
10208240000000,synthetic_50hz_03,412,0.02,94.62438409,95.60676540,12.51392190,12.12559710,11.86243535,4.08566450,102.32232657,1,1,0,0,1,0.53507385,0.00000000,0.00000000,-0.04624079,-0.12805939,-0.14260531,0.05035092,0.12617368,0.12569676,-0.05300940,-0.12065033,-0.10516432,0.05413960,0.11164857,0.08159994,-0.05370893,-0.09942794,-0.05568300,0.05172981,0.08434075,0.02816069,-0.04180858,-0.01126885,-0.39050567,0.04502321,0.24831690,-0.10665956,-0.04689282,-0.00168440,-0.35239833,0.04735658,0.23155281,-0.15172051,-0.04639522,0.02179575,-0.30167439,0.04403180,0.20201363,-0.20665598,-0.18650114,0.00155001,0.57991410,0.13213666,-0.14463940,-0.73092190,-0.07396262,0.28355876,0.86085689,0.01365620,-0.41430299,-0.96597297,0.04704393,0.53310267,1.04323960,-0.10638776,-0.63653276,-1.09042915,-0.04171363,-0.02263830,-0.99887355,0.00954253,-0.03419279,0.00000000,0.80072955,0.00000000,0.00000000
10208260000000,synthetic_50hz_03,413,0.02,94.05498758,95.29640984,12.24029755,11.86243535,11.61199619,4.09508581,101.74409057,1,1,0,0,1,0.54516083,0.00000000,0.00000000,-0.05471883,-0.11184566,-0.08024907,0.05414696,0.09923343,0.05389541,-0.05201402,-0.08376025,-0.02598792,0.04838148,0.06587223,-0.00266881,-0.04335409,-0.04608508,0.03124859,0.03707678,0.02496927,-0.05892747,-0.05032799,0.00489951,-0.32815708,0.04885635,0.22142439,-0.17844642,-0.04592952,0.03515651,-0.27324297,0.04162489,0.18582607,-0.23596209,-0.03606062,0.07508956,-0.21477555,0.02939242,0.14268966,-0.29370647,-0.00853043,0.43257200,0.99086370,-0.05318316,-0.55222803,-1.06690721,0.11336346,0.65596307,1.11219130,-0.17027543,-0.74078640,-1.12541038,0.22227828,0.80425250,1.10618337,-0.26787275,-0.84453163,-1.05506457,-0.04214539,-0.02282543,-0.99885119,0.00917423,-0.03429406,0.00000000,0.74145342,0.00000000,0.00000000
10208280000000,synthetic_50hz_03,414,0.02,93.57112832,94.95135354,11.97641098,11.61199619,11.37086851,4.10432031,101.24096902,1,1,0,0,1,0.55408172,0.00000000,0.00000000,-0.04953995,-0.06967658,-0.00223295,0.04469716,0.04999808,-0.02667517,-0.03856572,-0.02887811,0.05481422,0.03132242,0.00692557,-0.08137295,-0.02317608,0.01522664,0.10558567,0.01436155,-0.03693985,-0.12675430,-0.04519067,0.04702335,-0.25014831,0.03944386,0.17223670,-0.25900280,-0.03251355,0.08998953,-0.19246159,0.02459251,0.12692900,-0.31463933,-0.01590313,0.13635220,-0.14047100,0.00669114,0.08082812,-0.36149582,0.16338530,0.73899735,1.14271815,-0.21714377,-0.80726691,-1.12877485,0.26464188,0.85226259,1.08228844,-0.30451025,-0.87268714,-1.00459916,0.33559944,0.86795171,0.89794681,-0.35701314,-0.83819284,-0.76540624,-0.04249480,-0.02300516,-0.99883227,0.00880296,-0.03438862,0.00000000,0.68237166,0.00000000,0.00000000
10208300000000,synthetic_50hz_03,415,0.02,93.40017637,94.64111810,11.72208314,11.37086851,11.12893943,4.11336958,100.80605098,1,1,0,0,1,0.56194181,0.00000000,0.00000000,-0.03463836,-0.01597689,0.07144066,0.02676870,-0.00634502,-0.09688697,-0.01812728,0.02848400,0.11953998,0.00896325,-0.04980178,-0.13874660,0.00045920,0.06968374,0.15395308,-0.00986840,-0.08755670,-0.16472103,-0.03033078,0.10067791,-0.17648174,0.02155290,0.11594118,-0.32920070,-0.01210766,0.14730256,-0.12775631,0.00226029,0.07025126,-0.37198632,0.00771135,0.19076018,-0.09213587,-0.01752459,0.03025895,-0.39942527,0.29328297,0.87907617,1.05354714,-0.32850701,-0.88460116,-0.95699178,0.35426005,0.86462269,0.83284590,-0.36979960,-0.81971674,-0.68468868,0.37467766,0.75117798,0.51679157,-0.36875359,-0.66098241,-0.33399512,-0.04276929,-0.02317743,-0.99881659,0.00842884,-0.03447643,0.00000000,0.62449818,0.00000000,0.00000000
10208320000000,synthetic_50hz_03,416,0.02,92.30377637,94.17364976,11.47296278,11.12893943,10.92627046,4.12223558,100.43209250,1,1,0,0,1,0.56884597,0.00000000,0.00000000,-0.01475296,0.03705949,0.12823084,0.00539436,-0.05803844,-0.14608060,0.00411976,0.07734412,0.15971879,-0.01351511,-0.09441994,-0.16875222,0.02252081,0.10877358,0.17292044,-0.03087723,-0.11999123,-0.17210328,-0.01048727,0.15366930,-0.11969831,0.00021627,0.06429524,-0.37838072,0.01010660,0.19611365,-0.08759770,-0.02019087,0.02568269,-0.40196555,0.02975188,0.22980084,-0.07320057,-0.03851888,-0.00212783,-0.40677045,0.36569679,0.86019648,0.78762694,-0.37730946,-0.80538320,-0.62951718,0.37804412,0.72735034,0.45325814,-0.36787959,-0.62834763,-0.26393147,0.34710893,0.51122937,0.06699552,-0.31633095,-0.37937213,0.13187194,-0.04297625,-0.02334220,-0.99880388,0.00805199,-0.03455749,0.00000000,0.56864013,0.00000000,0.00000000
10208340000000,synthetic_50hz_03,417,0.02,91.88044160,93.71500812,11.24335201,10.92627046,10.73487779,4.13092236,100.11191956,1,1,0,0,1,0.57489553,0.00000000,0.00000000,0.00599958,0.08133490,0.16280661,-0.01539561,-0.09801625,-0.17095840,0.02434777,0.11187174,0.17418139,-0.03259798,-0.12250192,-0.17238264,0.03990837,0.12960032,0.16561403,-0.04606819,-0.13296227,-0.15407068,0.01022323,0.19789985,-0.08512897,-0.02053578,0.02436483,-0.40324522,0.03030159,0.23059228,-0.07315502,-0.03924628,-0.00234970,-0.40556985,0.04711808,0.25057837,-0.08053880,-0.05369501,-0.01505103,-0.38870098,0.38075262,0.71688649,0.42155537,-0.36836873,-0.61307503,-0.22836657,0.34536460,0.49158833,0.02859386,-0.31240344,-0.35592891,0.17200323,0.27043555,0.21000790,-0.36764139,-0.22067087,-0.05803226,0.55268027,-0.04312283,-0.02349941,-0.99879389,0.00767253,-0.03463177,0.00000000,0.51540777,0.00000000,0.00000000
10208360000000,synthetic_50hz_03,418,0.02,91.12318180,93.19664286,11.02979284,10.73487779,10.57085079,4.13943527,99.83870479,1,1,0,0,1,0.58018614,0.00000000,0.00000000,0.02469249,0.11276029,0.17509707,-0.03296428,-0.12335912,-0.17316171,0.04028570,0.13040145,0.16623401,-0.04644566,-0.13368425,-0.15451371,0.05126658,0.13311286,0.13833870,-0.05460945,-0.12870378,-0.11817533,0.02887394,0.22928051,-0.07284464,-0.03806636,-0.00093073,-0.40543551,0.04620628,0.24907306,-0.08112204,-0.05306625,-0.01348243,-0.38767504,0.05845466,0.25404167,-0.10784570,-0.06222115,-0.01074461,-0.35276896,0.34770230,0.49264529,0.02372490,-0.31420711,-0.35547382,0.17859294,0.27165319,0.20805387,-0.37576186,-0.22126737,-0.05463563,0.56209739,0.16450232,-0.10035778,-0.73222739,-0.10299458,0.25245782,0.88124693,-0.04321575,-0.02364900,-0.99878635,0.00729058,-0.03469926,0.00000000,0.46523231,0.00000000,0.00000000
10208380000000,synthetic_50hz_03,419,0.02,90.47144083,92.65160245,10.83703718,10.57085079,10.43009320,4.14778133,99.60613895,1,1,0,0,1,0.58480641,0.00000000,0.00000000,0.03960955,0.13030763,0.16811472,-0.04595299,-0.13408318,-0.15692599,0.05097159,0.13399305,0.14121301,-0.05452064,-0.13003983,-0.12142880,0.05649785,0.12233751,0.09814373,-0.05684619,-0.11110814,-0.07202914,0.04374864,0.24678326,-0.07983281,-0.05101676,-0.01160758,-0.38918707,0.05685869,0.25261577,-0.10616239,-0.06111326,-0.00978844,-0.35456452,0.06366402,0.24321703,-0.14807202,-0.06444249,0.00689902,-0.30658631,0.27954443,0.22858520,-0.35437468,-0.22967890,-0.07449924,0.54380718,0.17319162,-0.08173458,-0.71756146,-0.11171115,0.23561194,0.87062812,0.04700999,-0.38269651,-0.99859416,0.01904649,0.51874775,1.09777026,-0.04326129,-0.02379093,-0.99878101,0.00690627,-0.03475996,0.00000000,0.41838851,0.00000000,0.00000000
10208400000000,synthetic_50hz_03,420,0.02,90.14813684,92.15090933,10.66612071,10.43009320,10.30023672,4.15596902,99.40852061,1,1,0,0,1,0.58883725,0.00000000,0.00000000,0.05001233,0.13491029,0.14622316,-0.05396552,-0.13193085,-0.12736099,0.05636287,0.12514778,0.10482695,-0.05713525,-0.11475665,-0.07927069,0.05626039,0.10105702,0.05142903,-0.05376351,-0.08444387,-0.02210464,0.05410889,0.25134146,-0.10172990,-0.05899080,-0.00940813,-0.35960965,0.06221628,0.24372167,-0.14256753,-0.06369964,0.00554432,-0.31238108,0.06340437,0.22188723,-0.19481783,-0.06134411,0.03361136,-0.25662557,0.18949629,-0.04194734,-0.67924494,-0.12873011,0.19789323,0.83913154,0.06425257,-0.34813376,-0.97482558,0.00207740,0.48833744,1.08241494,-0.06834747,-0.61446212,-1.15879778,0.13264705,0.72287157,1.20177194,-0.04326514,-0.02392516,-0.99877765,0.00651972,-0.03481384,0.00000000,0.37501918,0.00000000,0.00000000
10208420000000,synthetic_50hz_03,421,0.02,89.85163952,91.69105537,10.51244943,10.30023672,10.18205077,4.16400750,99.24078627,1,1,0,0,1,0.59235167,0.00000000,0.00000000,0.05584472,0.12854451,0.11400213,-0.05723269,-0.11943813,-0.08940771,0.05697063,0.10688830,0.06223562,-0.05506607,-0.09125682,-0.03326925,0.05157393,0.07299436,0.00334371,-0.04659489,-0.05262745,0.02667823,0.05989859,0.24493136,-0.13395614,-0.06221928,0.00313161,-0.32164425,0.06279011,0.22541340,-0.18517764,-0.06160198,0.02909370,-0.26635456,0.05869545,0.19377523,-0.24293401,-0.05415949,0.06547593,-0.20780667,0.08912178,-0.29477276,-0.93271611,-0.02287812,0.44004739,1.05187884,-0.04402513,-0.57263526,-1.14071542,0.10965912,0.68871378,1.19666463,-0.17213158,-0.78493636,-1.21811345,0.22964141,0.85852886,1.20444349,-0.04323248,-0.02405163,-0.99877603,0.00613106,-0.03486090,0.00000000,0.33515960,0.00000000,0.00000000
10208440000000,synthetic_50hz_03,422,0.02,89.11002815,91.17484992,10.37368199,10.18205077,10.09326751,4.17190614,99.09849980,1,1,0,0,1,0.59541495,0.00000000,0.00000000,0.05746972,0.11358396,0.07562217,-0.05633715,-0.09932176,-0.04732268,0.05358036,0.08219607,0.01765886,-0.04927883,-0.06270062,0.01251408,0.04355656,0.04139749,-0.04232624,-0.03657854,-0.01890084,0.07091811,0.06148075,0.22992663,-0.17234100,-0.06128486,0.02329490,-0.27954740,0.05936571,0.20067245,-0.22977291,-0.05578601,0.05769945,-0.22054641,0.05065535,0.16212897,-0.28863458,-0.04412685,0.09925076,-0.16353097,-0.01238534,-0.51414354,-1.10809337,0.07919632,0.63913108,1.18026886,-0.14372403,-0.74569217,-1.21841664,0.20410811,0.83075461,1.22143691,-0.25860766,-0.89186600,-1.18924258,0.30565143,0.92726448,1.12276184,-0.04316792,-0.02417032,-0.99877596,0.00574041,-0.03490112,0.00000000,0.29876044,0.00000000,0.00000000
10208460000000,synthetic_50hz_03,423,0.02,88.24353019,90.58858598,10.25590791,10.09326751,10.03517750,4.17967527,98.97781631,1,1,0,0,1,0.59808495,0.00000000,0.00000000,0.05547067,0.09240288,0.03457402,-0.05201800,-0.07413062,-0.00450462,0.04706562,0.05372113,-0.02569465,-0.04075632,-0.03176283,0.05515313,0.03327199,0.00888880,-0.08302152,-0.02482842,0.01424150,0.10849637,0.05943872,0.20870150,-0.21339375,-0.05692663,0.04853287,-0.23671782,0.05281659,0.17214885,-0.27314463,-0.04723453,0.08868677,-0.17788282,0.04034777,0.12957088,-0.32936025,-0.03236016,0.13244140,-0.12591709,-0.10824201,-0.69114654,-1.20646907,0.17145909,0.78908952,1.22945230,-0.22973292,-0.86428269,-1.21698986,0.28138344,0.91455819,1.16944102,-0.32492155,-0.93846655,-1.08817666,0.35909202,0.93531847,0.97553966,-0.04307556,-0.02428117,-0.99877726,0.00534791,-0.03493451,0.00000000,0.26570840,0.00000000,0.00000000
10208480000000,synthetic_50hz_03,424,0.02,87.97596824,90.06606243,10.16320114,10.03517750,9.98072291,4.18732652,98.87543160,1,1,0,0,1,0.60041269,0.00000000,0.00000000,0.05051696,0.06716426,-0.00638856,-0.04504644,-0.04608125,0.03648804,0.03827722,0.02366970,-0.06553556,-0.03040444,-0.00057573,0.09269366,0.02165509,-0.02253483,-0.11717936,-0.01228141,0.04499570,0.13828672,0.05444186,0.18341898,-0.25436062,-0.04991582,0.07662895,-0.19571393,0.04399360,0.14204882,-0.31300347,-0.03685342,0.11992338,-0.14031802,0.02870759,0.09809782,-0.36354822,-0.01979628,0.16324396,-0.09609135,-0.19378894,-0.82196983,-1.23374530,0.25008176,0.88867851,1.20848830,-0.29916460,-0.92976618,-1.14839002,0.33962239,0.94404825,1.05518313,-0.37028870,-0.93111298,-0.93155481,0.39027942,0.89133328,0.78106933,-0.04295902,-0.02438416,-0.99877977,0.00495367,-0.03496104,0.00000000,0.23584413,0.00000000,0.00000000
10208500000000,synthetic_50hz_03,425,0.02,87.57585654,89.56802125,10.08656028,9.98072291,9.93561816,4.19487144,98.78852518,1,1,0,0,1,0.60244289,0.00000000,0.00000000,0.04328150,0.03972950,-0.04519512,-0.03615493,-0.01700707,0.07383128,0.02798599,-0.00620568,-0.10033884,-0.01901020,0.02923952,0.12395358,0.00948635,-0.05143038,-0.14399469,0.00031101,0.07213846,0.15988436,0.04716310,0.15594046,-0.29317118,-0.04098485,0.10574975,-0.15835977,0.03366757,0.11212490,-0.34782439,-0.02542971,0.14978813,-0.10903408,0.01651530,0.06915281,-0.39039345,-0.00718671,0.19043516,-0.07445852,-0.26609167,-0.90637627,-1.19846345,0.31294944,0.93984390,1.12825244,-0.35078473,-0.94621540,-1.02551338,0.37850674,0.92530706,0.89320830,-0.39531621,-0.87772169,-0.73515160,0.40072854,0.80483120,0.55590014,-0.04282149,-0.02447925,-0.99878335,0.00455783,-0.03498073,0.00000000,0.20897727,0.00000000,0.00000000
10208520000000,synthetic_50hz_03,426,0.02,87.08984866,89.07238673,10.02316459,9.93561816,9.90235737,4.20232121,98.71470219,1,1,0,0,1,0.60421459,0.00000000,0.00000000,0.03439508,0.01163968,-0.08035932,-0.02600212,0.01163042,0.10630229,0.01685950,-0.03456520,-0.12918052,-0.00723082,0.05650346,0.14833441,-0.00260634,-0.07681270,-0.16321175,0.01236835,0.09490738,0.17338362,0.03823325,0.12780703,-0.32833906,-0.03079241,0.13443374,-0.12587813,0.02250605,0.08371690,-0.37668343,-0.01362060,0.17710154,-0.08462952,0.00439880,0.04372101,-0.40964015,0.00488807,0.21325257,-0.06092431,-0.32354460,-0.94649665,-1.11033724,0.35921453,0.94650212,1.00009695,-0.38452813,-0.91921950,-0.86102339,0.39875561,0.86543534,0.69712612,-0.40148678,-0.78670029,-0.51313039,0.39264289,0.68528429,0.31434086,-0.04266575,-0.02456641,-0.99878788,0.00416050,-0.03499356,0.00000000,0.18489878,0.00000000,0.00000000
10208540000000,synthetic_50hz_03,427,0.02,86.72611379,88.60313214,9.97242556,9.90235737,9.87482398,4.20968654,98.65193754,1,1,0,0,1,0.60576176,0.00000000,0.00000000,0.02442483,-0.01586577,-0.11087052,-0.01516020,0.03870151,0.13315076,0.00545850,-0.06042146,-0.15159221,0.00440058,0.08039944,0.16566318,-0.01413279,-0.09805946,-0.17495800,0.02345754,0.11289238,0.17920871,0.02821940,0.10025812,-0.35885363,-0.01991068,0.16155123,-0.09901933,0.01106980,0.05781224,-0.39911219,-0.00195924,0.20104696,-0.06727728,-0.00715174,0.02242475,-0.42141581,0.01599500,0.23128613,-0.05506447,-0.36552900,-0.94593938,-0.97932475,0.38893208,0.91367865,0.83505687,-0.40112207,-0.85507614,-0.66671391,0.40174752,0.77182138,0.47914928,-0.39079040,-0.66631465,-0.27777055,0.36856661,0.54159777,0.06838356,-0.04249423,-0.02464561,-0.99879324,0.00376184,-0.03499953,0.00000000,0.16339074,0.00000000,0.00000000
10208560000000,synthetic_50hz_03,428,0.02,86.29992159,88.14249003,9.93143289,9.87482398,9.85501802,4.21697747,98.59852435,1,1,0,0,1,0.60711389,0.00000000,0.00000000,0.01386704,-0.04181435,-0.13609437,-0.00411454,0.06335906,0.15398807,-0.00575658,-0.08307710,-0.16744222,0.01546174,0.10039998,0.17606894,-0.02472114,-0.11482829,-0.17961951,0.03326781,0.12594605,0.17799156,0.01761787,0.07426623,-0.38408054,-0.00882502,0.18625507,-0.07817201,-0.00018074,0.03510826,-0.41497898,0.00913214,0.22109693,-0.05684832,-0.01776445,0.00560640,-0.42610647,0.02582328,0.24438841,-0.05624709,-0.39213961,-0.90916581,-0.81508048,0.40278027,0.84692911,0.64342329,-0.40180859,-0.76027506,-0.45321591,0.38925258,0.65170192,0.24994210,-0.36547423,-0.52433991,-0.03946234,0.33115909,0.38186094,-0.17215514,-0.04230905,-0.02471683,-0.99879934,0.00336195,-0.03499864,0.00000000,0.14423388,0.00000000,0.00000000
10208580000000,synthetic_50hz_03,429,0.02,85.65195473,87.64438297,9.89933865,9.85501802,9.85051815,4.22420335,98.55302749,1,1,0,0,1,0.60829651,0.00000000,0.00000000,0.00314805,-0.06546181,-0.15568917,0.00673040,0.08499035,0.16869818,-0.01641481,-0.10206858,-0.17684354,0.02562597,0.11620412,0.17989042,-0.03409832,-0.12698945,-0.17775097,0.04158760,0.13411361,0.17048688,0.00685499,0.05057561,-0.40367811,0.00206010,0.20793254,-0.06345218,-0.01087464,0.01606851,-0.42439678,0.01932681,0.23695047,-0.05300392,-0.02716626,-0.00660429,-0.42426683,0.03416137,0.25260466,-0.06371747,-0.40397664,-0.84106882,-0.62665885,0.40185507,0.75196684,0.43454759,-0.38814783,-0.64118531,-0.22990812,0.36325010,0.51191811,0.01864028,-0.32787971,-0.36789207,0.19316496,0.28305639,0.21325953,-0.39940116,-0.04211204,-0.02478004,-0.99880609,0.00296097,-0.03499089,0.00000000,0.12721330,0.00000000,0.00000000
10208600000000,synthetic_50hz_03,430,0.02,85.16401607,87.14830959,9.87883404,9.85051815,9.85283645,4.23137330,98.51424261,1,1,0,0,1,0.60933169,0.00000000,0.00000000,-0.00737110,-0.08625571,-0.16953918,0.01704275,0.10317469,0.17736890,-0.02622306,-0.11711911,-0.18008499,0.03464734,0.12768692,0.17760914,-0.04207272,-0.13457346,-0.17001274,0.04828512,0.13758018,0.15751480,-0.00370818,0.02973869,-0.41753058,0.01241282,0.22616296,-0.05477203,-0.02071877,0.00096978,-0.42765443,0.02837888,0.24848264,-0.05526254,-0.03516554,-0.01423785,-0.41655725,0.04087748,0.25611997,-0.07665548,-0.40199249,-0.74669761,-0.42237412,0.38752378,0.63443289,0.21678125,-0.36188257,-0.50387717,-0.00493848,0.32580812,0.35879444,-0.20704667,-0.28034047,-0.20336750,0.41306256,0.22679047,0.04207738,-0.60716967,-0.04190482,-0.02483522,-0.99881344,0.00255904,-0.03497628,0.00000000,0.11212246,0.00000000,0.00000000
10208620000000,synthetic_50hz_03,431,0.02,84.80246645,86.67914096,9.86791505,9.85283645,9.85643897,4.23849602,98.48116050,1,1,0,0,1,0.61023849,0.00000000,0.00000000,-0.01738853,-0.10380388,-0.17770303,0.02655459,0.11764830,0.18024018,-0.03495508,-0.12810087,-0.17758093,0.04234779,0.13486023,0.16980194,-0.04851959,-0.13773151,-0.15712748,0.05329256,0.13663193,0.13992296,-0.01376977,0.01214766,-0.42569657,0.02196519,0.24068252,-0.05189163,-0.02948689,-0.01006011,-0.42516628,0.03611027,0.25570529,-0.06304737,-0.04163758,-0.01744547,-0.40370039,0.04590379,0.25522051,-0.09421347,-0.38738122,-0.63108258,-0.20975176,0.36132261,0.49975973,-0.00251133,-0.32484691,-0.35402857,0.21470202,0.27900571,0.19809060,-0.42070274,-0.22512065,-0.03644158,0.61457442,0.16474526,-0.12625806,-0.79072762,-0.04168875,-0.02488236,-0.99882130,0.00215627,-0.03495482,0.00000000,0.09876599,0.00000000,0.00000000
10208640000000,synthetic_50hz_03,432,0.02,84.31113910,86.20554059,9.86309510,9.85643897,9.86662293,4.24557940,98.45293648,1,1,0,0,1,0.61103335,0.00000000,0.00000000,-0.02665540,-0.11784831,-0.18037453,0.03505400,0.12827606,0.17766575,-0.04244198,-0.13500555,-0.16983480,0.04860634,0.13784277,0.15710742,-0.05336935,-0.13670591,-0.13985056,0.05659370,0.13162776,0.11856175,-0.02308095,-0.00193947,-0.42836991,0.03050532,0.25135611,-0.05445724,-0.03701011,-0.01701284,-0.41743576,0.04239999,0.25873713,-0.07571979,-0.04651276,-0.01646944,-0.38645162,0.04922409,0.25026519,-0.11554104,-0.36149939,-0.49912577,0.00447125,0.32488554,0.35309356,-0.21690618,-0.27890509,-0.19688151,0.42308760,0.22488367,0.03499327,-0.61707120,-0.16437875,0.12790384,0.79326436,0.09913472,-0.28711343,-0.94658733,-0.04146506,-0.02492144,-0.99882963,0.00175281,-0.03492651,0.00000000,0.08696140,0.00000000,0.00000000
10208660000000,synthetic_50hz_03,433,0.02,83.87479020,85.73939051,9.86457679,9.86662293,9.88060200,4.25263071,98.42886434,1,1,0,0,1,0.61173044,0.00000000,0.00000000,-0.03497038,-0.12824419,-0.17785316,0.04237828,0.13502932,0.17008470,-0.04856438,-0.13792149,-0.15741262,0.05335036,0.13683732,0.14020227,-0.05659822,-0.13180807,-0.11894981,0.05821432,0.12297873,0.09426798,-0.03144037,-0.01237789,-0.42585007,0.03787048,0.25815508,-0.06202978,-0.04316903,-0.01997676,-0.40502891,0.04717543,0.25778095,-0.09260311,-0.04976731,-0.01162118,-0.36557877,0.05086415,0.24166506,-0.13980141,-0.32580928,-0.35553243,0.21432348,0.27989459,0.19925149,-0.42086176,-0.22591041,-0.03722604,0.61526639,0.16541313,-0.12587265,-0.79193261,-0.10014691,0.28534238,0.94576704,0.03199341,-0.43658555,-1.07233456,-0.04123477,-0.02495245,-0.99883839,0.00134878,-0.03489135,0.00000000,0.07653998,0.00000000,0.00000000
10208680000000,synthetic_50hz_03,434,0.02,83.21048734,85.23360988,9.87130738,9.88060200,9.90689841,4.25965657,98.40835427,1,1,0,0,1,0.61234195,0.00000000,0.00000000,-0.04217483,-0.13494321,-0.17052154,0.04840822,0.13796851,0.15800015,-0.05324598,-0.13701611,-0.14092355,0.05654863,0.13211348,0.11978405,-0.05822095,-0.12340195,-0.09519113,0.05821474,0.11113269,0.06785380,-0.03868940,-0.01911930,-0.41851967,0.04394149,0.26113987,-0.07410612,-0.04788735,-0.01911928,-0.38855487,0.05040535,0.25310635,-0.11299978,-0.05141599,-0.00326465,-0.34184772,0.05088430,0.22986797,-0.16618242,-0.28183732,-0.20476712,0.41456847,0.22804436,0.04269786,-0.60966184,-0.16767678,0.12060239,0.78717837,0.10247500,-0.28042562,-0.94200019,-0.03431882,0.43216405,1.06966369,-0.03482679,-0.57144299,-1.16648830,-0.04099881,-0.02497538,-0.99884752,0.00094431,-0.03484935,0.00000000,0.06734710,0.00000000,0.00000000
10208700000000,synthetic_50hz_03,435,0.02,82.90170215,84.76722833,9.88625561,9.90689841,9.93015928,4.26666344,98.39091434,1,1,0,0,1,0.61287839,0.00000000,0.00000000,-0.04814889,-0.13798026,-0.15882793,0.05306355,0.13722934,0.14196284,-0.05644837,-0.13252204,-0.12100489,0.05820576,0.12399406,0.09655832,-0.05828504,-0.11189128,-0.06932792,0.05668395,0.09656262,0.04009877,-0.04470816,-0.02219857,-0.40682698,0.04863805,0.26044618,-0.09013553,-0.05112667,-0.01467302,-0.36865095,0.05209437,0.24503613,-0.13620424,-0.05150629,0.00819643,-0.31601190,0.04937350,0.21534690,-0.19390450,-0.23114251,-0.05102346,0.60067452,0.17101547,-0.11246967,-0.77936460,-0.10595798,0.27272025,0.93558524,0.03784566,-0.42510819,-1.06483252,0.03135776,0.56524005,1.16338018,-0.09965712,-0.68907578,-1.22838704,-0.04075796,-0.02499021,-0.99885700,0.00053954,-0.03480053,0.00000000,0.05924208,0.00000000,0.00000000
10208720000000,synthetic_50hz_03,436,0.02,82.60734965,84.33525260,9.90469515,9.93015928,9.95106501,4.27365707,98.37613501,1,1,0,0,1,0.61334879,0.00000000,0.00000000,-0.05280821,-0.13746259,-0.14327215,0.05629911,0.13301164,0.12255790,-0.05816688,-0.12472590,-0.09831024,0.05835768,0.11284426,0.07122826,-0.05686599,-0.09770926,-0.04209273,0.05373483,0.07975726,0.01174365,-0.04941233,-0.02172297,-0.39127181,0.05191502,0.25627383,-0.10953287,-0.05288232,-0.00692461,-0.34597074,0.05227842,0.23393548,-0.16151330,-0.05011371,0.02232885,-0.28880383,0.04644468,0.19859059,-0.22222691,-0.17529125,0.10179892,0.76878829,0.11045351,-0.26253001,-0.92675954,-0.04243134,0.41569225,1.05801189,-0.02681415,-0.55686988,-1.15876126,0.09528657,0.68199269,1.22610300,-0.16101184,-0.78745334,-1.25809563,-0.04051290,-0.02499695,-0.99886680,0.00013459,-0.03474488,0.00000000,0.05209769,0.00000000,0.00000000
10208740000000,synthetic_50hz_03,437,0.02,82.19611929,83.90742593,9.92417049,9.95106501,9.97515092,4.28064229,98.36367622,1,1,0,0,1,0.61376092,0.00000000,0.00000000,-0.05610130,-0.13356077,-0.12439370,0.05810170,0.12556998,0.10039373,-0.05842701,-0.11395895,-0.07349936,0.05706784,0.09906243,0.04448597,-0.05406338,-0.08130989,-0.01419003,0.04950024,0.06121316,-0.01651502,-0.05275040,-0.01786305,-0.37239366,0.05375918,0.24887740,-0.13168974,-0.05317979,0.00379469,-0.32117400,0.05102094,0.22020277,-0.18823488,-0.04733783,0.03867861,-0.26092800,0.04223065,0.18009558,-0.25045309,-0.11583596,0.25011422,0.91571296,0.04795117,-0.40414725,-1.04933156,0.02131607,0.54652853,1.15269745,-0.08996875,-0.67315314,-1.22283053,0.15602760,0.78037043,1.25770884,-0.21758810,-0.86508928,-1.25632681,-0.04026424,-0.02499559,-0.99887688,-0.00027041,-0.03468242,0.00000000,0.04579946,0.00000000,0.00000000
10208760000000,synthetic_50hz_03,438,0.02,82.19613447,83.56516764,9.94558227,9.97515092,9.98677716,4.28762331,98.35325674,1,1,0,0,1,0.61412145,0.00000000,0.00000000,-0.05800714,-0.12650070,-0.10276122,0.05848736,0.11520543,0.07609207,-0.05728136,-0.10058873,-0.04722915,0.05442391,0.08307200,0.01700459,-0.04999739,-0.06316028,0.01371022,0.04412943,0.04142761,-0.04402976,-0.05470134,-0.01084471,-0.35076118,0.05418658,0.23855794,-0.15598441,-0.05207168,0.01711736,-0.29491765,0.04840960,0.20426141,-0.21569582,-0.04329883,0.05677863,-0.23305436,0.03688069,0.16035917,-0.27793558,-0.05429602,0.39066876,1.03889019,-0.01496775,-0.53437920,-1.14523042,0.08379999,0.66268324,1.21855312,-0.15021623,-0.77188182,-1.25674437,0.21230168,0.85882668,1.25870309,-0.26826636,-0.92101117,-1.22437281,-0.04001250,-0.02498614,-0.99888723,-0.00067531,-0.03461316,0.00000000,0.04024483,0.00000000,0.00000000
10208780000000,synthetic_50hz_03,439,0.02,82.45706627,83.34354737,9.96288413,9.98677716,9.97914433,4.29460307,98.34464532,1,1,0,0,1,0.61443609,0.00000000,0.00000000,-0.05853315,-0.11655642,-0.07896280,0.05749886,0.10225800,0.05027883,-0.05480685,-0.08501145,-0.02014529,0.05053473,0.06531397,-0.01056905,-0.04480568,-0.04373346,0.04097868,0.03778485,0.02089209,-0.07020687,-0.05527258,-0.00094200,-0.32696245,0.05323999,0.22565549,-0.18179096,-0.04963491,0.03264716,-0.26784734,0.04455324,0.18655240,-0.24324930,-0.03813436,0.07615585,-0.20581225,0.03055723,0.13987282,-0.30408068,0.00785991,0.52055850,1.13638436,-0.07686336,-0.65068594,-1.21324347,0.14365080,0.76205380,1.25512420,-0.20629671,-0.85145130,-1.26081913,0.26299500,0.91630105,1.23016404,-0.31211102,-0.95473342,-1.16404276,-0.03975812,-0.02496859,-0.99889782,-0.00108000,-0.03453712,0.00000000,0.03534228,0.00000000,0.00000000
10208800000000,synthetic_50hz_03,440,0.02,82.86963246,83.24876439,9.96971341,9.97914433,9.95096495,4.30158266,98.33765358,1,1,0,0,1,0.61470974,0.00000000,0.00000000,-0.05771315,-0.10404311,-0.05359669,0.05520338,0.08709946,0.02357528,-0.05110206,-0.06764470,0.00712582,0.04552744,0.04623970,-0.03762147,-0.03864025,-0.02350160,0.06703249,0.03063905,0.00008593,-0.09451092,-0.05449794,0.01152991,-0.30159571,0.05098657,0.21054179,-0.20848812,-0.04596806,0.04996653,-0.24058950,0.03957901,0.16752711,-0.27028185,-0.03199644,0.09633812,-0.17978453,0.02343283,0.11911587,-0.32835295,0.06923080,0.63724565,1.20686746,-0.13639390,-0.75093784,-1.25276958,0.19962469,0.84298013,1.26255376,-0.25710021,-0.91071892,-1.23593794,0.30716342,0.95220126,1.17368944,-0.34837095,-0.96623118,-1.07760294,-0.03950151,-0.02494295,-0.99890863,-0.00148433,-0.03445431,0.00000000,0.03101031,0.00000000,0.00000000
10208820000000,synthetic_50hz_03,441,0.02,83.19526894,83.23806530,9.96183906,9.95096495,9.91027320,4.30856111,98.33213008,1,1,0,0,1,0.61494657,0.00000000,0.00000000,-0.05560539,-0.08931032,-0.02726220,0.05169010,0.07012619,-0.00341046,-0.04628456,-0.04892029,0.03398479,0.03954462,0.02630400,-0.06357932,-0.03166458,-0.00292935,0.09134083,0.02287164,-0.02052975,-0.11646894,-0.05243565,0.02622147,-0.27526029,0.04751552,0.19361323,-0.23546778,-0.04118870,0.06864364,-0.21374350,0.03362946,0.14764034,-0.29622011,-0.02504852,0.11686078,-0.15550201,0.01568711,0.09854944,-0.35027943,0.12849939,0.73857373,1.24960278,-0.19232927,-0.83342221,-1.26379214,0.25061421,0.90424274,1.24154578,-0.30167383,-0.94899354,-1.18350507,0.34403605,0.96638440,1.09134336,-0.37647955,-0.95591396,-0.96771771,-0.03924300,-0.02490924,-0.99891965,-0.00188819,-0.03436475,0.00000000,0.02717657,0.00000000,0.00000000
10208840000000,synthetic_50hz_03,442,0.02,83.40793454,83.27203915,9.94018140,9.91027320,9.86448432,4.31553591,98.32795572,1,1,0,0,1,0.61515014,0.00000000,0.00000000,-0.05229043,-0.07273502,-0.00055084,0.04706783,0.05175212,-0.03009174,-0.04048825,-0.02927718,0.05986676,0.03274137,0.00595817,-0.08791580,-0.02405055,0.01753262,0.11343018,0.01466634,-0.04051793,-0.13567432,-0.04916629,0.04275571,-0.24854770,0.04293565,0.17528373,-0.26214329,-0.03543072,0.08823955,-0.18787419,0.02685973,0.12734339,-0.32053728,-0.01746250,0.13727317,-0.13343823,0.00750375,0.07861055,-0.36945350,0.18444758,0.82278040,1.26442591,-0.24356374,-0.89684774,-1.24684967,0.29565785,0.94505855,1.19332617,-0.33922800,-0.96602288,-1.10539852,0.37301805,0.95913631,0.98560172,-0.39605382,-0.92459741,-0.83738956,-0.03898291,-0.02486745,-0.99893087,-0.00229143,-0.03426845,0.00000000,0.02377691,0.00000000,0.00000000
10208860000000,synthetic_50hz_03,443,0.02,83.12174224,83.24197976,9.90838863,9.86448432,9.83419212,4.32250370,98.32504001,1,1,0,0,1,0.61532343,0.00000000,0.00000000,-0.04786894,-0.05471464,0.02596244,0.04146244,0.03240159,-0.05591148,-0.03386056,-0.00915438,0.08424856,0.02528246,-0.01435675,-0.11015673,-0.01597546,0.03745396,0.13288902,0.00620787,-0.05947137,-0.15179006,-0.04479053,0.06073522,-0.22203288,0.03737281,0.15597763,-0.28795756,-0.02884156,0.10831525,-0.16350476,0.01943455,0.10707730,-0.34275918,-0.00941567,0.15714495,-0.11400469,-0.00093248,0.05970644,-0.38553817,0.23597093,0.88850723,1.25172169,-0.28912752,-0.94034569,-1.20300267,0.33394842,0.96507355,1.11960051,-0.36914144,-0.96197789,-1.00391975,0.39369194,0.93114796,0.85929552,-0.40689212,-0.87347259,-0.68989739,-0.03872150,-0.02481761,-0.99894227,-0.00269393,-0.03416544,0.00000000,0.02075449,0.00000000,0.00000000
10208880000000,synthetic_50hz_03,444,0.02,82.75692461,83.14496873,9.87722609,9.83419212,9.81990057,4.32946182,98.32331829,1,1,0,0,1,0.61546897,0.00000000,0.00000000,-0.04245932,-0.03565988,0.05172778,0.03501418,0.01250215,-0.08034986,-0.02655956,0.01101603,0.10665541,0.01733922,-0.03421662,-0.12988604,-0.00761898,0.05643072,0.14937199,-0.00232092,-0.07701789,-0.16455147,-0.03942675,0.07974926,-0.19626568,0.03096725,0.13612249,-0.31239077,-0.02157928,0.12843866,-0.14110999,0.01152526,0.08726619,-0.36246975,-0.00108772,0.17607214,-0.09754675,-0.00943877,0.04220927,-0.39826876,0.28209188,0.93480549,1.21239630,-0.32819697,-0.96346709,-1.13379586,0.36483998,0.96435149,1.02250755,-0.39096449,-0.93743318,-0.88173987,0.40581731,0.88348824,0.71555122,-0.40897023,-0.80407192,-0.52873290,-0.03845900,-0.02475973,-0.99895384,-0.00309556,-0.03405573,0.00000000,0.01805901,0.00000000,0.00000000
10208900000000,synthetic_50hz_03,445,0.02,82.94940717,83.10585642,9.85314937,9.81990057,9.79784539,4.33640897,98.32274971,1,1,0,0,1,0.61558884,0.00000000,0.00000000,-0.03619506,-0.01598750,0.07622864,0.02787485,-0.00752260,-0.10293163,-0.01875100,0.03081583,0.12666705,0.00908654,-0.05322062,-0.14675060,0.00083988,0.07409103,0.16260326,-0.01074209,-0.09282537,-0.17376800,-0.03320845,0.09938111,-0.17176267,0.02387079,0.11614190,-0.33496769,-0.01380963,0.14819155,-0.12111012,0.00330677,0.06831090,-0.37931586,0.00734238,0.19368292,-0.08434025,-0.01783716,0.02645117,-0.40745470,0.32197150,0.96113733,1.14784358,-0.36010309,-0.96617526,-1.04121527,0.38785275,0.94335791,0.90456824,-0.40442043,-0.89334312,-0.74184208,0.40932848,0.81757282,0.55772827,-0.40243539,-0.71823152,-0.35753490,-0.03819560,-0.02469383,-0.99896557,-0.00349619,-0.03393934,0.00000000,0.01564587,0.00000000,0.00000000
10208920000000,synthetic_50hz_03,446,0.02,82.98548856,83.08178285,9.82992170,9.79784539,9.77613365,4.34334421,98.32331586,1,1,0,0,1,0.61568472,0.00000000,0.00000000,-0.02922205,0.00388701,0.09898948,0.02020489,-0.02726010,-0.12323276,-0.01060520,0.04984728,0.14392318,0.00069977,-0.07099733,-0.16046423,0.00922584,0.09010050,0.17237902,-0.01888546,-0.10660603,-0.17932404,-0.02628150,0.11921527,-0.14899937,0.01624384,0.09644842,-0.35526426,-0.00570294,0.16717620,-0.10386547,-0.00504560,0.05058284,-0.39301131,0.01569931,0.20964286,-0.07458899,-0.02595748,0.01271992,-0.41298040,0.35491936,0.96737171,1.05990543,-0.38433800,-0.94883312,-0.92763998,0.40267599,0.90293923,0.76863023,-0.40940465,-0.83101319,-0.58746052,0.40432998,0.73512864,0.38935405,-0.38759829,-0.61804999,-0.18002232,-0.03793147,-0.02461994,-0.99897744,-0.00389568,-0.03381631,0.00000000,0.01347552,0.00000000,0.00000000
10208940000000,synthetic_50hz_03,447,0.02,82.21599102,82.90862448,9.80733072,9.77613365,9.78591802,4.35026682,98.32502014,1,1,0,0,1,0.61575796,0.00000000,0.00000000,-0.02169560,0.02355665,0.11958291,0.01217023,-0.04631575,-0.14088637,-0.00229399,0.06773955,0.15812800,-0.00764839,-0.08721038,-0.17081073,0.01737026,0.10416690,0.17856890,-0.02659134,-0.11812024,-0.18117885,-0.01880124,0.13884473,-0.12840316,0.00825236,0.07743665,-0.37291363,0.00256899,0.18502176,-0.08967183,-0.01335913,0.03441839,-0.40333993,0.02381447,0.22365975,-0.06842334,-0.03364004,0.00125515,-0.41480511,0.38040129,0.95377471,0.95082614,-0.40055905,-0.91218499,-0.79578859,0.40916850,0.84429655,0.61780809,-0.40598144,-0.75206665,-0.42201590,0.39108974,0.63815432,0.21405679,-0.36492274,-0.50584370,0.00007368,-0.03766677,-0.02453806,-0.99898947,-0.00429391,-0.03368664,0.00000000,0.01151279,0.00000000,0.00000000
10208960000000,synthetic_50hz_03,448,0.02,82.21221113,82.76934181,9.79833739,9.78591802,9.79241024,4.35717796,98.32788768,1,1,0,0,1,0.61580957,0.00000000,0.00000000,-0.01377745,0.04263001,0.13763611,0.00393927,-0.06431950,-0.15558778,0.00601249,0.08415462,0.16905378,-0.01579090,-0.10156353,-0.17764588,0.02511406,0.11604431,0.18111636,-0.03371316,-0.12717949,-0.17936518,-0.01092939,0.15787811,-0.11034688,0.00006471,0.05947663,-0.38761111,0.01083599,0.20139024,-0.07875692,-0.02146680,0.02011377,-0.41015748,0.03152875,0.23548767,-0.06589984,-0.04073826,-0.00775464,-0.41296159,0.39804478,0.92099384,0.82320087,-0.40859057,-0.85733272,-0.64866092,0.40735649,0.76895430,0.45541977,-0.39437814,-0.65840656,-0.24904866,0.37002968,0.52887666,0.03549736,-0.33501309,-0.38409900,0.17907735,-0.03740162,-0.02444824,-0.99900162,-0.00469075,-0.03355038,0.00000000,0.00972629,0.00000000,0.00000000
10208980000000,synthetic_50hz_03,449,0.02,81.69215265,82.55390398,9.79584798,9.79241024,9.81649537,4.36407937,98.33196590,1,1,0,0,1,0.61584025,0.00000000,0.00000000,-0.00563258,0.06073809,0.15283625,-0.00432041,-0.08093205,-0.16709855,0.01414883,0.09879271,0.17654333,-0.02356934,-0.11380512,-0.18089827,0.03231033,0.12553648,0.18003784,-0.04011980,-0.13364857,-0.17398683,-0.00283091,0.17594637,-0.09514336,-0.00815150,0.04290767,-0.39911825,0.01893267,0.21598184,-0.07127795,-0.02921017,0.00792064,-0.41339257,0.03869526,0.24493037,-0.06700206,-0.04712104,-0.01417424,-0.40755363,0.40764171,0.87003635,0.67991876,-0.40842278,-0.78570621,-0.48947534,0.39742884,0.67872380,0.28492012,-0.37497684,-0.55217346,-0.07215052,0.34171408,0.40970370,-0.14269921,-0.29859955,-0.25542200,0.35343486,-0.03713612,-0.02435050,-0.99901390,-0.00508607,-0.03340753,0.00000000,0.00808787,0.00000000,0.00000000
10209000000000,synthetic_50hz_03,450,0.02,81.70494396,82.38411198,9.80451989,9.81649537,9.83501580,4.37097389,98.33732573,1,1,0,0,1,0.61585043,0.00000000,0.00000000,0.00257396,0.07754067,0.16493496,-0.01244506,-0.09585051,-0.17524937,0.02195737,0.11139694,0.18051125,-0.03083663,-0.12373174,-0.18056892,0.03882686,0.13249930,0.17542069,-0.04569769,-0.13744684,-0.16521501,0.00532911,0.19270933,-0.08304096,-0.01623254,0.02803264,-0.40726574,0.02670136,0.22853969,-0.06732030,-0.03644219,-0.00195758,-0.41304619,0.04518179,0.25184374,-0.07164263,-0.05267479,-0.01792301,-0.39875245,0.40914830,0.80224155,0.52410134,-0.40020806,-0.69902853,-0.32160287,0.37972963,0.57566219,0.10983243,-0.34830342,-0.43569925,0.10510453,0.30683547,0.28317489,-0.31701128,-0.25652130,-0.12248647,0.51977844,-0.03687034,-0.02424487,-0.99902631,-0.00547974,-0.03325814,0.00000000,0.00657212,0.00000000,0.00000000
10209020000000,synthetic_50hz_03,451,0.02,81.42635904,82.19256139,9.81732817,9.83501580,9.86076901,4.37786439,98.34406344,1,1,0,0,1,0.61584025,0.00000000,0.00000000,0.01068020,0.09273224,0.17375165,-0.02027793,-0.10881337,-0.17994172,0.02929103,0.12175737,0.18094398,-0.03745967,-0.13119104,-0.17672955,0.04454832,0.13684241,0.16741992,-0.05035262,-0.13854855,-0.15328349,0.01338873,0.20786146,-0.07422027,-0.02402164,0.01511308,-0.41195507,0.03399499,0.23885384,-0.06689754,-0.04302973,-0.00936855,-0.40919009,0.05087300,0.25613743,-0.07966656,-0.05730533,-0.01897520,-0.38679182,0.40268228,0.71924749,0.35903708,-0.38425424,-0.59927606,-0.14849864,0.35474797,0.46202722,-0.06632109,-0.31501415,-0.31145793,0.27922874,0.26619833,0.15190916,-0.48408610,-0.20970789,0.01201923,0.67498704,-0.03660437,-0.02413139,-0.99903883,-0.00587164,-0.03310223,0.00000000,0.00515588,0.00000000,0.00000000
10209040000000,synthetic_50hz_03,452,0.02,81.28363865,82.01077684,9.83557332,9.86076901,9.88776329,4.38475387,98.35230327,1,1,0,0,1,0.61580957,0.00000000,0.00000000,0.01853037,0.10604719,0.17917557,-0.02767209,-0.11960473,-0.18114831,0.03601601,0.12971402,0.17789846,-0.04332158,-0.13608358,-0.16951971,0.04937816,0.13852979,0.15625363,-0.05401115,-0.13698213,-0.13848269,0.02119217,0.22113716,-0.06879204,-0.03137190,0.00436485,-0.41315895,0.04067977,0.24676433,-0.06995274,-0.04885593,-0.01421283,-0.40196382,0.05567235,0.25777542,-0.09085573,-0.06093919,-0.01735923,-0.37196215,0.38851698,0.62295220,0.18811309,-0.36101522,-0.48863410,0.02636776,0.32310521,0.34022846,-0.24008842,-0.27587994,-0.18201386,0.44688723,0.22070091,0.01855173,-0.64080206,-0.15915898,0.14544527,0.81624227,-0.03633822,-0.02401008,-0.99905146,-0.00626163,-0.03293983,0.00000000,0.00381786,0.00000000,0.00000000
10209060000000,synthetic_50hz_03,453,0.02,81.01402835,81.81142714,9.85749311,9.88776329,9.92119850,4.39164530,98.36220084,1,1,0,0,1,0.61575796,0.00000000,0.00000000,0.02597790,0.11726433,0.18116656,-0.03449325,-0.12805769,-0.17891210,0.04201414,0.13515908,0.17149953,-0.04832375,-0.13836377,-0.15914254,0.05324016,0.13757937,0.14219740,-0.05662163,-0.13282849,-0.12115265,0.02859288,0.23231523,-0.06679644,-0.03814901,-0.00404511,-0.41092034,0.04663751,0.25216334,-0.07636104,-0.05382218,-0.01644483,-0.39157050,0.05950361,0.25677563,-0.10493456,-0.06352473,-0.01315605,-0.35460350,0.36707268,0.51547029,0.01474527,-0.33107880,-0.36944875,0.19958216,0.28553977,0.21277584,-0.40815555,-0.23176850,-0.04996850,0.60496161,0.17131523,-0.11427945,-0.78432636,-0.10592287,0.27523267,0.94107861,-0.03607194,-0.02388101,-0.99906419,-0.00664960,-0.03277098,0.00000000,0.00253823,0.00000000,0.00000000
10209080000000,synthetic_50hz_03,454,0.02,80.86870072,81.62288186,9.88424937,9.92119850,9.95570258,4.39854168,98.37394747,1,1,0,0,1,0.61568472,0.00000000,0.00000000,0.03288821,0.12621047,0.17975444,-0.04062218,-0.13405671,-0.17334403,0.04718500,0.13803803,0.16193604,-0.05238745,-0.13803965,-0.14585935,0.05607954,0.13406153,0.12557747,-0.05815484,-0.12621834,-0.10167513,0.03545627,0.24122250,-0.06820365,-0.04423375,-0.01000130,-0.40535017,0.05176779,0.25499636,-0.08593360,-0.05784975,-0.01607260,-0.37827144,0.06231201,0.25320846,-0.12157683,-0.06503274,-0.00649633,-0.33509763,0.33890499,0.39908530,-0.15769219,-0.29515201,-0.24417570,0.36785446,0.24288966,0.08222640,-0.56741131,-0.18362468,0.08209352,0.75060944,0.11906572,-0.24404665,-0.91216714,-0.05107405,0.39896379,1.04742664,-0.03580551,-0.02374419,-0.99907702,-0.00703541,-0.03259570,0.00000000,0.00129821,0.00000000,0.00000000
10209100000000,synthetic_50hz_03,455,0.02,80.88160975,81.47462744,9.91425972,9.95570258,9.98570544,4.40544591,98.38777558,1,1,0,0,1,0.61558884,0.00000000,0.00000000,0.03914128,0.13276310,0.17503704,-0.04595694,-0.13753909,-0.16461936,0.05144764,0.13834975,0.14945563,-0.05545508,-0.13517173,-0.12998303,0.05786373,0.12809665,0.10676295,-0.05860414,-0.11732848,-0.08046484,0.04166231,0.24773645,-0.07291582,-0.04952418,-0.01344100,-0.39662372,0.05598969,0.25526227,-0.09842277,-0.06088104,-0.01315664,-0.36237955,0.06406498,0.24719428,-0.14041341,-0.06545658,0.00244310,-0.31385923,0.30469070,0.27619890,-0.32593622,-0.25404399,-0.11532693,0.52808477,0.19607307,-0.04886997,-0.71500840,-0.13244927,0.21165793,0.88131799,0.06500689,-0.36834369,-1.02221878,0.00430966,0.51440993,1.13364853,-0.03553893,-0.02359968,-0.99908996,-0.00741894,-0.03241404,0.00000000,0.00007974,0.00000000,0.00000000
10209120000000,synthetic_50hz_03,456,0.02,80.97220816,81.37414358,9.94426692,9.98570544,10.00983614,4.41236036,98.40396533,1,1,0,0,1,0.61546897,0.00000000,0.00000000,0.04463391,0.13685205,0.16717685,-0.05041468,-0.13849523,-0.15297278,0.05474197,0.13614553,0.13435843,-0.05749103,-0.12987068,-0.11187046,0.05858259,0.11985161,0.08615722,-0.05798519,-0.10637716,-0.05796002,0.04710782,0.25178690,-0.08077048,-0.05393746,-0.01435462,-0.38497565,0.05924311,0.25301234,-0.11352844,-0.06288043,-0.00780763,-0.34425171,0.06475239,0.23889998,-0.16104092,-0.06481190,0.01344401,-0.29132656,0.26521110,0.14927758,-0.48690226,-0.20864694,0.01458375,0.67742582,0.14606739,-0.17802463,-0.84841888,-0.07927664,0.33633297,0.99495164,0.01020031,-0.48494468,-1.11279947,0.05917009,0.61957521,1.19856477,-0.03527214,-0.02344753,-0.99910298,-0.00780007,-0.03222602,0.00000000,-0.00113487,0.00000000,0.00000000
10209140000000,synthetic_50hz_03,457,0.02,81.28827497,81.35696986,9.97180600,10.00983614,10.02141497,4.41928665,98.42285266,1,1,0,0,1,0.61532343,0.00000000,0.00000000,0.04928168,0.13846002,0.15639628,-0.05393313,-0.13696792,-0.13869218,0.05702966,0.13152698,0.11698951,-0.05848200,-0.12229405,-0.09191399,0.05824828,0.10953532,0.06418853,-0.05633523,-0.09361864,-0.03461250,0.05170838,0.25335658,-0.09154521,-0.05741131,-0.01278496,-0.37069387,0.06148970,0.24834822,-0.13090552,-0.06383464,-0.00018311,-0.32428025,0.06438638,0.22853445,-0.18303111,-0.06313595,0.02625212,-0.26795144,0.22133315,0.02079791,-0.63774797,-0.15991523,0.14309534,0.81334019,0.09388689,-0.30286308,-0.96548344,-0.02515174,0.45389914,1.08979135,-0.04430855,-0.59184907,-1.18268007,0.11249139,0.71273572,1.24147157,-0.03500508,-0.02328778,-0.99911610,-0.00817867,-0.03203169,0.00000000,-0.00236331,0.00000000,0.00000000
10209160000000,synthetic_50hz_03,458,0.02,81.35009237,81.35559436,9.99264176,10.02141497,10.03337049,4.42622529,98.44483914,1,1,0,0,1,0.61515014,0.00000000,0.00000000,0.05302047,0.13762212,0.14297176,-0.05647159,-0.13305050,-0.12211143,0.05829460,0.12464297,0.09773056,-0.05843695,-0.11264192,-0.07053208,0.05689454,0.09739335,0.04130012,-0.05371183,-0.07933689,-0.01087746,0.05539986,0.25248058,-0.10496360,-0.05990503,-0.00882534,-0.35411225,0.06271338,0.24141875,-0.15017233,-0.06375263,0.00951682,-0.30288366,0.06300072,0.21634330,-0.20594075,-0.06048630,0.04058346,-0.24418906,0.17398874,-0.10680854,-0.77593219,-0.10884317,0.26785330,0.93365135,0.04055960,-0.42117572,-1.06445290,0.02889332,0.56235545,1.16456578,-0.09751324,-0.68732220,-1.23110369,0.16332180,0.79247314,1.26214830,-0.03473766,-0.02312049,-0.99912931,-0.00855462,-0.03183107,0.00000000,-0.00362361,0.00000000,0.00000000
10209180000000,synthetic_50hz_03,459,0.02,81.12132612,81.30874071,10.00974783,10.03337049,10.05748243,4.43317619,98.47040363,1,1,0,0,1,0.61494657,0.00000000,0.00000000,0.05580760,0.13442414,0.12722654,-0.05801151,-0.12688385,-0.10360200,0.05854293,0.11568543,0.07699056,-0.05738653,-0.10115175,-0.04815945,0.05457564,0.08370182,0.01793988,-0.05019132,-0.06383872,0.01279691,0.05813958,0.24924470,-0.12070237,-0.06140009,-0.00261665,-0.33560226,0.06292028,0.23241588,-0.17091988,-0.06266503,0.02105471,-0.28049663,0.06064966,0.20260261,-0.22932195,-0.05693927,0.05613123,-0.22048761,0.12415256,-0.23120963,-0.89926768,-0.05644179,0.38666127,1.03658714,-0.01289623,-0.53096527,-1.14402131,0.08186245,0.65996130,1.21847282,-0.14846853,-0.76993034,-1.25779518,0.21079420,0.85770193,1.26085472,-0.03446974,-0.02294571,-0.99914261,-0.00892780,-0.03162422,0.00000000,-0.00493454,0.00000000,0.00000000
10209200000000,synthetic_50hz_03,460,0.02,81.15253944,81.27750046,10.02979636,10.05748243,10.08232564,4.44013969,98.50011648,1,1,0,0,1,0.61470974,0.00000000,0.00000000,0.05762247,0.12899986,0.10952252,-0.05855662,-0.11865248,-0.08356382,0.05780255,0.10488429,0.05519594,-0.05538201,-0.08809225,-0.02523673,0.05136477,0.06876046,-0.00545006,-0.04586667,-0.04744627,0.03597973,0.05990697,0.24378272,-0.13839964,-0.06190020,0.00565659,-0.31556384,0.06213830,0.22156954,-0.19272175,-0.06062314,0.03416184,-0.25755981,0.05740640,0.18761214,-0.25273256,-0.05258785,0.07257328,-0.19727796,0.07281887,-0.35022525,-1.00596657,-0.00371519,0.49752961,1.12081491,-0.06549559,-0.63048997,-1.20334964,0.13281811,0.74527300,1.25119124,-0.19631142,-0.83856946,-1.26296041,0.25414498,0.90768958,1.23831784,-0.03420118,-0.02276349,-0.99915600,-0.00929809,-0.03141117,0.00000000,-0.00631596,0.00000000,0.00000000
10209220000000,synthetic_50hz_03,461,0.02,81.42482203,81.30696477,10.05185866,10.08232564,10.09957139,4.44711630,98.53465632,1,1,0,0,1,0.61443609,0.00000000,0.00000000,0.05846678,0.12152718,0.09025116,-0.05813246,-0.10857954,-0.06241543,0.05612216,0.09250150,0.03278023,-0.05249382,-0.07375660,-0.00219996,0.04735207,0.05288526,-0.02844374,-0.04084513,-0.03048922,0.05826739,0.06070370,0.23627254,-0.15766395,-0.06143092,0.01577123,-0.29441550,0.06041614,0.20914167,-0.21514441,-0.05769738,0.04854504,-0.23450923,0.05336106,0.17168789,-0.27574663,-0.04753928,0.08957993,-0.17496373,0.02097758,-0.46187699,-1.09467744,0.04836319,0.59871988,1.18546722,-0.11630963,-0.71830140,-1.24207942,0.18090281,0.81717396,1.26288189,-0.24028048,-0.89248701,-1.24727489,0.29273075,0.94206924,1.19570838,-0.03393176,-0.02257390,-0.99916948,-0.00966536,-0.03119197,0.00000000,-0.00778925,0.00000000,0.00000000
10209240000000,synthetic_50hz_03,462,0.02,81.41382485,81.32833679,10.07189801,10.09957139,10.12259983,4.45410617,98.57483016,1,1,0,0,1,0.61412145,0.00000000,0.00000000,0.05836421,0.11222334,0.06982362,-0.05678560,-0.09692096,-0.04058355,0.05356983,0.07882430,0.01017344,-0.04880962,-0.05845510,0.02052997,0.04264221,0.03640061,-0.05064149,-0.03524540,-0.01329667,0.07929300,0.06055346,0.22693140,-0.17808413,-0.06003881,0.02747136,-0.27258399,0.05782188,0.19541952,-0.23775783,-0.05397541,0.06389400,-0.21176580,0.04861834,0.15515421,-0.29796449,-0.04191226,0.10682208,-0.15391181,-0.03040959,-0.56443373,-1.16451306,0.09887384,0.68878399,1.23015750,-0.16448752,-0.79327628,-1.26033592,0.22535894,0.87489806,1.25417827,-0.27973316,-0.93129611,-1.21186208,0.32604255,0.96084446,1.13460734,-0.03366125,-0.02237700,-0.99918304,-0.01002950,-0.03096665,0.00000000,-0.00937781,0.00000000,0.00000000
10209260000000,synthetic_50hz_03,463,0.02,81.52891042,81.36845152,10.09319277,10.12259983,10.14670790,4.46110961,98.62159706,1,1,0,0,1,0.61376092,0.00000000,0.00000000,0.05735962,0.10133914,0.04866042,-0.05458221,-0.08395879,-0.01849256,0.05023117,0.06415788,-0.01220846,-0.04443194,-0.04250727,0.04255750,0.03735171,0.01963115,-0.07167959,-0.02919462,0.00381095,0.09873512,0.05950113,0.21601010,-0.19923966,-0.05779004,0.04047489,-0.25049366,0.05444112,0.18070828,-0.26014607,-0.04955975,0.07988920,-0.18972505,0.04329476,0.13833578,-0.31902241,-0.03583395,0.12397929,-0.13444365,-0.08043265,-0.65645216,-1.21506794,0.14697334,0.76659734,1.25498515,-0.20927673,-0.85464116,-1.25872055,0.26554656,0.91804528,1.22616646,-0.31416057,-0.95498172,-1.15826141,0.35371718,0.96438559,1.05696315,-0.03338936,-0.02217284,-0.99919671,-0.01039040,-0.03073526,0.00000000,-0.01110752,0.00000000,0.00000000
10209280000000,synthetic_50hz_03,464,0.02,81.66588415,81.42793804,10.11566912,10.14670790,10.17227842,4.46812700,98.67609612,1,1,0,0,1,0.61334879,0.00000000,0.00000000,0.05551780,0.08915242,0.02718084,-0.05160632,-0.06999400,0.00344625,0.04620700,0.04881763,-0.03397399,-0.03947552,-0.02623382,0.06352224,0.03160594,0.00289368,-0.09123911,-0.02282514,0.02052989,0.11632552,0.05761147,0.20378649,-0.22071127,-0.05476865,0.05448089,-0.22855583,0.05037470,0.16532334,-0.28191762,-0.04456517,0.09620992,-0.16874740,0.03751567,0.12154939,-0.33860148,-0.02943667,0.14074782,-0.11682746,-0.12825587,-0.73681108,-1.24642534,0.19191508,0.83138489,1.26052978,-0.25004130,-0.90198948,-1.23829256,0.30095870,0.94658930,1.18035479,-0.34319933,-0.96389850,-1.08838683,0.37554535,0.95341806,0.96504018,-0.03311572,-0.02196151,-0.99921047,-0.01074792,-0.03049784,0.00000000,-0.01300732,0.00000000,0.00000000
10209300000000,synthetic_50hz_03,465,0.02,82.05991931,81.55433430,10.13944503,10.17227842,10.19091143,4.47515884,98.73967920,1,1,0,0,1,0.61287839,0.00000000,0.00000000,0.05292172,0.07596090,0.00579224,-0.04795758,-0.05533868,0.02484499,0.04161080,0.03312102,-0.05476593,-0.03406436,-0.00994847,0.08310794,0.02553583,-0.01351091,-0.10905391,-0.01627109,0.03658075,0.13185581,0.05496748,0.19055829,-0.24209161,-0.05107429,0.06917723,-0.20715837,0.04573608,0.14958219,-0.30271529,-0.03911564,0.11254245,-0.14914907,0.03141201,0.10509594,-0.35643554,-0.02285456,0.15684826,-0.10127166,-0.17313870,-0.80473859,-1.25915318,0.23306783,0.88273943,1.24783456,-0.28627751,-0.93529049,-1.20054027,0.33123368,0.96087668,1.11863386,-0.36664023,-0.95876035,-1.00447671,0.39147637,0.92900251,0.86136002,-0.03283993,-0.02174305,-0.99922434,-0.01110197,-0.03025445,0.00000000,-0.01510988,0.00000000,0.00000000
10209320000000,synthetic_50hz_03,466,0.02,81.94820906,81.63310925,10.16106091,10.19091143,10.22515605,4.48220523,98.81394888,1,1,0,0,1,0.61234195,0.00000000,0.00000000,0.04967042,0.06207457,-0.01512035,-0.04374872,-0.04030812,0.04534913,0.03656572,0.01737956,-0.07427047,-0.02832852,0.00605006,0.10105056,0.01927459,-0.02930525,-0.12491731,-0.00966496,0.05171556,0.14518264,0.05166819,0.17663548,-0.26299563,-0.04681969,0.08424865,-0.18665583,0.04064843,0.13379631,-0.32222525,-0.03334124,0.12858807,-0.13119413,0.02511700,0.08925278,-0.37231792,-0.01622013,0.17203263,-0.08791957,-0.21445451,-0.85983135,-1.25428896,0.26993168,0.92063155,1.21837902,-0.31762660,-0.95488951,-1.14734264,0.35616419,0.96161756,1.04322784,-0.38443340,-0.94062173,-0.90903630,0.40161922,0.89250734,0.74863682,-0.03256149,-0.02151756,-0.99923833,-0.01145242,-0.03000513,0.00000000,-0.01745230,0.00000000,0.00000000
10209340000000,synthetic_50hz_03,467,0.02,81.95199909,81.69688722,10.18798087,10.22515605,10.26978580,4.48926696,98.90080205,1,1,0,0,1,0.61173044,0.00000000,0.00000000,0.04587650,0.04780783,-0.03520394,-0.03910270,-0.02521279,0.06464644,0.03120155,0.00189085,-0.09222515,-0.02240084,0.02148560,0.11714497,0.01295431,-0.04424261,-0.13868745,-0.00313430,0.06572409,0.15623150,0.04782620,0.16233247,-0.28307034,-0.04212781,0.09938466,-0.16736042,0.03524152,0.11826332,-0.34018505,-0.02737481,0.14407060,-0.11508770,0.01876273,0.07426666,-0.38610675,-0.00966091,0.18609072,-0.07684572,-0.25170662,-0.90206514,-1.23331389,0.30215085,0.94541068,1.17404203,-0.34388392,-0.96149958,-1.08092199,0.37570266,0.94986800,0.95663846,-0.39668972,-0.91085129,-0.80477461,0.40624003,0.84557431,0.62970872,-0.03227981,-0.02128509,-0.99925244,-0.01179915,-0.02974993,0.00000000,-0.02007696,0.00000000,0.00000000
10209360000000,synthetic_50hz_03,468,0.02,81.89673255,81.73685628,10.22233894,10.26978580,10.32765841,4.49634560,99.00247938,1,1,0,0,1,0.61103335,0.00000000,0.00000000,0.04166336,0.03347172,-0.05414646,-0.03414968,-0.01035067,0.08247490,0.02565146,-0.01306880,-0.10842555,-0.01641368,0.03611149,0.13125024,0.00670270,-0.05811306,-0.15029093,0.00320153,0.07843921,0.16499865,0.04356493,0.14796030,-0.30200368,-0.03712882,0.11428729,-0.14953417,0.02964854,0.10325954,-0.35639025,-0.02134871,0.15874337,-0.10097070,0.01247690,0.06034751,-0.39772864,-0.00329627,0.19885537,-0.06805384,-0.28454084,-0.93179621,-1.19811707,0.32952275,0.95779721,1.11705595,-0.36500438,-0.95618447,-1.00378958,0.38996276,0.92700449,0.86158349,-0.40367833,-0.87109853,-0.69453754,0.40575566,0.79007840,0.50746776,-0.03199420,-0.02104572,-0.99926668,-0.01214207,-0.02948890,0.00000000,-0.02303243,0.00000000,0.00000000
10209380000000,synthetic_50hz_03,469,0.02,81.67301418,81.72408786,10.26657312,10.32765841,10.40568791,4.50344367,99.12162030,1,1,0,0,1,0.61023849,0.00000000,0.00000000,0.03716233,0.01936654,-0.07168423,-0.02902400,0.00399987,0.09862897,0.02004888,-0.02725097,-0.12273019,-0.01049575,0.04971640,0.14329305,0.00064002,-0.07074849,-0.15972470,0.00923416,0.08974086,0.17155141,0.03901568,0.13381928,-0.31953197,-0.03195704,0.12867815,-0.13338261,0.02400292,0.08903337,-0.37069940,-0.01539165,0.17239507,-0.08891647,0.00637978,0.04766344,-0.40718054,0.00276542,0.21020655,-0.06147662,-0.31275396,-0.94975298,-1.15095071,0.35200297,0.95886553,1.04995367,-0.38110356,-0.94033354,-0.91868598,0.39921677,0.89469130,0.76093213,-0.40582036,-0.82325469,-0.58124027,0.40072397,0.72808326,0.38479097,-0.03170386,-0.02079954,-0.99928108,-0.01248105,-0.02922209,0.00000000,-0.02637455,0.00000000,0.00000000
10209400000000,synthetic_50hz_03,470,0.02,81.66856232,81.71298275,10.32500133,10.40568791,10.49520134,4.51056503,99.26132280,1,1,0,0,1,0.60933169,0.00000000,0.00000000,0.03250969,0.00577522,-0.08760760,-0.02386108,0.01758616,0.11296394,0.01452455,-0.04044053,-0.13506348,-0.00476927,0.06212898,0.15326908,-0.00512352,-0.08202622,-0.16705585,0.01486858,0.09955860,0.17602633,0.03431475,0.12019233,-0.33544556,-0.02674793,0.14230459,-0.11905046,0.01843540,0.07579996,-0.38303688,-0.00962584,0.18485434,-0.07892931,0.00058158,0.03633713,-0.41452953,0.00842915,0.22007380,-0.05697751,-0.33629760,-0.95701797,-1.09437805,0.36970538,0.95001829,0.97551060,-0.39245438,-0.91562914,-0.82851873,0.40388874,0.85484198,0.65764027,-0.40367880,-0.76940932,-0.46780174,0.39183060,0.66179423,0.26447627,-0.03140784,-0.02054662,-0.99929565,-0.01281599,-0.02894955,0.00000000,-0.03016766,0.00000000,0.00000000
10209420000000,synthetic_50hz_03,471,0.02,82.13811622,81.79800945,10.39648533,10.49520134,10.58014862,4.51771451,99.42520625,1,1,0,0,1,0.60829651,0.00000000,0.00000000,0.02784385,-0.00704207,-0.10176438,-0.01879480,0.03018591,0.12539793,0.00920389,-0.05245947,-0.14541620,0.00065237,0.07322060,0.16124205,-0.01048983,-0.09187075,-0.17241922,0.02002486,0.10787222,0.17862546,0.02960056,0.10733962,-0.34959226,-0.02163534,0.15494429,-0.10661960,0.01307140,0.06373730,-0.39339349,-0.00416469,0.19599254,-0.07094551,-0.00481961,0.02644407,-0.41991045,0.01361498,0.22843691,-0.05435446,-0.35527659,-0.95499996,-1.03121622,0.38289731,0.93295251,0.89668434,-0.39947892,-0.88400760,-0.73630063,0.40454336,0.80957634,0.55468903,-0.39794464,-0.71180462,-0.35708549,0.37987298,0.59351124,0.14918701,-0.03110504,-0.02028704,-0.99931042,-0.01314677,-0.02867134,0.00000000,-0.03448595,0.00000000,0.00000000
10209440000000,synthetic_50hz_03,472,0.02,82.28786779,81.89598112,10.47362391,10.58014862,10.67842592,4.52489676,99.61747398,1,1,0,0,1,0.60711389,0.00000000,0.00000000,0.02330295,-0.01885160,-0.11406031,-0.01395518,0.04160990,0.13591096,0.00420509,-0.06316858,-0.15384323,0.00566624,0.08290608,0.16734013,-0.01537422,-0.10025335,-0.17601254,0.02463894,0.11471027,0.17961042,0.02501123,0.09549489,-0.36187781,-0.01674930,0.16640807,-0.09611001,0.00802910,0.05298463,-0.40182410,0.00088887,0.20572449,-0.06483690,-0.00973910,0.01801302,-0.42352102,0.01825887,0.23532442,-0.05334585,-0.36994115,-0.94539640,-0.96447651,0.39198877,0.90961811,0.81655523,-0.40273517,-0.84761512,-0.64509228,0.40187052,0.76117498,0.45503102,-0.38941976,-0.65278981,-0.25185100,0.36574185,0.52558441,0.04141000,-0.03079416,-0.02002088,-0.99932540,-0.01347330,-0.02838750,0.00000000,-0.03941495,0.00000000,0.00000000
10209460000000,synthetic_50hz_03,473,0.02,82.48182119,82.01314913,10.55964076,10.67842592,10.79103477,4.53211672,99.84297079,1,1,0,0,1,0.60576176,0.00000000,0.00000000,0.01902286,-0.02944733,-0.12445602,-0.00946687,0.05170220,0.14454057,-0.00036205,-0.07246648,-0.16045795,0.01018054,0.09114151,0.17174925,-0.01970551,-0.10718890,-0.17808894,0.02866237,0.12014597,0.17929425,0.02068265,0.08486418,-0.37226283,-0.01221445,0.17653996,-0.08748414,0.00341832,0.04364332,-0.40844209,0.00544304,0.21400629,-0.06041756,-0.01410571,0.01102908,-0.42561440,0.02231234,0.24080956,-0.05363865,-0.38067208,-0.93014614,-0.89730499,0.39751550,0.88216970,0.73827145,-0.40289836,-0.80875991,-0.55795320,0.39666547,0.71203319,0.36154891,-0.37899653,-0.59477822,-0.15472099,0.35040095,0.46037552,-0.05656761,-0.03047372,-0.01974824,-0.99934064,-0.01379546,-0.02809811,0.00000000,-0.04505325,0.00000000,0.00000000
10209480000000,synthetic_50hz_03,474,0.02,82.96220497,82.20296030,10.65682624,10.79103477,10.90995345,4.53937984,100.10722761,1,1,0,0,1,0.60421459,0.00000000,0.00000000,0.01513612,-0.03864918,-0.13295965,-0.00544857,0.06033702,0.15137326,-0.00439606,-0.08028532,-0.16542271,0.01411395,0.09791896,0.17470294,-0.02342494,-0.11272955,-0.17894641,0.03206056,0.12429009,0.17803077,0.01674736,0.07562756,-0.38075548,-0.00814952,0.18521420,-0.08065550,-0.00065948,0.03578121,-0.41340982,0.00941651,0.22082999,-0.05745394,-0.01786066,0.00544012,-0.42648856,0.02574082,0.24500309,-0.05487901,-0.38795754,-0.91137210,-0.83292621,0.40011463,0.85291194,0.66500232,-0.40073623,-0.76986192,-0.47790610,0.38980442,0.66461643,0.27703162,-0.36763436,-0.54020974,-0.06817020,0.33486524,0.40022855,-0.14265661,-0.03014196,-0.01946920,-0.99935617,-0.01411315,-0.02780320,0.00000000,-0.05151431,0.00000000,0.00000000
10209500000000,synthetic_50hz_03,475,0.02,82.68623995,82.29961623,10.76313967,10.90995345,11.06854069,4.54669176,100.41648239,1,1,0,0,1,0.60244289,0.00000000,0.00000000,0.01177183,-0.04629743,-0.13961409,-0.00201378,0.06741163,0.15653074,-0.00780234,-0.08658233,-0.16893453,0.01739350,0.10325682,0.17646787,-0.02648321,-0.11695436,-0.17891355,0.03480939,0.12728006,0.17620108,0.01333446,0.06794477,-0.38739863,-0.00466798,0.19232803,-0.07550238,-0.00410968,0.02944109,-0.41692430,0.01273630,0.22621399,-0.05567939,-0.02095468,0.00116705,-0.42647209,0.02852018,0.24804245,-0.05668587,-0.39235992,-0.89131232,-0.77459198,0.40049174,0.82423789,0.59990277,-0.39707720,-0.73340030,-0.40791809,0.38221474,0.62141843,0.20417293,-0.35633285,-0.49152078,0.00545862,0.32017772,0.34745236,-0.21493280,-0.02979687,-0.01918385,-0.99937203,-0.01442626,-0.02750285,0.00000000,-0.05892842,0.00000000,0.00000000
10209520000000,synthetic_50hz_03,476,0.02,82.40971496,82.32163597,10.89140810,11.06854069,11.26458826,4.55405985,100.77766262,1,1,0,0,1,0.60041269,0.00000000,0.00000000,0.00905677,-0.05224243,-0.14447755,0.00072705,0.07283425,0.16014978,-0.01048992,-0.09132622,-0.17120482,0.01995036,0.10718522,0.17732395,-0.02883562,-0.11995401,-0.17833074,0.03688953,0.12926448,0.17419618,0.01057073,0.06196543,-0.39225051,-0.00188031,0.19778968,-0.07188799,-0.00684133,0.02465423,-0.41919695,0.01533357,0.23018843,-0.05481399,-0.02334304,-0.00188078,-0.42590538,0.03063110,0.25007623,-0.05866821,-0.39447022,-0.87223580,-0.72553469,0.39937695,0.79855782,0.54609016,-0.39276945,-0.70185704,-0.35090160,0.37483823,0.58492140,0.14559638,-0.34610024,-0.45112220,0.06390646,0.30738403,0.30431694,-0.27156684,-0.02943611,-0.01889229,-0.99938827,-0.01473471,-0.02719711,0.00000000,-0.06744470,0.00000000,0.00000000
10209540000000,synthetic_50hz_03,477,0.02,82.58438294,82.37418537,11.04814376,11.26458826,11.47859925,4.56149375,101.19830998,1,1,0,0,1,0.59808495,0.00000000,0.00000000,0.00711776,-0.05632900,-0.14759596,0.00266268,0.07650612,0.16235402,-0.01236635,-0.09447752,-0.17243134,0.02171349,0.10972509,0.17753738,-0.03043462,-0.12180924,-0.17752494,0.03827830,0.13038157,0.17239437,0.00858298,0.05784476,-0.39535704,0.00010226,0.20150039,-0.06968872,-0.00876197,0.02146013,-0.42042551,0.01713730,0.23277422,-0.05459154,-0.02497821,-0.00378411,-0.42511539,0.03205089,0.25124266,-0.06044773,-0.39484631,-0.85633569,-0.68892011,0.39746646,0.77821166,0.50662990,-0.38862747,-0.67765142,-0.30973330,0.36858417,0.55755418,0.10390696,-0.33791442,-0.42138239,0.10491508,0.29750244,0.27306195,-0.31071236,-0.02905699,-0.01859460,-0.99940493,-0.01503838,-0.02688603,0.00000000,-0.07723317,0.00000000,0.00000000
10209560000000,synthetic_50hz_03,478,0.02,82.98388287,82.49612487,11.22893507,11.47859925,11.70262943,4.56900440,101.68642426,1,1,0,0,1,0.59541495,0.00000000,0.00000000,0.00608494,-0.05837484,-0.14896518,0.00367576,0.07829683,0.16321538,-0.01333050,-0.09596149,-0.17276001,0.02260090,0.11085953,0.17732389,-0.03121971,-0.12256144,-0.17677544,0.03893845,0.13072985,0.17113047,0.00750138,0.05576505,-0.39671407,0.00116238,0.20332975,-0.06883264,-0.00977047,0.01993351,-0.42075592,0.01806549,0.23395445,-0.05479631,-0.02579969,-0.00458433,-0.42438141,0.03274229,0.25164023,-0.06168962,-0.39392942,-0.84558608,-0.66778593,0.39534374,0.76535219,0.48451853,-0.38536012,-0.66305284,-0.28728224,0.36426639,0.54163737,0.08176346,-0.33267068,-0.40460624,0.12611259,0.29148393,0.25591012,-0.33035276,-0.02865643,-0.01829089,-0.99942210,-0.01533717,-0.02656969,0.00000000,-0.08848658,0.00000000,0.00000000
10209580000000,synthetic_50hz_03,479,0.02,83.40359841,82.67761958,11.42788670,11.70262943,11.93685989,4.57660304,102.25020019,1,1,0,0,1,0.59235167,0.00000000,0.00000000,0.00609520,-0.05814349,-0.14848105,0.00363681,0.07801283,0.16270256,-0.01326396,-0.09563301,-0.17223329,0.02250870,0.11049606,0.17679844,-0.03110451,-0.12217345,-0.17626642,0.03880356,0.13032852,0.17065255,0.00746279,0.05596275,-0.39621747,0.00117056,0.20308421,-0.06935103,-0.00974842,0.02021949,-0.42023063,0.01801423,0.23363666,-0.05531334,-0.02572107,-0.00424429,-0.42388762,0.03263890,0.25128816,-0.06214579,-0.39193161,-0.84153896,-0.66493721,0.39337180,0.76177507,0.48263782,-0.38347089,-0.66004886,-0.28642376,0.36251434,0.53929313,0.08195196,-0.33110634,-0.40298933,0.12488255,0.29015238,0.25506715,-0.32811663,-0.02823090,-0.01798125,-0.99943982,-0.01563100,-0.02624814,0.00000000,-0.10142202,0.00000000,0.00000000
10209600000000,synthetic_50hz_03,480,0.02,84.01635100,82.94536586,11.64165544,11.93685989,12.17351608,4.58430077,102.89763204,1,1,0,0,1,0.58883725,0.00000000,0.00000000,0.00729346,-0.05531410,-0.14587612,0.00239901,0.07536021,0.16061398,-0.01202232,-0.09323364,-0.17072125,0.02129901,0.10841911,0.17590655,-0.02996165,-0.12047880,-0.17602039,0.03776047,0.12906503,0.17105947,0.00861215,0.05875871,-0.39359977,-0.00002000,0.20046985,-0.07144550,-0.00855140,0.02257653,-0.41871972,0.01684566,0.23160526,-0.05619712,-0.02461500,-0.00259751,-0.42365653,0.03162754,0.25007389,-0.06171741,-0.38868450,-0.84502491,-0.68274629,0.39154488,0.76865693,0.50362898,-0.38311684,-0.67012821,-0.30999180,0.36364337,0.55227938,0.10741742,-0.33368589,-0.41850807,0.09825386,0.29410809,0.27267099,-0.30109243,-0.02777639,-0.01766578,-0.99945817,-0.01591977,-0.02592144,0.00000000,-0.11628187,0.00000000,0.00000000
10209620000000,synthetic_50hz_03,481,0.02,84.15053680,83.18640005,11.86503691,12.17351608,12.43064460,4.59210791,103.63596613,1,1,0,0,1,0.58480641,0.00000000,0.00000000,0.00982812,-0.04945388,-0.14064413,-0.00020219,0.06990654,0.15649413,-0.00942956,-0.08834376,-0.16783234,0.01878946,0.10423398,0.17433186,-0.02760765,-0.11711910,-0.17580531,0.03562990,0.12662761,0.17221021,0.01109787,0.06458573,-0.38835470,-0.00257388,0.19505425,-0.07557154,-0.00600340,0.02742424,-0.41583162,0.01437740,0.22746557,-0.05776401,-0.02229800,0.00071441,-0.42345609,0.02952893,0.24768566,-0.06054550,-0.38344072,-0.85570596,-0.72276965,0.38928635,0.78614316,0.54959859,-0.38390867,-0.69391549,-0.36058234,0.36746273,0.58168191,0.16117034,-0.34042267,-0.45267817,0.04288828,0.30356806,0.31062350,-0.24571041,-0.02728837,-0.01734459,-0.99947723,-0.01620337,-0.02558967,0.00000000,-0.13333388,0.00000000,0.00000000
10209640000000,synthetic_50hz_03,482,0.02,84.27487295,83.40409463,12.10259214,12.43064460,12.70388139,4.60003469,104.47099611,1,1,0,0,1,0.58018614,0.00000000,0.00000000,0.01383350,-0.04000680,-0.13196044,-0.00433827,0.06105313,0.14953809,-0.00528204,-0.08033926,-0.16280448,0.01475007,0.09730917,0.17137715,-0.02379284,-0.11147362,-0.17500893,0.03214966,0.12242423,0.17359512,0.01505425,0.07399984,-0.37965764,-0.00666254,0.18623870,-0.08253408,-0.00190077,0.03538673,-0.41080428,0.01037947,0.22058608,-0.06071122,-0.01852039,0.00631218,-0.42267406,0.02608089,0.24353142,-0.05913968,-0.37462629,-0.87141896,-0.78504921,0.38518301,0.81270909,0.62151514,-0.38463473,-0.73056845,-0.44006251,0.37299726,0.62736517,0.24592267,-0.35060609,-0.50607467,-0.04469276,0.31810679,0.37019379,-0.15782566,-0.02676177,-0.01701778,-0.99949708,-0.01648173,-0.02525287,0.00000000,-0.15286976,0.00000000,0.00000000
10209660000000,synthetic_50hz_03,483,0.02,84.81185150,83.68564600,12.35513362,12.70388139,12.97301133,4.60809140,105.40622037,1,1,0,0,1,0.57489553,0.00000000,0.00000000,0.01938798,-0.02632424,-0.11862110,-0.01015365,0.04804168,0.13850156,0.00062659,-0.06837406,-0.15438897,0.00891854,0.08673518,0.16582526,-0.01820654,-0.10259568,-0.17248074,0.02696963,0.11549830,0.17416352,0.02055969,0.08764967,-0.36630463,-0.01243042,0.17326493,-0.09357740,0.00396285,0.04731009,-0.40238896,0.00458956,0.21005726,-0.06625590,-0.01297149,0.01514250,-0.42015992,0.02093330,0.23665459,-0.05855066,-0.35956509,-0.88726024,-0.86692300,0.37666428,0.84421600,0.71809608,-0.38290406,-0.77683262,-0.54856612,0.37810455,0.68705278,0.36322074,-0.36240410,-0.57746490,-0.16740354,0.33625537,0.45122844,-0.03323999,-0.02619097,-0.01668545,-0.99951779,-0.01675475,-0.02491113,0.00000000,-0.17520190,0.00000000,0.00000000
10209680000000,synthetic_50hz_03,484,0.02,85.40465801,84.02944840,12.61464226,12.97301133,13.23499864,4.61628734,106.44191675,1,1,0,0,1,0.56884597,0.00000000,0.00000000,0.02643198,-0.00778244,-0.09905118,-0.01769149,0.03003973,0.12166177,0.00844095,-0.05143097,-0.14076480,0.00105294,0.07133943,0.15580951,-0.01051648,-0.08919114,-0.16636217,0.01967683,0.10447143,0.17211852,0.02755460,0.10615896,-0.34672076,-0.01992067,0.15530045,-0.11042429,0.01173207,0.06421149,-0.38876469,-0.00323424,0.19470657,-0.07626475,-0.00531904,0.02849950,-0.41405511,0.01367316,0.22567677,-0.06057531,-0.33425003,-0.89443554,-0.96116815,0.35968226,0.87263530,0.83395190,-0.37474468,-0.82567658,-0.68269243,0.37900304,0.75491322,0.51175062,-0.37233456,-0.66238536,-0.32605480,0.35493150,0.55076062,0.13095866,-0.02556980,-0.01634772,-0.99953945,-0.01702233,-0.02456451,0.00000000,-0.20065718,0.00000000,0.00000000
10209700000000,synthetic_50hz_03,485,0.02,85.96076931,84.41571258,12.87519194,13.23499864,13.49058862,4.62463029,107.57423215,1,1,0,0,1,0.56194181,0.00000000,0.00000000,0.03462771,0.01594498,-0.07147891,-0.02675677,0.00637713,0.09692171,0.01811442,-0.02851539,-0.11957021,-0.00894983,0.04983154,0.13877145,-0.00047280,-0.06971101,-0.15397184,0.00988179,0.08758069,0.16473315,0.03570120,0.12985410,-0.31913423,-0.02893827,0.13167512,-0.13517176,0.02136027,0.08708556,-0.36756969,-0.01319505,0.17324361,-0.09329623,0.00468683,0.04793219,-0.40167824,0.00391102,0.20883505,-0.06794061,-0.29333995,-0.87910243,-1.05342956,0.32855105,0.88459069,0.95683233,-0.35428987,-0.86457580,-0.83264918,0.36981434,0.81963477,0.68446036,-0.37467689,-0.75106330,-0.51653824,0.36873734,0.66083832,0.33372407,-0.02489161,-0.01600469,-0.99956211,-0.01728441,-0.02421307,0.00000000,-0.22956734,0.00000000,0.00000000
10209720000000,synthetic_50hz_03,486,0.02,86.55986999,84.84454407,13.13365854,13.49058862,13.73690557,4.63312635,108.79442705,1,1,0,0,1,0.55408172,0.00000000,0.00000000,0.04315181,0.04437692,-0.03443201,-0.03669932,-0.02296914,0.06222042,0.02918876,0.00089915,-0.08821499,-0.02083668,0.02119677,0.11166629,0.01188387,-0.04268157,-0.13189819,-0.00258844,0.06293584,0.14832740,0.04417613,0.15825401,-0.28207278,-0.03883305,0.10236590,-0.16988076,0.03238921,0.11645876,-0.33621375,-0.02503978,0.14465363,-0.12039511,0.01700550,0.07491428,-0.37961775,-0.00852609,0.18423916,-0.08432658,-0.23073075,-0.82186323,-1.11932383,0.27628260,0.86028144,1.06418752,-0.31386908,-0.87389734,-0.97837019,0.34240658,0.86231836,0.86434598,-0.36107233,-0.82587835,-0.72540228,0.36932821,0.76562788,0.56554490,-0.02414935,-0.01565647,-0.99958583,-0.01754088,-0.02385689,0.00000000,-0.26225472,0.00000000,0.00000000
10209740000000,synthetic_50hz_03,487,0.02,87.15689691,85.30701463,13.38702230,13.73690557,13.97268767,4.64177988,110.08844053,1,1,0,0,1,0.54516083,0.00000000,0.00000000,0.05044824,0.07542607,0.01224503,-0.04612906,-0.05655633,0.01647823,0.04047995,0.03605604,-0.04472642,-0.03366379,-0.01451624,0.07168513,0.02587708,-0.00744206,-0.09657712,-0.01734432,0.02918582,0.11868474,0.05142335,0.18927135,-0.23538090,-0.04821495,0.06881557,-0.21563097,0.04363488,0.15157448,-0.29272415,-0.03782460,0.10898529,-0.16037029,0.03096051,0.11010652,-0.34430955,-0.02324862,0.15053805,-0.11394974,-0.14125361,-0.69929348,-1.12259828,0.19600113,0.77411137,1.12019857,-0.24509785,-0.82661126,-1.08550302,0.28712828,0.85527956,1.01951191,-0.32088067,-0.85928976,-0.92412779,0.34538192,0.83852623,0.80210064,-0.02333570,-0.01530318,-0.99961062,-0.01779167,-0.02349603,0.00000000,-0.29901271,0.00000000,0.00000000
10209760000000,synthetic_50hz_03,488,0.02,87.47254303,85.74012031,13.63300175,13.97268767,14.20660378,4.65059353,111.43693654,1,1,0,0,1,0.53507385,0.00000000,0.00000000,0.05405574,0.10441174,0.06572335,-0.05265840,-0.09036263,-0.03871737,0.04974290,0.07370832,0.01059516,-0.04539329,-0.05492897,0.01783252,0.03973496,0.03456599,-0.04574608,-0.03293106,-0.01320646,0.07234075,0.05498160,0.21822545,-0.18188744,-0.05469637,0.03504592,-0.27083490,0.05285219,0.18918576,-0.23740124,-0.04951166,0.06861709,-0.21421722,0.04477999,0.15206741,-0.29349108,-0.03880177,0.10819463,-0.16027451,-0.02413344,-0.48976688,-1.01742892,0.08419510,0.59939127,1.07621104,-0.14182937,-0.69173493,-1.10396550,0.19537464,0.76413554,1.09989211,-0.24328717,-0.81450578,-1.06410832,0.28418562,0.84139343,0.99764579,-0.02244333,-0.01494493,-0.99963646,-0.01803670,-0.02313056,0.00000000,-0.34007994,0.00000000,0.00000000
10209780000000,synthetic_50hz_03,489,0.02,87.78395571,86.14888739,13.87391460,14.20660378,14.43392705,4.65956884,112.81594302,1,1,0,0,1,0.52371943,0.00000000,0.00000000,0.05077327,0.12335597,0.11810873,-0.05292326,-0.11677259,-0.09678446,0.05354745,0.10682260,0.07266985,-0.05262785,-0.09379286,-0.04646013,0.05019095,0.07805903,0.01891095,-0.04630703,-0.06007472,0.00918345,0.05164984,0.23713835,-0.12948664,-0.05491323,0.00867241,-0.32891060,0.05661098,0.22225920,-0.17532490,-0.05670362,0.02979759,-0.27850450,0.05519739,0.19551338,-0.22884633,-0.05214394,0.06137517,-0.22341289,0.11160939,-0.18609340,-0.75990312,-0.05371888,0.32014962,0.87987123,-0.00572037,-0.44497578,-0.97447224,0.06499470,0.55697308,1.04097876,-0.12239520,-0.65291259,-1.07747338,0.17626699,0.73002832,1.08290394,-0.02146519,-0.01458183,-0.99966330,-0.01827588,-0.02276056,0.00000000,-0.38560816,0.00000000,0.00000000
10209800000000,synthetic_50hz_03,490,0.02,88.13624118,86.54635815,14.10911983,14.43392705,14.64797536,4.66870635,114.19810230,1,1,0,0,1,0.51100568,0.00000000,0.00000000,0.03758318,0.12164670,0.15506697,-0.04332896,-0.12470746,-0.14413181,0.04782555,0.12417286,0.12904126,-0.05094330,-0.12005829,-0.11023039,0.05259234,0.11248238,0.08824152,-0.05272511,-0.10166355,-0.06370862,0.03841044,0.23539799,-0.09251268,-0.04527085,0.00077377,-0.37626688,0.05084320,0.23956881,-0.11895154,-0.05497632,0.00357642,-0.34226969,0.05755999,0.22988976,-0.15952773,-0.05852798,0.01983509,-0.29628630,0.24127571,0.18474300,-0.33384362,-0.19651806,-0.04846881,0.49934953,0.14609469,-0.08920275,-0.65045896,-0.09145935,0.22430256,0.78281535,0.03418719,-0.35293562,-0.89260281,0.02407060,0.47139338,0.97665612,-0.02039487,-0.01421401,-0.99969100,-0.01850914,-0.02238610,0.00000000,-0.43562402,0.00000000,0.00000000
10209820000000,synthetic_50hz_03,491,0.02,88.99151416,87.03538935,14.33543915,14.64797536,14.82476970,4.67800537,115.55443197,1,1,0,0,1,0.49685696,0.00000000,0.00000000,0.01369487,0.08966976,0.15760523,-0.02199789,-0.10264358,-0.16086882,0.02966669,0.11265813,0.15949448,-0.03648019,-0.11942469,-0.15352183,0.04224195,0.12274819,0.14312309,-0.04678586,-0.12253279,-0.12859803,0.01447278,0.20339020,-0.08995840,-0.02389162,0.02287368,-0.39301311,0.03263835,0.22801361,-0.08849607,-0.04047029,0.00425413,-0.38555638,0.04717064,0.24010869,-0.10465785,-0.05255447,-0.00098546,-0.36115735,0.32284169,0.54183101,0.21023520,-0.30330052,-0.43654278,-0.03587616,0.27501506,0.31866882,-0.13951721,-0.23880079,-0.19160749,0.31088823,0.19570177,0.05902202,-0.47329620,-0.14696058,0.07526508,0.62205881,-0.01922712,-0.01384158,-0.99971936,-0.01873640,-0.02200726,0.00000000,-0.48998649,0.00000000,0.00000000
10209840000000,synthetic_50hz_03,492,0.02,89.50106296,87.52852407,14.54095798,14.82476970,14.97657798,4.68746272,116.85638158,1,1,0,0,1,0.48122160,0.00000000,0.00000000,-0.01661590,0.02637150,0.11015821,0.00818000,-0.04598050,-0.12780539,0.00049174,0.06426386,0.14176789,-0.00914929,-0.08069446,-0.15164315,0.01754307,0.09479860,0.15714646,-0.02543107,-0.10616966,-0.15811917,-0.01588737,0.14006133,-0.13738912,0.00633449,0.07957257,-0.35995922,0.00341729,0.17957904,-0.10622009,-0.01309633,0.04302834,-0.38367324,0.02243259,0.21211234,-0.09064585,-0.03116522,0.01542631,-0.39066041,0.30772442,0.75047166,0.72216308,-0.32114408,-0.71131441,-0.59337603,0.32530500,0.65164964,0.44748168,-0.32008723,-0.57319750,-0.28868622,0.30564119,0.47821982,0.12156780,-0.28238338,-0.36945483,0.04905548,-0.01795833,-0.01346466,-0.99974810,-0.01895760,-0.02162410,0.00000000,-0.54834277,0.00000000,0.00000000
10209860000000,synthetic_50hz_03,493,0.02,90.15002306,88.05282387,14.72391838,14.97657798,15.09436825,4.69707297,118.07789928,1,1,0,0,1,0.46408027,0.00000000,0.00000000,-0.04229959,-0.05166796,0.01554120,0.03709298,0.03281898,-0.04147522,-0.03081697,-0.01302382,0.06621349,0.02365249,-0.00714682,-0.08904280,-0.01580609,0.02711141,0.10930496,0.00750400,-0.04629438,-0.12641581,-0.04162047,0.06199151,-0.23198953,0.03529577,0.15840765,-0.27363888,-0.02793764,0.10225125,-0.18177161,0.01974867,0.11661981,-0.32106875,-0.01095592,0.14437848,-0.13849843,0.00180456,0.07535017,-0.35893926,0.17038906,0.67105808,0.96958735,-0.21281028,-0.71620132,-0.93912221,0.24909607,0.74069615,0.88158174,-0.27820031,-0.74383637,-0.79862485,0.29928391,0.72553144,0.69264324,-0.31173901,-0.68630909,-0.56669240,-0.01658720,-0.01308338,-0.99977684,-0.01917265,-0.02123670,0.00000000,-0.61008750,0.00000000,0.00000000
10209880000000,synthetic_50hz_03,494,0.02,90.72326071,88.58691124,14.87950732,15.09436825,15.17912216,4.70682819,119.19721802,1,1,0,0,1,0.44545411,0.00000000,0.00000000,-0.04853327,-0.10813983,-0.09110523,0.04924996,0.09929072,0.06915933,-0.04854675,-0.08757901,-0.04521955,0.04644391,0.07334236,0.01997606,-0.04300207,-0.05699121,0.00584335,0.03832046,0.03899698,-0.03149429,-0.04790358,0.00548951,-0.33861908,0.04750112,0.22491476,-0.16301445,-0.04571375,0.02765613,-0.29320148,0.04258346,0.19715267,-0.21204605,-0.03819144,0.06022929,-0.24197082,0.03265593,0.16069004,-0.26400024,-0.05176267,0.26644174,0.75407340,0.00024621,-0.37572517,-0.83850773,0.05127734,0.47417625,0.89876749,-0.10132254,-0.55895662,-0.93311537,0.14844657,0.62762201,0.94056109,-0.19129081,-0.67819276,-0.92089000,-0.01511522,-0.01269786,-0.99980515,-0.01938149,-0.02084514,0.00000000,-0.67433156,0.00000000,0.00000000
10209900000000,synthetic_50hz_03,495,0.02,91.32675658,89.13488031,15.00534555,15.17912216,15.22806412,4.71671814,120.19813333,1,1,0,0,1,0.42541183,0.00000000,0.00000000,-0.02673250,-0.10334034,-0.14778810,0.03312199,0.10991486,0.14269786,-0.03855655,-0.11332048,-0.13349358,0.04287950,0.11345903,0.12044062,-0.04596623,-0.11032649,-0.10391529,0.04772772,0.10401319,0.08439404,-0.02615227,0.01025912,-0.39528478,0.03142157,0.23557407,-0.08948636,-0.03576999,0.00187490,-0.38147203,0.03906257,0.23731288,-0.11157796,-0.04119532,0.00684755,-0.35173994,0.04209832,0.22575469,-0.14809469,-0.24382258,-0.29022584,0.10652283,0.21277031,0.17958989,-0.25722580,-0.17558377,-0.06377628,0.40051283,0.13333507,-0.05387603,-0.53225288,-0.08724226,0.16997507,0.64864784,0.03863421,-0.28117365,-0.74634197,-0.01354724,-0.01230823,-0.99983249,-0.01958405,-0.02044949,0.00000000,-0.73988810,0.00000000,0.00000000
10209920000000,synthetic_50hz_03,496,0.02,91.48942012,89.60578827,15.09888735,15.22806412,15.25771407,4.72673036,121.07065254,1,1,0,0,1,0.40407455,0.00000000,0.00000000,0.01329948,-0.02886002,-0.10545610,-0.00548575,0.04658260,0.12082022,-0.00248614,-0.06296217,-0.13270105,0.01038635,0.07752652,0.14075604,-0.01798712,-0.08985574,-0.14475296,0.02506931,0.09959438,0.14457659,0.01383024,0.08470981,-0.35293532,-0.00713767,0.17227675,-0.11137473,0.00025388,0.05219365,-0.38067570,0.00661308,0.20142376,-0.09125932,-0.01325611,0.02727196,-0.39258779,0.01947526,0.22138425,-0.08789521,-0.26978207,-0.64201756,-0.59762156,0.27936684,0.60352457,0.48216889,-0.28089733,-0.54763169,-0.35281506,0.27432942,0.47595033,0.21328942,-0.25985246,-0.39054710,-0.06761454,0.23788384,0.29388422,-0.08000970,-0.01189177,-0.01191460,-0.99985831,-0.01978026,-0.02004983,0.00000000,-0.80528328,0.00000000,0.00000000
10209940000000,synthetic_50hz_03,497,0.02,91.53247644,89.99112590,15.16559457,15.25771407,15.27019647,4.73685125,121.81101238,1,1,0,0,1,0.38161740,0.00000000,0.00000000,0.04294090,0.06706747,0.01681255,-0.03965690,-0.05175526,0.00717823,0.03522958,0.03495093,-0.03096205,-0.02978657,-0.01713895,0.05385322,0.02348480,-0.00116716,-0.07519177,-0.01650595,0.01943962,0.09436252,0.04342215,0.18060791,-0.23064893,-0.04126025,0.07397363,-0.22502776,0.03792294,0.15006737,-0.27893260,-0.03351603,0.10680154,-0.17815922,0.02817571,0.11591430,-0.32303648,-0.02206444,0.14127780,-0.13809265,-0.09266070,-0.49878395,-0.82572255,0.13405968,0.55833929,0.83055139,-0.17159366,-0.60179745,-0.81143504,0.20418051,0.62790550,0.76892464,-0.23088074,-0.63591075,-0.70424578,0.25092458,0.62558239,0.61926319,-0.01016109,-0.01151712,-0.99988205,-0.01997007,-0.01964625,0.00000000,-0.86879814,0.00000000,0.00000000
10209960000000,synthetic_50hz_03,498,0.02,91.95038706,90.38297813,15.20952737,15.27019647,15.24970048,4.74706677,122.42115769,1,1,0,0,1,0.35826685,0.00000000,0.00000000,0.03600614,0.10476555,0.12230192,-0.03989811,-0.10461795,-0.10994308,0.04263980,0.10145416,0.09441452,-0.04415217,-0.09536541,-0.07616395,0.04439161,0.08652722,0.05571754,-0.04335122,-0.07519441,-0.03366477,0.03643787,0.21827686,-0.12514152,-0.04145284,0.02114545,-0.34216039,0.04528640,0.21653141,-0.15355163,-0.04783768,0.02861817,-0.30817378,0.04904226,0.20356256,-0.19213674,-0.04887392,0.04669201,-0.26610359,0.15050007,0.04649138,-0.36152116,-0.11316764,0.05649095,0.47574759,0.07257252,-0.15784463,-0.57625800,-0.02988511,0.25464757,0.66015463,-0.01366390,-0.34410890,-0.72501869,0.05681898,0.42364941,0.76898012,-0.00837108,-0.01111590,-0.99990318,-0.02015340,-0.01923881,0.00000000,-0.92854402,0.00000000,0.00000000
10209980000000,synthetic_50hz_03,499,0.02,92.35803748,90.77799000,15.22640008,15.24970048,15.19954368,4.75736203,122.90783087,1,1,0,0,1,0.33429342,0.00000000,0.00000000,-0.00292861,0.04726793,0.11444441,-0.00439464,-0.06187038,-0.12436770,0.01159119,0.07468908,0.13070541,-0.01845356,-0.08535446,-0.13327482,0.02478391,0.09355903,0.13200185,-0.03039972,-0.09906625,-0.12692321,-0.00254642,0.16075035,-0.13298071,-0.00590068,0.06392730,-0.35659665,0.01419093,0.18972733,-0.11725603,-0.02209497,0.03867205,-0.36528234,0.02939411,0.21054836,-0.11586170,-0.03588644,0.02286833,-0.35934598,0.24356100,0.51126596,0.38713435,-0.24285407,-0.45863837,-0.27197673,0.23514554,0.39278801,0.14897789,-0.22065766,-0.31561339,-0.02168395,0.19980811,0.22933949,-0.10623514,-0.17319800,-0.13645363,0.23109143,-0.00654072,-0.01071107,-0.99992125,-0.02033021,-0.01882761,0.00000000,-0.98256944,0.00000000,0.00000000
10210000000000,synthetic_50hz_03,500,0.02,92.10614000,91.04362000,15.21512039,15.19954368,15.14833917,4.76772125,123.28143840,1,1,0,0,1,0.31000000,0.00000000,0.00000000,-0.03724407,-0.05160422,0.00005718,0.03349665,0.03660633,-0.02191471,-0.02878350,-0.02055307,0.04314043,0.02324052,0.00390725,-0.06312240,-0.01702749,0.01285121,0.08128451,0.01032356,-0.02923917,-0.09710316,-0.03691143,0.06184957,-0.24734934,0.03203935,0.16243808,-0.25415559,-0.02623072,0.09444636,-0.20481599,0.01964334,0.12797655,-0.29512792,-0.01245792,0.12979464,-0.16658801,0.00487305,0.09274351,-0.32951016,0.10522468,0.46717134,0.71640244,-0.13864655,-0.50884693,-0.70602169,0.16807117,0.53585222,0.67528600,-0.19265022,-0.54740864,-0.62508151,0.21167508,0.54318302,0.55685562,-0.22459724,-0.52329717,-0.47257533,-0.00469125,-0.01030278,-0.99993592,-0.02050043,-0.01841271,0.00000000,-1.02898979,0.00000000,0.00000000
10210020000000,synthetic_50hz_03,501,0.02,92.42760651,91.32041730,15.18707228,15.14833917,15.07328854,4.77812938,123.55484829,1,1,0,0,1,0.28570658,0.00000000,0.00000000,-0.03417633,-0.09563116,-0.10759091,0.03734874,0.09449456,0.09525105,-0.03944436,-0.09063364,-0.08016505,0.04040278,0.08415971,0.06276786,-0.04019637,-0.07525941,-0.04356104,0.03883108,0.06418935,0.02309834,-0.03389325,0.01779424,-0.35497854,0.03594023,0.22036016,-0.13700206,-0.03693863,0.02432717,-0.32811615,0.03684997,0.20827163,-0.16923597,-0.03566760,0.04163824,-0.29144223,0.03341698,0.18622004,-0.20929319,-0.11764154,-0.00776601,0.34630360,0.08454678,-0.08020545,-0.44015888,-0.04901450,0.16586455,0.52132417,0.01206911,-0.24674170,-0.58745945,0.02522424,0.32050517,0.63665799,-0.06179036,-0.38502833,-0.66750139,-0.00284509,-0.00989115,-0.99994703,-0.02066401,-0.01799421,0.00000000,-1.06612607,0.00000000,0.00000000
10210040000000,synthetic_50hz_03,502,0.02,92.77131322,91.61059649,15.13928311,15.07328854,14.97807847,4.78857160,123.74224159,1,1,0,0,1,0.26173315,0.00000000,0.00000000,0.00077455,-0.04679156,-0.10672426,0.00585801,0.05962145,0.11483014,-0.01232169,-0.07073242,-0.11962541,0.01843013,0.07980415,0.12097183,-0.02400721,-0.08657509,-0.11883058,0.02889216,0.09085002,0.11326338,0.00100806,0.06660571,-0.35409271,0.00449836,0.18552066,-0.11743550,-0.00986311,0.04418997,-0.36757088,0.01492183,0.20395853,-0.11103062,-0.01951941,0.03027691,-0.36672013,0.02351468,0.21292865,-0.11911297,-0.20811290,-0.42444792,-0.30312479,0.20580971,0.37623477,0.20274388,-0.19757293,-0.31717461,-0.09651777,0.18364002,0.24897014,-0.01249099,-0.16441270,-0.17358776,0.12113963,0.14044527,0.09320076,-0.22629576,-0.00102469,-0.00947630,-0.99995457,-0.02082089,-0.01757218,0.00000000,-1.09263507,0.00000000,0.00000000
10210060000000,synthetic_50hz_03,503,0.02,93.26555948,91.94158908,15.07157716,14.97807847,14.86155651,4.79903323,123.85810603,1,1,0,0,1,0.23838260,0.00000000,0.00000000,0.03226982,0.04056136,-0.00930422,-0.02845450,-0.02648106,0.02890600,0.02381882,0.01163728,-0.04767440,-0.01849644,0.00354199,0.06506832,0.01264079,-0.01861916,-0.08058630,-0.00642071,0.03315952,0.09378093,0.03245374,0.15393075,-0.25665322,-0.02976524,0.09945154,-0.20337247,0.02623015,0.12652144,-0.29561393,-0.02196009,0.12773869,-0.16693306,0.01708745,0.09818730,-0.32848391,-0.01176136,0.15528600,-0.13858053,-0.10311716,-0.41539397,-0.60746965,0.13006054,0.44514069,0.59051578,-0.15325420,-0.46205379,-0.55653706,0.17202948,0.46564567,0.50651312,-0.18584507,-0.45581277,-0.44188617,0.19430266,0.43283857,0.36451944,0.00074873,-0.00905839,-0.99995869,-0.02097103,-0.01714670,0.00000000,-1.10761357,0.00000000,0.00000000
10210080000000,synthetic_50hz_03,504,0.02,93.18209152,92.18968957,14.98336849,14.86155651,14.75103154,4.80949968,123.91642401,1,1,0,0,1,0.21592545,0.00000000,0.00000000,0.03355818,0.08574967,0.08746898,-0.03555689,-0.08250170,-0.07404922,0.03653048,0.07687517,0.05849459,-0.03645088,-0.06903229,-0.04125353,0.03532038,0.05919917,0.02282311,-0.03317158,-0.04765932,-0.00373469,0.03369252,0.19909143,-0.15986027,-0.03681868,0.04346406,-0.30634080,0.03889447,0.19172129,-0.18943871,-0.03986976,0.05520655,-0.27325414,0.03972572,0.17596021,-0.22508226,-0.03847520,0.07451493,-0.23608156,0.07485709,-0.06066672,-0.36664379,-0.04481394,0.13380272,0.43685301,0.01347879,-0.20308112,-0.49446754,0.01824496,0.26650461,0.53782635,-0.04944270,-0.32224464,-0.56567937,0.07921499,0.36869420,0.57722359,0.00245618,-0.00863754,-0.99995968,-0.02111437,-0.01671786,0.00000000,-1.11066237,0.00000000,0.00000000
10210100000000,synthetic_50hz_03,505,0.02,92.97372060,92.34649578,14.88578697,14.75103154,14.65149666,4.81995777,123.93007672,1,1,0,0,1,0.19458817,0.00000000,0.00000000,0.00860188,0.05982383,0.10680034,-0.01429657,-0.06888852,-0.10940994,0.01957908,0.07596712,0.10886519,-0.02429711,-0.08085555,-0.10518181,0.02831465,0.08341288,0.09846599,-0.03151586,-0.08356538,-0.08891135,0.00868662,0.17313822,-0.14050889,-0.01550935,0.05711017,-0.34171494,0.02189564,0.19077541,-0.13906156,-0.02767108,0.04342527,-0.33718197,0.03267850,0.20012863,-0.14944683,-0.03678225,0.03865656,-0.32124392,0.17200084,0.29344491,0.12264915,-0.16224345,-0.23859857,-0.03051858,0.14780852,0.17687332,-0.06249186,-0.12911219,-0.11004873,0.15370063,0.10669350,0.04005139,-0.24047813,-0.08119878,0.03110066,0.32032254,0.00408180,-0.00821389,-0.99995794,-0.02125087,-0.01628575,0.00000000,-1.10190270,0.00000000,0.00000000
10210120000000,synthetic_50hz_03,506,0.02,92.80557076,92.43831077,14.78738504,14.65149666,14.56084621,4.83039662,123.91046092,1,1,0,0,1,0.17454589,0.00000000,0.00000000,-0.01969786,-0.00492567,0.04990161,0.01465294,-0.00885611,-0.06503718,-0.00918557,0.02238257,0.07829771,0.00345338,-0.03526372,-0.08930087,0.00237838,0.04712821,0.09772944,-0.00814157,-0.05763397,-0.10334043,-0.01966271,0.10836161,-0.19738732,0.01348920,0.11717528,-0.29735590,-0.00691652,0.13715322,-0.16962220,0.00012444,0.08905892,-0.32130087,0.00670058,0.16379879,-0.15019054,-0.01337051,0.06463559,-0.33565900,0.13807683,0.39763768,0.45982166,-0.15243780,-0.39599449,-0.41176941,0.16240393,0.38293459,0.35184564,-0.16768787,-0.35883451,-0.28177801,0.16813729,0.32438906,0.20358658,-0.16373923,-0.28059133,-0.11952566,0.00561329,-0.00778758,-0.99995392,-0.02138049,-0.01585045,0.00000000,-1.08194501,0.00000000,0.00000000
10210140000000,synthetic_50hz_03,507,0.02,92.55675351,92.46199932,14.69223873,14.56084621,14.48201991,4.84080770,123.86729600,1,1,0,0,1,0.15591973,0.00000000,0.00000000,-0.03285530,-0.05931291,-0.03069604,0.03143783,0.04968873,0.01361848,-0.02911399,-0.03863200,0.00385172,0.02595078,0.02646149,-0.02121086,-0.02203940,-0.01352809,0.03795849,0.01749262,0.00020467,-0.05361175,-0.03286975,0.05394752,-0.27796439,0.03032318,0.17575259,-0.21871424,-0.02689255,0.07610121,-0.24406103,0.02266702,0.15082579,-0.25321102,-0.01775903,0.10309746,-0.20996833,0.01230131,0.12252174,-0.28591661,0.02688377,0.24977245,0.47381724,-0.05328185,-0.29452737,-0.49201231,0.07814378,0.33079093,0.49602244,-0.10075280,-0.35751763,-0.48573201,0.12045706,0.37393693,0.46143770,-0.13668849,-0.37957546,-0.42383993,0.00704214,-0.00735875,-0.99994813,-0.02150318,-0.01541204,0.00000000,-1.05181757,0.00000000,0.00000000
10210160000000,synthetic_50hz_03,508,0.02,91.69297561,92.30819458,14.60394683,14.48201991,14.43759619,4.85118488,123.80858723,1,1,0,0,1,0.13877840,0.00000000,0.00000000,-0.02750311,-0.07653976,-0.08564953,0.02999875,0.07551562,0.07565221,-0.03162951,-0.07231432,-0.06347381,0.03234838,0.06702817,0.04946543,-0.03213464,-0.05980957,-0.03403094,0.03099443,0.05086663,0.01761532,-0.02756717,0.03669408,-0.33289701,0.02893324,0.20161171,-0.15669481,-0.02945577,0.04238166,-0.31137911,0.02910991,0.19143395,-0.18253519,-0.02789625,0.05677107,-0.28196431,0.02584096,0.17323113,-0.21467612,-0.08099506,-0.00221791,0.24540313,0.05778117,-0.05916788,-0.31052175,-0.03290141,0.11884784,0.36668787,0.00707310,-0.17510136,-0.41228222,0.01895914,0.22630662,0.44599028,-0.04444477,-0.27098736,-0.46684023,0.00836353,-0.00692753,-0.99994103,-0.02161890,-0.01497060,0.00000000,-1.01286734,0.00000000,0.00000000
10210180000000,synthetic_50hz_03,509,0.02,91.13374612,92.07330489,14.53407956,14.43759619,14.41054805,4.86152546,123.74070567,1,1,0,0,1,0.12314304,0.00000000,0.00000000,-0.01108641,-0.05879646,-0.09683019,0.01591900,0.06569166,0.09726716,-0.02029264,-0.07069294,-0.09489988,0.02408124,0.07365610,0.08979659,-0.02717556,-0.07449573,-0.08210442,0.02948640,0.07318761,0.07204514,-0.01120006,0.05441104,-0.34405654,0.01490267,0.19181976,-0.13509446,-0.01816667,0.04396602,-0.34279741,0.02088818,0.19810320,-0.14220480,-0.02297932,0.04204014,-0.33004402,0.02437096,0.19559945,-0.16023318,-0.13764098,-0.21346847,-0.05053052,0.12690825,0.16399329,-0.02660938,-0.11251669,-0.10979011,0.10298212,0.09488123,0.05242162,-0.17638583,-0.07451030,0.00645820,0.24470427,0.05199120,-0.06515183,-0.30596776,0.00957595,-0.00649406,-0.99993306,-0.02172762,-0.01452624,0.00000000,-0.96664745,0.00000000,0.00000000
10210200000000,synthetic_50hz_03,510,0.02,90.73720455,91.80608482,14.48219633,14.41054805,14.39245468,4.87182949,123.66854529,1,1,0,0,1,0.10899432,0.00000000,0.00000000,0.00693155,-0.02303788,-0.07279188,-0.00176409,0.03436597,0.08207774,-0.00345423,-0.04470327,-0.08899726,0.00857296,0.05375175,0.09335095,-0.01344453,-0.06125055,-0.09501328,0.01792848,0.06698346,0.09393634,0.00676830,0.09014355,-0.31999681,-0.00273120,0.16052583,-0.15029877,-0.00137611,0.06991886,-0.33688673,0.00542544,0.17823999,-0.13865152,-0.00929059,0.05524068,-0.34295881,0.01285128,0.18944255,-0.13832916,-0.13771528,-0.31687679,-0.28086826,0.14112178,0.29438895,0.22019841,-0.14045968,-0.26341374,-0.15318013,0.13574805,0.22484419,0.08174560,-0.12712275,-0.17979228,-0.00795431,0.11483244,0.12955688,-0.06606631,0.01068072,-0.00605849,-0.99992461,-0.02182930,-0.01407902,0.00000000,-0.91480523,0.00000000,0.00000000
10210220000000,synthetic_50hz_03,511,0.02,89.96637170,91.43814219,14.44450484,14.39245468,14.39677719,4.88209881,123.59572276,1,1,0,0,1,0.09628057,0.00000000,0.00000000,0.02043080,0.01395275,-0.03203960,-0.01640924,-0.00197105,0.04632465,0.01191459,-0.01006747,-0.05927414,-0.00707644,0.02181573,0.07051473,0.00203427,-0.03293505,-0.07972235,0.00306654,0.04310482,0.08663154,0.02021797,0.12710837,-0.27922283,-0.01732710,0.12422034,-0.18606704,0.01394477,0.10451805,-0.30715524,-0.01017830,0.14634495,-0.16148912,0.00614574,0.08351167,-0.32767351,-0.00197223,0.16561106,-0.14562144,-0.09996625,-0.31597630,-0.39553930,0.11421019,0.32213313,0.36524031,-0.12516141,-0.31900270,-0.32441127,0.13250416,0.30667528,0.27422929,-0.13602675,-0.28550627,-0.21614117,0.13562763,0.25610599,0.15182159,0.01168146,-0.00562095,-0.99991597,-0.02192391,-0.01362905,0.00000000,-0.85898168,0.00000000,0.00000000
10210240000000,synthetic_50hz_03,512,0.02,89.72615827,91.09574541,14.42445922,14.39677719,14.39969018,4.89233713,123.52479160,1,1,0,0,1,0.08492615,0.00000000,0.00000000,0.02747347,0.04235615,0.00952265,-0.02529659,-0.03241471,0.00591505,0.02239040,0.02153873,-0.02118221,-0.01883868,-0.01004179,0.03583868,0.01474384,-0.00174467,-0.04946191,-0.01022392,0.01348082,0.06165912,0.02721105,0.15548622,-0.23763861,-0.02616515,0.09380798,-0.22649212,0.02437256,0.13608783,-0.26905464,-0.02189476,0.11452822,-0.19616686,0.01881267,0.11465768,-0.29741838,-0.01522407,0.13603411,-0.17058163,-0.04720225,-0.24732005,-0.40554658,0.06736484,0.27588879,0.40692499,-0.08558528,-0.29650354,-0.39657156,0.10133825,0.30856995,0.37478478,-0.11416959,-0.31174015,-0.34219279,0.12370937,0.30592273,0.29973522,0.01258342,-0.00518159,-0.99990740,-0.02201141,-0.01317641,0.00000000,-0.80072955,0.00000000,0.00000000
10210260000000,synthetic_50hz_03,513,0.02,89.75211235,90.82701880,14.41405623,14.39969018,14.39198604,4.90254873,123.45745087,1,1,0,0,1,0.07483917,0.00000000,0.00000000,0.02885126,0.05928237,0.04300405,-0.02859222,-0.05271352,-0.02915830,0.02750884,0.04462491,0.01447191,-0.02563238,-0.03524974,0.00063172,0.02301692,0.02485831,-0.01571713,-0.01973787,-0.01375021,0.03034941,0.02853928,0.17238716,-0.20413497,-0.02941146,0.07354022,-0.26158124,0.02944291,0.15913781,-0.23339154,-0.02864256,0.08936089,-0.23137583,0.02704297,0.14121643,-0.26367862,-0.02469921,0.10885004,-0.20187941,0.00411339,-0.14985485,-0.34684239,0.01760220,0.19219309,0.37412221,-0.03881030,-0.22899032,-0.39061591,0.05889949,0.25918565,0.39584797,-0.07729057,-0.28190853,-0.38966755,0.09345333,0.29650386,0.37225283,0.01339304,-0.00474055,-0.99989907,-0.02209178,-0.01272118,0.00000000,-0.74145342,0.00000000,0.00000000
10210280000000,synthetic_50hz_03,514,0.02,89.10313599,90.48224223,14.40478675,14.39198604,14.40188143,4.91273724,123.39473518,1,1,0,0,1,0.06591828,0.00000000,0.00000000,0.02639794,0.06605137,0.06567975,-0.02777819,-0.06312973,-0.05489921,0.02835758,0.05838804,0.04253591,-0.02811941,-0.05196299,-0.02894627,0.02707054,0.04403982,0.01452210,-0.02524122,-0.03484696,0.00032075,0.02603640,0.17913114,-0.18143675,-0.02854808,0.06315482,-0.28733821,0.03024348,0.17286495,-0.20531827,-0.03108358,0.07268809,-0.26095612,0.03105366,0.16035384,-0.23344410,-0.03016355,0.08780014,-0.23189645,0.04573830,-0.05115973,-0.25544272,-0.02545194,0.09953185,0.30059376,0.00443179,-0.14503442,-0.33707853,0.01671613,0.18635558,0.36384517,-0.03738212,-0.22230402,-0.38012199,0.05697036,0.25184333,0.38543971,0.01411737,-0.00429798,-0.99989111,-0.02216500,-0.01226346,0.00000000,-0.68237166,0.00000000,0.00000000
10210300000000,synthetic_50hz_03,515,0.02,88.69264860,90.12432351,14.40356651,14.40188143,14.41708114,4.92290666,123.33717925,1,1,0,0,1,0.05805819,0.00000000,0.00000000,0.02191702,0.06557919,0.07847708,-0.02453368,-0.06596223,-0.07124327,0.02644303,0.06444355,0.06195547,-0.02759001,-0.06106693,-0.05088148,0.02794156,0.05592972,0.03834054,-0.02748754,-0.04918004,-0.02469423,0.02150594,0.17863421,-0.16861662,-0.02525419,0.06035289,-0.30369861,0.02828069,0.17888469,-0.18588912,-0.03050806,0.06362441,-0.28289394,0.03188158,0.17219980,-0.20963006,-0.03237068,0.07351382,-0.25690010,0.07553565,0.03421533,-0.15718460,-0.05828869,0.01462548,0.21277517,0.03936124,-0.06304463,-0.26223133,-0.01929899,0.10964617,0.30412724,-0.00131966,-0.15308656,-0.33725502,0.02190026,0.19211339,0.36065958,0.01476378,-0.00385401,-0.99988358,-0.02223103,-0.01180333,0.00000000,-0.62449818,0.00000000,0.00000000
10210320000000,synthetic_50hz_03,516,0.02,88.20209746,89.73987830,14.40924266,14.41708114,14.43971584,4.93306116,123.28495471,1,1,0,0,1,0.05115403,0.00000000,0.00000000,0.01674735,0.06079351,0.08378552,-0.02020971,-0.06388005,-0.07996566,0.02308943,0.06512490,0.07384034,-0.02530346,-0.06449217,-0.06558618,0.02678798,0.06200010,0.05544113,-0.02750020,-0.05772054,-0.04369769,0.01628674,0.17382405,-0.16328511,-0.02088081,0.06246539,-0.31243764,0.02487879,0.17953048,-0.17399438,-0.02817527,0.06023926,-0.29760156,0.03068476,0.17822637,-0.19253357,-0.03234396,0.06501997,-0.27589253,0.09468686,0.10131095,-0.06677753,-0.08106730,-0.05536577,0.12712374,0.06511054,0.00782437,-0.18380492,-0.04727660,0.03994262,0.23518692,0.02807966,-0.08655804,-0.27978836,-0.00807317,0.13067795,0.31632338,0.01533958,-0.00340879,-0.99987653,-0.02228986,-0.01134090,0.00000000,-0.56864013,0.00000000,0.00000000
10210340000000,synthetic_50hz_03,517,0.02,88.11365037,89.41463271,14.42204139,14.43971584,14.45304846,4.94320502,123.23797993,1,1,0,0,1,0.04510447,0.00000000,0.00000000,0.01171569,0.05397698,0.08413922,-0.01570559,-0.05913031,-0.08329710,0.01924268,0.06257888,0.08005348,-0.02222500,-0.06422328,-0.07450189,0.02456656,0.06401608,0.06680236,-0.02619985,-0.06196328,-0.05717690,0.01120558,0.16698330,-0.16290807,-0.01632724,0.06724522,-0.31578602,0.02098366,0.17694911,-0.16777106,-0.02505045,0.06054806,-0.30652050,0.02841994,0.18019869,-0.18117612,-0.03100404,0.06082377,-0.28936101,0.10561788,0.15063659,0.00941604,-0.09557910,-0.10922859,0.05188153,0.08278472,0.06467149,-0.11168334,-0.06760362,-0.01824988,0.16826526,0.05047347,-0.02869789,-0.21999601,-0.03188815,0.07481828,0.26538418,0.01585186,-0.00296247,-0.99986996,-0.02234147,-0.01087624,0.00000000,-0.51540777,0.00000000,0.00000000
10210360000000,synthetic_50hz_03,518,0.02,87.97642441,89.12699105,14.43506436,14.45304846,14.46072023,4.95334181,123.19600535,1,1,0,0,1,0.03981386,0.00000000,0.00000000,0.00724795,0.04666038,0.08163494,-0.01153315,-0.05331829,-0.08323478,0.01548584,0.05843901,0.08243493,-0.01899207,-0.06187490,-0.07925843,0.02195075,0.06352692,0.07379688,-0.02427658,-0.06334742,-0.06620773,0.00668835,0.15964275,-0.16538874,-0.01210534,0.07308708,-0.31574092,0.01717838,0.17277411,-0.16537913,-0.02177108,0.06293615,-0.31128059,0.02576060,0.17966600,-0.17418508,-0.02904102,0.05948608,-0.29838141,0.11083514,0.18508870,0.07010715,-0.10399937,-0.14869941,-0.01009943,0.09416525,0.10802304,-0.05019947,-0.08161631,-0.06423232,0.10905109,0.06671432,0.01858976,-0.16475871,-0.04988894,0.02758876,0.21571627,0.01630729,-0.00251518,-0.99986386,-0.02238584,-0.01040945,0.00000000,-0.46523231,0.00000000,0.00000000
10210380000000,synthetic_50hz_03,519,0.02,87.70043894,88.84168063,14.44583983,14.46072023,14.46897434,4.96347415,123.15867793,1,1,0,0,1,0.03519359,0.00000000,0.00000000,0.00350791,0.03975113,0.07778966,-0.00793290,-0.04746342,-0.08130834,0.01212919,0.05380732,0.08248287,-0.01597579,-0.05859993,-0.08127937,0.01936179,0.06170308,0.07773255,-0.02218959,-0.06302730,-0.07194467,0.00289884,0.15270982,-0.16921014,-0.00845561,0.07897154,-0.31383198,0.01377321,0.16810751,-0.16532041,-0.01870822,0.06625066,-0.31330536,0.02312795,0.17779880,-0.17025259,-0.02691409,0.05985252,-0.30410822,0.11242763,0.20812984,0.11655925,-0.10828474,-0.17654810,-0.05894741,0.10101995,0.13987641,-0.00036390,-0.09084270,-0.09917201,0.05966473,0.07804642,0.05560844,-0.11724540,-0.06300002,-0.01044164,0.17144583,0.01671205,-0.00206708,-0.99985821,-0.02242296,-0.00994061,0.00000000,-0.41838851,0.00000000,0.00000000
10210400000000,synthetic_50hz_03,520,0.02,87.68126544,88.60959759,14.45555632,14.46897434,14.46769501,4.97360407,123.12558838,1,1,0,0,1,0.03116275,0.00000000,0.00000000,0.00051035,0.03371700,0.07360066,-0.00497940,-0.04214450,-0.07857786,0.00930488,0.04935695,0.08128964,-0.01336210,-0.05514642,-0.08165779,0.01703409,0.05934599,0.07967171,-0.02021498,-0.06183459,-0.07538866,-0.00014816,0.14665228,-0.17337500,-0.00545260,0.08431981,-0.31111930,0.01090034,0.16362244,-0.16650256,-0.01604787,0.06974352,-0.31368793,0.02075642,0.17539850,-0.16831630,-0.02489936,0.06109145,-0.30754238,0.11194608,0.22291018,0.15100312,-0.10996704,-0.19556234,-0.09614323,0.10481760,0.16257635,0.03851149,-0.09664622,-0.12490320,0.02023056,0.08568848,0.08362904,-0.07838935,-0.07226031,-0.03994381,0.13428814,0.01707180,-0.00161832,-0.99985296,-0.02245281,-0.00946983,0.00000000,-0.37501918,0.00000000,0.00000000
10210420000000,synthetic_50hz_03,521,0.02,87.57038653,88.40175538,14.46065457,14.46769501,14.46196203,4.98373264,123.09630455,1,1,0,0,1,0.02764833,0.00000000,0.00000000,-0.00180245,0.02874737,0.06966862,-0.00265759,-0.03764459,-0.07572100,0.00704101,0.04545650,0.07959030,-0.01122144,-0.05195788,-0.08116498,0.01507834,0.05696129,0.08039963,-0.01850054,-0.06032248,-0.07731633,-0.00251038,0.14165951,-0.17728262,-0.00308128,0.08884881,-0.30828051,0.00858783,0.15968752,-0.16819051,-0.01386043,0.07297122,-0.31319957,0.01875670,0.17297073,-0.16759094,-0.02314462,0.06264967,-0.30946052,0.11045312,0.23195406,0.17578268,-0.11014605,-0.20811365,-0.12357533,0.10666342,0.17827323,0.06780524,-0.10010563,-0.14329310,-0.01008030,0.09066175,0.10418177,-0.04793526,-0.07860405,-0.06206683,0.10456883,0.01739163,-0.00116902,-0.99984807,-0.02247539,-0.00899720,0.00000000,-0.33515960,0.00000000,0.00000000
10210440000000,synthetic_50hz_03,522,0.02,87.39022016,88.19944833,14.46120370,14.46196203,14.45492022,4.99386019,123.07039425,1,1,0,0,1,0.02458505,0.00000000,0.00000000,-0.00351523,0.02487057,0.06631867,-0.00091124,-0.03406428,-0.07313588,0.00531144,0.04227590,0.07784454,-0.00955851,-0.04926869,-0.08030891,0.01353000,0.05484104,0.08045794,-0.01711142,-0.05883229,-0.07828732,-0.00427256,0.13775985,-0.18060788,-0.00128538,0.09245797,-0.30571376,0.00680956,0.15647267,-0.16992459,-0.01215063,0.07569938,-0.31234827,0.01716424,0.17080757,-0.16753489,-0.02171503,0.06418585,-0.31042229,0.10862850,0.23713246,0.19296855,-0.10956036,-0.21604227,-0.14306392,0.10733354,0.18872349,0.08903470,-0.10201224,-0.15596372,-0.03243856,0.09374988,0.11870745,-0.02509280,-0.08278467,-0.07802878,0.08190072,0.01767610,-0.00071935,-0.99984351,-0.02249068,-0.00852280,0.00000000,-0.29876044,0.00000000,0.00000000
10210460000000,synthetic_50hz_03,523,0.02,86.78818868,87.91719640,14.45856464,14.45492022,14.46241713,5.00398655,123.04743998,1,1,0,0,1,0.02191505,0.00000000,0.00000000,-0.00471552,0.02203063,0.06369648,0.00032944,-0.03139990,-0.07102997,0.00406614,0.03986390,0.07631564,-0.00834449,-0.04717860,-0.07940109,0.01238227,0.05313312,0.08019737,-0.01606305,-0.05755579,-0.07868152,-0.00552220,0.13489732,-0.18320512,0.00000484,0.09515095,-0.30362650,0.00551552,0.15402663,-0.17144151,-0.01088964,0.07782825,-0.31144551,0.01597225,0.16905689,-0.16779740,-0.02062601,0.06550823,-0.31080757,0.10687514,0.23975401,0.20423327,-0.10867510,-0.22069086,-0.15616505,0.10734190,0.19526509,0.10359453,-0.10291399,-0.16420974,-0.04803732,0.09551901,0.12842015,-0.00890482,-0.08537019,-0.08892814,0.06559023,0.01792924,-0.00026944,-0.99983922,-0.02249869,-0.00804673,0.00000000,-0.26570840,0.00000000,0.00000000
10210480000000,synthetic_50hz_03,524,0.02,86.71947823,87.67765277,14.46018269,14.46241713,14.46076503,5.01411216,123.02704773,1,1,0,0,1,0.01958731,0.00000000,0.00000000,-0.00548251,0.02013337,0.06183692,0.00113354,-0.02959325,-0.06948714,0.00324811,0.03819994,0.07513401,-0.00753612,-0.04570531,-0.07861473,0.01160686,0.05189298,0.07982896,-0.01534297,-0.05658454,-0.07874168,-0.00633853,0.13297774,-0.18503947,0.00085851,0.09698594,-0.30210260,0.00464868,0.15232887,-0.17261086,-0.01003420,0.07934013,-0.31066453,0.01515245,0.16777415,-0.16816745,-0.01986510,0.06652523,-0.31085911,0.10540620,0.24068756,0.21085514,-0.10776052,-0.22299239,-0.16412359,0.10700805,0.19886824,0.11266028,-0.10317049,-0.16901062,-0.05794891,0.09635848,0.13428035,0.00156686,-0.08676840,-0.09567872,0.05486037,0.01815461,0.00018055,-0.99983518,-0.02249941,-0.00756908,0.00000000,-0.23584413,0.00000000,0.00000000
10210500000000,synthetic_50hz_03,525,0.02,86.63999252,87.47012072,14.46042727,14.46076503,14.45161458,5.02423716,123.00885152,1,1,0,0,1,0.01755711,0.00000000,0.00000000,-0.00588337,0.01907221,0.06070989,0.00156332,-0.02856125,-0.06851452,0.00280180,0.03722685,0.07434385,-0.00708614,-0.04481919,-0.07802980,0.01116619,0.05111937,0.07946612,-0.01492431,-0.05594575,-0.07861140,-0.00678869,0.13189454,-0.18614101,0.00133787,0.09804603,-0.30114921,0.00415351,0.15132220,-0.17338845,-0.00953705,0.08026465,-0.31008528,0.01466725,0.16695810,-0.16853162,-0.01940544,0.06720967,-0.31072051,0.10431008,0.24047758,0.21377495,-0.10695391,-0.22356608,-0.16789589,0.10651421,0.20020906,0.11717631,-0.10300365,-0.17107993,-0.06307849,0.09652345,0.13701848,0.00716208,-0.08726044,-0.09900673,0.04896081,0.01835533,0.00063048,-0.99983133,-0.02249284,-0.00708995,0.00000000,-0.20897727,0.00000000,0.00000000
10210520000000,synthetic_50hz_03,526,0.02,86.43921404,87.26393938,14.45672594,14.45161458,14.44040120,5.03436122,122.99251497,1,1,0,0,1,0.01578541,0.00000000,0.00000000,-0.00597311,0.01874134,0.06024952,0.00167231,-0.02821250,-0.06807380,0.00267670,0.03687028,0.07393548,-0.00694854,-0.04446507,-0.07766556,0.01102005,0.05077791,0.07915651,-0.01477384,-0.05562680,-0.07836534,-0.00692769,0.13154191,-0.18657564,0.00149644,0.09842262,-0.30072799,0.00397949,0.15093228,-0.17378395,-0.00935218,0.08065697,-0.30972702,0.01447644,0.16657436,-0.16884226,-0.01921380,0.06757413,-0.31046644,0.10359602,0.23943903,0.21366643,-0.10630496,-0.22280222,-0.16819857,0.10594909,0.19974192,0.11788148,-0.10253865,-0.17092297,-0.06416580,0.09617197,0.13717622,0.00860020,-0.08703261,-0.09947463,0.04721336,0.01853411,0.00108021,-0.99982765,-0.02247899,-0.00660943,0.00000000,-0.18489878,0.00000000,0.00000000
10210540000000,synthetic_50hz_03,527,0.02,86.05889030,87.02292957,14.44986955,14.44040120,14.43358756,5.04448363,122.97773080,1,1,0,0,1,0.01423824,0.00000000,0.00000000,-0.00579614,0.01904160,0.06037201,0.00150561,-0.02845589,-0.06810124,0.00282832,0.03704979,0.07386707,-0.00708072,-0.04457553,-0.07750328,0.01112897,0.05081613,0.07890504,-0.01485638,-0.05559168,-0.07803192,-0.00679995,0.13182067,-0.18642714,0.00137934,0.09820681,-0.30077521,0.00408216,0.15107867,-0.17383919,-0.00943701,0.08058451,-0.30957103,0.01454057,0.16657046,-0.16909445,-0.01925498,0.06765465,-0.31012532,0.10322509,0.23773022,0.21100284,-0.10580773,-0.22093029,-0.16556167,0.10533989,0.19776084,0.11534729,-0.10183504,-0.16888985,-0.06180738,0.09539425,0.13514969,0.00648554,-0.08620320,-0.09751310,0.04902328,0.01869334,0.00152959,-0.99982409,-0.02245785,-0.00612761,0.00000000,-0.16339074,0.00000000,0.00000000
10210560000000,synthetic_50hz_03,528,0.02,86.23702086,86.86574783,14.44303112,14.43358756,14.40818121,5.05460382,122.96421896,1,1,0,0,1,0.01288611,0.00000000,0.00000000,-0.00538836,0.01988239,0.06098629,0.00110110,-0.02920460,-0.06852029,0.00321791,0.03768483,0.07407881,-0.00744415,-0.04507858,-0.07750160,0.01145577,0.05117270,0.07868999,-0.01513711,-0.05579149,-0.07760971,-0.00644136,0.13264025,-0.18578660,0.00102442,0.09748543,-0.30121433,0.00442273,0.15168081,-0.17361398,-0.00975300,0.08011926,-0.30957594,0.01482243,0.16688508,-0.16930990,-0.01949421,0.06750011,-0.30969570,0.10313069,0.23540628,0.20611296,-0.10542250,-0.21807079,-0.16037661,0.10467493,0.19444822,0.11001653,-0.10090953,-0.16521962,-0.05648462,0.09423486,0.13122766,0.00132424,-0.08484336,-0.09345235,0.05387433,0.01883505,0.00197848,-0.99982065,-0.02242943,-0.00564460,0.00000000,-0.14423388,0.00000000,0.00000000
10210580000000,synthetic_50hz_03,529,0.02,85.78246598,86.64909146,14.42839416,14.40818121,14.39090802,5.06472036,122.95172396,1,1,0,0,1,0.01170349,0.00000000,0.00000000,-0.00477911,0.02118165,0.06200010,0.00049083,-0.03037754,-0.06924929,0.00381161,0.03869764,0.07450199,-0.00800416,-0.04590206,-0.07760676,0.01196594,0.05178311,0.07847409,-0.01558274,-0.05617122,-0.07707898,-0.00588125,0.13391858,-0.18474626,0.00046374,0.09633955,-0.30196368,0.00496738,0.15266096,-0.17317705,-0.01026547,0.07933338,-0.30968800,0.01528755,0.16745369,-0.16952590,-0.01989815,0.06716552,-0.30915787,0.10323187,0.23245748,0.19922537,-0.10509049,-0.21427340,-0.15293585,0.10391930,0.18991171,0.10223713,-0.09975207,-0.16007478,-0.04859086,0.09270895,0.12562282,-0.00645630,-0.08299298,-0.08754909,0.06131733,0.01896103,0.00242672,-0.99981728,-0.02239375,-0.00516047,0.00000000,-0.12721330,0.00000000,0.00000000
10210600000000,synthetic_50hz_03,530,0.02,85.87297920,86.49386900,14.41264998,14.39090802,14.35821984,5.07483192,122.94001166,1,1,0,0,1,0.01066831,0.00000000,0.00000000,-0.00399293,0.02286497,0.06332334,-0.00029760,-0.03189962,-0.07020609,0.00457954,0.04001459,0.07506477,-0.00872946,-0.04697593,-0.07775930,0.01262770,0.05258292,0.07821199,-0.01616188,-0.05667393,-0.07640979,-0.00514418,0.13558125,-0.18339624,-0.00027508,0.09484429,-0.30294111,0.00568621,0.15394548,-0.17260021,-0.01094315,0.07829692,-0.30984774,0.01590412,0.16821188,-0.16978780,-0.02043544,0.06670783,-0.30848189,0.10344189,0.22883627,0.19050207,-0.10474364,-0.20954445,-0.14346392,0.10302558,0.18421138,0.09228965,-0.09833724,-0.15356740,-0.03845462,0.09081380,0.11849600,-0.01648908,-0.08067215,-0.08000831,0.07095738,0.01907282,0.00287418,-0.99981397,-0.02235081,-0.00467534,0.00000000,-0.11212246,0.00000000,0.00000000
10210620000000,synthetic_50hz_03,531,0.02,85.45817134,86.28672947,14.38978932,14.35821984,14.33098217,5.08493651,122.92886577,1,1,0,0,1,0.00976151,0.00000000,0.00000000,-0.00305096,0.02486440,0.06486989,-0.00123986,-0.03370130,-0.07131081,0.00549493,0.04156658,0.07569581,-0.00959159,-0.04823347,-0.07789846,0.01341171,0.05350977,0.07785526,-0.01684517,-0.05724336,-0.07556746,-0.00425127,0.13756030,-0.18182264,-0.00116774,0.09306916,-0.30406674,0.00655245,0.15546527,-0.17195482,-0.01175758,0.07707658,-0.30999441,0.01664282,0.16909727,-0.17014401,-0.02107672,0.06618328,-0.30763307,0.10367366,0.22447587,0.18006339,-0.10431100,-0.20386637,-0.13214087,0.10194100,0.17737931,0.08040867,-0.09663199,-0.14577832,-0.02635825,0.08853704,0.10997448,-0.02845210,-0.07788952,-0.07100002,0.08244215,0.01917174,0.00332070,-0.99981069,-0.02230063,-0.00418929,0.00000000,-0.09876599,0.00000000,0.00000000
10210640000000,synthetic_50hz_03,532,0.02,85.49520146,86.12842387,14.36509032,14.33098217,14.28926290,5.09503227,122.91808419,1,1,0,0,1,0.00896665,0.00000000,0.00000000,-0.00197204,0.02711739,0.06655849,-0.00231403,-0.03571808,-0.07248740,0.00653339,0.04328900,0.07632647,-0.01056439,-0.04961187,-0.07796501,0.01429081,0.05450441,0.07735578,-0.01760522,-0.05782557,-0.07451634,-0.00322137,0.13979320,-0.18010673,-0.00219232,0.09107867,-0.30526452,0.00754173,0.15715572,-0.17130951,-0.01268259,0.07573517,-0.31006877,0.01747648,0.17005062,-0.17064268,-0.02179460,0.06564583,-0.30657576,0.10384316,0.21930314,0.16800594,-0.10372293,-0.19721115,-0.11911952,0.10061231,0.16943346,0.06679883,-0.09460099,-0.13677093,-0.01255230,0.08586228,0.10016524,-0.04205612,-0.07464812,-0.06067173,0.09545204,0.01925893,0.00376615,-0.99980744,-0.02224322,-0.00370242,0.00000000,-0.08696140,0.00000000,0.00000000
10210660000000,synthetic_50hz_03,533,0.02,85.30441505,85.96362211,14.33324280,14.28926290,14.24264626,5.10511679,122.90747527,1,1,0,0,1,0.00826956,0.00000000,0.00000000,-0.00077348,0.02956585,0.06831311,-0.00349988,-0.03788991,-0.07366455,0.00767233,0.04512158,0.07689219,-0.01162358,-0.05105238,-0.07790300,0.01523972,0.05551131,0.07666783,-0.01841649,-0.05836982,-0.07322230,-0.00207177,0.14222185,-0.17832455,-0.00332857,0.08893287,-0.30646312,0.00863144,0.15895658,-0.17072885,-0.01369391,0.07433146,-0.31001488,0.01837983,0.17101640,-0.17132949,-0.02256354,0.06514619,-0.30527583,0.10387156,0.21324712,0.15441520,-0.10291376,-0.18954959,-0.10453776,0.09898891,0.16038725,0.05164644,-0.09221016,-0.12660087,0.00273386,0.08277295,0.08916453,-0.05703535,-0.07094936,-0.04915754,0.10969248,0.01933538,0.00421038,-0.99980419,-0.02217861,-0.00321482,0.00000000,-0.07653998,0.00000000,0.00000000
10210680000000,synthetic_50hz_03,534,0.02,85.11807675,85.79451303,14.29519226,14.24264626,14.18963368,5.11518728,122.89685407,1,1,0,0,1,0.00765805,0.00000000,0.00000000,0.00052836,0.03215538,0.07006309,-0.00477832,-0.04016069,-0.07477612,0.00889053,0.04700816,0.07733331,-0.01274642,-0.05250035,-0.07766095,0.01623482,0.05647894,0.07574959,-0.01925516,-0.05882921,-0.07165434,-0.00081885,0.14479185,-0.17654677,-0.00455743,0.08668785,-0.30759643,0.00980038,0.16081166,-0.17027250,-0.01476880,0.07292006,-0.30978124,0.01932925,0.17194309,-0.17224630,-0.02335971,0.06473129,-0.30370229,0.10368645,0.20624475,0.13937432,-0.10182349,-0.18085752,-0.08852717,0.09702491,0.15025608,0.03512774,-0.08942906,-0.11532269,0.01928444,0.07925493,0.07706450,-0.07314065,-0.06679584,-0.03658449,0.12488817,0.01940194,0.00465324,-0.99980094,-0.02210681,-0.00272659,0.00000000,-0.06734710,0.00000000,0.00000000
10210700000000,synthetic_50hz_03,535,0.02,84.90704899,85.61702023,14.25085765,14.18963368,14.12975987,5.12524070,122.88603841,1,1,0,0,1,0.00712161,0.00000000,0.00000000,0.00191762,0.03483474,0.07174313,-0.00613111,-0.04247792,-0.07576143,0.01016785,0.04889644,0.07759550,-0.01391144,-0.05390526,-0.07719246,0.01725395,0.05735996,0.07456392,-0.02009903,-0.05916094,-0.06978567,0.00052154,0.14745196,-0.17483866,-0.00586065,0.08439613,-0.30860377,0.01102840,0.16266869,-0.16999478,-0.01588579,0.07155154,-0.30932147,0.02030259,0.17278334,-0.17343023,-0.02416093,0.06444390,-0.30182836,0.10322261,0.19824445,0.12296988,-0.10039877,-0.17111978,-0.07121880,0.09468038,0.13906164,0.01741445,-0.08623230,-0.10299429,0.03689197,0.07529812,0.06395756,-0.09013477,-0.06219305,-0.02307691,0.14077895,0.01945934,0.00509459,-0.99979767,-0.02202785,-0.00223783,0.00000000,-0.05924208,0.00000000,0.00000000
10210720000000,synthetic_50hz_03,536,0.02,84.44821104,85.38325839,14.19999659,14.12975987,14.07074506,5.13527370,122.87484499,1,1,0,0,1,0.00665121,0.00000000,0.00000000,0.00337875,0.03755547,0.07329325,-0.00754057,-0.04479235,-0.07656535,0.01148500,0.05073784,0.07763004,-0.01509830,-0.05522054,-0.07645662,0.01827632,0.05811120,0.07307891,-0.02092742,-0.05932649,-0.06759431,0.00193386,0.15015373,-0.17326021,-0.00722054,0.08210695,-0.30942998,0.01229622,0.16447908,-0.16994443,-0.01702455,0.07027242,-0.30859465,0.02127904,0.17349398,-0.17491319,-0.02494651,0.06432257,-0.29963204,0.10242241,0.18920831,0.10529556,-0.09859349,-0.16033264,-0.05274688,0.09192208,0.12683450,-0.00132251,-0.08260051,-0.08967966,0.05535378,0.07089753,0.04993931,-0.10778917,-0.05715054,-0.00875919,0.15711694,0.01950820,0.00553429,-0.99979439,-0.02194176,-0.00174863,0.00000000,-0.05209769,0.00000000,0.00000000
10210740000000,synthetic_50hz_03,537,0.02,84.83772410,85.27415153,14.14571094,14.07074506,13.97675054,5.14528312,122.86308518,1,1,0,0,1,0.00623908,0.00000000,0.00000000,0.00489632,0.04027162,0.07465872,-0.00898946,-0.04705782,-0.07713826,0.01282342,0.05248732,0.07739387,-0.01628768,-0.05640358,-0.07541818,0.01928236,0.05869371,0.07126815,-0.02172111,-0.05929166,-0.06506342,0.00340268,0.15285121,-0.17186617,-0.00861987,0.07986645,-0.31002545,0.01358529,0.16619778,-0.17016449,-0.01816575,0.06912533,-0.30756554,0.02223904,0.17403607,-0.17672160,-0.02569724,0.06440146,-0.29709649,0.10123588,0.17911326,0.08645427,-0.09636906,-0.14850520,-0.03325101,0.08872387,0.11361567,-0.02091089,-0.07852074,-0.07545055,0.07446992,0.06605381,0.03511015,-0.12588195,-0.05168252,0.00624249,0.17366474,0.01954907,0.00597220,-0.99979107,-0.02184855,-0.00125909,0.00000000,-0.04579946,0.00000000,0.00000000
10210760000000,synthetic_50hz_03,538,0.02,85.09290753,85.23790273,14.07474757,13.97675054,13.85617039,5.15526426,122.85056065,1,1,0,0,1,0.00587855,0.00000000,0.00000000,0.00645494,0.04293961,0.07578994,-0.01046087,-0.04923113,-0.07743605,0.01416521,0.05410330,0.07684964,-0.01746116,-0.05741564,-0.07404761,0.02025370,0.05907266,0.06911076,-0.02246231,-0.05902659,-0.06218142,0.00491260,0.15550081,-0.17070612,-0.01004175,0.07771784,-0.31034608,0.01487769,0.16778324,-0.17069233,-0.01929099,0.06814901,-0.30620460,0.02316424,0.17437480,-0.17887632,-0.02639532,0.06471046,-0.29421013,0.09962080,0.16795151,0.06655920,-0.09369443,-0.13565996,-0.01287727,0.08506681,0.09945728,-0.04117592,-0.07398668,-0.06038720,0.09404199,0.06077347,0.01957612,-0.14419678,-0.04580813,0.02179934,0.19019432,0.01958242,0.00640817,-0.99978772,-0.02174827,-0.00076930,0.00000000,-0.04024483,0.00000000,0.00000000
10210780000000,synthetic_50hz_03,539,0.02,84.90730042,85.17178227,13.98294515,13.85617039,13.72725172,5.16521065,122.83705858,1,1,0,0,1,0.00556391,0.00000000,0.00000000,0.00803921,0.04551815,0.07664240,-0.01193824,-0.05127197,-0.07742003,0.01549309,0.05554760,0.07596560,-0.01860126,-0.05822176,-0.07232105,0.02117315,0.05921736,0.06659145,-0.02313461,-0.05850570,-0.05894198,0.00644823,0.15806123,-0.16982459,-0.01146960,0.07570145,-0.31035317,0.01615615,0.16919724,-0.17155968,-0.02038277,0.06737842,-0.30448796,0.02403744,0.17447944,-0.18139266,-0.02702435,0.06527514,-0.29096665,0.09754255,0.15573055,0.04573406,-0.09054607,-0.12183286,0.00822145,0.08093911,0.08442267,-0.06193994,-0.06899864,-0.04457854,0.11387266,0.05506890,0.00344919,-0.16252238,-0.03955151,0.03777960,0.20648651,0.01960863,0.00684207,-0.99978433,-0.02164094,-0.00027935,0.00000000,-0.03534228,0.00000000,0.00000000
10210800000000,synthetic_50hz_03,540,0.02,84.38636118,85.01469805,13.87555391,13.72725172,13.60072694,5.17511501,122.82234642,1,1,0,0,1,0.00529026,0.00000000,0.00000000,0.00963378,0.04796819,0.07717656,-0.01340532,-0.05314283,-0.07705685,0.01679039,0.05678535,0.07471556,-0.01969138,-0.05879071,-0.07022018,0.02202466,0.05910111,0.06370033,-0.02372295,-0.05770760,-0.05534396,0.00799422,0.16049346,-0.16926111,-0.01288717,0.07385476,-0.31001338,0.01740401,0.17040495,-0.17279274,-0.02142449,0.06684478,-0.30239733,0.02484258,0.17432331,-0.18428050,-0.02756928,0.06611688,-0.28736489,0.09497394,0.14247277,0.02411279,-0.08690775,-0.10707293,0.02988566,0.07633598,0.06858612,-0.08302248,-0.06356340,-0.02812195,0.13376574,0.04895825,-0.01315299,-0.18065246,-0.03294162,0.05404872,0.22233089,0.01962806,0.00727374,-0.99978090,-0.02152660,0.00021064,0.00000000,-0.03101031,0.00000000,0.00000000
10210820000000,synthetic_50hz_03,541,0.02,84.43921469,84.89960138,13.76012658,13.60072694,13.45112009,5.18497036,122.80616602,1,1,0,0,1,0.00505343,0.00000000,0.00000000,0.01122331,0.05025297,0.07735779,-0.01484620,-0.05480907,-0.07631839,0.01804107,0.05778499,0.07307870,-0.02071581,-0.05909495,-0.06773212,0.02279330,0.05870117,0.06043279,-0.02421364,-0.05661501,-0.05139115,0.00953524,0.16276071,-0.16905032,-0.01427856,0.07221243,-0.30929857,0.01860523,0.17137480,-0.17441234,-0.02240047,0.06657564,-0.29991979,0.02556474,0.17388368,-0.18754446,-0.02801640,0.06725296,-0.28340865,0.09189503,0.12821488,0.00183891,-0.08277034,-0.09144174,0.05194983,0.07125935,0.05203230,-0.10424083,-0.05769392,-0.01112274,0.15352652,0.04246515,-0.03010749,-0.19838597,-0.02601209,0.07046971,0.23752585,0.01964099,0.00770306,-0.99977743,-0.02140528,0.00070060,0.00000000,-0.02717657,0.00000000,0.00000000
10210840000000,synthetic_50hz_03,542,0.02,84.03512379,84.72670586,13.63034386,13.45112009,13.29809624,5.19476917,122.78822689,1,1,0,0,1,0.00484986,0.00000000,0.00000000,0.01279261,0.05233804,0.07715627,-0.01624537,-0.05623884,-0.07518162,0.01922977,0.05851824,0.07103945,-0.02165977,-0.05911054,-0.06484919,0.02346530,0.05799865,0.05678929,-0.02459433,-0.05521464,-0.04709212,0.01105608,0.16482853,-0.16922202,-0.01562827,0.07080630,-0.30818572,0.01974444,0.17207850,-0.17643403,-0.02329591,0.06659493,-0.29704769,0.02619017,0.17314166,-0.19118407,-0.02835337,0.06869667,-0.27910650,0.08829283,0.11300716,-0.02093537,-0.07813152,-0.07501266,0.07424324,0.06571764,0.03485551,-0.12541064,-0.05140910,0.00630653,0.17296239,0.03561840,-0.04728676,-0.21552756,-0.01880081,0.08690369,0.25187896,0.01964767,0.00812988,-0.99977392,-0.02127703,0.00119041,0.00000000,-0.02377691,0.00000000,0.00000000
10210860000000,synthetic_50hz_03,543,0.02,84.23938742,84.62924217,13.49079986,13.29809624,13.11815383,5.20450403,122.76819858,1,1,0,0,1,0.00467657,0.00000000,0.00000000,0.01432661,0.05419126,0.07654691,-0.01758774,-0.05740314,-0.07362849,0.02034181,0.05896005,0.06858732,-0.02250942,-0.05881712,-0.06156874,0.02402807,0.05697846,0.05277511,-0.02485398,-0.05349708,-0.04245995,0.01254170,0.16666480,-0.16980131,-0.01692120,0.06966536,-0.30665678,0.02080697,0.17249100,-0.17886833,-0.02409698,0.06692301,-0.29377838,0.02670625,0.17208214,-0.19519404,-0.02856917,0.07045742,-0.27447151,0.08416109,0.09691261,-0.04405024,-0.07299547,-0.05786995,0.09659093,0.05972535,0.01715887,-0.14634687,-0.04473333,0.02404691,0.19188355,0.02845162,-0.06455940,-0.23188815,-0.01134964,0.10321062,0.26520729,0.01964832,0.00855407,-0.99977037,-0.02114188,0.00168000,0.00000000,-0.02075449,0.00000000,0.00000000
10210880000000,synthetic_50hz_03,544,0.02,84.04611530,84.51261680,13.33428853,13.11815383,12.93221155,5.21416674,122.74570170,1,1,0,0,1,0.00453103,0.00000000,0.00000000,0.01581049,0.05578293,0.07550928,-0.01885873,-0.05827582,-0.07164578,0.02136326,0.05908858,0.06571670,-0.02325189,-0.05819780,-0.05789297,0.02447015,0.05562914,0.04840016,-0.02498292,-0.05145667,-0.03751195,0.01397726,0.16823980,-0.17080864,-0.01814277,0.06881577,-0.30469854,0.02177890,0.17259048,-0.18172082,-0.02479080,0.06757677,-0.29011403,0.02710153,0.17069370,-0.19956449,-0.02865411,0.07254087,-0.26952099,0.07949998,0.08000605,-0.06733934,-0.06737255,-0.04010787,0.11881473,0.05330275,-0.00094663,-0.16686464,-0.03769620,0.04197385,0.21010377,0.02100286,-0.08179094,-0.24728550,-0.00370399,0.11924996,0.27733788,0.01964311,0.00897548,-0.99976678,-0.02099989,0.00216925,0.00000000,-0.01805901,0.00000000,0.00000000
10210900000000,synthetic_50hz_03,545,0.02,83.50891463,84.31187636,13.16541620,12.93221155,12.75649844,5.22374900,122.72029754,1,1,0,0,1,0.00441116,0.00000000,0.00000000,0.01722972,0.05708577,0.07402747,-0.02004429,-0.05883359,-0.06922498,0.02228097,0.05888521,0.06242669,-0.02387528,-0.05723914,-0.05382862,0.02478125,0.05394284,0.04367865,-0.02497277,-0.04909134,-0.03226939,0.01534825,0.16952626,-0.17225990,-0.01927894,0.06828082,-0.30230246,0.02264706,0.17235829,-0.18499241,-0.02536549,0.06856964,-0.28606142,0.02736575,0.16896845,-0.20428120,-0.02859982,0.07494909,-0.26427623,0.07431577,0.06237323,-0.09063098,-0.06127898,-0.02182979,0.14073433,0.04647548,-0.01934303,-0.18678024,-0.03033208,0.05995817,0.22744119,0.01331418,-0.09884469,-0.26154490,0.00408756,0.13488147,0.28810816,0.01963220,0.00939398,-0.99976315,-0.02085109,0.00265808,0.00000000,-0.01564587,0.00000000,0.00000000
10210920000000,synthetic_50hz_03,546,0.02,82.93774523,84.03705014,12.99367074,12.75649844,12.59352985,5.23324366,122.69147581,1,1,0,0,1,0.00431528,0.00000000,0.00000000,0.01857014,0.05807498,0.07208999,-0.02113096,-0.05905601,-0.06636209,0.02308258,0.05833443,0.05872093,-0.02436871,-0.05593104,-0.04938683,0.02495228,0.05191513,0.03862888,-0.02481646,-0.04640248,-0.02675724,0.01664050,0.17049938,-0.17416660,-0.02031626,0.06808095,-0.29946456,0.02339912,0.17177896,-0.18867948,-0.02581016,0.06991174,-0.28163165,0.02748978,0.16690199,-0.20932584,-0.02839924,0.07768068,-0.25876218,0.06862061,0.04410986,-0.11374923,-0.05473646,-0.00314714,0.16216829,0.03927423,-0.03790630,-0.20591196,-0.02267970,0.07786689,0.24371910,0.00543131,-0.11558254,-0.27449970,0.01197367,0.14996589,0.29736635,0.01961569,0.00980944,-0.99975949,-0.02069553,0.00314639,0.00000000,-0.01347552,0.00000000,0.00000000
10210940000000,synthetic_50hz_03,547,0.02,82.83605004,83.79685012,12.82561157,12.59352985,12.42705865,5.24264531,122.65864025,1,1,0,0,1,0.00424204,0.00000000,0.00000000,0.01981798,0.05872828,0.06968968,-0.02210595,-0.05892550,-0.06305750,0.02375659,0.05742386,0.05460735,-0.02472232,-0.05426668,-0.04458285,0.02497530,0.04954495,0.03327299,-0.02450822,-0.04339483,-0.02100387,0.01784024,0.17113689,-0.17653588,-0.02124192,0.06823373,-0.29618524,0.02402356,0.17084009,-0.19277408,-0.02611496,0.07160987,-0.27683999,0.02746572,0.16449326,-0.21467631,-0.02804658,0.08073091,-0.25300722,0.06243216,0.02532072,-0.13651504,-0.04777187,0.01582136,0.18293510,0.03173431,-0.05650731,-0.22408105,-0.01478183,0.09556412,0.25876665,-0.00259682,-0.13186577,-0.28599188,0.01990060,0.16436567,0.30497183,0.01959370,0.01022172,-0.99975579,-0.02053327,0.00363408,0.00000000,-0.01151279,0.00000000,0.00000000
10210960000000,synthetic_50hz_03,548,0.02,82.49266961,83.53601402,12.65821934,12.42705865,12.27143388,5.25194960,122.62109166,1,1,0,0,1,0.00419043,0.00000000,0.00000000,0.02095996,0.05902593,0.06682357,-0.02295711,-0.05842731,-0.05931584,0.02429239,0.05614420,0.05009801,-0.02492731,-0.05224243,-0.03943583,0.02484356,0.04683448,0.02763670,-0.02404356,-0.04007628,-0.01504078,0.01893420,0.17141903,-0.17937071,-0.02204378,0.06875392,-0.29246910,0.02450978,0.16953238,-0.19726415,-0.02627107,0.07366766,-0.27170560,0.02728680,0.16174443,-0.22030688,-0.02753737,0.08409187,-0.24704286,0.05577330,0.00611880,-0.15874724,-0.04041696,0.03495072,0.20285403,0.02389537,-0.07501259,-0.24111245,-0.00668486,0.11291182,0.27241948,-0.01071837,-0.14755574,-0.29587253,0.02781258,0.17794557,0.31079544,0.01956630,0.01063069,-0.99975207,-0.02036436,0.00412106,0.00000000,-0.00972629,0.00000000,0.00000000
10210980000000,synthetic_50hz_03,549,0.02,81.82430846,83.19367291,12.49576945,12.27143388,12.14110052,5.26115358,122.57800783,1,1,0,0,1,0.00415975,0.00000000,0.00000000,0.02198333,0.05895073,0.06349277,-0.02367303,-0.05754951,-0.05514578,0.02468023,0.05448911,0.04520890,-0.02497589,-0.04985776,-0.03396863,0.02455148,0.04378899,0.02174903,-0.02341924,-0.03645777,-0.00890240,0.01990962,0.17132863,-0.18267000,-0.02271045,0.06965344,-0.28832482,0.02484804,0.16784949,-0.20213371,-0.02627073,0.07608564,-0.26625133,0.02694744,0.15866077,-0.22618851,-0.02686836,0.08775264,-0.24090349,0.04867191,-0.01337549,-0.18026350,-0.03270795,0.05411035,0.22174603,0.01580100,-0.09328518,-0.25683551,0.00156149,0.12977055,0.28452031,-0.01887897,-0.16251457,-0.30400225,0.03565215,0.19057323,0.31471967,0.01953354,0.01103621,-0.99974831,-0.02018885,0.00460723,0.00000000,-0.00808787,0.00000000,0.00000000
10211000000000,synthetic_50hz_03,550,0.02,81.62354336,82.87964700,12.34680850,12.14110052,12.01690922,5.27025654,122.52842000,1,1,0,0,1,0.00414957,0.00000000,0.00000000,0.02287587,0.05848803,0.05970233,-0.02424305,-0.05628295,-0.05055988,0.02491130,0.05245521,0.03995975,-0.02486134,-0.04711516,-0.02820757,0.02409462,0.04041676,0.01564216,-0.02263324,-0.03255313,-0.00262577,0.02075430,0.17085101,-0.18642870,-0.02323125,0.07094144,-0.28376497,0.02502952,0.16578805,-0.20736303,-0.02610721,0.07886132,-0.26050348,0.02644321,0.15525057,-0.23228905,-0.02603754,0.09169937,-0.23462620,0.04116049,-0.03303515,-0.20088111,-0.02468533,0.07316489,0.23943436,0.00749848,-0.11118525,-0.27108460,0.00990455,0.14600010,0.29491934,-0.02702203,-0.17660569,-0.31025143,0.04336046,0.20211965,0.31663882,0.01949546,0.01143815,-0.99974454,-0.02000680,0.00509250,0.00000000,-0.00657212,0.00000000,0.00000000
10211020000000,synthetic_50hz_03,551,0.02,81.36825367,82.57736833,12.20825080,12.01690922,11.90258470,5.27925921,122.47118511,1,1,0,0,1,0.00415975,0.00000000,0.00000000,0.02362597,0.05762570,0.05546111,-0.02465727,-0.05462123,-0.04557445,0.02497769,0.05004200,0.03437386,-0.02457799,-0.04402004,-0.02218226,0.02346969,0.03672896,0.00935113,-0.02168475,-0.02837896,0.00374960,0.02145662,0.16997405,-0.19063794,-0.02359629,0.07262433,-0.27880585,0.02504631,0.16334756,-0.21292881,-0.02577484,0.08198930,-0.25449168,0.02577082,0.15152499,-0.23857343,-0.02504410,0.09591547,-0.22825047,0.03327599,-0.05272714,-0.22041768,-0.01639353,0.09197480,0.25574524,-0.00096157,-0.12857079,-0.28369954,0.01828894,0.16146002,0.30347465,-0.03508903,-0.18969429,-0.31450045,0.05087750,0.21245958,0.31645905,0.01945208,0.01183638,-0.99974075,-0.01981827,0.00557677,0.00000000,-0.00515588,0.00000000,0.00000000
10211040000000,synthetic_50hz_03,552,0.02,81.18633632,82.29916193,12.07987104,11.90258470,11.79540363,5.28816347,122.40495342,1,1,0,0,1,0.00419043,0.00000000,0.00000000,0.02422263,0.05635412,0.05078167,-0.02490655,-0.05256061,-0.04020943,0.02487241,0.04725176,0.02847793,-0.02412118,-0.04058062,-0.01592541,0.02267452,0.03273952,0.00291374,-0.02057415,-0.02395452,0.01018193,0.02200558,0.16868814,-0.19528517,-0.02379643,0.07470583,-0.27346740,0.02489143,0.16053029,-0.21880434,-0.02526897,0.08546135,-0.24824864,0.02492810,0.14749798,-0.24500387,-0.02388842,0.10038168,-0.22181809,0.02505956,-0.07231302,-0.23869169,-0.00788071,0.11039691,0.27050827,-0.00952535,-0.14529800,-0.29452597,0.02665679,0.17601008,0.31005236,-0.04301970,-0.20164771,-0.31663978,0.05814234,0.22147175,0.31409834,0.01940339,0.01223078,-0.99973695,-0.01962331,0.00605995,0.00000000,-0.00381786,0.00000000,0.00000000
10211060000000,synthetic_50hz_03,553,0.02,81.39071271,82.11747209,11.96039473,11.79540363,11.68051704,5.29697196,122.32813082,1,1,0,0,1,0.00424204,0.00000000,0.00000000,0.02465546,0.05466612,0.04568015,-0.02498255,-0.05010002,-0.03448821,0.02458938,0.04408952,0.02230195,-0.02348729,-0.03680789,-0.00947271,0.02170805,0.02846507,-0.00362962,-0.01930296,-0.01930159,0.01662732,0.02239079,0.16698611,-0.20035424,-0.02382333,0.07718703,-0.26777301,0.02455880,0.15734128,-0.22495965,-0.02458597,0.08926648,-0.24181005,0.02391400,0.14318616,-0.25153998,-0.02257202,0.10507620,-0.21537295,0.01655635,-0.09164934,-0.25552281,0.00080146,0.12828477,0.28355670,-0.01813615,-0.16122170,-0.30341552,0.03494797,0.18951053,0.31452673,-0.05075223,-0.21233568,-0.31656999,0.06509327,0.22903909,0.30948638,0.01934938,0.01262121,-0.99973315,-0.01942200,0.00654194,0.00000000,-0.00253823,0.00000000,0.00000000
10211080000000,synthetic_50hz_03,554,0.02,81.40340063,81.97465779,11.84284610,11.68051704,11.56734596,5.30568713,122.23883537,1,1,0,0,1,0.00431528,0.00000000,0.00000000,0.02491468,0.05255699,0.04017622,-0.02487768,-0.04724097,-0.02843757,0.02412344,0.04056297,0.01587906,-0.02267371,-0.03271552,-0.00286274,0.02057029,0.02392487,-0.01023611,-0.01787381,-0.01444445,0.02303985,0.02260249,0.16486324,-0.20582549,-0.02366940,0.08006641,-0.26174946,0.02404326,0.15378822,-0.23136159,-0.02372324,0.09339100,-0.23521447,0.02272852,0.13860879,-0.25813891,-0.02109755,0.10997477,-0.20896099,0.00781537,-0.11058790,-0.27073215,0.00959787,0.14548895,0.29472757,-0.02673441,-0.17619549,-0.31022585,0.04310017,0.20182223,0.31678018,-0.05822334,-0.22163034,-0.31420159,0.07166790,0.23504875,0.30256442,0.01929001,0.01300756,-0.99972934,-0.01921440,0.00702265,0.00000000,-0.00129821,0.00000000,0.00000000
10211100000000,synthetic_50hz_03,555,0.02,81.39693922,81.85911408,11.72713604,11.56734596,11.45633105,5.31431118,122.13484772,1,1,0,0,1,0.00441116,0.00000000,0.00000000,0.02499115,0.05002437,0.03429294,-0.02458512,-0.04398750,-0.02208763,0.02347030,0.03668244,0.00924553,-0.02167881,-0.02831982,0.00386312,0.01926232,0.01914072,-0.01686040,-0.01629048,-0.00940979,0.02937159,0.02263152,0.16231717,-0.21167586,-0.02332784,0.08333993,-0.25542687,0.02334053,0.14988145,-0.23797389,-0.02267915,0.09781863,-0.22850330,0.02137275,0.13378768,-0.26475534,-0.01946876,0.11505070,-0.20263012,-0.00111056,-0.12897585,-0.28414217,0.01845014,0.16185703,0.30386159,-0.03525779,-0.19007179,-0.31482054,0.05104895,0.21280670,0.31670307,-0.06536834,-0.22940629,-0.30945490,0.07780313,0.23939199,0.29328500,0.01922521,0.01338968,-0.99972555,-0.01900057,0.00750198,0.00000000,-0.00007974,0.00000000,0.00000000
10211120000000,synthetic_50hz_03,556,0.02,81.35821228,81.75893372,11.61339795,11.45633105,11.34788782,5.32284620,122.01355535,1,1,0,0,1,0.00453103,0.00000000,0.00000000,0.02487629,0.04706828,0.02805683,-0.02409881,-0.04034618,-0.01547183,0.02262655,0.03246088,0.00244077,-0.02050195,-0.02363972,0.01066066,0.01778627,0.01413701,-0.02345473,-0.01455780,-0.00422673,0.03557260,0.02246931,0.15934794,-0.21787883,-0.02279257,0.08700101,-0.24883866,0.02244718,0.14563390,-0.24475714,-0.02145306,0.10253042,-0.22172075,0.01984881,0.12874722,-0.27134151,-0.01769050,0.12027484,-0.19643028,-0.01016481,-0.14665558,-0.29557644,0.02729648,0.17723349,0.31080292,-0.04364119,-0.20270167,-0.31706882,0.05872770,0.22232587,0.31419347,-0.07212106,-0.23554031,-0.30225978,0.08343514,0.24196402,0.28161179,0.01915490,0.01376747,-0.99972177,-0.01878058,0.00797984,0.00000000,0.00113487,0.00000000,0.00000000
10211140000000,synthetic_50hz_03,557,0.02,81.04460337,81.61606765,11.50188369,11.34788782,11.25120698,5.33129415,121.87189105,1,1,0,0,1,0.00467657,0.00000000,0.00000000,0.02456212,0.04369109,0.02149785,-0.02341339,-0.03632612,-0.00862696,0.02158963,0.02791385,-0.00449264,-0.01914344,-0.01869681,0.01748273,0.01614533,0.00894073,-0.02996877,-0.01268174,0.00107311,0.04159081,0.02210789,0.15595790,-0.22440444,-0.02205823,0.09104055,-0.24202165,0.02136068,0.14106114,-0.25166877,-0.02004528,0.10750478,-0.21491396,0.01815991,0.12351439,-0.27784709,-0.01576874,0.12561560,-0.19041356,-0.01928683,-0.16346430,-0.30485917,0.03607164,0.19145930,0.31539870,-0.05181650,-0.21393443,-0.31684514,0.06606746,0.23024174,0.30915679,-0.07841366,-0.23991107,-0.29255530,0.08849916,0.24266365,0.26751931,0.01907898,0.01414079,-0.99971801,-0.01855451,0.00845614,0.00000000,0.00236331,0.00000000,0.00000000
10211160000000,synthetic_50hz_03,558,0.02,80.60430212,81.41371454,11.39659948,11.25120698,11.16769256,5.33965743,121.70626681,1,1,0,0,1,0.00484986,0.00000000,0.00000000,0.02404117,0.03989751,0.01464958,-0.02252420,-0.03193896,-0.00159339,0.02035785,0.02305960,-0.01150874,-0.01760457,-0.01351542,0.02427906,0.01434374,0.00358159,-0.03634941,-0.01066938,0.00645551,0.04737179,0.02153978,0.15215176,-0.23121912,-0.02112020,0.09544691,-0.23501619,0.02007933,0.13618143,-0.25866280,-0.01845711,0.11271738,-0.20813320,0.01631028,0.11811890,-0.28421896,-0.01371056,0.13103874,-0.18463437,-0.02841189,-0.17923340,-0.31181446,0.04470660,0.20437126,0.31749839,-0.05971239,-0.22361701,-0.31402869,0.07299665,0.23641578,0.30150540,-0.08417638,-0.24239856,-0.28028957,0.09292926,0.24139289,0.25099286,0.01899732,0.01450954,-0.99971428,-0.01832243,0.00893078,0.00000000,0.00362361,0.00000000,0.00000000
10211180000000,synthetic_50hz_03,559,0.02,80.24020586,81.17901281,11.30045857,11.16769256,11.09045813,5.34793919,121.51250555,1,1,0,0,1,0.00505343,0.00000000,0.00000000,0.02330650,0.03569468,0.00754941,-0.02142731,-0.02719904,0.00558474,0.01893036,0.01791924,-0.01855787,-0.01588764,-0.00812282,0.03099598,0.01238687,-0.00190779,-0.04254045,-0.00852898,0.01188339,0.05285847,0.02075804,0.14793668,-0.23828547,-0.01997450,0.10020575,-0.22786642,0.01860228,0.13101587,-0.26568960,-0.01669085,0.11814096,-0.20143215,0.01430530,0.11259340,-0.29040092,-0.01152423,0.13650719,-0.17914979,-0.03747069,-0.19378741,-0.31626531,0.05312813,0.21580106,0.31695297,-0.06725386,-0.23159306,-0.30850273,0.07944064,0.24070814,0.29115822,-0.08933710,-0.24288348,-0.26541947,0.09665793,0.23805638,0.23202856,0.01890974,0.01487358,-0.99971060,-0.01808441,0.00940366,0.00000000,0.00493454,0.00000000,0.00000000
10211200000000,synthetic_50hz_03,560,0.02,80.46211923,81.03563409,11.21225839,11.09045813,10.99432046,5.35614297,121.28577453,1,1,0,0,1,0.00529026,0.00000000,0.00000000,0.02235165,0.03109231,0.00023896,-0.02011946,-0.02212354,0.01285903,0.01730721,0.01251693,-0.02558628,-0.01399599,-0.00254945,0.03757587,0.01028126,-0.00749152,-0.04848213,-0.00627011,0.01731652,0.05799062,0.01975623,0.14332235,-0.24556187,-0.01861790,0.10529989,-0.22062075,0.01692958,0.12558863,-0.27269540,-0.01474984,0.12374506,-0.19486841,0.01215149,0.10697374,-0.29633322,-0.00921931,0.14198070,-0.17402004,-0.04638868,-0.20694257,-0.31803241,0.06125819,0.22557390,0.31361401,-0.07436159,-0.23770182,-0.30015398,0.08532111,0.24297669,0.27804037,-0.09382078,-0.24124643,-0.24791073,0.09961556,0.23256092,0.21063370,0.01881607,0.01523279,-0.99970696,-0.01784053,0.00987471,0.00000000,0.00631596,0.00000000,0.00000000
10211220000000,synthetic_50hz_03,561,0.02,80.39058047,80.90662337,11.12072446,10.99432046,10.89223570,5.36427129,121.02052680,1,1,0,0,1,0.00556391,0.00000000,0.00000000,0.02117064,0.02610292,-0.00723537,-0.01859811,-0.01673283,0.02017623,0.01548939,0.00688031,-0.03253541,-0.01193411,0.00317056,0.04395658,0.00803476,-0.01313002,-0.05411046,-0.00390376,0.02271095,0.06270431,0.01852834,0.13832130,-0.25300193,-0.01704786,0.11070894,-0.21333240,0.01506222,0.11992735,-0.27962165,-0.01263856,0.12949556,-0.18850414,0.00985674,0.10129953,-0.30195188,-0.00680680,0.14741533,-0.16930908,-0.05508524,-0.21850502,-0.31693270,0.06901299,0.23350689,0.30733265,-0.08095106,-0.24177665,-0.28887206,0.09055528,0.24307587,0.26208315,-0.09754875,-0.23736711,-0.22773826,0.10172984,0.22481494,0.18682757,0.01871605,0.01558708,-0.99970337,-0.01759088,0.01034382,0.00000000,0.00778925,0.00000000,0.00000000
10211240000000,synthetic_50hz_03,562,0.02,80.18071557,80.76144181,11.02475918,10.89223570,10.78833486,5.37232562,120.71045971,1,1,0,0,1,0.00587855,0.00000000,0.00000000,0.01975799,0.02074226,-0.01482154,-0.01686154,-0.01105096,0.02747739,0.01347897,0.00104106,-0.03934106,-0.00970780,0.00899886,0.05007051,0.00565675,-0.01877934,-0.05935640,-0.00144261,0.02801840,0.06693101,0.01706893,0.13294928,-0.26055362,-0.01526267,0.11640887,-0.20606036,0.01300228,0.11406369,-0.28640414,-0.01036283,0.13535411,-0.18240695,0.00743039,0.09561473,-0.30718784,-0.00429936,0.15276282,-0.16508539,-0.06347243,-0.22826839,-0.31277785,0.07630189,0.23940698,0.29795864,-0.08693153,-0.24364335,-0.27454914,0.09505490,0.24085538,0.24322426,-0.10043779,-0.23112343,-0.20488711,0.10292501,0.21472808,0.16064297,0.01860943,0.01593631,-0.99969986,-0.01733552,0.01081090,0.00000000,0.00937781,0.00000000,0.00000000
10211260000000,synthetic_50hz_03,563,0.02,79.87334276,80.58382200,10.92546096,10.78833486,10.68400910,5.38030679,120.34850345,1,1,0,0,1,0.00623908,0.00000000,0.00000000,0.01810880,0.01502991,-0.02246077,-0.01490896,-0.00510639,0.03469663,0.01127929,-0.00496435,-0.04593216,-0.00732443,0.01489197,0.05584345,0.00315840,-0.02439024,-0.06414474,0.00109869,0.03318533,0.07059671,0.01537308,0.12722586,-0.26815814,-0.01326151,0.12237121,-0.19887049,0.01075309,0.10803415,-0.29297181,-0.00793001,0.14127722,-0.17665103,0.00488364,0.08996855,-0.31196590,-0.00171169,0.15796959,-0.16142302,-0.07145344,-0.23601098,-0.30537274,0.08302582,0.24306854,0.28533967,-0.09220453,-0.24311832,-0.25708012,0.09872494,0.23615889,0.22140884,-0.10239906,-0.22239089,-0.17935423,0.10312097,0.20221125,0.13212875,0.01849586,0.01628037,-0.99969643,-0.01707455,0.01127587,0.00000000,0.01110752,0.00000000,0.00000000
10211280000000,synthetic_50hz_03,564,0.02,79.29224705,80.32550701,10.82405118,10.68400910,10.58668708,5.38821517,119.92685667,1,1,0,0,1,0.00665121,0.00000000,0.00000000,0.01621892,0.00899020,-0.03008595,-0.01274074,0.00106701,0.04175957,0.00889524,-0.01109346,-0.05222924,-0.00479328,0.02080008,0.06119312,0.00055314,-0.02990702,-0.06839277,0.00370296,0.03815173,0.07362062,0.01343664,0.12117540,-0.27574839,-0.01104479,0.12856210,-0.19183715,0.00831956,0.10188118,-0.29924519,-0.00534940,0.14721509,-0.17131868,0.00222992,0.08441671,-0.31620335,0.00093908,0.16297565,-0.15840275,-0.07892058,-0.24149234,-0.29451418,0.08907543,0.24427065,0.26932119,-0.09666220,-0.24000652,-0.23636354,0.10146215,0.22882289,0.19659142,-0.10333690,-0.21104219,-0.15115147,0.10223240,0.18717704,0.10135376,0.01837497,0.01661916,-0.99969308,-0.01680804,0.01173862,0.00000000,0.01300732,0.00000000,0.00000000
10211300000000,synthetic_50hz_03,565,0.02,78.76433353,80.01327231,10.72435826,10.58668708,10.48950353,5.39605132,119.43709057,1,1,0,0,1,0.00712161,0.00000000,0.00000000,0.01408522,0.00265355,-0.03761958,-0.01035884,0.00742847,0.04858133,0.00633380,-0.01729633,-0.05814246,-0.00212615,0.02666552,0.06602732,-0.00214279,-0.03526594,-0.07200857,0.00634995,0.04284962,0.07591379,0.01125649,0.11482828,-0.28324687,-0.00861445,0.13494076,-0.18504525,0.00570866,0.09565473,-0.30513445,-0.00263278,0.15311005,-0.16650208,-0.00051454,0.07902295,-0.31980828,0.00363267,0.16771301,-0.15611352,-0.08575265,-0.24444944,-0.27999026,0.09432870,0.24277419,0.24974719,-0.10018521,-0.23409964,-0.21230380,0.10315333,0.21867589,0.16873959,-0.10314750,-0.19694762,-0.12031053,0.10016787,0.16954125,0.06841287,0.01824632,0.01695256,-0.99968984,-0.01653609,0.01219908,0.00000000,0.01510988,0.00000000,0.00000000
10211320000000,synthetic_50hz_03,566,0.02,78.53261528,79.71714091,10.62571927,10.48950353,10.37736161,5.40381580,118.87034692,1,1,0,0,1,0.00765805,0.00000000,0.00000000,0.01170605,-0.00394170,-0.04497106,-0.00776732,0.01392836,0.05506385,0.00360465,-0.02351346,-0.06356913,0.00066194,0.03242066,0.07024168,-0.00490945,-0.04039315,-0.07488912,0.00901541,0.04720109,0.07737748,0.00883098,0.10822287,-0.29056299,-0.00597455,0.14145756,-0.17859283,0.00293008,0.08941427,-0.31053688,0.00020483,0.15889445,-0.16230560,-0.00332979,0.07386111,-0.32267765,0.00634483,0.17210378,-0.15465407,-0.09181182,-0.24459249,-0.26158087,0.09864813,0.23831904,0.22646268,-0.10264036,-0.22517474,-0.18481546,0.10367343,0.20553854,0.13783993,-0.10171754,-0.17997658,-0.08689042,0.09682909,0.14922580,0.03343580,0.01810936,0.01728047,-0.99968672,-0.01625878,0.01265714,0.00000000,0.01745230,0.00000000,0.00000000
10211340000000,synthetic_50hz_03,567,0.02,78.44189502,79.46209173,10.52140905,10.37736161,10.24375690,5.41150837,118.21765650,1,1,0,0,1,0.00826956,0.00000000,0.00000000,0.00908197,-0.01074669,-0.05203321,-0.00497328,0.02050547,0.06109260,0.00072121,-0.02967308,-0.06839066,0.00355165,0.03798519,0.07371698,-0.00772212,-0.04520218,-0.07691801,0.01166995,0.05111596,0.07790146,0.00616067,0.10140803,-0.29758956,-0.00313221,0.14805129,-0.17259443,-0.00000277,0.08323161,-0.31533390,0.00314406,0.16448800,-0.15884847,-0.00619111,0.06901768,-0.32469506,0.00904617,0.17605775,-0.15413465,-0.09693977,-0.24160079,-0.23906033,0.10187745,0.23062176,0.19931868,-0.10387795,-0.21299379,-0.15383058,0.10288360,0.18922511,0.10390748,-0.09892307,-0.16000098,-0.05098867,0.09211055,0.12616395,-0.00340016,0.01796350,0.01760278,-0.99968373,-0.01597621,0.01311272,0.00000000,0.02007696,0.00000000,0.00000000
10211360000000,synthetic_50hz_03,568,0.02,78.53297409,79.27626820,10.40479515,10.24375690,10.08169623,5.41912728,117.47040245,1,1,0,0,1,0.00896665,0.00000000,0.00000000,0.00621689,-0.01769850,-0.05867783,-0.00198812,0.02708344,0.06653247,-0.00229797,-0.03568754,-0.07246895,0.00651781,0.04326276,0.07631611,-0.01054974,-0.04959069,-0.07796305,0.01427752,0.05448890,0.07736227,0.00324947,0.09444666,-0.30419839,-0.00009882,0.15464558,-0.16718514,-0.00307134,0.07719437,-0.31938742,0.00615977,0.16979433,-0.15626780,-0.00906745,0.06459499,-0.32572832,0.01170065,0.17946959,-0.15467870,-0.10095319,-0.23511922,-0.21220338,0.10383794,0.21937457,0.16818135,-0.10372900,-0.19730526,-0.11931057,0.10062951,0.16954754,0.06700001,-0.09462881,-0.13690168,-0.01275781,0.08589993,0.10030889,-0.04185220,0.01780801,0.01791939,-0.99968089,-0.01568845,0.01356573,0.00000000,0.02303243,0.00000000,0.00000000
10211380000000,synthetic_50hz_03,569,0.02,78.17750374,79.05651531,10.26909360,10.08169623,9.90935651,5.42666870,116.62094299,1,1,0,0,1,0.00976151,0.00000000,0.00000000,0.00311971,-0.02471543,-0.06475023,0.00117067,0.03356597,0.07122291,-0.00542730,-0.04144878,-0.07564220,0.00952746,0.04813661,0.07788069,-0.01335294,-0.05343664,-0.07787384,0.01679345,0.05719606,0.07562186,0.00010629,0.08742048,-0.31023478,0.00310813,0.16114415,-0.16252553,-0.00625002,0.07141062,-0.32253564,0.00921898,0.17469669,-0.15472197,-0.01191942,0.06071509,-0.32562704,0.01426359,0.18221547,-0.15642428,-0.10363876,-0.22475631,-0.18079657,0.10432463,0.20424686,0.13294709,-0.10200278,-0.17784887,-0.08126469,0.09674013,0.14632343,0.02723938,-0.08868843,-0.11057940,0.02757124,0.07807980,0.07164732,-0.08158698,0.01764207,0.01823019,-0.99967821,-0.01539562,0.01401609,0.00000000,0.02637455,0.00000000,0.00000000
10211400000000,synthetic_50hz_03,570,0.02,77.44458992,78.73413023,10.11800402,9.90935651,9.73873426,5.43412752,115.66338944,1,1,0,0,1,0.01066831,0.00000000,0.00000000,-0.00019327,-0.03169065,-0.07006261,0.00447689,0.03983078,0.07497222,-0.00863144,-0.04682258,-0.07772034,0.01253715,0.05246446,0.07822775,-0.01608140,-0.05659376,-0.07647982,0.01916201,0.05909144,0.07252693,-0.00325258,0.08043630,-0.31551095,0.00646244,0.16742471,-0.15880729,-0.00950348,0.06601460,-0.32458848,0.01227823,0.17905280,-0.15439393,-0.01469670,0.05752423,-0.32422064,0.01667925,0.18414938,-0.15952467,-0.10474781,-0.21008574,-0.14465789,0.10310266,0.18489102,0.09356676,-0.09848502,-0.15436582,-0.03977806,0.09102800,0.11939017,-0.01515746,-0.08094661,-0.08097245,0.06965598,0.06853148,0.04022026,-0.12214629,0.01746470,0.01853508,-0.99967572,-0.01509779,0.01446369,0.00000000,0.03016766,0.00000000,0.00000000
10211420000000,synthetic_50hz_03,571,0.02,77.10599664,78.40850351,9.95871072,9.73873426,9.55042049,5.44149856,114.59450535,1,1,0,0,1,0.01170349,0.00000000,0.00000000,-0.00369492,-0.03848405,-0.07438642,0.00789210,0.04572188,0.07755138,-0.01186175,-0.05164154,-0.07848049,0.01548941,0.05607234,0.07714698,-0.01867051,-0.05888655,-0.07358928,0.02131333,0.06000304,0.06790997,-0.00680000,0.07363426,-0.31979834,0.00992566,0.17333127,-0.15625944,-0.01278307,0.06117369,-0.32532306,0.01528007,0.18268870,-0.15549402,-0.01733469,0.05519794,-0.32131743,0.01887777,0.18509931,-0.16414741,-0.10399149,-0.19065389,-0.10366885,0.09990493,0.16095584,0.05008287,-0.09293807,-0.12661735,0.00494702,0.08329177,0.08862843,-0.05983429,-0.07124412,-0.04808431,0.11299650,0.05714247,0.00615389,-0.16290097,0.01727477,0.01883396,-0.99967343,-0.01479508,0.01490846,0.00000000,0.03448595,0.00000000,0.00000000
10211440000000,synthetic_50hz_03,572,0.02,76.97506038,78.12181489,9.78722882,9.55042049,9.33658548,5.44877600,113.41465314,1,1,0,0,1,0.01288611,0.00000000,0.00000000,-0.00734248,-0.04491184,-0.07744406,0.01136079,0.05104013,0.07868797,-0.01505156,-0.05569691,-0.07766328,0.01830838,0.05874793,0.07439951,-0.02103736,-0.06010521,-0.06899078,0.02315983,0.05972963,0.06159300,-0.01049322,0.06719812,-0.32281934,0.01344228,0.17866468,-0.15515439,-0.01602214,0.05709664,-0.32448002,0.01814863,0.18539204,-0.15826108,-0.01975047,0.05394600,-0.31670596,0.02077156,0.18486404,-0.17047047,-0.10103741,-0.16599791,-0.05782468,0.09443219,0.13211165,0.00268533,-0.08510445,-0.09441656,0.05253144,0.07332310,0.05399939,-0.10623371,-0.05942782,-0.01202540,0.15687321,0.04381921,-0.03029529,-0.20298998,0.01707098,0.01912674,-0.99967137,-0.01448757,0.01535031,0.00000000,0.03941495,0.00000000,0.00000000
10211460000000,synthetic_50hz_03,573,0.02,76.31048992,77.75954989,9.59795862,9.33658548,9.12004556,5.45595284,112.12867145,1,1,0,0,1,0.01423824,0.00000000,0.00000000,-0.01107104,-0.05073394,-0.07890085,0.01480401,0.05553232,0.07806143,-0.01811017,-0.05872968,-0.07497146,0.02089421,0.06023383,0.06972003,-0.02307586,-0.06000141,-0.06245853,0.02459222,0.05803912,0.05339633,-0.01426731,0.06136797,-0.32423929,0.01693335,0.18317174,-0.15581272,-0.01912997,0.05404248,-0.32176211,0.02078405,0.18690543,-0.16296044,-0.02183794,0.05401675,-0.31016045,0.02225133,0.18321146,-0.17867352,-0.09551034,-0.13568072,-0.00731074,0.08635830,0.09809419,-0.04820703,-0.07471650,-0.05767956,0.10233498,0.06092060,0.01560201,-0.15351256,-0.04536833,0.02692536,0.20026430,0.02850806,-0.06867646,-0.24124233,0.01685181,0.01941333,-0.99966957,-0.01417537,0.01578915,0.00000000,0.04505325,0.00000000,0.00000000
10211480000000,synthetic_50hz_03,574,0.02,75.71253348,77.35014661,9.39723514,9.12004556,8.89745397,5.46302191,110.74653055,1,1,0,0,1,0.01578541,0.00000000,0.00000000,-0.01478486,-0.05563939,-0.07835935,0.01811124,0.05887940,0.07530198,-0.02091547,-0.06042188,-0.07007361,0.02311670,0.06022238,0.06282499,-0.02465146,-0.05828664,-0.05376510,0.02547551,0.05467046,0.04315514,-0.01802653,0.05645478,-0.32366075,0.02028835,0.18653339,-0.15860419,-0.02198444,0.05232915,-0.31683791,0.02305613,0.18692123,-0.16987563,-0.02346257,0.05569871,-0.30145346,0.02318209,0.17988054,-0.18892141,-0.08700026,-0.09935282,0.04738493,0.07534442,0.05877623,-0.10183061,-0.06151637,-0.01650508,0.15334047,0.04591478,-0.02624191,-0.20042945,-0.02898944,0.06823233,0.24173996,0.01122832,-0.10825559,-0.27608099,0.01661548,0.01969362,-0.99966804,-0.01385857,0.01622490,0.00000000,0.05151431,0.00000000,0.00000000
10211500000000,synthetic_50hz_03,575,0.02,75.29983435,76.94008416,9.18732705,8.89745397,8.66308498,5.46997614,109.28360096,1,1,0,0,1,0.01755711,0.00000000,0.00000000,-0.01834636,-0.05923113,-0.07535952,0.02113048,0.06068573,0.06999733,-0.02330541,-0.06039074,-0.06261708,0.02480843,0.05835465,0.05343155,-0.02559621,-0.05463617,-0.04270557,0.02564605,0.04934250,0.03074836,-0.02163331,0.05285561,-0.32062368,0.02335528,0.18835401,-0.16394109,-0.02442352,0.05233945,-0.30935477,0.02479747,0.18508048,-0.17928951,-0.02445640,0.05931659,-0.29038006,0.02340020,0.17459012,-0.20133519,-0.07508412,-0.05685457,0.10531072,0.06106850,0.01428001,-0.15691734,-0.04529225,0.02870626,0.20399997,0.02821020,-0.07086490,-0.24520118,-0.01031483,0.11098048,0.27933312,-0.00787791,-0.14789644,-0.30541176,0.01635996,0.01996753,-0.99966682,-0.01353729,0.01665746,0.00000000,0.05892842,0.00000000,0.00000000
10211520000000,synthetic_50hz_03,576,0.02,75.10193106,76.57245354,8.96714538,8.66308498,8.41285727,5.47680848,107.76039649,1,1,0,0,1,0.01958731,0.00000000,0.00000000,-0.02156295,-0.06101339,-0.06939118,0.02365718,0.06047322,0.06171372,-0.02506935,-0.05818958,-0.05225703,0.02575877,0.05422831,0.04129374,-0.02570555,-0.04870362,-0.02913993,0.02491123,0.04177477,0.01614601,-0.02489506,0.05106622,-0.31461789,0.02592957,0.18815548,-0.17225718,-0.02623655,0.05452004,-0.29896784,0.02579741,0.18098088,-0.19144804,-0.02461485,0.06521678,-0.27680028,0.02271303,0.16705973,-0.21594484,-0.05937046,-0.00837723,0.16483016,0.04327892,-0.03485368,-0.21148373,-0.02593962,0.07707974,0.25204013,0.00785248,-0.11708355,-0.28533009,0.01046106,0.15371180,0.31039385,-0.02847300,-0.18590845,-0.32650882,0.01608291,0.02023497,-0.99966594,-0.01321162,0.01708676,0.00000000,0.06744470,0.00000000,0.00000000
10211540000000,synthetic_50hz_03,577,0.02,74.81416247,76.22079532,8.73434437,8.41285727,8.15674439,5.48351152,106.20172371,1,1,0,0,1,0.02191505,0.00000000,0.00000000,-0.02417294,-0.06038778,-0.05992902,0.02542366,0.05768720,0.05004174,-0.02594141,-0.05332348,-0.03871173,0.02571125,0.04742241,0.02626565,-0.02473982,-0.04015414,-0.01306231,0.02305514,0.03172820,-0.00051761,-0.02755008,0.05168500,-0.30511807,0.02774357,0.18538316,-0.18396188,-0.02715765,0.05936587,-0.28539542,0.02579948,0.17420144,-0.20649713,-0.02369828,0.07373414,-0.26070821,0.02090467,0.15705029,-0.23261607,-0.03958043,0.04529512,0.22333312,0.02188516,-0.08742236,-0.26256891,-0.00355894,0.12702917,0.29423471,-0.01486989,-0.16297368,-0.31741758,0.03287002,0.19421957,0.33144916,-0.04992248,-0.21986602,-0.33592491,0.01578160,0.02049586,-0.99966543,-0.01288167,0.01751272,0.00000000,0.07723317,0.00000000,0.00000000
10211560000000,synthetic_50hz_03,578,0.02,74.02622653,75.78188157,8.49175238,8.15674439,7.91988111,5.49007797,104.63527807,1,1,0,0,1,0.02458505,0.00000000,0.00000000,-0.02583368,-0.05666982,-0.04650599,0.02609305,0.05172634,0.03468192,-0.02560015,-0.04529157,-0.02185794,0.02436918,0.03755101,0.00840379,-0.02243564,-0.02872785,0.00529264,0.01985527,0.01907644,-0.01883648,-0.02925572,0.05539643,-0.29165720,0.02846038,0.17943569,-0.19935465,-0.02686539,0.06737778,-0.26851424,0.02450701,0.16435625,-0.22438026,-0.02144330,0.08512854,-0.24233852,0.01775262,0.14443546,-0.25094285,-0.01568361,0.10244153,0.27688839,-0.00289867,-0.14123173,-0.30594196,0.02139739,0.17595016,0.32617508,-0.03927921,-0.20559586,-0.33700442,0.05602859,0.22931414,0.33811776,-0.07116264,-0.24642118,-0.32948301,0.01545295,0.02075011,-0.99966532,-0.01254754,0.01793524,0.00000000,0.08848658,0.00000000,0.00000000
10211580000000,synthetic_50hz_03,579,0.02,73.60463635,75.34643252,8.25156645,7.91988111,7.69078746,5.49650216,103.08984492,1,1,0,0,1,0.02764833,0.00000000,0.00000000,-0.02611872,-0.04914507,-0.02884719,0.02526488,0.04201559,0.01558985,-0.02368265,-0.03367478,-0.00188305,0.02141763,0.02436310,-0.01187805,-0.01853514,-0.01434903,0.02529669,0.01511827,0.00392127,-0.03798602,-0.02958552,0.06291496,-0.27396035,0.02767954,0.16973804,-0.21847990,-0.02499684,0.07897485,-0.24851170,0.02160505,0.15119428,-0.24468366,-0.01759203,0.09947571,-0.22231943,0.01306351,0.12931701,-0.27010060,0.01189030,0.15994935,0.31988394,-0.03034143,-0.19268385,-0.33584065,0.04791779,0.21986319,0.34211492,-0.06411266,-0.24070377,-0.33852586,0.07845913,0.25460475,0.32517694,-0.09054359,-0.26116535,-0.30245301,0.01509340,0.02099763,-0.99966564,-0.01220935,0.01835424,0.00000000,0.10142202,0.00000000,0.00000000
10211600000000,synthetic_50hz_03,580,0.02,73.51796467,74.98073895,8.01603927,7.69078746,7.46249353,5.50278002,101.59335656,1,1,0,0,1,0.03116275,0.00000000,0.00000000,-0.02453665,-0.03719420,-0.00709059,0.02250562,0.02814959,-0.00679825,-0.01982574,-0.01829342,0.02049109,0.01657428,0.00790985,-0.03359317,-0.01284497,0.00270178,0.04572674,0.00874534,-0.01323551,-0.05654199,-0.02804809,0.07485993,-0.25216551,0.02496752,0.15588485,-0.24090140,-0.02118884,0.09433676,-0.22610967,0.01681128,0.13476671,-0.26642061,-0.01195114,0.11649510,-0.20187406,0.00673856,0.11219676,-0.28866508,0.04194670,0.21277956,0.34477680,-0.05890529,-0.23633579,-0.34488219,0.07416561,0.25307836,0.33504447,-0.08728771,-0.26252456,-0.31554725,0.09789326,0.26440205,0.28695267,-0.10567650,-0.25865671,-0.25008510,0.01469894,0.02123835,-0.99966643,-0.01186720,0.01876965,0.00000000,0.11628187,0.00000000,0.00000000
10211620000000,synthetic_50hz_03,581,0.02,73.07166733,74.59892463,7.78355006,7.46249353,7.25646966,5.50890859,100.17109152,1,1,0,0,1,0.03519359,0.00000000,0.00000000,-0.02059238,-0.02052585,0.01788311,0.01742403,0.01013959,-0.03124804,-0.01375333,0.00053900,0.04371208,0.00968612,-0.01120204,-0.05491588,-0.00533966,0.02154213,0.06453643,0.00083925,-0.03126114,-0.07229637,-0.02414831,0.09152267,-0.22715336,0.01993307,0.13788735,-0.26538483,-0.01516527,0.11315003,-0.20286053,0.00997270,0.11568024,-0.28776543,-0.00449513,0.13530427,-0.18304875,-0.00111948,0.09420743,-0.30442828,0.07213321,0.25347344,0.34220734,-0.08589954,-0.26457787,-0.32441620,0.09718934,0.26805439,0.29727198,-0.10567713,-0.26380278,-0.26155728,0.11111819,0.25194562,0.21830175,-0.11335567,-0.23282474,-0.16875249,0.01426502,0.02147218,-0.99966772,-0.01152121,0.01918138,0.00000000,0.13333388,0.00000000,0.00000000
10211640000000,synthetic_50hz_03,582,0.02,72.35301744,74.14974319,7.56217629,7.25646966,7.08686951,5.51488685,98.84426632,1,1,0,0,1,0.03981386,0.00000000,0.00000000,-0.01392052,0.00044417,0.04401742,0.00981775,-0.01121033,-0.05534122,-0.00543193,0.02165328,0.06506950,0.00088951,-0.03147197,-0.07292179,0.00367856,0.04038330,0.07867172,-0.00814057,-0.04813036,-0.08215351,-0.01752082,0.11248738,-0.20098041,0.01237385,0.11654964,-0.28951186,-0.00689267,0.13424545,-0.18147471,0.00122565,0.09543547,-0.30579372,0.00447375,0.15411451,-0.16889755,-0.01005118,0.07737430,-0.31429454,0.09852424,0.27199659,0.30193575,-0.10716428,-0.26775470,-0.26577213,0.11271471,0.25579331,0.22194618,-0.11501553,-0.23645729,-0.17172142,0.11400040,0.21030409,0.11654584,-0.10969858,-0.17808773,-0.05801020,0.01378656,0.02169906,-0.99966953,-0.01117149,0.01958934,0.00000000,0.15286976,0.00000000,0.00000000
10211660000000,synthetic_50hz_03,583,0.02,72.50034191,73.81986293,7.36254745,7.08686951,6.92174423,5.52071671,97.62917728,1,1,0,0,1,0.04510447,0.00000000,0.00000000,-0.00452349,0.02405952,0.06762669,-0.00008467,-0.03381248,-0.07512928,0.00469039,0.04259062,0.08046585,-0.00916089,-0.05014085,-0.08348256,0.01336727,0.05624549,0.08409242,-0.01718826,-0.06072855,-0.08227786,-0.00816801,0.13609774,-0.17733232,0.00251837,0.09395940,-0.30933400,0.00318092,0.15516420,-0.16604970,-0.00877520,0.07679148,-0.31637714,0.01411309,0.16994601,-0.16346065,-0.01905066,0.06481200,-0.31442832,0.11537458,0.25649816,0.21529635,-0.11699961,-0.23531152,-0.16303413,0.11525148,0.20734074,0.10607155,-0.11018060,-0.17339223,-0.04605089,0.10193316,0.13444474,-0.01529745,-0.09074694,-0.09162115,0.07620475,0.01325793,0.02191891,-0.99967188,-0.01081815,0.01999347,0.00000000,0.17520190,0.00000000,0.00000000
10211680000000,synthetic_50hz_03,584,0.02,71.83914812,73.42371997,7.17741009,6.92174423,6.79891950,5.52640154,96.53693011,1,1,0,0,1,0.05115403,0.00000000,0.00000000,0.00687309,0.04682710,0.08316532,-0.01128997,-0.05381540,-0.08509484,0.01538135,0.05925218,0.08457102,-0.01902927,-0.06298068,-0.08160899,0.02212858,0.06489343,0.07629413,-0.02458990,-0.06493527,-0.06877968,0.00318449,0.15886063,-0.16175467,-0.00864007,0.07396809,-0.31933386,0.01382319,0.17180745,-0.16191562,-0.01859405,0.06397627,-0.31452650,0.02282500,0.17856350,-0.17124245,-0.02640403,0.06064096,-0.30093986,0.11544978,0.19591199,0.07997617,-0.10875626,-0.15882282,-0.01796829,0.09892724,0.11715473,-0.04455763,-0.08624611,-0.07210900,0.10579893,0.07107846,0.02498434,-0.16398999,-0.05386159,0.02286063,0.21745315,0.01267296,0.02213166,-0.99967478,-0.01046130,0.02039368,0.00000000,0.20065718,0.00000000,0.00000000
10211700000000,synthetic_50hz_03,585,0.02,71.22305691,72.98358736,7.01844404,6.79891950,6.71582849,5.53194743,95.57368760,1,1,0,0,1,0.05805819,0.00000000,0.00000000,0.01840803,0.06306597,0.08371935,-0.02169940,-0.06547630,-0.07892031,0.02436516,0.06599892,0.07184596,-0.02632846,-0.06461877,-0.06270026,0.02753270,0.06137562,0.05174688,-0.02794316,-0.05636299,-0.03930162,0.01467548,0.17509511,-0.16116144,-0.01900275,0.06231850,-0.31319386,0.02275839,0.17853619,-0.17461153,-0.02584372,0.06236254,-0.29564097,0.02817970,0.17501548,-0.19577292,-0.02970895,0.06924869,-0.27147182,0.09161119,0.08549962,-0.09252513,-0.07671947,-0.03777238,0.15291259,0.05961588,-0.01104384,-0.20889150,-0.04079354,0.05954167,0.25884797,0.02079511,-0.10632288,-0.30134174,-0.00019714,0.15003876,0.33514769,0.01202498,0.02233724,-0.99967821,-0.01010106,0.02078990,0.00000000,0.22956734,0.00000000,0.00000000
10211720000000,synthetic_50hz_03,586,0.02,70.79688010,72.54624591,6.89134551,6.71582849,6.66445992,5.53736337,94.74129314,1,1,0,0,1,0.06591828,0.00000000,0.00000000,0.02684112,0.06545809,0.06298710,-0.02801145,-0.06204224,-0.05175347,0.02837419,0.05683768,0.03902777,-0.02791889,-0.04999446,-0.02517688,0.02665867,0.04170988,0.01060013,-0.02462988,-0.03222278,0.00428223,0.02306477,0.17748316,-0.18185430,-0.02526815,0.06576358,-0.28606177,0.02671886,0.16935721,-0.20740032,-0.02738465,0.07701093,-0.25814106,0.02725622,0.15531977,-0.23690260,-0.02634725,0.09342414,-0.22789831,0.04045120,-0.06421976,-0.26822046,-0.01991155,0.11196251,0.31118529,-0.00120217,-0.15647733,-0.34517851,0.02228122,0.19648084,0.36922007,-0.04271790,-0.23081971,-0.38261685,0.06192299,0.25850394,0.38498260,0.01130693,0.02253558,-0.99968213,-0.00973755,0.02118204,0.00000000,0.26225472,0.00000000,0.00000000
10211740000000,synthetic_50hz_03,587,0.02,70.96455887,72.22990850,6.79605356,6.66445992,6.62259496,5.54266074,94.03810226,1,1,0,0,1,0.07483917,0.00000000,0.00000000,0.02796112,0.04748331,0.01944728,-0.02634477,-0.03850968,-0.00443497,0.02396888,0.02842580,-0.01070520,-0.02090196,-0.01752239,0.02553674,0.01723242,0.00611380,-0.03963203,-0.01306607,0.00547106,0.05258472,0.02414112,0.15950461,-0.22535454,-0.02355494,0.08930684,-0.23877823,0.02226505,0.14092790,-0.25710364,-0.02031824,0.10950682,-0.20745119,0.01778050,0.11969397,-0.28711740,-0.01473496,0.13115301,-0.17960644,-0.03181808,-0.21737970,-0.38634026,0.05234755,0.24988797,0.39536856,-0.07136782,-0.27519185,-0.39299819,0.08833051,0.29256182,0.37929751,-0.10274660,-0.30149710,-0.35466151,0.11420046,0.30174008,0.31980044,0.01051151,0.02272662,-0.99968648,-0.00937089,0.02157002,0.00000000,0.29901271,0.00000000,0.00000000
10211760000000,synthetic_50hz_03,588,0.02,70.65807259,71.91554132,6.72320095,6.62259496,6.61261540,5.54785171,93.45986626,1,1,0,0,1,0.08492615,0.00000000,0.00000000,0.01831597,0.00846258,-0.03774415,-0.01415664,0.00333698,0.05119728,0.00958917,-0.01504033,-0.06317437,-0.00474524,0.02631006,0.07333010,-0.00023550,-0.03682126,-0.08137170,0.00520945,0.04627089,0.08706732,0.01445246,0.12048042,-0.28250621,-0.01132038,0.13116391,-0.18318116,0.00783691,0.09744462,-0.30954291,-0.00411207,0.15336282,-0.15968183,0.00026308,0.07672944,-0.32883942,0.00358909,0.17198764,-0.14513477,-0.10324716,-0.30952066,-0.37100430,0.11565442,0.31147907,0.33702119,-0.12472732,-0.30445739,-0.29332161,0.13020427,0.28865807,0.24116543,-0.13192736,-0.26453660,-0.18205634,0.12984694,0.23278841,0.11769848,0.00963137,0.02291030,-0.99969115,-0.00900118,0.02195378,0.00000000,0.34007994,0.00000000,0.00000000
10211780000000,synthetic_50hz_03,589,0.02,70.58742436,71.64991793,6.67675502,6.61261540,6.62506635,5.55294957,93.00054820,1,1,0,0,1,0.09628057,0.00000000,0.00000000,-0.00144151,-0.03998138,-0.08469009,0.00649803,0.04933480,0.08991597,-0.01136721,-0.05726588,-0.09254953,0.01590867,0.06354595,0.09251485,-0.01999148,-0.06799397,-0.08981291,0.02349792,0.07048169,0.08452163,-0.00534837,0.07203330,-0.32941220,0.00938062,0.17717185,-0.14449787,-0.01316783,0.05520221,-0.33888794,0.01659128,0.19062198,-0.14052137,-0.01954241,0.04552751,-0.33726270,0.02192617,0.19623303,-0.14769168,-0.13618261,-0.26633450,-0.17291253,0.13311284,0.23180102,0.10540230,-0.12620536,-0.19058460,-0.03485327,0.11565933,0.14387354,-0.03670059,-0.10177879,-0.09301454,0.10719635,0.08496391,0.03947389,-0.17460160,0.00865945,0.02308655,-0.99969599,-0.00862857,0.02233324,0.00000000,0.38560816,0.00000000,0.00000000
10211800000000,synthetic_50hz_03,590,0.02,70.71327356,71.46258905,6.65504578,6.62506635,6.65354411,5.55796836,92.65299612,1,1,0,0,1,0.10899432,0.00000000,0.00000000,-0.02301072,-0.07155832,-0.08842808,0.02612860,0.07266832,0.08126593,-0.02849319,-0.07168327,-0.07176086,0.03003630,0.06863155,0.06018688,-0.03071345,-0.06360115,-0.04687769,0.03050512,0.05673710,0.03221699,-0.02696079,0.04045351,-0.33311006,0.02905740,0.20051518,-0.15318352,-0.03034210,0.04076825,-0.31806888,0.03076831,0.19573058,-0.17287388,-0.03031391,0.04989136,-0.29430926,0.02898203,0.18252280,-0.20000785,-0.09374591,-0.05819825,0.15999664,0.07449568,0.00169776,-0.22647391,-0.05309771,0.05485167,0.28642183,0.03016890,-0.10981970,-0.33811208,-0.00637032,0.16162158,0.38005440,-0.01761193,-0.20876384,-0.41103958,0.00758935,0.02325533,-0.99970077,-0.00825315,0.02270832,0.00000000,0.43562402,0.00000000,0.00000000
10211820000000,synthetic_50hz_03,591,0.02,70.71113062,71.31229737,6.65441508,6.65354411,6.70495291,5.56292222,92.40943987,1,1,0,0,1,0.12314304,0.00000000,0.00000000,-0.03114514,-0.05674841,-0.03026397,0.02987304,0.04776191,0.01415888,-0.02773969,-0.03739841,0.00235441,0.02480660,0.02595670,-0.01879982,-0.02115832,-0.01376664,0.03470323,0.01690003,0.00117969,-0.04960613,-0.03513827,0.05526088,-0.27490564,0.03284794,0.17561827,-0.22032639,-0.02963682,0.07503682,-0.24392299,0.02558799,0.15307846,-0.25188540,-0.02080832,0.09969714,-0.21270983,0.01542566,0.12699954,-0.28184280,0.02269375,0.22520492,0.43199048,-0.04694414,-0.26674034,-0.44964541,0.06984111,0.30058551,0.45433685,-0.09072453,-0.32576467,-0.44592954,0.10899231,0.34155187,0.42466588,-0.12411780,-0.34749197,-0.39115891,0.00641582,0.02341657,-0.99970522,-0.00787507,0.02307895,0.00000000,0.48998649,0.00000000,0.00000000
10211840000000,synthetic_50hz_03,592,0.02,70.87601929,71.22504175,6.67564097,6.70495291,6.77331252,5.56782551,92.26181118,1,1,0,0,1,0.13877840,0.00000000,0.00000000,-0.01409055,0.00762794,0.06056046,0.00895466,-0.02040293,-0.07317005,-0.00356061,0.03258970,0.08367010,-0.00193610,-0.04383689,-0.09175791,0.00737699,0.05382025,0.09720029,-0.01260520,-0.06225194,-0.09984035,-0.01812658,0.11963499,-0.18404072,0.01197555,0.10746264,-0.30769136,-0.00550588,0.14500894,-0.16257643,-0.00110537,0.08330733,-0.32486856,0.00767743,0.16725556,-0.15019398,-0.01403079,0.06360183,-0.33208914,0.13814502,0.36085047,0.37758720,-0.14744853,-0.34953422,-0.32359928,0.15250103,0.32814073,0.26028184,-0.15315685,-0.29728679,-0.18946036,0.14939709,0.25786193,0.11317664,-0.14133014,-0.21100280,-0.03362999,0.00513526,0.02357023,-0.99970900,-0.00749443,0.02344505,0.00000000,0.54834277,0.00000000,0.00000000
10211860000000,synthetic_50hz_03,593,0.02,70.94248290,71.16852998,6.71666302,6.77331252,6.86362287,5.57269252,92.20190936,1,1,0,0,1,0.15591973,0.00000000,0.00000000,0.01888836,0.07198128,0.10211299,-0.02326113,-0.07635574,-0.09835081,0.02696326,0.07852883,0.09175313,-0.02988804,-0.07843790,-0.08251017,0.03195113,0.07608557,0.07088840,-0.03309305,-0.07153965,-0.05722288,0.01480958,0.18398640,-0.14244753,-0.02019437,0.05151873,-0.33290838,0.02496991,0.19093237,-0.15446229,-0.02900799,0.04872850,-0.31564617,0.03220199,0.18949265,-0.17648680,-0.03446981,0.05434781,-0.28948410,0.13230501,0.15415267,-0.06523170,-0.11499888,-0.09324706,0.14754002,0.09437728,0.02965309,-0.22559469,-0.07103473,0.03479579,0.29714536,0.04564422,-0.09824149,-0.36012919,-0.01893777,0.15885485,0.41273033,0.00374637,0.02371625,-0.99971171,-0.00711136,0.02380656,0.00000000,0.61008750,0.00000000,0.00000000
10211880000000,synthetic_50hz_03,594,0.02,70.92000026,71.11882404,6.77838616,6.86362287,6.97919273,5.57753754,92.22144954,1,1,0,0,1,0.17454589,0.00000000,0.00000000,0.03384946,0.06099019,0.03136297,-0.03237301,-0.05104407,-0.01374988,0.02996324,0.03962633,-0.00425962,-0.02668961,-0.02706615,0.02214632,0.02264651,0.01372563,-0.03939453,-0.01795050,0.00001060,0.05550698,0.02972809,0.17299369,-0.21315671,-0.02926051,0.07683900,-0.24834390,0.02792189,0.15201447,-0.25044370,-0.02576028,0.10012216,-0.21101529,0.02284779,0.12710475,-0.28675037,-0.01927837,0.12593153,-0.17676696,-0.02866824,-0.26295752,-0.49770006,0.05635375,0.30979548,0.51656031,-0.08241456,-0.34770189,-0.52052789,0.10609931,0.37558390,0.50948840,-0.12672518,-0.39263765,-0.48376012,0.14369749,0.39837147,0.44408482,0.00225067,0.02385459,-0.99971291,-0.00672599,0.02416341,0.00000000,0.67433156,0.00000000,0.00000000
10211900000000,synthetic_50hz_03,595,0.02,71.03364731,71.10178869,6.86272492,6.97919273,7.11374859,5.58237515,92.31203725,1,1,0,0,1,0.19458817,0.00000000,0.00000000,0.00627089,-0.03047251,-0.08732668,-0.00027715,0.04323952,0.09726693,-0.00572457,-0.05475991,-0.10440293,0.01156125,0.06470155,0.10852895,-0.01706462,-0.07277781,-0.10952602,0.02207600,0.07875586,0.10736541,0.00210709,0.08152968,-0.33180535,0.00288099,0.17113089,-0.13736376,-0.00781384,0.05761310,-0.35055542,0.01253983,0.19191149,-0.12465853,-0.01691292,0.04057359,-0.35686222,0.02079707,0.20471003,-0.12492154,-0.17450318,-0.39037872,-0.33104598,0.17729340,0.35896887,0.25238777,-0.17497217,-0.31720978,-0.16645309,0.16760641,0.26630539,0.07571950,-0.15540848,-0.20772329,0.01719713,0.13873005,0.14315243,-0.10961795,0.00065299,0.02398520,-0.99971210,-0.00633844,0.02451551,0.00000000,0.73988810,0.00000000,0.00000000
10211920000000,synthetic_50hz_03,596,0.02,71.29245052,71.13992106,6.96815486,7.11374859,7.26152653,5.58721999,92.46511430,1,1,0,0,1,0.21592545,0.00000000,0.00000000,-0.03297901,-0.08613818,-0.09012542,0.03519909,0.08343492,0.07723594,-0.03640437,-0.07832619,-0.06211972,0.03656009,0.07095928,0.04521255,-0.03566176,-0.06154658,-0.02700189,0.03373529,0.05035946,0.00801275,-0.03718508,0.02586300,-0.33456290,0.03840274,0.21133429,-0.15743162,-0.03854147,0.03403200,-0.30824038,0.03758787,0.19819058,-0.18800106,-0.03555966,0.05177737,-0.27431817,0.03250534,0.17634665,-0.22428752,-0.08128065,0.04407250,0.34949866,0.05164479,-0.11778304,-0.42224779,-0.02051999,0.18809784,0.48282332,-0.01119641,-0.25298969,-0.52947883,0.04259002,0.31058773,0.56086922,-0.07275573,-0.35923138,-0.57608948,-0.00103814,0.02410804,-0.99970882,-0.00594884,0.02486282,0.00000000,0.80528328,0.00000000,0.00000000
10211940000000,synthetic_50hz_03,597,0.02,71.92992376,71.29792160,7.09137096,7.26152653,7.40861981,5.59208627,92.67191759,1,1,0,0,1,0.23838260,0.00000000,0.00000000,-0.02307044,-0.00940002,0.05034960,0.01765898,-0.00579181,-0.06749619,-0.01173841,0.02081666,0.08269684,0.00547941,-0.03524136,-0.09551331,0.00093756,0.04865003,0.10557608,-0.00732750,-0.06065610,-0.11259504,-0.02731862,0.10260046,-0.19404654,0.02090802,0.12211525,-0.30220083,-0.01392327,0.13316033,-0.16339177,0.00655637,0.09201101,-0.32875331,0.00099006,0.16194678,-0.14172000,-0.00850841,0.06536387,-0.34490891,0.15632793,0.46343285,0.55011130,-0.17439958,-0.46503381,-0.49782313,0.18744320,0.45322763,0.43118248,-0.19508275,-0.42835469,-0.35211065,0.19709797,0.39113209,0.26288729,-0.19343077,-0.34263296,-0.16608478,-0.00281041,0.02422307,-0.99970263,-0.00555731,0.02520525,0.00000000,0.86879814,0.00000000,0.00000000
10211960000000,synthetic_50hz_03,598,0.02,72.17074455,71.47248619,7.22461548,7.40861981,7.57294851,5.59698692,92.92348393,1,1,0,0,1,0.26173315,0.00000000,0.00000000,0.02710832,0.08951368,0.11579748,-0.03149525,-0.09218462,-0.10819322,0.03497416,0.09219784,0.09746969,-0.03744474,-0.08955295,-0.08393608,0.03883578,0.08432620,0.06798254,-0.03910716,-0.07666829,-0.05006904,0.02281819,0.20151377,-0.12855713,-0.02820095,0.03572982,-0.34293513,0.03274162,0.20452727,-0.14858662,-0.03631866,0.03772022,-0.31720274,0.03883869,0.19759600,-0.17929305,-0.04023900,0.04938423,-0.28239682,0.15016483,0.12450505,-0.18653949,-0.12361298,-0.04218197,0.28802422,0.09349731,-0.04135725,-0.38120509,-0.06068607,0.12370411,0.46339563,0.02612522,-0.20248452,-0.53222626,0.00918883,0.27542721,0.58571257,-0.00464793,0.02433026,-0.99969318,-0.00516398,0.02554274,0.00000000,0.92854402,0.00000000,0.00000000
10211980000000,synthetic_50hz_03,599,0.02,72.66197112,71.71038317,7.37091535,7.57294851,7.74388077,5.60193418,93.21072148,1,1,0,0,1,0.28570658,0.00000000,0.00000000,0.03211654,0.03430743,-0.02277472,-0.02748931,-0.01870881,0.04325230,0.02206955,0.00257080,-0.06248290,-0.01601351,0.01364132,0.07991209,0.00949580,-0.02946016,-0.09503737,-0.00270431,0.04442965,0.10742268,0.02778463,0.14630744,-0.26708764,-0.02414987,0.10921272,-0.19152709,0.01978943,0.11488629,-0.30850670,-0.01483834,0.14093501,-0.15338149,0.00944910,0.08378295,-0.34229220,-0.00378703,0.17051449,-0.12491930,-0.13366495,-0.48481203,-0.66782923,0.16124467,0.50934272,0.63727843,-0.18417562,-0.51918883,-0.58835459,0.20179671,0.51406648,0.52246821,-0.21359991,-0.49412336,-0.44151884,0.21924492,0.45993443,0.34784026,-0.00653171,0.02442956,-0.99968023,-0.00476897,0.02587522,0.00000000,0.98256944,0.00000000,0.00000000
