timestamp_ns,trajectory_id,sample_index,control_dt_s,force_raw_n,force_filtered_n,torque_actual_nm,torque_command_prev_nm,torque_command_issued_nm,motor_position_rad,force_reference_n,imu_valid,tension_sensor_valid,saturation_flag,emergency_flag,data_valid_flag,velocity_command_0,velocity_command_1,velocity_command_2,policy_action_0,policy_action_1,policy_action_2,policy_action_3,policy_action_4,policy_action_5,policy_action_6,policy_action_7,policy_action_8,policy_action_9,policy_action_10,policy_action_11,policy_action_12,policy_action_13,policy_action_14,policy_action_15,policy_action_16,policy_action_17,joint_position_0,joint_position_1,joint_position_2,joint_position_3,joint_position_4,joint_position_5,joint_position_6,joint_position_7,joint_position_8,joint_position_9,joint_position_10,joint_position_11,joint_position_12,joint_position_13,joint_position_14,joint_position_15,joint_position_16,joint_position_17,joint_velocity_0,joint_velocity_1,joint_velocity_2,joint_velocity_3,joint_velocity_4,joint_velocity_5,joint_velocity_6,joint_velocity_7,joint_velocity_8,joint_velocity_9,joint_velocity_10,joint_velocity_11,joint_velocity_12,joint_velocity_13,joint_velocity_14,joint_velocity_15,joint_velocity_16,joint_velocity_17,body_gravity_vector_0,body_gravity_vector_1,body_gravity_vector_2,body_angular_velocity_0,body_angular_velocity_1,body_angular_velocity_2,body_linear_acceleration_filtered_0,body_linear_acceleration_filtered_1,body_linear_acceleration_filtered_2
10400000000000,synthetic_50hz_05,0,0.02,90.55052900,90.11010580,8.00000000,8.00000000,14.20947847,0.32100800,123.63573603,1,1,0,0,1,0.48000000,0.00000000,0.00000000,0.00000000,0.06319289,0.14089988,-0.00865368,-0.07971961,-0.15100145,0.01705786,0.09394797,0.15674956,-0.02497027,-0.10546778,-0.15797852,0.03216276,0.11394690,0.15465288,-0.03842799,-0.11914087,-0.14686853,0.00000000,0.18992465,-0.09182574,-0.00752472,0.03422597,-0.39867284,0.01482254,0.21920387,-0.07533557,-0.02167332,0.01018005,-0.40597844,0.02787018,0.23730823,-0.07742226,-0.03322569,-0.00144410,-0.39455971,0.32459878,0.65408535,0.45509540,-0.31991961,-0.57681052,-0.29726017,0.30601701,0.48290598,0.13085480,-0.28329180,-0.37507903,0.03932318,0.25239915,0.25643837,-0.20836745,-0.21422972,-0.13040448,0.37140439,-0.02768606,-0.00000000,-0.99961667,0.02250000,-0.03343678,0.00000000,4.80000000,0.00000000,0.00000000
10400020000000,synthetic_50hz_05,1,0.02,91.67557637,90.42319991,10.60798096,14.20947847,14.14299459,0.32317117,123.68643166,1,1,0,0,1,0.48083999,0.00461966,0.00436792,0.00648469,0.07580908,0.14898636,-0.01498315,-0.09067413,-0.15586269,0.02304964,0.10292500,0.15824543,-0.03045160,-0.11220850,-0.15606588,0.03697562,0.11825698,0.14938688,-0.04243362,-0.12089605,-0.13840098,0.00653429,0.20256751,-0.08376004,-0.01390332,0.02323915,-0.40351987,0.02086198,0.22821819,-0.07384707,-0.02719991,0.00339779,-0.40406543,0.03272498,0.24166326,-0.08268163,-0.03726910,-0.00324674,-0.38610566,0.32248934,0.59896130,0.33870650,-0.31087394,-0.50888382,-0.17376472,0.29029590,0.40413497,0.00381323,-0.26134850,-0.28773473,0.16624821,0.22486629,0.16303896,-0.33151663,-0.18190109,-0.03364270,0.48722727,-0.02747803,-0.00070406,-0.99962216,0.02249636,-0.03328870,0.00436792,3.84839993,0.04619660,0.04367921
10400040000000,synthetic_50hz_05,2,0.02,92.79086041,90.89673201,12.09268668,14.14299459,14.04627373,0.32646864,123.73691675,1,1,0,0,1,0.48167995,0.00923728,0.00873537,0.01288592,0.08724477,0.15469866,-0.02109174,-0.10020327,-0.15822853,0.02868948,0.11027287,0.15719658,-0.03546008,-0.11716324,-0.15163259,0.04120836,0.12067575,0.14169696,-0.04576857,-0.12070911,-0.12767614,0.01298512,0.21402962,-0.07806880,-0.02006108,0.01367793,-0.40587119,0.02654957,0.23560314,-0.07490359,-0.03225377,-0.00159831,-0.39963146,0.03699981,0.24412684,-0.09036523,-0.04064203,-0.00310716,-0.37539402,0.31518064,0.53394715,0.21633630,-0.29678431,-0.43245820,-0.04690988,0.26983154,0.31850128,-0.12386897,-0.23509940,-0.19536182,0.29107662,0.19358924,0.06658999,-0.44989239,-0.14649781,0.06410166,0.59573756,-0.02727121,-0.00140786,-0.99962708,0.02248542,-0.03313410,0.00873537,3.08711946,0.08313352,0.07861786
10400060000000,synthetic_50hz_05,3,0.02,93.48674052,91.41473372,12.91319324,14.04627373,13.94083157,0.33079963,123.78717432,1,1,0,0,1,0.48251981,0.01385083,0.01310187,0.01910089,0.09730993,0.15793082,-0.02688047,-0.10814594,-0.15804569,0.03388507,0.11586406,0.15360403,-0.03991275,-0.12024176,-0.14473390,0.04478973,0.12115284,0.13169102,-0.04837540,-0.11857102,-0.11485142,0.01924969,0.22412092,-0.07485798,-0.02589901,0.00570343,-0.40567355,0.03179300,0.24123122,-0.07850412,-0.03675194,-0.00471802,-0.39273178,0.04062345,0.24464861,-0.10036515,-0.04328703,-0.00101634,-0.36258221,0.30274946,0.46000171,0.08988534,-0.27783648,-0.34868452,0.08131259,0.24491335,0.22731458,-0.25016624,-0.20492926,-0.09939107,0.41180748,0.15903695,-0.03139794,-0.56157612,-0.10855954,0.16128173,0.69515426,-0.02706564,-0.00211114,-0.99963143,0.02246720,-0.03297300,0.01310187,2.47809427,0.11264231,0.10655933
10400080000000,synthetic_50hz_05,4,0.02,93.73195210,91.87817739,13.34480134,13.94083157,13.84506487,0.33603249,123.83718738,1,1,0,0,1,0.48335956,0.01845828,0.01746696,0.02502872,0.10583413,0.15861471,-0.03225441,-0.11436434,-0.15530038,0.03855020,0.11959738,0.14750868,-0.04373456,-0.12138236,-0.13546422,0.04765804,0.11966784,0.11951428,-0.05020751,-0.11450324,-0.10011868,0.02522710,0.23267101,-0.07419571,-0.03132219,-0.00054657,-0.40291314,0.03650604,0.24500121,-0.08460776,-0.04061938,-0.00589965,-0.38346081,0.04353418,0.24320816,-0.11253618,-0.04515751,0.00300426,-0.34786208,0.28535299,0.37823331,-0.03866109,-0.25429381,-0.25884066,0.20886732,0.21590322,0.13198552,-0.37305182,-0.17128804,-0.00132517,0.52648105,0.12173455,-0.12937338,-0.66473160,-0.06867139,0.25634204,0.78381762,-0.02686138,-0.00281365,-0.99963521,0.02244171,-0.03280545,0.01746696,1.99087288,0.13618827,0.12889833
10400100000000,synthetic_50hz_05,5,0.02,93.92378037,92.28729799,13.55491202,13.84506487,13.75859307,0.34203135,123.88693897,1,1,0,0,1,0.48419914,0.02305758,0.02183016,0.03057199,0.11266949,0.15672161,-0.03712419,-0.11874642,-0.15001897,0.04260608,0.12139984,0.13899122,-0.04685961,-0.12055324,-0.12395629,0.04976216,0.11623103,0.10534764,-0.05123004,-0.10855783,-0.08370176,0.03081995,0.23953200,-0.07611069,-0.03624125,-0.00496001,-0.39761635,0.04060991,0.24684014,-0.09313379,-0.04379017,-0.00511137,-0.37195127,0.04568088,0.23981576,-0.12669741,-0.04621861,0.00890259,-0.33145748,0.26322783,0.28988558,-0.16726134,-0.22649448,-0.16431452,0.33370512,0.18323119,0.03400620,-0.49052803,-0.13468526,0.09728253,0.63320878,0.08225630,-0.22576657,-0.75763383,-0.02745584,0.34774165,0.86021594,-0.02665847,-0.00351512,-0.99963842,0.02240894,-0.03263146,0.02183016,1.60109412,0.15494363,0.14675064
10400120000000,synthetic_50hz_05,6,0.02,93.70263809,92.57036601,13.64045806,13.75859307,13.69477657,0.34866912,123.93641216,1,1,0,0,1,0.48503852,0.02764671,0.02619100,0.03563835,0.11769323,0.15226327,-0.04140744,-0.12120795,-0.14226825,0.04598273,0.12122819,0.12817157,-0.04923232,-0.11775337,-0.11037965,0.05106252,0.11088366,0.08940543,-0.05142056,-0.10081712,-0.06585360,0.03593589,0.24458110,-0.08059120,-0.04057382,-0.00745266,-0.38984994,0.04403464,0.24670476,-0.10396233,-0.04620874,-0.00235218,-0.35837272,0.04702398,0.23451266,-0.14263451,-0.04644789,0.01659631,-0.31362133,0.23668771,0.19632103,-0.29384721,-0.19484772,-0.06658491,0.45379358,0.14739018,-0.06507088,-0.60065687,-0.09568332,0.19485065,0.73020294,0.04121786,-0.31901278,-0.83869692,0.01443593,0.43397763,0.92301088,-0.02645697,-0.00421531,-0.99964107,0.02236891,-0.03245107,0.02619100,1.28926905,0.16984625,0.16100888
10400140000000,synthetic_50hz_05,7,0.02,94.02549974,92.86139276,13.66327184,13.69477657,13.62794038,0.35583366,123.98559007,1,1,0,0,1,0.48587765,0.03222365,0.03054900,0.04014195,0.12080995,0.14529234,-0.04503019,-0.12169427,-0.13215501,0.04862018,0.11907009,0.11520759,-0.05080843,-0.11301306,-0.09493868,0.05153185,0.10369782,0.07193265,-0.05076958,-0.09139292,-0.04685276,0.04048904,0.24772291,-0.08758457,-0.04424591,-0.00796986,-0.37972072,0.04672023,0.24458271,-0.11693550,-0.04783083,0.00234763,-0.34292953,0.04753620,0.22737096,-0.16010250,-0.04583586,0.02597363,-0.29463220,0.20612017,0.09900252,-0.41635481,-0.15982886,0.03279922,0.56714824,0.10892962,-0.16365534,-0.70159053,-0.05488989,0.28979321,0.81580563,-0.00073235,-0.40757619,-0.90650068,0.05633347,0.51360857,0.97106089,-0.02625691,-0.00491395,-0.99964316,0.02232163,-0.03226433,0.03054900,1.03980653,0.18164642,0.17238714
10400160000000,synthetic_50hz_05,8,0.02,94.16644230,93.12240267,13.64843263,13.62794038,13.56513217,0.36342828,124.03445587,1,1,0,0,1,0.48671649,0.03678639,0.03490370,0.04400490,0.12195358,0.13590225,-0.04792810,-0.12018162,-0.11982508,0.05046952,0.11494477,0.10029330,-0.05155587,-0.10639400,-0.07787001,0.05115585,0.09477585,0.05320170,-0.04928097,-0.08042526,-0.02699955,0.04440154,0.24889137,-0.09699738,-0.04719320,-0.00648785,-0.36737453,0.04861778,0.24049322,-0.13185928,-0.04862437,0.00892638,-0.32585834,0.04720325,0.21849298,-0.17882896,-0.04438639,0.03689450,-0.27479041,0.17198198,-0.00052726,-0.53275628,-0.12197332,0.13224118,0.67186390,0.06844812,-0.26014252,-0.79160136,-0.01294952,0.38054384,0.88851659,-0.04292242,-0.48997390,-0.95981547,0.09755689,0.58527778,1.00344242,-0.02605835,-0.00561079,-0.99964469,0.02226712,-0.03207126,0.03490370,0.84023363,0.19094446,0.18145671
10400180000000,synthetic_50hz_05,9,0.02,94.15984004,93.32989014,13.61344643,13.56513217,13.51068730,0.37137117,124.08299277,1,1,0,0,1,0.48755500,0.04133290,0.03925462,0.04715864,0.12108894,0.12422647,-0.05004772,-0.11667807,-0.10546173,0.05149391,0.10890331,0.08365648,-0.05145550,-0.09798881,-0.05943937,0.04993361,0.08424925,0.03350860,-0.04697210,-0.06808075,-0.00661176,0.04760481,0.24805130,-0.10869614,-0.04936222,-0.00301470,-0.35299462,0.04969046,0.23448739,-0.14850589,-0.04857020,0.01729143,-0.30742487,0.04602420,0.20801023,-0.19851787,-0.04211684,0.04919233,-0.25441374,0.13479355,-0.10066790,-0.64109176,-0.08186955,0.23012015,0.76614551,0.02658520,-0.35293793,-0.86911092,0.02946560,0.46558034,0.94701946,-0.08466690,-0.56479986,-0.99762498,0.13742721,0.64773593,1.01946852,-0.02586133,-0.00630558,-0.99964567,0.02220540,-0.03187191,0.03925462,0.68057203,0.19822066,0.18867461
10400200000000,synthetic_50hz_05,10,0.02,93.86575741,93.43706359,13.57028760,13.51068730,13.47339588,0.37959419,124.13118405,1,1,0,0,1,0.48839314,0.04586118,0.04360130,0.04954517,0.11821285,0.11043715,-0.05134745,-0.11122396,-0.08928349,0.05166936,0.10102843,0.06555574,-0.05050161,-0.08792021,-0.03993798,0.04787789,0.07227720,0.01316880,-0.04387382,-0.05455041,0.01398005,0.05004085,0.24519950,-0.12250872,-0.05071138,0.00240926,-0.33679954,0.04991427,0.22664792,-0.16661673,-0.04766263,0.02732007,-0.28792034,0.04401183,0.19608188,-0.21885379,-0.03905807,0.06267609,-0.23383275,0.09513208,-0.19978507,-0.73950128,-0.04015095,0.32481596,0.84833845,-0.01598774,-0.44048226,-0.93271762,0.07166551,0.54344925,0.99020610,-0.12527712,-0.63074835,-1.01914649,0.17527694,0.69986268,1.01870440,-0.02566591,-0.00699805,-0.99964610,0.02213648,-0.03166631,0.04360130,0.55283904,0.20385936,0.19440648
10400220000000,synthetic_50hz_05,11,0.02,93.46472614,93.44259610,13.52959308,13.47339588,13.45343497,0.38804180,124.17901305,1,1,0,0,1,0.48923087,0.05036924,0.04794326,0.05111817,0.11335474,0.09474313,-0.05179844,-0.10389189,-0.07154133,0.05098534,0.09143378,0.04627696,-0.04870231,-0.07633959,-0.01967840,0.04501517,0.05904450,-0.00748749,-0.04003022,-0.04004713,0.03443752,0.05166335,0.24036542,-0.13822627,-0.05121183,0.00971142,-0.31904025,0.04927868,0.21708846,-0.18590590,-0.04590976,0.03886091,-0.26765732,0.04119262,0.18289274,-0.23950651,-0.03525418,0.07713291,-0.21338580,0.05362378,-0.29623535,-0.82625612,0.00251302,0.41473450,0.91695748,-0.05857737,-0.52127665,-0.98122254,0.11295291,0.61279015,1.01719849,-0.16407196,-0.68663663,-1.02384813,0.21046074,0.74068706,1.00097976,-0.02547213,-0.00768795,-0.99964599,0.02206039,-0.03145450,0.04794326,0.45064853,0.20816807,0.19894481
10400240000000,synthetic_50hz_05,12,0.02,92.85790048,93.32565698,13.49760667,13.45343497,13.45470844,0.39666953,124.22646319,1,1,0,0,1,0.49006815,0.05485508,0.05228004,0.05184400,0.10657694,0.07738733,-0.05138536,-0.09478619,-0.05251534,0.04944526,0.08026272,0.02612932,-0.04607964,-0.06342523,0.00101002,0.04138551,0.04475917,-0.02812025,-0.03549822,-0.02480268,0.05441975,0.05243865,0.23361137,-0.15560588,-0.05084823,0.01878745,-0.29999684,0.04778709,0.20595238,-0.20606423,-0.04333361,0.05173568,-0.24696513,0.03760660,0.16865082,-0.26013600,-0.03076206,0.09233100,-0.19341378,0.01093501,-0.38839212,-0.89978908,0.04542675,0.49833351,0.97071409,-0.10047883,-0.59390772,-1.01365295,0.15263406,0.67235929,1.02736773,-0.20038879,-0.73142643,-1.01146302,0.24236621,0.76940621,0.96639735,-0.02528003,-0.00837504,-0.99964535,0.02197716,-0.03123653,0.05228004,0.36889161,0.21139293,0.20252362
10400260000000,synthetic_50hz_05,13,0.02,92.63310385,93.18714635,13.47958941,13.45470844,13.45800926,0.40544271,124.27351799,1,1,0,0,1,0.49090493,0.05931674,0.05661117,0.05170245,0.09797421,0.05864351,-0.05010685,-0.08404190,-0.03251078,0.04706665,0.06768663,0.00544075,-0.04266949,-0.04937991,0.02178615,0.03704216,0.02964956,-0.04838493,-0.03034688,-0.00906439,0.07358876,0.05234655,0.22503213,-0.17437377,-0.04961921,0.02950232,-0.27997456,0.04545703,0.19341105,-0.22676380,-0.03997011,0.06574160,-0.22618495,0.03330704,0.15358447,-0.28039773,-0.02565078,0.10802303,-0.17425468,-0.03223738,-0.47467187,-0.95872334,0.08787887,0.57414851,1.00854158,-0.14098677,-0.65707218,-1.02928310,0.19002996,0.72105215,1.02034990,-0.23359449,-0.76424386,-0.98199954,0.27042439,0.78540206,0.91533768,-0.02508967,-0.00905906,-0.99964418,0.02188680,-0.03101244,0.05661117,0.30348113,0.21373091,0.20533013
10400280000000,synthetic_50hz_05,14,0.02,92.53913233,93.05754355,13.47052575,13.45800926,13.45752581,0.41433400,124.32016103,1,1,0,0,1,0.49174119,0.06375224,0.06093617,0.05068741,0.08767300,0.03881253,-0.04797588,-0.07182320,-0.01185364,0.04388119,0.05390271,-0.01544700,-0.03852138,-0.03442817,0.04230229,0.03205098,0.01396106,-0.06793798,-0.02465654,0.00690856,0.09161499,0.05138094,0.21475414,-0.19422909,-0.04753776,0.04169185,-0.25929942,0.04232018,0.17966167,-0.24766284,-0.03586874,0.08065412,-0.20566445,0.02835979,0.13793908,-0.29994813,-0.02000069,0.12394984,-0.15623807,-0.07517663,-0.55356083,-1.00189912,0.12915344,0.64081818,1.02961762,-0.17940670,-0.70960044,-1.02765176,0.22448759,0.75792460,0.99605822,-0.26309639,-0.78439743,-0.93574786,0.29412000,0.78825572,0.84845945,-0.02490108,-0.00973975,-0.99964250,0.02178935,-0.03078226,0.06093617,0.25114741,0.21533971,0.20751410
10400300000000,synthetic_50hz_05,15,0.02,92.83076949,93.01218874,13.46506577,13.45752581,13.43893651,0.42332145,124.36637600,1,1,0,0,1,0.49257686,0.06815962,0.06525457,0.04880721,0.07582999,0.01821793,-0.04501983,-0.05832137,0.00911423,0.03993450,0.03913132,-0.03618361,-0.03369784,-0.01881309,0.06220981,0.02648966,-0.00204753,-0.08644246,-0.01851777,0.02284912,0.10818294,0.04955014,0.20293408,-0.21484830,-0.04463124,0.05516476,-0.23831328,0.03842217,0.16492459,-0.26841104,-0.03109204,0.09623018,-0.18575226,0.02284255,0.12197345,-0.31845026,-0.01390234,0.13984437,-0.13967943,-0.11715723,-0.62364130,-1.02839790,0.16854148,0.69710912,1.03338353,-0.21506660,-0.75047895,-1.00857623,0.25539126,0.78221213,0.95469120,-0.28835286,-0.79139376,-0.87328199,0.31300112,0.77775915,0.76669564,-0.02471432,-0.01041688,-0.99964031,0.02168485,-0.03054606,0.06525457,0.20927468,0.21634562,0.20919537
10400320000000,synthetic_50hz_05,16,0.02,93.01851660,93.01345431,13.45409148,13.43893651,13.40939582,0.43238638,124.41214669,1,1,0,0,1,0.49341192,0.07253695,0.06956593,0.04608487,0.06263020,-0.00279887,-0.04128035,-0.04375221,0.03004042,0.03528570,0.02361282,-0.05641588,-0.02827375,-0.00279266,0.08116485,0.02044665,-0.01810801,-0.10357380,-0.01203006,0.03848662,0.12299667,0.04687717,0.18975695,-0.23588997,-0.04094131,0.06970526,-0.21736852,0.03382211,0.14944019,-0.28865521,-0.02571490,0.11221177,-0.16679224,0.01684375,0.10595577,-0.33557956,-0.00745524,0.15543597,-0.12487471,-0.15745663,-0.68361738,-1.03756353,0.20535277,0.74193928,1.01956009,-0.24732849,-0.77887073,-0.97216225,0.28217362,0.79334698,0.89673652,-0.30888354,-0.78495066,-0.79545746,0.32668822,0.75392385,0.67124499,-0.02452943,-0.01109018,-0.99963763,0.02157331,-0.03030387,0.06956593,0.17577033,0.21684977,0.21046981
10400340000000,synthetic_50hz_05,17,0.02,92.92582804,92.99592906,13.43531931,13.40939582,13.38134831,0.44151247,124.45745702,1,1,0,0,1,0.49424632,0.07688229,0.07386975,0.04255799,0.04828451,-0.02388388,-0.03681302,-0.02835299,0.05056763,0.03000672,0.00760403,-0.07579349,-0.02233531,0.01336415,0.09883419,0.01401996,-0.03394704,-0.11902546,-0.00530041,0.05355122,0.13578517,0.04339963,0.17543366,-0.25700011,-0.03652354,0.08507606,-0.19682245,0.02859192,0.13346527,-0.30804501,-0.01982350,0.12832994,-0.14911761,0.01046142,0.09015938,-0.35102950,-0.00076636,0.17045478,-0.11209492,-0.19536734,-0.73233957,-1.02901986,0.23892782,0.77439985,0.98815930,-0.27559991,-0.79413382,-0.91880964,0.30432632,0.79097254,0.82297028,-0.32427886,-0.76500715,-0.70340430,0.33488229,0.71698626,0.56355885,-0.02434645,-0.01175943,-0.99963446,0.02145479,-0.03005573,0.07386975,0.14896028,0.21693322,0.21141412
10400360000000,synthetic_50hz_05,18,0.02,92.14762611,92.82626847,13.41265149,13.38134831,13.38015636,0.45068586,124.50229099,1,1,0,0,1,0.49508002,0.08119373,0.07816559,0.03827847,0.03302675,-0.04467621,-0.03168669,-0.01237896,0.07033957,0.02418137,-0.00862572,-0.09397501,-0.01597889,0.02938171,0.11490110,0.00731573,-0.04929062,-0.13251455,0.00155835,0.06777846,0.14630753,0.03916942,0.16019803,-0.27781784,-0.03144679,0.10102192,-0.17703138,0.02281542,0.11726917,-0.32623901,-0.01351422,0.14430905,-0.13304511,0.00380168,0.07485829,-0.36451716,0.00605145,0.18463634,-0.10158096,-0.23020915,-0.76882787,-1.00268422,0.26864975,0.79377490,0.93949170,-0.29934505,-0.79583703,-0.84921320,0.32141009,0.77495480,0.73445148,-0.33420873,-0.73173027,-0.59851519,0.33737198,0.66740961,0.44532342,-0.02416542,-0.01242436,-0.99963081,0.02132932,-0.02980171,0.07816559,0.12750526,0.21666094,0.21208967
10400380000000,synthetic_50hz_05,19,0.02,91.80693625,92.62240202,13.39900353,13.38015636,13.38345055,0.45989631,124.54663277,1,1,0,0,1,0.49591299,0.08546936,0.08245297,0.03331200,0.01711022,-0.06481405,-0.02598265,0.00390056,0.08900701,0.01790422,-0.02479887,-0.11063386,-0.00930960,0.04498223,0.12907109,0.00044658,-0.06386873,-0.14378713,0.00842932,0.08091386,0.15435773,0.03425222,0.14430334,-0.29798136,-0.02579233,0.11727353,-0.15834451,0.01658716,0.10112943,-0.34291065,-0.00689217,0.15987131,-0.11886923,-0.00302284,0.06032251,-0.37578863,0.01288129,0.19772618,-0.09353886,-0.26134140,-0.79229285,-0.95877665,0.29395579,0.79955869,0.87416901,-0.31809530,-0.78377287,-0.76435867,0.33306397,0.74539052,0.63251152,-0.33843025,-0.68551821,-0.48242876,0.33403943,0.60588209,0.31843736,-0.02398641,-0.01308474,-0.99962670,0.02119693,-0.02954185,0.08245297,0.11033385,0.21608506,0.21254556
10400400000000,synthetic_50hz_05,20,0.02,91.68577992,92.43507760,13.39247128,13.38345055,13.38163605,0.46913633,124.59046661,1,1,0,0,1,0.49674517,0.08970730,0.08673144,0.02773717,0.00080380,-0.08394086,-0.01979352,0.02020650,0.10623399,0.01127921,-0.04063424,-0.12546434,-0.00243971,0.05989048,0.14107750,-0.00647012,-0.07742004,-0.15262332,0.01519342,0.09271755,0.15976895,0.02872663,0.12801849,-0.31713409,-0.01965279,0.13355181,-0.14109783,0.01001110,0.08532725,-0.35775421,-0.00006960,0.17474150,-0.10685662,-0.00989479,0.04681337,-0.38462402,0.01960410,0.20948445,-0.08813544,-0.28817498,-0.80215419,-0.89782412,0.31434842,0.79146982,0.79310165,-0.33145906,-0.75796701,-0.66551370,0.33901358,0.70261166,0.51873868,-0.33679417,-0.62699968,-0.35700818,0.32486484,0.53331101,0.18498496,-0.02380943,-0.01374032,-0.99962214,0.02105768,-0.02927619,0.08673144,0.09658893,0.21524746,0.21282110
10400420000000,synthetic_50hz_05,21,0.02,92.00435664,92.34893341,13.38792048,13.38163605,13.35868929,0.47840003,124.63377693,1,1,0,0,1,0.49757654,0.09390568,0.09100052,0.02164453,-0.01561227,-0.10171164,-0.01322190,0.03625462,0.12170388,0.00441807,-0.05585173,-0.13818733,0.00451313,0.07383862,0.15068678,-0.01331421,-0.08969670,-0.15884187,0.02173144,0.10296878,0.16241746,0.02268319,0.11162371,-0.33493107,-0.01313076,0.14957253,-0.12560796,0.00319896,0.07014272,-0.37049058,0.00683581,0.18865177,-0.09724083,-0.01669399,0.03457872,-0.39084206,0.02610066,0.21969036,-0.08549442,-0.31018389,-0.79805638,-0.82065975,0.32940571,0.76946224,0.69749112,-0.33913060,-0.71868415,-0.55421349,0.33907819,0.64718606,0.39495762,-0.32925001,-0.55702929,-0.22431495,0.30992939,0.45081310,0.04720517,-0.02363455,-0.01439088,-0.99961714,0.02091160,-0.02900480,0.09100052,0.08558479,0.21418178,0.21294772
10400440000000,synthetic_50hz_05,22,0.02,91.76274502,92.23169573,13.37564338,13.35868929,13.33981089,0.48768159,124.67654830,1,1,0,0,1,0.49840704,0.09806265,0.09525976,0.01513520,-0.03185109,-0.11779926,-0.00637885,0.05176034,0.13512543,-0.00256140,-0.07017732,-0.14855588,0.01142780,0.08657105,0.15770339,-0.01996474,-0.10046890,-0.16230424,0.02792609,0.11147018,0.16222578,0.01622302,0.09540590,-0.35104514,-0.00633731,0.16505111,-0.11216613,-0.00373147,0.05584987,-0.38087281,0.01370299,0.20134655,-0.09021741,-0.02329949,0.02384836,-0.39430424,0.03225367,0.22814658,-0.08569329,-0.32691616,-0.77988102,-0.72841660,0.33879067,0.73373238,0.58881689,-0.34089768,-0.66642988,-0.43224131,0.33317646,0.57991390,0.26320402,-0.31584960,-0.47667874,-0.08657843,0.28941665,0.35970070,-0.09254326,-0.02346180,-0.01503615,-0.99961172,0.02075875,-0.02872772,0.09525976,0.07677286,0.21291512,0.21295059
10400460000000,synthetic_50hz_05,23,0.02,91.61371675,92.10809994,13.36059373,13.33981089,13.32038157,0.49697591,124.71876541,1,1,0,0,1,0.49923664,0.10217638,0.09950870,0.00831940,-0.04762395,-0.13190064,0.00061787,0.06644377,0.14623853,-0.00953732,-0.08334798,-0.15636029,0.01818181,0.09784923,0.16197411,-0.02630210,-0.10952944,-0.16291815,0.03366410,0.11805187,0.15916517,0.00945633,0.07965378,-0.36517323,0.00060981,0.17970765,-0.10103250,-0.01065830,0.04271171,-0.38869118,0.02040939,0.21258726,-0.08593958,-0.02959171,0.01482949,-0.39491826,0.03794988,0.23468322,-0.08876078,-0.33800379,-0.74775540,-0.62251592,0.34225960,0.68472233,0.46881805,-0.33664791,-0.60194840,-0.30160393,0.32133050,0.50182001,0.12569443,-0.29674899,-0.38722392,0.05383890,0.26361206,0.26146398,-0.23182003,-0.02329122,-0.01567592,-0.99960588,0.02059918,-0.02844502,0.09950870,0.06971430,0.21146936,0.21284986
10400480000000,synthetic_50hz_05,24,0.02,91.83166905,92.05281376,13.34370462,13.32038157,13.28630805,0.50627856,124.76041314,1,1,0,0,1,0.50006530,0.10624505,0.10374688,0.00131468,-0.06264540,-0.14374273,0.00764575,0.08003475,0.15481951,-0.01638576,-0.09511665,-0.16143277,0.02465335,0.10745630,0.16339185,-0.03221018,-0.11669793,-0.16064026,0.03883837,0.12257511,0.15325735,0.00250069,0.06465278,-0.37704229,0.00758810,0.19327200,-0.09243069,-0.01745761,0.03097530,-0.39377793,0.02683325,0.22215707,-0.08451442,-0.03545450,0.00770250,-0.39264081,0.04308218,0.23916154,-0.09467519,-0.34317162,-0.70205699,-0.50464981,0.33966894,0.62311881,0.33946945,-0.32637344,-0.52621583,-0.16450202,0.30366844,0.41414180,-0.01520807,-0.27220854,-0.29012786,0.19447971,0.23290075,0.15774941,-0.36814441,-0.02312286,-0.01630995,-0.99959965,0.02043293,-0.02815673,0.10374688,0.06405803,0.20986217,0.21266164
10400500000000,synthetic_50hz_05,25,0.02,91.31083636,91.90441828,13.31959806,13.28630805,13.26836843,0.51558499,124.80147651,1,1,0,0,1,0.50089298,0.11026686,0.10797383,-0.00575597,-0.07663852,-0.15308815,0.01457960,0.09227800,0.16068614,-0.02298290,-0.10525707,-0.16365148,0.03072359,0.11520153,0.16189866,-0.03757851,-0.12182468,-0.15547823,0.04335002,0.12493556,0.14457529,-0.00452093,0.05067984,-0.38641494,0.01447235,0.20548889,-0.08654295,-0.02400558,0.02086691,-0.39601119,0.03285573,0.22986525,-0.08599989,-0.04077744,0.00261710,-0.38747950,0.04755171,0.24147720,-0.10336352,-0.34224485,-0.64341356,-0.37675832,0.33098059,0.54984750,0.20295281,-0.31017400,-0.44042909,-0.02329607,0.28042496,0.31831290,-0.15703231,-0.24259113,-0.18701960,0.33283337,0.19776329,0.05033444,-0.49903869,-0.02295676,-0.01693801,-0.99959304,0.02026006,-0.02786293,0.10797383,0.05952318,0.20810789,0.21239886
10400520000000,synthetic_50hz_05,26,0.02,90.77591817,91.67871826,13.29808162,13.26836843,13.26368557,0.52489183,124.84194071,1,1,0,0,1,0.50171963,0.11424005,0.11218911,-0.01276625,-0.08934004,-0.15974035,0.02129374,0.10293807,0.16370189,-0.02920733,-0.11356835,-0.16294382,0.03627886,0.12092440,0.15748801,-0.04230445,-0.12479414,-0.14749174,0.04711038,0.12506601,0.13324322,-0.01148223,0.03799821,-0.39309462,0.02113690,0.21612285,-0.08350582,-0.03018080,0.01258743,-0.39531839,0.03836315,0.23555127,-0.09040252,-0.04545785,-0.00031120,-0.37949405,0.05126978,0.24156299,-0.11470156,-0.33515493,-0.57269873,-0.24100119,0.31626556,0.46606294,0.06162291,-0.28825809,-0.34599034,0.11953199,0.25194002,0.21594268,-0.29724072,-0.20835839,-0.07966929,0.46637987,0.15876970,-0.05890101,-0.62207307,-0.02279296,-0.01755986,-0.99958606,0.02008063,-0.02756367,0.11218911,0.05588506,0.20621821,0.21207185
10400540000000,synthetic_50hz_05,27,0.02,90.57008698,91.45699200,13.28363528,13.26368557,13.25696278,0.53419718,124.88179113,1,1,0,0,1,0.50254522,0.11816286,0.11639225,-0.01958876,-0.10050558,-0.16354817,0.02766429,0.11180411,0.16377951,-0.03494226,-0.11987927,-0.15928901,0.04121282,0.12449826,0.15020613,-0.04629520,-0.12552790,-0.13679274,0.05004286,0.12293852,0.11943555,-0.01825580,0.02685228,-0.39693019,0.02745786,0.22496304,-0.08340654,-0.03586647,0.00630807,-0.39167873,0.04324919,0.23908848,-0.09767606,-0.04940296,-0.00100397,-0.36879640,0.05415982,0.23939097,-0.12851489,-0.32194381,-0.49102278,-0.09972438,0.29570564,0.37313369,-0.08203069,-0.26094213,-0.24448699,0.26142077,0.21865554,0.10879161,-0.43327398,-0.17006501,0.03004029,0.59263569,0.11657142,-0.16800610,-0.73491144,-0.02263150,-0.01817528,-0.99957873,0.01989469,-0.02725901,0.11639225,0.05296392,0.20420269,0.21168890
10400560000000,synthetic_50hz_05,28,0.02,90.19559361,91.20471232,13.27243283,13.25696278,13.25493074,0.54349989,124.92101332,1,1,0,0,1,0.50336970,0.12203357,0.12058280,-0.02609730,-0.10991453,-0.16440978,0.03357150,0.11869435,0.16088392,-0.04007781,-0.12405216,-0.15271969,0.04542866,0.12583348,0.14015249,-0.04946978,-0.12398697,-0.12354463,0.05208466,0.11856586,0.10337492,-0.02471547,0.01746267,-0.39781979,0.03331548,0.23182770,-0.08628020,-0.04095274,0.00216650,-0.38512485,0.04741702,0.24038727,-0.10772107,-0.05253177,0.00057778,-0.35554994,0.05615901,0.23497392,-0.14458089,-0.30276613,-0.39971869,0.04457800,0.26959311,0.27262303,-0.22542581,-0.22864760,-0.13766752,0.39977450,0.18111008,-0.00125700,-0.56259750,-0.12835107,0.14014529,0.70920055,0.07189163,-0.27499312,-0.83535702,-0.02247242,-0.01878404,-0.99957107,0.01970230,-0.02694900,0.12058280,0.05061596,0.20206919,0.21125665
10400580000000,synthetic_50hz_05,29,0.02,90.09651204,90.98307227,13.26508195,13.25493074,13.24616280,0.55279951,124.95959302,1,1,0,0,1,0.50419304,0.12585046,0.12476031,-0.03216929,-0.11737474,-0.16227570,0.03890204,0.12346020,0.15503402,-0.04451322,-0.12598624,-0.14332263,0.04884106,0.12488004,0.12747919,-0.05176080,-0.12017350,-0.10796046,0.05318824,0.11200229,0.08532919,-0.03073863,0.01002150,-0.39571395,0.03859645,0.23656824,-0.09210789,-0.04533883,0.00026350,-0.37574352,0.05078134,0.23939761,-0.12038544,-0.05477691,0.00443190,-0.33996773,0.05721982,0.22836610,-0.16263167,-0.27788947,-0.30032343,0.18930607,0.23832835,0.16626518,-0.36593321,-0.19189612,-0.02741342,0.53201032,0.13993143,-0.11222868,-0.68274933,-0.08393246,0.24863517,0.81380435,0.02551367,-0.37787340,-0.92139702,-0.02231576,-0.01938593,-0.99956309,0.01950353,-0.02663371,0.12476031,0.04872615,0.19982424,0.21078043
10400600000000,synthetic_50hz_05,30,0.02,89.85194817,90.75684745,13.25713591,13.24616280,13.23758755,0.56209560,124.99751617,1,1,0,0,1,0.50501519,0.12961185,0.12892433,-0.03768809,-0.12272682,-0.15715102,0.04355132,0.12598981,0.14630371,-0.04815895,-0.12562045,-0.13123839,0.05137813,0.12162939,0.11238941,-0.05311606,-0.11413170,-0.09030020,0.05332262,0.10334354,0.06560758,-0.03620866,0.00468817,-0.39061777,0.04319618,0.23907279,-0.10081571,-0.04893521,0.00066014,-0.36367530,0.05327026,0.23611093,-0.13546598,-0.05608618,0.01051417,-0.32230973,0.05731129,0.21966324,-0.18235803,-0.24769241,-0.19455471,0.33180007,0.20241523,0.05593742,-0.50092455,-0.15130232,0.08429257,0.65560714,0.09582730,-0.22209236,-0.79138826,-0.03758954,0.35348912,0.90435330,-0.02173195,-0.47469463,-0.99124541,-0.02216156,-0.01998072,-0.99955482,0.01929845,-0.02631320,0.12892433,0.04720244,0.19747330,0.21026451
10400620000000,synthetic_50hz_05,31,0.02,89.73929681,90.55333732,13.24892560,13.23758755,13.22429810,0.57138776,125.03476892,1,1,0,0,1,0.50583611,0.13331608,0.13307440,-0.04254538,-0.12584791,-0.14909661,0.04742566,0.12621104,0.13482178,-0.05093863,-0.12293545,-0.11665998,0.05298303,0.11611558,0.09513481,-0.05349989,-0.10594804,-0.07086687,0.05247433,0.09272597,0.04455580,-0.04101722,0.00158557,-0.38259212,0.04702097,0.23926924,-0.11227487,-0.05166551,0.00337573,-0.34911320,0.05482692,0.23056132,-0.15271104,-0.05642390,0.01873812,-0.30287898,0.05641993,0.20900170,-0.20341425,-0.21266035,-0.08428331,0.46938903,0.16245439,-0.05637152,-0.62782219,-0.10756480,0.19540114,0.76815494,0.04957406,-0.32879726,-0.88634143,0.00984592,0.45271400,0.97897428,-0.06898204,-0.56357878,-1.04338285,-0.02200985,-0.02056820,-0.99954626,0.01908711,-0.02598753,0.13307440,0.04597121,0.19502099,0.20971234
10400640000000,synthetic_50hz_05,32,0.02,89.42458662,90.32758718,13.23858205,13.22429810,13.21516998,0.58067539,125.07133760,1,1,0,0,1,0.50665577,0.13696153,0.13721008,-0.04664338,-0.12665484,-0.13822928,0.05044427,0.12409381,0.12077078,-0.05279083,-0.11795510,-0.09983040,0.05361541,0.10841568,0.07601187,-0.05289423,-0.09575059,-0.05000188,0.05064808,0.08032497,0.02255031,-0.04506657,0.00079682,-0.37175378,0.04999005,0.23712749,-0.12630285,-0.05346830,0.00838645,-0.33230023,0.05541100,0.22282583,-0.17182414,-0.05577201,0.02897568,-0.28201687,0.05455045,0.19655688,-0.22542387,-0.17337912,0.02849841,0.59944141,0.11913440,-0.16859646,-0.74414967,-0.06145498,0.30383380,0.86740376,0.00200379,-0.43031147,-0.96565019,0.05750518,0.54438306,1.03605648,-0.11535624,-0.64275983,-1.07659277,-0.02186068,-0.02114815,-0.99953743,0.01886958,-0.02565677,0.13721008,0.04497358,0.19247123,0.20912666
10400660000000,synthetic_50hz_05,33,0.02,88.97415839,90.05690142,13.22874898,13.21516998,13.21491593,0.58995807,125.10720879,1,1,0,0,1,0.50747413,0.14054657,0.14133092,-0.04989701,-0.12510673,-0.12472080,0.05254118,0.11965161,0.10438473,-0.05367057,-0.11074688,-0.08103920,0.05325261,0.09864926,0.05535727,-0.05129935,-0.08370754,-0.02807936,0.04786711,0.06635249,-0.00000809,-0.04827160,0.00236284,-0.35827455,0.05203745,0.23266103,-0.14266559,-0.05429860,0.01562479,-0.31352591,0.05499983,0.21302404,-0.19246860,-0.05413079,0.04105866,-0.26009754,0.05172610,0.18254072,-0.24798610,-0.13052636,0.14171168,0.71941674,0.07322081,-0.27863339,-0.84758202,-0.01380427,0.40752197,0.95131112,-0.04601026,-0.52466150,-1.02761347,0.10449829,0.62667480,1.07428925,-0.15997358,-0.71062077,-1.08999277,-0.02171409,-0.02172036,-0.99952836,0.01864594,-0.02532099,0.14133092,0.04416240,0.18982745,0.20850972
10400680000000,synthetic_50hz_05,34,0.02,89.20324992,89.88617112,13.22293910,13.21491593,13.19648836,0.59923596,125.14236925,1,1,0,0,1,0.50829114,0.14406964,0.14543647,-0.05223579,-0.12120666,-0.10879594,0.05366680,0.11294226,0.08594585,-0.05355057,-0.10142168,-0.06061791,0.05189045,0.08697707,0.03354232,-0.04873431,-0.07002487,-0.00549970,0.04417314,0.05105382,-0.02270149,-0.05056185,0.00628053,-0.34237919,0.05311358,0.22592770,-0.16108089,-0.05412915,0.02497985,-0.29312181,0.05358924,0.20131669,-0.21427310,-0.05151931,0.05478107,-0.23752137,0.04798861,0.16719851,-0.27068302,-0.08486083,0.25322925,0.82691718,0.02554337,-0.38437921,-0.93599468,0.03451052,0.50444734,1.01808702,-0.09356946,-0.60997202,-1.07082743,0.14993074,0.69791092,1.09269539,-0.20196946,-0.76572873,-1.08306044,-0.02157010,-0.02228463,-0.99951906,0.01841626,-0.02498023,0.14543647,0.04350000,0.18709263,0.20786330
10400700000000,synthetic_50hz_05,35,0.02,89.68121541,89.84517998,13.21182979,13.19648836,13.15480846,0.60850851,125.17680598,1,1,0,0,1,0.50910676,0.14752917,0.14952630,-0.05360555,-0.11500267,-0.09072923,0.05378926,0.10406781,0.06578016,-0.05242220,-0.09013263,-0.03893462,0.04954378,0.07359888,0.01096657,-0.04523700,-0.05494323,0.01731764,0.03962601,0.03470355,-0.04510259,-0.05188314,0.01250184,-0.32434223,0.05318657,0.21702954,-0.18122274,-0.05295130,0.03629853,-0.27145598,0.05119407,0.18790355,-0.23683811,-0.04797545,0.06990226,-0.21470784,0.04339781,0.15080486,-0.29308733,-0.03720966,0.36091569,0.91973799,-0.02301853,-0.48377282,-1.00751017,0.08258308,0.59268256,1.06623537,-0.13976673,-0.68450499,-1.09422051,0.19292083,0.75659282,1.09065876,-0.24051294,-0.80686772,-1.05565281,-0.02142877,-0.02284074,-0.99950955,0.01818062,-0.02463459,0.14952630,0.04295622,0.18426946,0.20718887
10400720000000,synthetic_50hz_05,36,0.02,90.29727894,89.93559977,13.18788083,13.15480846,13.09025621,0.61777369,125.21050622,1,1,0,0,1,0.50992095,0.15092365,0.15359995,-0.05396985,-0.10658781,-0.07084075,0.05289544,0.09317351,0.04425206,-0.05029604,-0.07707297,-0.01638755,0.04624657,0.05875039,-0.01194941,-0.04086380,-0.03873401,0.03994187,0.03430290,0.01760090,-0.06678279,-0.05219904,0.02093375,-0.30448374,0.05224331,0.20611179,-0.20272673,-0.05077563,0.04938756,-0.24892667,0.04784830,0.17302034,-0.25974305,-0.04355560,0.08615087,-0.19208772,0.03803089,0.13365898,-0.31477044,0.01154617,0.46266912,0.99591571,-0.07155186,-0.57483666,-1.06054122,0.12949469,0.67043139,1.09459083,-0.18370412,-0.74669727,-1.09708288,0.23261727,0.80143552,1.06794552,-0.27482397,-0.83306801,-1.00801879,-0.02129011,-0.02338849,-0.99949985,0.01793908,-0.02428411,0.15359995,0.04250693,0.18136034,0.20648759
10400740000000,synthetic_50hz_05,37,0.02,90.12354425,89.97318867,13.14687849,13.09025621,13.03867271,0.62702763,125.24345743,1,1,0,0,1,0.51073368,0.15425157,0.15765698,-0.05331108,-0.09609925,-0.04949081,0.05099165,0.08044589,0.02175801,-0.04720210,-0.06247324,0.00660209,0.04205169,0.04269945,-0.03477184,-0.03568891,-0.02169462,0.06193911,0.02829720,0.00006433,-0.08732065,-0.05149194,0.03143906,-0.28316403,0.05029009,0.19336100,-0.22519640,-0.04763217,0.06401642,-0.22595508,0.04360479,0.15693490,-0.28255414,-0.03833395,0.10322943,-0.17009489,0.03198124,0.11607932,-0.33531090,0.06048788,0.55646364,1.05377306,-0.11912721,-0.65571789,-1.09382938,0.17433205,0.73606749,1.10235009,-0.22451082,-0.79519592,-1.07908953,0.26821684,0.83139848,1.02471831,-0.30419004,-0.84363144,-0.94080399,-0.02115418,-0.02392770,-0.99948998,0.01769173,-0.02392887,0.15765698,0.04213284,0.17836749,0.20576044
10400760000000,synthetic_50hz_05,38,0.02,90.27641921,90.03383478,13.10143206,13.03867271,12.98663049,0.63626665,125.27564731,1,1,0,0,1,0.51154491,0.15751147,0.16169697,-0.05163123,-0.08371657,-0.02707368,0.04810386,0.06610998,-0.00128061,-0.04318964,-0.04659740,0.02959797,0.03703023,0.02574140,-0.05706202,-0.02980323,-0.00414326,0.08288093,0.02171698,-0.01757433,-0.10631035,-0.04976382,0.04383819,-0.26077737,0.04735291,0.17900219,-0.24821036,-0.04357017,0.07992114,-0.20297752,0.03853464,0.13994257,-0.30483267,-0.03240140,0.12081980,-0.14915779,0.02535692,0.09839772,-0.35430290,0.10867632,0.64039155,1.09195932,-0.16481687,-0.72472841,-1.10647815,0.21620567,0.78817101,1.08909670,-0.26136116,-0.82889028,-1.04031608,0.29898149,0.84571225,0.96154267,-0.32798204,-0.83815194,-0.85504754,-0.02102100,-0.02445815,-0.99947996,0.01743865,-0.02356895,0.16169697,0.04181851,0.17529299,0.20500820
10400780000000,synthetic_50hz_05,39,0.02,90.14900172,90.05686816,13.05321540,12.98663049,12.94681722,0.64548735,125.30706381,1,1,0,0,1,0.51235459,0.16070191,0.16571946,-0.04895223,-0.06965904,-0.00401044,0.04427769,0.05042559,-0.02442539,-0.03832659,-0.02973835,0.05215702,0.03127053,0.00819374,-0.07838494,-0.02331291,0.01358710,0.10235298,0.01468318,-0.03497622,-0.12337014,-0.04703663,0.05791189,-0.23774485,0.04347737,0.16329518,-0.27133023,-0.03865758,0.09680882,-0.18043709,0.03272619,0.12236085,-0.32614365,-0.02586413,0.13858896,-0.12969077,0.01827888,0.08095306,-0.37136468,0.15517028,0.71270440,1.10948518,-0.20771347,-0.78038257,-1.09797957,0.25426819,0.82556195,1.05481870,-0.29349224,-0.84693999,-0.98124691,0.32425478,0.84390036,0.87938532,-0.34566889,-0.81653069,-0.75217064,-0.02089061,-0.02497966,-0.99946980,0.01717993,-0.02320440,0.16571946,0.04155158,0.17213879,0.20423151
10400800000000,synthetic_50hz_05,40,0.02,89.94191247,90.03387703,13.00852817,12.94681722,12.92216142,0.65468740,125.33769512,1,1,0,0,1,0.51316268,0.16382149,0.16972403,-0.04531595,-0.05418203,0.01925890,0.03957779,0.03368288,-0.04722934,-0.03269860,-0.01221263,0.07383813,0.02487668,-0.00960971,-0.09831814,-0.01633756,0.03115500,0.11996359,0.00732742,-0.05180208,-0.13815043,-0.04335222,0.07340478,-0.21450648,0.03872814,0.14653012,-0.29410899,-0.03298002,0.11436292,-0.15877488,0.02628355,0.10452357,-0.34606462,-0.01884172,0.15619548,-0.11208550,0.01087874,0.06408458,-0.38614665,0.19904543,0.77185196,1.10575117,-0.24694881,-0.82143189,-1.06823356,0.28773253,0.84732956,0.99991827,-0.32022079,-0.84879832,-0.90277487,0.34347694,0.82579583,0.77960405,-0.35683048,-0.77898526,-0.63395689,-0.02076304,-0.02549204,-0.99945952,0.01691563,-0.02283531,0.16972403,0.04132219,0.16890676,0.20343093
10400820000000,synthetic_50hz_05,41,0.02,89.52795552,89.93269272,12.97225413,12.92216142,12.92025454,0.66386594,125.36752971,1,1,0,0,1,0.51396915,0.16686882,0.17371025,-0.04078370,-0.03757260,0.04228387,0.03408702,0.01619703,-0.06924569,-0.02640759,0.00564550,0.09421113,0.01796682,-0.02732528,-0.11646042,-0.00900806,0.04821725,0.13535209,-0.00021041,-0.06771910,-0.15034151,-0.03877193,0.09002981,-0.19151271,0.03318806,0.12902219,-0.31609990,-0.02663944,0.13224918,-0.13842106,0.01932483,0.08677439,-0.36419436,-0.01146506,0.17329614,-0.09670263,0.00329639,0.04812510,-0.39833910,0.23941347,0.81651823,1.08056870,-0.28171226,-0.84689580,-1.01755921,0.31588916,0.85285696,0.92521302,-0.34095883,-0.83422986,-0.80619250,0.35619849,0.79155153,0.66392908,-0.36116879,-0.72605240,-0.50252427,-0.02063833,-0.02599510,-0.99944915,0.01664585,-0.02246174,0.17371025,0.04112243,0.16559871,0.20260688
10400840000000,synthetic_50hz_05,42,0.02,89.16259382,89.77867294,12.95041430,12.92025454,12.93785221,0.67302410,125.39655628,1,1,0,0,1,0.51477395,0.16984256,0.17767768,-0.03543546,-0.02014427,0.06461252,0.02790503,-0.00169759,-0.09003700,-0.01957010,0.02349050,0.11286567,0.01067095,-0.04460617,-0.13244038,-0.00146415,0.06443582,0.14819676,-0.00778487,-0.08240775,-0.15968057,-0.03337572,0.10747344,-0.16921550,0.02695681,0.11110577,-0.33686550,-0.01975236,0.15012204,-0.11978599,0.01198006,0.06946012,-0.38016148,-0.00387390,0.18955293,-0.08386391,-0.00432271,0.03339414,-0.40767922,0.27544103,0.84565345,1.03417300,-0.31126871,-0.85608756,-0.94669763,0.33812236,0.84184027,0.83192852,-0.35522779,-0.80332233,-0.69317453,0.36209184,0.74164423,0.53443599,-0.35851661,-0.65858418,-0.36028941,-0.02051651,-0.02648866,-0.99943870,0.01637068,-0.02208377,0.17767768,0.04094597,0.16221641,0.20175977
10400860000000,synthetic_50hz_05,43,0.02,88.95403413,89.61374518,12.94513822,12.93785221,12.96855334,0.68216487,125.42476382,1,1,0,0,1,0.51557705,0.17274141,0.18162588,-0.02936848,-0.00223116,0.08580053,0.02114662,-0.01965389,-0.10918417,-0.01231510,0.04097231,0.12941998,0.00312853,-0.06110948,-0.14592456,0.00614824,0.07948484,0.15822206,-0.01524775,-0.09556861,-0.16595794,-0.02726085,0.12540155,-0.14805916,0.02014917,0.09312794,-0.35598670,-0.01244778,0.16763147,-0.10325142,0.00438868,0.05292365,-0.39363253,0.00378583,0.20463998,-0.07384486,-0.01183037,0.02019115,-0.41395735,0.30636796,0.85850139,0.96722745,-0.33497515,-0.84863473,-0.85680576,0.35392484,0.81430154,0.72168197,-0.36267071,-0.75649165,-0.56575175,0.36096062,0.67687175,0.39351064,-0.34884386,-0.57773733,-0.20992443,-0.02039761,-0.02697254,-0.99942820,0.01609021,-0.02170147,0.18162588,0.04078777,0.15876159,0.20088990
10400880000000,synthetic_50hz_05,44,0.02,89.14890082,89.52077631,12.95497257,12.96855334,12.99800807,0.69129264,125.45214157,1,1,0,0,1,0.51637840,0.17556408,0.18555445,-0.02269570,0.01581848,0.10542049,0.01393961,-0.03731897,-0.12629542,-0.00478164,0.05774353,0.14352918,-0.00451419,-0.07650332,-0.15662494,0.01367987,0.09305748,0.16520512,-0.02245116,-0.10692875,-0.16902236,-0.02054027,0.14346590,-0.12847111,0.01289296,0.07544162,-0.37307171,-0.00486472,0.18443005,-0.08916226,-0.00330304,0.03749689,-0.40431948,0.01136490,0.21825046,-0.06686835,-0.01907869,0.00878902,-0.41702222,0.33152455,0.85462107,0.88081885,-0.35229593,-0.82449337,-0.74944130,0.36291044,0.77059514,0.59645702,-0.36306208,-0.69448030,-0.42627660,0.35274648,0.59834326,0.24380643,-0.33226102,-0.48495571,-0.05430721,-0.02028166,-0.02744657,-0.99941766,0.01580452,-0.02131492,0.18555445,0.04064377,0.15523597,0.19999756
10400900000000,synthetic_50hz_05,45,0.02,88.66496521,89.34961409,12.97304748,12.99800807,13.05574748,0.70041201,125.47867905,1,1,0,0,1,0.51717798,0.17830933,0.18946294,-0.01554366,0.03364919,0.12307096,0.00642248,-0.05434119,-0.14101475,0.00288386,0.07346651,0.15489302,-0.01210706,-0.09047376,-0.16430565,0.02098121,0.10487260,0.16898128,-0.02925046,-0.11624792,-0.16878509,-0.01334051,0.16131102,-0.11085278,0.00532668,0.05839842,-0.38776455,0.00285038,0.20018013,-0.07781873,-0.01094497,0.02349376,-0.41198648,0.01871376,0.23010321,-0.06309905,-0.02592303,-0.00057196,-0.41678509,0.35034720,0.83390228,0.77644347,-0.36281601,-0.78395562,-0.62653849,0.36482466,0.71140717,0.45857012,-0.35631525,-0.61834851,-0.27738096,0.33753310,0.50746258,0.08819478,-0.30901972,-0.38194626,0.10353410,-0.02016869,-0.02791057,-0.99940709,0.01551371,-0.02092419,0.18946294,0.04051075,0.15164127,0.19908300
10400920000000,synthetic_50hz_05,46,0.02,88.22250696,89.12419266,13.00778148,13.05574748,13.13756830,0.70952887,125.50436607,1,1,0,0,1,0.51797573,0.18097594,0.19335095,-0.00805012,0.05090553,0.13838519,-0.00125834,-0.07037756,-0.15302997,0.01053052,0.08782057,0.16326283,-0.01949910,-0.10273167,-0.16878875,0.02790551,0.11468097,0.16944840,-0.03550740,-0.12332397,-0.16522278,-0.00579932,0.17858148,-0.09557094,-0.00240326,0.04234137,-0.39975302,0.01054664,0.21456103,-0.06946951,-0.01838610,0.01120339,-0.41645555,0.02568567,0.23994900,-0.06263909,-0.03222514,-0.00768965,-0.41322262,0.36239225,0.79657431,0.65598392,-0.36625196,-0.72765019,-0.49037523,0.35955245,0.63774759,0.31062880,-0.34248688,-0.52945842,-0.12192679,0.31554725,0.40590472,-0.07029042,-0.27951024,-0.27064859,0.26048113,-0.02005874,-0.02836438,-0.99939653,0.01521788,-0.02052936,0.19335095,0.04038612,0.14797919,0.19814642
10400940000000,synthetic_50hz_05,47,0.02,88.46830958,88.99301605,13.06229194,13.13756830,13.21467813,0.71865055,125.52919270,1,1,0,0,1,0.51877162,0.18356275,0.19721804,-0.00036138,0.06723940,0.15103929,-0.00895136,-0.08510087,-0.16207982,0.01800603,0.10050884,0.16844751,-0.02654157,-0.11301910,-0.16995878,0.03431191,0.12227096,0.16657006,-0.04109302,-0.12799770,-0.15837905,0.00193697,0.19492917,-0.08294945,-0.01014534,0.02759765,-0.40877585,0.01807174,0.22727589,-0.06430570,-0.02547771,0.00088373,-0.41761128,0.03213976,0.24757622,-0.06552490,-0.03785606,-0.01240486,-0.40637841,0.36734749,0.74320760,0.52167708,-0.36246033,-0.65653555,-0.34353195,0.34712326,0.55093527,0.15548264,-0.32177848,-0.42945127,0.03704930,0.28715666,0.29558599,-0.22851310,-0.24425599,-0.15319883,0.41338876,-0.01995183,-0.02880783,-0.99938599,0.01491712,-0.02013050,0.19721804,0.04026780,0.14425145,0.19718804
10400960000000,synthetic_50hz_05,48,0.02,88.20453655,88.83532015,13.12629414,13.21467813,13.30833687,0.72778424,125.55314931,1,1,0,0,1,0.51956561,0.18606861,0.20106379,0.00737062,0.08231746,0.16075963,-0.01650311,-0.09820685,-0.16796020,0.02515980,0.11126489,0.17031839,-0.03309113,-0.12111511,-0.16776623,0.04006842,0.12747353,0.16037728,-0.04589052,-0.13015683,-0.14836459,0.00971643,0.21002077,-0.07326195,-0.01774611,0.01447154,-0.41462896,0.02527511,0.23805826,-0.06245597,-0.03207644,-0.00724428,-0.41540411,0.03794405,0.25281581,-0.07172545,-0.04269898,-0.01460530,-0.39636317,0.36504111,0.67470792,0.37607354,-0.35144323,-0.57188578,-0.18884293,0.32771308,0.45257590,-0.00383211,-0.29453480,-0.32021806,0.19639666,0.25286496,0.17862817,-0.38329901,-0.20390489,-0.03188836,0.55915067,-0.01984800,-0.02924076,-0.99937549,0.01461152,-0.01972770,0.20106379,0.04015415,0.14045978,0.19620802
10400980000000,synthetic_50hz_05,49,0.02,88.22291182,88.71283848,13.20275209,13.30833687,13.40399189,0.73693741,125.57622657,1,1,0,0,1,0.52035766,0.18849242,0.20488781,0.01499139,0.09582828,0.16732933,-0.02376130,-0.10942081,-0.17052932,0.03184616,0.11985868,0.16881286,-0.03901288,-0.12684098,-0.16222945,0.04505485,0.13016638,0.15096889,-0.04979786,-0.12973904,-0.13535583,0.01738458,0.22354482,-0.06672533,-0.02505328,0.00323773,-0.41717055,0.03201107,0.24667812,-0.06398293,-0.03804742,-0.01300190,-0.40985244,0.04297833,0.25554548,-0.08114192,-0.04665186,-0.01422865,-0.38335332,0.35544774,0.59230306,0.22198935,-0.33335080,-0.47526920,-0.02934099,0.30164320,0.34453311,-0.16415329,-0.26123909,-0.20386397,0.35291494,0.21330333,0.05731734,-0.53150190,-0.15921794,0.09088178,0.69476541,-0.01974726,-0.02966302,-0.99936505,0.01430119,-0.01932103,0.20488781,0.04004384,0.13660591,0.19520654
10401000000000,synthetic_50hz_05,50,0.02,88.13624973,88.59752073,13.28727280,13.40399189,13.50320074,0.74611720,125.59841543,1,1,0,0,1,0.52114774,0.19083311,0.20868966,0.02234710,0.10748917,0.17059354,-0.03057806,-0.11850381,-0.16971150,0.03792745,0.12610193,0.16393658,-0.04418337,-0.13006447,-0.15343531,0.04916547,0.13027720,0.13851042,-0.05273010,-0.12673397,-0.11959221,0.02478757,0.23521865,-0.06349441,-0.03191896,-0.00586483,-0.41632495,0.03814194,0.25294717,-0.06888091,-0.04326716,-0.01625692,-0.40104310,0.04713689,0.25569291,-0.09360877,-0.04962976,-0.01126455,-0.36758830,0.33869141,0.49752228,0.06245089,-0.30848047,-0.36852013,0.13180331,0.26937590,0.22889337,-0.32225755,-0.22250509,-0.08266751,0.50342095,0.16921936,-0.06594170,-0.67007050,-0.11105495,0.21264977,0.81740160,-0.01964966,-0.03007446,-0.99935468,0.01398622,-0.01891058,0.20868966,0.03993582,0.13269159,0.19418375
10401020000000,synthetic_50hz_05,51,0.02,87.89022907,88.45606240,13.37796254,13.50320074,13.60797668,0.75533026,125.61970714,1,1,0,0,1,0.52193580,0.19308964,0.21246894,0.02928782,0.11705251,0.17046359,-0.03681310,-0.12525818,-0.16549967,0.04327704,0.12985261,0.15576431,-0.04849328,-0.13070332,-0.14153820,0.05231144,0.12778580,0.12323147,-0.05462144,-0.12118415,-0.10137193,0.03177548,0.24479463,-0.06365790,-0.03820287,-0.01263849,-0.41208509,0.04354111,0.25672338,-0.07707517,-0.04762636,-0.01692705,-0.38913051,0.05033089,0.25323791,-0.10889640,-0.05156689,-0.00575552,-0.34936632,0.31504530,0.39216863,-0.09936601,-0.27727301,-0.25370415,0.29134671,0.23150681,0.10792527,-0.47492776,-0.17906617,0.04096515,0.64481641,0.12146296,-0.18867453,-0.79611470,-0.06035792,0.33094433,0.92446064,-0.01955521,-0.03047492,-0.99934440,0.01366673,-0.01849642,0.21246894,0.03982924,0.12871859,0.19313980
10401040000000,synthetic_50hz_05,52,0.02,88.11405651,88.38766122,13.47456848,13.60797668,13.69515748,0.76458276,125.64009327,1,1,0,0,1,0.52272180,0.19526102,0.21622524,0.03567073,0.12431142,0.16691963,-0.04233672,-0.12953221,-0.15795637,0.04778212,0.13101853,0.14443916,-0.05184993,-0.12872752,-0.12675770,0.05442289,0.12272524,0.10542175,-0.05542681,-0.11318474,-0.08104645,0.03820548,0.25206588,-0.06723562,-0.04377531,-0.01693152,-0.40451350,0.04809575,0.25791458,-0.08842258,-0.05103234,-0.01498229,-0.37433422,0.05249043,0.24821355,-0.12671510,-0.05241816,0.00220328,-0.32903883,0.28492813,0.27828466,-0.26020133,-0.24030528,-0.13307767,0.44604120,0.18875431,-0.01596601,-0.61902150,-0.13176146,0.16454939,0.77415512,0.07096988,-0.30838873,-0.90696948,-0.00813219,0.44333708,1.01363549,-0.01946394,-0.03086427,-0.99933423,0.01334280,-0.01807863,0.21622524,0.03972343,0.12468870,0.19207483
10401060000000,synthetic_50hz_05,53,0.02,88.17038583,88.34420614,13.56721586,13.69515748,13.77011211,0.77387928,125.65956567,1,1,0,0,1,0.52350571,0.19734630,0.21995815,0.04136323,0.12910461,0.16001190,-0.04703274,-0.13122387,-0.14721326,0.05134626,0.12955988,0.13017039,-0.05417945,-0.12416062,-0.10937465,0.05545062,0.11518176,0.08542558,-0.05512312,-0.10288215,-0.05901366,0.04394498,0.25687112,-0.07417732,-0.04852009,-0.01864189,-0.39374185,0.05170945,0.25648094,-0.10271387,-0.05341121,-0.01044620,-0.35693511,0.05356632,0.24070604,-0.14672055,-0.05216049,0.01246543,-0.30700373,0.24889735,0.15811233,-0.41677924,-0.19827986,-0.00904250,0.59270315,0.14194587,-0.14028804,-0.75153916,-0.08151952,0.28557401,0.88870795,0.01874292,-0.42262675,-1.00025486,0.04457405,0.54749496,1.08296397,-0.01937589,-0.03124235,-0.99932420,0.01301456,-0.01765731,0.21995815,0.03961785,0.12060372,0.19098900
10401080000000,synthetic_50hz_05,54,0.02,88.16504534,88.30837398,13.65243229,13.77011211,13.83330852,0.78322264,125.67811650,1,1,0,0,1,0.52428749,0.19934455,0.22366727,0.04624585,0.13132030,0.14986045,-0.05080106,-0.13028354,-0.13346908,0.05389165,0.12549065,0.11322973,-0.05542852,-0.11707980,-0.08972592,0.05536736,0.10529349,0.06363527,-0.05370993,-0.09047152,-0.03570998,0.04887450,0.25909855,-0.08436298,-0.05233712,-0.01771999,-0.37996888,0.05430438,0.25243645,-0.11967733,-0.05470967,-0.00339594,-0.33727002,0.05353130,0.23085354,-0.16852046,-0.05079343,0.02483580,-0.28369742,0.20763900,0.03404769,-0.56587784,-0.15201174,0.11590356,0.72828226,0.09200190,-0.26251326,-0.86968995,-0.02933961,0.40155458,0.98602408,-0.03416856,-0.52901890,-1.07393068,0.09669163,0.64123135,1.13087535,-0.01929107,-0.03160905,-0.99931431,0.01268209,-0.01723252,0.22366727,0.03951206,0.11646547,0.18988242
10401100000000,synthetic_50hz_05,55,0.02,88.09270295,88.26523978,13.72840030,13.83330852,13.88589685,0.79261396,125.69573827,1,1,0,0,1,0.52506710,0.20125489,0.22735220,0.05021492,0.13089909,0.13665327,-0.05356000,-0.12671562,-0.11698613,0.05536091,0.11887887,0.09394623,-0.05556575,-0.10761479,-0.06819781,0.05416859,0.09324812,0.04048322,-0.05120973,-0.07619307,-0.01160148,0.05289036,0.25868880,-0.09760458,-0.05514470,-0.01417021,-0.36345689,0.05582317,0.24584915,-0.13898391,-0.05489631,0.00603876,-0.31572527,0.05238085,0.21884373,-0.19168239,-0.04833947,0.03907417,-0.25958599,0.16195473,-0.09140848,-0.70439895,-0.10241223,0.23921898,0.84992855,0.03991714,-0.38013268,-0.97095432,0.02372878,0.51008699,1.06398702,-0.08669058,-0.62533525,-1.12634448,0.14715306,0.72255480,1.15622890,-0.01920951,-0.03196422,-0.99930459,0.01234552,-0.01680435,0.22735220,0.03940574,0.11227579,0.18875524
10401120000000,synthetic_50hz_05,56,0.02,88.34679489,88.28155080,13.79454885,13.88589685,13.91461811,0.80205297,125.71242377,1,1,0,0,1,0.52584450,0.20307648,0.23101254,0.05318494,0.12783576,0.12064297,-0.05524815,-0.12057891,-0.09808530,0.05571853,0.10984570,0.07269980,-0.05458252,-0.09594559,-0.04521832,0.05187287,0.07927933,0.01643318,-0.04766770,-0.06032740,0.01282574,0.05590707,0.25563661,-0.11364953,-0.05688144,-0.00805136,-0.34452677,0.05623030,0.23684019,-0.16025369,-0.05396252,0.01767788,-0.29272883,0.05013351,0.20491028,-0.21574263,-0.04484379,0.05489993,-0.23515553,0.11274583,-0.21570314,-0.82943599,-0.05047057,0.35837259,0.95505595,-0.01325979,-0.49070998,-1.05314120,0.07660786,0.60889998,1.12086390,-0.13774728,-0.70953511,-1.15627157,0.19491539,0.78971401,1.15834339,-0.01913123,-0.03230774,-0.99929505,0.01200495,-0.01637289,0.23101254,0.03929859,0.10803655,0.18760760
10401140000000,synthetic_50hz_05,57,0.02,88.78293547,88.38182773,13.84497794,13.91461811,13.91515710,0.81153742,125.72816610,1,1,0,0,1,0.52661965,0.20480852,0.23464790,0.05509055,0.12217981,0.10214194,-0.05582592,-0.11198586,-0.07713974,0.05495180,0.09856331,0.04991357,-0.05249340,-0.08229913,-0.02124837,0.04852158,0.06366223,-0.00802944,-0.04315087,-0.04318991,0.03707575,0.05785927,0.24999151,-0.13218542,-0.05750773,0.00052412,-0.32355168,0.05551306,0.22558174,-0.18306354,-0.05192286,0.03129451,-0.26874165,0.04683067,0.18932830,-0.24021574,-0.04037342,0.07199771,-0.21090197,0.06099503,-0.33628531,-0.93833857,0.00276655,0.47089808,1.04140066,-0.06644836,-0.59193464,-1.11443869,0.12821444,0.69590544,1.15534693,-0.18628404,-0.77981297,-1.16294598,0.23898298,0.84123812,1.13701675,-0.01905625,-0.03263949,-0.99928570,0.01166049,-0.01593822,0.23464790,0.03919041,0.10374962,0.18643963
10401160000000,synthetic_50hz_05,58,0.02,89.31682014,88.56882622,13.87445319,13.91515710,13.88799187,0.82106285,125.74295872,1,1,0,0,1,0.52739252,0.20645024,0.23825787,0.05588807,0.11403484,0.08151620,-0.05527650,-0.10110060,-0.05456731,0.05307127,0.08525159,0.02604523,-0.04933598,-0.06694473,0.00322775,0.04417831,0.04670782,-0.03240767,-0.03774696,-0.02512430,0.06065327,0.05870327,0.24185709,-0.15284625,-0.05700677,0.01139209,-0.30094946,0.05368200,0.21229368,-0.20695577,-0.04881493,0.04661933,-0.24424802,0.04253591,0.17240880,-0.26460476,-0.03501608,0.09002379,-0.18732061,0.00774612,-0.45066100,-1.02877213,0.05621686,0.57444777,1.10707322,-0.11855908,-0.68167295,-1.15345686,0.17748319,0.76924517,1.16658581,-0.23129037,-0.83463970,-1.14608155,0.27842934,0.87597118,1.09253522,-0.01898461,-0.03295935,-0.99927657,0.01131225,-0.01550042,0.23825787,0.03908102,0.09941690,0.18525145
10401180000000,synthetic_50hz_05,59,0.02,89.52168389,88.75939775,13.88013943,13.88799187,13.85031479,0.83062260,125.75679539,1,1,0,0,1,0.52816307,0.20800092,0.24184208,0.05555664,0.10355677,0.05917790,-0.05360642,-0.08813579,-0.03082199,0.05011071,0.07017381,0.00157746,-0.04517028,-0.05018869,0.02771254,0.03892757,0.02875660,-0.05620358,-0.03156256,-0.00649545,0.08307424,0.05841821,0.23138927,-0.17521984,-0.05538509,0.02433991,-0.27717411,0.05077088,0.19723931,-0.23144770,-0.04469873,0.06334603,-0.21974542,0.03733375,0.15449227,-0.28841176,-0.02887836,0.10861330,-0.16489547,-0.04591801,-0.55644747,-1.09877113,0.10878561,0.66684427,1.15060256,-0.16851688,-0.75801564,-1.16926158,0.22338973,0.82733306,1.15421024,-0.27182214,-0.87279809,-1.10588249,0.31241780,0.89309994,1.02567162,-0.01891632,-0.03326720,-0.99926766,0.01096034,-0.01505959,0.24184208,0.03897029,0.09504032,0.18404322
10401200000000,synthetic_50hz_05,60,0.02,89.61254775,88.93002775,13.86761309,13.85031479,13.80815803,0.84020891,125.76967020,1,1,0,0,1,0.52893125,0.20945988,0.24540013,0.05409873,0.09095079,0.03557687,-0.05084556,-0.07334838,-0.00638437,0.04612649,0.05363129,-0.02299219,-0.04007757,-0.03236799,0.05170588,0.03287320,0.01017151,-0.07892886,-0.02472107,0.01231823,0.10387629,0.05700656,0.21879324,-0.19885639,-0.05267255,0.03911062,-0.25270622,0.04683607,0.18071992,-0.25604177,-0.03965554,0.08113764,-0.19573400,0.03132800,0.13594164,-0.31114843,-0.02208364,0.12738782,-0.14408896,-0.09889834,-0.65142559,-1.14678452,0.15938902,0.74612887,1.17097130,-0.21528443,-0.81932091,-1.16139843,0.26497310,0.86889154,1.11834190,-0.30702247,-0.89341163,-1.04304305,0.34022024,0.89217424,0.93767279,-0.01885140,-0.03356293,-0.99925900,0.01060489,-0.01461581,0.24540013,0.03885811,0.09062180,0.18281505
10401220000000,synthetic_50hz_05,61,0.02,89.67117133,89.07825647,13.84264196,13.80815803,13.76356168,0.84981386,125.78157757,1,1,0,0,1,0.52969704,0.21082646,0.24893163,0.05154028,0.07646727,0.01119118,-0.04704660,-0.05703436,0.01824840,0.04119653,0.03595713,-0.04716188,-0.03415876,-0.01384323,0.07471565,0.02613617,-0.00866978,-0.10011534,-0.01736006,0.03093283,0.12262866,0.05449427,0.20431936,-0.22327780,-0.04892184,0.05540822,-0.22804293,0.04195551,0.16306861,-0.28023615,-0.03378627,0.09963356,-0.17270585,0.02463967,0.11713460,-0.33234661,-0.01476951,0.14596345,-0.12533182,-0.15010338,-0.73358893,-1.17171231,0.20697774,0.81060546,1.16764103,-0.25788483,-0.86425186,-1.12990611,0.30135698,0.89298147,1.05959548,-0.33614087,-0.89596602,-0.95873621,0.36123366,0.87311944,0.83023614,-0.01878988,-0.03384645,-0.99925060,0.01024600,-0.01416916,0.24893163,0.03874438,0.08616330,0.18156710
10401240000000,synthetic_50hz_05,62,0.02,89.97732711,89.25807059,13.80942824,13.76356168,13.70774673,0.85942991,125.79251224,1,1,0,0,1,0.53046040,0.21210008,0.25243621,0.04793024,0.06039661,-0.01348294,-0.04228404,-0.03952265,0.04257326,0.03541876,0.01750924,-0.07043617,-0.02753234,0.00500897,0.09626837,0.01885216,-0.02738277,-0.11932511,-0.00962846,0.04896711,0.13894165,0.05093027,0.18825804,-0.24798787,-0.04420747,0.07290381,-0.20368731,0.03622710,0.14464330,-0.30353541,-0.02720941,0.11845717,-0.15113447,0.01740441,0.09845563,-0.35156836,-0.00708488,0.16395897,-0.10901375,-0.19847277,-0.80118849,-1.17293228,0.25055978,0.85887887,1.14056712,-0.29542304,-0.89180737,-1.07531887,0.33176912,0.89902466,0.97906867,-0.35855014,-0.88032264,-0.85459147,0.37499399,0.83624051,0.70547600,-0.01873176,-0.03411764,-0.99924247,0.00988379,-0.01371973,0.25243621,0.03862905,0.08166679,0.18029950
10401260000000,synthetic_50hz_05,63,0.02,90.21484042,89.44942456,13.76672201,13.70774673,13.64585106,0.86904967,125.80246931,1,1,0,0,1,0.53122128,0.21328016,0.25591349,0.04333961,0.04306319,-0.03794168,-0.03665268,-0.02116815,0.06609191,0.02890904,-0.00133717,-0.09233667,-0.02033194,0.02380394,0.11591933,0.01116865,-0.04558443,-0.13615997,-0.00168338,0.06605071,0.15247507,0.04638555,0.17093366,-0.27248276,-0.03862422,0.09124248,-0.18013767,0.02976670,0.12581920,-0.32546113,-0.02005857,0.13722381,-0.13146457,0.00976972,0.08028776,-0.36841552,0.00081313,0.18100398,-0.09547495,-0.24300033,-0.85277194,-1.15031620,0.28922226,0.88988672,1.09020249,-0.32710577,-0.90134565,-0.99865774,0.35555867,0.88681837,0.87832123,-0.37376065,-0.84672370,-0.73266230,0.38118694,0.78221759,0.56588037,-0.01867708,-0.03437642,-0.99923463,0.00951837,-0.01326762,0.25591349,0.03851206,0.07713425,0.17901238
10401280000000,synthetic_50hz_05,64,0.02,89.79899429,89.51933851,13.71595621,13.64585106,13.60430006,0.87866609,125.81144420,1,1,0,0,1,0.53197965,0.21436619,0.25936309,0.03785996,0.02481854,-0.06168433,-0.03026566,-0.00234425,0.08832149,0.02179879,-0.02019762,-0.11241230,-0.01270345,0.04215719,0.13326221,0.00324186,-0.06290134,-0.15027012,0.00631320,0.08183202,0.16294566,0.04095172,0.15269774,-0.29626177,-0.03228523,0.11005084,-0.15787684,0.02270575,0.10698078,-0.34556225,-0.01247965,0.15554897,-0.11410245,0.00189178,0.06300443,-0.38253824,0.00876253,0.19674690,-0.08499867,-0.28275609,-0.88721643,-1.10423492,0.32215144,0.90292399,1.01749031,-0.35225901,-0.89259983,-0.90141097,0.37221079,0.85654160,0.75934354,-0.38143156,-0.79578888,-0.59538388,0.37965548,0.71209319,0.41425902,-0.01862585,-0.03462270,-0.99922708,0.00914987,-0.01281291,0.25936309,0.03839337,0.07256770,0.17770590
10401300000000,synthetic_50hz_05,65,0.02,89.66392019,89.54825484,13.66906063,13.60430006,13.56879967,0.88827386,125.81943266,1,1,0,0,1,0.53273548,0.21535768,0.26278464,0.03160160,0.00603389,-0.08422404,-0.02325209,0.01656511,0.10880497,0.01423221,-0.03868652,-0.13024901,-0.00480200,0.05969259,0.14793790,-0.00476664,-0.07897769,-0.16136168,0.01419787,0.09598583,0.17013332,0.03473904,0.13392153,-0.31883806,-0.02531961,0.12894495,-0.13736188,0.01518843,0.08851363,-0.36342471,-0.00462779,0.17305654,-0.09940725,-0.00606780,0.04696142,-0.39364268,0.01659993,0.21086252,-0.07780502,-0.31690663,-0.90375412,-1.03555249,0.34865076,0.89765965,0.92384555,-0.37034312,-0.86568523,-0.78550371,0.38135832,0.80875270,0.62451544,-0.38137878,-0.72850346,-0.44552209,0.37040392,0.62725111,0.25368414,-0.01857809,-0.03485638,-0.99921985,0.00877841,-0.01235568,0.26278464,0.03827295,0.06796913,0.17638018
10401320000000,synthetic_50hz_05,66,0.02,89.49615297,89.53783447,13.62695102,13.56879967,13.53986809,0.89786922,125.82643079,1,1,0,0,1,0.53348872,0.21625421,0.26617776,0.02469117,-0.01290772,-0.10509824,-0.01575428,0.03517361,0.12712093,0.00636319,-0.05642542,-0.14547866,0.00321135,0.07605047,0.15964217,-0.01269331,-0.09348294,-0.16920313,0.02180932,0.10822026,0.17388588,0.02787417,0.11498805,-0.33974904,-0.01786968,0.14753849,-0.11901421,0.00736864,0.07079621,-0.37868038,0.00333597,0.18938685,-0.08768318,-0.01394551,0.03248929,-0.40149731,0.02416402,0.22305895,-0.07404616,-0.34473336,-0.90198992,-0.94560898,0.36815616,0.87414502,0.81112601,-0.38096486,-0.82109811,-0.65325791,0.38279015,0.74437856,0.47655607,-0.37357943,-0.64619823,-0.28611490,0.35359824,0.52938770,0.08742490,-0.01853382,-0.03507738,-0.99921294,0.00840411,-0.01189603,0.26617776,0.03815077,0.06334058,0.17503539
10401340000000,synthetic_50hz_05,67,0.02,89.43731867,89.51773131,13.59037619,13.53986809,13.51256719,0.90744980,125.83243503,1,1,0,0,1,0.53423934,0.21705538,0.26954210,0.01726899,-0.03161963,-0.12387852,-0.00792478,0.05310081,0.14289257,-0.00164791,-0.07305108,-0.15778696,0.01117309,0.09089525,0.16813227,-0.02037615,-0.10611887,-0.17363026,0.02899175,0.11828303,0.17412240,0.02049744,0.09628398,-0.35856630,-0.01008797,0.16545104,-0.10321062,-0.00059327,0.05419176,-0.39101495,0.01124811,0.20420432,-0.07917301,-0.02157933,0.01988624,-0.40593792,0.03129901,0.23308393,-0.07380303,-0.36564831,-0.88191082,-0.83619280,0.38024863,0.83281353,0.68159333,-0.38388621,-0.75970585,-0.50734321,0.37645617,0.66469549,0.31846614,-0.35817272,-0.55052165,-0.12040755,0.32956298,0.42047602,-0.08112245,-0.01849305,-0.03528563,-0.99920636,0.00802708,-0.01143405,0.26954210,0.03802682,0.05868410,0.17367165
10401360000000,synthetic_50hz_05,68,0.02,89.69652376,89.55348980,13.55769641,13.51256719,13.47502195,0.91701415,125.83744216,1,1,0,0,1,0.53498730,0.21776082,0.27287728,0.00948608,-0.04971976,-0.14017975,0.00007694,0.06998027,0.15579576,-0.00963775,-0.08822322,-0.16692011,0.01892069,0.10392265,0.17323207,-0.02765815,-0.11662595,-0.17454968,0.03559820,0.12596686,0.17083493,0.01275985,0.07819137,-0.37490472,-0.00213396,0.18231613,-0.09027525,-0.00853396,0.03904054,-0.40017464,0.01894612,0.21720466,-0.07405285,-0.02881227,0.00941182,-0.40687111,0.03785792,0.24073016,-0.07708359,-0.37920693,-0.84388675,-0.70950286,0.38466335,0.77447199,0.53786489,-0.37902974,-0.68272883,-0.35072003,0.36246853,0.57130229,0.15346374,-0.33545718,-0.44340483,0.04821698,0.29877445,0.30272381,-0.24850758,-0.01845580,-0.03548106,-0.99920013,0.00764745,-0.01096983,0.27287728,0.03790108,0.05400173,0.17228913
10401380000000,synthetic_50hz_05,69,0.02,89.52118605,89.54702905,13.52297314,13.47502195,13.44634772,0.92656081,125.84144931,1,1,0,0,1,0.53573257,0.21837024,0.27618295,0.00150091,-0.06683879,-0.15366826,0.00808784,0.08546730,0.16556591,-0.01744342,-0.10163175,-0.17269021,0.02629609,0.11486611,0.17483577,-0.03439064,-0.12478882,-0.17194074,0.04149368,0.13111381,0.16408858,0.00481987,0.06107956,-0.38843062,0.00582931,0.19778908,-0.08047268,-0.01629053,0.02565266,-0.40597154,0.02627192,0.22812131,-0.07242851,-0.03549566,0.00128138,-0.40427624,0.04370579,0.24583972,-0.08382274,-0.38511777,-0.78866293,-0.56810156,0.38129554,0.70028345,0.38285782,-0.36648037,-0.59171447,-0.18657611,0.34109941,0.46608608,-0.01508468,-0.30588439,-0.32702022,0.21631057,0.26185059,0.17852621,-0.41130012,-0.01842208,-0.03566359,-0.99919426,0.00726534,-0.01050346,0.27618295,0.03777354,0.04929555,0.17088798
10401400000000,synthetic_50hz_05,70,0.02,89.41365439,89.52035412,13.49079046,13.44634772,13.42276221,0.93608892,125.84445395,1,1,0,0,1,0.53647511,0.21888336,0.27945874,-0.00652397,-0.08262796,-0.16406886,0.01594481,0.09924629,0.17200346,-0.02490595,-0.11300330,-0.17497912,0.03314904,0.12350237,0.17291004,-0.04043643,-0.13044082,-0.16585590,0.04655802,0.13361859,0.15402004,-0.00315994,0.04529731,-0.39886881,0.01363874,0.21155429,-0.07400248,-0.02370400,0.01430147,-0.40828750,0.03307527,0.23673103,-0.07433332,-0.04149230,-0.00433843,-0.39820575,0.04872241,0.24830731,-0.09388375,-0.38324871,-0.71734377,-0.41485980,0.37020268,0.61174226,0.21972636,-0.34648353,-0.48850393,-0.01825811,0.31277510,0.35118181,-0.18373652,-0.27004922,-0.20373495,0.38043395,0.21953770,0.05041432,-0.56616329,-0.01839190,-0.03583317,-0.99918875,0.00688088,-0.01003503,0.27945874,0.03764421,0.04456763,0.16946833
10401420000000,synthetic_50hz_05,71,0.02,88.98912931,89.41410916,13.46221860,13.42276221,13.41587512,0.94559820,125.84645388,1,1,0,0,1,0.53721488,0.21929995,0.28270431,-0.01442538,-0.09676640,-0.17117053,0.02348810,0.11103731,0.17497802,-0.03187365,-0.12210695,-0.17374081,0.03934027,0.12965620,0.16749457,-0.04567269,-0.13346740,-0.15641939,0.05068835,0.13343067,0.14083456,-0.01101641,0.03116548,-0.40600828,0.02113458,0.22333183,-0.07099504,-0.03062269,0.00521790,-0.40707650,0.03921690,0.24285858,-0.07972760,-0.04667938,-0.00733306,-0.38878390,0.05280495,0.24808239,-0.10706142,-0.37362960,-0.63136889,-0.25289516,0.35160310,0.51064169,0.05179409,-0.31943972,-0.37519245,0.15080022,0.27806675,0.22892624,-0.34904689,-0.22867698,-0.07605998,0.53723038,0.17269434,-0.07899913,-0.70992526,-0.01836529,-0.03598974,-0.99918361,0.00649419,-0.00956464,0.28270431,0.03751306,0.03982005,0.16803036
10401440000000,synthetic_50hz_05,72,0.02,88.82262841,89.29581301,13.44275434,13.41587512,13.41313570,0.95508960,125.84744728,1,1,0,0,1,0.53795184,0.21961984,0.28591930,-0.02204296,-0.10896790,-0.17483070,0.03056473,0.12060195,0.17443089,-0.03820531,-0.12875900,-0.16900215,0.04474441,0.13320386,0.15870100,-0.04999351,-0.13380839,-0.14382442,0.05380128,0.13055517,0.12480132,-0.01858919,0.01897029,-0.40970644,0.02816386,0.23288329,-0.07150906,-0.03690538,-0.00141434,-0.40236541,0.04457145,0.24638021,-0.08849970,-0.05095098,-0.00764233,-0.37620389,0.05587001,0.24517011,-0.12308653,-0.35645139,-0.53248179,-0.08550488,0.32587107,0.39903513,-0.11751740,-0.28589573,-0.25408410,0.31715159,0.23767788,0.10180771,-0.50764216,-0.18260767,0.05340384,0.68349716,0.12227279,-0.20707574,-0.83964663,-0.01834225,-0.03613324,-0.99917886,0.00610540,-0.00909237,0.28591930,0.03738011,0.03505491,0.16657421
10401460000000,synthetic_50hz_05,73,0.02,88.91857382,89.22036517,13.43031451,13.41313570,13.40434665,0.96456477,125.84743265,1,1,0,0,1,0.53868597,0.21984288,0.28910337,-0.02922257,-0.11898675,-0.17497801,0.03703167,0.12774820,0.17037603,-0.04377313,-0.13282662,-0.16086202,0.04925259,0.13407558,0.14671029,-0.05331208,-0.13145908,-0.12832884,0.05583455,0.12505256,0.10624760,-0.02572413,0.00895744,-0.40989193,0.03458353,0.24001665,-0.07553058,-0.04242429,-0.00546244,-0.39425310,0.04903004,0.24722618,-0.10046866,-0.05422028,-0.00526154,-0.36072354,0.05785533,0.23963092,-0.14163182,-0.33206162,-0.42269186,0.08390489,0.29352837,0.27919161,-0.28476169,-0.24653256,-0.12764214,0.47740866,0.19242910,-0.02758732,-0.65629173,-0.13277782,0.18202142,0.81625360,0.06929849,-0.33120776,-0.95268249,-0.01832280,-0.03626362,-0.99917449,0.00571462,-0.00861831,0.28910337,0.03724536,0.03027431,0.16510004
10401480000000,synthetic_50hz_05,74,0.02,88.96869465,89.17003107,13.41940801,13.40434665,13.39307507,0.97402525,125.84640884,1,1,0,0,1,0.53941722,0.21996897,0.29225617,-0.03581949,-0.12662280,-0.17161348,0.04275880,0.13233428,0.16289946,-0.04846536,-0.13423050,-0.14948897,0.05277464,0.13225679,0.13176865,-0.05556240,-0.12647006,-0.11024937,0.05674828,0.11703714,0.08555155,-0.03227651,0.00132708,-0.40656579,0.04026349,0.24459013,-0.08297358,-0.04706765,-0.00684709,-0.38290813,0.05250252,0.24538189,-0.11538828,-0.05642131,-0.00024127,-0.34265960,0.05872102,0.23157913,-0.16231914,-0.30095649,-0.30423082,0.25189192,0.25523275,0.15354687,-0.44654090,-0.20215052,0.00156391,0.62831590,0.14324021,-0.15662960,-0.79197627,-0.08020021,0.30717958,0.93280358,0.01484800,-0.44887344,-1.04673774,-0.01830695,-0.03638085,-0.99917052,0.00532200,-0.00814257,0.29225617,0.03710880,0.02548036,0.16360802
10401500000000,synthetic_50hz_05,75,0.02,88.88767227,89.11355931,13.40834818,13.39307507,13.38542660,0.98347229,125.84437506,1,1,0,0,1,0.54014556,0.21999806,0.29537736,-0.04170140,-0.13172539,-0.16481016,0.04763161,0.13427134,0.15215709,-0.05218857,-0.13294618,-0.13511727,0.05524091,0.12778813,0.11418195,-0.05670062,-0.11894588,-0.08995471,0.05652564,0.10667437,0.06313404,-0.03811402,-0.00377012,-0.39980104,0.04508921,0.24651490,-0.09368216,-0.05074205,-0.00554382,-0.36856475,0.05491922,0.24088799,-0.13295268,-0.05751020,0.00731392,-0.32238077,0.05845028,0.22118020,-0.18472762,-0.26376977,-0.17950446,0.41505096,0.21176340,0.02465101,-0.59957756,-0.15365179,0.13091313,0.76681805,0.09111033,-0.28270300,-0.91195082,-0.02594211,0.42634240,1.03079163,-0.03997402,-0.55769015,-1.11991423,-0.01829470,-0.03648488,-0.99916695,0.00492765,-0.00766523,0.29537736,0.03697044,0.02067517,0.16209830
10401520000000,synthetic_50hz_05,76,0.02,88.86970654,89.06478875,13.39872111,13.38542660,13.37891517,0.99290711,125.84133087,1,1,0,0,1,0.54087095,0.21993013,0.29846660,-0.04675113,-0.13419624,-0.15471112,0.05155346,0.13352506,0.13837103,-0.05486948,-0.12900429,-0.11804164,0.05660359,0.12076426,0.09430906,-0.05670579,-0.10904254,-0.06785750,0.05517313,0.09417708,0.03944958,-0.04311948,-0.00623588,-0.38974077,0.04896409,0.24575662,-0.10743421,-0.05337421,-0.00158325,-0.35151771,0.05623234,0.23383916,-0.15280299,-0.05746600,0.01724801,-0.30029968,0.05704959,0.20864697,-0.20840275,-0.22125872,-0.05104095,0.57008563,0.16400392,-0.10488595,-0.74078325,-0.10202081,0.25778893,0.89012375,0.03709639,-0.40325975,-1.01380157,0.02889753,0.53710439,1.10825101,-0.09405833,-0.65546407,-1.17074907,-0.01828607,-0.03657568,-0.99916379,0.00453171,-0.00718639,0.29846660,0.03683028,0.01586086,0.16057104
10401540000000,synthetic_50hz_05,77,0.02,88.88860661,89.02955232,13.39040262,13.37891517,13.37255531,1.00233085,125.83727616,1,1,0,0,1,0.54159336,0.21976522,0.30152356,-0.05086893,-0.13399114,-0.14152607,0.05444754,0.13011597,0.12182453,-0.05645639,-0.12248949,-0.09861073,0.05683759,0.11133158,0.07255394,-0.05558012,-0.09696394,-0.04440539,0.05272026,0.07980077,0.01497661,-0.04719316,-0.00602601,-0.37659468,0.05181128,0.24233583,-0.12394647,-0.05491242,0.00494993,-0.33211563,0.05641680,0.22438179,-0.17453526,-0.05629095,0.02935714,-0.27686398,0.05454847,0.19423493,-0.23286608,-0.17428746,0.07856309,0.71387719,0.11292310,-0.23244940,-0.86732271,-0.04830312,0.37963408,0.99576290,-0.01770946,-0.51587374,-1.09549479,0.08321147,0.63724052,1.16364305,-0.14631445,-0.74023536,-1.19824294,-0.01828107,-0.03665322,-0.99916104,0.00413429,-0.00670615,0.30152356,0.03668832,0.01103956,0.15902642
10401560000000,synthetic_50hz_05,78,0.02,88.89759655,89.00316117,13.38290675,13.37255531,13.36734320,1.01174457,125.83221119,1,1,0,0,1,0.54231276,0.21950339,0.30454790,-0.05397449,-0.13112052,-0.12552650,0.05625826,0.12411867,0.10285567,-0.05692009,-0.11353842,-0.07721947,0.05594087,0.09968480,0.04935700,-0.05334886,-0.08295722,-0.02007154,0.04921878,0.06383795,-0.00979260,-0.05025474,-0.00315091,-0.36063426,0.05357523,0.23632713,-0.14288087,-0.05532748,0.01391910,-0.31075345,0.05547057,0.21271057,-0.19770909,-0.05401027,0.04339414,-0.25254682,0.05099866,0.17823658,-0.25762534,-0.12380813,0.20669755,0.84354897,0.05955406,-0.35547507,-0.97667168,0.00641697,0.49400408,1.08163649,-0.07220301,-0.61829072,-1.15541722,0.13590739,0.72475175,1.19588673,-0.19569351,-0.81031785,-1.20187826,-0.01827971,-0.03671747,-0.99915871,0.00373554,-0.00622458,0.30454790,0.03654457,0.00621339,0.15746460
10401580000000,synthetic_50hz_05,79,0.02,88.96752536,88.99603401,13.37637006,13.36734320,13.36138948,1.02114924,125.82613655,1,1,0,0,1,0.54302909,0.21914477,0.30753931,-0.05600842,-0.12564877,-0.10703957,0.05695232,0.11565983,0.08184992,-0.05625426,-0.10233637,-0.05430051,0.05393436,0.08606249,0.02518558,-0.05005951,-0.06730740,0.00465545,0.04474142,0.04661180,-0.03436227,-0.05224482,0.00232500,-0.34218667,0.05422261,0.22785720,-0.16385193,-0.05461307,0.02513896,-0.28786382,0.05341455,0.19906410,-0.22185711,-0.05067147,0.05907399,-0.22783682,0.04647291,0.16097513,-0.28218478,-0.07084041,0.33079353,0.95652483,0.00497219,-0.47150232,-1.06666765,0.06103938,0.59861747,1.14605795,-0.12529115,-0.70847421,-1.19240686,0.18593073,0.79790530,1.20437813,-0.24120983,-0.86433241,-1.18162662,-0.01828198,-0.03676843,-0.99915680,0.00333558,-0.00574180,0.30753931,0.03639905,0.00138448,0.15588574
10401600000000,synthetic_50hz_05,80,0.02,89.03224293,89.00327579,13.37007822,13.36138948,13.35570106,1.03054569,125.81905318,1,1,0,0,1,0.54374234,0.21868950,0.31049745,-0.05693330,-0.11769250,-0.08644091,0.05651911,0.10491518,0.05923179,-0.05447546,-0.08911311,-0.03031500,0.05086125,0.07074187,0.00052421,-0.04578068,-0.05033111,0.02928169,0.03938024,0.02846928,-0.05824339,-0.05312601,0.01028513,-0.32162753,0.05374284,0.21710175,-0.18643516,-0.05278576,0.03837973,-0.26390789,0.05029195,0.18371958,-0.24649481,-0.04634319,0.07608008,-0.20322785,0.04106328,0.14279752,-0.30605535,-0.01644972,0.44837652,1.05058053,-0.04972759,-0.57822459,-1.13555208,0.11447122,0.69140218,1.18778513,-0.17591460,-0.78464632,-1.20577378,0.23228628,0.85526874,1.18899941,-0.28196104,-0.90123336,-1.13794564,-0.01828791,-0.03680607,-0.99915530,0.00293453,-0.00525789,0.31049745,0.03625174,-0.00344504,0.15429003
10401620000000,synthetic_50hz_05,81,0.02,88.78966616,88.96055387,13.36403981,13.35570106,13.36256598,1.03993466,125.81096239,1,1,0,0,1,0.54445247,0.21813780,0.31342201,-0.05673427,-0.10741764,-0.06414645,0.05497083,0.09210543,0.03545576,-0.05162256,-0.07413778,-0.00574286,0.04678598,0.05403269,-0.02413561,-0.04060054,-0.03236983,0.05331824,0.03324457,0.00977372,-0.08096367,-0.05288343,0.02056354,-0.29937278,0.05214809,0.20428150,-0.21017608,-0.04988441,0.05337231,-0.23936557,0.04616722,0.16698678,-0.27113071,-0.04111355,0.09407091,-0.17920887,0.03487908,0.12406709,-0.32876480,0.03827525,0.55711699,1.12388703,-0.10345368,-0.67353604,-1.18200358,0.16564950,0.77053673,1.20604242,-0.22306956,-0.84532248,-1.19531050,0.27405842,0.89573720,1.15011721,-0.31714606,-0.92032739,-1.07176551,-0.01829749,-0.03683038,-0.99915423,0.00253254,-0.00477295,0.31342201,0.03610266,-0.00827304,0.15267763
10401640000000,synthetic_50hz_05,82,0.02,88.66158687,88.90076047,13.36342080,13.36256598,13.37578837,1.04931740,125.80186580,1,1,0,0,1,0.54515944,0.21748991,0.31631267,-0.05541912,-0.09503563,-0.04060354,0.05234194,0.07749134,0.01099666,-0.04775572,-0.05771293,0.01892726,0.04179269,0.03627064,-0.04830549,-0.03462474,-0.01378264,0.07629106,0.02645855,-0.00910271,-0.10207712,-0.05152488,0.03294880,-0.27586976,0.04947285,0.18965721,-0.23459984,-0.04596920,0.06981410,-0.21472552,0.04112449,0.14920136,-0.29527639,-0.03508825,0.11268738,-0.15625390,0.02804448,0.10515601,-0.34986710,0.09224523,0.65487723,1.17504473,-0.15514036,-0.75557322,-1.20516138,0.21356273,0.83448569,1.20053265,-0.26582799,-0.88933954,-1.16129201,0.31042930,0.91855332,1.08857078,-0.34608079,-0.92128478,-0.98446555,-0.01831074,-0.03684136,-0.99915358,0.00212972,-0.00428708,0.31631267,0.03595181,-0.01309740,0.15104871
10401660000000,synthetic_50hz_05,83,0.02,88.65241167,88.85109071,13.36861518,13.37578837,13.39024423,1.05869569,125.79176540,1,1,0,0,1,0.54586322,0.21674610,0.31916912,-0.05301789,-0.08079859,-0.01628150,0.04868830,0.06136799,-0.01366015,-0.04295500,-0.04016812,0.04320797,0.03598330,0.01781019,-0.07151008,-0.02797418,0.00506122,0.09775053,0.01915855,-0.02778671,-0.12117278,-0.04908039,0.04718878,-0.25158780,0.04577296,0.17352396,-0.25922110,-0.04112017,0.08737556,-0.19047513,0.03526569,0.13071783,-0.31845651,-0.02838816,0.13156029,-0.13481256,0.02069583,0.08643758,-0.36895132,0.14439279,0.73975348,1.20310821,-0.20376944,-0.82275115,-1.20463857,0.25727133,0.88202852,1.17143863,-0.30335596,-0.91587659,-1.10446558,0.34069470,0.92331952,1.00565026,-0.36821106,-0.90414271,-0.87784158,-0.01832765,-0.03683901,-0.99915336,0.00172622,-0.00380036,0.31916912,0.03579921,-0.01791598,0.14940346
10401680000000,synthetic_50hz_05,84,0.02,88.91682527,88.86423762,13.37769938,13.39024423,13.39595457,1.06807148,125.78066352,1,1,0,0,1,0.54656376,0.21590671,0.32199105,-0.04958202,-0.06499383,0.00833812,0.04408575,0.04405847,-0.03802878,-0.03731847,-0.02185288,0.06662306,0.02947528,-0.00098273,-0.09329657,-0.02078230,0.02379001,0.11728029,0.01149016,-0.04591141,-0.13788277,-0.04560143,0.06299618,-0.22700844,0.04112428,0.15620484,-0.28355397,-0.03543539,0.10570717,-0.16709059,0.02870828,0.11190211,-0.34021826,-0.02114674,0.15031788,-0.11530122,0.01297874,0.06827867,-0.38564958,0.19369396,0.81011258,1.20760100,-0.24839062,-0.87379292,-1.18052536,0.29592605,0.91228140,1.11941463,-0.33492980,-0.92446839,-1.02603065,0.36427737,0.91000252,0.90306574,-0.38312266,-0.86930085,-0.75406501,-0.01834823,-0.03682334,-0.99915356,0.00132216,-0.00331290,0.32199105,0.03564485,-0.02272665,0.14774204
10401700000000,synthetic_50hz_05,85,0.02,88.85877028,88.86314415,13.38536656,13.39595457,13.40758249,1.07744619,125.76856284,1,1,0,0,1,0.54726105,0.21497212,0.32477815,-0.04518312,-0.04793763,0.03277137,0.03862842,0.02590700,-0.06163262,-0.03096005,-0.00312947,0.08871698,0.02239908,-0.01973829,-0.11324358,-0.01319234,0.04203698,0.13450532,0.00360526,-0.06312373,-0.15188921,-0.04115958,0.08005470,-0.20261563,0.03562093,0.13804409,-0.30712183,-0.02902880,0.12444666,-0.14502747,0.02158273,0.09312401,-0.36014027,-0.01350722,0.16859340,-0.09809490,0.00504507,0.05103236,-0.39964398,0.23918864,0.86462231,1.18852031,-0.28814012,-0.90775246,-1.13338214,0.32878439,0.92471168,1.04556803,-0.35994965,-0.91501103,-0.92760971,0.38073739,0.87893019,0.78290797,-0.39054830,-0.81750938,-0.61563463,-0.01837248,-0.03679436,-0.99915418,0.00091766,-0.00282480,0.32477815,0.03548875,-0.02752731,0.14606465
10401720000000,synthetic_50hz_05,86,0.02,89.21068197,88.93265172,13.39469725,13.40758249,13.40901961,1.08682118,125.75546636,1,1,0,0,1,0.54795504,0.21394272,0.32753012,-0.03991125,-0.02996858,0.05654170,0.03242659,0.00727183,-0.08401379,-0.02400706,0.01563457,0.10906372,0.01489539,-0.03809022,-0.13096929,-0.00535429,0.05944771,0.14909896,-0.00434119,-0.07909130,-0.16293003,-0.03584491,0.09802576,-0.17888591,0.02937319,0.11939992,-0.32946681,-0.02202771,0.14322648,-0.12471177,0.01402972,0.07474981,-0.37784071,-0.00561960,0.18603243,-0.08352025,-0.00295019,0.03503103,-0.41067247,0.27999933,0.90227512,1.14633189,-0.32225727,-0.92403004,-1.06422291,0.35522439,0.91914474,0.95143189,-0.37795023,-0.88776006,-0.81121064,0.38977958,0.83078086,0.64760181,-0.39037141,-0.74984985,-0.46532232,-0.01840042,-0.03675208,-0.99915523,0.00051287,-0.00233613,0.32753012,0.03533091,-0.03231583,0.14437146
10401740000000,synthetic_50hz_05,87,0.02,89.41845698,89.02981277,13.40071264,13.40901961,13.40842599,1.09619716,125.74137744,1,1,0,0,1,0.54864570,0.21281897,0.33024667,-0.03387293,-0.01144056,0.07918936,0.02560431,-0.01148213,-0.10474207,-0.01659751,0.03407379,0.12727501,0.00711219,-0.05568309,-0.14613856,0.00257818,0.07568701,0.16078887,-0.01219421,-0.09350885,-0.17080356,-0.02976396,0.11655550,-0.15627904,0.02250513,0.10063727,-0.35015869,-0.01457014,0.16168120,-0.10653175,0.00619722,0.05713496,-0.39298445,0.00236244,0.20229977,-0.07184962,-0.01085208,0.02057995,-0.41853336,0.31534784,0.92240461,1.08195516,-0.35009859,-0.92238033,-0.97448961,0.37475583,0.89576338,0.83892907,-0.38860868,-0.84332117,-0.67918182,0.39125777,0.76656560,0.49985343,-0.38262671,-0.66770960,-0.30611404,-0.01843202,-0.03669651,-0.99915669,0.00010792,-0.00184701,0.33024667,0.03517134,-0.03709009,0.14266265
10401760000000,synthetic_50hz_05,88,0.02,89.22776836,89.06940389,13.40395225,13.40842599,13.42198169,1.10557436,125.72629979,1,1,0,0,1,0.54933300,0.21160138,0.33292750,-0.02718882,0.00728453,0.10028032,0.01829676,-0.02999063,-0.12342312,-0.00887720,0.05183209,0.14300757,-0.00079829,-0.07217921,-0.15846905,0.01045077,0.09044536,0.16936179,-0.01980195,-0.10610394,-0.17537175,-0.02303737,0.13528199,-0.13522904,0.01515191,0.08212039,-0.36880314,-0.00680189,0.17945470,-0.09083071,-0.00176252,0.04061713,-0.40528914,0.01028462,0.21708591,-0.06329626,-0.01850874,0.00795155,-0.42308862,0.34456976,0.92469483,0.99673931,-0.37114930,-0.90291306,-0.86601803,0.38702842,0.85509989,0.71032905,-0.39174934,-0.78263379,-0.53416095,0.38517593,0.68760399,0.34259274,-0.36749773,-0.57275025,-0.14114743,-0.01846731,-0.03662770,-0.99915856,-0.00029707,-0.00135753,0.33292750,0.03501005,-0.04184800,0.14093841
10401780000000,synthetic_50hz_05,89,0.02,89.03870066,89.06326324,13.41152461,13.42198169,13.44741118,1.11495352,125.71023742,1,1,0,0,1,0.55001690,0.21029048,0.33557232,-0.01999114,0.02584397,0.11941455,0.01064745,-0.04789725,-0.13970581,-0.00099679,0.06856964,0.15596929,-0.00868261,-0.08726513,-0.16773610,0.01811169,0.10344473,0.17466700,-0.02701859,-0.11664196,-0.17656218,-0.01579737,0.15384252,-0.11613594,0.00745705,0.06420568,-0.38504902,0.00112638,0.19620715,-0.07790074,-0.00969606,0.02550977,-0.41453013,0.01799513,0.23011280,-0.05801088,-0.02577436,-0.00261955,-0.42426582,0.36712622,0.90918217,0.89243110,-0.38503197,-0.86608643,-0.74099635,0.39183708,0.79802102,0.56819833,-0.38734534,-0.70694828,-0.37901888,0.37168625,0.59549390,0.17891215,-0.34531128,-0.46687115,0.02635271,-0.01850627,-0.03654567,-0.99916084,-0.00070197,-0.00086778,0.33557232,0.03484705,-0.04658746,0.13919893
10401800000000,synthetic_50hz_05,90,0.02,88.96028782,89.04266816,13.42659697,13.44741118,13.47872979,1.12433618,125.69319471,1,1,0,0,1,0.55069737,0.20888684,0.33818085,-0.01242094,0.04388139,0.13623343,0.00280527,-0.06486034,-0.15328858,0.00689129,0.08396933,0.16592435,-0.01638916,-0.10065745,-0.17377645,0.02541453,0.11444357,0.17661849,-0.03370718,-0.12493022,-0.17436854,-0.00818502,0.17188073,-0.09935837,-0.00043055,0.04723482,-0.39859478,0.00906224,0.21162146,-0.06797767,-0.01745179,0.01209629,-0.42054416,0.02534756,0.24113892,-0.05607952,-0.03251196,-0.01094066,-0.42205866,0.38261297,0.87625015,0.77113511,-0.39151228,-0.81269351,-0.60191722,0.38912411,0.72570654,0.41534577,-0.37551731,-0.61779711,-0.21679971,0.35108417,0.49207631,0.01200321,-0.31652911,-0.35216871,0.19313934,-0.01854892,-0.03645044,-0.99916353,-0.00110664,-0.00037786,0.33818085,0.03468233,-0.05130637,0.13744440
10401820000000,synthetic_50hz_05,91,0.02,89.18553609,89.07124174,13.44849276,13.47872979,13.50378889,1.13372447,125.67517636,1,1,0,0,1,0.55137438,0.20739108,0.34075280,-0.00462523,0.06105363,0.15042620,-0.00507847,-0.08055944,-0.16392464,0.01463576,0.09774269,0.17269707,-0.02377109,-0.11210796,-0.17649055,0.03222109,0.12324112,0.17519573,-0.03974214,-0.13082117,-0.16884994,-0.00034731,0.18905346,-0.08520707,-0.00835959,0.03152824,-0.40919362,0.01685440,0.22540914,-0.06123718,-0.02488286,0.00062490,-0.42323169,0.03220372,0.24996349,-0.05752268,-0.03859599,-0.01686422,-0.41652624,0.39076658,0.82661725,0.63526757,-0.39050166,-0.74384223,-0.45152465,0.37897839,0.63962189,0.25476408,-0.35652899,-0.51696095,-0.05065853,0.32380070,0.37939579,-0.15490752,-0.28173709,-0.23089247,0.35600752,-0.01859524,-0.03634207,-0.99916662,-0.00151094,0.00011213,0.34075280,0.03451592,-0.05600266,0.13567500
10401840000000,synthetic_50hz_05,92,0.02,89.25345969,89.10768533,13.47171713,13.50378889,13.53035361,1.14312031,125.65618740,1,1,0,0,1,0.55204788,0.20580387,0.34328789,0.00324597,0.07703724,0.16173535,-0.01285301,-0.09470129,-0.17142606,0.02208949,0.10963507,0.17617447,-0.03068911,-0.12140801,-0.17584369,0.03840396,0.12968070,0.17044326,-0.04501160,-0.13421464,-0.16012886,0.00756572,0.20503724,-0.07393957,-0.01617930,0.01737921,-0.41665760,0.02435574,0.23731554,-0.05779223,-0.03184998,-0.00869575,-0.42255799,0.03843620,0.25642983,-0.06229584,-0.04391456,-0.02029008,-0.40779105,0.39146771,0.76131834,0.48750480,-0.38205713,-0.66092941,-0.29275691,0.36163166,0.54148557,0.08956870,-0.33078019,-0.40643046,0.11620182,0.29039216,0.25965776,-0.31862218,-0.24163200,-0.10539901,0.51185652,-0.01864523,-0.03622060,-0.99917010,-0.00191476,0.00060210,0.34328789,0.03434782,-0.06067425,0.13389092
10401860000000,synthetic_50hz_05,93,0.02,89.44450630,89.17504953,13.49634445,13.53035361,13.55393718,1.15252544,125.63623320,1,1,0,0,1,0.55271786,0.20412590,0.34578585,0.01104257,0.09153444,0.16996087,-0.02037106,-0.10702507,-0.17566654,0.02911223,0.11943013,0.17630765,-0.03701409,-0.12839196,-0.17186574,0.04384881,0.13365218,0.16246886,-0.04941935,-0.13505916,-0.14838792,0.01540399,0.21953430,-0.06575585,-0.02374239,0.00504857,-0.42086046,0.03142601,0.24712433,-0.05769173,-0.03822400,-0.01570001,-0.41855294,0.04393064,0.26042781,-0.07029120,-0.04837146,-0.02116675,-0.39603570,0.38474139,0.68168015,0.33072761,-0.36637815,-0.56560961,-0.12868661,0.33745205,0.43323228,-0.07706447,-0.29879705,-0.28836466,0.28059376,0.25152760,0.13518335,-0.47603339,-0.19700648,0.02189536,0.65774876,-0.01869890,-0.03608607,-0.99917396,-0.00231796,0.00109195,0.34578585,0.03417803,-0.06531908,0.13209236
10401880000000,synthetic_50hz_05,94,0.02,89.49779105,89.23959783,13.52053340,13.55393718,13.58081167,1.16194123,125.61531944,1,1,0,0,1,0.55338428,0.20235791,0.34824641,0.01861727,0.10427847,0.17496328,-0.02749155,-0.11730696,-0.17658303,0.03557324,0.12695343,0.17311181,-0.04262933,-0.13293977,-0.16464970,0.04845640,0.13509340,0.15144066,-0.05288645,-0.13335222,-0.13386551,0.02302018,0.23227790,-0.06079542,-0.03090780,-0.00523988,-0.42173913,0.03793445,0.25466107,-0.06092049,-0.04388825,-0.02026786,-0.41130955,0.04858783,0.26189527,-0.08134064,-0.05188775,-0.01949173,-0.38149859,0.37075456,0.58929156,0.16796270,-0.34380075,-0.45975952,0.03754048,0.30693501,0.31697241,-0.24196134,-0.26122020,-0.16504683,0.43940635,0.20797428,0.00836287,-0.62418306,-0.14873236,0.14856219,0.79096429,-0.01875623,-0.03593854,-0.99917820,-0.00272041,0.00158159,0.34824641,0.03400657,-0.06993511,0.13027952
10401900000000,synthetic_50hz_05,95,0.02,89.44711707,89.28110168,13.54585027,13.58081167,13.61464535,1.17136895,125.59345213,1,1,0,0,1,0.55404710,0.20050069,0.35066931,0.02582834,0.11503827,0.17666542,-0.03408228,-0.12536387,-0.17417602,0.04135361,0.13207516,0.16666504,-0.04743269,-0.13497867,-0.15434903,0.05214427,0.13399068,0.13758307,-0.05535251,-0.12913967,-0.11685052,0.03027258,0.24303695,-0.05913542,-0.03754332,-0.01330304,-0.41929409,0.04376217,0.25979594,-0.06740042,-0.04874057,-0.02232652,-0.40098127,0.05232529,0.26081853,-0.09521975,-0.05440304,-0.01531087,-0.36446860,0.34981080,0.48596931,0.00232245,-0.31478918,-0.34543877,0.20276698,0.27069204,0.19494906,-0.40201055,-0.21879072,-0.03883888,0.58966396,0.16058156,-0.11839104,-0.76031709,-0.09774277,0.27220769,0.90904992,-0.01881723,-0.03577807,-0.99918281,-0.00312198,0.00207092,0.35066931,0.03383345,-0.07452030,0.12845258
10401920000000,synthetic_50hz_05,96,0.02,89.74494249,89.37386984,13.57474421,13.61464535,13.64109890,1.18081010,125.57063761,1,1,0,0,1,0.55470629,0.19855505,0.35305428,0.03254223,0.12362231,0.17505306,-0.04002223,-0.13105637,-0.16850860,0.04634838,0.13471201,0.15710597,-0.05133828,-0.13448384,-0.14117389,0.05484808,0.13037844,0.12117171,-0.05677658,-0.12251416,-0.09767609,0.03702762,0.25161993,-0.06079007,-0.04352792,-0.01900150,-0.41358846,0.04880419,0.26244563,-0.07699286,-0.05269507,-0.02185116,-0.38777827,0.05507868,0.25723200,-0.11165290,-0.05587638,-0.00871680,-0.34527888,0.32234261,0.37372008,-0.16305568,-0.27992513,-0.22484793,0.36388429,0.22943727,0.06949331,-0.55422194,-0.17233464,0.08786483,0.72858112,0.11026351,-0.24268980,-0.88193497,-0.04501344,0.39051790,1.00986221,-0.01888188,-0.03560472,-0.99918779,-0.00352253,0.00255984,0.35305428,0.03365866,-0.07907263,0.12661175
10401940000000,synthetic_50hz_05,97,0.02,89.57538754,89.41417338,13.60261318,13.64109890,13.67960451,1.19026578,125.54688254,1,1,0,0,1,0.55536182,0.19652186,0.35540106,0.03863595,0.12988165,0.17017425,-0.04520375,-0.13429066,-0.15970445,0.05046830,0.13482800,0.14463030,-0.05427783,-0.13147820,-0.12538639,0.05652251,0.12433781,0.10252753,-0.05713761,-0.11361271,-0.07671275,0.04316233,0.25787790,-0.06571134,-0.04875395,-0.02224143,-0.40474590,0.05297127,0.26257417,-0.08950213,-0.05568347,-0.01886471,-0.37196265,0.05680269,0.25121683,-0.13031915,-0.05628672,0.00015345,-0.32429997,0.28890131,0.25469969,-0.32506900,-0.23989507,-0.10028485,0.51789076,0.18397253,-0.05702125,-0.69578148,-0.12274599,0.21268339,0.85361250,0.05798062,-0.36221378,-0.98683347,0.00845636,0.50130137,1.09160357,-0.01895019,-0.03541857,-0.99919311,-0.00392195,0.00304826,0.35540106,0.03348223,-0.08359008,0.12475723
10401960000000,synthetic_50hz_05,98,0.02,89.60749346,89.45283740,13.63494954,13.67960451,13.72016101,1.19973743,125.52219387,1,1,0,0,1,0.55601365,0.19440199,0.35770940,0.04399923,0.13371212,0.16213755,-0.04953430,-0.13501968,-0.14794460,0.05364128,0.13243457,0.12948633,-0.05620175,-0.12603130,-0.10729492,0.05714190,0.11599450,0.08201014,-0.05643462,-0.10261352,-0.05436098,0.04856642,0.26170670,-0.07379066,-0.05312889,-0.02297580,-0.39294743,0.05619131,0.26019298,-0.10467993,-0.05765619,-0.01343672,-0.35384281,0.05747164,0.24289870,-0.15085888,-0.05563306,0.01112168,-0.30193232,0.25014495,0.13117033,-0.48070749,-0.19547575,0.02590009,0.66194667,0.13517090,-0.18222379,-0.82410163,-0.07096901,0.33329390,0.96249734,0.00472105,-0.47475499,-1.07314382,0.06166302,0.60252868,1.15285105,-0.01902214,-0.03521968,-0.99919877,-0.00432009,0.00353609,0.35770940,0.03330416,-0.08807068,0.12288921
10401980000000,synthetic_50hz_05,99,0.02,89.78647710,89.51956534,13.67073836,13.72016101,13.75669747,1.20922670,125.49657889,1,1,0,0,1,0.55666177,0.19219641,0.35997906,0.04853640,0.13505560,0.15110911,-0.05293804,-0.13324333,-0.13346326,0.05581346,0.12758960,0.11196959,-0.05707974,-0.11825740,-0.08724779,0.05670040,0.10551578,0.06001060,-0.05468635,-0.08973209,-0.03104327,0.05314422,0.26304821,-0.08486187,-0.05657687,-0.02120449,-0.37842729,0.05841045,0.25535996,-0.12223072,-0.05858293,-0.00568144,-0.33376706,0.05707969,0.23244491,-0.17288104,-0.05393415,0.02397238,-0.27859845,0.20682441,0.00545674,-0.62710869,-0.14751840,0.15134865,0.79342496,0.08395937,-0.30379058,-0.93686643,-0.01797975,0.44747409,1.05329760,-0.04851824,-0.57825672,-1.13936170,0.11361742,0.69236793,1.19257748,-0.01909773,-0.03500813,-0.99920476,-0.00471683,0.00402322,0.35997906,0.03312445,-0.09251244,0.12100790
10402000000000,synthetic_50hz_05,100,0.02,89.93731345,89.60311496,13.70684118,13.75669747,13.79082247,1.21873497,125.47004520,1,1,0,0,1,0.55730612,0.18990606,0.36220978,0.05216792,0.13390048,0.13730886,-0.05535693,-0.12900779,-0.11654279,0.05694998,0.12039575,0.09241672,-0.05690114,-0.10831265,-0.06562624,0.05521181,0.09310684,0.03694373,-0.05193070,-0.07521672,-0.00719611,0.05681620,0.26189079,-0.09870504,-0.05903986,-0.01697367,-0.36146783,0.05959384,0.24817776,-0.14181786,-0.05845302,0.00424497,-0.31211664,0.05564064,0.22006063,-0.19597080,-0.05122790,0.03845726,-0.25473483,0.15976816,-0.12009791,-0.76160870,-0.09693180,0.27373866,0.90995686,0.03130085,-0.41948739,-1.03207053,0.03523251,0.55314210,1.12442913,-0.10075011,-0.67084947,-1.18436991,0.16336303,0.76921594,1.21016476,-0.01917696,-0.03478401,-0.99921107,-0.00511205,0.00450956,0.36220978,0.03294312,-0.09691340,0.11911350
10402020000000,synthetic_50hz_05,101,0.02,90.52501418,89.78749481,13.74211332,13.79082247,13.80592747,1.22826325,125.44260068,1,1,0,0,1,0.55794669,0.18753197,0.36440132,0.05483162,0.13028115,0.12100567,-0.05675157,-0.12240403,-0.09750780,0.05703535,0.11099794,0.07119874,-0.05567478,-0.09639173,-0.04283699,0.05270907,0.07900650,0.01324022,-0.04822374,-0.05934348,0.01673827,0.05952018,0.25826887,-0.11505132,-0.06047846,-0.01037433,-0.34239366,0.05972597,0.23879130,-0.16307034,-0.05727528,0.01614784,-0.28929826,0.05318742,0.20598468,-0.21969748,-0.04757037,0.05430026,-0.23078371,0.10986577,-0.24317545,-0.88178845,-0.04466468,0.39082628,1.00947182,-0.02182411,-0.52720940,-1.10805164,0.08768371,0.64839282,1.17468582,-0.15101534,-0.75088278,-1.20745326,0.20999313,0.83172444,1.20540925,-0.01925980,-0.03454739,-0.99921768,-0.00550561,0.00499502,0.36440132,0.03276018,-0.10127162,0.11720622
10402040000000,synthetic_50hz_05,102,0.02,90.38110326,89.90621650,13.76891527,13.80592747,13.83285884,1.23781133,125.41425353,1,1,0,0,1,0.55858344,0.18507518,0.36655345,0.05648360,0.12427680,0.10251178,-0.05710165,-0.11356551,-0.07671870,0.05607343,0.09958008,0.04871379,-0.05342859,-0.08272370,-0.01930444,0.04924338,0.06348237,-0.01066146,-0.04363845,-0.04241080,0.04031999,0.06121225,0.25226162,-0.13358844,-0.06087235,-0.00153993,-0.32156519,0.05881071,0.22738449,-0.18559001,-0.05507766,0.02979810,-0.26573634,0.04977123,0.19048466,-0.24362260,-0.04303452,0.07120294,-0.20718495,0.05805085,-0.36152482,-0.98551440,0.00831217,0.50048597,1.09023114,-0.07443555,-0.62501787,-1.16351602,0.13841292,0.73153021,1.20325618,-0.19839978,-0.81695220,-1.20830590,0.25266668,0.87882108,1.17851961,-0.01934626,-0.03429839,-0.99922459,-0.00589738,0.00547949,0.36655345,0.03257563,-0.10558519,0.11528627
10402060000000,synthetic_50hz_05,103,0.02,90.63716460,90.05240612,13.79577157,13.83285884,13.85297796,1.24737901,125.38501225,1,1,0,0,1,0.55921634,0.18253678,0.36866593,0.05709876,0.11600935,0.08217658,-0.05640604,-0.10266525,-0.05456465,0.05408711,0.08636126,0.02537961,-0.05020882,-0.06756744,0.00453715,0.04488299,0.04682562,-0.03432310,-0.03826316,-0.02473380,0.06311949,0.06186734,0.24399096,-0.15396702,-0.06022042,0.00935652,-0.29937159,0.05687094,0.21417642,-0.20895913,-0.05190639,0.04493689,-0.24186513,0.04546032,0.17385177,-0.26730794,-0.03770869,0.08885020,-0.18436813,0.00528334,-0.47300203,-1.07097327,0.06102394,0.60074745,1.15085483,-0.12557188,-0.71117305,-1.19755670,0.18649953,0.80109519,1.20973246,-0.24205030,-0.86792138,-1.18703106,0.29062265,0.90972500,1.13010701,-0.01943631,-0.03403708,-0.99923178,-0.00628725,0.00596290,0.36866593,0.03238949,-0.10985219,0.11335384
10402080000000,synthetic_50hz_05,104,0.02,90.78866416,90.19965773,13.81979825,13.85297796,13.87018606,1.25696581,125.35488563,1,1,0,0,1,0.55984535,0.17991788,0.37073854,0.05667102,0.10564066,0.06037984,-0.05468261,-0.08991211,-0.03145622,0.05111766,0.07159134,0.00162570,-0.04607898,-0.05120657,0.02825169,0.03971181,0.02934548,-0.05731457,-0.03219973,-0.00663836,0.08472504,0.06147933,0.23361877,-0.17580729,-0.05854051,0.02210616,-0.27622342,0.05394794,0.19941695,-0.23274819,-0.04782498,0.06128058,-0.21812073,0.04033860,0.15639522,-0.29032338,-0.03169476,0.10691614,-0.16274498,-0.04746813,-0.57560738,-1.13670031,0.11250941,0.68982911,1.19034145,-0.17430700,-0.78416274,-1.20966450,0.23107924,0.85588859,1.19411235,-0.28118935,-0.90293878,-1.14413338,0.32319265,0.92395683,1.06116851,-0.01952996,-0.03376357,-0.99923923,-0.00667507,0.00644514,0.37073854,0.03220176,-0.11407075,0.11140916
10402100000000,synthetic_50hz_05,105,0.02,90.73351245,90.30642867,13.84096113,13.87018606,13.89108818,1.26657095,125.32388275,1,1,0,0,1,0.56047046,0.17721964,0.37277105,0.05521315,0.09336918,0.03752452,-0.05196757,-0.07554664,-0.00781775,0.04722375,0.05554606,-0.02211441,-0.04111844,-0.03394405,0.05140899,0.03382767,0.01136343,-0.07922144,-0.02556163,0.01154481,0.10474989,0.06006101,0.22134346,-0.19870629,-0.05586885,0.03646843,-0.25254502,0.05010036,0.18338182,-0.25652367,-0.04291282,0.07852619,-0.19493331,0.03450389,0.13843647,-0.31225450,-0.02510617,0.12507005,-0.14270223,-0.09924375,-0.66751930,-1.18160072,0.16183802,0.76616728,1.20808091,-0.21976642,-0.84272631,-1.19973156,0.27135886,0.89498914,1.15679340,-0.31512789,-0.92144902,-1.08050434,0.34981164,0.92134309,0.97306384,-0.01962718,-0.03347796,-0.99924693,-0.00706074,0.00692611,0.37277105,0.03201245,-0.11823901,0.10945242
10402120000000,synthetic_50hz_05,106,0.02,91.38398162,90.52193926,13.86201449,13.89108818,13.88589297,1.27619378,125.29201298,1,1,0,0,1,0.56109162,0.17444325,0.37476324,0.05275631,0.07942589,0.01402932,-0.04831470,-0.05983641,0.01592031,0.04248015,0.03852182,-0.04541096,-0.03542087,-0.01609663,0.07359238,0.02734040,-0.00679264,-0.09965210,-0.01847169,0.02948607,0.12283880,0.05764353,0.20739605,-0.22224532,-0.05225920,0.05217577,-0.22876685,0.04540299,0.16636743,-0.27985580,-0.03726355,0.09635701,-0.17271958,0.02806604,0.12030344,-0.33270968,-0.01806576,0.14298230,-0.12459513,-0.14910949,-0.74712443,-1.20496414,0.20812599,0.82844125,1.20385997,-0.26114212,-0.88587373,-1.16804795,0.30662941,0.91776606,1.09856056,-0.34327642,-0.92319876,-0.99740117,0.37002661,0.90201521,0.86748623,-0.01972797,-0.03318038,-0.99925487,-0.00744411,0.00740572,0.37476324,0.03182157,-0.12235512,0.10748384
10402140000000,synthetic_50hz_05,107,0.02,91.57051779,90.73165496,13.87204345,13.88589297,13.87482589,1.28583237,125.25928596,1,1,0,0,1,0.56170881,0.17158993,0.37671489,0.04934930,0.06406990,-0.00967886,-0.04379408,-0.04307095,0.03932909,0.03697625,0.02083025,-0.06784545,-0.02909239,0.00201099,0.09440579,0.02036977,-0.02479426,-0.11824437,-0.01105989,0.04686270,0.13867391,0.05427569,0.19203562,-0.24599745,-0.04778166,0.06893865,-0.20531779,0.03994521,0.14868541,-0.30232609,-0.03098330,0.11444831,-0.15187557,0.02114479,0.10232459,-0.35132673,-0.01070350,0.16033017,-0.10874155,-0.19617333,-0.81304338,-1.20647223,0.25055143,0.87559335,1.17786087,-0.29770601,-0.91289955,-1.11529123,0.33627758,0.92388643,1.02056722,-0.36515412,-0.90823724,-0.89641979,0.38350309,0.86640314,0.74642816,-0.01983231,-0.03287092,-0.99926303,-0.00782508,0.00788389,0.37671489,0.03162913,-0.12641728,0.10550364
10402160000000,synthetic_50hz_05,108,0.02,91.59168875,90.90366172,13.87321207,13.87482589,13.86242052,1.29548404,125.22571163,1,1,0,0,1,0.56232199,0.16866094,0.37862581,0.04505744,0.04758351,-0.03317248,-0.03849074,-0.02555642,0.06198875,0.03081434,0.00279253,-0.08901786,-0.02224954,0.02005187,0.11348053,0.01304328,-0.04231816,-0.13467152,-0.00346097,0.06336440,0.15197985,0.05002282,0.17554449,-0.26953519,-0.04252125,0.08645090,-0.18261767,0.03382929,0.13065693,-0.32353451,-0.02418861,0.13247315,-0.13276999,0.01386764,0.08482318,-0.36777892,-0.00315414,0.17680337,-0.09541686,-0.23960033,-0.86415202,-1.18619921,0.28836787,0.90684420,1.13065306,-0.32882163,-0.92339165,-1.04250966,0.35979531,0.91331728,0.92431022,-0.38039593,-0.87691155,-0.77946249,0.39002955,0.81522404,0.61214249,-0.01994019,-0.03254970,-0.99927140,-0.00820351,0.00836051,0.37862581,0.03143515,-0.13042369,0.10351203
10402180000000,synthetic_50hz_05,109,0.02,91.42725761,91.00838090,13.86867962,13.86242052,13.85293450,1.30514587,125.19130020,1,1,0,0,1,0.56293114,0.16565758,0.38049577,0.03996132,0.03026710,-0.05603088,-0.03250300,-0.00761011,0.08349572,0.02410761,-0.01526629,-0.10855335,-0.01501718,0.03770255,0.13048133,0.00549380,-0.05905182,-0.14864747,0.00418797,0.07869861,0.16252804,0.04496549,0.15822303,-0.29243783,-0.03657627,0.10439525,-0.16107006,0.02716845,0.11260705,-0.34310622,-0.01700433,0.15010809,-0.11573812,0.00636749,0.06811174,-0.38178018,0.00444523,0.19210932,-0.08484964,-0.27862657,-0.89959798,-1.14460579,0.32091650,0.92170298,1.06317855,-0.35395425,-0.91723486,-0.95109936,0.37678735,0.88632243,0.81159955,-0.38875748,-0.82985691,-0.64870093,0.38951956,0.74946623,0.46709997,-0.02005160,-0.03221686,-0.99927995,-0.00857928,0.00883549,0.38049577,0.03123962,-0.13437259,0.10150923
10402200000000,synthetic_50hz_05,110,0.02,91.37841655,91.08238803,13.86206667,13.85293450,13.83844622,1.31481519,125.15606212,1,1,0,0,1,0.56353623,0.16258116,0.38232457,0.03415517,0.01243369,-0.07784737,-0.02594060,0.01044520,0.10346947,0.01697815,-0.03302295,-0.12610850,-0.00752621,0.05464863,0.14511177,-0.00214271,-0.07469877,-0.15993139,0.01174986,0.09259531,0.17014012,0.03919794,0.14038428,-0.31429870,-0.03005648,0.12244889,-0.14105549,0.02008476,0.09485903,-0.36069781,-0.00956137,0.16703874,-0.10107636,-0.00121974,0.05248673,-0.39308968,0.01195754,0.20597802,-0.07721823,-0.31257151,-0.91881223,-1.08252668,0.34763644,0.91997248,0.97673115,-0.37267886,-0.89460950,-0.84277601,0.38697677,0.84345451,0.68452325,-0.39011795,-0.76798234,-0.50653536,0.38201186,0.67036887,0.31394382,-0.02016651,-0.03187251,-0.99928868,-0.00895227,0.00930874,0.38232457,0.03104256,-0.13826223,0.09949544
10402220000000,synthetic_50hz_05,111,0.02,91.85746006,91.23740244,13.85214608,13.83844622,13.79741207,1.32448940,125.12000814,1,1,0,0,1,0.56413722,0.15943305,0.38411203,0.02774514,-0.00559653,-0.09823616,-0.01892270,0.02828679,0.12155883,0.00955472,-0.05016153,-0.14137691,0.00008873,0.07059009,0.15711902,-0.00972962,-0.08898351,-0.16833133,0.01909000,0.10481148,0.17469056,0.03282632,0.12234840,-0.33473201,-0.02308104,0.14028913,-0.12292514,0.01270698,0.07772879,-0.37600285,-0.00199436,0.18296504,-0.08903755,-0.00875739,0.03822366,-0.40151545,0.01924810,0.21816645,-0.07264819,-0.34084886,-0.92151575,-1.00115195,0.36807344,0.90174927,0.87293032,-0.38468630,-0.85598493,-0.71954170,0.39020847,0.78554215,0.54540836,-0.38448074,-0.69245183,-0.35555064,0.36766826,0.57939780,0.15544223,-0.02028491,-0.03151680,-0.99929756,-0.00932237,0.00978016,0.38411203,0.03084398,-0.14209090,0.09747089
10402240000000,synthetic_50hz_05,112,0.02,91.87079093,91.36408013,13.82915780,13.79741207,13.75120861,1.33416472,125.08314925,1,1,0,0,1,0.56473409,0.15621463,0.38585794,0.02084736,-0.02350177,-0.11683871,-0.01157580,0.04559757,0.13744770,0.00197050,-0.06637876,-0.15409401,0.00769160,0.08524623,0.16629772,-0.01713196,-0.10165600,-0.17370699,0.02607839,0.11513499,0.17610821,0.02596675,0.10443719,-0.35337922,-0.01577643,0.15759886,-0.10699511,0.00516829,0.06151959,-0.38875680,0.00556067,0.19760632,-0.07982706,-0.01611052,0.02557255,-0.40691722,0.02618689,0.22846247,-0.07121066,-0.36297558,-0.90772127,-0.90200301,0.38188645,0.86741894,0.75368993,-0.38978736,-0.80210852,-0.58364763,0.38645052,0.71367293,0.39677849,-0.37197213,-0.60466182,-0.19847005,0.34676961,0.47821803,-0.00556038,-0.02040679,-0.03114984,-0.99930659,-0.00968944,0.01024967,0.38585794,0.03064389,-0.14585690,0.09543580
10402260000000,synthetic_50hz_05,113,0.02,91.85146157,91.46155642,13.79641914,13.75120861,13.70170723,1.34383684,125.04549670,1,1,0,0,1,0.56532681,0.15292732,0.38756211,0.01358588,-0.04096414,-0.13332962,-0.00403144,0.06207139,0.15086013,-0.00563922,-0.08138910,-0.16404128,0.01514730,0.09836031,0.17249304,-0.02421868,-0.11249575,-0.17597174,0.03259182,0.12338789,0.17437709,0.01874329,0.08696855,-0.36991492,-0.00827420,0.17407195,-0.09354134,-0.00239603,0.04651699,-0.39874112,0.01296860,0.21070583,-0.07359972,-0.02314807,0.01475391,-0.40920833,0.03265073,0.23668813,-0.07292160,-0.37857913,-0.87773018,-0.78690332,0.38885238,0.81764672,0.62118280,-0.38791483,-0.73399013,-0.43755329,0.37579351,0.62917226,0.24130892,-0.35283790,-0.50621506,-0.03810750,0.31970980,0.36866345,-0.16619258,-0.02053212,-0.03077179,-0.99931573,-0.01005337,0.01071716,0.38756211,0.03044230,-0.14955859,0.09339039
10402280000000,synthetic_50hz_05,114,0.02,91.96053708,91.56135255,13.75664014,13.70170723,13.64576113,1.35350131,125.00706200,1,1,0,0,1,0.56591535,0.14957258,0.38922437,0.00609049,-0.05767496,-0.14742184,0.00357598,0.07741817,0.16156465,-0.01313936,-0.09492937,-0.17104948,0.02232393,0.10970371,0.17560288,-0.03086488,-0.12131524,-0.17509356,0.03851599,0.12942920,0.16953621,0.01128572,0.07025116,-0.38405206,-0.00070874,0.18941829,-0.08279532,-0.00985090,0.03298414,-0.40578658,0.02009754,0.22203496,-0.07045762,-0.02974514,0.00595526,-0.40835677,0.03852530,0.24270246,-0.07774204,-0.38740276,-0.83212477,-0.65794482,0.38886876,0.75336363,0.47780148,-0.37912348,-0.65288267,-0.28388290,0.35844790,0.53357879,0.08177984,-0.32743809,-0.39889159,0.12268097,0.28698810,0.25270416,-0.32360482,-0.02066089,-0.03038278,-0.99932498,-0.01041405,0.01118256,0.38922437,0.03023922,-0.15319433,0.09133488
10402300000000,synthetic_50hz_05,115,0.02,91.51169047,91.55142014,13.71007095,13.64576113,13.60844765,1.36315365,124.96785689,1,1,0,0,1,0.56649968,0.14615187,0.39084453,-0.00150548,-0.07333992,-0.15887122,0.01111157,0.09136860,0.16937785,-0.02039731,-0.10676308,-0.17500123,0.02909498,0.11907953,0.17557925,-0.03695383,-0.12796286,-0.17109523,0.04374729,0.13315697,0.16167846,0.00372737,0.05457933,-0.39554649,0.00678504,0.20336860,-0.07494046,-0.01706369,0.02115755,-0.40977578,0.02682100,0.23139680,-0.07044876,-0.03578500,-0.00067181,-0.40438532,0.04370700,0.24640351,-0.08557906,-0.38930890,-0.77175612,-0.51745041,0.38195450,0.67574858,0.32611613,-0.36358818,-0.56025890,-0.12537976,0.33473945,0.42861668,-0.07897135,-0.29624001,-0.28461725,0.28104569,0.24919984,0.13241217,-0.47501735,-0.02079308,-0.02998296,-0.99933431,-0.01077135,0.01164577,0.39084453,0.03003466,-0.15676251,0.08926949
10402320000000,synthetic_50hz_05,116,0.02,91.71101378,91.58333886,13.66738917,13.60844765,13.56529451,1.37279065,124.92789335,1,1,0,0,1,0.56707977,0.14266672,0.39242241,-0.00906744,-0.08768389,-0.16748035,0.01844212,0.10367859,0.17416711,-0.02728511,-0.11668419,-0.17583255,0.03534146,0.12632573,0.17242866,-0.04237889,-0.13232524,-0.16405358,0.04819452,0.13450975,0.15094875,-0.00379718,0.04022817,-0.40420079,0.01407396,0.21567878,-0.07010936,-0.02390647,0.01124325,-0.41064476,0.03301996,0.23862932,-0.07356662,-0.04116101,-0.00501391,-0.39737080,0.04810463,0.24772984,-0.09628777,-0.38428054,-0.69772782,-0.36793321,0.36824869,0.58620677,0.16883002,-0.34160005,-0.45778511,0.03514062,0.30510293,0.31616529,-0.23809814,-0.25980954,-0.16543028,0.43419118,0.20702573,0.00992583,-0.61776629,-0.02092867,-0.02957249,-0.99934371,-0.01112516,0.01210669,0.39242241,0.02982862,-0.16026156,0.08719444
10402340000000,synthetic_50hz_05,117,0.02,92.11006350,91.68868379,13.62450941,13.56529451,13.51462741,1.38240969,124.88718361,1,1,0,0,1,0.56765559,0.13911865,0.39395785,-0.01646181,-0.10045548,-0.17310157,0.02543842,0.11413319,0.17585260,-0.03368163,-0.12452040,-0.17353372,0.04095379,0.13131762,0.16621177,-0.04704523,-0.13432890,-0.15409787,0.05178033,0.13346741,0.13754125,-0.01115433,0.02744911,-0.40986732,0.02102878,0.22613387,-0.06838187,-0.03025810,0.00341356,-0.40838378,0.03858487,0.24360783,-0.07975055,-0.04577835,-0.00699757,-0.38744249,0.05164084,0.24666130,-0.10967397,-0.37242077,-0.61137580,-0.21205337,0.34800740,0.48634467,0.00873352,-0.31356081,-0.34729200,0.19483811,0.27007412,0.19822673,-0.39279247,-0.21880107,-0.04344650,0.57942245,0.16121988,-0.11258632,-0.74934740,-0.02106763,-0.02915151,-0.99935315,-0.01147537,0.01256524,0.39395785,0.02962112,-0.16368993,0.08510996
10402360000000,synthetic_50hz_05,118,0.02,92.38496464,91.82793996,13.57835897,13.51462741,13.46773366,1.39200817,124.84574011,1,1,0,0,1,0.56822712,0.13550923,0.39545068,-0.02355819,-0.11143102,-0.17563923,0.03197731,0.12255001,0.17440830,-0.03947450,-0.13013583,-0.16814909,0.04583363,0.13396977,0.15704207,-0.05087135,-0.13394130,-0.14140745,0.05444243,0.13005124,0.12169599,-0.01821370,0.01646578,-0.41245041,0.02752637,0.23455148,-0.06978401,-0.03600620,-0.00219566,-0.40303721,0.04341738,0.24624688,-0.08888707,-0.04955552,-0.00659027,-0.37477972,0.05425335,0.24321919,-0.12549767,-0.35395035,-0.51424488,-0.05257292,0.32159885,0.37794220,-0.15134283,-0.27997551,-0.23074327,0.35089530,0.23028034,0.07689190,-0.54033129,-0.17394608,0.07917630,0.71418928,0.11259687,-0.23296181,-0.86745687,-0.02120996,-0.02872020,-0.99936263,-0.01182185,0.01302133,0.39545068,0.02941217,-0.16704612,0.08301628
10402380000000,synthetic_50hz_05,119,0.02,92.18791711,91.89993539,13.53189634,13.46773366,13.44666378,1.40158394,124.80357553,1,1,0,0,1,0.56879432,0.13184006,0.39690074,-0.03023158,-0.12041825,-0.17505105,0.03794373,0.12878213,0.16986225,-0.04456196,-0.13343317,-0.15977625,0.04989544,0.13423726,0.14508382,-0.05379041,-0.13117124,-0.12620856,0.05613458,0.12432348,0.10369465,-0.02485028,0.00747045,-0.41190778,0.03345167,0.24078472,-0.07428773,-0.04104903,-0.00548710,-0.39470262,0.04743195,0.24650159,-0.10081190,-0.05242568,-0.00380078,-0.35960874,0.05589592,0.23746576,-0.14347717,-0.32920353,-0.40806211,0.10769046,0.28949674,0.26292237,-0.30857549,-0.24144363,-0.11020245,0.50056415,0.18642958,-0.04569465,-0.67812131,-0.12604068,0.20027436,0.83612792,0.06201797,-0.34908006,-0.97002857,-0.02135562,-0.02827870,-0.99937211,-0.01216451,0.01347487,0.39690074,0.02920178,-0.17032865,0.08091362
10402400000000,synthetic_50hz_05,120,0.02,92.11773300,91.94349491,13.49609867,13.44666378,13.44572796,1.41113658,124.76070275,1,1,0,0,1,0.56935717,0.12811274,0.39830787,-0.03636437,-0.12725938,-0.17134869,0.04323265,0.13272048,0.16229597,-0.04885451,-0.13435519,-0.14856418,0.05306787,0.13211638,0.13054922,-0.05575126,-0.12606858,-0.10877046,0.05682732,0.11638618,0.08385580,-0.03094648,0.00062092,-0.40825109,0.03869962,0.24472448,-0.08181153,-0.04529708,-0.00640353,-0.38352900,0.05055725,0.24436820,-0.11531287,-0.05433769,0.00132102,-0.34219879,0.05653909,0.22950305,-0.16329391,-0.29862208,-0.29470755,0.26591029,0.25227203,0.14331896,-0.46019455,-0.19864886,0.01220159,0.64121119,0.13929855,-0.16737036,-0.80374141,-0.07593220,0.31771376,0.94309939,0.01037669,-0.45889733,-1.05526737,-0.02150459,-0.02782719,-0.99938159,-0.01250323,0.01392576,0.39830787,0.02898996,-0.17353607,0.07880220
10402420000000,synthetic_50hz_05,121,0.02,91.97433246,91.94966242,13.47494297,13.44572796,13.46720318,1.42066759,124.71713488,1,1,0,0,1,0.56991565,0.12432893,0.39967192,-0.04184832,-0.13183367,-0.16459749,0.04775069,0.13429554,0.15184298,-0.05227639,-0.13288561,-0.13471076,0.05529493,0.12764452,0.11369477,-0.05671930,-0.11872339,-0.08940091,0.05650842,0.10637940,0.06252957,-0.03639404,-0.00396207,-0.40154569,0.04317689,0.24630126,-0.09222187,-0.04867461,-0.00492865,-0.36971422,0.05273726,0.23988415,-0.13213345,-0.05525693,0.00868508,-0.32285765,0.05617063,0.21947112,-0.18459775,-0.26274774,-0.17618293,0.41929790,0.21058327,0.02124273,-0.60352928,-0.15234759,0.13430992,0.77036063,0.08971966,-0.28599035,-0.91498212,-0.02450506,0.42942554,1.03322426,-0.04141602,-0.56048020,-1.12167805,-0.02165684,-0.02736584,-0.99939104,-0.01283790,0.01437393,0.39967192,0.02877672,-0.17666696,0.07668227
10402440000000,synthetic_50hz_05,122,0.02,91.99499347,91.95872863,13.47169226,13.46720318,13.50308570,1.43018045,124.67288522,1,1,0,0,1,0.57046972,0.12049030,0.40099274,-0.04658632,-0.13405937,-0.15491534,0.05141776,0.13347848,0.13868660,-0.05476680,-0.12904934,-0.11845946,0.05653689,0.12089965,0.09481708,-0.05667700,-0.10926437,-0.06844107,0.05518308,0.09447894,0.04009188,-0.04109586,-0.00619677,-0.39190944,0.04680335,0.24548622,-0.10533546,-0.05112080,-0.00108740,-0.35350175,0.05393228,0.23312738,-0.15097706,-0.05516590,0.01816267,-0.30192648,0.05479574,0.20754579,-0.20701277,-0.22221317,-0.05457846,0.56514825,0.16516567,-0.10115349,-0.73605194,-0.10335636,0.25396914,0.88573490,0.03856724,-0.39946274,-1.00988172,0.02733380,0.53343965,1.10491317,-0.09244678,-0.65203723,-1.16808947,-0.02181237,-0.02689482,-0.99940044,-0.01316840,0.01481927,0.40099274,0.02856206,-0.17971994,0.07455404
10402460000000,synthetic_50hz_05,123,0.02,91.95178798,91.95734050,13.48487750,13.50308570,13.55490316,1.43968010,124.62796729,1,1,0,0,1,0.57101935,0.11659852,0.40227020,-0.05049401,-0.13389510,-0.14247077,0.05416832,0.13028164,0.12305695,-0.05628094,-0.12291211,-0.10009534,0.05677095,0.11199896,0.07424794,-0.05562423,-0.09785683,-0.04625993,0.05287383,0.08089344,0.01693823,-0.04496758,-0.00604180,-0.37951089,0.04951349,0.24229173,-0.12092215,-0.05259086,0.00505451,-0.33517665,0.05411949,0.22421509,-0.17151189,-0.05406445,0.02958850,-0.27977425,0.05243696,0.19393567,-0.23014349,-0.17773152,0.06796155,0.70088444,0.11681893,-0.22171016,-0.85541931,-0.05253840,0.36906677,0.98529204,-0.01325683,-0.50578301,-1.08675834,0.07866987,0.62791729,1.15689290,-0.14181482,-0.73194842,-1.19367369,-0.02197113,-0.02641431,-0.99940977,-0.01349465,0.01526172,0.40227020,0.02834601,-0.18269366,0.07241774
10402480000000,synthetic_50hz_05,124,0.02,91.96802116,91.95947663,13.51428828,13.55490316,13.61859454,1.44917260,124.58239478,1,1,0,0,1,0.57156453,0.11265533,0.40350414,-0.05350118,-0.13134064,-0.12748026,0.05595252,0.12475846,0.10522723,-0.05679073,-0.11457945,-0.07994045,0.05599164,0.10109705,0.05234895,-0.05357828,-0.08469998,-0.02324821,0.04962024,0.06586097,-0.00652279,-0.04793899,-0.00349695,-0.36456652,0.05125744,0.23677119,-0.13870877,-0.05305672,0.01339155,-0.31506098,0.05329343,0.21330188,-0.19337634,-0.05196989,0.04276335,-0.25679169,0.04913384,0.17887885,-0.25358130,-0.13008474,0.18927383,0.82410010,0.06639422,-0.33829653,-0.95951134,-0.00078953,0.47756597,1.06725942,-0.06483793,-0.60306696,-1.14423791,0.12859608,0.71118126,1.18822749,-0.18864675,-0.79879186,-1.19795992,-0.02213311,-0.02592448,-0.99941902,-0.01381651,0.01570117,0.40350414,0.02812857,-0.18558683,0.07027361
10402500000000,synthetic_50hz_05,125,0.02,91.97358448,91.96229820,13.55809691,13.61859454,13.69312087,1.45866478,124.53618160,1,1,0,0,1,0.57210522,0.10866247,0.40469444,-0.05555296,-0.12643700,-0.11020482,0.05673705,0.11700265,0.08550935,-0.05628538,-0.10419506,-0.05834860,0.05421098,0.08838348,0.02950564,-0.05057364,-0.07002376,0.00018799,0.04547825,0.04964523,-0.02987619,-0.04995523,0.00139678,-0.34733733,0.05200189,0.22901833,-0.15838339,-0.05250757,0.02378000,-0.29350853,0.05146612,0.20057730,-0.21618490,-0.04891669,0.05745729,-0.23338491,0.04494236,0.16263904,-0.27691122,-0.08011095,0.30721169,0.93259925,0.01478026,-0.44884564,-1.04646638,0.05097655,0.57753917,1.13016340,-0.11526368,-0.68958198,-1.18127727,0.17622770,0.78174382,1.19833438,-0.23211100,-0.85136761,-1.18084294,-0.02229827,-0.02542553,-0.99942816,-0.01413391,0.01613754,0.40469444,0.02790975,-0.18839815,0.06812189
10402520000000,synthetic_50hz_05,126,0.02,92.34352294,92.03854315,13.61480697,13.69312087,13.76307209,1.46816383,124.48934181,1,1,0,0,1,0.57264140,0.10462168,0.40584097,-0.05661084,-0.11926595,-0.09094587,0.05650576,0.10714683,0.06424894,-0.05477158,-0.09193862,-0.03569968,0.05145832,0.07407977,0.00612118,-0.04666148,-0.05408518,0.02363380,0.04051938,0.03253128,-0.05270740,-0.05097779,0.00855762,-0.32812474,0.05173071,0.21916576,-0.17960040,-0.05095012,0.03604020,-0.27089918,0.04866693,0.18626290,-0.23953439,-0.04495604,0.07341330,-0.20996876,0.03993401,0.14550128,-0.29971868,-0.02869078,0.41968027,1.02443312,-0.03711114,-0.55138858,-1.11471268,0.10184313,0.66720010,1.17285455,-0.16363893,-0.76377593,-1.19718248,0.22071695,0.83833174,1.18699507,-0.27143160,-0.88871806,-1.14258605,-0.02246660,-0.02491763,-0.99943718,-0.01444672,0.01657076,0.40584097,0.02768957,-0.19112639,0.06596279
10402540000000,synthetic_50hz_05,127,0.02,92.32205235,92.09524499,13.67707832,13.76307209,13.84461325,1.47767636,124.44188966,1,1,0,0,1,0.57317303,0.10053475,0.40694360,-0.05665334,-0.10994887,-0.07004044,0.05526003,0.09536057,0.04181979,-0.05227354,-0.07802297,-0.01239346,0.04777998,0.05843594,-0.01739017,-0.04190891,-0.03716417,0.04667245,0.03482958,0.01482094,-0.07460913,-0.05098517,0.01786419,-0.30726577,0.05044528,0.20738306,-0.20198599,-0.04840858,0.04995930,-0.24763274,0.04494217,0.17060866,-0.26301055,-0.04015504,0.09035145,-0.18696001,0.03419476,0.12776740,-0.32159639,0.02326684,0.52467134,1.09793326,-0.08835996,-0.64408722,-1.16299548,0.15090563,0.74493378,1.19452800,-0.20910062,-0.82430354,-1.19162172,0.26126713,0.87990825,1.15436043,-0.30590120,-0.91014479,-1.08381839,-0.02263805,-0.02440098,-0.99944605,-0.01475485,0.01700072,0.40694360,0.02746802,-0.19377035,0.06379656
10402560000000,synthetic_50hz_05,128,0.02,92.50792476,92.17778095,13.74744299,13.84461325,13.92777022,1.48720881,124.39383957,1,1,0,0,1,0.57370011,0.09640350,0.40800222,-0.05567648,-0.09864502,-0.04785584,0.05301885,0.08184779,0.01861790,-0.04883266,-0.06269085,0.01115681,0.04323860,0.04172650,-0.04060986,-0.03639796,-0.01955916,0.06889211,0.02850794,-0.00317208,-0.09518817,-0.04997342,0.02915724,-0.28512775,0.04816458,0.19387415,-0.22514418,-0.04492435,0.06529457,-0.22412242,0.04035447,0.15388912,-0.28619484,-0.03459572,0.10797331,-0.16477049,0.02782368,0.10975111,-0.34215114,0.07483957,0.62029678,1.15174071,-0.13805312,-0.72526533,-1.19039960,0.19728653,0.80932414,1.19473872,-0.25083209,-0.87004976,-1.16463296,0.29714603,0.90569144,1.10095029,-0.33489312,-0.91522161,-1.00552671,-0.02281262,-0.02387578,-0.99945477,-0.01505820,0.01742735,0.40800222,0.02724513,-0.19632886,0.06162343
10402580000000,synthetic_50hz_05,129,0.02,92.67306159,92.27683707,13.82318043,13.92777022,14.01312720,1.49676714,124.34520613,1,1,0,0,1,0.57422259,0.09222973,0.40901671,-0.05369402,-0.08554914,-0.02478381,0.04981866,0.06684365,-0.00494501,-0.04450699,-0.04621104,0.03453127,0.03791218,0.02424614,-0.06312197,-0.03022433,-0.00158221,0.08989284,0.02166510,-0.02112734,-0.11407205,-0.04795629,0.04224201,-0.26210240,0.04492506,0.17887420,-0.24866325,-0.04055548,0.08177722,-0.20078810,0.03498183,0.13639896,-0.30867132,-0.02837381,0.12596683,-0.14380016,0.02093144,0.09177286,-0.36101047,0.12510677,0.70482070,1.18483062,-0.18529957,-0.79343736,-1.19636691,0.24015009,0.85917885,1.17341139,-0.28807698,-0.90014982,-1.11662586,0.32769847,0.91516904,1.02764750,-0.35787226,-0.90380352,-0.90904158,-0.02299026,-0.02334221,-0.99946329,-0.01535668,0.01785057,0.40901671,0.02702091,-0.19880079,0.05944363
10402600000000,synthetic_50hz_05,130,0.02,93.19071615,92.45961289,13.90295807,14.01312720,14.08689695,1.50635675,124.29600408,1,1,0,0,1,0.57474045,0.08801529,0.40998696,-0.05073738,-0.07088857,-0.00123416,0.04571287,0.05061094,-0.02844816,-0.03937044,-0.02887417,0.05731030,0.03189294,0.00630495,-0.08452017,-0.02349595,0.01644605,0.10929328,0.01442157,-0.03872290,-0.13091541,-0.04496519,0.05689117,-0.23859953,0.04078013,0.16264596,-0.27212240,-0.03537587,0.09911662,-0.17804938,0.02891650,0.11844827,-0.33003369,-0.02159721,0.14401136,-0.12443036,0.01363853,0.07415458,-0.37782900,0.17316476,0.77668943,1.19653199,-0.22924526,-0.84733469,-1.18070855,0.27871651,0.89355089,1.13084474,-0.32015223,-0.91400561,-1.04837815,0.35235781,0.90810911,0.93568632,-0.37440476,-0.87603141,-0.79601823,-0.02317095,-0.02280048,-0.99947162,-0.01565017,0.01827029,0.40998696,0.02679536,-0.20118505,0.05725741
10402620000000,synthetic_50hz_05,131,0.02,93.26585699,92.62086171,13.98021240,14.08689695,14.16821026,1.51598173,124.24624831,1,1,0,0,1,0.57525367,0.08376203,0.41091286,-0.04685525,-0.05491976,0.02237185,0.04077117,0.03343589,-0.05146867,-0.03351164,-0.01098804,0.07908162,0.02528596,-0.01177659,-0.10441462,-0.01633127,0.03420170,0.12673730,0.00690574,-0.05564076,-0.14540608,-0.04104883,0.07284826,-0.21504041,0.03579948,0.14547571,-0.29509878,-0.02947418,0.11700497,-0.15631855,0.02226354,0.10035754,-0.34989210,-0.01438438,0.16178299,-0.10701721,0.00607335,0.05721427,-0.39229458,0.21814201,0.83455914,1.18654229,-0.26908769,-0.88592879,-1.14361169,0.31227545,0.91175670,1.06771023,-0.34646016,-0.91129825,-0.96102618,0.37065626,0.88456664,0.82663530,-0.38416617,-0.83233256,-0.66841214,-0.02335465,-0.02225080,-0.99947973,-0.01593860,0.01868642,0.41091286,0.02656850,-0.20348059,0.05506499
10402640000000,synthetic_50hz_05,132,0.02,93.09485915,92.71566120,14.05917150,14.16821026,14.26487095,1.52564568,124.19595385,1,1,0,0,1,0.57576222,0.07947184,0.41179433,-0.04211303,-0.03792430,0.04560851,0.03507853,0.01562371,-0.07358869,-0.02703270,0.00712733,0.09944727,0.01820750,-0.02967288,-0.12243874,-0.00885737,0.05136295,0.14190025,-0.00074812,-0.07157221,-0.15727070,-0.03627261,0.08983172,-0.19185072,0.03006807,0.12766862,-0.31717454,-0.02295249,0.13512227,-0.13599357,0.01513921,0.08245235,-0.36787996,-0.00686241,0.17895994,-0.09188538,-0.00162982,0.04126065,-0.40413385,0.25921409,0.87732057,1.15493652,-0.30408991,-0.90845106,-1.08564044,0.34019869,0.91339048,0.98504483,-0.36649937,-0.89199643,-0.85604993,0.38223371,0.84488571,0.70237470,-0.38694808,-0.77341654,-0.52844969,-0.02354134,-0.02169336,-0.99948760,-0.01622187,0.01909890,0.41179433,0.02634034,-0.20568640,0.05286662
10402660000000,synthetic_50hz_05,133,0.02,93.75181399,92.92289176,14.14556527,14.26487095,14.34227503,1.53535245,124.14513589,1,1,0,0,1,0.57626608,0.07514660,0.41263125,-0.03659192,-0.02020446,0.06805281,0.02873395,-0.00250641,-0.09440251,-0.02004757,0.02514501,0.11803053,0.01078321,-0.04705868,-0.13825569,-0.00120796,0.06761562,0.15449486,-0.00840211,-0.08622317,-0.16627988,-0.03071770,0.10753926,-0.16945350,0.02368492,0.10954391,-0.33794395,-0.01592478,0.15314156,-0.11745115,0.00766917,0.06505797,-0.38366044,0.00083499,0.19522800,-0.07932212,-0.00933309,0.02658779,-0.41311741,0.29561803,0.90412053,1.10217056,-0.33359366,-0.91440887,-1.00773104,0.36195164,0.89833438,0.88423816,-0.37987437,-0.85636048,-0.73525228,0.38684515,0.78969732,0.56506874,-0.38266301,-0.70026681,-0.37859400,-0.02373099,-0.02112837,-0.99949521,-0.01649987,0.01950763,0.41263125,0.02611088,-0.20780151,0.05066253
10402680000000,synthetic_50hz_05,134,0.02,93.65373473,93.06906035,14.22818337,14.34227503,14.43286501,1.54510476,124.09380971,1,1,0,0,1,0.57676523,0.07078822,0.41342354,-0.03038771,-0.00207833,0.08929164,0.02184898,-0.02062646,-0.11352362,-0.01268034,0.04273658,0.13448265,0.00314612,-0.06361458,-0.15156450,0.00647881,0.08265855,0.16427666,-0.01591695,-0.09931943,-0.17225265,-0.02447994,0.12565278,-0.14826185,0.01676158,0.09142956,-0.35702051,-0.00851512,0.17073443,-0.10104005,-0.00001355,0.04849377,-0.39693258,0.00856968,0.21028603,-0.06957191,-0.01689717,0.01346991,-0.41906430,0.32666610,0.91437976,1.02907860,-0.35703156,-0.90359763,-0.91118103,0.37710364,0.86676437,0.76701369,-0.38630364,-0.80494188,-0.60073298,0.38436633,0.71991254,0.41713287,-0.37134756,-0.61412779,-0.22150662,-0.02392356,-0.02055606,-0.99950255,-0.01677253,0.01991254,0.41342354,0.02588015,-0.20982498,0.04845295
10402700000000,synthetic_50hz_05,135,0.02,94.04738210,93.26472470,14.31414966,14.43286501,14.51519217,1.55490523,124.04199076,1,1,0,0,1,0.57725963,0.06639863,0.41417112,-0.02360944,0.01612537,0.10892903,0.01454602,-0.03840517,-0.13059164,-0.00506322,0.05957774,0.14848923,-0.00456554,-0.07903265,-0.16210581,0.01406268,0.09620902,0.17104880,-0.02315439,-0.11061163,-0.17506037,-0.01766834,0.14384358,-0.12867173,0.00942043,0.07365686,-0.37404386,-0.00085574,0.18757659,-0.08707466,-0.00777071,0.03306772,-0.40743701,0.01620139,0.22385132,-0.06283160,-0.02418382,0.00215636,-0.42184588,0.35175855,0.90780680,0.93686454,-0.37393810,-0.87610851,-0.79763254,0.38533683,0.81915160,0.63540442,-0.38562613,-0.73857817,-0.45485729,0.37479765,0.63671118,0.26119642,-0.35316357,-0.51648752,-0.06000514,-0.02411902,-0.01997661,-0.99950960,-0.01703976,0.02031354,0.41417112,0.02564815,-0.21175592,0.04623814
10402720000000,synthetic_50hz_05,136,0.02,94.42893739,93.49756724,14.39858751,14.51519217,14.59121781,1.56475584,123.98969457,1,1,0,0,1,0.57774927,0.06197975,0.41487390,-0.01637767,0.03407279,0.12659329,0.00695632,-0.05551364,-0.14527898,0.00266558,0.07535400,0.15977620,-0.01221064,-0.09302187,-0.16966700,0.02140365,0.10800788,0.17466622,-0.02997959,-0.11987997,-0.17462973,-0.01040347,0.16177781,-0.11105483,0.00179275,0.05655471,-0.38868639,0.00691517,0.20335354,-0.07582906,-0.01546119,0.01907082,-0.41496112,0.02359011,0.23566470,-0.05924625,-0.03105819,-0.00713304,-0.42138884,0.37039530,0.88440760,0.82708730,-0.38395921,-0.83233158,-0.66904967,0.38645339,0.75625904,0.49172302,-0.37780593,-0.65838321,-0.30021976,0.35826616,0.54152588,0.10006104,-0.32839741,-0.40905611,0.10298250,-0.02431733,-0.01939027,-0.99951634,-0.01730147,0.02071056,0.41487390,0.02541489,-0.21359348,0.04401833
10402740000000,synthetic_50hz_05,137,0.02,94.48833159,93.69572011,14.47949224,14.59121781,14.67426929,1.57465776,123.93693681,1,1,0,0,1,0.57823412,0.05753355,0.41553181,-0.00882262,0.05143069,0.14194387,-0.00078206,-0.07163107,-0.15729706,0.01036419,0.08976630,0.16811530,-0.01964752,-0.10531352,-0.17408670,0.02836440,0.11782450,0.17503910,-0.03626352,-0.12693855,-0.17094505,-0.00281554,0.17912221,-0.09575171,-0.00598342,0.04044390,-0.40065953,0.01465572,0.21776621,-0.06753148,-0.02294333,0.00677180,-0.41934354,0.03059852,0.24549554,-0.05890566,-0.03739124,-0.01421241,-0.41767749,0.38218631,0.84449050,0.70164003,-0.38686032,-0.77295423,-0.52769016,0.38038096,0.67913334,0.33852673,-0.36293504,-0.56573271,-0.13960342,0.33502554,0.43602175,-0.06334472,-0.29745709,-0.29374007,0.26446660,-0.02451847,-0.01879724,-0.99952275,-0.01755757,0.02110353,0.41553181,0.02518039,-0.21533685,0.04179376
10402760000000,synthetic_50hz_05,138,0.02,94.42209342,93.84099477,14.56129860,14.67426929,14.76751630,1.58461205,123.88373322,1,1,0,0,1,0.57871415,0.05306197,0.41614478,-0.00108204,0.06787227,0.15467790,-0.00852662,-0.08645061,-0.16640215,0.01788944,0.10253653,0.17332895,-0.02673651,-0.11566627,-0.17525859,0.03481275,0.12546131,0.17213545,-0.04188533,-0.13163923,-0.16404956,0.00495768,0.19555001,-0.08306522,-0.01376556,0.02563129,-0.40971955,0.02222275,0.23053652,-0.06235953,-0.03007746,-0.00358803,-0.42047794,0.03709446,0.25314628,-0.06184184,-0.04306213,-0.01893360,-0.41075508,0.38686031,0.78866641,0.56272331,-0.38253259,-0.69895470,-0.37607153,0.36717628,0.58909180,0.17857743,-0.34123410,-0.46224511,0.02406514,0.30545399,0.32207168,-0.22601390,-0.26086750,-0.17261277,0.42144657,-0.02472240,-0.01819774,-0.99952881,-0.01780798,0.02149236,0.41614478,0.02494465,-0.21698526,0.03956466
10402780000000,synthetic_50hz_05,139,0.02,94.57722746,93.98824131,14.64791003,14.76751630,14.86028465,1.59462021,123.83009968,1,1,0,0,1,0.57918935,0.04856699,0.41671273,0.00670105,0.08308309,0.16453631,-0.01613280,-0.09968497,-0.17240051,0.02509943,0.11341288,0.17529433,-0.03334243,-0.12387105,-0.17313433,0.04062415,0.13075796,0.16598279,-0.04673467,-0.13387506,-0.15404588,0.01277318,0.21074674,-0.07325444,-0.02140912,0.01240416,-0.41567271,0.02947435,0.24141264,-0.06043601,-0.03672838,-0.01179958,-0.41831598,0.04295336,0.25845657,-0.06802727,-0.04796051,-0.02118966,-0.40072422,0.38427193,0.71784406,0.41281261,-0.37099730,-0.61159057,-0.21693202,0.34702666,0.48770463,0.01479717,-0.31305107,-0.34975795,0.18776428,0.27005008,0.20172758,-0.38491240,-0.21926341,-0.04788130,0.57096331,-0.02492908,-0.01759199,-0.99953452,-0.01805263,0.02187697,0.41671273,0.02470769,-0.21853798,0.03733129
10402800000000,synthetic_50hz_05,140,0.02,94.73246534,94.13708612,14.73710737,14.86028465,14.95241962,1.60468377,123.77605212,1,1,0,0,1,0.57965968,0.04405060,0.41723562,0.01438083,0.09676691,0.17130935,-0.02345656,-0.11107202,-0.17515293,0.03185602,0.12217488,0.17394677,-0.03933706,-0.12975539,-0.16772564,0.04568400,0.13359498,0.15666890,-0.05071384,-0.13358297,-0.14109533,0.02048513,0.22441618,-0.06652911,-0.02877006,0.00102464,-0.41837981,0.03627238,0.25017410,-0.06182560,-0.04276788,-0.01769037,-0.41286940,0.04806061,0.26130692,-0.07737415,-0.05198868,-0.02091751,-0.38774623,0.37440684,0.63321997,0.25462011,-0.35240815,-0.51238225,-0.05318665,0.32024937,0.37677231,-0.14978019,-0.27885765,-0.23029985,0.34842881,0.22942634,0.07718773,-0.53703206,-0.17338056,0.07814974,0.71015242,-0.02513848,-0.01698023,-0.99953985,-0.01829142,0.02225730,0.41723562,0.02446952,-0.21999433,0.03509388
10402820000000,synthetic_50hz_05,141,0.02,94.65151255,94.23997140,14.82753851,14.95241962,15.05275346,1.61480417,123.72160657,1,1,0,0,1,0.58012514,0.03951478,0.41771337,0.02181122,0.10865145,0.17484143,-0.03035695,-0.12038005,-0.17457836,0.03802747,0.12863803,0.16928212,-0.04460165,-0.13318731,-0.15910539,0.04988993,0.13389674,0.14434158,-0.05373987,-0.13074587,-0.12541633,0.02794746,0.23628606,-0.06304483,-0.03570743,-0.00827554,-0.41775979,0.04248510,0.25663639,-0.06653244,-0.04807721,-0.02112846,-0.40421107,0.05231386,0.26162173,-0.08973469,-0.05506365,-0.01810008,-0.37203955,0.35738486,0.53626340,0.09105140,-0.32705135,-0.40309159,0.11212095,0.28728880,0.25829845,-0.31206080,-0.23924358,-0.10605845,0.50300380,0.18430085,-0.04923926,-0.67944496,-0.12404465,0.20311738,0.83629740,-0.02535056,-0.01636268,-0.99954479,-0.01852429,0.02263326,0.41771337,0.02423015,-0.22135366,0.03285267
10402840000000,synthetic_50hz_05,142,0.02,94.65743110,94.32346334,14.92212879,15.05275346,15.15605292,1.62498308,123.66677914,1,1,0,0,1,0.58058569,0.03496153,0.41814595,0.02884855,0.11849390,0.17503518,-0.03669876,-0.12741261,-0.17065676,0.04349093,0.13265795,0.16135822,-0.04902923,-0.13407871,-0.14740765,0.05315400,0.13163391,0.12920725,-0.05574631,-0.12539404,-0.10728174,0.03501650,0.24611354,-0.06289895,-0.04208601,-0.01529996,-0.41379262,0.04798966,0.26065516,-0.07449869,-0.05254940,-0.02202571,-0.39247505,0.05562515,0.25937164,-0.10490247,-0.05711898,-0.01276763,-0.35387701,0.33346084,0.42869598,-0.07484251,-0.29534352,-0.28569549,0.27587060,0.24871131,0.13445827,-0.46894521,-0.19490864,0.02065545,0.64849992,0.13548666,-0.17517366,-0.80935806,-0.07215853,0.32464153,0.94688204,-0.02556528,-0.01573957,-0.99954932,-0.01875116,0.02300479,0.41814595,0.02398959,-0.22261539,0.03060791
10402860000000,synthetic_50hz_05,143,0.02,94.75622635,94.41001594,15.02037692,15.15605292,15.25788108,1.63522235,123.61158601,1,1,0,0,1,0.58104130,0.03039287,0.41853330,0.03535426,0.12608601,0.17185460,-0.04235515,-0.13201303,-0.16343085,0.04813492,0.13413406,0.15029530,-0.05252694,-0.13238794,-0.13282668,0.05540458,0.12682501,0.11152859,-0.05668489,-0.11760565,-0.08701509,0.04155368,0.25369039,-0.06612749,-0.04777897,-0.01989194,-0.40652101,0.05267458,0.26212980,-0.08560412,-0.05609158,-0.02034048,-0.37785559,0.05792286,0.25457518,-0.12261480,-0.05810639,-0.00499834,-0.33358216,0.30302320,0.31246633,-0.23991739,-0.25782714,-0.16235504,0.43492055,0.20519781,0.00756299,-0.61738475,-0.14665253,0.14744711,0.78204946,0.08387919,-0.29820625,-0.92416732,-0.01868758,0.44036795,1.03964100,-0.02578261,-0.01511113,-0.99955343,-0.01897195,0.02337181,0.41853330,0.02374786,-0.22377894,0.02835984
10402880000000,synthetic_50hz_05,144,0.02,95.22589986,94.57319273,15.12012867,15.25788108,15.34410294,1.64552370,123.55604340,1,1,0,0,1,0.58149197,0.02581080,0.41887538,0.04119758,0.13125887,0.16532724,-0.04721018,-0.13406826,-0.15300688,0.05186170,0.13301241,0.13627525,-0.05501802,-0.12812175,-0.11561475,0.05658814,0.11953727,0.09162102,-0.05652680,-0.10750648,-0.06498581,0.04742822,0.25884769,-0.07270289,-0.05267036,-0.02193842,-0.39605123,0.05644211,0.26100638,-0.09966684,-0.05862699,-0.01607953,-0.36060499,0.05915344,0.24729960,-0.14255628,-0.05799709,0.00508202,-0.31152442,0.26659006,0.18971975,-0.40099141,-0.21516368,-0.03538020,0.58616487,0.15753403,-0.11997937,-0.75443893,-0.09536261,0.27187989,0.90096216,0.03044183,-0.41594197,-1.02151023,0.03535660,0.54801226,1.11260769,-0.02600251,-0.01447759,-0.99955711,-0.01918659,0.02373425,0.41887538,0.02350497,-0.22484381,0.02610870
10402900000000,synthetic_50hz_05,145,0.02,95.66960676,94.79247553,15.21419786,15.34410294,15.41847008,1.65588778,123.50016762,1,1,0,0,1,0.58193767,0.02121735,0.41917216,0.04625819,0.13388701,0.15554526,-0.05116130,-0.13351208,-0.13955422,0.05458941,0.12928794,0.11953976,-0.05644368,-0.12133636,-0.09607891,0.05667066,0.10988660,0.06984806,-0.05526379,-0.09526876,-0.04160346,0.05251983,0.26146000,-0.08253298,-0.05665762,-0.02137319,-0.38255265,0.05921040,0.25727983,-0.11644516,-0.06009686,-0.00929909,-0.34103029,0.05928289,0.23766078,-0.16436336,-0.05678280,0.01730121,-0.28811337,0.22480292,0.06276328,-0.55490339,-0.16812429,0.09280942,0.72659216,0.10659856,-0.24570637,-0.87733293,-0.04199955,0.39151950,1.00277979,-0.02381033,-0.52604493,-1.09931604,0.08893375,0.64540425,1.16415850,-0.02622494,-0.01383918,-0.99956033,-0.01939502,0.02409204,0.41917216,0.02326092,-0.22580953,0.02385474
10402920000000,synthetic_50hz_05,146,0.02,95.97187421,95.02835527,15.29999219,15.41847008,15.48835214,1.66631414,123.44397498,1,1,0,0,1,0.58237837,0.01661455,0.41942360,0.05042879,0.13389197,0.14266538,-0.05412161,-0.13032759,-0.12330378,0.05625409,0.12300581,0.10038727,-0.05676473,-0.11213771,-0.07457655,0.05563881,0.09803663,0.04661576,-0.05290880,-0.08110911,-0.01731101,0.05672118,0.26144882,-0.09546105,-0.05965387,-0.01817935,-0.36625617,0.06091548,0.25099532,-0.13564062,-0.06046195,-0.00010506,-0.31948888,0.05829788,0.22582236,-0.18763001,-0.05447649,0.03144262,-0.26379197,0.17841779,-0.06597347,-0.69857288,-0.11757819,0.21972719,0.85334471,0.05334875,-0.36714607,-0.98351421,0.01241875,0.50397995,1.08532854,-0.07782822,-0.62628386,-1.15585234,0.14099386,0.73053171,1.19305238,-0.02644986,-0.01319616,-0.99956310,-0.01959716,0.02444511,0.41942360,0.02301573,-0.22667566,0.02159820
10402940000000,synthetic_50hz_05,147,0.02,96.17928704,95.25854162,15.37910337,15.48835214,15.55785624,1.67680151,123.38748189,1,1,0,0,1,0.58281405,0.01200442,0.41962968,0.05361748,0.13124500,0.12690754,-0.05602196,-0.12454884,-0.10454521,0.05681130,0.11426187,0.07916879,-0.05596275,-0.10068069,-0.05150990,0.05350076,0.08419683,0.02236595,-0.04949632,-0.06528554,0.00742281,0.05994038,0.25878543,-0.11126714,-0.06158993,-0.01239094,-0.34745144,0.06151291,0.24224869,-0.15690223,-0.05970389,0.01134764,-0.29638299,0.05620656,0.21199381,-0.21191439,-0.05111262,0.04724823,-0.23902894,0.12829393,-0.19398129,-0.82906099,-0.06447875,0.34286504,0.96377711,-0.00119539,-0.48186384,-1.07070709,0.06683506,0.60697027,1.14676808,-0.13054785,-0.71457747,-1.18976722,0.19049688,0.80158307,1.19846481,-0.02667724,-0.01254874,-0.99956539,-0.01979296,0.02479338,0.41962968,0.02276942,-0.22744184,0.01933932
10402960000000,synthetic_50hz_05,148,0.02,96.08887442,95.42460818,15.45417957,15.55785624,15.63796388,1.68734839,123.33070473,1,1,0,0,1,0.58324469,0.00738899,0.41979037,0.05574996,0.12596899,0.10855242,-0.05681276,-0.11626153,-0.08362289,0.05623761,0.10320220,0.05628247,-0.05404112,-0.08716750,-0.02731941,0.05028659,0.06861972,-0.00243129,-0.04508227,-0.04809360,0.03211189,0.06210312,0.25349270,-0.12967059,-0.06241624,-0.00409367,-0.32648286,0.06097926,0.23118601,-0.17983183,-0.05782603,0.02485681,-0.27215306,0.05303901,0.19642765,-0.23674642,-0.04674711,0.06442250,-0.21431041,0.07538012,-0.31871746,-0.94363088,-0.00984746,0.45974115,1.05551303,-0.05596910,-0.58751029,-1.13696425,0.12017205,0.69834123,1.18563625,-0.18091038,-0.78903867,-1.20012581,0.23643298,0.85698776,1.18001519,-0.02690703,-0.01189718,-0.99956719,-0.01998234,0.02513680,0.41979037,0.02252199,-0.22810772,0.01707835
10402980000000,synthetic_50hz_05,149,0.02,96.34486188,95.60865892,15.53136898,15.63796388,15.71296423,1.69795378,123.27365996,1,1,0,0,1,0.58367028,0.00277031,0.41990565,0.05677150,0.11813945,0.08793754,-0.05646550,-0.10560280,-0.06093066,0.05453158,0.09002158,0.03216712,-0.05102548,-0.07184499,-0.00247619,0.04604829,0.05159708,-0.02728613,-0.03974351,-0.02986160,0.05626178,0.06315469,0.24564615,-0.15033386,-0.06210428,0.00657531,-0.30374425,0.05931308,0.21800209,-0.20399061,-0.05485401,0.04017561,-0.24727023,0.04884723,0.17941567,-0.26163627,-0.04145683,0.08263712,-0.19013082,0.02069873,-0.43765436,-1.03980686,0.04524401,0.56794902,1.12649917,-0.10988235,-0.68186945,-1.18071399,0.17135273,0.77613126,1.20088827,-0.22788293,-0.84801685,-1.18644038,0.27784316,0.89545371,1.13778686,-0.02713918,-0.01124171,-0.99956850,-0.02016525,0.02547528,0.41990565,0.02227345,-0.22867301,0.01481553
10403000000000,synthetic_50hz_05,150,0.02,96.77618872,95.84216488,15.60763899,15.71296423,15.78239800,1.70861676,123.24595754,1,1,0,0,1,0.58409079,-0.00184959,0.41997552,0.05664858,0.10788450,0.06545224,-0.05497395,-0.09275994,-0.03690544,0.05171440,0.07496107,0.00729464,-0.04696390,-0.05500103,0.02252646,0.04085940,0.03345529,-0.05169812,-0.03357691,-0.01094502,0.07937930,0.06306154,0.23537392,-0.17286762,-0.06064781,0.01942873,-0.27967255,0.05653558,0.20293796,-0.22890667,-0.05083591,0.05701616,-0.22222778,0.04370475,0.16128423,-0.28608348,-0.03533865,0.10153660,-0.16698336,-0.03467228,-0.54832973,-1.11543069,0.09969353,0.66520713,1.17505507,-0.16184057,-0.76290631,-1.20080207,0.21932168,0.83861054,1.19192938,-0.27047963,-0.89013723,-1.14869281,0.31383953,0.91600086,1.07233889,-0.02737367,-0.01058257,-0.99956929,-0.02034162,0.02580878,0.41997552,0.02202383,-0.22913746,0.01255111
10403020000000,synthetic_50hz_05,151,0.02,96.92172367,96.05807664,15.68103777,15.78239800,15.86170753,1.71933621,123.26233235,1,1,0,0,1,0.58450619,-0.00646868,0.41999997,0.05537014,0.09538382,0.04153127,-0.05235487,-0.07796806,-0.01201964,0.04783018,0.05830444,-0.01783852,-0.04192652,-0.03695988,0.04718238,0.03481410,0.01454975,-0.07516596,-0.02669798,0.00827986,0.10098246,0.06181263,0.22285565,-0.19683712,-0.05806358,0.03423148,-0.25474016,0.05269085,0.18627741,-0.25408355,-0.04584186,0.07505422,-0.19753188,0.03770576,0.14238874,-0.30958676,-0.02850806,0.12074467,-0.14535001,-0.08961927,-0.64839766,-1.16871398,0.15238956,0.74940808,1.19991757,-0.21076639,-0.82881270,-1.19652697,0.26306672,0.88432228,1.15863994,-0.30778272,-0.91433642,-1.08734878,0.34362520,0.91798983,0.98470885,-0.02761045,-0.00992002,-0.99956957,-0.02051141,0.02613722,0.41999997,0.02177312,-0.22950086,0.01028533
10403040000000,synthetic_50hz_05,152,0.02,97.07769551,96.26200041,15.75691907,15.86170753,15.94131591,1.73011154,123.27844329,1,1,0,0,1,0.58491648,-0.01108492,0.41997898,0.05294848,0.08086645,0.01664733,-0.04864834,-0.06150670,0.01322736,0.04294564,0.04037368,-0.04272070,-0.03600480,-0.01807667,0.07098239,0.02802593,-0.00474150,-0.09719762,-0.01923905,0.02742297,0.12061060,0.05942025,0.20832042,-0.22176964,-0.05439169,0.05070399,-0.22944646,0.04784561,0.16834243,-0.27900961,-0.03996332,0.09393464,-0.17369171,0.03096377,0.12310724,-0.33165407,-0.02109742,0.13987127,-0.12569144,-0.14301428,-0.73567947,-1.19828530,0.20223330,0.81866630,1.20027875,-0.25562183,-0.87805060,-1.16766759,0.30164067,0.91212030,1.10139204,-0.33896307,-0.91989314,-1.00336284,0.36651301,0.90114503,0.87640622,-0.02784947,-0.00925428,-0.99956932,-0.02067455,0.02646053,0.41997898,0.02152135,-0.22976306,0.00801844
10403060000000,synthetic_50hz_05,153,0.02,97.40612576,96.49082548,15.83436574,15.94131591,16.01413505,1.74094244,123.29427427,1,1,0,0,1,0.58532162,-0.01569627,0.41991258,0.04941969,0.06460760,-0.00869753,-0.04391767,-0.04369543,0.03831872,0.03714947,0.02152349,-0.06683516,-0.02931024,0.00126898,0.09342471,0.02062599,-0.02402486,-0.11732078,-0.01134707,0.04608809,0.13783444,0.05592050,0.19204342,-0.24716315,-0.04969543,0.06852672,-0.20430830,0.04208856,0.14948771,-0.30316807,-0.03331179,0.11327780,-0.15120904,0.02360991,0.10383333,-0.35181311,-0.01325364,0.15852017,-0.10843692,-0.19373766,-0.80821315,-1.20323080,0.24816152,0.87136330,1.17581621,-0.29543076,-0.90939164,-1.11450229,0.33418260,0.92120180,1.02105675,-0.36329980,-0.90645328,-0.89817367,0.38194289,0.86557129,0.74939582,-0.02809070,-0.00858562,-0.99956854,-0.02083099,0.02677866,0.41991258,0.02126852,-0.22992393,0.00575069
10403080000000,synthetic_50hz_05,154,0.02,97.59906140,96.71247267,15.90986885,16.01413505,16.08619324,1.75182842,123.30980920,1,1,0,0,1,0.58572161,-0.02030070,0.41980075,0.04484361,0.04692424,-0.03398151,-0.03824872,-0.02488833,0.06273032,0.03055110,0.00213488,-0.08967058,-0.02197267,0.02068013,0.11402559,0.01276077,-0.04289891,-0.13509320,-0.00318096,0.06388090,0.15226600,0.05137320,0.17434162,-0.27249585,-0.04406068,0.08734557,-0.17984980,0.03552910,0.13009425,-0.32604765,-0.02601709,0.13268678,-0.13056764,0.01579065,0.08496842,-0.36962160,-0.00513566,0.17629704,-0.09397445,-0.24070144,-0.86430057,-1.18312701,0.28916961,0.90618919,1.12671452,-0.32930088,-0.92195196,-1.03781833,0.35993825,0.91113442,0.91900135,-0.38019844,-0.87404846,-0.77368913,0.38949733,0.81176327,0.60607110,-0.02833408,-0.00791427,-0.99956720,-0.02098068,0.02709154,0.41980075,0.02101466,-0.22998341,0.00348231
10403100000000,synthetic_50hz_05,155,0.02,98.13402296,96.99678272,15.98392510,16.08619324,16.14416832,1.76276889,123.32503206,1,1,0,0,1,0.58611641,-0.02489617,0.41964352,0.03930327,0.02816970,-0.05867343,-0.03174880,-0.00546763,0.08594161,0.02327900,-0.01739208,-0.11073205,-0.01413806,0.03975036,0.13233003,0.00458951,-0.06096263,-0.15011288,0.00509136,0.08041731,0.16356791,0.04586139,0.15556836,-0.29723653,-0.03759474,0.10677833,-0.15659152,0.02829574,0.11056215,-0.34715341,-0.01822520,0.15175514,-0.11222250,0.00766524,0.06691355,-0.38467757,0.00308860,0.19281781,-0.08264139,-0.28287302,-0.90255106,-1.13806482,0.32433435,0.92217960,1.05367696,-0.35644497,-0.91522127,-0.93891111,0.37827912,0.88187669,0.79707602,-0.38920730,-0.82310719,-0.63226085,0.38891446,0.74060713,0.44921731,-0.02857959,-0.00724048,-0.99956532,-0.02112357,0.02739911,0.41964352,0.02075976,-0.22994147,0.00121355
10403120000000,synthetic_50hz_05,156,0.02,98.45850757,97.28912769,16.05122725,16.14416832,16.19840415,1.77376254,123.33992682,1,1,0,0,1,0.58650601,-0.02948067,0.41944091,0.03290381,0.00872726,-0.08224369,-0.02454502,0.01416361,0.10744673,0.01547859,-0.03664613,-0.12955204,-0.00596590,0.05807213,0.14792229,-0.00371879,-0.07782388,-0.16202788,0.01329626,0.09533194,0.17146213,0.03949021,0.13610690,-0.32085561,-0.03042470,0.12642192,-0.13503929,0.02053387,0.09130265,-0.36601782,-0.01009559,0.17007535,-0.09658937,-0.00059733,0.05006084,-0.39662907,0.01124552,0.20771708,-0.07471577,-0.31929874,-0.92192030,-1.06866344,0.35283599,0.91874669,0.95792673,-0.37620081,-0.88908519,-0.81957254,0.38871958,0.83379094,0.65758970,-0.39003139,-0.75445812,-0.47664824,0.38009842,0.65337391,0.28196479,-0.02882716,-0.00656451,-0.99956287,-0.02125962,0.02770131,0.41944091,0.02050384,-0.22979813,-0.00105533
10403140000000,synthetic_50hz_05,157,0.02,98.99034421,97.62937100,16.11304155,16.19840415,16.24131148,1.78480757,123.35447753,1,1,0,0,1,0.58689040,-0.03405216,0.41919292,0.02577090,-0.01099721,-0.10417579,-0.01678213,0.03358951,0.12676589,0.00730953,-0.05521340,-0.14570127,0.00237382,0.07524547,0.16043601,-0.01198873,-0.09310817,-0.17054531,0.02125799,0.10828652,0.17573771,0.03238533,0.11636314,-0.34283658,-0.02269533,0.14586047,-0.11567295,0.01240315,0.07272962,-0.38221162,-0.00179828,0.18724743,-0.08403460,-0.00882166,0.03478479,-0.40518321,0.01915935,0.22065661,-0.07040856,-0.34912670,-0.92174344,-0.97607359,0.37397892,0.89570349,0.84119688,-0.38804916,-0.84383999,-0.68206808,0.39093175,0.76764819,0.50327493,-0.38254361,-0.66932473,-0.30997213,0.36312655,0.55170433,0.10773269,-0.02907676,-0.00588659,-0.99955986,-0.02138878,0.02799808,0.41919292,0.02024692,-0.22955346,-0.00332411
10403160000000,synthetic_50hz_05,158,0.02,99.33783742,97.97106428,16.16691492,16.24131148,16.28172474,1.79590153,123.36866828,1,1,0,0,1,0.58726955,-0.03860864,0.41889960,0.01804863,-0.03058340,-0.12397786,-0.00861994,0.05239005,0.14345649,-0.00105726,-0.07268628,-0.15879920,0.01070399,0.09088692,0.16956366,-0.02004211,-0.10646725,-0.17543952,0.02880241,0.11897809,0.17625738,0.02469083,0.09675738,-0.36268758,-0.01456644,0.16467396,-0.09893506,0.00407451,0.05525069,-0.39535426,0.00648965,0.20288794,-0.07486573,-0.01682956,0.02143364,-0.41011433,0.02665594,0.23133341,-0.06985702,-0.37162835,-0.90176124,-0.86196912,0.38721065,0.85328033,0.70570876,-0.39162948,-0.78019895,-0.52910250,0.38475745,0.68462407,0.33724196,-0.36679269,-0.56931116,-0.13565858,0.33825312,0.43758474,-0.06983590,-0.02932835,-0.00520699,-0.99955628,-0.02151102,0.02828936,0.41889960,0.01998901,-0.22920755,-0.00559252
10403180000000,synthetic_50hz_05,159,0.02,99.48162673,98.27317677,16.21513505,16.28172474,16.32747882,1.80704168,123.38248323,1,1,0,0,1,0.58764344,-0.04314809,0.41856097,0.00989686,-0.04960532,-0.14119426,-0.00023024,0.07015017,0.15712403,-0.00944303,-0.08867256,-0.16852385,0.01884404,0.10463848,0.17506504,-0.02770178,-0.11758762,-0.17655903,0.03576086,0.12714666,0.17296274,0.01656657,0.07771560,-0.37995295,-0.00620979,0.18244733,-0.08522014,-0.00427331,0.03925804,-0.40512373,0.01458763,0.21663886,-0.06932297,-0.02444386,0.01032091,-0.41127095,0.03356665,0.23948751,-0.07311956,-0.38621827,-0.86213835,-0.72852667,0.39213827,0.79213282,0.55413859,-0.38675274,-0.69928973,-0.36377443,0.37021695,0.58628579,0.16292249,-0.34300764,-0.45637896,0.04262659,0.30590925,0.31331451,-0.24694672,-0.02958187,-0.00452594,-0.99955212,-0.02162628,0.02857510,0.41856097,0.01973012,-0.22876057,-0.00786033
10403200000000,synthetic_50hz_05,160,0.02,99.54811389,98.52816419,16.26231943,16.32747882,16.38008260,1.81822566,123.39590659,1,1,0,0,1,0.58801205,-0.04766852,0.41817707,0.00148817,-0.06764063,-0.15541674,0.00820668,0.08646910,0.16743226,-0.01766494,-0.10280462,-0.17462064,0.02661391,0.11617624,0.17677462,-0.03479558,-0.12619845,-0.17383211,0.04197409,0.13258229,0.16587793,0.00818515,0.05966015,-0.39422445,0.00219429,0.19877980,-0.07486444,-0.01245747,0.02511930,-0.41126549,0.02231558,0.22817629,-0.06757183,-0.03149243,0.00171741,-0.40858135,0.03973222,0.24490897,-0.08017203,-0.39247149,-0.80347281,-0.57839319,0.38854211,0.71334052,0.38957240,-0.37341089,-0.60264229,-0.18952005,0.34751405,0.47456960,-0.01599624,-0.31159823,-0.33281484,0.22105136,0.26669888,0.18146488,-0.41973346,-0.02983729,-0.00384371,-0.99954739,-0.02173453,0.02885524,0.41817707,0.01947026,-0.22821271,-0.01012728
10403220000000,synthetic_50hz_05,161,0.02,99.56975882,98.73648312,16.31177996,16.38008260,16.43956961,1.82945181,123.40892267,1,1,0,0,1,0.58837538,-0.05216792,0.41774793,-0.00699563,-0.08428021,-0.16629501,0.01650578,0.10096981,0.17411246,-0.02554006,-0.11474840,-0.17691016,0.03383801,0.12521874,0.17460746,-0.04116039,-0.13207896,-0.16727074,0.04729610,0.13513129,0.15511153,-0.00027165,0.04300015,-0.40515180,0.01046078,0.21329434,-0.06813669,-0.02029503,0.01316855,-0.41360010,0.02949793,0.23721877,-0.06969727,-0.03781212,-0.00415609,-0.40205751,0.04500666,0.24744408,-0.09090586,-0.39013800,-0.72679607,-0.41464124,0.37638601,0.61839590,0.21544975,-0.35178263,-0.49216709,-0.01004675,0.31703720,0.35174888,-0.19564590,-0.27315144,-0.20118958,0.39569799,0.22139059,0.04482988,-0.58434192,-0.03009455,-0.00316053,-0.99954206,-0.02183575,0.02912972,0.41774793,0.01920945,-0.22756421,-0.01239315
10403240000000,synthetic_50hz_05,162,0.02,99.68058520,98.92530354,16.36545162,16.43956961,16.50095288,1.84071929,123.42151585,1,1,0,0,1,0.58873339,-0.05664432,0.41727362,-0.01536738,-0.09913782,-0.17354638,0.02448133,0.11330823,0.17697147,-0.03288947,-0.12421191,-0.17529439,0.04034939,0.13153450,0.16856348,-0.04664602,-0.13506490,-0.15697282,0.05159783,0.13470131,0.14085655,-0.00861666,0.02812184,-0.41245228,0.01840396,0.22564689,-0.06523003,-0.02760709,0.00369776,-0.41202954,0.03596773,0.24353482,-0.07569935,-0.04325278,-0.00713530,-0.39179731,0.04926091,0.24700051,-0.10512804,-0.37915371,-0.63356298,-0.24071275,0.35582370,0.50918333,0.03549695,-0.32223512,-0.37012370,0.17074225,0.27935636,0.22039322,-0.37205886,-0.22842362,-0.06430871,0.56264885,0.17090533,-0.09362986,-0.73701740,-0.03035361,-0.00247666,-0.99953616,-0.02192989,0.02939849,0.41727362,0.01894769,-0.22681536,-0.01465767
10403260000000,synthetic_50hz_05,163,0.02,100.05345103,99.15093304,16.42236215,16.50095288,16.55377688,1.85202785,123.43367058,1,1,0,0,1,0.58908608,-0.06109574,0.41675417,-0.02343868,-0.11185958,-0.17696419,0.03195118,0.12318209,0.17589837,-0.03954252,-0.13095320,-0.16976132,0.04599383,0.13494886,0.15872998,-0.05111911,-0.13505389,-0.14312237,0.05477061,0.13126525,0.12338848,-0.01666147,0.01537910,-0.41591924,0.02584168,0.23553518,-0.06625541,-0.03422299,-0.00305111,-0.40654182,0.04157075,0.24694977,-0.08549081,-0.04768101,-0.00711788,-0.37798478,0.05238630,0.24355117,-0.12256309,-0.35964759,-0.52563147,-0.06035171,0.32720114,0.38794799,-0.14634929,-0.28532132,-0.23907978,0.34883096,0.23521555,0.08331880,-0.54125568,-0.17832842,0.07484431,0.71807575,0.11629999,-0.23084962,-0.87419335,-0.03061442,-0.00179235,-0.99952966,-0.02201692,0.02966150,0.41675417,0.01868501,-0.22596648,-0.01692061
10403280000000,synthetic_50hz_05,164,0.02,100.10261245,99.34126892,16.47755634,16.55377688,16.61206655,1.86337704,123.44537143,1,1,0,0,1,0.58943342,-0.06552022,0.41618965,-0.03102419,-0.12213311,-0.17642473,0.03874104,0.13033908,0.17086934,-0.04534097,-0.13478732,-0.16038771,0.05063369,0.13534957,0.14528203,-0.05446663,-0.13200964,-0.12598780,0.05672926,0.12486380,0.10306128,-0.02422076,0.00508432,-0.41542898,0.03259963,0.24270689,-0.07123662,-0.03998450,-0.00689312,-0.39721368,0.04616937,0.24735138,-0.09889654,-0.05098381,-0.00406752,-0.36088833,0.05429765,0.23713673,-0.14285703,-0.33194449,-0.40523189,0.12247300,0.29105427,0.25725498,-0.32602613,-0.24177282,-0.10186128,0.52017978,0.18552094,-0.05646912,-0.69933640,-0.12392041,0.21317149,0.85833083,0.05874720,-0.36372803,-0.99257918,-0.03087693,-0.00110786,-0.99952258,-0.02209682,0.02991870,0.41618965,0.01842142,-0.22501796,-0.01918171
10403300000000,synthetic_50hz_05,165,0.02,100.02303341,99.47762182,16.53405063,16.61206655,16.67979825,1.87476666,123.45660306,1,1,0,0,1,0.58977540,-0.06991580,0.41558011,-0.03794608,-0.12969596,-0.17189253,0.04468876,0.13458419,0.16195071,-0.05014305,-0.13559230,-0.14733977,0.05415168,0.13269121,0.12848096,-0.05659910,-0.12596458,-0.10591798,0.05741474,0.11560633,0.08030133,-0.03111669,-0.00250007,-0.41094601,0.03851568,0.24696701,-0.08010737,-0.04474984,-0.00770629,-0.38421133,0.04964629,0.24469422,-0.11565524,-0.05307169,0.00198334,-0.34085682,0.05493592,0.22786656,-0.16558349,-0.29656339,-0.27492618,0.30365321,0.24810222,0.11993921,-0.49943542,-0.19248815,0.03850567,0.68081868,0.13132456,-0.19584040,-0.84257361,-0.06637482,0.34752897,0.98003676,-0.00048854,-0.48919811,-1.08924498,-0.03114111,-0.00042343,-0.99951491,-0.02216957,0.03017003,0.41558011,0.01815691,-0.22397021,-0.02144075
10403320000000,synthetic_50hz_05,166,0.02,99.82621952,99.54734136,16.59526463,16.67979825,16.75992020,1.88619716,123.46735026,1,1,0,0,1,0.59011199,-0.07428055,0.41492563,-0.04403840,-0.13434320,-0.16342359,0.04964852,0.13578584,0.14929986,-0.05382725,-0.13331372,-0.13087174,0.05645411,0.12699810,0.10867053,-0.05745338,-0.11702107,-0.08333630,0.05679624,0.10367026,0.05559944,-0.03718330,-0.00716912,-0.40252634,0.04344401,0.24818397,-0.09271025,-0.04839751,-0.00543621,-0.36778901,0.05190782,0.23900262,-0.13542313,-0.05388153,0.01093235,-0.31831365,0.05427032,0.21591809,-0.19025167,-0.25421092,-0.13755739,0.47903393,0.19923578,-0.02095333,-0.66253888,-0.13851658,0.17885995,0.82694254,0.07380389,-0.33160996,-0.96750505,-0.00696340,0.47479950,1.08017395,-0.06007785,-0.60430035,-1.16170092,-0.03140688,0.00026069,-0.99950665,-0.02223513,0.03041545,0.41492563,0.01789153,-0.22282369,-0.02369746
10403340000000,synthetic_50hz_05,167,0.02,99.35551903,99.50897689,16.66441997,16.75992020,16.86099224,1.89766988,123.47759790,1,1,0,0,1,0.59044320,-0.07861255,0.41422626,-0.04915133,-0.13593383,-0.15116658,0.05349469,0.13388079,0.13316402,-0.05629577,-0.12796789,-0.11132228,0.05747382,0.11836563,0.08627107,-0.05699487,-0.10535083,-0.05873262,0.05487273,0.08929871,0.02950089,-0.04227080,-0.00878184,-0.39031863,0.04725899,0.24629451,-0.10879804,-0.05082971,-0.00009918,-0.34828538,0.05288680,0.23037197,-0.15777990,-0.05337870,0.02260778,-0.29374868,0.05229979,0.20153444,-0.21631628,-0.20576998,0.00380954,0.64451035,0.14550120,-0.16223161,-0.81145550,-0.08103756,0.31597648,0.95500601,0.01423757,-0.46061159,-1.07102326,0.05297290,0.59196706,1.15616240,-0.11865613,-0.70625583,-1.20796885,-0.03167422,0.00094425,-0.99949780,-0.02229348,0.03065491,0.41422626,0.01762526,-0.22157892,-0.02595161
10403360000000,synthetic_50hz_05,168,0.02,99.49379242,99.50594000,16.74698032,16.86099224,16.95660866,1.90918764,123.48733101,1,1,0,0,1,0.59076899,-0.08290988,0.41348209,-0.05315525,-0.13439589,-0.13536171,0.05612543,0.12887740,0.11387670,-0.05747749,-0.11964332,-0.08910857,0.05717244,0.10695986,0.06177140,-0.05521908,-0.09119270,-0.03265333,0.05167374,0.07279641,0.00259386,-0.04624955,-0.00726626,-0.37456310,0.04985878,0.24130702,-0.12803724,-0.05197531,0.00821629,-0.32611761,0.05254487,0.21896833,-0.18223672,-0.05155874,0.03677079,-0.26770828,0.04905388,0.18502034,-0.24318916,-0.15228365,0.14595486,0.79612749,0.08807962,-0.30063186,-0.94255877,-0.02133620,0.44664149,1.06181565,-0.04602234,-0.57977424,-1.15045989,0.11205404,0.69619183,1.20593583,-0.17485517,-0.79253789,-1.22664408,-0.03194307,0.00162700,-0.99948837,-0.02234461,0.03088836,0.41348209,0.01735813,-0.22023642,-0.02820295
10403380000000,synthetic_50hz_05,169,0.02,99.73047482,99.55084696,16.83502422,16.95660866,17.04538635,1.92075341,123.49653471,1,1,0,0,1,0.59108935,-0.08717065,0.41269321,-0.05594435,-0.12972997,-0.11633736,0.05746573,0.12085739,0.09185189,-0.05733035,-0.10850044,-0.06471830,0.05554212,0.09301537,0.03571885,-0.05215257,-0.07484863,-0.00568960,0.04725944,0.05452396,-0.02450368,-0.04901374,-0.00262297,-0.35558812,0.05116837,0.23330319,-0.15001385,-0.05179228,0.01934977,-0.30177340,0.05087418,0.20502628,-0.20824627,-0.04844820,0.05311945,-0.24078363,0.04459278,0.16673639,-0.27025231,-0.09493444,0.28557734,0.93017967,0.02826225,-0.43289413,-1.05257121,0.03922476,0.56773038,1.14461663,-0.10558090,-0.68619869,-1.20366221,0.16889309,0.78488358,1.22800565,-0.22733602,-0.86093991,-1.21694512,-0.03221337,0.00230868,-0.99947835,-0.02238851,0.03111575,0.41269321,0.01709015,-0.21879681,-0.03045124
10403400000000,synthetic_50hz_05,170,0.02,100.00834079,99.64234573,16.92337632,17.04538635,17.12876868,1.93236968,123.50519431,1,1,0,0,1,0.59140428,-0.09139297,0.41185968,-0.05743982,-0.12201105,-0.09450429,0.05746995,0.10997565,0.06757606,-0.05584319,-0.09476959,-0.03869958,0.05260645,0.07683128,0.00870737,-0.04785304,-0.05667789,0.02153587,0.04172000,0.03489045,-0.05115823,-0.05048457,0.00507303,-0.33380445,0.05114212,0.22243792,-0.17424141,-0.05026943,0.03307092,-0.27580085,0.04789832,0.18884493,-0.23521459,-0.04410478,0.07129446,-0.21359743,0.03900663,0.14709166,-0.29687225,-0.03501931,0.41937232,1.04330736,-0.03257799,-0.55584177,-1.13865342,0.09923604,0.67628604,1.20117156,-0.16303307,-0.77723267,-1.22905937,0.22212978,0.85577132,1.22151282,-0.27482239,-0.90963769,-1.17874949,-0.03248509,0.00298906,-0.99946776,-0.02242515,0.03133705,0.41185968,0.01682133,-0.21726071,-0.03269624
10403420000000,synthetic_50hz_05,171,0.02,100.86829061,99.88753470,17.00964111,17.12876868,17.18774531,1.94403825,123.51329521,1,1,0,0,1,0.59171374,-0.09557500,0.41098161,-0.05759247,-0.11138853,-0.07034762,0.05612362,0.09645824,0.04159795,-0.05303670,-0.07874701,-0.01164898,0.04842071,0.05876548,-0.01863582,-0.04240872,-0.03708970,0.04838335,0.03517407,0.01434461,-0.07673596,-0.05061285,0.01567238,-0.30969720,0.04976557,0.20893727,-0.20017119,-0.04742747,0.04908348,-0.24879654,0.04367257,0.17078218,-0.26251447,-0.03861671,0.09088661,-0.18678942,0.03241409,0.12653493,-0.32241516,0.02607911,0.54411262,1.13258861,-0.09301797,-0.66646140,-1.19848525,0.15727508,0.76959579,1.22982900,-0.21699787,-0.85054237,-1.22571621,0.27046452,0.90696742,1.18626544,-0.31613355,-0.93724418,-1.11261409,-0.03275817,0.00366787,-0.99945658,-0.02245452,0.03155221,0.41098161,0.01655169,-0.21562880,-0.03493771
10403440000000,synthetic_50hz_05,172,0.02,101.13943728,100.13791522,17.08444487,17.18774531,17.25196653,1.95575911,123.52082299,1,1,0,0,1,0.59201773,-0.09971487,0.41005909,-0.05638466,-0.09808425,-0.04441659,0.05344461,0.08059856,0.01451654,-0.04896373,-0.06078918,0.01580203,0.04307120,0.03922722,-0.04566502,-0.03593691,-0.01653433,0.07421146,0.02776654,-0.00663527,-0.10061836,-0.04938093,0.02895320,-0.28381561,0.04705657,0.19309465,-0.22720419,-0.04331924,0.06703101,-0.22139192,0.03828323,0.15124728,-0.28950022,-0.03210130,0.11144565,-0.16100095,0.02496005,0.10554444,-0.34626251,0.08692443,0.65673023,1.19562243,-0.15161826,-0.76198155,-1.23033639,0.21194086,0.84526458,1.22957918,-0.26615311,-0.90417824,-1.19337264,0.31269204,0.93702402,1.12276060,-0.35021591,-0.94285496,-1.01977885,-0.03303256,0.00434488,-0.99944484,-0.02247662,0.03176118,0.41005909,0.01628123,-0.21390181,-0.03717539
10403460000000,synthetic_50hz_05,173,0.02,101.43271117,100.39687441,17.15480397,17.25196653,17.32221898,1.96753172,123.52776337,1,1,0,0,1,0.59231623,-0.10381078,0.40909221,-0.05383142,-0.08238871,-0.01731240,0.04948337,0.06275158,-0.01303269,-0.04370869,-0.04130528,0.04300205,0.03667387,0.01866813,-0.07173163,-0.02858172,0.00450722,0.09839316,0.01966555,-0.02755263,-0.12221796,-0.04680385,0.04462502,-0.25676089,0.04306560,0.17526500,-0.25470495,-0.03802916,0.08650430,-0.19423841,0.03184626,0.13069185,-0.31552322,-0.02470265,0.13249055,-0.13685908,0.01681267,0.08461677,-0.36782686,0.14606095,0.75439655,1.23060141,-0.20695847,-0.83994755,-1.23312403,0.26188928,0.90128247,1.20009510,-0.30926970,-0.93663300,-1.13246687,0.34773373,0.94497996,1.03218909,-0.37617244,-0.92608270,-0.90215283,-0.03330820,0.00501984,-0.99943254,-0.02249144,0.03196392,0.40909221,0.01600998,-0.21208049,-0.03940905
10403480000000,synthetic_50hz_05,174,0.02,101.45069914,100.60763936,17.22511827,17.32221898,17.41055278,1.97935562,123.53410225,1,1,0,0,1,0.59260922,-0.10786090,0.40808109,-0.04998087,-0.06465530,0.01032571,0.04432243,0.04332627,-0.04039290,-0.03738616,-0.02074813,0.06929555,0.02937203,-0.00242820,-0.09620038,-0.02051109,0.02553452,0.12033170,0.01105880,-0.04790467,-0.14099380,-0.04292974,0.06233443,-0.22917228,0.03787517,0.15585732,-0.28201663,-0.03167181,0.10705055,-0.16799151,0.02450496,0.10959949,-0.33994822,-0.01658872,0.15352090,-0.11496055,0.00815964,0.06425474,-0.38656722,0.20204962,0.83459902,1.23637133,-0.25767333,-0.89829070,-1.20645555,0.30586819,0.93608424,1.14175709,-0.34524474,-0.94689004,-1.04414123,0.37466771,0.93039655,0.91642230,-0.39328884,-0.88707930,-0.76228249,-0.03358506,0.00569251,-0.99941967,-0.02249896,0.03216041,0.40808109,0.01573795,-0.21016564,-0.04163845
10403500000000,synthetic_50hz_05,175,0.02,101.93239867,100.87259122,17.30300077,17.41055278,17.49838958,1.99123141,123.53982569,1,1,0,0,1,0.59289670,-0.11186346,0.40702583,-0.04491366,-0.04529274,0.03783576,0.03807501,0.02277655,-0.06690198,-0.03013864,0.00039629,0.09403939,0.02133335,-0.02355771,-0.11846561,-0.01191302,0.04603995,0.13947640,0.00214923,-0.06719484,-0.15646602,-0.03783923,0.08167274,-0.20171175,0.03159850,0.13532551,-0.30847711,-0.02438968,0.12818376,-0.14329438,0.01642702,0.08847425,-0.36216956,-0.00794750,0.17402907,-0.09585604,-0.00079611,0.04495486,-0.40200376,0.25350472,0.89521178,1.21247533,-0.30248835,-0.93538932,-1.15065443,0.34275109,0.94859915,1.05565963,-0.37313217,-0.93446042,-0.93022966,0.39275567,0.89338077,0.77798074,-0.40105583,-0.82654453,-0.60330228,-0.03386307,0.00636263,-0.99940625,-0.02249920,0.03235058,0.40702583,0.01546514,-0.20815811,-0.04386335
10403520000000,synthetic_50hz_05,176,0.02,101.89838333,101.07774964,17.38506407,17.49838958,17.60760546,2.00316006,123.54491993,1,1,0,0,1,0.59317865,-0.11581669,0.40592655,-0.03874164,-0.02475581,0.06454934,0.03088274,0.00159059,-0.09190924,-0.02213349,0.02162048,0.11661935,0.01274612,-0.04420823,-0.13796727,-0.00299127,0.06552143,0.15533753,-0.00684982,-0.08494562,-0.16822933,-0.03164419,0.10218513,-0.17504769,0.02437725,0.11415775,-0.33343570,-0.01635015,0.14939645,-0.12076124,0.00780070,0.06782832,-0.38162719,0.00101726,0.19351298,-0.08003529,-0.00984122,0.02719468,-0.41373116,0.29913021,0.93455823,1.15918106,-0.34025421,-0.95011987,-1.06676799,0.37156852,0.93828911,0.94359950,-0.39217034,-0.89940704,-0.79322659,0.40146571,0.83459465,0.61998460,-0.39918663,-0.74572050,-0.42886815,-0.03414219,0.00702997,-0.99939229,-0.02249216,0.03253442,0.40592655,0.01519158,-0.20605879,-0.04608350
10403540000000,synthetic_50hz_05,177,0.02,102.25002397,101.31220450,17.47853145,17.60760546,17.72057617,2.01514386,123.54937137,1,1,0,0,1,0.59345505,-0.11971885,0.40478336,-0.03160557,-0.00353474,0.08980860,0.02291267,-0.01972089,-0.11479224,-0.01355919,0.04240796,0.13646636,0.00381478,-0.06387238,-0.15420610,0.00603960,0.08349534,0.16750000,-0.01571986,-0.10071109,-0.17596479,-0.02448537,0.12338141,-0.14983797,0.01637843,0.09286476,-0.35626999,-0.00774169,0.17017211,-0.10096115,-0.00116953,0.04816905,-0.39782184,0.01009097,0.21148901,-0.06791337,-0.01875720,0.01142012,-0.42143051,0.33775471,0.95146338,1.07748931,-0.36997875,-0.94189625,-0.95655608,0.39153614,0.90517381,0.80804489,-0.40180536,-0.84235479,-0.63623739,0.40049034,0.75525029,0.44608687,-0.38762899,-0.64637157,-0.24307546,-0.03442237,0.00769428,-0.99937779,-0.02247782,0.03271188,0.40478336,0.01491727,-0.20386860,-0.04829867
10403560000000,synthetic_50hz_05,178,0.02,102.47685906,101.54513542,17.58019023,17.72057617,17.84135573,2.02718567,123.55316663,1,1,0,0,1,0.59372589,-0.12356821,0.40359640,-0.02367210,0.01785680,0.11298326,0.01435338,-0.04063736,-0.13497329,-0.00462084,0.06224634,0.15307199,-0.00524491,-0.08206072,-0.16675755,0.01495946,0.09950925,0.17563541,-0.02424272,-0.11408888,-0.17944962,-0.01652943,0.14474789,-0.12671287,0.00779065,0.07196705,-0.37640227,0.00123059,0.18999839,-0.08440253,-0.01026793,0.02998592,-0.41032898,0.01905352,0.22750474,-0.05981869,-0.02732588,-0.00196647,-0.42487901,0.36836413,0.94529430,0.96912331,-0.39085567,-0.91069583,-0.82246050,0.40207865,0.84984157,0.65208578,-0.40170952,-0.76448599,-0.46291112,0.38975892,0.65708991,0.26039052,-0.36657139,-0.53074963,-0.05036274,-0.03470354,0.00835533,-0.99936277,-0.02245620,0.03288293,0.40359640,0.01464223,-0.20158851,-0.05050862
10403580000000,synthetic_50hz_05,179,0.02,102.47574071,101.73125647,17.68987974,17.84135573,17.97561283,2.03928889,123.55629250,1,1,0,0,1,0.59399116,-0.12736308,0.40236578,-0.01512990,0.03889447,0.13348735,0.00541057,-0.06064171,-0.15193514,0.00446476,0.08064062,0.16600258,-0.01421136,-0.09831462,-0.17528408,0.02354824,0.11315416,0.17951206,-0.03220621,-0.12473142,-0.17856462,-0.00796502,0.16576024,-0.10625835,-0.00118040,0.05198176,-0.39331529,0.01034990,0.20838027,-0.07151906,-0.01927288,0.01373751,-0.41881106,0.02768483,0.24115117,-0.05598294,-0.03533509,-0.01261750,-0.42395748,0.39013086,0.91598690,0.83649822,-0.40228886,-0.85707093,-0.66755520,0.40284869,0.77344520,0.47936625,-0.39179420,-0.66752069,-0.27735695,0.36944411,0.54235125,0.06735131,-0.33644277,-0.40154556,0.14459609,-0.03498566,0.00901287,-0.99934722,-0.02242730,0.03304754,0.40236578,0.01436647,-0.19921952,-0.05271310
10403600000000,synthetic_50hz_05,180,0.02,102.84870212,101.95474560,17.80988764,17.97561283,18.10347362,2.05145757,123.55873598,1,1,0,0,1,0.59425084,-0.13110179,0.40109164,-0.00618512,0.05905670,0.15079518,-0.00369805,-0.07923367,-0.16523537,0.01347460,0.09712629,0.17491174,-0.02286267,-0.11221872,-0.17954533,0.03159161,0.12407582,0.17900254,-0.03940974,-0.13235577,-0.17329903,0.00100168,0.18589688,-0.08900010,-0.01031700,0.03340914,-0.40656663,0.01939322,0.22485324,-0.06265710,-0.02796251,-0.00016078,-0.42302772,0.03577058,0.25207403,-0.05653353,-0.04258420,-0.02025004,-0.41865515,0.40243865,0.86405806,0.68267130,-0.40391181,-0.78214508,-0.49547818,0.39374000,0.67768248,0.29400020,-0.37221649,-0.55368199,-0.08404605,0.33996180,0.41371858,-0.12833118,-0.29790586,-0.26182747,0.33700857,-0.03526868,0.00966666,-0.99933117,-0.02239114,0.03320566,0.40109164,0.01409001,-0.19676267,-0.05491188
10403620000000,synthetic_50hz_05,181,0.02,102.83422252,102.13064098,17.93319375,18.10347362,18.23666262,2.06369547,123.56048427,1,1,0,0,1,0.59450493,-0.13478268,0.39977412,0.00294364,0.07783828,0.16445589,-0.01274815,-0.09594313,-0.17451904,0.02218513,0.11128190,0.17955073,-0.03098251,-0.12341235,-0.17940588,0.03888664,0.13198478,0.17408868,-0.04566965,-0.13675202,-0.16375242,0.01015209,0.20465260,-0.07538897,-0.01939484,0.01671930,-0.41580137,0.02813702,0.23899585,-0.05806541,-0.03612046,-0.01134830,-0.42284356,0.04310783,0.25998388,-0.06148863,-0.04888958,-0.02465417,-0.40907160,0.40490233,0.79060225,0.51127336,-0.39560105,-0.68759364,-0.31034658,0.37489440,0.56476138,0.10047236,-0.34337938,-0.42564679,0.11229851,0.30196457,0.27426061,-0.32183177,-0.25184398,-0.11496736,0.52208648,-0.03555255,0.01031648,-0.99931463,-0.02234773,0.03335728,0.39977412,0.01381286,-0.19421906,-0.05710472
10403640000000,synthetic_50hz_05,182,0.02,103.59895744,102.42430428,18.06065068,18.23666262,18.33934747,2.07600619,123.56152479,1,1,0,0,1,0.59475340,-0.13840414,0.39841335,0.01203091,0.09476376,0.17410636,-0.02151465,-0.11034282,-0.17952931,0.03037811,0.12274065,0.17977634,-0.03836575,-0.13159980,-0.17484034,0.04524729,0.13666487,0.16486361,-0.05082433,-0.13778983,-0.15013378,0.01926074,0.22155197,-0.06578810,-0.02818881,0.00233951,-0.42076265,0.03636302,0.25044131,-0.05788719,-0.04354162,-0.01952933,-0.41823316,0.04951053,0.26466456,-0.07075512,-0.05408960,-0.02569957,-0.39541581,0.39738162,0.69727222,0.32642314,-0.37748336,-0.57560895,-0.11665674,0.34670209,0.43735061,-0.09647294,-0.30592523,-0.28648324,0.30682125,0.25632840,0.12735643,-0.50832377,-0.19934151,0.03544213,0.69517107,-0.03583720,0.01096208,-0.99929759,-0.02229707,0.03350236,0.39841335,0.01353503,-0.19158980,-0.05929138
10403660000000,synthetic_50hz_05,183,0.02,103.68979227,102.67740187,18.17770333,18.33934747,18.43774517,2.08839137,123.56184518,1,1,0,0,1,0.59499625,-0.14196456,0.39700950,0.02085017,0.10940040,0.17948185,-0.02977751,-0.12206012,-0.18011537,0.03784635,0.13120079,0.17555608,-0.04482406,-0.13655888,-0.16593543,0.05050947,0.13797991,0.15153078,-0.05473867,-0.13542291,-0.13275743,0.02810109,0.23616223,-0.06046221,-0.03647889,-0.00935760,-0.42129969,0.04386406,0.25888786,-0.06215493,-0.05003765,-0.02448169,-0.40928327,0.05481460,0.26597988,-0.08412953,-0.05804916,-0.02333993,-0.37800211,0.37998851,0.58624414,0.13262662,-0.34993623,-0.44885062,0.08082805,0.30979513,0.29851652,-0.29195242,-0.26072249,-0.13957606,0.49465965,0.20413310,-0.02338845,-0.68310562,-0.14165846,0.18567866,0.85185733,-0.03612259,0.01160324,-0.99928009,-0.02223919,0.03364088,0.39700950,0.01325654,-0.18887606,-0.06147163
10403680000000,synthetic_50hz_05,184,0.02,104.00940974,102.94380345,18.28692091,18.43774517,18.51870761,2.10085137,123.56143328,1,1,0,0,1,0.59523347,-0.14546238,0.39556271,0.02917975,0.12136998,0.18042421,-0.03732764,-0.13078748,-0.17623781,0.04439936,0.13643431,0.16697039,-0.05019103,-0.13814768,-0.15288914,0.05453567,0.13587819,0.13440002,-0.05730802,-0.12969127,-0.11203609,0.03645148,0.24810517,-0.05956945,-0.04405598,-0.01806449,-0.41737305,0.05044964,0.26410750,-0.07078820,-0.05544214,-0.02606347,-0.39619186,0.05888252,0.26387814,-0.10130205,-0.06066360,-0.01761526,-0.35724321,0.35308785,0.46016754,-0.06533631,-0.31358140,-0.31038197,0.27719927,0.26503424,0.15164794,-0.48107045,-0.20884603,0.01145817,0.67107214,0.14663669,-0.17423393,-0.84172650,-0.08019974,0.33198645,0.98811350,-0.03640867,0.01223972,-0.99926213,-0.02217410,0.03377280,0.39556271,0.01297739,-0.18607902,-0.06364524
10403700000000,synthetic_50hz_05,185,0.02,104.20921007,103.19688477,18.38427132,18.51870761,18.58552339,2.11338499,123.56027717,1,1,0,0,1,0.59546504,-0.14889605,0.39407313,0.03680874,0.13035940,0.17688721,-0.04397251,-0.13629127,-0.16797082,0.04986853,0.13829380,0.15421175,-0.05432682,-0.13630925,-0.13600669,0.05721884,0.13039485,0.11388048,-0.05846122,-0.12072110,-0.08847106,0.04410102,0.25706770,-0.06315605,-0.05072755,-0.02354754,-0.40905694,0.05595114,0.26595281,-0.08359449,-0.05961525,-0.02421771,-0.37926417,0.06160724,0.25839446,-0.12186350,-0.06186176,-0.00865176,-0.33364042,0.31729093,0.32210140,-0.26253453,-0.26927155,-0.16359433,0.46753096,0.21348894,0.00037075,-0.65904826,-0.15155135,0.16286351,0.83156488,0.08524447,-0.32140234,-0.98010710,-0.01647994,0.47067499,1.10039238,-0.03669538,0.01287129,-0.99924372,-0.02210183,0.03389810,0.39407313,0.01269762,-0.18319992,-0.06581196
10403720000000,synthetic_50hz_05,186,0.02,104.37142293,103.43179240,18.46879719,18.58552339,18.63845831,2.12598963,123.55836519,1,1,0,0,1,0.59569095,-0.15226406,0.39254093,0.04354273,0.13612965,0.16893887,-0.04954141,-0.13841872,-0.15550139,0.05411179,0.13671711,0.13758072,-0.05712210,-0.13107388,-0.11569355,0.05848555,0.12165173,0.09047087,-0.05816284,-0.10872231,-0.06263987,0.05085526,0.26281079,-0.07115399,-0.05632289,-0.02565396,-0.39653834,0.06022649,0.26436165,-0.10027326,-0.06244764,-0.01897470,-0.35890567,0.06291534,0.24965071,-0.14531519,-0.06160821,0.00334067,-0.30777128,0.27344217,0.17543790,-0.45401458,-0.21807046,-0.01212100,0.64701000,0.15641167,-0.15154535,-0.82135183,-0.09024346,0.31084259,0.97201369,0.02147350,-0.46117808,-1.09465195,0.04791556,0.59821760,1.18573089,-0.03698266,0.01349773,-0.99922487,-0.02202240,0.03401676,0.39254093,0.01241722,-0.18024004,-0.06797156
10403740000000,synthetic_50hz_05,187,0.02,104.82342746,103.71011942,18.54005486,18.63845831,18.66607931,2.13866148,123.55568588,1,1,0,0,1,0.59591119,-0.15556492,0.39096628,0.04920901,0.13852272,0.15676068,-0.05389015,-0.13710261,-0.13912533,0.05701760,0.13172977,0.11747894,-0.05850121,-0.12255910,-0.09244558,0.05829821,0.10985499,0.06474696,-0.05641443,-0.09398371,-0.03518167,0.05654152,0.26517645,-0.08338178,-0.06069781,-0.02431655,-0.38011309,0.06316417,0.25935954,-0.12042287,-0.06386367,-0.01045198,-0.33561221,0.06276921,0.23785301,-0.17108134,-0.05990451,0.01807321,-0.28027493,0.22259912,0.02381587,-0.63493189,-0.16122690,0.14025663,0.81106505,0.09520644,-0.30028548,-0.96381483,-0.02644113,0.45165695,1.08877737,-0.04308650,-0.59000694,-1.18234996,0.11137192,0.71134676,1.24183484,-0.03727046,0.01411882,-0.99920561,-0.02193584,0.03412875,0.39096628,0.01213621,-0.17720067,-0.07012381
10403760000000,synthetic_50hz_05,188,0.02,104.95218140,103.95853181,18.59298513,18.66607931,18.68325263,2.15139511,123.55222804,1,1,0,0,1,0.59612576,-0.15879718,0.38934933,0.05366140,0.13746644,0.14064359,-0.05690510,-0.13236375,-0.11924026,0.05850819,0.12344496,0.09439919,-0.05842447,-0.11096719,-0.06683654,0.05665634,0.09529018,0.03734696,-0.05325479,-0.07686591,-0.00678065,0.06101360,0.26409251,-0.09954845,-0.06373869,-0.01955612,-0.36017878,0.06468640,0.25105967,-0.14355053,-0.06382363,0.00114817,-0.30995756,0.06116839,0.22328695,-0.19852375,-0.05678942,0.03518525,-0.25183556,0.16600633,-0.12897378,-0.80068067,-0.10014320,0.28970837,0.95549035,0.03139289,-0.44209054,-1.08275279,0.03826249,0.58172703,1.17879897,-0.10681474,-0.70459206,-1.24085982,0.17228748,0.80714337,1.26714611,-0.03755874,0.01473432,-0.99918594,-0.02184217,0.03423405,0.38934933,0.01185461,-0.17408316,-0.07226847
10403780000000,synthetic_50hz_05,189,0.02,104.99381255,104.16558796,18.63089748,18.68325263,18.69348291,2.16418418,123.54798072,1,1,0,0,1,0.59633463,-0.16195942,0.38769028,0.05678424,0.13297694,0.12098102,-0.05850640,-0.12431097,-0.09633565,0.05854179,0.11206106,0.06891289,-0.05688939,-0.09658037,-0.03950333,0.05359685,0.07831523,0.00895488,-0.04875908,-0.05779222,0.02185175,0.06415586,0.25957509,-0.11926060,-0.06536565,-0.01148148,-0.33722490,0.06475138,0.23966041,-0.16908480,-0.06232505,0.01554353,-0.28257863,0.05814977,0.20631043,-0.22695839,-0.05233814,0.05425350,-0.22316462,0.10506363,-0.27908780,-0.94701848,-0.03633902,0.43245680,1.07656068,-0.03343326,-0.57335786,-1.17506513,0.10224164,0.69772876,1.23969191,-0.16810235,-0.80198381,-1.26857779,0.22911659,0.88311729,1.26088998,-0.03784742,0.01534402,-0.99916589,-0.02174142,0.03433264,0.38769028,0.01157242,-0.17088888,-0.07440532
10403800000000,synthetic_50hz_05,190,0.02,105.34068055,104.40060648,18.65718336,18.69348291,18.68510604,2.17702202,123.54293323,1,1,0,0,1,0.59653781,-0.16505023,0.38598929,0.05849566,0.12515864,0.09825888,-0.05865025,-0.11313864,-0.07098030,0.05711393,0.09785679,0.04165532,-0.05393098,-0.07975368,-0.01112940,0.04919318,0.05935124,-0.01971739,-0.04303711,-0.03723768,0.04999571,0.06588640,0.25172862,-0.14203231,-0.06553489,-0.00028702,-0.31182023,0.06335467,0.22544050,-0.19639043,-0.05940292,0.03237906,-0.25415885,0.05378680,0.18734458,-0.25567337,-0.04666047,0.07480290,-0.19498193,0.04128988,-0.42273276,-1.07018184,0.02858831,0.56487840,1.17113394,-0.09764228,-0.69073834,-1.23832172,0.16388118,0.79668397,1.26980809,-0.22539531,-0.87966083,-1.26468531,0.28041119,0.93727666,1.22310107,-0.03813647,0.01594770,-0.99914546,-0.02163362,0.03442451,0.38598929,0.01128967,-0.16761925,-0.07653412
10403820000000,synthetic_50hz_05,191,0.02,105.53397751,104.62728069,18.66891089,18.68510604,18.66654064,2.18990134,123.53707513,1,1,0,0,1,0.59673527,-0.16806826,0.38424656,0.05874987,0.11420185,0.07304301,-0.05733022,-0.09912185,-0.04380746,0.05425771,0.08118412,0.01330892,-0.04962092,-0.06090581,0.01757332,0.04355354,0.03887156,-0.04794891,-0.03623049,-0.01571663,0.07694212,0.06615945,0.24074340,-0.16729774,-0.06423999,0.01375218,-0.28459805,0.06052936,0.20875189,-0.22478496,-0.05512894,0.05123609,-0.22541017,0.04818768,0.16686271,-0.28394777,-0.03989799,0.09631911,-0.16799660,-0.02371696,-0.55626658,-1.16698923,0.09300606,0.68360114,1.23673818,-0.15961375,-0.79122716,-1.27083139,0.22161971,0.87604174,1.26828594,-0.27723627,-0.93559962,-1.22917522,0.32485997,0.96818373,1.15462680,-0.03842582,0.01654515,-0.99912468,-0.02151882,0.03450962,0.38424656,0.01100637,-0.16427569,-0.07865464
10403840000000,synthetic_50hz_05,192,0.02,105.77732451,104.85728945,18.66791538,18.66654064,18.63699937,2.20281453,123.53039625,1,1,0,0,1,0.59692701,-0.17101218,0.38246226,0.05753847,0.10037786,0.04596429,-0.05457749,-0.08260929,-0.01549818,0.05004302,0.06245905,-0.01541474,-0.04406578,-0.04050809,0.04588325,0.03681810,0.01738927,-0.07502892,-0.02850895,0.00623090,0.10201147,0.06496661,0.22689073,-0.19442602,-0.06151212,0.03028742,-0.25623940,0.05634534,0.19001060,-0.25355684,-0.04960966,0.07164325,-0.19705416,0.04149258,0.14537794,-0.31107081,-0.03222046,0.11826211,-0.14288813,-0.08832213,-0.67629640,-1.23492854,0.15528953,0.78559550,1.27164037,-0.21777986,-0.87224551,-1.27169021,0.27399149,0.93374828,1.23507663,-0.32230382,-0.96833065,-1.16285522,0.36132398,0.97499560,1.05710814,-0.03871542,0.01713615,-0.99910355,-0.02139705,0.03458797,0.38246226,0.01072253,-0.16085969,-0.08076666
10403860000000,synthetic_50hz_05,193,0.02,106.18010293,105.12185215,18.65493066,18.63699937,18.59183870,2.21575388,123.52288669,1,1,0,0,1,0.59711303,-0.17388068,0.38063660,0.05489072,0.08403187,0.01770193,-0.05046010,-0.06401405,0.01323679,0.04457470,0.04215066,-0.04379388,-0.03740419,-0.01907206,0.07308838,0.02915530,-0.00455640,-0.10027571,-0.02006585,0.02805350,0.12457204,0.06233713,0.21051581,-0.22273791,-0.05741934,0.04890561,-0.22745503,0.05090746,0.16968569,-0.28198426,-0.04298373,0.09308904,-0.16980283,0.03386994,0.12342947,-0.33636078,-0.02382123,0.14008049,-0.12028826,-0.15089769,-0.77976994,-1.27222603,0.21386547,0.86825642,1.27489483,-0.27066741,-0.93171066,-1.24080782,0.31966588,0.96830325,1.17094773,-0.35944824,-0.97697920,-1.06732868,0.38886753,0.95748839,0.93293805,-0.03900522,0.01772050,-0.99908211,-0.02126834,0.03465955,0.38063660,0.01043816,-0.15737276,-0.08286994
10403880000000,synthetic_50hz_05,194,0.02,106.26518272,105.35051826,18.62843204,18.59183870,18.54556805,2.22871132,123.51453682,1,1,0,0,1,0.59729330,-0.17667250,0.37876977,0.05087277,0.06557379,-0.01103456,-0.04508114,-0.04380262,0.04167591,0.03798980,0.02076859,-0.07111572,-0.02980320,0.00286420,0.09850524,0.02075736,-0.02641442,-0.12305480,-0.01111307,0.04920310,0.14405663,0.05833717,0.19202856,-0.25152392,-0.05206470,0.06914027,-0.19896648,0.04435275,0.14828681,-0.30935445,-0.03541817,0.11503536,-0.14433967,0.02551198,0.10156835,-0.35918320,-0.01491217,0.16122617,-0.10076417,-0.20986592,-0.86405749,-1.27789481,0.26725416,0.92947347,1.24636966,-0.31693734,-0.96809230,-1.17891109,0.35748306,0.97880058,1.07746397,-0.38772239,-0.96128959,-0.94495306,0.40678349,0.91606416,0.78519871,-0.03929516,0.01829798,-0.99906035,-0.02113274,0.03472433,0.37876977,0.01015328,-0.15381643,-0.08496425
10403900000000,synthetic_50hz_05,195,0.02,106.40294340,105.56100329,18.59362916,18.54556805,18.49578189,2.24167922,123.50533729,1,1,0,0,1,0.59746783,-0.17938641,0.37686197,0.04558585,0.04546724,-0.03952435,-0.03857592,-0.02248243,0.06910605,0.03045383,-0.00115056,-0.09669540,-0.02145374,0.02475038,0.12149697,0.01183512,-0.04763664,-0.14279573,-0.00187530,0.06914951,0.15997762,0.05306795,0.17189258,-0.28006320,-0.04558354,0.09048395,-0.17148689,0.03684671,0.12635056,-0.33498254,-0.02710393,0.13693189,-0.12130153,0.01662954,0.08034273,-0.37896761,-0.00571798,0.18116896,-0.08480351,-0.26374149,-0.92702216,-1.25176136,0.31410891,0.96768730,1.18675045,-0.35542044,-0.98045356,-1.08752497,0.38648502,0.96495289,0.95694563,-0.40640706,-0.92163218,-0.79877711,0.41461220,0.85174038,0.61757947,-0.03958518,0.01886839,-0.99903832,-0.02099030,0.03478230,0.37686197,0.00986790,-0.15019226,-0.08704938
10403920000000,synthetic_50hz_05,196,0.02,106.46312515,105.74142766,18.55253331,18.49578189,18.44554737,2.25465051,123.49527902,1,1,0,0,1,0.59763660,-0.18202122,0.37491342,0.03916349,0.02421711,-0.06705439,-0.03110834,-0.00058826,0.09484141,0.02215632,-0.02305754,-0.11989410,-0.01256552,0.04603859,0.14149019,0.00261246,-0.06769232,-0.15900706,0.00741592,0.08739445,0.17193968,0.04666300,0.15061277,-0.30764272,-0.03813975,0.11240189,-0.14570206,0.02857890,0.10442619,-0.35822973,-0.01825073,0.15823076,-0.10126178,0.00744649,0.06028333,-0.39522256,0.00352981,0.19941061,-0.07280160,-0.31117091,-0.96707634,-1.19446930,0.35325184,0.98193055,1.09752112,-0.38514836,-0.96847526,-0.96893089,0.40594086,0.92709837,0.81240593,-0.41502991,-0.85899280,-0.63245893,0.41215345,0.76612207,0.43427785,-0.03987523,0.01943152,-0.99901601,-0.02084105,0.03483346,0.37491342,0.00958204,-0.14650187,-0.08912509
10403940000000,synthetic_50hz_05,197,0.02,106.07608070,105.80835827,18.50759921,18.44554737,18.41139494,2.26761894,123.48435323,1,1,0,0,1,0.59779961,-0.18457575,0.37292431,0.03176782,0.00235599,-0.09293835,-0.02286639,0.02133205,0.11824157,0.01330571,-0.04440507,-0.14013583,-0.00336142,0.06619788,0.15798991,-0.00667978,-0.08608217,-0.17128907,0.01652840,0.10348468,0.17964988,0.03928446,0.12872174,-0.33357613,-0.02992133,0.13434623,-0.12225240,0.01975774,0.08306099,-0.37852000,-0.00908141,0.17840101,-0.08471544,-0.00180632,0.04188946,-0.40754834,0.01259901,0.21549783,-0.06505135,-0.35096827,-0.98322257,-1.10746019,0.38370477,0.97185223,0.98092244,-0.40537888,-0.93246293,-0.82610423,0.41536573,0.86619030,0.64746906,-0.41337739,-0.77494500,-0.45016705,0.39947119,0.66135767,0.23988652,-0.04016526,0.01998718,-0.99899345,-0.02068505,0.03487779,0.37292431,0.00929571,-0.14274687,-0.09119117
10403960000000,synthetic_50hz_05,198,0.02,106.11234555,105.86915572,18.46719342,18.41139494,18.37349250,2.28057991,123.47255144,1,1,0,0,1,0.59795684,-0.18704890,0.37089486,0.02358520,-0.01957003,-0.11653461,-0.01405710,0.04273217,0.13872826,0.00412373,-0.06466232,-0.15692231,0.00592854,0.08472822,0.17059222,-0.01580988,-0.10235137,-0.17934388,0.02523541,0.11702369,0.18292496,0.03111867,0.10676555,-0.35722182,-0.02113529,0.15577066,-0.10171620,0.01060496,0.06278578,-0.39535509,0.00017398,0.19694260,-0.07206640,-0.01089717,0.02561594,-0.41564706,0.02126289,0.22903415,-0.06173604,-0.38214610,-0.97507786,-0.99293228,0.40471450,0.93772463,0.83988967,-0.41561480,-0.87333637,-0.66263265,0.41453273,0.78376941,0.46627162,-0.40149949,-0.67160601,-0.25646777,0.37689082,0.54007990,0.03926983,-0.04045521,0.02053518,-0.99897066,-0.02052236,0.03491528,0.37089486,0.00900892,-0.13892892,-0.09324737
10403980000000,synthetic_50hz_05,199,0.02,105.84948606,105.86522179,18.42783903,18.37349250,18.34344752,2.29352981,123.45986545,1,1,0,0,1,0.59810830,-0.18943955,0.36882530,0.01482106,-0.04101592,-0.13726291,-0.00490089,0.06308170,0.15580017,-0.00516058,-0.08332880,-0.16984564,0.01507326,0.10117349,0.17899438,-0.02455138,-0.11610131,-0.18298263,0.03332167,0.12768186,0.18169540,0.02237108,0.08528925,-0.37799952,-0.01200205,0.17614476,-0.08459475,0.00134960,0.04410106,-0.40832708,0.00928436,0.21339943,-0.06361741,-0.01959963,0.01186137,-0.41932987,0.02930617,0.23968995,-0.06292521,-0.40394052,-0.94288069,-0.85377833,0.41577163,0.88043302,0.67797117,-0.41561584,-0.79260205,-0.48261779,0.40347765,0.68192000,0.27335032,-0.37970702,-0.55157788,-0.05620203,0.34498925,0.40533351,-0.16256660,-0.04074502,0.02107531,-0.99894765,-0.02035301,0.03494593,0.36882530,0.00872170,-0.13504970,-0.09529350
10404000000000,synthetic_50hz_05,200,0.02,105.57543401,105.80726424,18.39239460,18.34344752,18.31962393,2.30646618,123.44628735,1,1,0,0,1,0.59825397,-0.19174667,0.36671585,0.00569439,-0.06145203,-0.15461918,0.00437431,0.08188000,0.16904558,-0.01431689,-0.09994734,-0.17859832,0.02384672,0.11513314,0.18300198,-0.03268903,-0.12699961,-0.18212961,0.04058890,0.13520461,0.17600636,0.01326066,0.06482250,-0.39540517,-0.00274956,0.19496790,-0.07129979,-0.00777801,0.02746399,-0.41712849,0.01802369,0.22737093,-0.05956288,-0.02769841,0.00095813,-0.41852106,0.03653058,0.24721062,-0.06857367,-0.41583005,-0.88748067,-0.69350459,0.41662241,0.80144817,0.49923057,-0.40540335,-0.69230954,-0.29056350,0.38249632,0.56321130,0.07351935,-0.34856175,-0.41787542,0.14564440,0.30457798,0.26049200,-0.36060915,-0.04103464,0.02160740,-0.99892445,-0.02017706,0.03496973,0.36671585,0.00843404,-0.13111093,-0.09732931
10404020000000,synthetic_50hz_05,201,0.02,105.49125840,105.74406307,18.36183092,18.31962393,18.29309123,2.31938758,123.43180956,1,1,0,0,1,0.59839384,-0.19396923,0.36456674,-0.00356814,-0.08037785,-0.16818806,0.01353910,0.09866909,0.17815235,-0.02311972,-0.11411566,-0.18298042,0.03203378,0.12627222,0.18253308,-0.04002430,-0.13478830,-0.17682323,0.04686090,0.13941836,0.16601548,0.00401410,0.04586579,-0.40902339,0.00639279,0.21178210,-0.06214347,-0.01655238,0.01327684,-0.42155938,0.02617686,0.23852216,-0.05998475,-0.03499502,-0.00683580,-0.41325901,0.04275992,0.25142260,-0.07852379,-0.41754742,-0.81031139,-0.51613358,0.40727351,0.70278305,0.30813557,-0.38525772,-0.57499316,-0.09125388,0.35213476,0.43062594,-0.12825871,-0.30885960,-0.27384357,0.34407354,0.25667987,0.10916617,-0.54996857,-0.04132402,0.02213124,-0.99890108,-0.01999458,0.03498668,0.36456674,0.00814597,-0.12711435,-0.09935460
10404040000000,synthetic_50hz_05,202,0.02,105.27532948,105.65031635,18.33296025,18.29309123,18.26894612,2.33229309,123.41642477,1,1,0,0,1,0.59852791,-0.19610625,0.36237819,-0.01273821,-0.09733483,-0.17765282,0.02236866,0.11304517,0.18291501,-0.03135421,-0.12549637,-0.18290368,0.03943580,0.13432945,0.17761914,-0.04638044,-0.13928975,-0.16721377,0.05198791,0.14023426,0.15198754,-0.00514030,0.02887768,-0.41853747,0.01520020,0.22618355,-0.05733123,-0.02475868,0.00187703,-0.42153147,0.03354521,0.24659184,-0.06485156,-0.04131268,-0.01134280,-0.40369402,0.04784442,0.25223704,-0.09251081,-0.40908432,-0.71334736,-0.32609356,0.38798943,0.58693496,0.10943681,-0.35570861,-0.44360094,0.11037505,0.31317256,0.28747771,-0.32700475,-0.26160759,-0.12306636,0.53420674,0.20250035,-0.04489305,-0.72600731,-0.04161309,0.02264666,-0.99887755,-0.01980563,0.03499677,0.36237819,0.00785751,-0.12306170,-0.10136915
10404060000000,synthetic_50hz_05,203,0.02,105.29958288,105.58016966,18.30607431,18.26894612,18.23715192,2.34518217,123.40012601,1,1,0,0,1,0.59865618,-0.19815680,0.36015045,-0.02159183,-0.11191783,-0.18280252,0.03064856,0.12466852,0.18323893,-0.03882168,-0.13382495,-0.17839248,0.04587555,0.13912315,0.16840289,-0.05160681,-0.14041036,-0.15355817,0.05585021,0.13764948,0.13428629,-0.01397854,0.01426331,-0.42373644,0.02345822,0.23783253,-0.05695773,-0.03219820,-0.00647093,-0.41706917,0.03995151,0.25139829,-0.07402059,-0.04650077,-0.01246928,-0.39008303,0.05166438,0.24965111,-0.11017095,-0.39068885,-0.59904663,-0.12809827,0.35928282,0.45681494,-0.09195961,-0.31751850,-0.30141307,0.30936625,0.26659997,0.13732132,-0.51785373,-0.20799524,0.03072947,0.71141123,0.14339390,-0.19789431,-0.88445842,-0.04190181,0.02315348,-0.99885389,-0.01961025,0.03500000,0.36015045,0.00756865,-0.11895479,-0.10337273
10404080000000,synthetic_50hz_05,204,0.02,105.31304651,105.52674503,18.27712691,18.23715192,18.19923615,2.35805414,123.38290661,1,1,0,0,1,0.59877863,-0.20011995,0.35788375,-0.02991506,-0.12378494,-0.18353601,0.03818016,0.13327146,0.17914124,-0.04534451,-0.13891571,-0.16958176,0.05120155,0.14055494,0.15513314,-0.05558243,-0.13814192,-0.13621197,0.05836084,0.13174619,0.11336375,-0.02228669,0.00236459,-0.42451918,0.03096822,0.24646137,-0.06100583,-0.03869334,-0.01158135,-0.40830738,0.04524429,0.25284313,-0.08724302,-0.05043830,-0.01020699,-0.37278158,0.05413281,0.24374697,-0.13105222,-0.36285605,-0.47028088,0.07297942,0.32189825,0.31566701,-0.29112196,-0.27165996,-0.15195230,0.50087131,0.21358959,-0.01614326,-0.69618031,-0.14936134,0.18377340,0.87141811,0.08082693,-0.34610527,-1.02153251,-0.04219011,0.02365151,-0.99883011,-0.01940852,0.03499637,0.35788375,0.00727943,-0.11479542,-0.10536513
10404100000000,synthetic_50hz_05,205,0.02,105.04107175,105.42961037,18.24441279,18.19923615,18.16687776,2.37090795,123.36476021,1,1,0,0,1,0.59889526,-0.20199486,0.35557835,-0.03750946,-0.13266542,-0.17986305,0.04478555,0.13866429,0.17074886,-0.05077046,-0.14066541,-0.15671189,0.05529164,0.13861108,0.13815685,-0.05821873,-0.13256052,-0.11561868,0.05946735,0.12268819,0.08974718,-0.02986628,-0.00654773,-0.42089542,0.03755228,0.25188036,-0.06934862,-0.04409187,-0.01335100,-0.39548651,0.04930139,0.25091260,-0.10417190,-0.05303672,-0.00463206,-0.35223316,0.05519729,0.23468843,-0.15462735,-0.32631176,-0.33025539,0.27223630,0.27678972,0.16697937,-0.48322137,-0.21928770,0.00111074,0.68027494,0.15546351,-0.16916883,-0.85771587,-0.08715724,0.33234971,1.01042845,0.01633818,-0.48594879,-1.13400990,-0.04247795,0.02414059,-0.99880624,-0.01920051,0.03498588,0.35557835,0.00698985,-0.11058543,-0.10734613
10404120000000,synthetic_50hz_05,206,0.02,104.97804915,105.33929813,18.21184808,18.16687776,18.13065368,2.38374276,123.34568079,1,1,0,0,1,0.59900607,-0.20378070,0.35323449,-0.04419687,-0.13836553,-0.17190228,0.05031180,0.14073889,0.15829343,-0.05497621,-0.13905468,-0.14012090,0.05805564,0.13336146,0.11790862,-0.05946129,-0.12382337,-0.09229698,0.05915265,0.11071539,0.06402438,-0.03653920,-0.01227992,-0.41298382,0.04305747,0.25398137,-0.08175446,-0.04827043,-0.01176050,-0.37894456,0.05203262,0.24567662,-0.12437264,-0.05424159,0.00409833,-0.32895647,0.05484073,0.22271540,-0.18030853,-0.28199049,-0.18242126,0.46486604,0.22509301,0.01439074,-0.66365528,-0.16170598,0.15405467,0.84331102,0.09365690,-0.31805861,-0.99865372,-0.02290764,0.47289277,1.12520477,-0.04850205,-0.61409321,-1.21931563,-0.04276527,0.02462055,-0.99878229,-0.01898627,0.03496853,0.35323449,0.00669993,-0.10632668,-0.10931552
10404140000000,synthetic_50hz_05,207,0.02,104.66378927,105.20419636,18.17774643,18.13065368,18.10053338,2.39655771,123.32566262,1,1,0,0,1,0.59911104,-0.20547667,0.35085242,-0.04982372,-0.14077220,-0.15987631,0.05463441,0.13947012,0.14210365,-0.05786997,-0.13414704,-0.12023408,0.05943711,0.12495644,0.09489810,-0.05929065,-0.11216329,-0.06682617,0.05743482,0.09613642,0.03682760,-0.04215184,-0.01471891,-0.40100697,0.04735932,0.25273928,-0.09789463,-0.05113728,-0.00687337,-0.35910682,0.05338157,0.23728553,-0.14733557,-0.05403347,0.01575133,-0.30353078,0.05308121,0.20813650,-0.20746353,-0.23100809,-0.03038269,0.64628133,0.16809352,-0.13840574,-0.82816223,-0.10033273,0.30320388,0.98616683,0.02967931,-0.45926050,-1.11573978,0.04182978,0.60207643,1.21314543,-0.11213290,-0.72753422,-1.27557554,-0.04305201,0.02509121,-0.99875829,-0.01876588,0.03494433,0.35085242,0.00640968,-0.10202103,-0.11127309
10404160000000,synthetic_50hz_05,208,0.02,104.12807539,104.98897216,18.14531695,18.10053338,18.08338151,2.40935227,123.30470031,1,1,0,0,1,0.59921018,-0.20708202,0.34843241,-0.05426442,-0.13985444,-0.14410419,0.05766004,0.13491494,0.12259514,-0.05939329,-0.12608578,-0.09755162,0.05941421,0.11362151,0.06969563,-0.05772219,-0.09788148,-0.03983029,0.05436601,0.07931947,0.00881662,-0.04657863,-0.01383369,-0.38528393,0.05036446,0.24821104,-0.11735354,-0.05263394,0.00116709,-0.33647348,0.05332637,0.22596483,-0.17249037,-0.05242772,0.03002576,-0.27658016,0.04997087,0.19131995,-0.23543257,-0.17463002,0.12219788,0.81222761,0.10719082,-0.28775800,-0.97292518,-0.03666126,0.44502191,1.10557287,-0.03492526,-0.58945564,-1.20634637,0.10550487,0.71689509,1.27234034,-0.17304272,-0.82366612,-1.30165215,-0.04333812,0.02555242,-0.99873425,-0.01853941,0.03491328,0.34843241,0.00611911,-0.09767039,-0.11321862
10404180000000,synthetic_50hz_05,209,0.02,103.98143194,104.78746412,18.11930406,18.08338151,18.06151062,2.42212685,123.28278881,1,1,0,0,1,0.59930347,-0.20859606,0.34597471,-0.05742403,-0.13566250,-0.12499143,0.05932818,0.12720940,0.10025818,-0.05952187,-0.11508880,-0.07263444,0.05799952,0.09965014,0.04291662,-0.05480502,-0.08133851,-0.01196149,0.05003046,0.06068186,-0.01933850,-0.04972462,-0.00967452,-0.36622020,0.05201239,0.24053269,-0.13964091,-0.05273612,0.01214300,-0.31160547,0.05187962,0.21200798,-0.19922163,-0.04947346,0.04656104,-0.24875675,0.04559396,0.17268302,-0.26354558,-0.11423641,0.27169412,0.95888519,0.04386090,-0.43014717,-1.09466040,0.02777914,0.57619887,1.19887603,-0.09861829,-0.70563849,-1.26852752,0.16661424,0.81473423,1.30160676,-0.22980662,-0.90034079,-1.29716007,-0.04362354,0.02600402,-0.99871020,-0.01830694,0.03487539,0.34597471,0.00582825,-0.09327669,-0.11515191
10404200000000,synthetic_50hz_05,210,0.02,103.70431596,104.57083449,18.09503082,18.06151062,18.04053392,2.43488197,123.25992339,1,1,0,0,1,0.59939092,-0.21001811,0.34347958,-0.05924000,-0.12832490,-0.10301796,0.05961205,0.11656350,0.07564383,-0.05826546,-0.10144153,-0.04608885,0.05523905,0.08339494,0.01520510,-0.05062008,-0.06294404,0.01611701,0.04454170,0.04067844,-0.04697447,-0.05152727,-0.00236993,-0.34429573,0.05227632,0.22991425,-0.16420566,-0.05145357,0.02576893,-0.28510909,0.04908733,0.19576760,-0.22688531,-0.04525165,0.06494752,-0.22072376,0.04006401,0.15268060,-0.29113928,-0.05128488,0.41460683,1.08295727,-0.02038267,-0.56227407,-1.19068999,0.09146258,0.69373068,1.26409456,-0.15990558,-0.80518671,-1.30105469,0.22373843,0.89342883,1.30050481,-0.28112080,-0.95591299,-1.26246077,-0.04390822,0.02644584,-0.99868615,-0.01806853,0.03483067,0.34347958,0.00553710,-0.08884185,-0.11707274
10404220000000,synthetic_50hz_05,211,0.02,104.06470374,104.46960834,18.07214212,18.04053392,17.99577907,2.44761826,123.23609963,1,1,0,0,1,0.59947252,-0.21134754,0.34094731,-0.05968299,-0.11804355,-0.07872457,0.05851848,0.10325437,0.04934883,-0.05566686,-0.08548832,-0.01855034,0.05121033,0.06525760,-0.01278296,-0.04527739,-0.04314547,0.04374773,0.03803908,0.01978944,-0.07345123,-0.05195724,0.00787819,-0.32005127,0.05116311,0.21663282,-0.19045107,-0.04882908,0.04170052,-0.25761983,0.04502702,0.17764536,-0.25482546,-0.03987229,0.08473781,-0.19313867,0.03352038,0.13179291,-0.31757361,0.01272779,0.54764922,1.18174182,-0.08402762,-0.68113744,-1.25899646,0.15290491,0.79498816,1.29995365,-0.21737387,-0.88591899,-1.30343257,0.27557584,0.95130837,1.26933292,-0.32583283,-0.98927108,-1.19863781,-0.04419210,0.02687775,-0.99866213,-0.01782427,0.03477911,0.34094731,0.00524568,-0.08436783,-0.11898092
10404240000000,synthetic_50hz_05,212,0.02,103.68475781,104.31263823,18.04006964,17.99577907,17.95988570,2.46033507,123.21131349,1,1,0,0,1,0.59954827,-0.21258378,0.33837816,-0.05875689,-0.10508694,-0.05269798,0.05608700,0.08761776,0.02199972,-0.05180009,-0.06762252,0.00933282,0.04601976,0.04567769,-0.04039628,-0.03891266,-0.02241596,0.07029510,0.03068369,-0.00149204,-0.09816727,-0.05101841,0.02080133,-0.29407357,0.04871226,0.20102418,-0.21775061,-0.04493670,0.05954441,-0.22978595,0.03980509,0.15808086,-0.28239078,-0.03347110,0.10545873,-0.16663705,0.02612414,0.11051304,-0.34224708,0.07630389,0.66782426,1.25318570,-0.14560070,-0.78410230,-1.29825830,0.21069979,0.87777431,1.30590151,-0.26972430,-0.94613967,-1.27589497,0.32097253,0.98722739,1.20910378,-0.36296697,-0.99985288,-1.10745357,-0.04447512,0.02729958,-0.99863816,-0.01757424,0.03472074,0.33837816,0.00495400,-0.07985661,-0.12087622
10404260000000,synthetic_50hz_05,213,0.02,103.59120303,104.16835119,18.00639238,17.95988570,17.91996893,2.47303166,123.18556122,1,1,0,0,1,0.59961816,-0.21372627,0.33577242,-0.05649785,-0.08978197,-0.02555530,0.05238802,0.07003841,-0.00576339,-0.04676781,-0.04827561,0.03691592,0.03979927,0.02512099,-0.06700415,-0.03168329,-0.00124213,0.09516062,0.02265387,-0.02267254,-0.12057356,-0.04874694,0.03607261,-0.26697972,0.04499420,0.18347304,-0.24546414,-0.03987907,0.07886915,-0.20225216,0.03355348,0.13753985,-0.30895058,-0.02620547,0.12662365,-0.14181739,0.01805366,0.08933446,-0.36461062,0.13798192,0.77249212,1.29592028,-0.20370328,-0.86895654,-1.30786629,0.26355177,0.94036854,1.28210590,-0.31580195,-0.98466927,-1.21938180,0.35894741,1.00058153,1.12150235,-0.39174424,-0.98764656,-0.99128947,-0.04475724,0.02771120,-0.99861425,-0.01731851,0.03465557,0.33577242,0.00466208,-0.07531017,-0.12275845
10404280000000,synthetic_50hz_05,214,0.02,103.87632442,104.10994584,17.97009453,17.91996893,17.86223202,2.48570710,123.15883943,1,1,0,0,1,0.59968218,-0.21477451,0.33313035,-0.05297258,-0.07250439,0.00207188,0.04752033,0.05093928,-0.03330275,-0.04069805,-0.02790558,0.06357349,0.03270243,0.00406734,-0.09201138,-0.02376398,0.01988816,0.11779653,0.01414040,-0.04327028,-0.14018556,-0.04520954,0.05331628,-0.23940133,0.04010772,0.16440238,-0.27295394,-0.03378423,0.09921673,-0.17564394,0.02642577,0.11650218,-0.33390966,-0.01825012,0.14774475,-0.11922746,0.00949970,0.06873895,-0.38417972,0.19637172,0.85942627,1.30927802,-0.25704391,-0.93395490,-1.28792073,0.31030541,0.98155717,1.22943209,-0.35462066,-1.00086069,-1.13549834,0.38871203,0.99130893,1.00882765,-0.41159666,-0.95317727,-0.85307198,-0.04503840,0.02811246,-0.99859042,-0.01705717,0.03458360,0.33313035,0.00436993,-0.07073052,-0.12462740
10404300000000,synthetic_50hz_05,215,0.02,103.88779464,104.06551560,17.92479228,17.86223202,17.80044284,2.49835948,123.13114507,1,1,0,0,1,0.59974034,-0.21572803,0.33045226,-0.04827590,-0.05366836,0.02955318,0.04160796,0.03077033,-0.05999844,-0.03374044,-0.00698518,0.08871392,0.02490017,-0.01700136,-0.11487174,-0.01534201,0.04049775,0.13771775,0.00534153,-0.06282656,-0.15659329,-0.04050103,0.07211817,-0.21196875,0.03417683,0.14426214,-0.29960009,-0.02680179,0.12011441,-0.15055289,0.01859287,0.09544976,-0.35672180,-0.00979232,0.16834483,-0.09935235,0.00066052,0.04918521,-0.40054440,0.25018648,0.92685702,1.29329044,-0.30446711,-0.97784932,-1.23921045,0.34996980,1.00064977,1.14940345,-0.38538271,-0.99460102,-1.02645861,0.40968485,0.95987746,0.87392049,-0.42217559,-0.89748019,-0.69618683,-0.04531855,0.02850323,-0.99856670,-0.01679030,0.03450485,0.33045226,0.00407757,-0.06611968,-0.12648287
10404320000000,synthetic_50hz_05,216,0.02,104.48117436,104.14864735,17.87256552,17.80044284,17.71311963,2.51098637,123.10247543,1,1,0,0,1,0.59979264,-0.21658643,0.32773842,-0.04252770,-0.03371545,0.05627461,0.03479643,0.00999688,-0.08526278,-0.02606197,0.01400992,0.11179280,0.01657612,-0.03761280,-0.13509977,-0.00661238,0.06013128,0.15451175,-0.00354200,-0.08091615,-0.16946909,-0.03474129,0.09203671,-0.18529598,0.02734708,0.12351766,-0.32481490,-0.01909877,0.14108650,-0.12752342,0.01023844,0.07485489,-0.37690154,-0.00102707,0.18796857,-0.08260455,-0.00826315,0.03109845,-0.41337699,0.29827115,0.97350188,1.24866819,-0.34497756,-0.99990561,-1.16317480,0.38173810,0.99748160,1.04414654,-0.40749295,-0.96629973,-0.89501504,0.42149960,0.90725899,0.72007985,-0.42335421,-0.82206154,-0.52438441,-0.04559762,0.02888338,-0.99854311,-0.01651799,0.03441934,0.32773842,0.00378500,-0.06147968,-0.12832466
10404340000000,synthetic_50hz_05,217,0.02,104.22561611,104.16404110,17.80559824,17.71311963,17.63746247,2.52358393,123.07282814,1,1,0,0,1,0.59983906,-0.21734931,0.32498914,-0.03586930,-0.01310326,0.08165270,0.02724871,-0.01091194,-0.10855341,-0.01784252,0.03461254,0.13232448,0.00792193,-0.05731524,-0.15228057,0.00222706,0.07836551,0.16784634,-0.01231184,-0.09715648,-0.17857302,-0.02807166,0.11261433,-0.15996650,0.01978141,0.10263806,-0.34805601,-0.01085503,0.16166585,-0.10704117,0.00155410,0.05516930,-0.39403398,0.00784777,0.20619270,-0.06931628,-0.01707294,0.01486128,-0.42243757,0.33962639,0.99858246,1.17676457,-0.37775949,-0.99990636,-1.06185047,0.40500162,0.97240249,0.91632273,-0.42056736,-0.91686380,-0.74437697,0.42400794,0.83489150,0.55097047,-0.41522418,-0.72884889,-0.34167925,-0.04587557,0.02925277,-0.99851966,-0.01624033,0.03432709,0.32498914,0.00349225,-0.05681257,-0.13015257
10404360000000,synthetic_50hz_05,218,0.02,104.00484440,104.13220176,17.73498122,17.63746247,17.56966072,2.53614854,123.04220119,1,1,0,0,1,0.59987962,-0.21801634,0.32220470,-0.02845948,0.00770593,0.10514741,0.01914077,-0.03149437,-0.12938472,-0.00927022,0.05437481,0.14989182,-0.00086759,-0.07568761,-0.16607746,0.01098039,0.09481829,0.17747501,-0.02077662,-0.11121532,-0.18375587,-0.02065090,0.13338871,-0.13652033,0.01165582,0.08208510,-0.36883783,-0.00225871,0.18140459,-0.08952328,-0.00726532,0.03681408,-0.40778244,0.01663629,0.22263507,-0.05973405,-0.02557749,0.00080589,-0.42757692,0.37342771,1.00182794,1.07952413,-0.40219075,-0.97814068,-0.93780519,0.41935844,0.92625317,0.76904889,-0.42443584,-0.84766134,-0.57812056,0.41727654,0.74463105,0.37052473,-0.39808698,-0.62013269,-0.15224651,-0.04615234,0.02961129,-0.99849637,-0.01595741,0.03422811,0.32220470,0.00319933,-0.05212041,-0.13196640
10404380000000,synthetic_50hz_05,219,0.02,103.88774482,104.08331037,17.66554661,17.56966072,17.50405595,2.54867737,123.01059287,1,1,0,0,1,0.59991430,-0.21858724,0.31938542,-0.02047018,0.02825604,0.12627340,0.01065709,-0.05130665,-0.14733748,-0.00053674,0.07287807,0.16415375,-0.00959908,-0.09234837,-0.17623740,0.01945815,0.10915624,0.18324004,-0.02875624,-0.12281707,-0.18495978,-0.01265097,0.15390381,-0.11544282,0.00315477,0.06230253,-0.38674112,0.00649851,0.19988403,-0.07531082,-0.01602646,0.02017074,-0.41789389,0.02514902,0.23696231,-0.05401555,-0.03359669,-0.01079209,-0.42873718,0.39903957,0.98346578,0.95941846,-0.41785146,-0.93538176,-0.79406068,0.42461649,0.86033025,0.60580976,-0.41913963,-0.76047501,-0.40009306,0.40157878,0.63869493,0.18284149,-0.37244023,-0.49850098,0.03968148,-0.04642788,0.02995881,-0.99847326,-0.01566932,0.03412242,0.31938542,0.00290626,-0.04740526,-0.13376596
10404400000000,synthetic_50hz_05,220,0.02,103.26051033,103.91875037,17.59772053,17.50405595,17.45944992,2.56116833,122.97800188,1,1,0,0,1,0.59994310,-0.21906174,0.31653159,-0.01208213,0.04810769,0.14460950,0.00198608,-0.06993273,-0.16206636,0.00816723,0.08974157,0.17485076,-0.01808508,-0.10696312,-0.18259415,0.02748152,0.12110087,0.18507325,-0.03608566,-0.13174723,-0.18221661,-0.00425258,0.17372022,-0.09715513,-0.00553331,0.04370641,-0.40142054,0.01522597,0.21672345,-0.06466331,-0.02454187,0.00557372,-0.42420208,0.03320714,0.24889594,-0.05222898,-0.04096551,-0.01971819,-0.42595021,0.41602409,0.94420033,0.81937148,-0.42452734,-0.87285316,-0.63400740,0.42079126,0.77634122,0.43036459,-0.40492358,-0.65744701,-0.21431417,0.37738176,0.51959830,-0.00791503,-0.33895985,-0.36676932,0.22991603,-0.04670213,0.03029522,-0.99845036,-0.01537616,0.03401004,0.31653159,0.00261304,-0.04266921,-0.13555106
10404420000000,synthetic_50hz_05,221,0.02,102.71809694,103.67861968,17.53964687,17.45944992,17.42827462,2.57362091,122.94442722,1,1,0,0,1,0.59996603,-0.21943964,0.31364353,-0.00348033,0.06684766,0.15980624,-0.00668438,-0.08699286,-0.17330538,0.01665637,0.10463001,0.18180805,-0.02614816,-0.11925063,-0.18506911,0.03488608,0.13043320,0.18299454,-0.04261821,-0.13785532,-0.17564415,0.00435926,0.19242474,-0.08200673,-0.01422056,0.02667648,-0.41261014,0.02373831,0.23158755,-0.05775554,-0.03263411,-0.00669579,-0.42662843,0.04064623,0.25821696,-0.05435444,-0.04753727,-0.02582190,-0.41933381,0.42414467,0.88518071,0.66267670,-0.42220785,-0.79218555,-0.46131382,0.40809858,0.67635131,0.24665105,-0.38222364,-0.54101754,-0.02487721,0.34532901,0.39008599,-0.19761384,-0.29847839,-0.22790807,0.41440760,-0.04697504,0.03062040,-0.99842767,-0.01507801,0.03389099,0.31364353,0.00231969,-0.03791435,-0.13732149
10404440000000,synthetic_50hz_05,222,0.02,101.82825203,103.30854615,17.49287053,17.42827462,17.42089405,2.58603613,122.90986825,1,1,0,0,1,0.59998307,-0.21972076,0.31072154,0.00515025,0.08409740,0.17159128,-0.01517119,-0.10215100,-0.18087123,0.02475473,0.11725954,0.18493658,-0.03362458,-0.12898744,-0.18367011,0.04152502,0.13699656,0.17710836,-0.04822828,-0.14105601,-0.16544049,0.01299957,0.20963881,-0.07026996,-0.02272387,0.01154878,-0.42012659,0.03185960,0.24419246,-0.05467655,-0.04013945,-0.01641430,-0.42518076,0.04731948,0.26476872,-0.06028747,-0.05318636,-0.02901791,-0.40908607,0.42336444,0.80795919,0.49290905,-0.41107940,-0.69536534,-0.27983280,0.38694274,0.56272378,0.05868884,-0.35165035,-0.41385863,0.16414715,0.30621971,0.25306175,-0.38225070,-0.25196062,-0.08496897,0.58933379,-0.04724656,0.03093425,-0.99840521,-0.01477498,0.03376530,0.31072154,0.00202623,-0.03314276,-0.13907707
10404460000000,synthetic_50hz_05,223,0.02,101.43158757,102.93315443,17.46264041,17.42089405,17.41364119,2.59841690,122.87432469,1,1,0,0,1,0.59999424,-0.21990500,0.30776594,0.01362887,0.09952031,0.17977281,-0.02329999,-0.11512082,-0.18466438,0.03229936,0.12740233,0.18423199,-0.04036752,-0.13601078,-0.17848811,0.04727187,0.14069798,0.16759833,-0.05281335,-0.14132878,-0.15187662,0.02148762,0.22502584,-0.06213664,-0.03086888,-0.00139034,-0.42387037,0.03942689,0.25431037,-0.05543069,-0.04691105,-0.02341907,-0.41995001,0.05310042,0.26845823,-0.06984444,-0.05781026,-0.02928569,-0.39547798,0.41384007,0.71444164,0.31383384,-0.39151415,-0.58467699,-0.09350766,0.35790070,0.43805584,-0.12951439,-0.31396880,-0.27880534,0.34880248,0.26098504,0.11151674,-0.55803443,-0.20047695,0.05898693,0.75117799,-0.04751664,0.03123667,-0.99838301,-0.01446716,0.03363300,0.30776594,0.00173267,-0.02835655,-0.14081760
10404480000000,synthetic_50hz_05,224,0.02,101.36964944,102.62045344,17.44206074,17.41364119,17.39357907,2.61076684,122.83779660,1,1,0,0,1,0.59999953,-0.21999226,0.30477706,0.02178285,0.11282770,0.18424079,-0.03090872,-0.12567020,-0.18466823,0.03914347,0.13488956,0.17977160,-0.04624969,-0.14022000,-0.16969207,0.05202252,0.14150783,0.15472024,-0.05629551,-0.13871593,-0.13528776,0.02965073,0.23829714,-0.05771679,-0.03849352,-0.01190879,-0.42382488,0.04629339,0.26177245,-0.05994064,-0.05282163,-0.02760943,-0.41110519,0.05788493,0.26925589,-0.08276958,-0.06133106,-0.02666754,-0.37884476,0.39591116,0.60683191,0.12931529,-0.36405490,-0.46264094,0.09371959,0.32170278,0.30511181,-0.31405250,-0.27007582,-0.13878617,0.52533112,0.21066244,-0.03154075,-0.72146420,-0.14517556,0.20095833,0.89679714,-0.04778522,0.03152755,-0.99836109,-0.01415465,0.03349410,0.30477706,0.00143902,-0.02355785,-0.14254291
10404500000000,synthetic_50hz_05,225,0.02,100.94089923,102.28454259,17.42169843,17.39357907,17.37697978,2.62308891,122.80028438,1,1,0,0,1,0.59999894,-0.21998251,0.30175521,0.02945112,0.12378330,0.18496634,-0.03785070,-0.13362433,-0.18094635,0.04515903,0.13961291,0.17170958,-0.05116540,-0.14157638,-0.15752235,0.05569665,0.13945815,0.13879368,-0.05862214,-0.13331927,-0.11606352,0.03732782,0.24921643,-0.05703929,-0.04545113,-0.01983175,-0.42005369,0.05233106,0.26647039,-0.06805223,-0.05776549,-0.02894666,-0.39888662,0.06159270,0.26719370,-0.09874328,-0.06369613,-0.02126528,-0.35957603,0.37008581,0.48757174,-0.05677286,-0.32939660,-0.33194874,0.27799565,0.27921074,0.16675550,-0.49120369,-0.22097509,0.00324539,0.69025010,0.15636864,-0.17315270,-0.86939628,-0.08725400,0.33806794,1.02347735,-0.04805224,0.03180680,-0.99833944,-0.01383755,0.03334864,0.30175521,0.00114531,-0.01874875,-0.14425280
10404520000000,synthetic_50hz_05,226,0.02,100.81428617,101.99049131,17.40291660,17.37697978,17.35138905,2.63538579,122.76178880,1,1,0,0,1,0.59999247,-0.21987574,0.29870073,0.03648722,0.13220638,0.18199917,-0.04399727,-0.13886727,-0.17363793,0.05023886,0.14152455,0.16027063,-0.05503204,-0.14010161,-0.14228265,0.05823862,0.13463948,0.12019259,-0.05976616,-0.12529563,-0.09463733,0.04437244,0.25760300,-0.06005443,-0.05161303,-0.02504329,-0.41269601,0.05743273,0.26835635,-0.07954076,-0.06166004,-0.02745246,-0.38359801,0.06416808,0.26236224,-0.11739161,-0.06487840,-0.01323574,-0.33810521,0.33702303,0.35927801,-0.24063273,-0.28836526,-0.19539749,0.45563702,0.23139378,0.02588357,-0.65750507,-0.16775110,0.14437659,0.84041695,0.09927209,-0.31047431,-0.99909921,-0.02793102,0.46762090,1.12897698,-0.04831767,0.03207434,-0.99831811,-0.01351598,0.03319664,0.29870073,0.00085154,-0.01393139,-0.14594708
10404540000000,synthetic_50hz_05,227,0.02,100.45356501,101.68310605,17.38127503,17.35138905,17.32715013,2.64765926,122.72231097,1,1,0,0,1,0.59998012,-0.21967202,0.29561394,0.04276190,0.13797345,0.17546343,-0.04923979,-0.14134210,-0.16295187,0.05429808,0.14063580,0.14574233,-0.05779092,-0.13587489,-0.12433097,0.05961763,0.12719665,0.09933510,-0.05972553,-0.11485127,-0.07147534,0.05065535,0.26333336,-0.06663808,-0.05687060,-0.02748648,-0.40196070,0.06151351,0.26744166,-0.09411865,-0.06444656,-0.02320602,-0.36559739,0.06558027,0.25490632,-0.13829644,-0.06487583,-0.00278517,-0.31489846,0.29751248,0.22467912,-0.41862159,-0.24189487,-0.05582502,0.62320314,0.17930332,-0.11463854,-0.80981746,-0.11154237,0.28179702,0.97308435,0.04056560,-0.44083115,-1.10829678,0.03158069,0.58715592,1.21155649,-0.04858144,0.03233007,-0.99829709,-0.01319002,0.03303813,0.29561394,0.00055772,-0.00910788,-0.14762559
10404560000000,synthetic_50hz_05,228,0.02,100.62289241,101.47106332,17.35854257,17.32715013,17.28340593,2.65991069,122.68185234,1,1,0,0,1,0.59996189,-0.21937143,0.29249517,0.04816517,0.14101853,0.16555198,-0.05349117,-0.14104975,-0.14915941,0.05727500,0.13701444,0.12846650,-0.05940756,-0.12902894,-0.10406984,0.05982737,0.11732348,0.07667280,-0.05852233,-0.10223552,-0.04706524,0.05606653,0.26634151,-0.07659734,-0.06113672,-0.02716225,-0.38811905,0.06451171,0.26379411,-0.11144408,-0.06609059,-0.01634008,-0.34528725,0.06582296,0.24501976,-0.16100616,-0.06371048,0.00983709,-0.29044346,0.25245223,0.08655203,-0.58732361,-0.19100304,0.08395253,0.77756027,0.12404713,-0.25203671,-0.94537950,-0.05351490,0.41285455,1.08594301,-0.01856020,-0.56176960,-1.19519827,0.09010020,0.69448857,1.26999541,-0.04884350,0.03257391,-0.99827641,-0.01285979,0.03287315,0.29249517,0.00026388,-0.00428035,-0.14928812
10404580000000,synthetic_50hz_05,229,0.02,100.61672285,101.30019523,17.32698518,17.28340593,17.23015977,2.67214006,122.64041472,1,1,0,0,1,0.59993778,-0.21897409,0.28934477,0.05260777,0.14133216,0.15251960,-0.05668677,-0.13804656,-0.13258593,0.05913147,0.13078101,0.10882976,-0.05987138,-0.11974499,-0.08193597,0.05888516,0.10525666,0.05267993,-0.05620127,-0.08773373,-0.02190510,0.06051674,0.26661801,-0.08967746,-0.06434677,-0.02412694,-0.37149641,0.06638918,0.25753421,-0.13113042,-0.06658154,-0.00703585,-0.32310434,0.06491348,0.23293926,-0.18504654,-0.06142707,0.02434571,-0.26523829,0.20282535,-0.05233845,-0.74361268,-0.13676599,0.22119939,0.91593500,0.06676360,-0.38368305,-1.06185048,0.00516361,0.53510495,1.17715232,-0.07694195,-0.67109953,-1.25851631,0.14650202,0.78774599,1.30359669,-0.04910380,0.03280579,-0.99825608,-0.01252539,0.03270173,0.28934477,-0.00002997,0.00054906,-0.15093451
10404600000000,synthetic_50hz_05,230,0.02,100.73535834,101.18722785,17.28631851,17.23015977,17.16384758,2.68434622,122.59800026,1,1,0,0,1,0.59990780,-0.21848019,0.28616307,0.05602219,0.13895919,0.13667498,-0.05878483,-0.13244077,-0.11360191,0.05985268,0.12210402,0.08725364,-0.05919494,-0.10824695,-0.05838982,0.05683059,0.09126907,0.02784258,-0.05282778,-0.07165986,0.00350736,0.06393847,0.26420771,-0.10556973,-0.06645899,-0.01848879,-0.35246327,0.06713112,0.24883050,-0.15275613,-0.06593199,0.00448275,-0.29950910,0.06289139,0.21893768,-0.20993148,-0.05809104,0.04042671,-0.23978067,0.14967573,-0.18929690,-0.88470550,-0.08029364,0.35331385,1.03595700,0.00859665,-0.50714459,-1.15734137,0.06334819,0.64635413,1.24535905,-0.13346667,-0.76692897,-1.29747245,0.19973725,0.86539289,1.31217912,-0.04936230,0.03302564,-0.99823611,-0.01218694,0.03252390,0.28616307,-0.00032382,0.00537823,-0.15256457
10404620000000,synthetic_50hz_05,231,0.02,100.44880097,101.03954247,17.23488072,17.16384758,17.10156386,2.69652686,122.55461148,1,1,0,0,1,0.59987194,-0.21788995,0.28295043,0.05836308,0.13399556,0.11837218,-0.05976630,-0.12438809,-0.09261337,0.05944643,0.11119445,0.06418449,-0.05741269,-0.09479502,-0.03390513,0.05372371,0.07566261,0.00264827,-0.04848586,-0.05434881,0.02868494,0.06628637,0.25920654,-0.12392010,-0.06745432,-0.01040353,-0.33142566,0.06674532,0.23789395,-0.17587489,-0.06417635,0.01795551,-0.27497528,0.05981678,0.20331695,-0.23517348,-0.05378637,0.05774518,-0.21455782,0.09408401,-0.32174982,-1.00820412,-0.02270527,0.47787610,1.13569048,-0.04932809,-0.62022500,-1.23043435,0.11993929,0.74469252,1.28970422,-0.18709258,-0.84769020,-1.31179133,0.24885191,0.92624859,1.29605887,-0.04961893,0.03323338,-0.99821652,-0.01184454,0.03233969,0.28295043,-0.00061766,0.01020503,-0.15417813
10404640000000,synthetic_50hz_05,232,0.02,100.68801516,100.96923701,17.17888764,17.10156386,17.02136967,2.70867953,122.51025121,1,1,0,0,1,0.59983020,-0.21720362,0.27970718,0.05960721,0.12658408,0.09800147,-0.05963425,-0.11408647,-0.07005222,0.05794201,0.09829969,0.04008333,-0.05457927,-0.07967889,-0.00895882,0.04964299,0.05876091,-0.02242398,-0.04327548,-0.03614882,0.05316028,0.06753719,0.25175733,-0.14433828,-0.06733584,-0.00006909,-0.30881548,0.06526106,0.22497195,-0.20002564,-0.06136929,0.03309276,-0.24997979,0.05576808,0.18640068,-0.26029349,-0.04861304,0.07595290,-0.19003708,0.03714396,-0.44729262,-1.11212779,0.03489367,0.59268949,1.21365447,-0.10592529,-0.72099886,-1.28019092,0.17390305,0.82852148,1.30981888,-0.23686709,-0.91215745,-1.30168414,0.29300215,0.96949550,1.25602124,-0.04987365,0.03342896,-0.99819733,-0.01149830,0.03214914,0.27970718,-0.00091147,0.01502732,-0.15577502
10404660000000,synthetic_50hz_05,233,0.02,100.45577196,100.86654400,17.11273009,17.02136967,16.94332436,2.72080093,122.46492266,1,1,0,0,1,0.59978260,-0.21642151,0.27643367,0.05975291,0.11690953,0.07597996,-0.05841281,-0.10177028,-0.04636642,0.05538864,0.08369694,0.01541612,-0.05076758,-0.06321058,0.01597864,0.04468288,0.04090184,-0.04691272,-0.03730994,-0.01741387,0.07649429,0.06768930,0.24204485,-0.16640718,-0.06612768,0.01228014,-0.28508070,0.06272757,0.21034171,-0.22474245,-0.05758370,0.04958245,-0.22499312,0.05083975,0.16852674,-0.28483009,-0.04268435,0.09469589,-0.16665753,-0.02006003,-0.56373026,-1.19493409,0.09143304,0.69581455,1.26883225,-0.16016998,-0.80783818,-1.30614938,0.22428916,0.89657145,1.30580961,-0.28194197,-0.95945616,-1.26782275,0.33146626,0.99467929,1.19328396,-0.05012641,0.03361231,-0.99817854,-0.01114833,0.03195230,0.27643367,-0.00120523,0.01984300,-0.15735505
10404680000000,synthetic_50hz_05,234,0.02,100.51392304,100.79601981,17.04157969,16.94332436,16.85419638,2.73288771,122.41862937,1,1,0,0,1,0.59972912,-0.21554395,0.27313027,0.05881920,0.10519316,0.05274224,-0.05614576,-0.08770410,-0.02201059,0.05185361,0.06768648,-0.00935564,-0.04606650,-0.04571743,0.04045215,0.03895127,0.02243033,-0.07038240,-0.03071306,0.00150346,0.09828349,0.06676167,0.23029035,-0.18969219,-0.06387360,0.02637959,-0.26067594,0.05921215,0.19430350,-0.24956380,-0.05290845,0.06709728,-0.20047036,0.04513970,0.15004008,-0.30834769,-0.03612410,0.11362156,-0.14482269,-0.07647395,-0.66911119,-1.25552949,0.14589762,0.78559569,1.30067034,-0.21111500,-0.87943110,-1.30831226,0.27024583,0.94791211,1.27823492,-0.32158535,-0.98906436,-1.21130548,0.36365341,1.00170143,1.10945353,-0.05037716,0.03378339,-0.99816017,-0.01079475,0.03174919,0.27313027,-0.00149893,0.02464992,-0.15891807
10404700000000,synthetic_50hz_05,235,0.02,100.17067354,100.67095055,16.96287870,16.85419638,16.76932501,2.74493619,122.37137521,1,1,0,0,1,0.59966978,-0.21457135,0.26979732,0.05684439,0.09168673,0.02873118,-0.05289477,-0.07217619,0.00256316,0.04742018,0.05058478,-0.03378361,-0.04057843,-0.02753498,0.06403005,0.03256679,0.00369134,-0.09243048,-0.02361624,0.02025872,0.11816610,0.06479265,0.21674559,-0.21375045,-0.06063530,0.04194100,-0.23605331,0.05479803,0.17717380,-0.27404134,-0.04744596,0.08530167,-0.17684317,0.03878654,0.13128565,-0.33044379,-0.02906371,0.13238546,-0.12489431,-0.13109329,-0.76175409,-1.29327004,0.19734435,0.86068040,1.30906803,-0.25790587,-0.93479290,-1.28712498,0.31103185,0.98195489,1.22807352,-0.35519064,-1.00080665,-1.13361612,0.38910911,0.99080470,1.00647605,-0.05062585,0.03394213,-0.99814223,-0.01043768,0.03153985,0.26979732,-0.00179256,0.02944597,-0.16046390
10404720000000,synthetic_50hz_05,236,0.02,100.20996333,100.57875311,16.88158615,16.76932501,16.67081474,2.75694303,122.32316443,1,1,0,0,1,0.59960458,-0.21350412,0.26643520,0.05388452,0.07666630,0.00438911,-0.04873742,-0.05549196,0.02691365,0.04218520,0.03271777,-0.05744048,-0.03441675,-0.00900030,0.08631127,0.02565606,-0.01497665,-0.11269367,-0.01615569,0.03852181,0.13582706,0.06183826,0.20168664,-0.23813962,-0.05649032,0.05865895,-0.21165400,0.04958209,0.15927853,-0.29774778,-0.04130959,0.10385857,-0.15451263,0.03190688,0.11260192,-0.35075506,-0.02163938,0.15065750,-0.10718747,-0.18298005,-0.84026758,-1.30795271,0.24491703,0.92003106,1.29435814,-0.29979293,-0.97326961,-1.24344661,0.34602567,0.99844835,1.15668595,-0.38228232,-0.99484135,-1.03657748,0.40751760,0.96255262,0.88658400,-0.05087243,0.03408851,-0.99812473,-0.01007722,0.03132434,0.26643520,-0.00208610,0.03422903,-0.16199237
10404740000000,synthetic_50hz_05,237,0.02,100.36241670,100.53548583,16.79306216,16.67081474,16.55423280,2.76890456,122.27400158,1,1,0,0,1,0.59953351,-0.21234275,0.26304426,0.05001146,0.06042595,-0.01985039,-0.04376497,-0.03796741,0.05061838,0.03625672,0.01441426,-0.07992703,-0.02770316,0.00955446,0.10693134,0.01835092,-0.03324772,-0.13085278,-0.00846960,0.05598243,0.15100166,0.05797037,0.18540757,-0.26242613,-0.05152996,0.07621745,-0.18790049,0.04367236,0.14094652,-0.32028389,-0.03462104,0.12243583,-0.13384321,0.02463257,0.09431481,-0.36896232,-0.01398930,0.16812737,-0.09196686,-0.23127728,-0.90356282,-1.29979848,0.28785843,0.96292965,1.25728029,-0.33614049,-0.99453478,-1.17851412,0.37473147,0.99746700,1.06577084,-0.40251876,-0.97164178,-0.92230089,0.41870125,0.91780368,0.75224057,-0.05111685,0.03422246,-0.99810768,-0.00971350,0.03110269,0.26304426,-0.00237954,0.03899700,-0.16350332
10404760000000,synthetic_50hz_05,238,0.02,99.64206031,100.35680072,16.69275383,16.55423280,16.45323071,2.78081630,122.22389157,1,1,0,0,1,0.59945659,-0.21108773,0.25962486,0.04531082,0.04327148,-0.04357009,-0.03808005,-0.01992283,0.07328046,0.02975143,-0.00400021,-0.10087813,-0.02056505,0.02780791,0.12556743,0.01078578,-0.05081390,-0.14663657,-0.00069554,0.07235490,0.16347810,0.05327459,0.16821420,-0.28619274,-0.04585682,0.09429621,-0.16518970,0.03718554,0.12250329,-0.34128453,-0.02750771,0.14071205,-0.11515773,0.01709802,0.07673231,-0.38479435,-0.00625104,0.18450939,-0.07944430,-0.27522117,-0.95085930,-1.26942789,0.32551965,0.98897591,1.19894769,-0.36643324,-0.99857989,-1.09390128,0.39678239,0.97939433,0.95731718,-0.41569213,-0.93197239,-0.79313318,0.42261726,0.85768124,0.60608278,-0.05135906,0.03434397,-0.99809110,-0.00934663,0.03087494,0.25962486,-0.00267286,0.04374778,-0.16499659
10404780000000,synthetic_50hz_05,239,0.02,99.32879119,100.15119882,16.59215412,16.45323071,16.34598726,2.79267454,122.17283965,1,1,0,0,1,0.59937381,-0.20973963,0.25617739,0.03987975,0.02551433,-0.06637590,-0.03179427,-0.00167677,0.09453455,0.02279215,-0.02220914,-0.11996772,-0.01313291,0.04545475,0.14194217,0.00309505,-0.06738988,-0.15982437,0.00703204,0.08738213,0.17309875,0.04784809,0.15041796,-0.30904536,-0.03958253,0.11257667,-0.14388696,0.03024444,0.10426534,-0.36042365,-0.02010008,0.15838193,-0.09873358,0.00943765,0.06013972,-0.39803044,0.00144096,0.19954646,-0.06977743,-0.31415057,-0.98168428,-1.21783048,0.35736675,0.99807928,1.12080879,-0.39027989,-0.98569919,-0.99147365,0.41194107,0.94490093,0.83355386,-0.42172580,-0.87686074,-0.65160233,0.41935197,0.78354024,0.45086480,-0.05159902,0.03445300,-0.99807499,-0.00897674,0.03064114,0.25617739,-0.00296605,0.04847926,-0.16647201
10404800000000,synthetic_50hz_05,240,0.02,99.25493387,99.97194583,16.48876404,16.34598726,16.22156663,2.80447588,122.12085140,1,1,0,0,1,0.59928518,-0.20829903,0.25270221,0.03382468,0.00746577,-0.08790275,-0.02502576,0.01645953,0.11405184,0.01550534,-0.03991030,-0.13691276,-0.00553788,0.06221044,0.15582643,-0.00458923,-0.08271702,-0.17024754,0.01458403,0.10083882,0.17976035,0.04179728,0.13233011,-0.33061891,-0.03282520,0.13074759,-0.12432107,0.02297552,0.08653493,-0.37741820,-0.01252929,0.17516093,-0.08479989,0.00178347,0.04479568,-0.40850199,0.00895759,0.21301331,-0.06306949,-0.34751385,-0.99586631,-1.14632898,0.38298482,0.99044549,1.02460478,-0.40741415,-0.95646967,-0.87334075,0.42009754,0.89491838,0.69689790,-0.42066932,-0.80756618,-0.50036315,0.40911301,0.69693147,0.28940271,-0.05183667,0.03454952,-0.99805937,-0.00860393,0.03040133,0.25270221,-0.00325910,0.05318936,-0.16792943
10404820000000,synthetic_50hz_05,241,0.02,99.17772572,99.81310180,16.37654113,16.22156663,16.08093779,2.81621643,122.06793272,1,1,0,0,1,0.59919071,-0.20676658,0.24919969,0.02725897,-0.01056860,-0.10781960,-0.01789682,0.03418725,0.13154408,0.00801870,-0.05682028,-0.15147608,0.00209061,0.07781514,0.16704096,-0.01213964,-0.09656656,-0.17778997,0.02183868,0.11253393,0.18341321,0.03523552,0.11425627,-0.35058236,-0.02570715,0.14851014,-0.10678030,0.01550649,0.06959545,-0.39203101,-0.00492478,0.19078922,-0.07353590,-0.00573708,0.03092894,-0.41609286,0.01617709,0.22471887,-0.05937018,-0.37487335,-0.99352349,-1.05653954,0.40207941,0.96655839,0.91232452,-0.41769335,-0.91172696,-0.74180676,0.42126498,0.83061001,0.54990237,-0.41269136,-0.72554620,-0.34214403,0.39221964,0.59956454,0.12452152,-0.05207197,0.03463352,-0.99804423,-0.00822834,0.03015557,0.24919969,-0.00355198,0.05787601,-0.16936868
10404840000000,synthetic_50hz_05,242,0.02,98.98966444,99.64841433,16.25238772,16.08093779,15.92984742,2.82789147,122.01408987,1,1,0,0,1,0.59909040,-0.20514295,0.24567023,0.02030064,-0.02829377,-0.12583347,-0.01053160,0.05122454,0.14676653,0.00045894,-0.07267848,-0.16346824,0.00962696,0.09203706,0.17545709,-0.01943531,-0.10874217,-0.18238743,0.02868332,0.12231220,0.18405945,0.02828082,0.09649144,-0.36864273,-0.01835252,0.16558248,-0.09150939,0.00796405,0.05370749,-0.40407264,0.00258787,0.20503499,-0.06507029,-0.01300313,0.01873585,-0.42073882,0.02298679,0.23450789,-0.05867739,-0.39590731,-0.97504715,-0.95032914,0.41447582,0.92715777,0.78615761,-0.42109480,-0.85253801,-0.59932079,0.41557342,0.75333918,0.39520527,-0.39807087,-0.63242123,-0.17969580,0.36909174,0.49327028,-0.04099439,-0.05230487,0.03470496,-0.99802959,-0.00785008,0.02990389,0.24567023,-0.00384470,0.06253713,-0.17078962
10404860000000,synthetic_50hz_05,243,0.02,98.64919127,99.44856972,16.11692079,15.92984742,15.77572970,2.83949574,121.95932942,1,1,0,0,1,0.59898426,-0.20342885,0.24211419,0.01307011,-0.04542986,-0.14169255,-0.00305390,0.06731043,0.15952000,-0.00705037,-0.08725041,-0.17274841,0.01695136,0.10467492,0.18099640,-0.02636364,-0.11908160,-0.18402618,0.03501585,0.13005510,0.18175040,0.02105363,0.07931551,-0.38454820,-0.01088510,0.18170365,-0.07870752,0.00047177,0.03910556,-0.41340225,0.00988884,0.21769697,-0.05948148,-0.01990209,0.00837866,-0.42242614,0.02928460,0.24226185,-0.06093978,-0.41040972,-0.94108157,-0.82977118,0.42011606,0.87321408,0.64844700,-0.41771026,-0.78017142,-0.44842778,0.40326168,0.66463605,0.23548019,-0.37718688,-0.52993892,-0.01574359,0.34023761,0.37996340,-0.20444691,-0.05253533,0.03476385,-0.99801546,-0.00746928,0.02964635,0.24211419,-0.00413722,0.06717068,-0.17219208
10404880000000,synthetic_50hz_05,244,0.02,98.15244826,99.18934543,15.97362054,15.77572970,15.62618644,2.85102392,121.90365825,1,1,0,0,1,0.59887228,-0.20162504,0.23853196,0.00568815,-0.06171596,-0.15518835,0.00441488,0.08220818,0.16965190,-0.01439063,-0.10033030,-0.17922429,0.02395148,0.11555985,0.18362957,-0.03282181,-0.12745775,-0.18274072,0.04074586,0.13568099,0.17658337,0.01367470,0.06298939,-0.39809028,-0.00342630,0.19663688,-0.06852729,-0.00685175,0.02599543,-0.41992756,0.01686580,0.22860629,-0.05679879,-0.02633114,-0.00001555,-0.42118931,0.03498012,0.24789910,-0.06606004,-0.41828792,-0.89250062,-0.69710044,0.41905405,0.80590057,0.50164203,-0.40773866,-0.69606603,-0.29172105,0.38466797,0.56616358,0.07338961,-0.35050712,-0.41993837,0.14705768,0.30624100,0.26160614,-0.36326523,-0.05276329,0.03481017,-0.99800183,-0.00708605,0.02938301,0.23853196,-0.00442954,0.07177461,-0.17357592
10404900000000,synthetic_50hz_05,245,0.02,97.23996421,98.79946918,15.82769821,15.62618644,15.49870432,2.86247132,121.84708361,1,1,0,0,1,0.59875448,-0.19973232,0.23492394,-0.00172618,-0.07691350,-0.16615698,0.01175756,0.09570792,0.17705644,-0.02144996,-0.11174304,-0.18285128,0.03052395,0.12455655,0.18337444,-0.03871791,-0.13377903,-0.17861082,0.04579562,0.13914461,0.16869777,0.00626309,0.04775164,-0.40910507,0.00390669,0.21017233,-0.06107448,-0.01389463,0.01455221,-0.42360395,0.02341537,0.23762765,-0.05700438,-0.03219838,-0.00635517,-0.41710810,0.03999561,0.25137436,-0.07389878,-0.41955853,-0.83038183,-0.55466808,0.41144914,0.72656387,0.34825269,-0.39147747,-0.60179873,-0.13179702,0.36021933,0.45968346,-0.08845842,-0.31857590,-0.30431529,0.30616357,0.26774778,0.14017358,-0.51504187,-0.05298872,0.03484392,-0.99798873,-0.00670054,0.02911390,0.23492394,-0.00472165,0.07634688,-0.17494098
10404920000000,synthetic_50hz_05,246,0.02,96.98499966,98.43657528,15.68952078,15.49870432,15.36781685,2.87383506,121.78961302,1,1,0,0,1,0.59863086,-0.19775152,0.23129050,-0.00905731,-0.09080896,-0.17447956,0.01886288,0.10762870,0.18167406,-0.02812463,-0.12134546,-0.18363082,0.03657553,0.13156377,0.18029341,-0.04397194,-0.13798904,-0.17175806,0.05010062,0.14043602,0.15827085,-0.00106562,0.03381580,-0.41747370,0.01100263,0.22212903,-0.05640867,-0.02055314,0.00491905,-0.42443284,0.02944434,0.24465980,-0.06003586,-0.03742379,-0.01058380,-0.41030408,0.04426656,0.25267772,-0.08427874,-0.41434172,-0.75597879,-0.40489785,0.39755827,0.63669350,0.19080599,-0.36931303,-0.49905204,0.02878689,0.33042032,0.34702267,-0.24754984,-0.28200145,-0.18498848,0.45917580,0.22545234,0.01762099,-0.65756352,-0.05321157,0.03486510,-0.99797615,-0.00631285,0.02883909,0.23129050,-0.00501352,0.08088549,-0.17628713
10404940000000,synthetic_50hz_05,247,0.02,96.11477239,97.97221470,15.55440513,15.36781685,15.26240962,2.88511319,121.73125436,1,1,0,0,1,0.59850143,-0.19568352,0.22763205,-0.01619479,-0.10321597,-0.18008191,0.02562696,0.11781992,0.18349005,-0.03432029,-0.12902706,-0.18160809,0.04202415,0.13651429,0.17449028,-0.04851644,-0.14006575,-0.16234184,0.05360997,0.13957905,0.14551301,-0.00820100,0.02136823,-0.42312199,0.01775763,0.23235637,-0.05454456,-0.02673293,-0.00279351,-0.42245945,0.03487062,0.24963551,-0.06578942,-0.04193991,-0.01267942,-0.40093666,0.04774208,0.25183300,-0.09698952,-0.40285409,-0.67069249,-0.25024394,0.37772701,0.53789112,0.03180496,-0.34170988,-0.38958209,0.18755097,0.29584110,0.23004123,-0.40149972,-0.24144308,-0.06386818,0.60387304,0.18008415,-0.10414622,-0.78883642,-0.05343179,0.03487372,-0.99796410,-0.00592311,0.02855862,0.22763205,-0.00530515,0.08538843,-0.17761420
10404960000000,synthetic_50hz_05,248,0.02,96.02052663,97.58187709,15.43176701,15.26240962,15.15307330,2.89630565,121.67201578,1,1,0,0,1,0.59836619,-0.19352922,0.22394898,-0.02303480,-0.11397689,-0.18293348,0.03195452,0.12616213,0.18253261,-0.03995298,-0.13471005,-0.17686923,0.04679957,0.13937422,0.16610663,-0.05229691,-0.14002017,-0.15055510,0.05628651,0.13662927,0.13066300,-0.01503920,0.01056657,-0.42601938,0.02407641,0.24073491,-0.05545396,-0.03235004,-0.00850771,-0.41776989,0.03962397,0.25252090,-0.07412350,-0.04569227,-0.01265303,-0.38919878,0.05038502,0.24889577,-0.11179237,-0.38540055,-0.57604213,-0.09315129,0.35237977,0.43183998,-0.12630908,-0.30919972,-0.27518768,0.34212790,0.25710529,0.11060158,-0.54808300,-0.19759840,0.05717320,0.73823662,0.13239466,-0.22329966,-0.90710654,-0.05364934,0.03486978,-0.99795258,-0.00553146,0.02827256,0.22394898,-0.00559651,0.08985371,-0.17892207
10404980000000,synthetic_50hz_05,249,0.02,95.91882591,97.24926685,15.31471565,15.15307330,15.04588483,2.90741313,121.61190578,1,1,0,0,1,0.59822515,-0.19128958,0.22024169,-0.02948131,-0.12296375,-0.18304573,0.03775989,0.13256736,0.17887033,-0.04494985,-0.13834899,-0.16953801,0.05084388,0.14014195,0.15531784,-0.05527205,-0.13789456,-0.13661978,0.05810671,0.13167160,0.11398291,-0.02148422,0.00153880,-0.42617733,0.02987331,0.24717669,-0.05906827,-0.03733162,-0.01217810,-0.41048794,0.04364648,0.25331435,-0.08486271,-0.04863955,-0.01054689,-0.37531236,0.05217185,0.24395094,-0.12842521,-0.36236524,-0.47363609,0.06398132,0.32200941,0.32027520,-0.28119076,-0.27236990,-0.15768062,0.49029334,0.21487783,-0.00945996,-0.68526053,-0.15119074,0.17632781,0.86047135,0.08314475,-0.33811205,-1.01087437,-0.05386417,0.03485331,-0.99794159,-0.00513802,0.02798096,0.22024169,-0.00588761,0.09427937,-0.18021058
10405000000000,synthetic_50hz_05,250,0.02,95.78760567,96.95693462,15.20180671,15.04588483,14.94599800,2.91843669,121.55093316,1,1,0,0,1,0.59807831,-0.18896559,0.21651058,-0.03544719,-0.13007874,-0.18046987,0.04296786,0.13697888,0.17260925,-0.04924975,-0.13992985,-0.15977221,0.05411175,0.13884658,0.14232887,-0.05741368,-0.13376030,-0.12078213,0.05906035,0.12481764,0.09575317,-0.02744892,-0.00561727,-0.42364706,0.03507311,0.25162496,-0.06528147,-0.04161653,-0.01379064,-0.40077137,0.04689284,0.25204496,-0.09780209,-0.05075357,-0.00643239,-0.35952367,0.05309234,0.23711013,-0.14660759,-0.33420189,-0.36514346,0.21883477,0.28716648,0.20495525,-0.43062094,-0.23185192,-0.03885809,0.62999211,0.16985296,-0.12835937,-0.81120032,-0.10295706,0.29187617,0.96902124,0.03309287,-0.44697804,-1.09890483,-0.05407625,0.03482432,-0.99793115,-0.00474291,0.02768387,0.21651058,-0.00617841,0.09866345,-0.18147960
10405020000000,synthetic_50hz_05,251,0.02,95.94049027,96.75364575,15.09436705,14.94599800,14.84487251,2.92937789,121.48910700,1,1,0,0,1,0.59792570,-0.18655826,0.21275604,-0.04085501,-0.13525415,-0.17529428,0.04751420,0.13937051,0.16388949,-0.05280354,-0.13946875,-0.14775968,0.05657052,0.13554604,0.12736990,-0.05870655,-0.12771548,-0.10330798,0.05915004,0.11620282,0.07626765,-0.03285586,-0.01083394,-0.41851693,0.03961158,0.25405355,-0.07395343,-0.04515562,-0.01336146,-0.38880804,0.04933037,0.24877066,-0.11271146,-0.05201909,-0.00040761,-0.34209853,0.05314911,0.22850874,-0.16604568,-0.30142376,-0.25226663,0.36919971,0.24844833,0.08763509,-0.57253305,-0.18831002,0.07952301,0.75935998,0.12274264,-0.24438843,-0.92429422,-0.05363653,0.40220802,1.06258062,-0.01701594,-0.54843176,-1.17023233,-0.05428552,0.03478283,-0.99792124,-0.00434626,0.02738136,0.21275604,-0.00646891,0.10300402,-0.18272900
10405040000000,synthetic_50hz_05,252,0.02,95.42959623,96.48883584,14.98957935,14.84487251,14.77091502,2.94023837,121.42643671,1,1,0,0,1,0.59776730,-0.18406867,0.20897850,-0.04563770,-0.13845193,-0.16764145,0.05134610,0.13974557,0.15288170,-0.05557417,-0.13701028,-0.13371429,0.05820001,0.13032491,0.11069184,-0.05914792,-0.11988222,-0.08447810,0.05839056,0.10598327,0.05582881,-0.03763799,-0.01407315,-0.41090943,0.04343592,0.25446577,-0.08491350,-0.04791185,-0.01093514,-0.37481180,0.05093891,0.24357604,-0.12933992,-0.05243337,0.00740532,-0.32331770,0.05235695,0.21830293,-0.18643700,-0.26459341,-0.13671529,0.51300289,0.20648831,-0.02995886,-0.70503526,-0.14243006,0.19576929,0.87674113,0.07426548,-0.35593559,-1.02317014,-0.00395979,0.50584011,1.14010068,-0.06646006,-0.64116102,-1.22416159,-0.05449195,0.03472889,-0.99791188,-0.00394820,0.02707348,0.20897850,-0.00675910,0.10729917,-0.18395863
10405060000000,synthetic_50hz_05,253,0.02,95.26596024,96.24426072,14.89774033,14.77091502,14.70772835,2.95102108,121.36293198,1,1,0,0,1,0.59760313,-0.18149790,0.20517836,-0.04973897,-0.13966284,-0.15766472,0.05442236,0.13813545,0.13978324,-0.05753672,-0.13262556,-0.11787173,0.05899227,0.12329201,0.09256193,-0.05874705,-0.11040389,-0.06458352,0.05680812,0.09433278,0.03474315,-0.04173899,-0.01532564,-0.40097791,0.04650491,0.25289302,-0.09796432,-0.04986028,-0.00658281,-0.35901835,0.05171049,0.23656990,-0.14742024,-0.05200566,0.01686304,-0.30347222,0.05074206,0.20666647,-0.20747505,-0.22431240,-0.02018207,0.64832969,0.16194510,-0.14615153,-0.82642866,-0.09490885,0.30827152,0.98070132,0.02513633,-0.46150389,-1.10669989,0.04536088,0.60143090,1.20079180,-0.11455032,-0.72401837,-1.26026431,-0.05469550,0.03466251,-0.99790306,-0.00354887,0.02676029,0.20517836,-0.00704895,0.11154701,-0.18516836
10405080000000,synthetic_50hz_05,254,0.02,95.26051484,96.04751155,14.81793530,14.70772835,14.64880867,2.96172996,121.29860280,1,1,0,0,1,0.59743320,-0.17884710,0.20135602,-0.05311359,-0.13890519,-0.14554478,0.05671337,0.13459789,0.12481428,-0.05867808,-0.12641006,-0.10048532,0.05895107,0.11457778,0.07325932,-0.05752448,-0.09944216,-0.04392122,0.05443943,0.08143958,0.01331685,-0.04511365,-0.01460976,-0.38890305,0.04878897,0.24939302,-0.11288573,-0.05098783,-0.00039993,-0.34168100,0.05164889,0.22788268,-0.16667325,-0.05075651,0.02780390,-0.28285906,0.04834114,0.19378759,-0.22885364,-0.18121123,0.09567985,0.77344285,0.11549252,-0.25933976,-0.93522142,-0.04644410,0.41552278,1.07003713,-0.02394332,-0.55972609,-1.17400317,0.09364045,0.68779223,1.24412215,-0.16063787,-0.79602900,-1.27837251,-0.05489611,0.03458373,-0.99789478,-0.00314839,0.02644186,0.20135602,-0.00733846,0.11574565,-0.18635806
10405100000000,synthetic_50hz_05,255,0.02,94.87229357,95.81246795,14.74690212,14.64880867,14.60908166,2.97236935,121.23345945,1,1,0,0,1,0.59725752,-0.17611742,0.19751190,-0.05572748,-0.13622343,-0.13148601,0.05820105,0.12921499,0.10821386,-0.05899666,-0.11848123,-0.08182184,0.05809137,0.10433160,0.05307087,-0.05551128,-0.08717403,-0.02278984,0.05133077,0.06750320,-0.00814824,-0.04772790,-0.01196992,-0.37488924,0.05027001,0.24404789,-0.12943869,-0.05129289,0.00749605,-0.32306654,0.05076907,0.21766378,-0.18681210,-0.04871700,0.04005086,-0.26177686,0.04520050,0.17986583,-0.25027095,-0.13593950,0.20927713,0.88679756,0.06780974,-0.36801047,-1.03013914,0.00227501,0.51613390,1.14378132,-0.07229417,-0.64937694,-1.22444775,0.14022906,0.76389815,1.26981279,-0.20412108,-0.85639582,-1.27856853,-0.05509376,0.03449261,-0.99788704,-0.00274688,0.02611824,0.19751190,-0.00762761,0.11989325,-0.18752761
10405120000000,synthetic_50hz_05,256,0.02,95.02311747,95.65459786,14.68901752,14.60908166,14.56515707,2.98294447,121.16751249,1,1,0,0,1,0.59707609,-0.17331008,0.19364642,-0.05755768,-0.13168637,-0.11571284,0.05887853,0.12209115,0.09023596,-0.05850189,-0.10897600,-0.06215753,0.05643861,0.09271901,0.03228708,-0.05274817,-0.07378889,-0.00148577,0.04753699,0.05273140,-0.02935837,-0.04955876,-0.00747495,-0.35916088,0.05094114,0.23696202,-0.14736922,-0.05078489,0.01696820,-0.30345120,0.04909646,0.20607873,-0.20754630,-0.04592784,0.05341457,-0.24052201,0.04137497,0.16510894,-0.27143322,-0.08915653,0.31909437,0.98705290,0.01957216,-0.47075637,-1.11013159,0.05057649,0.60884624,1.20120468,-0.11926699,-0.72938280,-1.25764647,0.18451897,0.82889091,1.27782973,-0.24445118,-0.90450171,-1.26117256,-0.05528839,0.03438918,-0.99787985,-0.00234449,0.02578951,0.19364642,-0.00791638,0.12398798,-0.18867688
10405140000000,synthetic_50hz_05,257,0.02,94.69066479,95.46181124,14.63699613,14.56515707,14.53696913,2.99346032,121.10077276,1,1,0,0,1,0.59688892,-0.17042632,0.18976000,-0.05859214,-0.12538526,-0.09846597,0.05874975,0.11335071,0.07114562,-0.05721357,-0.09804820,-0.04177411,0.05402791,0.07991892,0.01119824,-0.04928459,-0.05948554,0.01970048,0.04312037,0.03733717,-0.05003123,-0.05059418,-0.00121610,-0.34195870,0.05080632,0.22825974,-0.16641227,-0.04948365,0.02786268,-0.28311671,0.04666621,0.19330643,-0.22858555,-0.04243846,0.06769620,-0.21938501,0.03692684,0.14972991,-0.29205814,-0.04152246,0.42371009,1.07307986,-0.02855709,-0.56628927,-1.17437621,0.09781334,0.69254207,1.24181474,-0.16424957,-0.79882856,-1.27345118,0.22595042,0.88208445,1.26837342,-0.28113701,-0.93990943,-1.22672787,-0.05547998,0.03427350,-0.99787320,-0.00194134,0.02545572,0.18976000,-0.00820477,0.12802804,-0.18980574
10405160000000,synthetic_50hz_05,258,0.02,94.71532331,95.31251366,14.59498479,14.53696913,14.50840105,3.00392229,121.03325138,1,1,0,0,1,0.59669603,-0.16746740,0.18585305,-0.05882942,-0.11743174,-0.07999877,0.05782897,0.10313559,0.05121523,-0.05516129,-0.08586599,-0.02095513,0.05090328,0.06612084,-0.00990912,-0.04517770,-0.04446939,0.04048768,0.03814964,0.02153587,-0.06989896,-0.05083273,0.00669501,-0.32353606,0.04987980,0.21808298,-0.18629548,-0.04741873,0.04001135,-0.26234659,0.04352231,0.17953639,-0.24964333,-0.03830605,0.08269036,-0.19864711,0.03192483,0.13394411,-0.31187785,0.00631004,0.52181044,1.14396628,-0.07593494,-0.65345103,-1.22227837,0.14337061,0.76625233,1.26535161,-0.20667283,-0.85696222,-1.27194417,0.26401658,0.92296548,1.24186598,-0.31374861,-0.96235922,-1.17598423,-0.05566848,0.03414563,-0.99786708,-0.00153755,0.02511695,0.18585305,-0.00849275,0.13201163,-0.19091407
10405180000000,synthetic_50hz_05,259,0.02,94.32270971,95.11455287,14.55861962,14.50840105,14.49590583,3.01433550,120.96495974,1,1,0,0,1,0.59649742,-0.16443463,0.18192600,-0.05827826,-0.10795564,-0.06057368,0.05614018,0.09160289,0.03072089,-0.05238356,-0.07260919,0.00001760,0.04711669,0.05152212,-0.03075558,-0.04049143,-0.02894966,0.06060686,0.03269878,0.00554256,-0.08871081,-0.05028316,0.01612854,-0.30415539,0.04818558,0.20658883,-0.20674273,-0.04462867,0.05323440,-0.24142268,0.03971673,0.16496598,-0.27044022,-0.03359450,0.09818783,-0.17857726,0.02644293,0.11796658,-0.33064161,0.05370347,0.61220067,1.19901876,-0.12194538,-0.73122219,-1.25346905,0.18667155,0.82916222,1.27178123,-0.24601590,-0.90319713,-1.25342737,0.29826749,0.95119244,1.19893661,-0.34191989,-0.97176443,-1.10987996,-0.05585385,0.03400562,-0.99786150,-0.00113327,0.02477325,0.18192600,-0.00878032,0.13593701,-0.19200175
10405200000000,synthetic_50hz_05,260,0.02,94.04981609,94.90160551,14.53227983,14.49590583,14.49219184,3.02470539,120.89590950,1,1,0,0,1,0.59629310,-0.16132934,0.17797928,-0.05695710,-0.09710273,-0.04045874,0.05371643,0.07892240,0.00993905,-0.04892709,-0.05846669,0.02086719,0.04272715,0.03632537,-0.05107182,-0.03529538,-0.01313677,0.07980402,0.02684602,-0.01043057,-0.10623543,-0.04896389,0.02693873,-0.28408473,0.04575671,0.19394708,-0.22747758,-0.04116017,0.06734291,-0.22062185,0.03530849,0.14979777,-0.29070691,-0.02837345,0.11397819,-0.15942945,0.02055938,0.10200953,-0.34811806,0.10004247,0.69381458,1.23776198,-0.16600572,-0.79872845,-1.26779989,0.22718294,0.88061461,1.26128654,-0.28181038,-0.93711224,-1.21840970,0.32831309,0.96659248,1.14040555,-0.36535038,-0.96820542,-1.02952298,-0.05603606,0.03385353,-0.99785645,-0.00072862,0.02442469,0.17797928,-0.00906746,0.13980245,-0.19306866
10405220000000,synthetic_50hz_05,261,0.02,93.85610226,94.69250486,14.51544287,14.49219184,14.49293743,3.03503765,120.82611259,1,1,0,0,1,0.59608308,-0.15815292,0.17401330,-0.05489350,-0.08503245,-0.01992428,0.05059910,0.06527417,-0.01085674,-0.04484590,-0.04363401,0.04132476,0.03779978,0.02073585,-0.07060137,-0.02966387,0.00276012,0.09784251,0.02067273,-0.02617653,-0.12226280,-0.04690249,0.03896612,-0.26359442,0.04263456,0.18033779,-0.24822648,-0.03706725,0.08214138,-0.20021298,0.03036270,0.13423705,-0.31018692,-0.02271721,0.12985226,-0.14144035,0.01435554,0.08627995,-0.36409718,0.14474015,0.76572180,1.25993558,-0.20757206,-0.85524516,-1.26533625,0.26441958,0.92011141,1.23425669,-0.31364375,-0.95845041,-1.16759293,0.35382543,0.96915685,1.06726693,-0.38380616,-0.95192204,-0.93617112,-0.05621506,0.03368945,-0.99785193,-0.00032374,0.02407135,0.17401330,-0.00935415,0.14360623,-0.19411469
10405240000000,synthetic_50hz_05,262,0.02,93.48742608,94.45148911,14.50599059,14.49293743,14.50432502,3.04533785,120.75558116,1,1,0,0,1,0.59586737,-0.15490675,0.17002850,-0.05212347,-0.07191561,0.00076017,0.04683715,0.05084613,-0.03139878,-0.04020048,-0.02831074,0.06113215,0.03240481,0.00495914,-0.08910305,-0.02367490,0.01853544,0.11450507,0.01426243,-0.04149563,-0.13660585,-0.04413497,0.05203993,-0.24295397,0.03886809,0.16594888,-0.26872172,-0.03241039,0.09743021,-0.18045424,0.02494960,0.11848939,-0.32863907,-0.01670378,0.14560449,-0.12482720,0.00791493,0.07097750,-0.37839192,0.18724370,0.82713332,1.26548898,-0.24614407,-0.90019988,-1.24634829,0.29794800,0.94731327,1.19127480,-0.34116195,-0.96711517,-1.10185631,0.37454004,0.95903469,0.98067078,-0.39711997,-0.92330479,-0.83121206,-0.05639083,0.03351343,-0.99784793,0.00008125,0.02371329,0.17002850,-0.00964039,0.14734669,-0.19513973
10405260000000,synthetic_50hz_05,263,0.02,92.86780492,94.13475227,14.50529105,14.50432502,14.53417638,3.05561169,120.68432767,1,1,0,0,1,0.59564599,-0.15159227,0.16602532,-0.04869082,-0.05793210,0.02132889,0.04248628,0.03583172,-0.05142798,-0.03505684,-0.01269829,0.08004439,0.02661670,-0.01080123,-0.10635307,-0.01740918,0.03398935,0.12959555,0.00769975,-0.05619754,-0.14910173,-0.04070512,0.06598025,-0.22242911,0.03451302,0.15097378,-0.28870424,-0.02725561,0.11300801,-0.16159059,0.01914363,0.10275832,-0.34583959,-0.01041386,0.16103504,-0.10978616,0.00132218,0.05629254,-0.39083941,0.22703932,0.87740512,1.25457432,-0.28126895,-0.93317325,-1.21130054,0.32738946,0.96203757,1.13310440,-0.36407118,-0.96316589,-1.02224033,0.39025656,0.93652569,0.88190460,-0.40519066,-0.88288502,-0.71614314,-0.05656331,0.03332557,-0.99784445,0.00048621,0.02335058,0.16602532,-0.00992615,0.15102217,-0.19614366
10405280000000,synthetic_50hz_05,264,0.02,92.68748191,93.84529820,14.51742289,14.53417638,14.56251101,3.06586543,120.61236478,1,1,0,0,1,0.59541894,-0.14821093,0.16200417,-0.04464641,-0.04326869,0.04152267,0.03760818,0.02042762,-0.07069641,-0.02948569,0.00300238,0.09783194,0.02051312,-0.02634583,-0.12214693,-0.01094914,0.04892971,0.14294037,0.00106950,-0.07010292,-0.15961277,-0.03666383,0.08060032,-0.20227904,0.02963102,0.13560918,-0.30792609,-0.02167362,0.12867381,-0.14385155,0.01302250,0.08724327,-0.36158396,-0.00392989,0.17595178,-0.09649080,-0.00533790,0.04240439,-0.40130201,0.26365650,0.91604022,1.22753784,-0.31254473,-0.95389829,-1.16084013,0.35242215,0.96425503,1.06067486,-0.38213908,-0.94681185,-0.92992984,0.40083875,0.90207164,0.77237451,-0.40798206,-0.83132428,-0.59255126,-0.05673249,0.03312593,-0.99784149,0.00089101,0.02298330,0.16200417,-0.01021143,0.15463105,-0.19712638
10405300000000,synthetic_50hz_05,265,0.02,92.75141550,93.62652166,14.53635990,14.56251101,14.58074848,3.07610508,120.53970541,1,1,0,0,1,0.59518623,-0.14476424,0.15796550,-0.04004740,-0.02811681,0.06109140,0.03226963,0.00483160,-0.08896956,-0.02356150,0.01859290,0.11428268,0.01417409,-0.04148136,-0.13630098,-0.00437804,0.06317390,0.15438967,-0.00554424,-0.08304510,-0.16802722,-0.03206825,0.09570871,-0.18275388,0.02428888,0.12005285,-0.32615275,-0.01573890,0.14422924,-0.12744927,0.00666620,0.07213752,-0.37568855,0.00266488,0.19017207,-0.08509099,-0.01198121,0.02947974,-0.40966794,0.29667162,0.94268925,1.18490990,-0.33962296,-0.96225834,-1.09578402,0.37278281,0.95408508,0.97506617,-0.39519516,-0.91840510,-0.82623671,0.40621385,0.85624707,0.65358646,-0.40552121,-0.76940304,-0.46209301,-0.05689831,0.03291461,-0.99783902,0.00129553,0.02261151,0.15796550,-0.01049621,0.15817174,-0.19808777
10405320000000,synthetic_50hz_05,266,0.02,93.02738341,93.50669401,14.55500310,14.58074848,14.58324135,3.08633552,120.46636272,1,1,0,0,1,0.59494788,-0.14125372,0.15390975,-0.03495652,-0.01267046,0.07979634,0.02654169,-0.01075958,-0.10602837,-0.01736166,0.03387942,0.12920356,0.00768108,-0.05602250,-0.14865374,0.00222095,0.07655043,0.16381818,-0.01205895,-0.09487137,-0.17425965,-0.02698109,0.11111142,-0.16409237,0.01855766,0.10450154,-0.34316519,-0.00952881,0.15948045,-0.11257679,0.00015620,0.05762642,-0.38799187,0.00928725,0.20352443,-0.07571199,-0.01852524,0.01767128,-0.41585180,0.32571097,0.95714960,1.12739387,-0.36221069,-0.95828373,-1.01710528,0.38826771,0.93179009,0.87749306,-0.40313080,-0.87843250,-0.71258231,0.40637143,0.79974930,0.52712748,-0.39789619,-0.69800895,-0.32647532,-0.05706075,0.03269170,-0.99783706,0.00169963,0.02223529,0.15390975,-0.01078047,0.16164267,-0.19902774
10405340000000,synthetic_50hz_05,267,0.02,92.62221660,93.32979853,14.56686317,14.58324135,14.59940405,3.09655991,120.39235010,1,1,0,0,1,0.59470390,-0.13768090,0.14983735,-0.02944122,0.00287583,0.09741232,0.02049889,-0.02615216,-0.12167113,-0.01096557,0.04867450,0.14242211,0.00111610,-0.06979354,-0.15906699,0.00876555,0.08890040,0.17112589,-0.01839448,-0.10544422,-0.17825116,-0.02146984,0.12661394,-0.14651965,0.01251188,0.08914901,-0.35876170,-0.00312279,0.17424001,-0.09940656,-0.00642547,0.04388567,-0.39835569,0.01585497,0.21584997,-0.06845379,-0.02488985,0.00711654,-0.41979467,0.35045318,0.95936346,1.05585414,-0.38007196,-0.94214737,-0.92591883,0.39873308,0.89776873,0.76928884,-0.40589855,-0.82750700,-0.59047989,0.40136177,0.73338786,0.39464714,-0.38525354,-0.61812480,-0.18743652,-0.05721978,0.03245729,-0.99783559,0.00210317,0.02185471,0.14983735,-0.01106420,0.16504233,-0.19994618
10405360000000,synthetic_50hz_05,268,0.02,92.67727407,93.19929364,14.58053034,14.59940405,14.60938775,3.10678105,120.31768116,1,1,0,0,1,0.59445429,-0.13404736,0.14574875,-0.02357297,0.01832899,0.11372967,0.01421837,-0.04115720,-0.13571505,-0.00445385,0.06279883,0.15378771,-0.00543908,-0.08262994,-0.16742659,0.01517520,0.10007880,0.17623849,-0.02447381,-0.11464233,-0.17996934,-0.01560593,0.14202317,-0.13024542,0.00622869,0.07418420,-0.37275947,0.00339856,0.18832860,-0.08808921,-0.01299706,0.03107979,-0.40666591,0.02228746,0.22700366,-0.06339074,-0.03099801,-0.00206319,-0.42146415,0.37063115,0.94941470,0.97130331,-0.39302869,-0.91415942,-0.82346659,0.40409503,0.85254851,0.65188895,-0.40351112,-0.76635822,-0.46151704,0.39129379,0.65807347,0.25783939,-0.36779529,-0.53081615,-0.04672810,-0.05737535,0.03221148,-0.99783461,0.00250604,0.02146984,0.14574875,-0.01134740,0.16836921,-0.20084300
10405380000000,synthetic_50hz_05,269,0.02,92.92805618,93.14504614,14.59265045,14.60938775,14.60735489,3.11700107,120.24236973,1,1,0,0,1,0.59419908,-0.13035471,0.14164438,-0.01742641,0.03349920,0.12855592,0.00777909,-0.05559238,-0.14799767,0.00209249,0.07608281,0.16317258,-0.01190375,-0.09437973,-0.17364314,0.02137182,0.10995564,0.17910750,-0.03022373,-0.12236148,-0.17940810,-0.00946401,0.15714932,-0.11546214,-0.00021295,0.05978943,-0.38499606,0.00995424,0.20157663,-0.07875252,-0.01947784,0.01936077,-0.41283310,0.02850666,0.23685554,-0.06057128,-0.03677651,-0.00976367,-0.42085415,0.38603342,0.92752478,0.87488881,-0.40096115,-0.87476107,-0.71110236,0.40432899,0.79677758,0.52681449,-0.39603984,-0.69582263,-0.32733832,0.37633267,0.57480678,0.11842483,-0.34577566,-0.43721899,0.09390290,-0.05752744,0.03195437,-0.99783410,0.00290809,0.02108077,0.14164438,-0.01163003,0.17162184,-0.20171809
10405400000000,synthetic_50hz_05,270,0.02,92.49887691,93.01581230,14.59882632,14.60735489,14.62190127,3.12722093,120.16642988,1,1,0,0,1,0.59393827,-0.12660458,0.13752469,-0.01107859,0.04820177,0.14171742,0.00126104,-0.06928365,-0.15837809,0.00859286,0.08836804,0.17047265,-0.01819903,-0.10490475,-0.17765241,0.02728051,0.11841700,0.17971036,-0.03557548,-0.12851523,-0.17658718,-0.00312115,0.17180768,-0.10234346,-0.00673307,0.04613876,-0.39533056,0.01646364,0.21382571,-0.07150055,-0.02578894,0.00886676,-0.41679304,0.03443765,0.24529166,-0.06001798,-0.04215660,-0.01589846,-0.41798443,0.39650510,0.89404789,0.76787907,-0.40380794,-0.82451760,-0.59027636,0.39946882,0.73121607,0.39565570,-0.38361282,-0.61683325,-0.18962811,0.35669709,0.48466684,-0.02186655,-0.31949761,-0.33852725,0.23273079,-0.05767601,0.03168608,-0.99783406,0.00330920,0.02068757,0.13752469,-0.01191210,0.17479878,-0.20257137
10405420000000,synthetic_50hz_05,271,0.02,92.91547555,92.99574495,14.60851779,14.62190127,14.61791452,3.13744189,120.08987584,1,1,0,0,1,0.59367188,-0.12279862,0.13339012,-0.00460822,0.06225876,0.15306066,-0.00525557,-0.08206673,-0.16673800,0.01496785,0.09950867,0.17560820,-0.02424859,-0.11408174,-0.17941554,0.03283023,0.12536578,0.17805024,-0.04046537,-0.13303546,-0.17155168,0.00334395,0.18582032,-0.09104287,-0.01325143,0.03339644,-0.40364466,0.02284735,0.22492997,-0.06641303,-0.03185403,-0.00027899,-0.41850687,0.04000939,0.25221494,-0.06172768,-0.04707455,-0.02039946,-0.41290006,0.40194840,0.84946522,0.65164924,-0.40156556,-0.76411086,-0.46251971,0.38960539,0.65672683,0.26005552,-0.36641271,-0.53040905,-0.05009381,0.33265619,0.38879934,-0.16131213,-0.28930904,-0.23598035,0.36806736,-0.05782103,0.03140670,-0.99783448,0.00370924,0.02029031,0.13339012,-0.01219358,0.17789864,-0.20340274
10405440000000,synthetic_50hz_05,272,0.02,92.51561525,92.89971901,14.61246442,14.61791452,14.63045831,3.14766425,120.01272210,1,1,0,0,1,0.59339992,-0.11893851,0.12924113,0.00190512,0.07550059,0.16245356,-0.01169105,-0.09378859,-0.17298252,0.02113993,0.10937263,0.17852431,-0.02997933,-0.12180340,-0.17891916,0.03795441,0.13072253,0.17415570,-0.04483525,-0.13587286,-0.16437124,0.00985172,0.19901767,-0.08169247,-0.01968835,0.02171552,-0.40984350,0.02902786,0.23475734,-0.06354487,-0.03760001,-0.00796916,-0.41796123,0.04515532,0.25754593,-0.06567181,-0.05147226,-0.02321733,-0.40567070,0.40232275,0.79437858,0.52766661,-0.39428760,-0.69433111,-0.32942872,0.37488497,0.57426575,0.12169324,-0.34467422,-0.43764405,0.08955070,0.30452635,0.28840486,-0.29821286,-0.25559885,-0.13085083,0.49827741,-0.05796248,0.03111636,-0.99783535,0.00410807,0.01988908,0.12924113,-0.01247447,0.18092006,-0.20421210
10405460000000,synthetic_50hz_05,273,0.02,92.81106397,92.88198800,14.62002185,14.63045831,14.63012447,3.15788870,119.93498330,1,1,0,0,1,0.59312241,-0.11502594,0.12507816,0.00838173,0.08776760,0.16978645,-0.01796698,-0.10430880,-0.17704090,0.02703423,0.11784273,0.17919117,-0.03532207,-0.12797919,-0.17617528,0.04259156,0.13442596,0.16808017,-0.04863312,-0.13699716,-0.15513923,0.01632246,0.21124007,-0.07440191,-0.02596541,0.01123642,-0.41385632,0.03493028,0.24319065,-0.06292588,-0.04295770,-0.01411323,-0.41516812,0.04981394,0.26122334,-0.07179693,-0.05529768,-0.02432183,-0.39638973,0.39764448,0.72950339,0.39747585,-0.38208366,-0.61606838,-0.19264920,0.35550719,0.48487183,-0.01773161,-0.31868128,-0.33969620,0.22760121,0.27266764,0.18472697,-0.43090897,-0.21879287,-0.02443197,0.62179341,-0.05810032,0.03081518,-0.99783665,0.00450558,0.01948395,0.12507816,-0.01275474,0.18386168,-0.20499938
10405480000000,synthetic_50hz_05,274,0.02,92.58453573,92.82249755,14.62426495,14.63012447,14.63963106,3.16811541,119.85667429,1,1,0,0,1,0.59283935,-0.11106266,0.12090166,0.01474254,0.09891147,0.17497303,-0.02400692,-0.11350072,-0.17886704,0.03257917,0.12481770,0.17760422,-0.04021215,-0.13253612,-0.17122099,0.04668579,0.13643347,0.15990138,-0.05181346,-0.13639737,-0.14397174,0.02267709,0.22233918,-0.06925751,-0.03200618,0.00208578,-0.41563702,0.04048304,0.25012864,-0.06456062,-0.04786242,-0.01863820,-0.41016465,0.05392936,0.26320456,-0.08002531,-0.05850534,-0.02370195,-0.38517323,0.38798624,0.65566109,0.26268391,-0.36511776,-0.53030334,-0.05386069,0.33172276,0.38965669,-0.15651535,-0.28876404,-0.23777606,0.36237899,0.23748012,0.07904023,-0.55779507,-0.17934954,0.08197436,0.73712966,-0.05823451,0.03050327,-0.99783839,0.00490163,0.01907500,0.12090166,-0.01303439,0.18672223,-0.20576449
10405500000000,synthetic_50hz_05,275,0.02,92.79601256,92.81720055,14.63071872,14.63963106,14.64066072,3.17834479,119.77781012,1,1,0,0,1,0.59255076,-0.10705039,0.11671209,0.02090982,0.10879655,0.17795108,-0.02973715,-0.12125271,-0.17843986,0.03770714,0.13021309,0.17378413,-0.04459001,-0.13541937,-0.16411813,0.05018734,0.13672145,0.14972052,-0.05433774,-0.13408179,-0.13100640,0.02883789,0.23217938,-0.06632148,-0.03773693,-0.00562475,-0.41516452,0.04561852,0.25548683,-0.06842842,-0.05225465,-0.02148926,-0.40301264,0.05745182,0.26346600,-0.09025577,-0.06105667,-0.02136600,-0.37215882,0.37347605,0.57377095,0.12494483,-0.34360663,-0.43809774,0.08523930,0.30383088,0.28979397,-0.29296594,-0.25529554,-0.13313531,0.49224624,0.19939991,-0.02736171,-0.67733485,-0.13775549,0.18706988,0.84289558,-0.05836504,0.03018076,-0.99784054,0.00529608,0.01866231,0.11671209,-0.01331340,0.18950044,-0.20650734
10405520000000,synthetic_50hz_05,276,0.02,92.68251660,92.79026376,14.63489436,14.64066072,14.64754015,3.18857687,119.69840598,1,1,0,0,1,0.59225665,-0.10299092,0.11250989,0.02680796,0.11730117,0.17868306,-0.03508734,-0.12746912,-0.17576351,0.04235513,0.13396207,0.16777662,-0.04840181,-0.13659283,-0.15495264,0.05305304,0.13528556,0.13766131,-0.05617473,-0.13007794,-0.11640114,0.03472923,0.24063899,-0.06563135,-0.04308733,-0.01179954,-0.41244299,0.05027372,0.25919841,-0.07448356,-0.05608051,-0.02263030,-0.39379805,0.06033816,0.26200330,-0.10236458,-0.06292045,-0.01734151,-0.35750446,0.35429597,0.48484139,-0.01405572,-0.31781758,-0.34058444,0.22295109,0.27217636,0.18650829,-0.42541867,-0.21868817,-0.02705502,0.61562124,0.15889510,-0.13317826,-0.78807515,-0.09452101,0.28957194,0.93780850,-0.05849187,0.02984779,-0.99784310,0.00568882,0.01824596,0.11250989,-0.01359176,0.19219508,-0.20722786
10405540000000,synthetic_50hz_05,277,0.02,92.53784771,92.73978055,14.64020559,14.64754015,14.66055384,3.19881185,119.61847728,1,1,0,0,1,0.59195705,-0.09888603,0.10829552,0.03236412,0.12431882,0.17715658,-0.03999122,-0.13207130,-0.17086744,0.04646536,0.13601610,0.15965212,-0.05159988,-0.13603950,-0.14383395,0.05524675,0.13214081,0.12386897,-0.05730083,-0.12443244,-0.10033280,0.04027830,0.24761150,-0.06719951,-0.04799112,-0.01635993,-0.40750186,0.05439086,0.26121485,-0.08265559,-0.05929235,-0.02204430,-0.38263030,0.06255222,0.25883149,-0.11620652,-0.06407309,-0.01167508,-0.34138697,0.33068052,0.38996070,-0.15261605,-0.28806605,-0.23895695,0.35758858,0.23714651,0.08106395,-0.55225167,-0.17938992,0.07916615,0.73099308,0.11646144,-0.23711385,-0.88865963,-0.05017532,0.38822546,1.02070570,-0.05861498,0.02950449,-0.99784606,0.00607972,0.01782604,0.10829552,-0.01386945,0.19480497,-0.20792596
10405560000000,synthetic_50hz_05,278,0.02,92.64069466,92.71996337,14.64875186,14.66055384,14.66932696,3.20905027,119.53803957,1,1,0,0,1,0.59165196,-0.09473753,0.10406944,0.03750900,0.12975927,0.17338468,-0.04438726,-0.13499846,-0.16380630,0.04998582,0.13634557,0.14950531,-0.05414326,-0.13376178,-0.13089400,0.05673972,0.12732157,0.10850896,-0.05770036,-0.11721062,-0.08299556,0.04541579,0.25300669,-0.07101293,-0.05238676,-0.01924513,-0.40039578,0.05791792,0.26150651,-0.09284985,-0.06184920,-0.01973369,-0.36964134,0.06406527,0.25398493,-0.13161612,-0.06449889,-0.00443206,-0.32400055,0.30291472,0.29028729,-0.28903425,-0.25471295,-0.13445855,0.48749511,0.19916769,-0.02524669,-0.67190125,-0.13788033,0.18422406,0.83693617,0.07261781,-0.33789016,-0.97784183,-0.00526169,0.48181473,1.09055585,-0.05873433,0.02915098,-0.99784940,0.00646865,0.01740262,0.10406944,-0.01414646,0.19732895,-0.20860157
10405580000000,synthetic_50hz_05,279,0.02,92.96476626,92.76892395,14.65739340,14.66932696,14.66654699,3.21929261,119.45710855,1,1,0,0,1,0.59134140,-0.09054725,0.09983211,0.04217750,0.13354959,0.16740598,-0.04821927,-0.13620838,-0.15465966,0.05287086,0.13494022,0.13745444,-0.05599815,-0.12978167,-0.11628633,0.05751099,0.12088145,0.09176564,-0.05736577,-0.10849617,-0.06459931,0.05007658,0.25675161,-0.07703299,-0.05621806,-0.02041294,-0.39120434,0.06080925,0.26006317,-0.10494808,-0.06371727,-0.01572047,-0.35498471,0.06485633,0.24751724,-0.14840904,-0.06419031,0.00430388,-0.30555507,0.27133183,0.18703933,-0.42162425,-0.21816158,-0.02837106,0.61105924,0.15870163,-0.13111516,-0.78287711,-0.09466624,0.28682128,0.93212426,0.02790157,-0.43425820,-1.05449784,0.03966750,0.56917525,1.14646976,-0.05884991,0.02878743,-0.99785312,0.00685548,0.01697579,0.09983211,-0.01442278,0.19976591,-0.20925462
10405600000000,synthetic_50hz_05,280,0.02,93.04417102,92.82397336,14.66123791,14.66654699,14.66405675,3.22953864,119.37570009,1,1,0,0,1,0.59102538,-0.08631705,0.09558397,0.04630940,0.13563508,0.15928462,-0.05143702,-0.13567814,-0.14353161,0.05508170,0.13180954,0.12364052,-0.05713834,-0.12414081,-0.10018482,0.05754766,0.11289305,0.07384074,-0.05629785,-0.09839052,-0.04536780,0.05420048,0.25879158,-0.08519552,-0.05943479,-0.01984043,-0.38003163,0.06302608,0.25689430,-0.11880925,-0.06487033,-0.01004627,-0.33883429,0.06491250,0.23950100,-0.16638352,-0.06314814,0.01443129,-0.28627430,0.23631068,0.08148384,-0.54873197,-0.17885428,0.07799699,0.72673061,0.11624143,-0.23522913,-0.88377727,-0.05027729,0.38567951,1.01534422,-0.01713637,-0.52501056,-1.11763832,0.08405599,0.64920532,1.18771039,-0.05896168,0.02841396,-0.99785719,0.00724010,0.01654563,0.09558397,-0.01469839,0.20211478,-0.20988504
10405620000000,synthetic_50hz_05,281,0.02,93.15289318,92.88975733,14.66242182,14.66405675,14.66090922,3.23978785,119.29383022,1,1,0,0,1,0.59070393,-0.08204878,0.09132550,0.04985005,0.13598012,0.14911012,-0.05399687,-0.13340462,-0.13055015,0.05658693,0.12698301,0.10822635,-0.05754557,-0.11690041,-0.08278235,0.05684514,0.10344753,0.05495168,-0.05450583,-0.08701220,-0.02553674,0.05773282,0.25909099,-0.09541103,-0.06199331,-0.01752447,-0.36700563,0.06453700,0.25202937,-0.13427059,-0.06529014,-0.00277229,-0.32138295,0.06422921,0.23002739,-0.18532216,-0.06138161,0.02583164,-0.26639394,0.19827270,-0.02507486,-0.66875179,-0.13726874,0.18332257,0.83303576,0.07230725,-0.33628500,-0.97330293,-0.00526112,0.47955218,1.08550932,-0.06193670,-0.60899365,-1.16641997,0.12734885,0.72087755,1.21370219,-0.05906962,0.02803073,-0.99786161,0.00762236,0.01611224,0.09132550,-0.01497328,0.20437451,-0.21049276
10405640000000,synthetic_50hz_05,282,0.02,93.09129366,92.93006459,14.66178653,14.66090922,14.66392459,3.25003959,119.21151507,1,1,0,0,1,0.59037704,-0.07774433,0.08705715,0.05275102,0.13456891,0.13699693,-0.05586226,-0.12940493,-0.11586635,0.05736297,0.12051015,0.09139528,-0.05720988,-0.10814100,-0.06428924,0.05540740,0.09265410,0.03532972,-0.05200750,-0.07449594,-0.00535162,0.06062518,0.25763402,-0.10756505,-0.06385708,-0.01348218,-0.35227743,0.06531842,0.24551793,-0.15114874,-0.06496674,0.00602092,-0.30284104,0.06281042,0.21920563,-0.20499369,-0.05890850,0.03837021,-0.24615949,0.15767855,-0.13130719,-0.78014304,-0.09391392,0.28628082,0.92859388,0.02744171,-0.43300083,-1.05027293,0.03982166,0.56723723,1.14167211,-0.10593695,-0.68511991,-1.20015636,0.16899803,0.78325027,1.22403954,-0.05917371,0.02763788,-0.99786637,0.00800216,0.01567568,0.08705715,-0.01524744,0.20654413,-0.21107771
10405660000000,synthetic_50hz_05,283,0.02,93.25290091,92.99463186,14.66268451,14.66392459,14.66359846,3.26029351,119.12877093,1,1,0,0,1,0.59004475,-0.07340559,0.08277938,0.05497072,0.13140605,0.12308388,-0.05700433,-0.12371670,-0.09965338,0.05739448,0.11246054,0.07334983,-0.05612992,-0.09796209,-0.04493157,0.05324711,0.08063934,0.01521791,-0.04882916,-0.06099172,0.01493448,0.06283597,0.25442530,-0.12151876,-0.06499721,-0.00775120,-0.33602020,0.06535501,0.23742954,-0.16924117,-0.06389877,0.01623386,-0.28343461,0.06066878,0.20716228,-0.22515504,-0.05575511,0.05189701,-0.22582402,0.11502432,-0.23587115,-0.88144678,-0.04932566,0.38555827,1.01213250,-0.01779509,-0.52412957,-1.11363796,0.08440279,0.64758996,1.18303672,-0.14857713,-0.75238004,-1.21832797,0.20846791,0.83547865,1.21849427,-0.05927393,0.02723559,-0.99787145,0.00837936,0.01523605,0.08277938,-0.01552085,0.20862266,-0.21163983
10405680000000,synthetic_50hz_05,284,0.02,93.47966602,93.09163869,14.66306837,14.66359846,14.65832936,3.27054928,119.04561423,1,1,0,0,1,0.58970707,-0.06903449,0.07849266,0.05647502,0.12651705,0.10753332,-0.05740234,-0.11639821,-0.08210529,0.05667473,0.10292356,0.05431012,-0.05431315,-0.08648157,-0.02494917,0.05038570,0.06754628,-0.00513108,-0.04500561,-0.04666360,0.03506339,0.06433105,0.24949030,-0.13710980,-0.06539297,-0.00038980,-0.31842799,0.06464002,0.22785359,-0.18832775,-0.06209369,0.02774862,-0.26340352,0.05782575,0.19404038,-0.24555357,-0.05195626,0.06624800,-0.20564572,0.07083729,-0.33742557,-0.97130250,-0.00406178,0.47986643,1.08250296,-0.06283083,-0.60847253,-1.16249435,0.12791200,0.71953607,1.20897048,-0.18930541,-0.80985506,-1.22059143,0.24524105,0.87682555,1.19702216,-0.05937024,0.02682399,-0.99787684,0.00875385,0.01479344,0.07849266,-0.01579350,0.21060919,-0.21217906
10405700000000,synthetic_50hz_05,285,0.02,93.46884925,93.16708080,14.66107799,14.65832936,14.65833973,3.28080630,118.96206149,1,1,0,0,1,0.58936401,-0.06463294,0.07419745,0.05723780,0.11994860,0.09053011,-0.05704415,-0.10752836,-0.06343549,0.05520590,0.09200802,0.03451200,-0.05177603,-0.07383506,-0.00459352,0.04685343,0.05353339,-0.02545740,-0.04058003,-0.03168833,0.05477438,0.06508431,0.24287575,-0.15415332,-0.06503222,0.00852311,-0.29971422,0.06317565,0.21689890,-0.20817265,-0.05956795,0.04042961,-0.24299923,0.05431157,0.17999839,-0.26592942,-0.04755511,0.08124640,-0.18588532,0.02567131,-0.43464416,-1.04846489,0.04130304,0.56795588,1.13869564,-0.10708662,-0.68489317,-1.19609728,0.16978283,0.78208467,1.21901487,-0.22758413,-0.85672830,-1.20678769,0.27882407,0.90667205,1.15976826,-0.05946263,0.02640325,-0.99788252,0.00912550,0.01434792,0.07419745,-0.01606538,0.21250284,-0.21269534
10405720000000,synthetic_50hz_05,286,0.02,93.63122196,93.25990903,14.65992792,14.65833973,14.65620222,3.29106421,118.87812937,1,1,0,0,1,0.58901560,-0.06020289,0.06989422,0.05724149,0.11176876,0.07228027,-0.05592662,-0.09720644,-0.04387510,0.05299936,0.07984160,0.01420499,-0.04854410,-0.06017490,0.01587466,0.04268929,0.03877333,-0.04549663,-0.03560373,-0.01625390,0.07380691,0.06507818,0.23464969,-0.17244327,-0.06391183,0.01888825,-0.28010999,0.06097327,0.20469314,-0.22852633,-0.05634711,0.05412445,-0.22248248,0.05016523,0.16520900,-0.28601815,-0.04260296,0.09670422,-0.16680334,-0.01989834,-0.52623005,-1.11182040,0.08618299,0.64863067,1.17985475,-0.14998294,-0.75233097,-1.21387333,0.20945882,0.83434122,1.21289538,-0.26289590,-0.89229702,-1.17694908,0.30875356,0.92452749,1.10707080,-0.05955107,0.02597355,-0.99788849,0.00949420,0.01389960,0.06989422,-0.01633647,0.21430279,-0.21318862
10405740000000,synthetic_50hz_05,287,0.02,93.61805913,93.33153905,14.65836313,14.65620222,14.65923610,3.30132265,118.79383461,1,1,0,0,1,0.58866184,-0.05574629,0.06558343,0.05647757,0.10206691,0.05300945,-0.05405593,-0.08555172,-0.02367093,0.05007584,0.06657003,-0.00635003,-0.04465203,-0.04566909,0.03618792,0.03794088,0.02345150,-0.06498249,-0.03013588,-0.00055779,0.09190359,0.06430414,0.22490151,-0.19175403,-0.06203798,0.03058633,-0.25986213,0.05805360,0.19138203,-0.24912792,-0.05246583,0.06866516,-0.20212071,0.04543433,0.14985758,-0.30555350,-0.03715900,0.11242401,-0.14865720,-0.06528057,-0.61093083,-1.16040364,0.12998708,0.72076310,1.20529247,-0.19094600,-0.80981543,-1.21543216,0.24639986,0.87552041,1.19053037,-0.29474989,-0.91598372,-1.13130503,0.33460215,0.93003880,1.03946364,-0.05963555,0.02553503,-0.99789472,0.00985982,0.01344855,0.06558343,-0.01660676,0.21600823,-0.21365883
10405760000000,synthetic_50hz_05,288,0.02,93.53192878,93.37161700,14.65872978,14.65923610,14.66941605,3.31158157,118.70919406,1,1,0,0,1,0.58830276,-0.05126510,0.06126554,0.05494697,0.09095346,0.03296099,-0.05144787,-0.07270279,-0.00308324,0.04646550,0.05235606,-0.02688341,-0.04014352,-0.03049989,0.05607499,0.03266418,0.00776439,-0.08364990,-0.02424311,0.01519496,0.10881315,0.06276311,0.21374163,-0.21184225,-0.05942644,0.04347877,-0.23923089,0.05444681,0.17712835,-0.26970775,-0.04796781,0.08386949,-0.18218519,0.04017485,0.13414064,-0.32427037,-0.03128984,0.12820070,-0.13169815,-0.10987454,-0.68755413,-1.19341315,0.17212565,0.78330862,1.21450246,-0.22941430,-0.85647997,-1.20057710,0.28008883,0.90495859,1.15203853,-0.32268826,-0.92734684,-1.07028617,0.35598444,0.92299924,0.95767695,-0.05971605,0.02508789,-0.99790122,0.01022225,0.01299486,0.06126554,-0.01687623,0.21761841,-0.21410594
10405780000000,synthetic_50hz_05,289,0.02,93.86904689,93.47110298,14.66321801,14.66941605,14.66949167,3.32184145,118.62422468,1,1,0,0,1,0.58793837,-0.04676131,0.05694102,0.05266039,0.07855940,0.01239380,-0.04812797,-0.05881669,0.01761681,0.04220799,0.03737827,-0.04711951,-0.03507114,-0.01486222,0.07526374,0.02692318,-0.00808232,-0.10123807,-0.01799900,0.03079384,0.12429367,0.06046581,0.20130102,-0.23244901,-0.05610276,0.05740853,-0.21848745,0.05019253,0.16211066,-0.28999021,-0.04290562,0.09954251,-0.16294806,0.03445079,0.11826385,-0.34190798,-0.02506908,0.14382379,-0.11616812,-0.15307621,-0.75498351,-1.21022662,0.21201717,0.83532094,1.20717221,-0.26484557,-0.89157568,-1.16931446,0.31003835,0.92212588,1.09774482,-0.34629259,-0.92609076,-0.99452670,0.37256304,0.90335601,0.86263590,-0.05979254,0.02463228,-0.99790795,0.01058136,0.01253863,0.05694102,-0.01714488,0.21913263,-0.21452989
10405800000000,synthetic_50hz_05,290,0.02,94.17297104,93.61147659,14.66585295,14.66949167,14.66304514,3.33210245,118.53894349,1,1,0,0,1,0.58756869,-0.04223690,0.05261035,0.04963863,0.06503549,-0.00842019,-0.04413163,-0.04406772,0.03814996,0.03735229,0.02182946,-0.06677984,-0.02949607,0.00103816,0.09348443,0.02078947,-0.02387584,-0.11749383,-0.01148349,0.04602518,0.13811582,0.05743303,0.18773047,-0.25330239,-0.05210233,0.07220130,-0.19791106,0.04533976,0.14652176,-0.30969678,-0.03734044,0.11547844,-0.14467906,0.02833372,0.10244001,-0.35821315,-0.01857664,0.15907960,-0.10229645,-0.19428538,-0.81219455,-1.21041510,0.24909542,0.87596692,1.18319419,-0.29672392,-0.91448475,-1.12186125,0.33579773,0.92663755,1.02818452,-0.36519034,-0.91207497,-0.90486475,0.38405433,0.87121684,0.75545731,-0.05986501,0.02416838,-0.99791491,0.01093704,0.01207993,0.05261035,-0.01741269,0.22055022,-0.21493064
10405820000000,synthetic_50hz_05,291,0.02,94.13614775,93.71641082,14.66467367,14.66304514,14.66468156,3.34236422,118.45336760,1,1,0,0,1,0.58719374,-0.03769386,0.04827399,0.04591268,0.05055127,-0.02919878,-0.03950406,-0.02864604,0.05823199,0.03195652,0.00591492,-0.08558634,-0.02348766,0.01698673,0.11047319,0.01434164,-0.03939864,-0.13217505,-0.00478215,0.06067467,0.15006624,0.05369576,0.17319950,-0.27412018,-0.04747037,0.08766693,-0.17778593,0.03994661,0.13056696,-0.32854940,-0.03134161,0.13146278,-0.12764206,0.02190226,0.08688665,-0.37294376,-0.01189810,0.17375384,-0.09029648,-0.23291312,-0.85827102,-1.19375605,0.28281700,0.90454126,1.14267549,-0.32456714,-0.92473316,-1.05865107,0.35695985,0.91826457,0.94410524,-0.37906125,-0.88532198,-0.80234041,0.39023414,0.82685514,0.63744374,-0.05993344,0.02369638,-0.99792208,0.01128919,0.01161888,0.04827399,-0.01767964,0.22187054,-0.21530814
10405840000000,synthetic_50hz_05,292,0.02,94.31280867,93.83569039,14.66467698,14.66468156,14.66509480,3.35262662,118.36751420,1,1,0,0,1,0.58681354,-0.03313421,0.04393240,0.04152382,0.03529370,-0.04965272,-0.03430016,-0.01275590,0.07757711,0.02608762,-0.01014965,-0.10326491,-0.01712295,0.03276258,0.12597555,0.00766462,-0.05443096,-0.14505424,0.00201468,0.07453006,0.15995096,0.04929528,0.15789507,-0.29461312,-0.04226177,0.10360115,-0.15839787,0.03408002,0.11446195,-0.34627400,-0.02498618,0.14727462,-0.11209154,0.01524130,0.07182352,-0.38587230,-0.00512380,0.18763425,-0.08036221,-0.26838957,-0.89242089,-1.16024483,0.31266906,0.92048078,1.08594548,-0.34793416,-0.92200277,-0.98033782,0.37316816,0.89694300,0.84646657,-0.38764355,-0.84602394,-0.68819128,0.39094299,0.77071361,0.51007513,-0.05999781,0.02321646,-0.99792946,0.01163767,0.01115554,0.04393240,-0.01794573,0.22309303,-0.21566236
10405860000000,synthetic_50hz_05,293,0.02,94.68432625,94.00541756,14.66485247,14.66509480,14.65764103,3.36288955,118.28140052,1,1,0,0,1,0.58642810,-0.02855993,0.03958607,0.03652351,0.01946548,-0.06948907,-0.02858421,0.00338632,0.09590160,0.01982081,-0.02614049,-0.11954924,-0.01048597,0.04814102,0.13975023,0.00084882,-0.06875362,-0.15592214,0.00881281,0.08738402,0.16759875,0.04428305,0.14201990,-0.31448830,-0.03654081,0.11978760,-0.14003058,0.02781523,0.09843050,-0.36260423,-0.01835819,0.16268925,-0.09826876,0.00844127,0.05746982,-0.39678953,0.00165208,0.20051348,-0.07266485,-0.30017214,-0.91399192,-1.11010426,0.33817724,0.92337775,1.01356135,-0.36643254,-0.90614218,-0.88779699,0.38412341,0.86278210,0.73643703,-0.39073983,-0.79454761,-0.56384525,0.38609103,0.70340595,0.37499755,-0.06005810,0.02272880,-0.99793702,0.01198239,0.01069002,0.03958607,-0.01821094,0.22421713,-0.21599324
10405880000000,synthetic_50hz_05,294,0.02,94.70491208,94.14531647,14.66182366,14.65764103,14.65786585,3.37315255,118.19504388,1,1,0,0,1,0.58603745,-0.02397307,0.03523545,0.03097320,0.00328311,-0.08841507,-0.02242946,0.01955453,0.11292775,0.01323906,-0.04182840,-0.13418467,-0.00366697,0.06289635,0.15157298,-0.00601083,-0.08215096,-0.16459137,0.01551534,0.09903712,0.17286452,0.03872052,0.12579047,-0.33345292,-0.03038074,0.13600018,-0.12296181,0.02123517,0.08270179,-0.37728543,-0.01154787,0.17748098,-0.08639799,0.00159711,0.04404119,-0.40550805,0.00833263,0.21219213,-0.06734950,-0.32775388,-0.92248661,-1.04379207,0.35891365,0.91299245,0.92631109,-0.37972578,-0.87717628,-0.78212413,0.38959024,0.81607072,0.61538817,-0.38822262,-0.73143746,-0.43091028,0.37566237,0.62571651,0.23400904,-0.06011430,0.02223358,-0.99794475,0.01232322,0.01022240,0.03523545,-0.01847526,0.22524236,-0.21630077
10405900000000,synthetic_50hz_05,295,0.02,94.65492828,94.24723883,14.66016138,14.65786585,14.66770574,3.38341539,118.10846161,1,1,0,0,1,0.58564161,-0.01937563,0.03088102,0.02494393,-0.01302548,-0.10614207,-0.01591753,0.03551554,0.12838790,0.00643221,-0.05698167,-0.14693225,0.00323854,0.07680499,0.16124047,-0.01281593,-0.09441399,-0.17090006,0.02202383,0.10930099,0.17563252,0.03267873,0.10943474,-0.35121835,-0.02386320,0.15200570,-0.10745919,0.01442972,0.06750755,-0.39007868,-0.00465072,0.19142624,-0.07668256,-0.00519280,0.03174663,-0.41186599,0.01481942,0.22248180,-0.06453192,-0.35067198,-0.91757615,-0.96200554,0.37450484,0.88926410,0.82521354,-0.38754056,-0.83531416,-0.66463025,0.38940330,0.75728172,0.48488535,-0.38003936,-0.65741650,-0.29116099,0.35971871,0.53859765,0.08904232,-0.06016640,0.02173100,-0.99795264,0.01266006,0.00975278,0.03088102,-0.01873867,0.22616826,-0.21658490
10405920000000,synthetic_50hz_05,296,0.02,94.33598079,94.26498722,14.66333001,14.66770574,14.69644108,3.39367850,118.02167112,1,1,0,0,1,0.58524058,-0.01476965,0.02652325,0.01851581,-0.02922357,-0.12238987,-0.00913769,0.05103201,0.14202878,-0.00050388,-0.07136917,-0.15757293,0.01013092,0.08964872,0.16857417,-0.01946587,-0.10534366,-0.17471535,0.02823962,0.11800149,0.17581940,0.02623779,0.09318940,-0.36750439,-0.01707743,0.16756680,-0.09377599,0.00749471,0.05307892,-0.40076490,0.00223358,0.20430679,-0.06930100,-0.01182785,0.02078520,-0.41573050,0.02101378,0.23120837,-0.06429544,-0.36851637,-0.89911304,-0.86568333,0.38463961,0.85232039,0.71151526,-0.38967351,-0.78095495,-0.53683387,0.38347294,0.68707422,0.34667531,-0.36621667,-0.57338481,-0.14652194,0.33840220,0.44316445,-0.05785573,-0.06021438,0.02122126,-0.99796068,0.01299279,0.00928125,0.02652325,-0.01900117,0.22699442,-0.21684561
10405940000000,synthetic_50hz_05,297,0.02,94.30766869,94.27352352,14.67723666,14.69644108,14.73046689,3.40394358,117.93468983,1,1,0,0,1,0.58483440,-0.01015716,0.02216262,0.01177728,-0.04506868,-0.13689121,-0.00218591,0.06586570,0.15361585,-0.00746848,-0.08476378,-0.16591167,0.01690755,0.10121808,0.17342418,-0.02585917,-0.11475422,-0.17593679,0.03406526,0.12498194,0.17337706,0.01948616,0.07729696,-0.38204377,-0.01011943,0.18244527,-0.08214677,0.00053088,0.03964299,-0.40914906,0.00900244,0.21591318,-0.06440322,-0.01820654,0.01134264,-0.41700112,0.02681828,0.23821515,-0.06668819,-0.38093812,-0.86714204,-0.75600374,0.38907647,0.80248472,0.58668377,-0.38599756,-0.71469140,-0.40044943,0.37179016,0.60629320,0.20266995,-0.34686387,-0.48041527,0.00095260,0.31193734,0.34068675,-0.20454769,-0.06025823,0.02070453,-0.99796885,0.01332132,0.00880789,0.02216262,-0.01926273,0.22772049,-0.21708286
10405960000000,synthetic_50hz_05,298,0.02,94.40573635,94.29996608,14.69959335,14.73046689,14.76542224,3.41421310,117.84753521,1,1,0,0,1,0.58442309,-0.00554018,0.01779958,0.00482426,-0.06031583,-0.14939634,0.00483619,0.07978096,0.16293774,-0.01435722,-0.09694597,-0.17178157,0.02346433,0.11131598,0.17567285,-0.03189494,-0.12247669,-0.17449941,0.03940601,0.13010635,0.16829506,0.01251974,0.06200237,-0.39458675,-0.00309079,0.19640543,-0.07278289,-0.00635739,0.02741932,-0.41506425,0.01555175,0.22604830,-0.06210685,-0.02422800,0.00358794,-0.41561288,0.03213816,0.24336614,-0.07172058,-0.38765759,-0.82190902,-0.63437934,0.38765064,0.74028122,0.45239699,-0.37646754,-0.63731077,-0.25737183,0.35443071,0.51596635,0.05492651,-0.32217547,-0.37974638,0.14910236,0.28063177,0.23257815,-0.34883254,-0.06029793,0.02018103,-0.99797714,0.01364553,0.00833282,0.01779958,-0.01952335,0.22834613,-0.21729663
10405980000000,synthetic_50hz_05,299,0.02,94.18053038,94.27607894,14.72724149,14.76542224,14.81523057,3.42448973,117.76022473,1,1,0,0,1,0.58400665,-0.00092076,0.01343462,-0.00224097,-0.07472123,-0.15967777,0.01182266,0.09254847,0.16981066,-0.02106350,-0.10770749,-0.17504783,0.02969707,0.11976126,0.17523829,-0.03747446,-0.12836225,-0.17037655,0.04417144,0.13326250,0.16060277,0.00544080,0.04754946,-0.40490582,0.00390252,0.20921797,-0.06586814,-0.01306350,0.01661615,-0.41837568,0.02177733,0.23453101,-0.06249380,-0.02979350,-0.00233008,-0.41153911,0.03688300,0.24654914,-0.07936327,-0.38847213,-0.76386740,-0.50244747,0.38028041,0.66643692,0.31052857,-0.36112503,-0.54979274,-0.10965698,0.33155825,0.41729779,-0.09437607,-0.29243249,-0.27277195,0.29568822,0.24487576,0.12038196,-0.48847553,-0.06033347,0.01965096,-0.99798553,0.01396532,0.00785610,0.01343462,-0.01978301,0.22887107,-0.21748690
10406000000000,synthetic_50hz_05,300,0.02,94.14596280,94.25005571,14.76419690,14.81523057,14.88310704,3.43477686,117.73196082,1,1,0,0,1,0.58358512,0.00369906,0.00906821,-0.00931105,-0.08804607,-0.16753491,0.01866459,0.10394911,0.17408264,-0.02748003,-0.11685526,-0.17561150,0.03550320,0.12639241,0.17207739,-0.04250281,-0.13228561,-0.16358220,0.04827703,0.13436495,0.15037087,-0.00164328,0.03417702,-0.41280040,0.01075159,0.22066378,-0.06155450,-0.01948018,0.00742657,-0.41898439,0.02757661,0.24119979,-0.06560719,-0.03480813,-0.00628613,-0.40479382,0.04096828,0.24767869,-0.08954558,-0.38326308,-0.69368163,-0.36205639,0.36697256,0.58188080,0.16312888,-0.34010206,-0.45330409,0.04050171,0.30342626,0.31165840,-0.24296462,-0.25800253,-0.16102746,0.43842275,0.20514048,0.00575402,-0.62124094,-0.06036484,0.01911450,-0.99799401,0.01428059,0.00737785,0.00906821,-0.02004170,0.22929509,-0.21765365
10406020000000,synthetic_50hz_05,301,0.02,94.34165464,94.26837550,14.81413916,14.88310704,14.95304417,3.44507889,117.71828218,1,1,0,0,1,0.58315852,0.00831725,0.00470082,-0.01627497,-0.10006064,-0.17279871,0.02525176,0.11377803,0.17563765,-0.03350054,-0.12421516,-0.17341288,0.04078348,0.13107110,0.16618854,-0.04689061,-0.13414820,-0.15417290,0.05164586,0.13335775,0.13771239,-0.00862149,0.02211476,-0.41810144,0.01734621,0.23053799,-0.05995800,-0.02550113,0.00002469,-0.41683069,0.03285033,0.24591632,-0.07144860,-0.03918251,-0.00818165,-0.39543352,0.04431708,0.24669885,-0.10215447,-0.37200195,-0.61222749,-0.21524687,0.34782682,0.48773951,0.01240172,-0.31362368,-0.34918978,0.19080098,0.27037862,0.20057274,-0.38850279,-0.21933841,-0.04617310,0.57500389,0.16197458,-0.10955774,-0.74492735,-0.06039203,0.01857187,-0.99800258,0.01459123,0.00689816,0.00470082,-0.02029941,0.22961799,-0.21779685
10406040000000,synthetic_50hz_05,302,0.02,94.53377525,94.32145545,14.87247926,14.95304417,15.02542504,3.45540048,117.70444150,1,1,0,0,1,0.58272686,0.01293177,0.00033291,-0.02301970,-0.11054854,-0.17533601,0.03147433,0.12184872,0.17439930,-0.03902153,-0.12963593,-0.16843458,0.04544373,0.13368569,0.15761381,-0.05055576,-0.13388122,-0.14224897,0.05421024,0.13021689,0.12278301,-0.01538081,0.01157908,-0.42067578,0.02357652,0.23865408,-0.06115503,-0.03102289,-0.00543823,-0.41189717,0.03750434,0.24856893,-0.07997599,-0.04283453,-0.00794782,-0.38355854,0.04686171,0.24358562,-0.11703425,-0.35475555,-0.52058881,-0.06422906,0.32303899,0.38532922,-0.13932349,-0.28200907,-0.23896041,0.33885927,0.23284870,0.08570227,-0.52862558,-0.17697519,0.07002672,0.70315138,0.11599941,-0.22373680,-0.85740499,-0.06041504,0.01802327,-0.99801121,0.01489714,0.00641711,0.00033291,-0.02055613,0.22983963,-0.21791650
10406060000000,synthetic_50hz_05,303,0.02,94.19399951,94.29596426,14.93671649,15.02542504,15.12313482,3.46574622,117.69042371,1,1,0,0,1,0.58229017,0.01754060,-0.00403502,-0.02943201,-0.11931101,-0.17505365,0.03722470,0.12799704,0.17033420,-0.04394419,-0.13299285,-0.16070393,0.04939675,0.13415442,0.14644050,-0.05342517,-0.13144825,-0.12795511,0.05591332,0.12495236,0.10578072,-0.02180800,0.00276876,-0.42043025,0.02933495,0.24484794,-0.06517898,-0.03594662,-0.00883745,-0.40421116,0.04145142,0.24907589,-0.09110206,-0.04569111,-0.00554823,-0.36931359,0.04854533,0.23834896,-0.13398696,-0.33168970,-0.42005023,0.08864531,0.29290269,0.27614366,-0.28962373,-0.24567116,-0.12427574,0.48225216,0.19135682,-0.03117511,-0.66097703,-0.13152557,0.18572716,0.82064563,0.06790238,-0.33492462,-0.95665463,-0.06043384,0.01746891,-0.99801989,0.01519823,0.00593480,-0.00403502,-0.02081184,0.22995992,-0.21801258
10406080000000,synthetic_50hz_05,304,0.02,94.44403386,94.32557818,15.01501219,15.12313482,15.22195654,3.47612161,117.67621376,1,1,0,0,1,0.58184846,0.02214168,-0.00840252,-0.03540034,-0.12617120,-0.17190211,0.04239952,0.13208525,0.16345472,-0.04817630,-0.13419122,-0.15029486,0.05256413,0.13242839,0.13280192,-0.05543651,-0.12684759,-0.11148024,0.05671064,0.11760971,0.08694454,-0.02779150,-0.00413937,-0.41731534,0.03451813,0.24898181,-0.07201748,-0.04018009,-0.01007828,-0.39384660,0.04461316,0.24738828,-0.10469348,-0.04768992,-0.00098118,-0.35288757,0.04932347,0.23103443,-0.15277357,-0.30307159,-0.31208578,0.24091548,0.25780937,0.16183794,-0.43601859,-0.20511439,-0.00692425,0.61855108,0.14650586,-0.14818908,-0.78325046,-0.08367350,0.29903004,0.92536836,0.01842880,-0.44124983,-1.04080746,-0.06044844,0.01690900,-0.99802862,0.01549439,0.00545133,-0.00840252,-0.02106653,0.22997880,-0.21808508
10406100000000,synthetic_50hz_05,305,0.02,94.58329263,94.37712107,15.10192881,15.22195654,15.32898239,3.48653228,117.66179665,1,1,0,0,1,0.58140176,0.02673300,-0.01276912,-0.04081688,-0.13097840,-0.16587861,0.04690162,0.13400571,0.15382115,-0.05163416,-0.13316957,-0.13732896,0.05487807,0.12849408,0.11687751,-0.05653981,-0.12011405,-0.09305643,0.05657149,0.10827108,0.06655248,-0.03322351,-0.00899458,-0.41132825,0.03902888,0.25094804,-0.08161025,-0.04363964,-0.00909925,-0.38092508,0.04692177,0.24349259,-0.12057083,-0.04878098,0.00571851,-0.33451256,0.04916542,0.22172418,-0.17311606,-0.26927035,-0.19834316,0.39004850,0.21824662,0.04420830,-0.57601012,-0.16093074,0.11120110,0.74536510,0.09897515,-0.26340452,-0.89323086,-0.03416607,0.40801386,1.01534436,-0.03162804,-0.54085998,-1.10818501,-0.06045883,0.01634375,-0.99803737,0.01578553,0.00496679,-0.01276912,-0.02132018,0.22989626,-0.21813399
10406120000000,synthetic_50hz_05,306,0.02,94.45607937,94.39291273,15.19729131,15.32898239,15.45530262,3.49698388,117.64715741,1,1,0,0,1,0.58095010,0.03131254,-0.01713433,-0.04557964,-0.13361205,-0.15702952,0.05064212,0.13368434,0.14154304,-0.05424457,-0.12990245,-0.12197580,0.05628312,0.12237541,0.09889194,-0.05669900,-0.11132023,-0.07295698,0.05548023,0.09705564,0.04491863,-0.03800203,-0.01167632,-0.40251537,0.04277836,0.25067257,-0.09384774,-0.04625204,-0.00587491,-0.36561615,0.04832180,0.23741273,-0.13850944,-0.04892824,0.01447827,-0.31446185,0.04805555,0.21053737,-0.19470036,-0.23075570,-0.08062353,0.53348026,0.17479443,-0.07483242,-0.70712601,-0.11379375,0.22813092,0.86038499,0.04951235,-0.37485230,-0.98883866,0.01619652,0.51076651,1.08878365,-0.08143844,-0.63195509,-1.15733851,-0.06046499,0.01577337,-0.99804614,0.01607156,0.00448128,-0.01713433,-0.02157279,0.22971234,-0.21815931
10406140000000,synthetic_50hz_05,307,0.02,94.71528732,94.45738765,15.30565606,15.45530262,15.58408540,3.50748271,117.63228112,1,1,0,0,1,0.58049349,0.03587826,-0.02149769,-0.04959465,-0.13398545,-0.14545207,0.05354247,0.13108369,0.12677970,-0.05594664,-0.12440272,-0.10445221,0.05673785,0.11413517,0.07911332,-0.05589327,-0.10057704,-0.05149355,0.05343726,0.08411923,0.02238920,-0.04203309,-0.01209788,-0.39097391,0.04568797,0.24811792,-0.10857062,-0.04795641,-0.00041812,-0.34813667,0.04877181,0.22921148,-0.15824120,-0.04811086,0.02518718,-0.29304711,0.04599426,0.19762984,-0.21718025,-0.18809465,0.03914311,0.66866005,0.12811945,-0.19328328,-0.82696535,-0.06445052,0.34185099,0.96142885,-0.00107656,-0.48056299,-1.06817391,0.06657259,0.60542013,1.14412302,-0.13014931,-0.71282272,-1.18708653,-0.06046693,0.01519807,-0.99805492,0.01635238,0.00399489,-0.02149769,-0.02182435,0.22942712,-0.21816103
10406160000000,synthetic_50hz_05,308,0.02,95.19898229,94.60570658,15.42259638,15.58408540,15.70675312,3.51803500,117.61715290,1,1,0,0,1,0.58003195,0.04042816,-0.02585872,-0.05277803,-0.13204907,-0.13129501,0.05553637,0.12620542,0.10973979,-0.05669356,-0.11672321,-0.08502071,0.05621625,0.10387581,0.05785045,-0.05411820,-0.08803362,-0.02901234,0.05045990,0.06965339,-0.00066222,-0.04523281,-0.01020974,-0.37685264,0.04769143,0.24328578,-0.12557026,-0.04870593,0.00721831,-0.32874912,0.04824580,0.21899131,-0.17945731,-0.04632445,0.03769609,-0.27061452,0.04299885,0.18319313,-0.24018216,-0.14194591,0.15892688,0.79309793,0.07896713,-0.30908746,-0.93324622,-0.01371169,0.45033691,1.04648858,-0.05193906,-0.57860293,-1.12956019,0.11609239,0.69018756,1.18006606,-0.17689872,-0.78187377,-1.19655007,-0.06046464,0.01461808,-0.99806369,0.01662790,0.00350772,-0.02585872,-0.02207483,0.22904073,-0.21813915
10406180000000,synthetic_50hz_05,309,0.02,95.63570133,94.81170553,15.54194221,15.70675312,15.82524312,3.52864616,117.60175795,1,1,0,0,1,0.57956551,0.04496024,-0.03021696,-0.05505813,-0.12779330,-0.11475841,0.05657163,0.11909223,0.09067975,-0.05645414,-0.10695768,-0.06398674,0.05470905,0.09173950,0.03544897,-0.05138667,-0.07387641,-0.00588919,0.04658280,0.05388344,-0.02384038,-0.04752954,-0.00600227,-0.36035161,0.04873656,0.23621882,-0.14459021,-0.04846942,0.01694060,-0.30775896,0.04673449,0.20689437,-0.20181213,-0.04358189,0.05181858,-0.24753994,0.03910399,0.16745256,-0.26331081,-0.09305221,0.27663096,0.90441431,0.02815166,-0.42016800,-1.02385422,0.03756051,0.55159141,1.11377593,-0.10218980,-0.66711217,-1.17158697,0.16387290,0.76339978,1.19562061,-0.22083148,-0.83767822,-1.18518395,-0.06045811,0.01403361,-0.99807244,0.01689803,0.00301985,-0.03021696,-0.02232424,0.22855333,-0.21809369
10406200000000,synthetic_50hz_05,310,0.02,95.78469999,95.00630442,15.66092859,15.82524312,15.94869957,3.53932059,117.58608153,1,1,0,0,1,0.57909420,0.04947249,-0.03457192,-0.05637746,-0.12125056,-0.09609229,0.05661191,0.10982903,0.06990127,-0.05521421,-0.09524107,-0.04169495,0.05222467,0.07790727,0.01228655,-0.04772946,-0.05832737,0.01747607,0.04185819,0.03706586,-0.04673486,-0.04886578,0.00049210,-0.34172085,0.04878701,0.22700196,-0.16532878,-0.04723271,0.02861382,-0.28551084,0.04424631,0.19310171,-0.22492800,-0.03991393,0.06733268,-0.22422318,0.03436192,0.15066461,-0.28615581,-0.04223020,0.39012819,1.00039056,-0.02345613,-0.52446623,-1.09689085,0.08846620,0.64368365,1.16176727,-0.15092576,-0.74434338,-1.19314940,0.20903405,0.82354334,1.19013247,-0.26111579,-0.87900016,-1.15280347,-0.06044734,0.01344487,-0.99808117,0.01716269,0.00253140,-0.03457192,-0.02257255,0.22796515,-0.21802463
10406220000000,synthetic_50hz_05,311,0.02,96.04961346,95.21496623,15.78179240,15.94869957,16.06776272,3.55006212,117.57010898,1,1,0,0,1,0.57861803,0.05396292,-0.03892315,-0.05669448,-0.11249672,-0.07559415,0.05563813,0.09854327,0.04774753,-0.05297770,-0.08174878,-0.01852433,0.04878990,0.06259742,-0.01123294,-0.04319546,-0.04164136,0.04066636,0.03635568,0.01948475,-0.06892735,-0.04920001,0.00919749,-0.32125784,0.04782370,0.21576266,-0.18744279,-0.04499972,0.04206258,-0.26238373,0.04080805,0.17783161,-0.24840106,-0.03536950,0.08398353,-0.20108132,0.02884224,0.13311338,-0.30829885,0.00964174,0.49730080,1.07901967,-0.07494289,-0.61998250,-1.15072061,0.13808340,0.72478981,1.18924574,-0.19724291,-0.80870109,-1.19348436,0.25071580,0.86929714,1.16331428,-0.29696045,-0.90483095,-1.09960530,-0.06043233,0.01285210,-0.99808986,0.01742179,0.00204245,-0.03892315,-0.02281975,0.22727644,-0.21793199
10406240000000,synthetic_50hz_05,312,0.02,96.64233957,95.50044090,15.90189993,16.06776272,16.16599041,3.56087382,117.55382571,1,1,0,0,1,0.57813702,0.05842955,-0.04327017,-0.05598521,-0.10165159,-0.05360529,0.05364966,0.08540447,0.02459839,-0.04976736,-0.06669510,0.00511770,0.04445025,0.04606287,-0.03468623,-0.03785162,-0.02410264,0.06325475,0.03016170,0.00144751,-0.08999960,-0.04850824,0.01999411,-0.29930390,0.04584600,0.20267042,-0.21055239,-0.04179322,0.05707258,-0.23878508,0.03646521,0.16133699,-0.27180801,-0.03001551,0.10148687,-0.17854130,0.02263137,0.11510625,-0.32932167,0.06163790,0.59608245,1.13855568,-0.12536874,-0.70481830,-1.18401554,0.18548515,0.79323391,1.19533968,-0.24025392,-0.85878021,-1.17220162,0.28809607,0.89956749,1.11526844,-0.32763227,-0.91441981,-1.02618155,-0.06041308,0.01225550,-0.99809850,0.01767524,0.00155310,-0.04327017,-0.02306584,0.22648750,-0.21781578
10406260000000,synthetic_50hz_05,313,0.02,97.28827535,95.85800779,16.01281794,16.16599041,16.24030492,3.57175703,117.53721723,1,1,0,0,1,0.57765121,0.06287042,-0.04761251,-0.05424447,-0.08887854,-0.03050594,0.05066521,0.07062267,0.00086437,-0.04562524,-0.05033072,0.02880212,0.03926988,0.02858770,-0.05763823,-0.03178235,-0.00602049,0.08481260,0.02337852,-0.01672030,-0.10954178,-0.04678529,0.03271859,-0.27623925,0.04287263,0.18793529,-0.23424705,-0.03765524,0.07339313,-0.21514388,0.03128197,0.14390192,-0.29471378,-0.02393641,0.11953343,-0.15703175,0.01583159,0.09696880,-0.34881444,0.11280153,0.68450191,1.17756061,-0.17378479,-0.77721885,-1.19579595,0.22975776,0.84752820,1.17955593,-0.27910670,-0.89340292,-1.12930877,0.32040886,0.91352042,1.04650310,-0.35247349,-0.90730070,-0.93352627,-0.06038958,0.01165530,-0.99810708,0.01792297,0.00106345,-0.04761251,-0.02331079,0.22559868,-0.21767601
10406280000000,synthetic_50hz_05,314,0.02,97.73614118,96.23363447,16.10836247,16.24030492,16.29794923,3.58271091,117.52026914,1,1,0,0,1,0.57716061,0.06728357,-0.05194970,-0.05148687,-0.07438311,-0.00670928,0.04672328,0.05444600,-0.02302029,-0.04061265,-0.03293919,0.05208617,0.03333113,0.01048272,-0.07965038,-0.02508866,0.01227597,0.10491823,0.01612287,-0.03468073,-0.12716125,-0.04404575,0.04716539,-0.25247707,0.03894207,0.17180538,-0.25809254,-0.03264708,0.09074069,-0.19190290,0.02534064,0.12583724,-0.31667983,-0.01723318,0.13779408,-0.13697435,0.00855963,0.07903897,-0.36638452,0.16216286,0.76072735,1.19494754,-0.21925199,-0.83561516,-1.18546602,0.27001999,0.88641179,1.14180696,-0.31300319,-0.91165276,-1.06522907,0.34696236,0.91061035,0.95794014,-0.37091844,-0.88331462,-0.82303334,-0.06036184,0.01105173,-0.99811560,0.01816489,0.00057359,-0.05194970,-0.02355461,0.22461038,-0.21751270
10406300000000,synthetic_50hz_05,315,0.02,97.84583556,96.55607469,16.18798891,16.29794923,16.35057793,3.59373279,117.50296714,1,1,0,0,1,0.57666526,0.07166704,-0.05628127,-0.04774731,-0.05841059,0.01734571,0.04188225,0.03715718,-0.04660563,-0.03480971,-0.01483252,0.07452188,0.02673358,-0.00791977,-0.10028963,-0.01788672,0.03044373,0.12316598,0.00852417,-0.05208999,-0.14249140,-0.04032455,0.06308923,-0.22845634,0.03411271,0.15456344,-0.28163890,-0.02684890,0.10880325,-0.16951011,0.01874083,0.10747521,-0.33727308,-0.01002200,0.15592583,-0.11877475,0.00094491,0.06166056,-0.38166533,0.20875845,0.82311012,1.19001838,-0.26086089,-0.87866449,-1.15284291,0.30544259,0.90888655,1.08243044,-0.34121824,-0.91290499,-0.98081100,0.36715641,0.89060396,0.85091432,-0.38250928,-0.84262639,-0.69648538,-0.06032985,0.01044501,-0.99812404,0.01840093,0.00008361,-0.05628127,-0.02379727,0.22352303,-0.21732587
10406320000000,synthetic_50hz_05,316,0.02,98.43366581,96.93159291,16.25627630,16.35057793,16.37723058,3.60481901,117.48529705,1,1,0,0,1,0.57616516,0.07601891,-0.06060675,-0.04308118,-0.04124254,0.04120236,0.03621997,0.01906907,-0.06943472,-0.02831452,0.00365418,0.09566524,0.01959275,-0.02627207,-0.11913769,-0.01030611,0.04813252,0.13917535,0.00072234,-0.06860530,-0.15520051,-0.03567706,0.08020852,-0.20463373,0.02846240,0.13652229,-0.30442921,-0.02035876,0.12724569,-0.14840951,0.01159804,0.08916356,-0.35607526,-0.00243246,0.17357839,-0.10281347,-0.00687265,0.04517634,-0.39432512,0.25165163,0.87022700,1.16249503,-0.29775188,-0.90528804,-1.09817821,0.33526781,0.91424920,1.00220039,-0.36311782,-0.89685213,-0.87732868,0.38049896,0.85359840,0.72716317,-0.38691015,-0.78573502,-0.55603320,-0.06029362,0.00983536,-0.99813240,0.01863100,-0.00040638,-0.06060675,-0.02403876,0.22233711,-0.21711552
10406340000000,synthetic_50hz_05,317,0.02,98.21461172,97.18819667,16.30707710,16.37723058,16.41074001,3.61596441,117.46724480,1,1,0,0,1,0.57566036,0.08033725,-0.06492568,-0.03756395,-0.02319233,0.06439528,0.02983290,0.00051922,-0.09105311,-0.02124176,0.02216887,0.11508583,0.01203821,-0.04421781,-0.13580058,-0.00248760,0.06499194,0.15260013,-0.00713474,-0.08389231,-0.16500015,-0.03017876,0.09820993,-0.18147463,0.02208760,0.11801951,-0.32600900,-0.01329137,0.14571599,-0.12903153,0.00404186,0.07125864,-0.37269238,0.00539468,0.19040136,-0.08943669,-0.01474516,0.02992065,-0.40407547,0.28995334,0.90091966,1.11254272,-0.32913543,-0.91470470,-1.02217064,0.35882840,0.90211838,0.90232891,-0.37817618,-0.86352356,-0.75647261,0.38662096,0.80003296,0.58880686,-0.38391928,-0.71347703,-0.40416552,-0.06025315,0.00922300,-0.99814067,0.01885504,-0.00089629,-0.06492568,-0.02427908,0.22105315,-0.21688170
10406360000000,synthetic_50hz_05,318,0.02,98.59535265,97.46962787,16.35061552,16.41074001,16.42461143,3.62716381,117.44879644,1,1,0,0,1,0.57515086,0.08462017,-0.06923759,-0.03129038,-0.00459963,0.08646003,0.02283483,-0.01813637,-0.11101866,-0.01372093,0.04034948,0.13237656,0.00421145,-0.06139930,-0.14991799,0.00541944,0.08067895,0.16313721,-0.01489409,-0.09763259,-0.17165311,-0.02392440,0.11675377,-0.15944346,0.01510209,0.09941109,-0.34593615,-0.00577620,0.16385208,-0.11178324,-0.00378625,0.05411815,-0.38676415,0.01331004,0.20605174,-0.07894754,-0.02251966,0.01621193,-0.41067918,0.32284312,0.91433002,1.04078420,-0.35431181,-0.90645969,-0.92596902,0.37556552,0.87245570,0.78445773,-0.38599150,-0.81329841,-0.62033016,0.38528917,0.73069334,0.43831818,-0.37347878,-0.62702205,-0.24366928,-0.06020844,0.00860818,-0.99814884,0.01907297,-0.00138602,-0.06923759,-0.02451820,0.21967170,-0.21662441
10406380000000,synthetic_50hz_05,319,0.02,98.73752724,97.72320774,16.38169380,16.42461143,16.43006686,3.63841142,117.42993816,1,1,0,0,1,0.57463670,0.08886577,-0.07354200,-0.02437320,0.01417600,0.10694327,0.01535496,-0.03653031,-0.12891166,-0.00589403,0.05783143,0.14716347,-0.00373683,-0.07746525,-0.16117248,0.01325995,0.09486571,0.17053482,-0.02240079,-0.10953115,-0.17498056,-0.01702671,0.13548049,-0.13899358,0.00763508,0.08106441,-0.36379095,0.00204473,0.18128937,-0.09703862,-0.01173557,0.03809337,-0.39797312,0.02115858,0.22020164,-0.07159777,-0.03004121,0.00434517,-0.41395742,0.34958952,0.90993048,0.94830391,-0.37268968,-0.88044701,-0.81116474,0.38504503,0.82557985,0.65063931,-0.38629934,-0.74691084,-0.47135565,0.37641647,0.64670804,0.27848258,-0.35568133,-0.52786034,-0.07758073,-0.06015949,0.00799110,-0.99815691,0.01928472,-0.00187549,-0.07354200,-0.02475613,0.21819338,-0.21634370
10406400000000,synthetic_50hz_05,320,0.02,98.89135112,97.95683642,16.40201049,16.43006686,16.42699309,3.64970111,117.41065626,1,1,0,0,1,0.57411791,0.09307219,-0.07783847,-0.01694125,0.03276223,0.12541314,0.00753573,-0.05429150,-0.14434490,0.00208705,0.07425552,0.15911513,-0.01164966,-0.09207872,-0.16929799,0.02087640,0.10724724,0.17459992,-0.02950127,-0.11932378,-0.17486805,-0.00961454,0.15401776,-0.12055685,-0.00017099,0.06335057,-0.37918617,0.01001953,0.19766866,-0.08512909,-0.01964912,0.02352124,-0.40605324,0.02878275,0.23254612,-0.06758044,-0.03715625,-0.00541543,-0.41379574,0.36956945,0.88754772,0.83664141,-0.38380315,-0.83692475,-0.67977333,0.38697164,0.76217286,0.50330706,-0.37898355,-0.66544716,-0.31233021,0.36006919,0.54953631,0.11234874,-0.33077386,-0.41778208,0.09087180,-0.06010631,0.00737201,-0.99816486,0.01949022,-0.00236458,-0.07783847,-0.02499284,0.21661884,-0.21603958
10406420000000,synthetic_50hz_05,321,0.02,99.15352751,98.19617464,16.41250318,16.42699309,16.41191567,3.66102663,117.39093723,1,1,0,0,1,0.57359451,0.09723756,-0.08212651,-0.00913721,0.05078186,0.14146956,-0.00046996,-0.07105324,-0.15697334,0.01006358,0.08927611,0.16795150,-0.01936707,-0.10492512,-0.17408755,0.02811219,0.11754908,0.17520457,-0.03604682,-0.12678405,-0.17127036,-0.00183056,0.17198838,-0.10453332,-0.00816322,0.04663627,-0.39177680,0.01798947,0.21264433,-0.07633467,-0.02736695,0.01071635,-0.41079752,0.03602595,0.24281070,-0.06702347,-0.04371606,-0.01284343,-0.41014891,0.38228579,0.84737920,0.70777343,-0.38732649,-0.77652230,-0.53420491,0.38120039,0.68327791,0.34523502,-0.36408410,-0.57033430,-0.14631184,0.33647110,0.44094768,-0.05682958,-0.29915748,-0.29884833,0.25833258,-0.06004890,0.00675112,-0.99817269,0.01968941,-0.00285322,-0.08212651,-0.02522832,0.21494877,-0.21571210
10406440000000,synthetic_50hz_05,322,0.02,99.33754059,98.42444783,16.41225643,16.41191567,16.38933369,3.67238150,117.37076766,1,1,0,0,1,0.57306651,0.10136005,-0.08640567,-0.00111485,0.06786107,0.15475436,-0.00850180,-0.08646159,-0.16650335,0.01787333,0.10256937,0.17345196,-0.02672958,-0.11572003,-0.17539988,0.03481519,0.12553442,0.17229094,-0.04189707,-0.13172961,-0.16421477,0.00617146,0.18901854,-0.09128120,-0.01618131,0.03127545,-0.40126920,0.02579234,0.22589253,-0.07087601,-0.03472957,-0.00003689,-0.41206470,0.04273606,0.25075857,-0.06998469,-0.04958028,-0.01775648,-0.40304423,0.38738285,0.79000128,0.56408451,-0.38308620,-0.70023890,-0.37722371,0.36774500,0.59028831,0.17948737,-0.34180154,-0.46331943,0.02342367,0.30600379,0.32299283,-0.22565939,-0.26138380,-0.17335420,0.42138925,-0.05998728,0.00612867,-0.99818040,0.01988222,-0.00334129,-0.08640567,-0.02546257,0.21318392,-0.21536129
10406460000000,synthetic_50hz_05,323,0.02,99.24896842,98.58935195,16.40262888,16.38933369,16.37035303,3.68375922,117.35013432,1,1,0,0,1,0.57253396,0.10543784,-0.09067549,0.00696410,0.08363804,0.16496063,-0.01639546,-0.10018381,-0.17270091,0.02535414,0.11384124,0.17546214,-0.03358184,-0.12421657,-0.17316472,0.04084137,0.13101068,0.16587487,-0.04692341,-0.13402769,-0.15380278,0.01422980,0.20474640,-0.08110737,-0.02406093,0.01760084,-0.40742935,0.03326595,0.23711922,-0.06890747,-0.04158164,-0.00849158,-0.40978452,0.04876904,0.25619716,-0.07644827,-0.05462029,-0.02002183,-0.39258320,0.38465893,0.71636848,0.40832632,-0.37106987,-0.60943299,-0.21189701,0.34678270,0.48492727,0.00935861,-0.31249761,-0.34644087,0.19344960,0.26920308,0.19796642,-0.39068057,-0.21814729,-0.04378451,0.57664804,-0.05992144,0.00550489,-0.99818797,0.02006858,-0.00382871,-0.09067549,-0.02569558,0.21132506,-0.21498719
10406480000000,synthetic_50hz_05,324,0.02,99.40289056,98.75205967,16.38907302,16.37035303,16.34435462,3.69515398,117.32902415,1,1,0,0,1,0.57199688,0.10946914,-0.09493549,0.01493342,0.09777152,0.17184132,-0.02398627,-0.11191661,-0.17539879,0.03234759,0.12283509,0.17389944,-0.03977631,-0.13021218,-0.16738649,0.04605826,0.13383519,0.15604770,-0.05101233,-0.13359968,-0.14020999,0.02217822,0.21883074,-0.07425889,-0.03163740,0.00591575,-0.41009003,0.04025190,0.24606777,-0.07051163,-0.04777561,-0.01444519,-0.40396140,0.05399244,0.25898381,-0.08632285,-0.05872258,-0.01956086,-0.37894142,0.37407567,0.62780327,0.24356621,-0.35143137,-0.50580229,-0.04153459,0.31865515,0.36921880,-0.16169450,-0.27669194,-0.22199055,0.36026185,0.22675158,0.06836222,-0.54844269,-0.17027387,0.08723703,0.72081167,-0.05985139,0.00487999,-0.99819541,0.02024845,-0.00431538,-0.09493549,-0.02592732,0.20937300,-0.21458983
10406500000000,synthetic_50hz_05,325,0.02,99.24137447,98.84992263,16.37029129,16.34435462,16.32408211,3.70656034,117.30742423,1,1,0,0,1,0.57145528,0.11345216,-0.09918523,0.02262608,0.10994932,0.17521658,-0.03111294,-0.12139392,-0.17450227,0.03870280,0.12933868,0.16875698,-0.04517683,-0.13355454,-0.15814635,0.05034840,0.13391996,0.14297628,-0.05406840,-0.13042441,-0.12368414,0.02984971,0.23095936,-0.07091560,-0.03874943,-0.00351378,-0.40915650,0.04659931,0.25252592,-0.07569538,-0.05317532,-0.01774538,-0.39467650,0.05828877,0.25903052,-0.09944160,-0.06179173,-0.01635240,-0.36236662,0.35576357,0.52597631,0.07312576,-0.32449209,-0.39135451,0.13038042,0.28386536,0.24544978,-0.33012767,-0.23505466,-0.09246862,0.52035719,0.17946722,-0.06317845,-0.69558456,-0.11870566,0.21700406,0.85075791,-0.05977714,0.00425422,-0.99820271,0.02042175,-0.00480120,-0.09918523,-0.02615779,0.20732862,-0.21416926
10406520000000,synthetic_50hz_05,326,0.02,99.25706146,98.93135040,16.35088344,16.32408211,16.30102805,3.71797376,117.28532185,1,1,0,0,1,0.57090921,0.11738515,-0.10342425,0.02987813,0.11989629,0.17497972,-0.03762143,-0.12839407,-0.16999321,0.04428010,0.13319020,0.16010571,-0.04966215,-0.13414639,-0.14560228,0.05361241,0.13123508,0.12690108,-0.05601700,-0.12454020,-0.10454126,0.03708030,0.24085710,-0.07118419,-0.04524300,-0.01046606,-0.40461064,0.05216851,0.25633189,-0.08438778,-0.05765952,-0.01829490,-0.38208781,0.06155868,0.25630738,-0.11556403,-0.06375312,-0.01043476,-0.34317484,0.33002357,0.41287713,-0.09948918,-0.29073805,-0.26836927,0.30026741,0.24307041,0.11612421,-0.49238879,-0.18839495,0.03946878,0.67031437,0.12828796,-0.19392385,-0.82891447,-0.06448238,0.34278802,0.96361659,-0.05969871,0.00362780,-0.99820987,0.02058844,-0.00528608,-0.10342425,-0.02638698,0.20519280,-0.21372553
10406540000000,synthetic_50hz_05,327,0.02,98.99759761,98.94459984,16.32994418,16.30102805,16.28558273,3.72939034,117.26270446,1,1,0,0,1,0.57035868,0.12126637,-0.10765207,0.03653254,0.12738165,0.17110149,-0.04336873,-0.13274606,-0.16193237,0.04895458,0.13428335,0.14809467,-0.05312905,-0.13194918,-0.12998732,0.05577178,0.12581085,0.10813238,-0.05680659,-0.11604535,-0.08315994,0.04371298,0.24829321,-0.07509391,-0.05097507,-0.01477010,-0.39651322,0.05683459,0.25737936,-0.09643977,-0.06112500,-0.01605520,-0.36642836,0.06372363,0.25084470,-0.13437987,-0.06455519,-0.00190626,-0.32174467,0.29732434,0.29077579,-0.27066569,-0.25081268,-0.13935177,0.46452942,0.19706998,-0.01608983,-0.64500055,-0.13764565,0.17106755,0.80687601,0.07425294,-0.32111332,-0.94548886,-0.00871948,0.46190123,1.05684283,-0.05961609,0.00300095,-0.99821688,0.02074845,-0.00576993,-0.10765207,-0.02661488,0.20296650,-0.21325868
10406560000000,synthetic_50hz_05,328,0.02,98.85588904,98.92685768,16.31131237,16.28558273,16.27112871,3.74080717,117.23955969,1,1,0,0,1,0.56980372,0.12509412,-0.11186825,0.04244313,0.13222543,0.16363249,-0.04822644,-0.13433469,-0.15045978,0.05261936,0.13257102,0.13294924,-0.05549524,-0.12698527,-0.11160572,0.05677117,0.11773848,0.08704455,-0.05641036,-0.10509722,-0.05997385,0.04960156,0.25308769,-0.08259418,-0.05581727,-0.01631071,-0.38500424,0.06049065,0.25562125,-0.11162597,-0.06348946,-0.01104865,-0.34800241,0.06472830,0.24273368,-0.15551475,-0.06417114,0.00907573,-0.29850979,0.25829512,0.16217608,-0.43676604,-0.20550540,-0.00697920,0.61963714,0.14679087,-0.14841890,-0.78464381,-0.08384428,0.29953802,0.92702883,0.01848043,-0.44202131,-1.04268718,0.04741623,0.57176092,1.12828438,-0.05952931,0.00237392,-0.99822375,0.02090175,-0.00625264,-0.11186825,-0.02684148,0.20065070,-0.21276877
10406580000000,synthetic_50hz_05,329,0.02,98.84961916,98.91140997,16.29443523,16.27112871,16.25169800,3.75222206,117.21587538,1,1,0,0,1,0.56924436,0.12886671,-0.11607234,0.04747817,0.13430375,0.15270360,-0.05208412,-0.13310445,-0.13579299,0.05518846,0.12806770,0.11496740,-0.05670169,-0.11933869,-0.09082725,0.05658019,0.10716909,0.06406850,-0.05482745,-0.09190975,-0.03546263,0.05461433,0.25511669,-0.09355409,-0.05965915,-0.01503237,-0.37030128,0.06305075,0.25107201,-0.12964841,-0.06469387,-0.00335926,-0.32717972,0.06454230,0.23212545,-0.17853774,-0.06260013,0.02229730,-0.27394984,0.21371431,0.02976142,-0.59421306,-0.15573606,0.12595877,0.76221368,0.09326787,-0.27804751,-0.90823932,-0.02811072,0.42212000,1.02808000,-0.03785688,-0.55402259,-1.11828065,0.10273304,0.66995244,1.17624075,-0.05943837,0.00174691,-0.99823045,0.02104827,-0.00673413,-0.11607234,-0.02706676,0.19824641,-0.21225584
10406600000000,synthetic_50hz_05,330,0.02,99.09635294,98.94839857,16.27648559,16.25169800,16.21804576,3.76363311,117.19163956,1,1,0,0,1,0.56868063,0.13258247,-0.12026387,0.05152386,0.13355282,0.13852442,-0.05485227,-0.12906195,-0.11822340,0.05659927,0.12085017,0.09451394,-0.05671449,-0.10915422,-0.06807960,0.05519460,0.09431131,0.03968250,-0.05208343,-0.07674935,-0.01014133,0.05863745,0.25431639,-0.10776405,-0.06241120,-0.01094169,-0.35269573,0.06445224,0.24380845,-0.15014229,-0.06470432,0.00686816,-0.30438800,0.06316138,0.21922864,-0.20297059,-0.05986770,0.03749201,-0.24857986,0.16449387,-0.10366542,-0.73957625,-0.10253564,0.25662404,0.88911770,0.03762125,-0.40218408,-1.01302547,0.02837777,0.53614895,1.10772725,-0.09355864,-0.65465641,-1.17049273,0.15604218,0.75428981,1.19951236,-0.05934328,0.00112017,-0.99823701,0.02118797,-0.00721430,-0.12026387,-0.02729071,0.19575469,-0.21171996
10406620000000,synthetic_50hz_05,331,0.02,99.26429743,99.01157834,16.25194086,16.21804576,16.17538129,3.77503791,117.16684047,1,1,0,0,1,0.56811256,0.13623976,-0.12444239,0.05448725,0.12997143,0.12137950,-0.05646478,-0.12227677,-0.09811050,0.05681441,0.11105681,0.07201292,-0.05552605,-0.09663503,-0.04383918,0.05263685,0.07942722,0.01440154,-0.04823010,-0.05992949,0.01545131,0.06157802,0.25068562,-0.12493951,-0.06400732,-0.00410827,-0.33254708,0.06465776,0.23396895,-0.17268355,-0.06351323,0.01943046,-0.28010365,0.06060799,0.20430534,-0.22829829,-0.05602566,0.05434642,-0.22293861,0.11165989,-0.23524706,-0.86965612,-0.04702358,0.38219699,0.99752240,-0.01896844,-0.51812799,-1.09662964,0.08441359,0.63912112,1.16412054,-0.14742506,-0.74168810,-1.19804930,0.20618620,0.82287186,1.19743774,-0.05924406,0.00049392,-0.99824341,0.02132081,-0.00769305,-0.12444239,-0.02751332,0.19317666,-0.21116118
10406640000000,synthetic_50hz_05,332,0.02,99.36302555,99.08186778,16.21978584,16.17538129,16.12750596,3.78643355,117.14146656,1,1,0,0,1,0.56754016,0.13983697,-0.12860745,0.05629885,0.12362194,0.10162266,-0.05688087,-0.11288072,-0.07587424,0.05582298,0.09888510,0.04793834,-0.05315569,-0.08203858,-0.01862035,0.04895589,0.06282685,-0.01123448,-0.04334468,-0.04180379,0.04076541,0.06336652,0.24428671,-0.14472665,-0.06440673,0.00533610,-0.31027529,0.06365641,0.22175099,-0.19679820,-0.06113990,0.03407018,-0.25484102,0.05693109,0.18766556,-0.25398094,-0.05115123,0.07250688,-0.19757596,0.05632973,-0.36213917,-0.98156436,0.00961768,0.49994422,1.08498802,-0.07528781,-0.62333566,-1.15713098,0.13878735,0.72875603,1.19591330,-0.19828560,-0.81316603,-1.20021689,0.25206717,0.87413207,1.16991767,-0.05914072,-0.00013161,-0.99824965,0.02144674,-0.00817030,-0.12860745,-0.02773459,0.19051343,-0.21057955
10406660000000,synthetic_50hz_05,333,0.02,99.70690011,99.20687425,16.18102829,16.12750596,16.06551359,3.79781678,117.11550648,1,1,0,0,1,0.56696348,0.14337251,-0.13275860,0.05691456,0.11462948,0.07966929,-0.05608636,-0.10106544,-0.05198570,0.05364117,0.08458764,0.02280333,-0.04964948,-0.06567113,0.00703646,0.04422638,0.04486130,-0.03667340,-0.03752820,-0.02275809,0.06525302,0.06395885,0.23524482,-0.16671006,-0.06359526,0.01719977,-0.28635142,0.06146439,0.20740716,-0.22197309,-0.05763043,0.05048104,-0.22914057,0.05220532,0.16966041,-0.27946639,-0.04534544,0.09158756,-0.17303986,-0.00031361,-0.48157896,-1.07279740,0.06617030,0.60728550,1.14952565,-0.13011928,-0.71548372,-1.19311254,0.19031685,0.80305421,1.20230143,-0.24502750,-0.86747227,-1.17682742,0.29267389,0.90688070,1.11742492,-0.05903327,-0.00075620,-0.99825573,0.02156572,-0.00864595,-0.13275860,-0.02795450,0.18776619,-0.20997516
10406680000000,synthetic_50hz_05,334,0.02,100.24945757,99.41539091,16.13251212,16.06551359,15.98404433,3.80918372,117.08894913,1,1,0,0,1,0.56638254,0.14684483,-0.13689539,0.05631697,0.10317969,0.05598702,-0.05409435,-0.08707840,-0.02695621,0.05031216,0.06846659,-0.00285175,-0.04507945,-0.04788086,0.03257751,0.03854708,0.02591471,-0.06136403,-0.03090338,-0.00320142,0.08838141,0.06333761,0.22374556,-0.19042214,-0.06158599,0.03123526,-0.26128684,0.05812486,0.19123965,-0.24766787,-0.05305683,0.06831487,-0.20355603,0.04652947,0.15067405,-0.30420346,-0.03873101,0.11117943,-0.14986304,-0.05704934,-0.59095280,-1.14130104,0.12141005,0.70185762,1.18965013,-0.18227045,-0.79252755,-1.20370105,0.23787592,0.86034855,1.18304870,-0.28662331,-0.90336529,-1.12828851,0.32710721,0.92033760,1.04099924,-0.05892174,-0.00137962,-0.99826166,0.02167772,-0.00911990,-0.13689539,-0.02817304,0.18493615,-0.20934805
10406700000000,synthetic_50hz_05,335,0.02,100.36597094,99.60550692,16.07015565,15.98404433,15.90255035,3.82052945,117.06178362,1,1,0,0,1,0.56579736,0.15025239,-0.14101738,0.05451605,0.08951464,0.03108480,-0.05094504,-0.07121735,-0.00132538,0.04590526,0.05086683,-0.02847224,-0.03954201,-0.02904980,0.05744900,0.03203874,0.00639525,-0.08476948,-0.02361179,0.01644368,0.10964602,0.06151278,0.21003102,-0.21535393,-0.05841914,0.04714483,-0.23562112,0.05370713,0.17359331,-0.27332787,-0.04751550,0.08718963,-0.17864119,0.04002427,0.13111463,-0.32765522,-0.03144951,0.13085993,-0.12855008,-0.11264799,-0.68786068,-1.18552417,0.17413579,0.78157350,1.20442053,-0.23060317,-0.85275318,-1.18859289,0.28042215,0.89934760,1.13849756,-0.32215643,-0.92001340,-1.05557881,0.35460279,0.91415479,0.94222724,-0.05880613,-0.00200166,-0.99826742,0.02178269,-0.00959206,-0.14101738,-0.02839020,0.18202456,-0.20869829
10406720000000,synthetic_50hz_05,336,0.02,100.41101731,99.76660900,15.99976142,15.90255035,15.82312075,3.83184893,117.03399928,1,1,0,0,1,0.56520798,0.15359370,-0.14512411,0.05154904,0.07392732,0.00550084,-0.04670499,-0.05382345,0.02435184,0.04051441,0.03216781,-0.05350245,-0.03315578,-0.00958477,0.08111056,0.02484126,-0.01327462,-0.10638021,-0.01581055,0.03575128,0.12858287,0.05852159,0.19439420,-0.24096720,-0.05416126,0.06458731,-0.20990923,0.04830517,0.15484761,-0.29839741,-0.04112509,0.10669852,-0.15493643,0.03282961,0.11140463,-0.34931215,-0.02365806,0.15020317,-0.10956493,-0.16590123,-0.77017587,-1.20445974,0.22319878,0.84467466,1.19346664,-0.27406141,-0.89482109,-1.14806534,0.31702272,0.91916941,1.06956479,-0.35084412,-0.91701765,-0.96022818,0.37455052,0.88842784,0.82320774,-0.05868646,-0.00262207,-0.99827303,0.02188060,-0.01006235,-0.14512411,-0.02860596,0.17903269,-0.20802597
10406740000000,synthetic_50hz_05,337,0.02,100.65933433,99.94515406,15.92557234,15.82312075,15.73698887,3.84313751,117.00558571,1,1,0,0,1,0.56461442,0.15686727,-0.14921515,0.04747967,0.05675480,-0.02021033,-0.04146558,-0.03527313,0.04951857,0.03425602,0.01277451,-0.07739917,-0.02605884,0.01009240,0.10304832,0.01711037,-0.03266835,-0.12572653,-0.00766860,0.05430245,0.14477999,0.05442777,0.17717216,-0.26670743,-0.04890373,0.08318628,-0.18470805,0.04203535,0.13540752,-0.32233326,-0.03402365,0.12641968,-0.13295563,0.02510124,0.09197057,-0.36870457,-0.01552560,0.16879017,-0.09331960,-0.21565119,-0.83609774,-1.19767178,0.26753080,0.88977540,1.15700061,-0.31169737,-0.91780042,-1.08297256,0.34687756,0.91936483,0.97772192,-0.37205711,-0.89442352,-0.84428310,0.38651008,0.84369556,0.68650320,-0.05856275,-0.00324065,-0.99827849,0.02197143,-0.01053066,-0.14921515,-0.02882033,0.17596188,-0.20733115
10406760000000,synthetic_50hz_05,338,0.02,100.36726870,100.02957699,15.84636728,15.73698887,15.66540305,3.85439080,116.97653272,1,1,0,0,1,0.56401672,0.16007167,-0.15329005,0.04239664,0.03837004,-0.04549127,-0.03534083,-0.01596904,0.07362945,0.02726613,-0.00689236,-0.09964487,-0.01840533,0.02955505,0.12278747,0.00901389,-0.05136565,-0.14239006,0.00063742,0.07169536,0.15788747,0.04932002,0.15873785,-0.29201719,-0.04276058,0.10253906,-0.16056295,0.03503374,0.11569376,-0.34461791,-0.02636534,0.14592646,-0.11317358,0.01700698,0.07323277,-0.38541407,-0.00722877,0.18621913,-0.08016398,-0.26081878,-0.88419634,-1.16530733,0.30617025,0.91589736,1.09581319,-0.34269468,-0.92119263,-0.99472624,0.36933906,0.89992948,0.86496087,-0.38533523,-0.85272095,-0.71025827,0.39022200,0.78092808,0.53507860,-0.05843502,-0.00385716,-0.99828379,0.02205513,-0.01099691,-0.15329005,-0.02903328,0.17281347,-0.20661390
10406780000000,synthetic_50hz_05,339,0.02,100.33645441,100.09095247,15.77036231,15.66540305,15.59490331,3.86560556,116.94683040,1,1,0,0,1,0.56341490,0.16320548,-0.15734836,0.03641147,0.01917287,-0.06979521,-0.02846463,0.00366974,0.09616395,0.01969714,-0.02640655,-0.11976023,-0.01036178,0.04838205,0.13990377,0.00072767,-0.06896267,-0.15601382,0.00892741,0.08755506,0.16762592,0.04330987,0.13949112,-0.31634969,-0.03586570,0.12222660,-0.13799445,0.02745274,0.09613258,-0.36477203,-0.01831668,0.16479774,-0.09601454,0.00872267,0.05559508,-0.39908370,0.00105234,0.20211510,-0.07037745,-0.30042990,-0.91344722,-1.10809306,0.33828557,0.92249341,1.01125472,-0.36638831,-0.90494367,-0.88526143,0.38392790,0.86130399,0.73374564,-0.39039867,-0.79283252,-0.56107563,0.38561407,0.70150331,0.37222954,-0.05830328,-0.00447140,-0.99828894,0.02213169,-0.01146100,-0.15734836,-0.02924481,0.16958885,-0.20587430
10406800000000,synthetic_50hz_05,340,0.02,100.28261413,100.12928481,15.69666953,15.59490331,15.52552818,3.87677944,116.91646906,1,1,0,0,1,0.56280900,0.16626731,-0.16138966,0.02965573,-0.00041982,-0.09259923,-0.02098744,0.02321794,0.11663884,0.01171408,-0.04534668,-0.13731570,-0.00210299,0.06616805,0.15403369,-0.00756873,-0.08508176,-0.16631081,0.01702224,0.10154253,0.17379311,0.03652888,0.11984887,-0.33918203,-0.02836953,0.14182361,-0.11748578,0.01945736,0.07714538,-0.38236606,-0.01005248,0.18262815,-0.08184205,0.00042787,0.03943513,-0.40942642,0.00913859,0.21613904,-0.06416228,-0.33363888,-0.92325552,-1.02731647,0.36319519,0.90946008,0.90520120,-0.38228041,-0.86944448,-0.75698856,0.39034431,0.80436239,0.58695158,-0.38715440,-0.71609016,-0.39999252,0.37280265,0.60717272,0.20150149,-0.05816756,-0.00508313,-0.99829394,0.02220108,-0.01192284,-0.16138966,-0.02945491,0.16628945,-0.20511244
10406820000000,synthetic_50hz_05,341,0.02,100.04660440,100.11274872,15.62479016,15.52552818,15.46336032,3.88791075,116.88543929,1,1,0,0,1,0.56219903,0.16925583,-0.16541351,0.02227774,-0.01998422,-0.11341686,-0.01307255,0.04225439,0.13461982,0.00349048,-0.06330636,-0.15194163,0.00619223,0.08253317,0.16488290,-0.01569641,-0.09938051,-0.17307051,0.02474806,0.11336266,0.17626841,0.02912537,0.10023490,-0.36002772,-0.02043539,0.16090894,-0.09947125,0.01122115,0.05913852,-0.39703036,-0.00175155,0.19903781,-0.07095042,-0.00769852,0.02509536,-0.41623175,0.01685613,0.22799585,-0.06163906,-0.35974851,-0.91346857,-0.92479221,0.38038343,0.87713821,0.78000649,-0.39005172,-0.81551955,-0.61273282,0.38847463,0.73038907,0.42779378,-0.37569764,-0.62420114,-0.23052125,0.35208911,0.50001720,0.02660268,-0.05802788,-0.00569215,-0.99829879,0.02226328,-0.01238235,-0.16541351,-0.02966357,0.16291671,-0.20432839
10406840000000,synthetic_50hz_05,342,0.02,99.72942329,100.03608364,15.55698963,15.46336032,15.40943253,3.89899860,116.85373193,1,1,0,0,1,0.56158504,0.17216970,-0.16941946,0.01443886,-0.03909995,-0.13180958,-0.00489204,0.06037225,0.14973161,-0.00479582,-0.07990398,-0.16333682,0.01434542,0.09713205,0.17223294,-0.02348143,-0.11155975,-0.17616351,0.03194046,0.12277113,0.17501521,0.02126072,0.08106957,-0.37844824,-0.01223533,0.17907571,-0.08432614,0.00292194,0.04249362,-0.40846372,0.00640767,0.21368138,-0.06355811,-0.01548256,0.01287493,-0.41937025,0.02404057,0.23744121,-0.06284444,-0.37822596,-0.88437679,-0.80281476,0.38951194,0.82630181,0.63844221,-0.38956812,-0.74440416,-0.45566308,0.37839286,0.64104500,0.25974697,-0.35630836,-0.51920420,-0.05634223,0.32395132,0.38239451,-0.14868688,-0.05788425,-0.00629822,-0.99830350,0.02231826,-0.01283944,-0.16941946,-0.02987077,0.15947213,-0.20352224
10406860000000,synthetic_50hz_05,343,0.02,99.47945023,99.92475696,15.49501565,15.40943253,15.35893736,3.91004301,116.82133811,1,1,0,0,1,0.56096705,0.17500766,-0.17340709,0.00630950,-0.05736020,-0.14739695,0.00337746,0.07718863,0.16166648,-0.01296705,-0.09479168,-0.17127510,0.02218279,0.10966185,0.17594577,-0.03075900,-0.12137041,-0.17554385,0.03844840,0.12957980,0.17008092,0.01310531,0.06275974,-0.39406316,-0.00394601,0.19594106,-0.07235817,-0.00526250,0.02755855,-0.41643998,0.01425137,0.22625599,-0.05980318,-0.02275944,0.00302290,-0.41879597,0.03054083,0.24428697,-0.06773098,-0.38871424,-0.83670276,-0.66409863,0.39042635,0.75813554,0.48362694,-0.38088228,-0.65771092,-0.28921207,0.36035720,0.53832419,0.08645908,-0.32944285,-0.40341732,0.11878657,0.28903052,0.25687975,-0.32060754,-0.05773671,-0.00690115,-0.99830807,0.02236602,-0.01329400,-0.17340709,-0.03007650,0.15595723,-0.20269408
10406880000000,synthetic_50hz_05,344,0.02,99.11867896,99.76354136,15.43786277,15.35893736,15.31479771,3.92104460,116.78824919,1,1,0,0,1,0.56034510,0.17776843,-0.17737596,-0.00193515,-0.07438131,-0.15986512,0.01155909,0.09235362,0.17019089,-0.02084977,-0.10766333,-0.17560998,0.02953935,0.11986906,0.17596614,-0.03737730,-0.12861891,-0.17124913,0.04413764,0.13366062,0.16159492,0.00483437,0.04568903,-0.40655862,0.00425572,0.21115507,-0.06380090,-0.01315872,0.01463944,-0.42081264,0.02161456,0.23650816,-0.05974088,-0.02937737,-0.00426714,-0.41454650,0.03622270,0.24840508,-0.07616931,-0.39103892,-0.77157902,-0.51170819,0.38315795,0.67420160,0.31894711,-0.36423035,-0.55738663,-0.11699065,0.33480183,0.42450194,-0.08833872,-0.29572081,-0.27937867,0.29112123,0.24811402,0.12620078,-0.48551059,-0.05758526,-0.00750072,-0.99831251,0.02240652,-0.01374596,-0.17737596,-0.03028077,0.15237355,-0.20184399
10406900000000,synthetic_50hz_05,345,0.02,98.99917053,99.61066719,15.38617544,15.31479771,15.26597780,3.93200456,116.75445685,1,1,0,0,1,0.55971920,0.18045082,-0.18132565,-0.01011934,-0.08981174,-0.16897345,0.01947998,0.10555817,0.17515004,-0.02827901,-0.11826131,-0.17627698,0.03626274,0.12755492,0.17232177,-0.04320100,-0.13317107,-0.16339845,0.04889375,0.13494783,0.14976427,-0.00337638,0.03020900,-0.41569399,0.01219699,0.22440868,-0.05880911,-0.02060176,0.00399392,-0.42151722,0.02834488,0.24423909,-0.06334348,-0.03520101,-0.00886100,-0.40674095,0.04097175,0.24972979,-0.08795238,-0.38520988,-0.69051536,-0.34897922,0.36792051,0.57639705,0.14797185,-0.34002381,-0.44566094,0.05730162,0.30232407,0.30207622,-0.26092305,-0.25590819,-0.14978251,0.45702195,0.20211435,-0.00682951,-0.63994470,-0.05742994,-0.00809671,-0.99831681,0.02243977,-0.01419523,-0.18132565,-0.03048355,0.14872267,-0.20097208
10406920000000,synthetic_50hz_05,346,0.02,98.86905107,99.46234397,15.33569243,15.26597780,15.21322379,3.94292403,116.71995303,1,1,0,0,1,0.55908940,0.18305362,-0.18525573,-0.01807102,-0.10333992,-0.17455904,0.02697538,0.11654087,0.17647034,-0.03510203,-0.12638189,-0.17329391,0.04221668,0.13257925,0.16512134,-0.04811419,-0.13495430,-0.15218825,0.05262455,0.13343855,0.13486749,-0.01135488,0.01663122,-0.42130636,0.01971306,0.23544049,-0.05745642,-0.02743887,-0.00417429,-0.41857153,0.03430606,0.24930862,-0.07050230,-0.04011445,-0.01068610,-0.39557575,0.04469580,0.24825821,-0.10280166,-0.37141823,-0.59535666,-0.17943457,0.34510228,0.46690307,-0.02563556,-0.30883687,-0.32498845,0.22996661,0.26366756,0.17370426,-0.42766762,-0.21089658,-0.01741209,0.61303876,0.15204536,-0.13938207,-0.78073572,-0.05727076,-0.00868891,-0.99832100,0.02246575,-0.01464171,-0.18525573,-0.03068483,0.14500622,-0.20007843
10406940000000,synthetic_50hz_05,347,0.02,98.30019523,99.22991422,15.28425560,15.21322379,15.17340389,3.95380380,116.68472994,1,1,0,0,1,0.55845573,0.18557571,-0.18916577,-0.02562586,-0.11470099,-0.17653925,0.03389240,0.12509329,0.17415961,-0.04118181,-0.13187909,-0.16675888,0.04728393,0.13486275,0.15455040,-0.05202283,-0.13395826,-0.13788616,0.05526189,0.12919169,0.11724661,-0.01893680,0.00522055,-0.42331309,0.02665102,0.24404205,-0.05973497,-0.03353304,-0.00971920,-0.41207366,0.03938086,0.25163745,-0.08103181,-0.04402364,-0.00973209,-0.38131854,0.04732668,0.24404924,-0.12037514,-0.35002846,-0.48823281,-0.00669655,0.31525360,0.34812771,-0.19820701,-0.27138984,-0.19798592,0.39739616,0.21970178,0.04213611,-0.58512820,-0.16167962,0.11492850,0.75599072,0.09899615,-0.26867968,-0.90505768,-0.05710776,-0.00927711,-0.99832506,0.02248445,-0.01508533,-0.18916577,-0.03088462,0.14122582,-0.19916313
10406960000000,synthetic_50hz_05,348,0.02,98.21389607,99.02671059,15.23769789,15.17340389,15.12500450,3.96464517,116.64878010,1,1,0,0,1,0.55781821,0.18801596,-0.19305535,-0.03263099,-0.12368206,-0.17491192,0.04009341,0.13106383,0.16830526,-0.04639991,-0.13466697,-0.15684628,0.05136868,0.13438760,0.14086536,-0.05485647,-0.13023377,-0.12082322,0.05676272,0.12232525,0.09729768,-0.02596927,-0.00381011,-0.42171201,0.03287325,0.25006178,-0.06555739,-0.03876582,-0.01255489,-0.40219804,0.04347346,0.25120775,-0.09467559,-0.04685814,-0.00604980,-0.36430032,0.04882137,0.23722089,-0.14027675,-0.32156634,-0.37150223,0.16560138,0.27907054,0.22264395,-0.36615701,-0.22852901,-0.06736673,0.55615617,0.17139888,-0.08985270,-0.73012108,-0.10932724,0.24448164,0.88303626,0.04410365,-0.39206205,-1.01049309,-0.05694096,-0.00986111,-0.99832900,0.02249586,-0.01552598,-0.19305535,-0.03108288,0.13738313,-0.19822630
10406980000000,synthetic_50hz_05,349,0.02,97.95180965,98.81173040,15.19036666,15.12500450,15.07583058,3.97544908,116.61209632,1,1,0,0,1,0.55717688,0.19037329,-0.19692404,-0.03894837,-0.13012608,-0.16975360,0.04545893,0.13436000,0.15907033,-0.05065888,-0.13472026,-0.14380099,0.05439832,0.13119646,0.12438579,-0.05656943,-0.12389021,-0.10138450,0.05710962,0.11301215,0.07546024,-0.03231424,-0.01030373,-0.41657969,0.03826027,0.25340719,-0.07476063,-0.04303977,-0.01265605,-0.38918951,0.04651126,0.24806218,-0.11111406,-0.04857227,0.00025141,-0.34490621,0.04916242,0.22794609,-0.16206698,-0.28670275,-0.24769080,0.33390104,0.23737507,0.09312496,-0.52606595,-0.18120376,0.06412571,0.70306414,0.11980826,-0.21952761,-0.85979267,-0.05495864,0.36860042,0.99173296,-0.01147547,-0.50704632,-1.09508114,-0.05677039,-0.01044071,-0.99833284,0.02249998,-0.01596360,-0.19692404,-0.03127963,0.13347987,-0.19726802
10407000000000,synthetic_50hz_05,350,0.02,97.64232669,98.57784966,15.14226151,15.07583058,15.02724311,3.98621621,116.57467170,1,1,0,0,1,0.55653176,0.19264668,-0.20077144,-0.04445762,-0.13393415,-0.16121579,0.04989000,0.13494910,0.14668779,-0.05388403,-0.13207339,-0.12793071,0.05632455,0.12538995,0.10548533,-0.05714122,-0.11509146,-0.07999876,0.05631048,0.10147483,0.05220579,-0.03785134,-0.01416138,-0.40806761,0.04271311,0.25404555,-0.08711171,-0.04628018,-0.01005715,-0.37335579,0.04844594,0.24230137,-0.12997359,-0.04914553,0.00900764,-0.32356494,0.04835774,0.21644725,-0.18527430,-0.24623433,-0.11942810,0.49480155,0.19109263,-0.03772140,-0.67475658,-0.13044164,0.19378337,0.83525807,0.06602995,-0.34425848,-0.97167867,0.00028541,0.48480846,1.08008532,-0.06659254,-0.61138119,-1.15735262,-0.05659606,-0.01101569,-0.99833658,0.02249682,-0.01639808,-0.20077144,-0.03147484,0.12951774,-0.19628841
10407020000000,synthetic_50hz_05,351,0.02,97.11940147,98.28616002,15.09395378,15.02724311,14.98663255,3.99694709,116.53649964,1,1,0,0,1,0.55588290,0.19483511,-0.20459713,-0.04905838,-0.13506616,-0.14951924,0.05330991,0.13285730,0.13145313,-0.05602448,-0.12681811,-0.10959715,0.05712385,0.11712269,0.08458144,-0.05657631,-0.10405057,-0.05712721,0.05439764,0.08797863,0.02802597,-0.04248020,-0.01534296,-0.39639654,0.04615508,0.25200305,-0.10231515,-0.04843620,-0.00484990,-0.35505858,0.04925400,0.23407992,-0.15083674,-0.04858240,0.02000586,-0.30073772,0.04643968,0.20298972,-0.20940710,-0.20106138,0.01061700,0.64513495,0.14122757,-0.16721707,-0.80936206,-0.07732210,0.31899620,0.95025487,0.01118740,-0.46157851,-1.06375140,0.05526984,0.59085331,1.14657948,-0.12013362,-0.70309352,-1.19635113,-0.05641801,-0.01158586,-0.99834022,0.02248637,-0.01682936,-0.20459713,-0.03166852,0.12549850,-0.19528757
10407040000000,synthetic_50hz_05,352,0.02,96.44949546,97.91882711,15.04887886,14.98663255,14.95737245,4.00764258,116.49757384,1,1,0,0,1,0.55523032,0.19693762,-0.20840068,-0.05267205,-0.13353999,-0.13494686,0.05566532,0.12816734,0.11371564,-0.05705374,-0.11909956,-0.08920594,0.05679727,0.10659809,0.06212439,-0.05490330,-0.09102335,-0.03325177,0.05142645,0.07282436,0.00342048,-0.04612222,-0.01386636,-0.38184936,0.04853281,0.24736242,-0.12002165,-0.04948131,0.00282053,-0.33470351,0.04893648,0.22360125,-0.17325322,-0.04691149,0.03299026,-0.27690647,0.04346357,0.18787432,-0.23396566,-0.15216378,0.13979981,0.78203318,0.08883743,-0.29277537,-0.92738366,-0.02294985,0.43731009,1.04599725,-0.04359938,-0.56923694,-1.13445424,0.10889162,0.68475244,1.19020439,-0.17104446,-0.78052620,-1.21164039,-0.05623627,-0.01215102,-0.99834378,0.02246863,-0.01725733,-0.20840068,-0.03186063,0.12142392,-0.19426561
10407060000000,synthetic_50hz_05,353,0.02,96.36635874,97.60833343,15.01044617,14.95737245,14.91425918,4.01830419,116.45788831,1,1,0,0,1,0.55457405,0.19895328,-0.21218170,-0.05524286,-0.12942926,-0.11783511,0.05692675,0.12101472,0.09386863,-0.05696941,-0.10911127,-0.06719588,0.05536962,0.09406209,0.03858584,-0.05217350,-0.07630105,-0.00886335,0.04747319,0.05634022,-0.02111468,-0.04872164,-0.00980518,-0.36476255,0.04981684,0.24025916,-0.13983792,-0.04941313,0.01276064,-0.31272937,0.04751820,0.21111129,-0.19675138,-0.04418408,0.04766957,-0.25256210,0.03950568,0.17142925,-0.25845399,-0.10057585,0.26556025,0.90298506,0.03500678,-0.41195800,-1.02673709,0.03157155,0.54647882,1.12088782,-0.09723966,-0.66524439,-1.18272283,0.16010431,0.76483066,1.21045939,-0.21835307,-0.84236650,-1.20329783,-0.05605087,-0.01271098,-0.99834725,0.02244361,-0.01768192,-0.21218170,-0.03205119,0.11729578,-0.19322264
10407080000000,synthetic_50hz_05,354,0.02,96.36053688,97.35877412,14.97004764,14.91425918,14.85646043,4.02893294,116.41743737,1,1,0,0,1,0.55391413,0.20088121,-0.21593976,-0.05673841,-0.12285970,-0.09856448,0.05708841,0.11158285,0.07233890,-0.05579253,-0.09708902,-0.04402775,0.05288812,0.07979606,0.01444726,-0.04845893,-0.06020255,0.01554975,0.04263264,0.03887337,-0.04509845,-0.05024605,-0.00328516,-0.34551660,0.05000138,0.23087669,-0.16133715,-0.04825268,0.02473463,-0.28959696,0.04504636,0.19689143,-0.22084974,-0.04047221,0.06372494,-0.22819291,0.03466082,0.15400164,-0.28239104,-0.04736066,0.38547894,1.00588199,-0.01917867,-0.52252615,-1.10578634,0.08516507,0.64450869,1.17381036,-0.14869611,-0.74790975,-1.20799288,0.20794018,0.82974822,1.20734840,-0.26118924,-0.88766466,-1.17189550,-0.05586183,-0.01326553,-0.99835066,0.02241132,-0.01810304,-0.21593976,-0.03224018,0.11311593,-0.19215876
10407100000000,synthetic_50hz_05,355,0.02,96.71062720,97.22914474,14.92234101,14.85646043,14.77268385,4.03952873,116.37621566,1,1,0,0,1,0.55325058,0.20272056,-0.21967447,-0.05714953,-0.11400438,-0.07754924,0.05616751,0.10009709,0.04957578,-0.05356615,-0.08330396,-0.02017303,0.04942045,0.06410913,-0.00981132,-0.04384995,-0.04306601,0.03951281,0.03701522,0.02078127,-0.06807512,-0.05068627,0.00552064,-0.32452577,0.04910362,0.21944035,-0.18407001,-0.04604302,0.03847136,-0.26577774,0.04158866,0.18125076,-0.24506829,-0.03586624,0.08081819,-0.20427362,0.02903940,0.13594898,-0.30532109,0.00641526,0.49732730,1.08905152,-0.07265687,-0.62248437,-1.16336486,0.13680376,0.72969493,1.20413785,-0.19700653,-0.81586803,-1.21019498,0.25152951,0.87851929,1.18136163,-0.29880077,-0.91584242,-1.11846907,-0.05566918,-0.01381448,-0.99835399,0.02237177,-0.01852062,-0.21967447,-0.03242759,0.10888619,-0.19107411
10407120000000,synthetic_50hz_05,356,0.02,96.80007712,97.14333121,14.85948500,14.77268385,14.67727066,4.05008957,116.33421812,1,1,0,0,1,0.55258345,0.20447051,-0.22338542,-0.05648956,-0.10307798,-0.05522677,0.05420290,0.08681804,0.02604018,-0.05035354,-0.06805510,0.00389715,0.04505247,0.04733010,-0.03372213,-0.03845251,-0.02524054,0.06257489,0.03074395,0.00242329,-0.08962358,-0.05005565,0.01639754,-0.30222743,0.04716243,0.20621075,-0.20757560,-0.04284743,0.05367182,-0.24174284,0.03723094,0.16451811,-0.26893925,-0.03047212,0.09860022,-0.18125516,0.02276442,0.11763063,-0.32682303,0.05970622,0.59911078,1.15127852,-0.12441264,-0.71011646,-1.19878396,0.18553219,0.80064916,1.21172790,-0.24130276,-0.86809877,-1.18973716,0.29011646,0.91052069,1.13344574,-0.33056596,-0.92669187,-1.04447656,-0.05547296,-0.01435766,-0.99835727,0.02232497,-0.01893457,-0.22338542,-0.03261341,0.10460843,-0.18996878
10407140000000,synthetic_50hz_05,357,0.02,96.62047847,97.03876067,14.78295498,14.67727066,14.58194173,4.06061211,116.29144001,1,1,0,0,1,0.55191276,0.20613029,-0.22707221,-0.05479318,-0.09033027,-0.03204682,0.05125339,0.07203428,0.00219377,-0.04623595,-0.05166150,0.02772254,0.03988550,0.02979930,-0.05683959,-0.03238514,-0.00707797,0.08431792,0.02395109,-0.01584743,-0.10936534,-0.04838887,0.02909576,-0.27907136,0.04423662,0.19147645,-0.23139225,-0.03874714,0.07001696,-0.21795253,0.03207455,0.14703380,-0.29201704,-0.02440837,0.11671921,-0.15955559,0.01596818,0.09939971,-0.34651838,0.11151004,0.68910407,1.19181385,-0.17349852,-0.78401267,-1.21182885,0.23048495,0.85631782,1.19690626,-0.28082640,-0.90393493,-1.14747631,0.32307150,0.92549117,1.06496407,-0.35600229,-0.92036506,-0.95174843,-0.05527320,-0.01489486,-0.99836050,0.02227093,-0.01934480,-0.22707221,-0.03279763,0.10028455,-0.18884291
10407160000000,synthetic_50hz_05,358,0.02,96.67829129,96.96666679,14.69852941,14.58194173,14.47673457,4.07109261,116.24787694,1,1,0,0,1,0.55123854,0.20769917,-0.23073444,-0.05211466,-0.07603905,-0.00846103,0.04739556,0.05605472,-0.02151131,-0.04131002,-0.03445430,0.05086347,0.03403349,0.01186055,-0.07874921,-0.02577577,0.01107515,0.10436458,0.01677491,-0.03369154,-0.12697107,-0.04574020,0.04333752,-0.25550917,0.04040274,0.17554638,-0.25506780,-0.03383880,0.08717563,-0.19484644,0.02623340,0.12914165,-0.31388718,-0.01780293,0.13482860,-0.13955226,0.00878891,0.08159558,-0.36407782,0.16088846,0.76587808,1.21037108,-0.21905297,-0.84308794,-1.20274309,0.27090209,0.89599118,1.16043946,-0.31494097,-0.92306257,-1.08467981,0.34989995,0.92352164,0.97764834,-0.37477116,-0.89735516,-0.84243082,-0.05506993,-0.01542590,-0.99836369,0.02220969,-0.01975125,-0.23073444,-0.03298024,0.09591644,-0.18769662
10407180000000,synthetic_50hz_05,359,0.02,97.00851052,96.97503554,14.60537558,14.47673457,14.35222872,4.08152690,116.20352480,1,1,0,0,1,0.55056084,0.20917646,-0.23437171,-0.04852582,-0.06050278,0.01508709,0.04272122,0.03920094,-0.04464187,-0.03568495,-0.01676892,0.07290961,0.02761986,-0.00614655,-0.09907533,-0.01875848,0.02888482,0.12238466,0.00935629,-0.05079033,-0.14216558,-0.04218145,0.05882436,-0.23198438,0.03575263,0.15874211,-0.27816909,-0.02823160,0.10481242,-0.17283493,0.01983094,0.11118125,-0.33417400,-0.01078989,0.15259440,-0.12157535,0.00136750,0.06453697,-0.37922615,0.20698500,0.82831801,1.20711188,-0.26031555,-0.88659118,-1.17220250,0.30614108,0.91930352,1.10349797,-0.34314043,-0.92551190,-1.00297907,0.37024687,0.90503735,0.87354383,-0.38667892,-0.85847015,-0.71892390,-0.05486318,-0.01595061,-0.99836685,0.02214124,-0.02015382,-0.23437171,-0.03316124,0.09150603,-0.18653002
10407200000000,synthetic_50hz_05,360,0.02,96.76385560,96.93279955,14.49905390,14.35222872,14.23293137,4.09190989,116.15837983,1,1,0,0,1,0.54987968,0.21056150,-0.23798364,-0.04411360,-0.04403310,0.03817141,0.03733475,0.02179958,-0.06679225,-0.02947953,0.00106243,0.09348744,0.02077441,-0.02389381,-0.11748735,-0.01147034,0.04603633,0.13810004,0.00183558,-0.06685159,-0.15473124,-0.03779957,0.07524463,-0.20892311,0.03039065,0.14139028,-0.30029045,-0.02204435,0.12259512,-0.15229151,0.01299696,0.09348079,-0.35254692,-0.00350629,0.16970189,-0.10590299,-0.00615567,0.04851606,-0.39174573,0.24903982,0.87563291,1.18262131,-0.29663873,-0.91410592,-1.12127992,0.33568540,0.92622484,1.02761150,-0.36505410,-0.91164026,-0.90431656,0.38389813,0.87077266,0.75494976,-0.39167419,-0.80480029,-0.58381740,-0.05465299,-0.01646880,-0.99836999,0.02206562,-0.02055245,-0.23798364,-0.03334061,0.08705527,-0.18534325
10407220000000,synthetic_50hz_05,361,0.02,96.73493299,96.89322624,14.38728243,14.23293137,14.10821417,4.10223675,116.11243861,1,1,0,0,1,0.54919509,0.21185369,-0.24156982,-0.03897743,-0.02694747,0.06039149,0.03135020,0.00417503,-0.08759165,-0.02281913,0.01871778,0.11226651,0.01363018,-0.04107094,-0.13370467,-0.00404825,0.06224001,0.15128806,-0.00565038,-0.08161467,-0.16450975,-0.03269398,0.09228087,-0.18672582,0.02443087,0.12381527,-0.32106107,-0.01540240,0.14020175,-0.13354663,0.00586449,0.07635057,-0.36872532,0.00391095,0.18586141,-0.09275784,-0.01364380,0.03379350,-0.40147827,0.28640134,0.90735669,1.13787412,-0.32749628,-0.92554267,-1.05140231,0.35914935,0.91704483,0.93461809,-0.38044798,-0.88210816,-0.79088838,0.39077811,0.82173990,0.62435700,-0.38984193,-0.73768049,-0.43982512,-0.05443938,-0.01698030,-0.99837312,0.02198286,-0.02094704,-0.24156982,-0.03351835,0.08256612,-0.18413643
10407240000000,synthetic_50hz_05,362,0.02,96.59615802,96.83381259,14.27007376,14.10821417,13.98171296,4.11250280,116.06569802,1,1,0,0,1,0.54850712,0.21305246,-0.24512987,-0.03322652,-0.00956210,0.08137974,0.02488835,-0.01335733,-0.10671020,-0.01583264,0.03589166,0.12896415,0.00632047,-0.05739121,-0.14750000,0.00337392,0.07723615,0.16178337,-0.01297105,-0.09485433,-0.17140244,-0.02697389,0.10961689,-0.16576008,0.01799404,0.10633247,-0.34015110,-0.00843464,0.15732687,-0.11688295,-0.00143315,0.06007730,-0.38248193,0.01132797,0.20081325,-0.08230525,-0.02096633,0.02059454,-0.40832512,0.31853461,0.92334133,1.07419372,-0.35248832,-0.92112396,-0.96430185,0.37627964,0.89235015,0.82660872,-0.38922263,-0.83784948,-0.66508406,0.39094415,0.75919322,0.48438473,-0.38139458,-0.65864906,-0.28972035,-0.05422240,-0.01748492,-0.99837624,0.02189297,-0.02133753,-0.24512987,-0.03369445,0.07804056,-0.18290970
10407260000000,synthetic_50hz_05,363,0.02,96.57797113,96.78264430,14.14896223,13.98171296,13.84730070,4.12270373,116.01815530,1,1,0,0,1,0.54781578,0.21415727,-0.24866342,-0.02697694,0.00781465,0.10080743,0.01807381,-0.03049730,-0.12386370,-0.00864960,0.05230069,0.14334892,-0.00102398,-0.07259624,-0.15870133,0.01066804,0.09079880,0.16947830,-0.02000453,-0.10638359,-0.17536913,-0.02075537,0.12694431,-0.14635462,0.01120479,0.08924207,-0.35727633,-0.00127062,0.17368708,-0.10253192,-0.00876523,0.04491937,-0.39364472,0.01861662,0.21433147,-0.07465287,-0.02800136,0.00910617,-0.41224609,0.34502638,0.92374283,0.99320530,-0.37134296,-0.90136275,-0.86196273,0.38695355,0.85299597,0.70586938,-0.39140809,-0.78003691,-0.52942548,0.38457816,0.68458902,0.33771800,-0.36666065,-0.56940411,-0.13627395,-0.05400209,-0.01798251,-0.99837936,0.02179599,-0.02172384,-0.24866342,-0.03386889,0.07348058,-0.18166318
10407280000000,synthetic_50hz_05,364,0.02,96.43345555,96.71280655,14.02226438,13.84730070,13.70913612,4.13283530,115.96980800,1,1,0,0,1,0.54712112,0.21516764,-0.25217006,-0.02034888,0.02488822,0.11838930,0.01103220,-0.04696525,-0.13881698,-0.00139745,0.06768825,0.15524249,-0.00827759,-0.08645976,-0.16719229,0.01771398,0.10273860,0.17432186,-0.02663966,-0.11605544,-0.17642565,-0.01415861,0.14396860,-0.12879471,0.00418874,0.07282369,-0.37220159,0.00596223,0.18902576,-0.09067187,-0.01600618,0.03110304,-0.40209735,0.02565680,0.22622670,-0.06985170,-0.03463773,-0.00052463,-0.41325701,0.36558691,0.90900093,0.89678484,-0.38391480,-0.86703544,-0.74656543,0.39117424,0.80007293,0.57482219,-0.38715595,-0.71004393,-0.38650656,0.37197578,0.59954404,0.18704777,-0.34607136,-0.47175902,0.01780370,-0.05377846,-0.01847289,-0.99838250,0.02169194,-0.02210589,-0.25217006,-0.03404168,0.06888820,-0.18039702
10407300000000,synthetic_50hz_05,365,0.02,96.16445197,96.60313563,13.89075051,13.70913612,13.57011985,4.14289342,115.92065403,1,1,0,0,1,0.54642318,0.21608313,-0.25564944,-0.01346392,0.04138315,0.13388692,0.00388752,-0.06250668,-0.15138583,0.00580097,0.08182811,0.16452021,-0.01532220,-0.09879040,-0.17291140,0.02440169,0.11290452,0.17631747,-0.03277767,-0.12376354,-0.17464023,-0.00730519,0.16041428,-0.11331878,-0.00293012,0.05733185,-0.38474268,0.01314106,0.20311670,-0.08142743,-0.02303784,0.01881969,-0.40777831,0.03233844,0.23634791,-0.06789832,-0.04077668,-0.00819151,-0.41142610,0.38004879,0.87981339,0.78700563,-0.39018059,-0.81915038,-0.62043011,0.38906329,0.73487089,0.43596729,-0.37672912,-0.62940472,-0.23893534,0.35353368,0.50579252,0.03501477,-0.32014569,-0.36759809,0.16991530,-0.05355157,-0.01895590,-0.99838566,0.02158087,-0.02248360,-0.25564944,-0.03421280,0.06426544,-0.17911134
10407320000000,synthetic_50hz_05,366,0.02,95.74953268,96.43241504,13.75608563,13.57011985,13.43301768,4.15287434,115.87069162,1,1,0,0,1,0.54572198,0.21690333,-0.25910116,-0.00644245,0.05704750,0.14711068,-0.00324029,-0.07689588,-0.16143771,0.01282962,0.09452731,0.17111041,-0.02204906,-0.10943347,-0.17584992,0.03063282,0.12118462,0.17551959,-0.03833342,-0.12944195,-0.17012895,-0.00031549,0.17602941,-0.10011643,-0.01003185,0.04299224,-0.39476705,0.02014985,0.21576692,-0.07487029,-0.02975144,0.00822400,-0.41067888,0.03856319,0.24458318,-0.06873828,-0.04633306,-0.01382852,-0.40686946,0.38836300,0.83710622,0.66608388,-0.39023234,-0.75891324,-0.48596062,0.38085110,0.65884044,0.29182690,-0.36048975,-0.53977296,-0.08927967,0.32973531,0.40514358,-0.11584154,-0.28947445,-0.25883371,0.31762298,-0.05332145,-0.01943137,-0.99838886,0.02146281,-0.02285691,-0.25910116,-0.03438224,0.05961435,-0.17780629
10407340000000,synthetic_50hz_05,367,0.02,95.20341980,96.18661600,13.62039709,13.43301768,13.29913939,4.16277487,115.81991935,1,1,0,0,1,0.54501756,0.21762788,-0.26252486,0.00059864,0.07165644,0.15792056,-0.01023750,-0.08993863,-0.16889113,0.01958121,0.10562784,0.17499249,-0.02836039,-0.11827176,-0.17604874,0.03632192,0.12750584,0.17202941,-0.04323627,-0.13306387,-0.16305040,0.00669359,0.19058917,-0.08932768,-0.01700272,0.02999909,-0.40219322,0.02688129,0.22681843,-0.07102103,-0.03604922,-0.00056681,-0.41083996,0.04424561,0.25085943,-0.07227037,-0.05123623,-0.01740888,-0.39974569,0.39059246,0.78200060,0.53632494,-0.38426826,-0.68769029,-0.34559069,0.36686542,0.57355354,0.14489290,-0.33888569,-0.44288097,0.05998223,0.30113572,0.29943994,-0.26312803,-0.25470387,-0.14736592,0.45868774,-0.05308814,-0.01989915,-0.99839210,0.02133779,-0.02322574,-0.26252486,-0.03455000,0.05493696,-0.17648201
10407360000000,synthetic_50hz_05,368,0.02,94.47682184,95.84465716,13.48546886,13.29913939,13.17114690,4.17259247,115.76833614,1,1,0,0,1,0.54430995,0.21825646,-0.26592016,0.00754808,0.08501495,0.16622568,-0.01699843,-0.10147405,-0.17371399,0.02595872,0.11500760,0.17619406,-0.03417060,-0.12522543,-0.17359437,0.04139732,0.13183295,0.16598987,-0.04743055,-0.13463967,-0.15359980,0.01361078,0.20389855,-0.08104342,-0.02373704,0.01851327,-0.40698909,0.03323836,0.23614911,-0.06985206,-0.04184558,-0.00747293,-0.40834804,0.04931403,0.25514145,-0.07835166,-0.05543052,-0.01894295,-0.39024998,0.38690362,0.71577796,0.40007153,-0.37258193,-0.60697072,-0.20173331,0.34751853,0.48066424,-0.00242098,-0.31243601,-0.34049998,0.20650546,0.26834581,0.19051895,-0.40463630,-0.21651908,-0.03504517,0.59110129,-0.05285168,-0.02035907,-0.99839540,0.02120586,-0.02359002,-0.26592016,-0.03471606,0.05023535,-0.17513864
10407380000000,synthetic_50hz_05,369,0.02,94.08450188,95.49262611,13.35345363,13.17114690,13.03151358,4.18232544,115.71594123,1,1,0,0,1,0.54359919,0.21878879,-0.26928670,0.01430199,0.09695965,0.17198279,-0.02342701,-0.11137549,-0.17592091,0.03187661,0.12258033,0.17478714,-0.03940719,-0.13025111,-0.16861418,0.04580165,0.13416670,0.15758000,-0.05087563,-0.13421419,-0.14200271,0.02033222,0.21579416,-0.07530688,-0.03013876,0.00866142,-0.40916926,0.03913555,0.24367273,-0.07129135,-0.04706804,-0.01245097,-0.40333051,0.05371106,0.25742997,-0.08680310,-0.05887530,-0.01847558,-0.37860791,0.37755623,0.63984396,0.25965498,-0.35555018,-0.51832913,-0.05673455,0.32329346,0.38187063,-0.14782157,-0.28171603,-0.23440262,0.34811592,0.23201660,0.08017667,-0.53837393,-0.17562802,0.07636080,0.71311036,-0.05261210,-0.02081100,-0.99839875,0.02106706,-0.02394968,-0.26928670,-0.03488043,0.04551158,-0.17377633
10407400000000,synthetic_50hz_05,370,0.02,93.66286322,95.12667353,13.21823881,13.03151358,12.88019648,4.19197198,115.66273422,1,1,0,0,1,0.54288532,0.21922464,-0.27262412,0.02076544,0.10735981,0.17519387,-0.02943794,-0.11955068,-0.17556969,0.03726173,0.12829484,0.17088375,-0.04401125,-0.13334021,-0.16127116,0.04949190,0.13454131,0.14700904,-0.05354568,-0.13186353,-0.12850858,0.02676296,0.22614526,-0.07211609,-0.03612257,0.00053584,-0.40879157,0.04449968,0.24933809,-0.07522686,-0.05165765,-0.01549233,-0.39595035,0.05739372,0.25775924,-0.09741547,-0.06154475,-0.01608286,-0.36506894,0.36289190,0.55569264,0.11735064,-0.33362003,-0.42338893,0.08716756,0.29472974,0.27887871,-0.28917268,-0.24734225,-0.12632829,0.48284081,0.19282377,-0.02986424,-0.66258842,-0.13274609,0.18519576,0.82323330,-0.05236944,-0.02125477,-0.99840218,0.02092143,-0.02430464,-0.27262412,-0.03504308,0.04076774,-0.17239522
10407420000000,synthetic_50hz_05,371,0.02,93.19564980,94.74046878,13.07626103,12.88019648,12.71828471,4.20152974,115.60871507,1,1,0,0,1,0.54216837,0.21956381,-0.27593205,0.02685355,0.11611747,0.17590286,-0.03495759,-0.12594096,-0.17275723,0.04205380,0.13213352,0.16463094,-0.04793757,-0.13451660,-0.15175825,0.05243928,0.13302151,0.13451031,-0.05542913,-0.12769135,-0.11338437,0.03281812,0.23485392,-0.07142711,-0.04161485,-0.00580485,-0.40595290,0.04927048,0.25312756,-0.08151158,-0.05556924,-0.01662091,-0.38640051,0.06033319,0.25619397,-0.10995544,-0.06342730,-0.01186845,-0.34990000,0.34332174,0.46487149,-0.02466185,-0.30729513,-0.32378777,0.22787833,0.26240905,0.17336910,-0.42452498,-0.20995759,-0.01795211,0.60893238,0.15145296,-0.13798245,-0.77578397,-0.08858187,0.28993890,0.92026935,-0.05212375,-0.02169024,-0.99840569,0.02076903,-0.02465483,-0.27593205,-0.03520402,0.03600593,-0.17099547
10407440000000,synthetic_50hz_05,372,0.02,92.79430950,94.35123693,12.92591098,12.71828471,12.54331501,4.21099577,115.55388404,1,1,0,0,1,0.54144836,0.21980616,-0.27921013,0.03249240,0.12316695,0.17419177,-0.03992451,-0.13052004,-0.16761481,0.04620559,0.13411017,0.15620543,-0.05115454,-0.13383385,-0.14029258,0.05462867,0.12969904,0.12033503,-0.05652784,-0.12182494,-0.09690816,0.03842380,0.24185445,-0.07315792,-0.04655413,-0.01033434,-0.40078452,0.05340073,0.25505499,-0.08996874,-0.05877119,-0.01589027,-0.37489810,0.06251439,0.25282590,-0.12417178,-0.06452479,-0.00595966,-0.33337922,0.31931357,0.36894823,-0.16433289,-0.27712213,-0.22114550,0.36347574,0.22694114,0.06696703,-0.55213941,-0.17021733,0.08914212,0.72488465,0.10858607,-0.24268127,-0.87673112,-0.04382423,0.38922380,1.00330103,-0.05187506,-0.02211726,-0.99840930,0.02060989,-0.02500020,-0.27921013,-0.03536323,0.03122824,-0.16957722
10407460000000,synthetic_50hz_05,373,0.02,92.13657924,93.90830539,12.76522067,12.54331501,12.36683531,4.22036634,115.49824177,1,1,0,0,1,0.54072535,0.21995158,-0.28245802,0.03761956,0.12847363,0.17017638,-0.04428966,-0.13329199,-0.16030311,0.04968287,0.13426749,0.14580822,-0.05364370,-0.13137199,-0.12710962,0.05605796,0.12468897,0.10474639,-0.05685604,-0.11441112,-0.07936327,0.04351757,0.24711223,-0.07719277,-0.05089139,-0.01305671,-0.39344713,0.05685619,0.25516303,-0.10039737,-0.06124504,-0.01338043,-0.36167862,0.06393517,0.24777012,-0.13980131,-0.06485146,0.00149670,-0.31578988,0.29137889,0.26948004,-0.29977155,-0.24367729,-0.11703519,0.49223340,0.18895036,-0.03878385,-0.67050393,-0.12877590,0.19348472,0.82944352,0.06488877,-0.34260734,-0.96446987,0.00086913,0.48185243,1.07169010,-0.05162342,-0.02253571,-0.99841300,0.02044408,-0.02534066,-0.28245802,-0.03552071,0.02643677,-0.16814063
10407480000000,synthetic_50hz_05,374,0.02,91.38300507,93.40324533,12.59789882,12.36683531,12.19350686,4.22963754,115.44178924,1,1,0,0,1,0.53999936,0.22000000,-0.28567535,0.04218438,0.13203221,0.16400145,-0.04801636,-0.13428890,-0.15100702,0.05246401,0.13267398,0.13365898,-0.05539910,-0.12723401,-0.11245749,0.05673700,0.11812582,0.08801380,-0.05643915,-0.10561201,-0.06103264,0.04804876,0.25062196,-0.08338686,-0.05458995,-0.01400405,-0.38412561,0.05961523,0.25352022,-0.11257780,-0.06298482,-0.00919440,-0.34699018,0.06460540,0.24116113,-0.15657462,-0.06443274,0.01033851,-0.29741494,0.26006020,0.16798570,-0.42926816,-0.20755355,-0.01295780,0.61263740,0.14906303,-0.14244367,-0.77834401,-0.08627495,0.29373843,0.92161060,0.02099953,-0.43656457,-1.03830673,0.04488132,0.56680435,1.12506799,-0.05136887,-0.02294543,-0.99841681,0.02027165,-0.02567616,-0.28567535,-0.03567645,0.02163365,-0.16668585
10407500000000,synthetic_50hz_05,375,0.02,91.55504875,93.03360601,12.42805420,12.19350686,11.98980518,4.23880586,115.38452775,1,1,0,0,1,0.53927044,0.21995141,-0.28886179,0.04614793,0.13386452,0.15583594,-0.05107998,-0.13356807,-0.13993043,0.05453937,0.12942079,0.11999067,-0.05642636,-0.12154225,-0.09659151,0.05668656,0.11015959,0.07040758,-0.05531246,-0.09560097,-0.04219376,0.05197846,0.25240548,-0.09157125,-0.05762517,-0.01323365,-0.37302386,0.06166822,0.25021769,-0.12627705,-0.06399619,-0.00345452,-0.33108809,0.06454585,0.23314895,-0.17422139,-0.06330390,0.02039240,-0.27853190,0.22591866,0.06592107,-0.55131117,-0.16934850,0.08967938,0.72339708,0.10789594,-0.24269432,-0.87462710,-0.04333269,0.38871228,1.00064122,-0.02247986,-0.52352348,-1.09780639,0.08764430,0.64324125,1.16332129,-0.05111145,-0.02334631,-0.99842075,0.02009264,-0.02600663,-0.28886179,-0.03583044,0.01682099,-0.16521305
10407520000000,synthetic_50hz_05,376,0.02,91.15791621,92.65846805,12.24398961,11.98980518,11.78705844,4.24786662,115.32645898,1,1,0,0,1,0.53853860,0.21980582,-0.29201698,0.04948278,0.13401692,0.14586802,-0.05346740,-0.13120898,-0.12729111,0.05591052,0.12461822,0.10504434,-0.05674172,-0.11443465,-0.07976910,0.05593703,0.10095189,0.05219407,-0.05351965,-0.08455863,-0.02311426,0.05527924,0.25250914,-0.10155776,-0.05998394,-0.01082501,-0.36035964,0.06301673,0.24536575,-0.14125408,-0.06429536,0.00370128,-0.31422979,0.06378691,0.22389519,-0.19247526,-0.06150865,0.03147775,-0.25940837,0.18952261,-0.03534186,-0.66459819,-0.12965335,0.18958036,0.82345016,0.06604611,-0.33835318,-0.95856167,-0.00053473,0.47737111,1.06603741,-0.06499206,-0.60262622,-1.14277879,0.12864510,0.71050732,1.18657332,-0.05085120,-0.02373820,-0.99842481,0.01990713,-0.02633199,-0.29201698,-0.03598267,0.01200091,-0.16372238
10407540000000,synthetic_50hz_05,377,0.02,90.87180693,92.30113583,12.05207852,11.78705844,11.58539300,4.25681501,115.26758492,1,1,0,0,1,0.53780390,0.21956330,-0.29514059,0.05217253,0.13255751,0.13430022,-0.05517630,-0.12731007,-0.11331574,0.05658931,0.11839223,0.08906431,-0.05637083,-0.10606108,-0.06224512,0.05452715,0.09067215,0.03363137,-0.05111142,-0.07266909,-0.00404801,0.05793469,0.25100104,-0.11314387,-0.06166395,-0.00687657,-0.34635964,0.06367260,0.23909036,-0.15726457,-0.06390798,0.01212312,-0.29667013,0.06236731,0.21356927,-0.21107815,-0.05909767,0.04341045,-0.24029823,0.15143700,-0.13453220,-0.76804170,-0.08904303,0.28557411,0.91196265,0.02408190,-0.42838279,-1.02959129,0.04157352,0.55884099,1.11753633,-0.10603036,-0.67318754,-1.17326228,0.16743029,0.76812579,1.19516253,-0.05058817,-0.02412099,-0.99842902,0.01971517,-0.02665220,-0.29514059,-0.03613314,0.00717554,-0.16221399
10407560000000,synthetic_50hz_05,378,0.02,90.32048265,91.90500519,11.85607060,11.58539300,11.39957562,4.26564655,115.20790793,1,1,0,0,1,0.53706637,0.21922396,-0.29823228,0.05421115,0.12957311,0.12134478,-0.05621430,-0.12198551,-0.09823530,0.05659677,0.11088101,0.07229364,-0.05534753,-0.09657976,-0.04426773,0.05250260,0.07949407,0.01496556,-0.04814399,-0.06011653,0.01476808,0.05993879,0.24796802,-0.12611733,-0.06267281,-0.00150249,-0.33125483,0.06365687,0.23152972,-0.17406546,-0.06286791,0.02165278,-0.27865727,0.06033274,0.20234491,-0.22978396,-0.05612717,0.05600632,-0.22143840,0.11221385,-0.23049370,-0.86076989,-0.04806762,0.37662430,0.98832413,-0.01746442,-0.51189664,-1.08738453,0.08249295,0.63241077,1.15509512,-0.14514317,-0.73469219,-1.18950378,0.20360885,0.81579210,1.18961849,-0.05032240,-0.02449454,-0.99843337,0.01951682,-0.02696718,-0.29823228,-0.03628184,0.00234701,-0.16068807
10407580000000,synthetic_50hz_05,379,0.02,90.28354914,91.58071398,11.66434271,11.39957562,11.21164844,4.27435812,115.14743069,1,1,0,0,1,0.53632604,0.21878794,-0.30129171,0.05560220,0.12516622,0.10721921,-0.05659797,-0.11536186,-0.08228080,0.05596199,0.10223156,0.05497020,-0.05371260,-0.08615388,-0.02607478,0.04991465,0.06759235,-0.00357239,-0.04467764,-0.04708209,0.03311657,0.06129511,0.24351257,-0.14026064,-0.06302708,0.00517067,-0.31527624,0.06299863,0.22283082,-0.19141887,-0.06121592,0.03212707,-0.26042907,0.05773448,0.19039678,-0.24836173,-0.05265747,0.06908422,-0.20304632,0.07238398,-0.32219457,-0.94212293,-0.00724512,0.46183541,1.05213895,-0.05810262,-0.58816131,-1.13182131,0.12177524,0.69753025,1.17887273,-0.18193701,-0.78678907,-1.19193670,0.23685346,0.85336439,1.17063658,-0.05005394,-0.02485875,-0.99843788,0.01931214,-0.02727688,-0.30129171,-0.03642877,-0.00248256,-0.15914476
10407600000000,synthetic_50hz_05,380,0.02,90.15085835,91.29474285,11.47421111,11.21164844,11.02990517,4.28294736,115.08615625,1,1,0,0,1,0.53558295,0.21825544,-0.30431855,0.05635794,0.11945191,0.09214223,-0.05635175,-0.10757492,-0.06567946,0.05472091,0.09259649,0.03732313,-0.05151245,-0.07494846,-0.00789075,0.04681886,0.05513963,-0.02176912,-0.04077546,-0.03374110,0.05080138,0.06201589,0.23774977,-0.15535507,-0.06275122,0.01300708,-0.29865108,0.06173382,0.21314628,-0.20909567,-0.05899842,0.04338096,-0.24221001,0.05462807,0.17789757,-0.26659810,-0.04875160,0.08246881,-0.18531805,0.03244998,-0.40873388,-1.01164549,0.03294445,0.54045540,1.10321402,-0.09738908,-0.65659533,-1.16297637,0.15902593,0.75380531,1.18920957,-0.21607799,-0.82928274,-1.18115730,0.26690043,0.88085156,1.13905172,-0.04978282,-0.02521350,-0.99844255,0.01910121,-0.02758123,-0.30431855,-0.03657390,-0.00731104,-0.15758424
10407620000000,synthetic_50hz_05,381,0.02,89.78014114,90.99182251,11.28760262,11.02990517,10.86566279,4.29141278,115.02408799,1,1,0,0,1,0.53483714,0.21762670,-0.30731248,0.05649833,0.11255488,0.07633010,-0.05550690,-0.09876671,-0.04865133,0.05291517,0.08213104,0.01956993,-0.04879787,-0.06312750,0.01007569,0.04327371,0.04230397,-0.03943082,-0.03650195,-0.02026079,0.06764915,0.06212111,0.23080430,-0.17118436,-0.06187648,0.02186475,-0.28159939,0.05990407,0.20263134,-0.22687835,-0.05626621,0.05525046,-0.22420876,0.05107201,0.16501528,-0.28429925,-0.04447412,0.09599288,-0.16842699,-0.00711957,-0.48934471,-1.06907596,0.07206354,0.61187528,1.14154393,-0.13492989,-0.71676519,-1.18110065,0.19390614,0.80099043,1.18660569,-0.24729200,-0.86212274,-1.15790034,0.29354830,0.89839965,1.09581217,-0.04950910,-0.02555867,-0.99844740,0.01888409,-0.02788018,-0.30731248,-0.03671725,-0.01213629,-0.15600668
10407640000000,synthetic_50hz_05,382,0.02,89.03606055,90.60067012,11.11038789,10.86566279,10.73235902,4.29975432,114.96122962,1,1,0,0,1,0.53408864,0.21690198,-0.31027317,0.05605005,0.10460651,0.05999339,-0.05410032,-0.08908257,-0.03140642,0.05059085,0.07099035,0.00191400,-0.04562283,-0.05085144,0.02763361,0.03933948,0.02924645,-0.05638452,-0.03192195,-0.00679828,0.08350985,0.06163744,0.22280757,-0.18753795,-0.06043977,0.03159832,-0.26433119,0.05755548,0.19144113,-0.24456351,-0.05307324,0.06757512,-0.20661624,0.04712655,0.15191106,-0.30129222,-0.03988983,0.10949928,-0.15252314,-0.04589455,-0.56339438,-1.11433302,0.10972028,0.67562594,1.16729390,-0.17038273,-0.76837889,-1.18660115,0.22613296,0.83897912,1.17169813,-0.27536368,-0.88539119,-1.12301451,0.31665553,0.90627702,1.04195386,-0.04923283,-0.02589416,-0.99845243,0.01866086,-0.02817366,-0.31027317,-0.03685880,-0.01695619,-0.15441224
10407660000000,synthetic_50hz_05,383,0.02,88.44216649,90.16896939,10.95161577,10.73235902,10.62016869,4.30797430,114.89758520,1,1,0,0,1,0.53333749,0.21608161,-0.31320030,0.05504540,0.09574223,0.04333415,-0.05217350,-0.07866864,-0.01414233,0.04779741,0.05932701,-0.01545723,-0.04204330,-0.03827495,0.04461115,0.03507706,0.01611940,-0.07247890,-0.02709954,0.00650087,0.09825706,0.06059718,0.21389499,-0.20421377,-0.05848258,0.04206166,-0.24704408,0.05473750,0.17972826,-0.26196373,-0.04947550,0.08020027,-0.18960433,0.04285262,0.13873719,-0.31742567,-0.03506282,0.12284248,-0.13773293,-0.08348665,-0.63038201,-1.14750023,0.14557052,0.73137263,1.18078132,-0.20345753,-0.81127743,-1.18001994,0.25547876,0.86779273,1.14523804,-0.30013443,-0.89928915,-1.07743838,0.33613707,0.90485866,0.97857568,-0.04895404,-0.02621986,-0.99845764,0.01843157,-0.02846162,-0.31320030,-0.03699854,-0.02176861,-0.15280110
10407680000000,synthetic_50hz_05,384,0.02,87.85611208,89.70639793,10.81240799,10.62016869,10.52609350,4.31607704,114.83315915,1,1,0,0,1,0.53258373,0.21516596,-0.31609356,0.05352132,0.08609900,0.02654365,-0.04977140,-0.06766946,0.00295766,0.04458654,0.04728897,-0.03237371,-0.03811624,-0.02554512,0.06085640,0.03054702,0.00306479,-0.08758458,-0.02209713,0.01950390,0.11178765,0.05903728,0.20420354,-0.22102056,-0.05604986,0.05311022,-0.22992135,0.05150183,0.16764068,-0.27890894,-0.04552995,0.09297882,-0.17332492,0.03831077,0.12563565,-0.33257024,-0.03005551,0.13588969,-0.12415950,-0.11955142,-0.68993396,-1.16880905,0.17931866,0.77890748,1.18245638,-0.23391606,-0.84542473,-1.16201294,0.28176955,0.88756800,1.10806812,-0.32149949,-0.90412226,-1.02217719,0.35196046,0.89461026,0.90681640,-0.04867279,-0.02653568,-0.99846306,0.01819632,-0.02874400,-0.31609356,-0.03713647,-0.02657144,-0.15117344
10407700000000,synthetic_50hz_05,385,0.02,87.66112790,89.29734392,10.69215591,10.52609350,10.43276788,4.32406850,114.76795618,1,1,0,0,1,0.53182739,0.21415542,-0.31895262,0.05151835,0.07581313,0.00980047,-0.04694145,-0.05622593,0.01972595,0.04101121,0.03501771,-0.04868366,-0.03389860,-0.01279991,0.07623780,0.02580868,-0.00978692,-0.10159396,-0.01697468,0.03209158,0.12402113,0.05699828,0.19386952,-0.23777974,-0.05318905,0.06460309,-0.21313060,0.04790143,0.15531986,-0.29524737,-0.04129353,0.10577281,-0.15790960,0.03356031,0.11273693,-0.34661831,-0.02492786,0.14852169,-0.11188333,-0.15378939,-0.74179726,-1.17862111,0.21071754,0.81814049,1.17288233,-0.26157060,-0.87089634,-1.13332880,0.30488245,0.89854385,1.06110088,-0.33940441,-0.90028593,-0.95828092,0.36414117,0.87607234,0.82783328,-0.04838911,-0.02684151,-0.99846868,0.01795517,-0.02902075,-0.31895262,-0.03727258,-0.03136254,-0.14952942
10407720000000,synthetic_50hz_05,386,0.02,87.43954289,88.92578372,10.58321294,10.43276788,10.34189373,4.33195498,114.70198138,1,1,0,0,1,0.53106851,0.21305044,-0.32177719,0.04907968,0.06501827,-0.00673093,-0.04373262,-0.04447363,0.03601162,0.03712472,0.02264678,-0.06425408,-0.02944651,-0.00016702,0.09064406,0.02091933,-0.02231755,-0.11442073,-0.01178904,0.04415870,0.13489860,0.05452338,0.18302658,-0.25432685,-0.04994912,0.07640472,-0.19682274,0.04398961,0.14289937,-0.31084602,-0.03682237,0.11845452,-0.14346964,0.02865855,0.10015918,-0.35948358,-0.01973671,0.16063326,-0.10096333,-0.18594617,-0.78583162,-1.17740995,0.23956741,0.84908930,1.15271593,-0.28628181,-0.88786735,-1.09478858,0.32474258,0.90104776,1.00529797,-0.35384086,-0.88825055,-0.88682414,0.37273774,0.84984466,0.74278276,-0.04810307,-0.02713727,-0.99847452,0.01770820,-0.02929181,-0.32177719,-0.03740686,-0.03613982,-0.14786924
10407740000000,synthetic_50hz_05,387,0.02,86.94921543,88.53047006,10.48185887,10.34189373,10.26385702,4.33974261,114.63524016,1,1,0,0,1,0.53030712,0.21185151,-0.32456696,0.04625028,0.05384373,-0.02290116,-0.04019451,-0.03254127,0.05168096,0.03297991,0.01030064,-0.07897077,-0.02481449,0.01223696,0.10398382,0.01593365,-0.03442177,-0.12599897,-0.00659343,0.05561418,0.14438151,0.05165753,0.17180404,-0.27051250,-0.04637967,0.08838635,-0.18113148,0.03981919,0.13050364,-0.32559069,-0.03217100,0.13090740,-0.13009640,0.02366015,0.08800775,-0.37110013,-0.01453529,0.17213334,-0.09143806,-0.21581172,-0.82200029,-1.16574282,0.26571420,0.87186826,1.12268836,-0.30795602,-0.89659986,-1.04726628,0.34131932,0.89548207,0.94165102,-0.36484223,-0.86854711,-0.80888753,0.37784657,0.81657154,0.65280343,-0.04781471,-0.02742287,-0.99848058,0.01745550,-0.02955713,-0.32456696,-0.03753931,-0.04090116,-0.14619305
10407760000000,synthetic_50hz_05,388,0.02,87.12943486,88.25026302,10.39029809,10.26385702,10.17116949,4.34743764,114.56773826,1,1,0,0,1,0.52954328,0.21055916,-0.32732162,0.04307603,0.04241305,-0.03857659,-0.03637660,-0.02054963,0.06661768,0.02862842,-0.00190624,-0.09273815,-0.02005487,0.02430715,0.11618494,0.01090313,-0.04600727,-0.13628206,-0.00143704,0.06638099,0.15245010,0.04844662,0.16032544,-0.28620306,-0.04253019,0.10042724,-0.16617312,0.03544184,0.11824718,-0.33938579,-0.02739176,0.14302652,-0.11786204,0.01861663,0.07637494,-0.38142132,-0.00937278,0.18294487,-0.08332726,-0.24321890,-0.85036007,-1.14426294,0.28904708,0.88667687,1.08358702,-0.32654190,-0.89743036,-0.99167077,0.35462236,0.88231051,0.87116419,-0.37247890,-0.84175324,-0.72554155,0.37959669,0.77692783,0.55900120,-0.04752407,-0.02769823,-0.99848686,0.01719713,-0.02981665,-0.32732162,-0.03766992,-0.04564446,-0.14450106
10407780000000,synthetic_50hz_05,389,0.02,86.59542651,87.91929572,10.29826408,10.17116949,10.09440766,4.35504515,114.49948175,1,1,0,0,1,0.52877700,0.20917395,-0.33004088,0.03960300,0.03084287,-0.05363956,-0.03232757,-0.00861059,0.08072272,0.02412012,-0.01386993,-0.10547860,-0.01521728,0.03595058,0.12719349,0.00587571,-0.05699475,-0.14524132,0.00363525,0.07639574,0.15910179,0.04493672,0.14870742,-0.30128086,-0.03844934,0.11241549,-0.15204672,0.03090742,0.10623389,-0.35215371,-0.02253425,0.15471893,-0.10682046,0.01357591,0.06534007,-0.39041850,-0.00429405,0.19300448,-0.07663352,-0.26804147,-0.87105087,-1.11367247,0.30949562,0.89378821,1.03623846,-0.34202686,-0.89075722,-0.92892920,0.36469730,0.86204528,0.79483849,-0.37685336,-0.80848017,-0.63783221,0.37814455,0.73160620,0.46243693,-0.04723121,-0.02796325,-0.99849337,0.01693320,-0.03007033,-0.33004088,-0.03779868,-0.05036763,-0.14279344
10407800000000,synthetic_50hz_05,390,0.02,86.22467986,87.58037254,10.21264438,10.09440766,10.02466602,4.36257010,114.43047704,1,1,0,0,1,0.52800834,0.20769650,-0.33272444,0.03587680,0.01924204,-0.06798835,-0.02809468,0.00317342,0.09391382,0.01950258,-0.02549740,-0.11713172,-0.01034820,0.04708627,0.13697265,0.00089549,-0.06731762,-0.15286459,0.00858305,0.08560818,0.16434938,0.04117345,0.13705883,-0.31564419,-0.03418440,0.12424868,-0.13883453,0.02626349,0.09455682,-0.36383403,-0.01764498,0.16590366,-0.09700852,0.00858209,0.05496971,-0.39807948,0.00066047,0.20226190,-0.07134405,-0.29019156,-0.88428501,-1.07471645,0.32702653,0.89353737,0.98149271,-0.35443316,-0.87702862,-0.85997207,0.37162133,0.83523473,0.71365804,-0.37809548,-0.76936064,-0.54676891,0.37366896,0.68130552,0.36411618,-0.04693617,-0.02821787,-0.99850013,0.01666378,-0.03031812,-0.33272444,-0.03792559,-0.05506859,-0.14107037
10407820000000,synthetic_50hz_05,391,0.02,85.71655289,87.20760861,10.13369347,10.02466602,9.96624224,4.37001741,114.36073085,1,1,0,0,1,0.52723732,0.20612746,-0.33537202,0.03194200,0.00771094,-0.08153687,-0.02372330,0.01470988,0.10612489,0.01482066,-0.03670661,-0.12765327,-0.00549072,0.05764506,0.14550135,-0.00399751,-0.07692159,-0.15915455,0.01337049,0.09398043,0.16821926,0.03720137,0.12548006,-0.32920696,-0.02978074,0.13583426,-0.12660266,0.02155492,0.08329802,-0.37438254,-0.01276703,0.17651153,-0.08844726,0.00367519,0.04531817,-0.40440696,0.00545496,0.21067927,-0.06743245,-0.30961676,-0.89033658,-1.02816797,0.34164016,0.88631020,0.92020903,-0.36381391,-0.85673109,-0.78572003,0.37549874,0.80245201,0.62857836,-0.37635776,-0.72503788,-0.45331449,0.36636621,0.62672056,0.26498134,-0.04663901,-0.02846201,-0.99850713,0.01638897,-0.03055997,-0.33537202,-0.03805064,-0.05974527,-0.13933204
10407840000000,synthetic_50hz_05,392,0.02,85.30825106,86.82773710,10.06336396,9.96624224,9.91356992,4.37739218,114.29025024,1,1,0,0,1,0.52646399,0.20446752,-0.33798332,0.02784163,-0.00365890,-0.09421412,-0.01925652,0.02591624,0.11730507,0.01011624,-0.04742640,-0.13701405,-0.00068430,0.06756924,0.15277285,-0.00876737,-0.08576403,-0.16412715,0.01796628,0.10148620,0.17074957,0.03306353,0.11406263,-0.34189815,-0.02528145,0.14708971,-0.11540195,0.01682360,0.07252862,-0.38377001,-0.00793984,0.18648483,-0.08114342,-0.00110886,0.03642807,-0.40941686,0.01005808,0.21823028,-0.06486059,-0.32629704,-0.88953105,-0.97481468,0.35336686,0.87253264,0.85324331,-0.37024896,-0.83037871,-0.70707254,0.37645660,0.76428457,0.54051654,-0.37181082,-0.67615575,-0.35837719,0.35644557,0.56853305,0.16590566,-0.04633977,-0.02869560,-0.99851437,0.01610884,-0.03079582,-0.33798332,-0.03817383,-0.06439560,-0.13757865
10407860000000,synthetic_50hz_05,393,0.02,84.92128222,86.44644613,10.00045046,9.91356992,9.86519426,4.38469955,114.21904259,1,1,0,0,1,0.52568838,0.20271742,-0.34055806,0.02361684,-0.01478506,-0.10596344,-0.01473481,0.03671999,0.12741778,0.00542797,-0.05759628,-0.14519860,0.00403536,0.07681203,0.15879328,-0.01338235,-0.09381326,-0.16780988,0.02234352,0.10810981,0.17198844,0.02880106,0.10288897,-0.35366112,-0.02072699,0.15794250,-0.10526900,0.01210817,0.06230915,-0.39198100,-0.00319915,0.19577678,-0.07509091,-0.00573832,0.02833110,-0.41313670,0.01444297,0.22489926,-0.06358035,-0.34024140,-0.88223531,-0.91544677,0.36226327,0.85266062,0.78143709,-0.37384093,-0.79850334,-0.62489823,0.37464057,0.72132483,0.45034325,-0.36463916,-0.62335019,-0.26280467,0.34412503,0.50740408,0.06768930,-0.04603851,-0.02891859,-0.99852188,0.01582349,-0.03102564,-0.34055806,-0.03829515,-0.06901753,-0.13581037
10407880000000,synthetic_50hz_05,394,0.02,84.55595163,86.06834723,9.94364286,9.86519426,9.81995857,4.39194450,114.14711558,1,1,0,0,1,0.52491053,0.20087792,-0.34309597,0.01930652,-0.02559424,-0.11674163,-0.01019581,0.04705844,0.13643956,0.00079115,-0.06716592,-0.15220387,0.00863631,0.08533698,0.16358007,-0.01781479,-0.10104774,-0.17024018,0.02647966,0.11384524,0.17199218,0.02445287,0.09203238,-0.36445268,-0.01615501,0.16832994,-0.09622725,0.00744393,0.05268991,-0.39901244,0.00142311,0.20435093,-0.07027226,-0.01018554,0.02104880,-0.41560390,0.01858705,0.23068018,-0.06353539,-0.35148452,-0.86884819,-0.85084632,0.36840862,0.82717077,0.70560819,-0.37471132,-0.76164563,-0.54002704,0.37021092,0.67416189,0.35887667,-0.35503717,-0.56724176,-0.16737971,0.32962753,0.44396777,-0.02894288,-0.04573528,-0.02913090,-0.99852964,0.01553302,-0.03124938,-0.34309597,-0.03841459,-0.07360903,-0.13402741
10407900000000,synthetic_50hz_05,395,0.02,83.82629277,85.61993633,9.89169546,9.81995857,9.79162424,4.39913170,114.07447724,1,1,0,0,1,0.52413048,0.19894984,-0.34559678,0.01494710,-0.03602216,-0.12651800,-0.00567418,0.05687835,0.14435888,-0.00376233,-0.07609472,-0.15803783,0.01309037,0.09311724,0.16716047,-0.02204100,-0.10745514,-0.17146380,0.03035619,0.11869507,0.17082374,0.02005538,0.08155713,-0.37424210,-0.01160018,0.17819880,-0.08828824,0.00286278,0.04371152,-0.40487231,0.00589875,0.21218043,-0.06666024,-0.01442682,0.01459349,-0.41686422,0.02247184,0.23557562,-0.06466279,-0.36008342,-0.84979182,-0.78177830,0.37190116,0.79655197,0.62654295,-0.37299681,-0.72034716,-0.45324407,0.36333879,0.62337440,0.26687796,-0.34320555,-0.50842947,-0.07281763,0.31317753,0.37882628,-0.12334207,-0.04543012,-0.02933248,-0.99853767,0.01523751,-0.03146700,-0.34559678,-0.03853215,-0.07816807,-0.13222995
10407920000000,synthetic_50hz_05,396,0.02,83.75324983,85.24659903,9.84966555,9.79162424,9.75242470,4.40626627,114.00113589,1,1,0,0,1,0.52334827,0.19693402,-0.34806020,0.01057240,-0.04601330,-0.13527323,-0.00120152,0.06613556,0.15117489,-0.00820400,-0.08435111,-0.16271811,0.01737300,0.10013477,0.16957008,-0.02604112,-0.11303150,-0.17153328,0.03395847,0.12266948,0.16855108,0.01564241,0.07151876,-0.38301010,-0.00709408,0.18750490,-0.08145283,-0.00160683,0.03540556,-0.40957824,0.01020325,0.21924723,-0.06421924,-0.01844230,0.00896915,-0.41697019,0.02608267,0.23959577,-0.06689458,-0.36611411,-0.82550354,-0.70898291,0.37285473,0.76129780,0.54499004,-0.36884578,-0.67514349,-0.36528485,0.35420283,0.56952448,0.17504833,-0.32934804,-0.44748581,0.02023491,0.29499800,0.31254592,-0.21493477,-0.04512310,-0.02952328,-0.99854597,0.01493707,-0.03167844,-0.34806020,-0.03864782,-0.08269263,-0.13041818
10407940000000,synthetic_50hz_05,397,0.02,83.40844722,84.87896867,9.80882439,9.75242470,9.71544484,4.41335253,113.92710016,1,1,0,0,1,0.52256394,0.19483135,-0.35048598,0.00621349,-0.05552054,-0.14299834,0.00319367,0.07479440,0.15689619,-0.01250876,-0.09191190,-0.16627064,0.02146321,0.10637954,0.17085144,-0.02979887,-0.11778021,-0.17050651,0.03727541,0.12578521,0.16524580,0.01124503,0.06196439,-0.39074768,-0.00266523,0.19621258,-0.07571242,-0.00593977,0.02779519,-0.41315616,0.01431560,0.22554132,-0.06290674,-0.02221571,0.00417237,-0.41597971,0.02940847,0.24275736,-0.07015917,-0.36966846,-0.79642880,-0.63316938,0.37139553,0.72189991,0.46165564,-0.36241509,-0.62655832,-0.27683215,0.34298606,0.51315276,0.08402746,-0.31366858,-0.38495276,0.11119977,0.27530789,0.24565440,-0.30322107,-0.04481425,-0.02970325,-0.99855454,0.01463179,-0.03188368,-0.35048598,-0.03876160,-0.08718073,-0.12859231
10407960000000,synthetic_50hz_05,398,0.02,83.08359159,84.51989326,9.76960498,9.71544484,9.68008692,4.42039423,113.85237900,1,1,0,0,1,0.52177752,0.19264277,-0.35287384,0.00189867,-0.06450473,-0.14969348,0.00748595,0.08282712,0.16153955,-0.01665474,-0.09876157,-0.16872836,0.02534337,0.11184868,0.17105266,-0.03330134,-0.12171114,-0.16844542,0.04029921,0.12806461,0.16098183,0.00689155,0.05293317,-0.39745499,0.00166093,0.20429409,-0.07105022,-0.01011418,0.02089596,-0.41563900,0.01821818,0.23105980,-0.06267462,-0.02573412,0.00019331,-0.41395469,0.03244143,0.24508272,-0.07438264,-0.37085115,-0.76301473,-0.55501114,0.36765907,0.67884231,0.37720003,-0.35386721,-0.57509854,-0.18851407,0.32987319,0.45477441,-0.00560685,-0.29636878,-0.32133893,0.19956611,0.25431991,0.17863909,-0.38777179,-0.04450365,-0.02987235,-0.99856339,0.01432177,-0.03208267,-0.35287384,-0.03887348,-0.09163039,-0.12675254
10407980000000,synthetic_50hz_05,399,0.02,82.64858991,84.14563259,9.73200740,9.68008692,9.65083481,4.42739466,113.77698166,1,1,0,0,1,0.52098905,0.19036924,-0.35522355,-0.00234651,-0.07293412,-0.15536687,0.01165283,0.09021324,0.16512877,-0.02062319,-0.10489146,-0.17012994,0.02899898,0.11654562,0.17022618,-0.03653871,-0.12483971,-0.16541471,0.04302502,0.12953462,0.15583427,0.00260753,0.04445684,-0.40314025,0.00586192,0.21172894,-0.06744245,-0.01411132,0.01471652,-0.41706543,0.02189647,0.23580611,-0.06347044,-0.02898773,-0.00298348,-0.41095984,0.03517670,0.24659881,-0.07948986,-0.36977688,-0.72570469,-0.47514215,0.36178746,0.63259651,0.29223532,-0.34336754,-0.52125027,-0.10090320,0.31504817,0.39487615,-0.09333800,-0.27764582,-0.25711756,0.28488823,0.23223881,0.11194616,-0.46822499,-0.04419132,-0.03003053,-0.99857251,0.01400711,-0.03227537,-0.35522355,-0.03898345,-0.09603963,-0.12489905
10408000000000,synthetic_50hz_05,400,0.02,82.43422052,83.80335017,9.69791491,9.65083481,9.61872376,4.43435695,113.70091768,1,1,0,0,1,0.52019858,0.18801176,-0.35753483,-0.00649921,-0.08078387,-0.16003366,0.01567471,0.09693886,0.16769349,-0.02439829,-0.11029905,-0.17051863,0.03241847,0.12047928,0.16842765,-0.03950400,-0.12718603,-0.16148081,0.04545061,0.13022595,0.14987841,-0.00158422,0.03656025,-0.40781861,0.00991813,0.21850323,-0.06485947,-0.01791536,0.00925939,-0.41747871,0.02533893,0.23978917,-0.06523854,-0.03196955,-0.00537808,-0.40706158,0.03761206,0.24733634,-0.08540556,-0.36656779,-0.68493348,-0.39415443,0.35392692,0.58361762,0.20732430,-0.33108218,-0.46547578,-0.01451691,0.29869217,0.33391406,-0.17870901,-0.25769074,-0.19272545,0.36678266,0.20925996,0.04598047,-0.54428180,-0.04387734,-0.03017776,-0.99858191,0.01368790,-0.03246175,-0.35753483,-0.03909152,-0.10040653,-0.12303205
10408020000000,synthetic_50hz_05,401,0.02,82.03734852,83.45014984,9.66465463,9.61872376,9.59191817,4.44128377,113.62419691,1,1,0,0,1,0.51940613,0.18557137,-0.35980744,-0.01053923,-0.08803538,-0.16371487,0.01953470,0.10299600,0.16926809,-0.02796697,-0.11498719,-0.16994122,0.03559294,0.12366326,0.16571487,-0.04219276,-0.12877405,-0.15671089,0.04757613,0.13017223,0.14318885,-0.00566347,0.02926201,-0.41151110,0.01381268,0.22460898,-0.06326690,-0.02151322,0.00452174,-0.41692562,0.02853664,0.24302258,-0.06792114,-0.03467513,-0.00701445,-0.40232708,0.03974764,0.24732892,-0.09205515,-0.36135110,-0.64112352,-0.31259659,0.34422557,0.53234118,0.12298028,-0.31717587,-0.40821121,0.07018161,0.28098183,0.27231231,-0.26132013,-0.23668696,-0.12856252,0.44492466,0.18556829,-0.01889379,-0.61570182,-0.04356176,-0.03031401,-0.99859160,0.01336427,-0.03264176,-0.35980744,-0.03919767,-0.10472915,-0.12115175
10408040000000,synthetic_50hz_05,402,0.02,81.53323823,83.06676752,9.63410531,9.59191817,9.57410586,4.44817766,113.54682950,1,1,0,0,1,0.51861176,0.18304914,-0.36204113,-0.01444885,-0.09467572,-0.16643642,0.02321846,0.10838189,0.16989073,-0.03131867,-0.11896336,-0.16844701,0.03851595,0.12611507,0.16214688,-0.04460279,-0.12963081,-0.15117199,0.04940372,0.12940924,0.13583873,-0.00961251,0.02257503,-0.41424362,0.01753122,0.23004343,-0.06262656,-0.02489436,0.00049607,-0.41545546,0.03148315,0.24552384,-0.07145920,-0.03710227,-0.00791963,-0.39682340,0.04158559,0.24661235,-0.09936548,-0.35425698,-0.59468161,-0.23097328,0.33283151,0.47918081,0.03966770,-0.30181035,-0.34986500,0.15278152,0.26208786,0.21046243,-0.34082598,-0.21480925,-0.06499212,0.51904426,0.16133759,-0.08235194,-0.68229826,-0.04324462,-0.03043924,-0.99860157,0.01303630,-0.03281537,-0.36204113,-0.03930189,-0.10900558,-0.11925835
10408060000000,synthetic_50hz_05,403,0.02,81.18777078,82.69096817,9.60890554,9.57410586,9.55814943,4.45504138,113.46882587,1,1,0,0,1,0.51781549,0.18044619,-0.36423567,-0.01821274,-0.10069701,-0.16822816,0.02671403,0.11309834,0.16960241,-0.03444514,-0.12223899,-0.16608696,0.04118319,0.12785543,0.15778313,-0.04673390,-0.12978573,-0.14493035,0.05093726,0.12797426,0.12789915,-0.01341599,0.01650721,-0.41604603,0.02106177,0.23480836,-0.06289748,-0.02805051,-0.00282903,-0.41311919,0.03417417,0.24731368,-0.07579326,-0.03925078,-0.00812304,-0.39061676,0.04312980,0.24522389,-0.10726545,-0.34541677,-0.54599652,-0.14974542,0.31989116,0.42452646,-0.04219654,-0.28514294,-0.29081711,0.23292195,0.24217392,0.14872336,-0.41693212,-0.19222290,-0.00234185,0.58892194,0.13673001,-0.14410718,-0.74393287,-0.04292598,-0.03055343,-0.99861182,0.01270411,-0.03298256,-0.36423567,-0.03940420,-0.11323394,-0.11735204
10408080000000,synthetic_50hz_05,404,0.02,81.12552146,82.37787883,9.58758798,9.55814943,9.53362032,4.46187766,113.39019673,1,1,0,0,1,0.51701737,0.17776367,-0.36639081,-0.02181773,-0.10609579,-0.16912300,0.03001159,0.11715103,0.16844614,-0.03734021,-0.12482874,-0.16291289,0.04359229,0.12890758,0.15268279,-0.04858758,-0.12926996,-0.13805078,0.05218208,0.12590542,0.11943869,-0.01706077,0.01106201,-0.41695124,0.02439455,0.23890947,-0.06403664,-0.03097550,-0.00546823,-0.40996864,0.03660731,0.24841533,-0.08086416,-0.04112214,-0.00765581,-0.38377196,0.04438558,0.24320169,-0.11568649,-0.33496134,-0.49543719,-0.06933111,0.30554793,0.36874345,-0.12224116,-0.26732542,-0.23141865,0.31028915,0.22139580,0.08742195,-0.48939136,-0.16908324,0.05909516,0.65438420,0.11189592,-0.20390854,-0.80051083,-0.04260589,-0.03065657,-0.99862236,0.01236781,-0.03314327,-0.36639081,-0.03950457,-0.11741237,-0.11543304
10408100000000,synthetic_50hz_05,405,0.02,80.81730677,82.06576442,9.56492156,9.53362032,9.51229950,4.46868859,113.31095309,1,1,0,0,1,0.51621743,0.17500276,-0.36850632,-0.02525272,-0.11087244,-0.16915616,0.03310332,0.12054894,0.16646615,-0.03999954,-0.12674996,-0.15897684,0.04574255,0.12929671,0.14690416,-0.05016679,-0.12811579,-0.13059616,0.05314469,0.12324122,0.11052302,-0.02053573,0.00623906,-0.41699448,0.02752170,0.24235573,-0.06599980,-0.03366501,-0.00743888,-0.40605583,0.03878189,0.24885398,-0.08661360,-0.04271931,-0.00655025,-0.37635191,0.04535947,0.24058422,-0.12456293,-0.32301974,-0.44335149,0.00989291,0.28994102,0.31217187,-0.20013811,-0.24850317,-0.17199219,0.38461323,0.19990085,0.02685389,-0.55799978,-0.14553530,0.11905861,0.71529893,0.08697390,-0.26153860,-0.85197568,-0.04228442,-0.03074864,-0.99863319,0.01202750,-0.03329750,-0.36850632,-0.03960300,-0.12153903,-0.11350156
10408120000000,synthetic_50hz_05,406,0.02,80.52838327,81.75828819,9.54282030,9.51229950,9.49354648,4.47547595,113.23110620,1,1,0,0,1,0.51541572,0.17216467,-0.37058198,-0.02850843,-0.11503061,-0.16836442,0.03598313,0.12330378,0.16370732,-0.04242042,-0.12802204,-0.15433046,0.04763471,0.12904937,0.14050418,-0.05147567,-0.12635615,-0.12262710,0.05383256,0.12002002,0.10121463,-0.02383159,0.00203469,-0.41621251,0.03043715,0.24515885,-0.06874209,-0.03611630,-0.00876037,-0.40143242,0.04069863,0.24865617,-0.09298464,-0.04404645,-0.00483928,-0.36841719,0.04605890,0.23740985,-0.13383227,-0.30971808,-0.39006555,0.08758927,0.27320460,0.25512668,-0.27559985,-0.22881450,-0.11283239,0.45566476,0.17782758,-0.03271491,-0.62259264,-0.12171380,0.17731902,0.77157089,0.06209096,-0.31681095,-0.89830438,-0.04196161,-0.03082962,-0.99864430,0.01168329,-0.03344519,-0.37058198,-0.03969950,-0.12561208,-0.11155780
10408140000000,synthetic_50hz_05,407,0.02,80.75666363,81.55796328,9.52212529,9.49354648,9.45794244,4.48224137,113.15066764,1,1,0,0,1,0.51461228,0.16925066,-0.37261755,-0.03157726,-0.11857667,-0.16678553,0.03864650,0.12542940,0.16021456,-0.04460154,-0.12866595,-0.14902453,0.04927070,0.12819300,0.13353805,-0.05251937,-0.12402419,-0.11420161,0.05425387,0.11627970,0.09157268,-0.02694075,-0.00155745,-0.41464309,0.03313637,0.24733269,-0.07221861,-0.03832808,-0.00945365,-0.39614918,0.04235947,0.24784934,-0.09992207,-0.04510869,-0.00255605,-0.36002581,0.04649207,0.23371647,-0.14343536,-0.29517865,-0.33588356,0.16345769,0.25546710,0.19789807,-0.34837632,-0.20839031,-0.05420708,0.52325110,0.15530554,-0.09104672,-0.68304031,-0.09774323,0.23367560,0.82313715,0.03736294,-0.36956751,-0.93950256,-0.04163752,-0.03089951,-0.99865569,0.01133529,-0.03358633,-0.37261755,-0.03979404,-0.12962974,-0.10960197
10408160000000,synthetic_50hz_05,408,0.02,80.85558567,81.41748775,9.49516849,9.45794244,9.41453585,4.48898541,113.06964919,1,1,0,0,1,0.51380714,0.16626202,-0.37461282,-0.03445308,-0.12151925,-0.16445764,0.04109026,0.12694138,0.15603236,-0.04654279,-0.12870374,-0.14310858,0.05065346,0.12675551,0.12605892,-0.05330378,-0.12115286,-0.10537492,0.05441732,0.11205732,0.08165291,-0.02985708,-0.00454600,-0.41232437,0.03561619,0.24889281,-0.07638486,-0.04030022,-0.00954078,-0.39025566,0.04376734,0.24646141,-0.10737276,-0.04591193,0.00026649,-0.35123301,0.04666769,0.22954112,-0.15331647,-0.27951920,-0.28108797,0.23723236,0.23685076,0.14075225,-0.41825175,-0.18735380,0.00364141,0.58721275,0.13245535,-0.14793009,-0.73924413,-0.07373814,0.28795388,0.86996276,0.01289503,-0.41967582,-0.97559996,-0.04131221,-0.03095830,-0.99866737,0.01098363,-0.03372089,-0.37461282,-0.03988664,-0.13359024,-0.10763429
10408180000000,synthetic_50hz_05,409,0.02,80.04988127,81.14396646,9.46130278,9.41453585,9.40003998,4.49570764,112.98806296,1,1,0,0,1,0.51300034,0.16320006,-0.37656758,-0.03713105,-0.12386873,-0.16141885,0.04331240,0.12785652,0.15120437,-0.04824503,-0.12815814,-0.13663059,0.05178673,0.12476491,0.11811769,-0.05383540,-0.11777465,-0.09619939,0.05433197,0.10738888,0.07150763,-0.03257574,-0.00694134,-0.40929444,0.03787461,0.24985601,-0.08119719,-0.04203360,-0.00904450,-0.38379981,0.04492599,0.24452038,-0.11528581,-0.04646266,0.00359587,-0.34209115,0.04659479,0.22491982,-0.16342328,-0.26285245,-0.22594004,0.30867916,0.21747135,0.08393260,-0.48504138,-0.16582045,0.06049465,0.64741962,0.10938887,-0.20317781,-0.79113246,-0.04980356,0.34000326,0.91203658,-0.01121762,-0.46702626,-1.00664626,-0.04098573,-0.03100600,-0.99867933,0.01062840,-0.03384884,-0.37656758,-0.03997729,-0.13749183,-0.10565497
10408200000000,synthetic_50hz_05,410,0.02,80.15904754,80.94698267,9.43557240,9.40003998,9.37469913,4.50240875,112.90592126,1,1,0,0,1,0.51219193,0.16006612,-0.37848160,-0.03960748,-0.12563686,-0.15770682,0.04531190,0.12819246,0.14577313,-0.04970996,-0.12705221,-0.12963674,0.05267486,0.12224899,0.10976286,-0.05412112,-0.11392127,-0.08672446,0.05400704,0.10230915,0.06118576,-0.03509303,-0.00875521,-0.40559097,0.03991060,0.25023994,-0.08661305,-0.04352992,-0.00798784,-0.37682783,0.04583976,0.24205404,-0.12361270,-0.04676777,0.00740035,-0.33264966,0.04628263,0.21988731,-0.17370688,-0.24528577,-0.17068073,0.37759271,0.19743806,0.02766094,-0.54858808,-0.14389812,0.11615633,0.70376740,0.08620953,-0.25662476,-0.83865679,-0.02603548,0.38969458,0.94936730,-0.03488919,-0.51152932,-1.03270712,-0.04065813,-0.03104260,-0.99869158,0.01026973,-0.03397016,-0.37848160,-0.04006597,-0.14133279,-0.10366422
10408220000000,synthetic_50hz_05,411,0.02,80.06333358,80.77025286,9.41000563,9.37469913,9.34927450,4.50908933,112.82323670,1,1,0,0,1,0.51138193,0.15686161,-0.38035469,-0.04187958,-0.12683636,-0.15335845,0.04708854,0.12796737,0.13977983,-0.05093992,-0.12540903,-0.12217129,0.05332267,0.11923508,0.10104049,-0.05416811,-0.10962353,-0.07699665,0.05345185,0.09685148,0.05073296,-0.03740617,-0.01000033,-0.40125086,0.04172393,0.25006276,-0.09259128,-0.04479149,-0.00639390,-0.36938398,0.04651348,0.23908972,-0.13230739,-0.04683444,0.01164915,-0.32295506,0.04574049,0.21447696,-0.18412160,-0.22692100,-0.11553178,0.44379333,0.17685352,-0.02786091,-0.60875908,-0.12168728,0.17045037,0.75617401,0.06301274,-0.30812565,-0.88178810,-0.00252150,0.43691753,0.98197982,-0.05804242,-0.55311288,-1.05386061,-0.04032948,-0.03106812,-0.99870410,0.00990774,-0.03408481,-0.38035469,-0.04015270,-0.14511142,-0.10166226
10408240000000,synthetic_50hz_05,412,0.02,79.89489805,80.59518189,9.38449856,9.34927450,9.32736923,4.51574985,112.74002212,1,1,0,0,1,0.51057040,0.15358791,-0.38218664,-0.04394540,-0.12748060,-0.14840966,0.04864275,0.12719964,0.13326410,-0.05193772,-0.12325145,-0.11427647,0.05373529,0.11574986,0.09199420,-0.05398365,-0.10491115,-0.06705969,0.05267563,0.09104780,0.04019182,-0.03951319,-0.01069006,-0.39631002,0.04331504,0.24934285,-0.09909222,-0.04582113,-0.00428552,-0.36151048,0.04695226,0.23565410,-0.14132626,-0.04666994,0.01631254,-0.31305109,0.04497762,0.20872069,-0.19462485,-0.20785441,-0.06069706,0.50712409,0.15581398,-0.08244943,-0.66544265,-0.09928136,0.22321887,0.80457619,0.03988641,-0.35755280,-0.92051342,0.02065848,0.48157831,1.00991182,-0.08060777,-0.59171970,-1.07019400,-0.03999982,-0.03108257,-0.99871689,0.00954253,-0.03419279,-0.38218664,-0.04023745,-0.14882606,-0.09964931
10408260000000,synthetic_50hz_05,413,0.02,80.06666318,80.48947815,9.36050424,9.32736923,9.29619240,4.52239089,112.65629060,1,1,0,0,1,0.50975738,0.15024649,-0.38397725,-0.04580358,-0.12758331,-0.14289518,0.04997546,0.12590759,0.12626396,-0.05270653,-0.12060189,-0.10599249,0.05391804,0.11181919,0.08266520,-0.05357506,-0.09981268,-0.05695464,0.05168750,0.08492853,0.02960204,-0.04141275,-0.01083814,-0.39080320,0.04468486,0.24809855,-0.10607787,-0.04662203,-0.00168513,-0.35324753,0.04716144,0.23177302,-0.15062809,-0.04628159,0.02136196,-0.30297878,0.04400314,0.20264892,-0.20517695,-0.18817682,-0.00636402,0.56744772,0.13440955,-0.13593761,-0.71854500,-0.07676718,0.27432010,0.84892629,0.01691158,-0.40479382,-0.95483265,0.04343158,0.52359713,1.03321073,-0.10252260,-0.62730490,-1.08180086,-0.03966922,-0.03108596,-0.99872996,0.00917423,-0.03429406,-0.38397725,-0.04032024,-0.15247506,-0.09762557
10408280000000,synthetic_50hz_05,414,0.02,79.71709426,80.33500137,9.33349327,9.29619240,9.27826926,4.52901257,112.57205547,1,1,0,0,1,0.50894289,0.14683881,-0.38572633,-0.04745330,-0.12715833,-0.13684849,0.05108797,0.12410934,0.11881576,-0.05324976,-0.11748221,-0.09735752,0.05387632,0.10746802,0.07309242,-0.05294961,-0.09435547,-0.04672003,0.05049634,0.07852261,0.01900068,-0.04310402,-0.01045841,-0.38476385,0.04583467,0.24634796,-0.11351187,-0.04719758,0.00138543,-0.34463333,0.04714641,0.22747145,-0.16017396,-0.04567666,0.02677009,-0.29277670,0.04282592,0.19629059,-0.21574084,-0.16797382,0.04729467,0.62464375,0.11272460,-0.18817311,-0.76798722,-0.05422548,0.32362643,0.88918927,-0.00583698,-0.44974946,-0.98475557,0.06573116,0.56290599,1.05193092,-0.12373028,-0.65983369,-1.08877860,-0.03933773,-0.03107832,-0.99874330,0.00880296,-0.03438862,-0.38572633,-0.04040104,-0.15605683,-0.09559128
10408300000000,synthetic_50hz_05,415,0.02,79.74147060,80.21629522,9.31029918,9.27826926,9.25762189,4.53561545,112.48733029,1,1,0,0,1,0.50812699,0.14336638,-0.38743370,-0.04889408,-0.12621942,-0.13030168,0.05198184,0.12182259,0.11095420,-0.05357093,-0.11391356,-0.08840785,0.05361555,0.10272035,0.06331267,-0.05211440,-0.08856566,-0.03639215,0.04911078,0.07185758,0.00842243,-0.04458651,-0.00956461,-0.37822409,0.04676604,0.24410879,-0.12135953,-0.04755131,0.00490500,-0.33570414,0.04691258,0.22277338,-0.16992706,-0.04486225,0.03251077,-0.28248110,0.04145460,0.18967323,-0.22628181,-0.14732604,0.10011943,0.67860563,0.09083822,-0.23901631,-0.81370245,-0.03173150,0.37102223,0.92533986,-0.02829005,-0.49233141,-1.01029929,0.08749599,0.59944645,1.06613131,-0.14417938,-0.68927917,-1.09122628,-0.03900541,-0.03105967,-0.99875690,0.00842884,-0.03447643,-0.38743370,-0.04047987,-0.15956978,-0.09354664
10408320000000,synthetic_50hz_05,416,0.02,79.15512152,80.00406048,9.28817472,9.25762189,9.25891164,4.54220012,112.40212884,1,1,0,0,1,0.50730971,0.13983073,-0.38909915,-0.05012572,-0.12478008,-0.12328554,0.05265875,0.11906455,0.10271237,-0.05367361,-0.10991634,-0.07917795,0.05314103,0.09759918,0.05336080,-0.05107637,-0.08246820,-0.02600523,0.04753916,0.06495962,-0.00210009,-0.04586003,-0.00817027,-0.37121469,0.04748067,0.24139824,-0.12958775,-0.04768677,0.00885319,-0.32649445,0.04646527,0.21770182,-0.17985253,-0.04384530,0.03855906,-0.27212624,0.03989751,0.18282302,-0.23676725,-0.12630958,0.15196204,0.72923807,0.06882471,-0.28833843,-0.85563322,-0.00935560,0.41640189,0.95736007,-0.05038324,-0.53246029,-1.03148578,0.10866951,0.63316761,1.07587328,-0.16382278,-0.71562041,-1.08924284,-0.03867231,-0.03103003,-0.99877076,0.00805199,-0.03455749,-0.38909915,-0.04055672,-0.16301237,-0.09149189
10408340000000,synthetic_50hz_05,417,0.02,78.69924247,79.74309688,9.27588422,9.25891164,9.27373336,4.54876831,112.31646514,1,1,0,0,1,0.50649109,0.13623341,-0.39072253,-0.05114816,-0.12285348,-0.11582956,0.05312049,0.11585186,0.09412191,-0.05356133,-0.10551018,-0.06970069,0.05245797,0.09212659,0.04326996,-0.04984222,-0.07608695,-0.01559174,0.04578950,0.05785369,-0.01253600,-0.04692451,-0.00628853,-0.36376514,0.04798031,0.23823294,-0.13816490,-0.04760751,0.01321036,-0.31703710,0.04580967,0.21227882,-0.18991724,-0.04263251,0.04489110,-0.26174456,0.03816268,0.17576493,-0.24716630,-0.10499646,0.20268383,0.77645448,0.04675417,-0.33601964,-0.89372899,0.01283607,0.45966785,0.98523687,-0.07205624,-0.57006363,-1.04833991,0.12919899,0.66402420,1.08121882,-0.18261687,-0.73884064,-1.08292570,-0.03833849,-0.03098945,-0.99878487,0.00767253,-0.03463177,-0.39072253,-0.04063158,-0.16638306,-0.08942725
10408360000000,synthetic_50hz_05,418,0.02,78.53581379,79.50164026,9.27498086,9.27373336,9.28924540,4.55532287,112.23035342,1,1,0,0,1,0.50567117,0.13257602,-0.39230364,-0.05196143,-0.12045232,-0.10796200,0.05336880,0.11220053,0.08521311,-0.05323753,-0.10071396,-0.06000749,0.05157139,0.08632375,0.03307182,-0.04841842,-0.06944479,-0.00518268,0.04386953,0.05056370,-0.02285589,-0.04777998,-0.00393209,-0.35590372,0.04826673,0.23462892,-0.14706069,-0.04731695,0.01795765,-0.30736354,0.04495080,0.20652556,-0.20008951,-0.04123034,0.05148402,-0.25136709,0.03625783,0.16852286,-0.25744952,-0.08345515,0.25215387,0.82017461,0.02469310,-0.38194717,-0.92794391,0.03478086,0.50072875,1.00896016,-0.09325207,-0.60507409,-1.06088762,0.14903479,0.69197486,1.08222919,-0.20052076,-0.75892567,-1.07236959,-0.03800401,-0.03093795,-0.99879924,0.00729058,-0.03469926,-0.39230364,-0.04070444,-0.16968039,-0.08735293
10408380000000,synthetic_50hz_05,419,0.02,78.29165461,79.25964313,9.28097197,9.28924540,9.30940145,4.56186701,112.14380811,1,1,0,0,1,0.50484999,0.12886016,-0.39384232,-0.05256554,-0.11758883,-0.09971010,0.05340537,0.10812599,0.07601514,-0.05270551,-0.09554582,-0.05012862,0.05048612,0.08021102,0.02279687,-0.04681119,-0.06256371,0.00519212,0.04178667,0.04311265,-0.03303142,-0.04842646,-0.00111320,-0.34765764,0.04834160,0.23060159,-0.15624595,-0.04681840,0.02307690,-0.29750403,0.04389350,0.20046242,-0.21033885,-0.03964502,0.05831582,-0.24102363,0.03419038,0.16111981,-0.26758859,-0.06175117,0.30024723,0.86032235,0.00270512,-0.42601351,-0.95823488,0.05641891,0.53949762,1.02852106,-0.11391637,-0.63742777,-1.06915450,0.16812956,0.71698057,1.07896371,-0.21749550,-0.77586250,-1.05766590,-0.03766893,-0.03087558,-0.99881385,0.00690627,-0.03475996,-0.39384232,-0.04077531,-0.17290289,-0.08526916
10408400000000,synthetic_50hz_05,420,0.02,78.24335776,79.05638606,9.29291235,9.30940145,9.32691095,4.56840412,112.05684387,1,1,0,0,1,0.50402760,0.12508748,-0.39533841,-0.05296045,-0.11427477,-0.09110018,0.05323179,0.10364308,0.06655622,-0.05196843,-0.09002331,-0.04009342,0.04920680,0.07380812,0.01247471,-0.04502652,-0.05546501,0.01550366,0.03954809,0.03552283,-0.04303505,-0.04886389,0.00215640,-0.33905323,0.04820651,0.22616579,-0.16569244,-0.04611502,0.02855058,-0.28748790,0.04264241,0.19410909,-0.22063568,-0.03788253,0.06536519,-0.23074320,0.03196750,0.15357806,-0.27755598,-0.03994767,0.34684320,0.89682380,-0.01914843,-0.46811472,-0.98455976,0.07769247,0.57589027,1.04391040,-0.13399660,-0.66706264,-1.07316462,0.18643754,0.73900329,1.07147900,-0.23350340,-0.78963812,-1.03890215,-0.03733330,-0.03080238,-0.99882869,0.00651972,-0.03481384,-0.39533841,-0.04084419,-0.17604914,-0.08317617
10408420000000,synthetic_50hz_05,421,0.02,78.25098583,78.89530601,9.30719176,9.32691095,9.34132989,4.57493725,111.96947554,1,1,0,0,1,0.50320403,0.12125963,-0.39679173,-0.05314602,-0.11052144,-0.08215788,0.05284949,0.09876618,0.05686394,-0.05102929,-0.08416344,-0.02993059,0.04773789,0.06713423,0.00213432,-0.04307019,-0.04816951,0.02572348,0.03716075,0.02781604,-0.05283966,-0.04909214,0.00586541,-0.33011615,0.04786291,0.22133591,-0.17537260,-0.04520980,0.03436167,-0.27734385,0.04120198,0.18748475,-0.23095099,-0.03594867,0.07261135,-0.22055424,0.02959616,0.14591942,-0.28732456,-0.01810613,0.39182363,0.92960551,-0.04080774,-0.50814877,-1.00687590,0.09854510,0.60982375,1.05511757,-0.15344136,-0.69391722,-1.07293972,0.20391384,0.75800474,1.05982852,-0.24850738,-0.80023863,-1.01616196,-0.03699718,-0.03071840,-0.99884377,0.00613106,-0.03486090,-0.39679173,-0.04091106,-0.17911776,-0.08107419
10408440000000,synthetic_50hz_05,422,0.02,78.75490614,78.86722604,9.32152978,9.34132989,9.33565739,4.58146893,111.88171816,1,1,0,0,1,0.50237932,0.11737831,-0.39820214,-0.05312197,-0.10633977,-0.07290844,0.05225979,0.09350928,0.04696548,-0.04989093,-0.07798288,-0.01966849,0.04608370,0.06020819,-0.00819555,-0.04094785,-0.04069767,0.03582331,0.03463145,0.02001382,-0.06241826,-0.04911093,0.01000289,-0.32087161,0.04731208,0.21612594,-0.18525924,-0.04410559,0.04049351,-0.26710026,0.03957651,0.18060826,-0.24125604,-0.03384906,0.08003381,-0.21048504,0.02708314,0.13816543,-0.29686734,0.00371301,0.43507130,0.95859301,-0.06221387,-0.54601405,-1.02513895,0.11892107,0.64121496,1.06212965,-0.17219973,-0.71792934,-1.06849866,0.22051378,0.77394549,1.04406235,-0.26247032,-0.80764842,-0.98952524,-0.03666063,-0.03062369,-0.99885907,0.00574041,-0.03490112,-0.39820214,-0.04097593,-0.18210739,-0.07896343
10408460000000,synthetic_50hz_05,423,0.02,78.54825800,78.80343243,9.32746337,9.33565739,9.34226339,4.58800017,111.79358697,1,1,0,0,1,0.50155351,0.11344523,-0.39956948,-0.05288788,-0.10174042,-0.06337689,0.05146383,0.08788616,0.03688794,-0.04855605,-0.07149810,-0.00933550,0.04424838,0.05304872,-0.01848609,-0.03866501,-0.03306991,0.04577472,0.03196691,0.01213769,-0.07174364,-0.04891984,0.01455820,-0.31134466,0.04655520,0.21054964,-0.19532525,-0.04280508,0.04692963,-0.25678548,0.03777017,0.17349831,-0.25152205,-0.03158923,0.08761216,-0.20056401,0.02443517,0.13033759,-0.30615710,0.02544957,0.47646840,0.98370953,-0.08330798,-0.58160795,-1.03930194,0.13876458,0.66997946,1.06493079,-0.19022053,-0.73903515,-1.05985719,0.23619233,0.78678412,1.02422741,-0.27535460,-0.81184974,-0.95906868,-0.03632370,-0.03051831,-0.99887459,0.00534791,-0.03493451,-0.39956948,-0.04103879,-0.18501671,-0.07684414
10408480000000,synthetic_50hz_05,424,0.02,78.47864858,78.73847566,9.33367938,9.34226339,9.35497141,4.59453183,111.70509737,1,1,0,0,1,0.50072665,0.10946213,-0.40089360,-0.05244321,-0.09673392,-0.05358845,0.05046268,0.08191052,0.02665865,-0.04702729,-0.06472560,0.00103972,0.04223607,0.04567461,-0.02870812,-0.03622718,-0.02530680,0.05554885,0.02917383,0.00420939,-0.08078808,-0.04851831,0.01952080,-0.30156052,0.04559330,0.20462072,-0.20554332,-0.04131090,0.05365352,-0.24642819,0.03578709,0.16617372,-0.26171980,-0.02917467,0.09532584,-0.19082002,0.02165896,0.12245765,-0.31516615,0.04704303,0.51589510,1.00487502,-0.10403071,-0.61482561,-1.04931462,0.15801913,0.69603041,1.06350198,-0.20745179,-0.75716833,-1.04702809,0.25090352,0.79647674,1.00036789,-0.28712158,-0.81282234,-0.92486662,-0.03598645,-0.03040231,-0.99889032,0.00495367,-0.03496104,-0.40089360,-0.04109964,-0.18784444,-0.07471653
10408500000000,synthetic_50hz_05,425,0.02,78.63533009,78.71784655,9.34262203,9.35497141,9.36561736,4.60106496,111.61626497,1,1,0,0,1,0.49989878,0.10543075,-0.40217436,-0.05178726,-0.09133083,-0.04356877,0.04925729,0.07559620,0.01630552,-0.04530720,-0.05768211,0.01142783,0.04005089,0.03810501,-0.03883170,-0.03363990,-0.01742933,0.06511604,0.02625904,-0.00374885,-0.08952305,-0.04790565,0.02488014,-0.29154482,0.04442736,0.19835302,-0.21588553,-0.03962563,0.06064847,-0.23605773,0.03363138,0.15865362,-0.27181937,-0.02661094,0.10315386,-0.18128272,0.01876133,0.11454784,-0.32386594,0.06843174,0.55322829,1.02200551,-0.12432145,-0.64555890,-1.05512315,0.17662692,0.71927774,1.05782110,-0.22384015,-0.77225947,-1.03002157,0.26459997,0.80297661,0.97252604,-0.29773125,-0.81054355,-0.88699213,-0.03564894,-0.03027576,-0.99890625,0.00455783,-0.03498073,-0.40217436,-0.04115847,-0.19058934,-0.07258084
10408520000000,synthetic_50hz_05,426,0.02,78.58361155,78.69099955,9.35228007,9.36561736,9.38439446,4.60760051,111.52710551,1,1,0,0,1,0.49906993,0.10135288,-0.40341163,-0.05091927,-0.08554195,-0.03334432,0.04784859,0.06895744,0.00585736,-0.04339842,-0.05038486,0.02179848,0.03769705,0.03035965,-0.04882586,-0.03090886,-0.00945916,0.07444556,0.02322955,-0.01171404,-0.09791896,-0.04708110,0.03062540,-0.28132406,0.04305830,0.19176077,-0.22632307,-0.03775187,0.06789725,-0.22570443,0.03130726,0.15095773,-0.28178978,-0.02390372,0.11107455,-0.17198285,0.01574927,0.10663115,-0.33222689,0.08955226,0.58834041,1.03501268,-0.14411772,-0.67369542,-1.05667011,0.19452821,0.73962749,1.04786325,-0.23933036,-0.78423574,-1.00884600,0.27723250,0.80623411,0.94074325,-0.30714190,-0.80498838,-0.84551844,-0.03531124,-0.03013872,-0.99892237,0.00416050,-0.03499356,-0.40341163,-0.04121529,-0.19325019,-0.07043730
10408540000000,synthetic_50hz_05,427,0.02,78.44429955,78.64165955,9.36576811,9.38439446,9.41511511,4.61413976,111.43763491,1,1,0,0,1,0.49824014,0.09723031,-0.40460526,-0.04983843,-0.07937859,-0.02294276,0.04623757,0.06200909,-0.00465573,-0.04130366,-0.04285183,0.03211999,0.03517894,0.02245914,-0.05865823,-0.02804000,-0.00141894,0.08350531,0.02009266,-0.01966217,-0.10594490,-0.04604386,0.03674530,-0.27092587,0.04148709,0.18485881,-0.23682583,-0.03569235,0.07538187,-0.21539998,0.02881912,0.14310667,-0.29159869,-0.02105896,0.11906527,-0.16295249,0.01263011,0.09873158,-0.34021808,0.11033867,0.62109849,1.04380379,-0.16335454,-0.69911788,-1.05389479,0.21166082,0.75698137,1.03360151,-0.25386481,-0.79302073,-0.98350902,0.28874977,0.80619694,0.90506150,-0.31530994,-0.79613011,-0.80052064,-0.03497338,-0.02999127,-0.99893868,0.00376184,-0.03499953,-0.40460526,-0.04127009,-0.19582582,-0.06828615
10408560000000,synthetic_50hz_05,428,0.02,78.67390304,78.64810825,9.38649385,9.41511511,9.44377527,4.62068463,111.34786927,1,1,0,0,1,0.49740946,0.09306487,-0.40575513,-0.04854398,-0.07285276,-0.01239328,0.04442532,0.05476689,-0.01520200,-0.03902586,-0.03510208,0.04235900,0.03250127,0.01442525,-0.06829477,-0.02503965,0.00666746,0.09226157,0.01685612,-0.02756795,-0.11356843,-0.04479314,0.04322782,-0.26037946,0.03971484,0.17766291,-0.24736207,-0.03345002,0.08308328,-0.20517776,0.02617166,0.13512220,-0.30121203,-0.01808296,0.12710215,-0.15422539,0.00941159,0.09087442,-0.34780709,0.13072193,0.65136338,1.04828198,-0.18196384,-0.72170353,-1.04673390,0.22795964,0.77123663,1.01500799,-0.26738326,-0.79853461,-0.95401893,0.29909809,0.80281048,0.86552506,-0.32218979,-0.78394094,-0.75207770,-0.03463544,-0.02983349,-0.99895516,0.00336195,-0.03499864,-0.40575513,-0.04132287,-0.19831509,-0.06612760
10408580000000,synthetic_50hz_05,429,0.02,78.82346369,78.68317933,9.41055205,9.44377527,9.47656844,4.62723716,111.25782481,1,1,0,0,1,0.49657793,0.08885838,-0.40686111,-0.04703526,-0.06597752,-0.00172702,0.04241317,0.04724785,-0.02574771,-0.03656829,-0.02715599,0.05248011,0.02966913,0.00628122,-0.07769949,-0.02191460,0.01477465,0.10067875,0.01352825,-0.03540455,-0.12075540,-0.04332831,0.05005989,-0.24971596,0.03774288,0.17019004,-0.25789806,-0.03102812,0.09098109,-0.19507313,0.02336998,0.12702757,-0.31059383,-0.01498254,0.13515980,-0.14583711,0.00610203,0.08308650,-0.35495976,0.15062924,0.67898915,1.04834690,-0.19987398,-0.74132398,-1.03512260,0.24335626,0.78228610,0.99205524,-0.27982246,-0.80069455,-0.92038646,0.30822125,0.79601859,0.82218251,-0.32773387,-0.76839306,-0.70027465,-0.03429747,-0.02966543,-0.99897181,0.00296097,-0.03499089,-0.40686111,-0.04137362,-0.20071691,-0.06396191
10408600000000,synthetic_50hz_05,430,0.02,78.73488195,78.69351986,9.43827893,9.47656844,9.52482710,4.63379946,111.16751790,1,1,0,0,1,0.49574558,0.08461271,-0.40792308,-0.04531186,-0.05876731,0.00902258,0.04020281,0.03947046,-0.03625675,-0.03393468,-0.01903565,0.06244562,0.02668821,-0.00194796,-0.08683415,-0.01867230,0.02287541,0.10871921,0.01011806,-0.04314335,-0.12746985,-0.04164894,0.05722709,-0.23896881,0.03557287,0.16245872,-0.26839768,-0.02843040,0.09905323,-0.18512382,0.02041975,0.11884776,-0.31970584,-0.01176513,0.14321101,-0.13782530,0.00271043,0.07539644,-0.36164013,0.16998351,0.70382279,1.04389569,-0.21700930,-0.75784521,-1.01899591,0.25777862,0.79001859,0.96471800,-0.29111605,-0.79941537,-0.88262683,0.31606048,0.78576463,0.77508911,-0.33189273,-0.74945994,-0.64520521,-0.03395953,-0.02948720,-0.99898862,0.00255904,-0.03497628,-0.40792308,-0.04142235,-0.20303022,-0.06178930
10408620000000,synthetic_50hz_05,431,0.02,78.63915991,78.68264787,9.47462916,9.52482710,9.58922111,4.64037434,111.07696507,1,1,0,0,1,0.49491247,0.08032973,-0.40894094,-0.04337370,-0.05123824,0.01981933,0.03779637,0.03145512,-0.04669031,-0.03112936,-0.01076514,0.07221519,0.02356486,-0.01023520,-0.09565808,-0.01532099,0.03094046,0.11634309,0.00663540,-0.05075370,-0.13367388,-0.03975495,0.06471330,-0.22817421,0.03320698,0.15448934,-0.27882213,-0.02566117,0.10727562,-0.17537015,0.01732734,0.11060985,-0.32850739,-0.00843897,0.15122651,-0.13022982,-0.00075337,0.06783488,-0.36781031,0.18870282,0.72570416,1.03482446,-0.23328975,-0.77112784,-0.99829054,0.27115083,0.79431953,0.93297545,-0.30119450,-0.79461063,-0.84076223,0.32255459,0.77199273,0.72430945,-0.33461529,-0.72711792,-0.58697449,-0.03362168,-0.02929887,-0.99900557,0.00215627,-0.03495482,-0.40894094,-0.04146904,-0.20525399,-0.05961000
10408640000000,synthetic_50hz_05,432,0.02,78.08028867,78.56217603,9.52275778,9.58922111,9.68797055,4.64696562,110.98618294,1,1,0,0,1,0.49407862,0.07601132,-0.40991457,-0.04122121,-0.04340850,0.03062397,0.03519667,0.02322447,-0.05700657,-0.02815738,-0.00237087,0.08174564,0.02030631,-0.01855109,-0.10412795,-0.01186980,0.03893821,0.12350820,0.00309108,-0.05820273,-0.13932766,-0.03764676,0.07250034,-0.21737141,0.03064798,0.14630452,-0.28912957,-0.02272551,0.11562184,-0.16585532,0.01409997,0.10234327,-0.33695516,-0.00501321,0.15917468,-0.12309286,-0.00427853,0.06043470,-0.37343045,0.20670003,0.74446623,1.02103010,-0.24863061,-0.78102782,-0.97294713,0.28339304,0.79507201,0.89681364,-0.30998513,-0.78619390,-0.79482459,0.32764020,0.75464946,0.66992038,-0.33584924,-0.70134812,-0.52570205,-0.03328397,-0.02910054,-0.99902266,0.00175281,-0.03492651,-0.40991457,-0.04151371,-0.20738725,-0.05742426
10408660000000,synthetic_50hz_05,433,0.02,77.86315725,78.42237227,9.59214714,9.68797055,9.80533670,4.65357907,110.89518830,1,1,0,0,1,0.49324408,0.07165940,-0.41084386,-0.03885545,-0.03529874,0.04139378,0.03240727,0.01480372,-0.06716036,-0.02502477,0.00611809,0.09099067,0.01692080,-0.02686352,-0.11219769,-0.00832899,0.04683447,0.13016999,-0.00050295,-0.06545515,-0.14438943,-0.03532544,0.08056755,-0.20660314,0.02789947,0.13792949,-0.29927484,-0.01962941,0.12406282,-0.15662561,0.01074587,0.09408011,-0.34500307,-0.00149808,0.16702135,-0.11645896,-0.00785312,0.05323118,-0.37845882,0.22388248,0.75993567,1.00241260,-0.26294238,-0.78739739,-0.94291286,0.29442152,0.79215809,0.85622850,-0.31741236,-0.77408049,-0.74485868,0.33125205,0.73368579,0.61201423,-0.33554158,-0.67213859,-0.46152513,-0.03294646,-0.02889229,-0.99903988,0.00134878,-0.03489135,-0.41084386,-0.04155633,-0.20942906,-0.05523230
10408680000000,synthetic_50hz_05,434,0.02,77.82163126,78.30222407,9.68168676,9.80533670,9.93514825,4.66022200,110.80399802,1,1,0,0,1,0.49240890,0.06727587,-0.41172871,-0.03627832,-0.02693246,0.05208223,0.02943274,0.00622107,-0.07710294,-0.02173861,0.01466967,0.09990073,0.01341774,-0.03513748,-0.11981834,-0.00471003,0.05459226,0.13628153,-0.00413347,-0.07247312,-0.14881566,-0.03279289,0.08889145,-0.19591590,0.02496601,0.12939244,-0.30920922,-0.01637998,0.13256651,-0.14773058,0.00727447,0.08585539,-0.35260217,0.00209493,0.17472956,-0.11037506,-0.01146391,0.04626216,-0.38285188,0.24015173,0.77193378,0.97887779,-0.27613074,-0.79008645,-0.90814458,0.30414877,0.78546056,0.81122913,-0.32339805,-0.75818947,-0.69092557,0.33332361,0.70905943,0.55070230,-0.33363930,-0.63948688,-0.39460203,-0.03260921,-0.02867421,-0.99905721,0.00094431,-0.03484935,-0.41172871,-0.04159693,-0.21137851,-0.05303437
10408700000000,synthetic_50hz_05,435,0.02,77.99972619,78.24172449,9.78814058,9.93514825,10.07064484,4.66690250,110.71262911,1,1,0,0,1,0.49157310,0.06286268,-0.41256903,-0.03349274,-0.01833640,0.06263874,0.02627883,-0.00249198,-0.08678180,-0.01830729,0.02324851,0.10842290,0.00980795,-0.04333477,-0.12693812,-0.00102583,0.06217167,0.14179366,-0.00778586,-0.07921614,-0.15256122,-0.03005202,0.09744529,-0.18536032,0.02185334,0.12072486,-0.31888017,-0.01298560,0.14109753,-0.13922315,0.00369656,0.07770729,-0.35970068,0.00575292,0.18225938,-0.10489032,-0.01509630,0.03956814,-0.38656449,0.25540353,0.78027791,0.95034060,-0.28809670,-0.78894431,-0.86861227,0.31248390,0.77486507,0.76184145,-0.32786205,-0.73844612,-0.63310639,0.33378779,0.68073741,0.48611857,-0.33009026,-0.60340274,-0.32511573,-0.03227228,-0.02844642,-0.99907464,0.00053954,-0.03480053,-0.41256903,-0.04163548,-0.21323474,-0.05083071
10408720000000,synthetic_50hz_05,436,0.02,77.98565092,78.19050978,9.90679237,10.07064484,10.22157084,4.67362877,110.62109866,1,1,0,0,1,0.49073674,0.05842176,-0.41336473,-0.03050287,-0.00954096,0.07300832,0.02295265,-0.01130024,-0.09614047,-0.01474068,0.03181566,0.11650084,0.00610374,-0.05141382,-0.13350244,0.00270918,0.06952969,0.14665510,-0.01144399,-0.08564099,-0.15557963,-0.02710700,0.10619866,-0.17499134,0.01856855,0.11196195,-0.32823124,-0.00945612,0.14961695,-0.13115966,0.00002448,0.06967741,-0.36624400,0.00946146,0.18956780,-0.10005600,-0.01873414,0.03319234,-0.38955019,0.26952791,0.78478320,0.91672877,-0.29873690,-0.78382190,-0.82430304,0.31933316,0.76026265,0.70811228,-0.33072291,-0.71478467,-0.57150631,0.33257775,0.64869912,0.41842354,-0.32484423,-0.56391127,-0.25327743,-0.03193572,-0.02820901,-0.99909217,0.00013459,-0.03474488,-0.41336473,-0.04167200,-0.21499695,-0.04862155
10408740000000,synthetic_50hz_05,437,0.02,78.05936807,78.16428144,10.03899933,10.22157084,10.38419248,4.68040923,110.52942387,1,1,0,0,1,0.48989985,0.05395509,-0.41411572,-0.02731433,-0.00058063,0.08313149,0.01946289,-0.02016454,-0.10511848,-0.01105032,0.04032836,0.12407485,0.00231917,-0.05932948,-0.13945409,0.00647884,0.07662012,0.15081280,-0.01509006,-0.09170176,-0.15782351,-0.02396342,0.11511709,-0.16486848,0.01512037,0.10314288,-0.33720195,-0.00580310,0.15808200,-0.12359979,-0.00372773,0.06181085,-0.37217494,0.01320439,0.19660862,-0.09592517,-0.02235965,0.02718066,-0.39176159,0.28240944,0.78526487,0.87798707,-0.30794413,-0.77457442,-0.77522543,0.32460064,0.74155264,0.65011367,-0.33189876,-0.68715155,-0.50625884,0.32962809,0.61293956,0.34780833,-0.31785409,-0.52105624,-0.17933034,-0.03159959,-0.02796208,-0.99910979,-0.00027041,-0.03468242,-0.41411572,-0.04170647,-0.21666434,-0.04640713
10408760000000,synthetic_50hz_05,438,0.02,78.48836567,78.22909828,10.18398045,10.38419248,10.54409491,4.68725238,110.43762203,1,1,0,0,1,0.48906248,0.04946461,-0.41482192,-0.02393441,0.00850571,0.09294408,0.01582007,-0.02904138,-0.11365136,-0.00724963,0.04873977,0.13108201,-0.00152982,-0.06703298,-0.14473351,0.01026517,0.08339359,0.15421227,-0.01870456,-0.09734992,-0.15924502,-0.02062861,0.12416170,-0.15505587,0.01151929,0.09431113,-0.34572784,-0.00203994,0.16644586,-0.11660649,-0.00754413,0.05415643,-0.37743392,0.01696373,0.20333249,-0.09255231,-0.02595331,0.02158163,-0.39315085,0.29392773,0.78154096,0.83408199,-0.31560803,-0.76106447,-0.72141415,0.32818920,0.71864613,0.58794760,-0.33130852,-0.65550890,-0.43753025,0.32487606,0.57347303,0.27449870,-0.30907728,-0.47490367,-0.10355322,-0.03126396,-0.02770575,-0.99912747,-0.00067531,-0.03461316,-0.41482192,-0.04173890,-0.21823619,-0.04418769
10408780000000,synthetic_50hz_05,439,0.02,78.47366902,78.27801243,10.33522853,10.54409491,10.71859220,4.69416601,110.34571051,1,1,0,0,1,0.48822467,0.04495233,-0.41548325,-0.02037235,0.01767438,0.10237727,0.01203672,-0.03788273,-0.12167076,-0.00335407,0.05699891,0.13745643,-0.00542529,-0.07447179,-0.14927916,0.01404822,0.08979761,0.15679810,-0.02226615,-0.10253452,-0.15979648,-0.01711178,0.13328880,-0.14562237,0.00777785,0.08551475,-0.35374055,0.00181787,0.17465752,-0.11024563,-0.01140677,0.04676665,-0.38195941,0.02071954,0.20968692,-0.08999283,-0.02949377,0.01644621,-0.39367029,0.30395810,0.77343568,0.78500683,-0.32161605,-0.74316562,-0.66293519,0.33000166,0.69146975,0.52175081,-0.32887316,-0.61983848,-0.36552412,0.31826310,0.53033698,0.19875920,-0.29847736,-0.42554562,-0.02626395,-0.03092887,-0.02744012,-0.99914522,-0.00108000,-0.03453712,-0.41548325,-0.04176928,-0.21971180,-0.04196347
10408800000000,synthetic_50hz_05,440,0.02,78.80865833,78.38414161,10.49624127,10.71859220,10.88983317,4.70115771,110.25370676,1,1,0,0,1,0.48738645,0.04042022,-0.41609964,-0.01663958,0.02687659,0.11135762,0.00812763,-0.04663581,-0.12910468,0.00061863,0.06505049,0.14312960,-0.00934707,-0.08158974,-0.15302803,0.01780602,0.09577671,0.15851458,-0.02575162,-0.10720240,-0.15943109,-0.01342437,0.14244962,-0.13664141,0.00391083,0.07680652,-0.36116809,0.00575263,0.18266172,-0.10458572,-0.01529550,0.03969768,-0.38568841,0.02444984,0.21561643,-0.08830243,-0.03295783,0.01182754,-0.39327312,0.31237259,0.76078313,0.73078730,-0.32585467,-0.72076651,-0.59989118,0.32994220,0.65996986,0.45169991,-0.32451736,-0.58014597,-0.29048593,0.30973652,0.48359620,0.12089711,-0.28602584,-0.37310412,0.05217724,-0.03059438,-0.02716531,-0.99916301,-0.00148433,-0.03445431,-0.41609964,-0.04179762,-0.22109052,-0.03973471
10408820000000,synthetic_50hz_05,441,0.02,79.21032493,78.54937827,10.66154987,10.88983317,11.05295302,4.70823426,110.16162829,1,1,0,0,1,0.48654786,0.03587029,-0.41667103,-0.01274994,0.03605827,0.11980728,0.00411004,-0.05524295,-0.13587784,0.00464835,0.07283496,0.14803097,-0.01327273,-0.08832709,-0.15591630,0.02151445,0.10127272,0.15930649,-0.02913590,-0.11129861,-0.15810380,-0.00958020,0.15159006,-0.12819082,-0.00006454,0.06824408,-0.36793516,0.00974422,0.19039889,-0.09969732,-0.01918789,0.03300925,-0.38855709,0.02813051,0.22106285,-0.08753635,-0.03632044,0.00778059,-0.39191429,0.31904115,0.74343175,0.67148737,-0.32821084,-0.69377543,-0.53242699,0.32791807,0.62411724,0.37801648,-0.31817126,-0.53646546,-0.21270759,0.29925143,0.43334712,0.04126623,-0.27170404,-0.31773519,0.13136484,-0.03026055,-0.02688144,-0.99918084,-0.00188819,-0.03436475,-0.41667103,-0.04182391,-0.22237174,-0.03750165
10408840000000,synthetic_50hz_05,442,0.02,79.62757633,78.76501789,10.82593919,11.05295302,11.20509684,4.71540110,110.06949267,1,1,0,0,1,0.48570896,0.03130454,-0.41719735,-0.00871993,0.04515980,0.12764440,0.00000381,-0.06364160,-0.14191216,0.00871242,0.08028859,0.15208853,-0.01717747,-0.09462082,-0.15788012,0.02514728,0.10622509,0.15911995,-0.03239209,-0.11476684,-0.15577228,-0.00559580,0.16065054,-0.12035247,-0.00412837,0.05989000,-0.37396371,0.01376995,0.19780533,-0.09565242,-0.02305912,0.02676439,-0.39050160,0.03173533,0.22596564,-0.08774846,-0.03955467,0.00436164,-0.38955145,0.32383323,0.72124919,0.60721548,-0.32857381,-0.66212529,-0.46073543,0.32384145,0.58391201,0.30097216,-0.30977259,-0.48886427,-0.13253172,0.28677285,0.37972235,-0.03972967,-0.25550531,-0.25963285,0.21084563,-0.02992744,-0.02658863,-0.99919869,-0.00229143,-0.03426845,-0.41719735,-0.04184815,-0.22355490,-0.03526454
10408860000000,synthetic_50hz_05,443,0.02,79.59193199,78.93040071,10.98518540,11.20509684,11.36142051,4.72266204,109.97731755,1,1,0,0,1,0.48486978,0.02672498,-0.41767855,-0.00456895,0.05411600,0.13478355,-0.00416837,-0.07176437,-0.14712751,0.01278551,0.08734374,0.15522970,-0.02103404,-0.10040495,-0.15885656,0.02867614,0.11057143,0.15790350,-0.03549150,-0.11755009,-0.15239801,-0.00149054,0.16956586,-0.11321177,-0.00825800,0.05181167,-0.37917358,0.01780451,0.20481337,-0.09252362,-0.02688195,0.02102910,-0.39145901,0.03523593,0.23026241,-0.08899021,-0.04263186,0.00162772,-0.38614612,0.32661957,0.69412769,0.53813089,-0.32683708,-0.62577904,-0.38506301,0.31763171,0.53938888,0.22089359,-0.29926888,-0.43744789,-0.05035571,0.27227799,0.32289508,-0.12163395,-0.23743719,-0.19903305,0.29011685,-0.02959511,-0.02628701,-0.99921656,-0.00269393,-0.03416544,-0.41767855,-0.04187034,-0.22463948,-0.03302362
10408880000000,synthetic_50hz_05,444,0.02,79.66348232,79.07701703,11.14320415,11.36142051,11.51291712,4.73002005,109.88512059,1,1,0,0,1,0.48403036,0.02213364,-0.41811457,-0.00031946,0.06285616,0.14113651,-0.00838086,-0.07953922,-0.15144248,0.01683956,0.09392913,0.15738230,-0.02481277,-0.10561102,-0.15878471,0.03207061,0.11424809,0.15560928,-0.03840384,-0.11959134,-0.14794757,0.00271311,0.17826530,-0.10685696,-0.01242779,0.04408112,-0.38348340,0.02181984,0.21135176,-0.09038310,-0.03062673,0.01587179,-0.39136842,0.03860188,0.23388952,-0.09130946,-0.04552169,-0.00036418,-0.38166485,0.32727444,0.66199001,0.46445003,-0.32290084,-0.58473544,-0.30571549,0.30921786,0.49062267,0.13816703,-0.28661998,-0.38236502,0.03336485,0.25575872,0.26308362,-0.20393480,-0.21752381,-0.13621738,0.36862522,-0.02926360,-0.02597669,-0.99923442,-0.00309556,-0.03405573,-0.41811457,-0.04189047,-0.22562499,-0.03077912
10408900000000,synthetic_50hz_05,445,0.02,79.81502193,79.22461801,11.29848359,11.51291712,11.65394543,4.73747723,109.79291952,1,1,0,0,1,0.48319074,0.01753254,-0.41850537,0.00400282,0.07130416,0.14661306,-0.01260501,-0.08688982,-0.15477550,0.02084379,0.09997040,0.15847570,-0.02848163,-0.11016879,-0.15760697,0.03529833,0.11719097,0.15219436,-0.04109737,-0.12083447,-0.14239392,0.00698944,0.18667277,-0.10137826,-0.01660907,0.03677469,-0.38681156,0.02578516,0.21734613,-0.08930147,-0.03426140,0.01136273,-0.39017223,0.04180083,0.23678285,-0.09474915,-0.04819244,-0.00155793,-0.37608062,0.32567806,0.62479571,0.38645290,-0.31667457,-0.53903509,-0.22306319,0.29854121,0.43773385,0.05324247,-0.27180076,-0.32381253,0.11811326,0.23722417,0.20055555,-0.28606373,-0.19580829,-0.07151645,0.44576685,-0.02893299,-0.02565782,-0.99925228,-0.00349619,-0.03393934,-0.41850537,-0.04190856,-0.22651101,-0.02853129
10408920000000,synthetic_50hz_05,446,0.02,80.02344914,79.38438424,11.44777757,11.65394543,11.78159885,4.74503454,109.70073209,1,1,0,0,1,0.48235097,0.01292371,-0.41885091,0.00836882,0.07937884,0.15112211,-0.01680906,-0.09373602,-0.15704602,0.02476468,0.10539074,0.15844222,-0.03200632,-0.11400700,-0.15527046,0.03832520,0.11933639,0.14762218,-0.04353916,-0.12122525,-0.13571788,0.01130937,0.19470710,-0.09686674,-0.02077010,0.02997250,-0.38907753,0.02966694,0.22271966,-0.08934643,-0.03775169,0.00757317,-0.38781754,0.04479868,0.23887874,-0.09934583,-0.05061118,-0.00189930,-0.36937424,0.32171951,0.58254775,0.30448902,-0.30807996,-0.48876662,-0.13754579,0.28555831,0.38089413,-0.03336295,-0.25480389,-0.26204027,0.20330982,0.21670335,0.13563168,-0.36739518,-0.17235515,-0.00531276,0.52088836,-0.02860331,-0.02533052,-0.99927010,-0.00389568,-0.03381631,-0.41885091,-0.04192459,-0.22729714,-0.02628038
10408940000000,synthetic_50hz_05,447,0.02,81.06928243,79.72136388,11.58798251,11.78159885,11.86465466,4.75269162,109.60857607,1,1,0,0,1,0.48151108,0.00830917,-0.41915114,0.01274602,0.08699447,0.15457300,-0.02095818,-0.09999454,-0.15817594,0.02856612,0.11011173,0.15721860,-0.03535047,-0.11705434,-0.15172857,0.04111566,0.12062222,0.14186414,-0.04569546,-0.12071251,-0.12790969,0.01564038,0.20228256,-0.09341307,-0.02487606,0.02375786,-0.39020321,0.03342909,0.22739395,-0.09058122,-0.04106122,0.00457443,-0.38425777,0.04755987,0.24011507,-0.10512811,-0.05274416,-0.00133712,-0.36153595,0.31529981,0.53529937,0.21898300,-0.29705404,-0.43407290,-0.04967641,0.27024407,0.32033191,-0.12106237,-0.23564284,-0.19735560,0.28831086,0.19424791,0.06868943,-0.44724722,-0.14725273,0.06195708,0.59328923,-0.02827463,-0.02499493,-0.99928790,-0.00429391,-0.03368664,-0.41915114,-0.04193857,-0.22798303,-0.02402662
10408960000000,synthetic_50hz_05,448,0.02,81.30344645,80.03778039,11.70418481,11.86465466,11.94148297,4.76044515,109.51646928,1,1,0,0,1,0.48067111,0.00369098,-0.41940604,0.01709846,0.09406142,0.15687703,-0.02501461,-0.10557983,-0.15809130,0.03220958,0.11405433,0.15474773,-0.03847592,-0.11924059,-0.14694271,0.04363299,0.12098908,0.13490126,-0.04753211,-0.11924941,-0.11897055,0.01994653,0.20930951,-0.09110597,-0.02888917,0.01821630,-0.39011463,0.03703307,0.23128995,-0.09306297,-0.04415182,0.00243671,-0.37945432,0.05004769,0.24043244,-0.11211494,-0.05455721,0.00017544,-0.35256696,0.30633534,0.48316094,0.13043936,-0.28355261,-0.37515713,0.03995519,0.25259493,0.25633736,-0.20919781,-0.21435482,-0.13012727,0.37240916,0.16993476,0.00016555,-0.52488378,-0.12061541,0.12980094,0.66222576,-0.02794701,-0.02465118,-0.99930564,-0.00469075,-0.03355038,-0.41940604,-0.04195049,-0.22856839,-0.02177027
10408980000000,synthetic_50hz_05,449,0.02,81.34939236,80.30010278,11.80385004,11.94148297,12.02246205,4.76829034,109.43929104,1,1,0,0,1,0.47983112,-0.00092885,-0.41961557,0.02138683,0.10048704,0.15794915,-0.02893775,-0.11040509,-0.15672403,0.03565437,0.11714011,0.15098049,-0.04134306,-0.12049792,-0.14088410,0.04583981,0.12038172,0.12672597,-0.04901498,-0.11679486,-0.10891426,0.02418849,0.21569533,-0.09003046,-0.03276883,0.01343463,-0.38874372,0.04043821,0.23432924,-0.09684079,-0.04698390,0.00122784,-0.37337840,0.05222475,0.23977561,-0.12031394,-0.05601622,0.00267947,-0.34248106,0.29476157,0.42630681,0.03944635,-0.26755374,-0.31228864,0.13068072,0.23263222,0.18926704,-0.29704020,-0.19100380,-0.06078878,0.45483587,0.14386865,-0.06944204,-0.59951841,-0.09258570,0.19767082,0.72691656,-0.02762050,-0.02429943,-0.99932332,-0.00508607,-0.03340753,-0.41961557,-0.04196036,-0.22905295,-0.01951156
10409000000000,synthetic_50hz_05,450,0.02,81.50864865,80.54181196,11.89566708,12.02246205,12.11097896,4.77622224,109.42124673,1,1,0,0,1,0.47899113,-0.00554826,-0.41977972,0.02556863,0.10617681,0.15770996,-0.03268448,-0.11438358,-0.15401398,0.03885802,0.11929262,0.14587769,-0.04391127,-0.12076240,-0.13353569,0.04769854,0.11875054,0.11734379,-0.05011064,-0.11331505,-0.09776882,0.02832377,0.22134547,-0.09026596,-0.03647195,0.00949958,-0.38603034,0.04360201,0.23643537,-0.10195386,-0.04951683,0.00101176,-0.36601297,0.05405347,0.23809498,-0.12971954,-0.05708774,0.00620879,-0.33130626,0.28053683,0.36498178,-0.05332144,-0.24906139,-0.24580812,0.22175278,0.21040539,0.11954770,-0.38379089,-0.16568331,0.01015934,0.53476412,0.11618450,-0.13957348,-0.67031986,-0.06333604,0.26496365,0.78654996,-0.02729516,-0.02393980,-0.99934093,-0.00547974,-0.03325814,-0.41977972,-0.04196817,-0.22943651,-0.01725074
10409020000000,synthetic_50hz_05,451,0.02,81.60433565,80.75431670,11.98609807,12.11097896,12.19879963,4.78423665,109.40326593,1,1,0,0,1,0.47815119,-0.01016523,-0.41989847,0.02959840,0.11103559,0.15608783,-0.03620954,-0.11743006,-0.14991102,0.04177674,0.12043898,0.13941222,-0.04613950,-0.11997557,-0.12489409,0.04917203,0.11605322,0.10677521,-0.05078691,-0.10878500,-0.08557795,0.03230693,0.22616481,-0.09188409,-0.03995325,0.00649638,-0.38192438,0.04648070,0.23753545,-0.10842931,-0.05170956,0.00184692,-0.35735464,0.05549671,0.23534824,-0.14031127,-0.05773962,0.01078836,-0.31908628,0.26364637,0.29950711,-0.14710208,-0.22810907,-0.17613215,0.31234616,0.18599529,0.04767922,-0.46858515,-0.13851917,0.08214833,0.61131462,0.08704948,-0.20960751,-0.73641960,-0.03307012,0.33102360,0.84029325,-0.02697104,-0.02357246,-0.99935845,-0.00587164,-0.03310223,-0.41989847,-0.04197392,-0.22971888,-0.01498805
10409040000000,synthetic_50hz_05,452,0.02,81.93482242,80.99041784,12.07543273,12.19879963,12.27715125,4.79232997,109.38533384,1,1,0,0,1,0.47731134,-0.01477771,-0.41997180,0.03342815,0.11496924,0.15302118,-0.03946597,-0.11946250,-0.14437737,0.04436596,0.12051159,0.13157108,-0.04798686,-0.11808628,-0.11497154,0.05022428,0.11225648,0.09505732,-0.05101370,-0.10319028,-0.07240255,0.03608996,0.23005921,-0.09494643,-0.04316577,0.00450709,-0.37638801,0.04902971,0.23756190,-0.11628012,-0.05352121,0.00378447,-0.34741564,0.05651846,0.23150211,-0.15205204,-0.05794174,0.01643261,-0.30588201,0.24410628,0.23028566,-0.24104711,-0.20476339,-0.10375662,0.40156102,0.15951707,-0.02576378,-0.55049773,-0.10967180,0.15454139,0.68356334,0.05666464,-0.27886351,-0.79692150,-0.00202381,0.39514586,0.88730403,-0.02664819,-0.02319754,-0.99937587,-0.00626163,-0.03293983,-0.41997180,-0.04197762,-0.22989996,-0.01272375
10409060000000,synthetic_50hz_05,453,0.02,81.91555975,81.17544622,12.16015451,12.27715125,12.36133094,4.80049867,109.36743572,1,1,0,0,1,0.47647163,-0.01938368,-0.41999970,0.03700784,0.11788639,0.14846099,-0.04240574,-0.12040389,-0.13738981,0.04658106,0.11945009,0.12235761,-0.04941342,-0.11505249,-0.10379779,0.05082117,0.10733787,0.08224543,-0.05076373,-0.09652866,-0.05832190,0.03962283,0.23293729,-0.09950201,-0.04606150,0.00360868,-0.36939804,0.05120442,0.23645436,-0.12550296,-0.05491185,0.00686645,-0.33622575,0.05708462,0.22653414,-0.16488654,-0.05766683,0.02314379,-0.29177275,0.22196751,0.15780603,-0.33422452,-0.17912739,-0.02925895,0.48842840,0.13112294,-0.10013169,-0.62855066,-0.07933816,0.22663548,0.75055151,0.02526602,-0.34660526,-0.85091361,0.02953455,0.45658225,0.92674348,-0.02632668,-0.02281519,-0.99939318,-0.00664960,-0.03277098,-0.41999970,-0.04197926,-0.22997965,-0.01045807
10409080000000,synthetic_50hz_05,454,0.02,82.16847626,81.37405223,12.24464861,12.36133094,12.43999520,4.80873983,109.34955681,1,1,0,0,1,0.47563208,-0.02398110,-0.41998218,0.04028598,0.11970040,0.14237323,-0.04498045,-0.12018435,-0.12894211,0.04837811,0.11720334,0.11179353,-0.05038102,-0.11084330,-0.09142189,0.05093141,0.10128759,0.06841452,-0.05001343,-0.08881172,-0.04343472,0.04285403,0.23471242,-0.10558485,-0.04859202,0.00387105,-0.36094825,0.05296091,0.23416167,-0.13607610,-0.05584331,0.01112376,-0.32383399,0.05716388,0.22043453,-0.17873978,-0.05689133,0.03091029,-0.27685722,0.19731949,0.08264529,-0.42562411,-0.15134357,0.04670131,0.57191818,0.10100435,-0.17470149,-0.70172358,-0.04775312,0.29766494,0.81129797,-0.00687485,-0.41204657,-0.89748225,0.06130462,0.51454871,0.95779171,-0.02600655,-0.02242558,-0.99941037,-0.00703541,-0.03259570,-0.41998218,-0.04197884,-0.22995792,-0.00819125
10409100000000,synthetic_50hz_05,455,0.02,82.63739843,81.62672147,12.32669418,12.43999520,12.50622310,4.81705074,109.33168241,1,1,0,0,1,0.47479275,-0.02856795,-0.41991924,0.04321038,0.12033158,0.13474150,-0.04714216,-0.11874327,-0.11904731,0.04971481,0.11373154,0.09992093,-0.05085416,-0.10544088,-0.07791378,0.05052736,0.09411031,0.05366034,-0.04874384,-0.08006649,-0.02785985,0.04573141,0.23530492,-0.11321136,-0.05070940,0.00535481,-0.35105166,0.05425686,0.23064406,-0.14795747,-0.05628012,0.01657421,-0.31031031,0.05672862,0.21320794,-0.19351602,-0.05559627,0.03970509,-0.26125424,0.17029362,0.00547006,-0.51416562,-0.12159647,0.12338370,0.65094973,0.06939363,-0.24868025,-0.76896667,-0.01519015,0.36680723,0.86481394,-0.03945128,-0.47435899,-0.93572821,0.09295530,0.56823476,0.97966501,-0.02568786,-0.02202886,-0.99942743,-0.00741894,-0.03241404,-0.41991924,-0.04197637,-0.22983479,-0.00592355
10409120000000,synthetic_50hz_05,456,0.02,82.92487947,81.88635307,12.40209633,12.50622310,12.56957967,4.82542836,109.31379784,1,1,0,0,1,0.47395368,-0.03314219,-0.41981088,0.04572907,0.11970953,0.12556950,-0.04884435,-0.11603160,-0.10773986,0.05055141,0.10900843,0.08680403,-0.05080106,-0.09884249,-0.06336560,0.04958609,0.08582687,0.03810031,-0.04694153,-0.07033683,-0.01173658,0.04820298,0.23464439,-0.12237784,-0.05236712,0.00810900,-0.33974273,0.05505255,0.22587524,-0.16108284,-0.05619046,0.02322057,-0.29574685,0.05575589,0.20487524,-0.20909783,-0.05376824,0.04948434,-0.24510311,0.14106607,-0.07296440,-0.59870964,-0.09011452,0.19997024,0.72440535,0.03656493,-0.32121085,-0.82921612,0.01803885,0.43319080,0.91012021,-0.07212256,-0.53268165,-0.96478510,0.12412694,0.61681505,0.99163479,-0.02537066,-0.02162517,-0.99944434,-0.00780007,-0.03222602,-0.41981088,-0.04197184,-0.22961030,-0.00365521
10409140000000,synthetic_50hz_05,457,0.02,83.59273888,82.22763023,12.47243933,12.56957967,12.61635438,4.83386953,109.29588846,1,1,0,0,1,0.47311490,-0.03770183,-0.41965711,0.04779127,0.11777560,0.11488339,-0.05004293,-0.11201420,-0.09507762,0.05085183,0.10302337,0.07253071,-0.05019465,-0.09106233,-0.04789270,0.04809034,0.07647592,0.02187393,-0.04459956,-0.05968468,0.00477548,0.05021796,0.23267216,-0.13305810,-0.05352111,0.01216876,-0.32707931,0.05531188,0.21984461,-0.17536432,-0.05554730,0.03104861,-0.28025897,0.05422845,0.19547506,-0.22534571,-0.05140028,0.06018608,-0.22856347,0.10986009,-0.15181736,-0.67807162,-0.05717129,0.27557112,0.79114654,0.00283421,-0.39138004,-0.88141234,0.05158458,0.49590528,0.94626661,-0.10451616,-0.58613335,-0.98383957,0.15443449,0.65946291,0.99304798,-0.02505501,-0.02121470,-0.99946109,-0.00817867,-0.03203169,-0.41965711,-0.04196525,-0.22928456,-0.00138648
10409160000000,synthetic_50hz_05,458,0.02,83.95000850,82.57210589,12.53288365,12.61635438,12.66181519,4.84237043,109.27793968,1,1,0,0,1,0.47227646,-0.04224483,-0.41945795,0.04934848,0.11448538,0.10273405,-0.05069743,-0.10667214,-0.08114353,0.05058475,0.09578348,0.05721360,-0.04901368,-0.08213334,-0.03163419,0.04602953,0.06611526,0.00514274,-0.04171833,-0.04819104,0.02149698,0.05172787,0.22934385,-0.14520131,-0.05413087,0.01755303,-0.31314436,0.05500353,0.21255926,-0.19068928,-0.05432936,0.04002540,-0.26398576,0.05213571,0.18506520,-0.24209814,-0.04849280,0.07172931,-0.21181462,0.07694736,-0.23016835,-0.75103895,-0.02308562,0.34923298,0.85003317,-0.03144170,-0.45822907,-0.92452054,0.08506253,0.55401419,0.97235354,-0.13623097,-0.63382683,-0.99215315,0.18347181,0.69536594,0.98334851,-0.02474097,-0.02079759,-0.99947767,-0.00855462,-0.03183107,-0.41945795,-0.04195661,-0.22885771,0.00088241
10409180000000,synthetic_50hz_05,459,0.02,84.24061504,82.90580772,12.58703490,12.66181519,12.70888308,4.85092714,109.25993699,1,1,0,0,1,0.47143840,-0.04676921,-0.41921342,0.05035576,0.10981127,0.08919886,-0.05077216,-0.10000498,-0.06604693,0.04972477,0.08731550,0.04099083,-0.04724380,-0.07210868,-0.01475295,0.04340077,0.05482293,-0.01191026,-0.03830647,-0.03595661,0.03823010,0.05268774,0.22463183,-0.15873005,-0.05416074,0.02426222,-0.29804719,0.05410212,0.20404595,-0.20691961,-0.05252231,0.05009778,-0.24709013,0.04947478,0.17372372,-0.25917209,-0.04505442,0.08401335,-0.19505441,0.04264843,-0.30702559,-0.81639109,0.01177920,0.41994992,0.89994528,-0.06586724,-0.52076689,-0.95755363,0.11805629,0.60656992,0.98755526,-0.16684173,-0.67488525,-0.98908521,0.21081704,0.72374332,0.96209937,-0.02442857,-0.02037401,-0.99949407,-0.00892780,-0.03162422,-0.41921342,-0.04194591,-0.22832994,0.00315120
10409200000000,synthetic_50hz_05,460,0.02,84.69490139,83.26362645,12.63821114,12.70888308,12.75111576,4.85953606,109.24186591,1,1,0,0,1,0.47060076,-0.05127296,-0.41892355,0.05077294,0.10374485,0.07438323,-0.05023747,-0.09203286,-0.04992434,0.04825363,0.07766752,0.02402610,-0.04487861,-0.06106298,0.00256482,0.04020973,0.04269798,-0.02908180,-0.03438157,-0.02310197,0.05476034,0.05305743,0.21852771,-0.17353893,-0.05358105,0.03227621,-0.28192435,0.05258938,0.19435276,-0.22389159,-0.05011975,0.06119111,-0.22975826,0.04625135,0.16154966,-0.27636430,-0.04110276,0.09691759,-0.17849735,0.00733199,-0.38133737,-0.87292264,0.04701752,0.48667723,0.93980739,-0.10001149,-0.57798596,-0.97959705,0.15012208,0.65263109,0.99114447,-0.19590459,-0.70846056,-0.97411673,0.23603907,0.74386478,0.92900476,-0.02411788,-0.01994412,-0.99951028,-0.00929809,-0.03141117,-0.41892355,-0.04193315,-0.22770147,0.00541965
10409220000000,synthetic_50hz_05,461,0.02,85.12909381,83.63671992,12.68563108,12.75111576,12.79031592,4.86819376,109.22371204,1,1,0,0,1,0.46976357,-0.05575410,-0.41858837,0.05056600,0.09629924,0.05842153,-0.04907101,-0.08279833,-0.03293971,0.04616127,0.06691030,0.00650823,-0.04192069,-0.04909322,0.02011089,0.03647152,0.02986076,-0.04615020,-0.02997085,-0.00976741,0.07085899,0.05280291,0.21104459,-0.18949358,-0.05236947,0.04155245,-0.26493978,0.05045526,0.18355047,-0.24141640,-0.04712425,0.07320841,-0.21219839,0.04248051,0.14866339,-0.29345309,-0.03666500,0.11030175,-0.16237213,-0.02858719,-0.45200645,-0.91946911,0.08218473,0.54834804,0.96861488,-0.13341284,-0.62888051,-0.98983503,0.18079459,0.69128205,0.98251777,-0.22296396,-0.73375361,-0.94687408,0.25870517,0.75507071,0.88393156,-0.02380895,-0.01950811,-0.99952628,-0.00966536,-0.03119197,-0.41858837,-0.04191834,-0.22697260,0.00768751
10409240000000,synthetic_50hz_05,462,0.02,85.31289735,83.97195541,12.72959871,12.79031592,12.83664983,4.87689700,109.20546108,1,1,0,0,1,0.46892689,-0.06021066,-0.41820792,0.04970840,0.08751103,0.04147741,-0.04725896,-0.07236787,-0.01528402,0.04344702,0.05513831,-0.01135001,-0.03838248,-0.03631909,0.03765682,0.03221135,0.01645277,-0.06287797,-0.02511156,0.00388789,0.08628631,0.05189765,0.20221909,-0.20643034,-0.05051217,0.05202444,-0.24728446,0.04769907,0.17173353,-0.25928129,-0.04354827,0.08603001,-0.19463895,0.03818749,0.13520637,-0.31020096,-0.03177843,0.12400664,-0.14691850,-0.06465174,-0.51790738,-0.95493484,0.11680214,0.60389249,0.98546193,-0.16558508,-0.67246710,-0.98757769,0.20959412,0.72165417,0.96122113,-0.24756047,-0.75003561,-0.90715212,0.27838954,0.75679318,0.82692949,-0.02350183,-0.01906612,-0.99954207,-0.01002950,-0.03096665,-0.41820792,-0.04190148,-0.22614363,0.00995454
10409260000000,synthetic_50hz_05,463,0.02,85.53007646,84.28357962,12.77456018,12.83664983,12.88744035,4.88564325,109.18709879,1,1,0,0,1,0.46809076,-0.06464066,-0.41778223,0.04818241,0.07744203,0.02374346,-0.04479719,-0.06083301,0.00282594,0.04012046,0.04247015,-0.02931387,-0.03428702,-0.02288285,0.05495666,0.02746508,0.00263583,-0.07901502,-0.01985131,0.01768718,0.10079535,0.05032391,0.19211299,-0.22415663,-0.04800503,0.06360068,-0.22917516,0.04433041,0.15902055,-0.27725147,-0.03941484,0.09951362,-0.17732589,0.03340813,0.12134046,-0.32635785,-0.02649063,0.13785552,-0.13238342,-0.10036662,-0.57790677,-0.97832278,0.15036325,0.65225948,0.98957046,-0.19602484,-0.70780726,-0.97228837,0.23603494,0.74294861,0.92697475,-0.26924005,-0.75667042,-0.85493602,0.29468284,0.74857706,0.75824908,-0.02319657,-0.01861835,-0.99955763,-0.01039040,-0.03073526,-0.41778223,-0.04188257,-0.22521494,0.01222049
10409280000000,synthetic_50hz_05,464,0.02,85.59718437,84.54630057,12.82196985,12.88744035,12.94748980,4.89443075,109.16861103,1,1,0,0,1,0.46725520,-0.06904216,-0.41731136,0.04598034,0.06618040,0.00544002,-0.04169234,-0.04831085,0.02114952,0.03620233,0.02904848,-0.04712931,-0.02966859,-0.00894863,0.07175034,0.02227949,-0.01140921,-0.09430277,-0.01424806,0.03143813,0.11413641,0.04807402,0.18081447,-0.24245210,-0.04485467,0.07616403,-0.21085256,0.04037003,0.14555420,-0.29507294,-0.03475824,0.11349511,-0.16051930,0.02818922,0.10724650,-0.34166514,-0.02085959,0.15165605,-0.11901658,-0.13520574,-0.63088611,-0.98876520,0.18234156,0.69244051,0.98031923,-0.22422039,-0.73403152,-0.94361021,0.25963484,0.75446006,0.87969647,-0.28756390,-0.75313717,-0.79042067,0.30720235,0.73010098,0.67835667,-0.02289323,-0.01816495,-0.99957296,-0.01074792,-0.03049784,-0.41731136,-0.04186160,-0.22418693,0.01448513
10409300000000,synthetic_50hz_05,465,0.02,85.91280526,84.81960151,12.87468823,12.94748980,13.00546705,4.90325871,109.14998376,1,1,0,0,1,0.46642027,-0.07341321,-0.41679535,0.04310571,0.05384138,-0.01318679,-0.03796267,-0.03494409,0.03942502,0.03172515,0.01503935,-0.06452660,-0.02457297,0.00529898,0.08776785,0.01671235,-0.02548454,-0.10847872,-0.00836991,0.04493537,0.12606209,0.04515147,0.16843877,-0.26107064,-0.04107938,0.08957182,-0.19257835,0.03585043,0.13150052,-0.31247596,-0.02962426,0.12778990,-0.14448916,0.02258854,0.09312231,-0.35586035,-0.01495338,0.16520287,-0.10706538,-0.16862003,-0.67576699,-0.98555465,0.21219974,0.72349517,0.95727225,-0.24966163,-0.75036464,-0.90139125,0.27992567,0.75560075,0.81952272,-0.30211931,-0.73905253,-0.71402697,0.31560272,0.70119709,0.58794549,-0.02259185,-0.01770612,-0.99958805,-0.01110197,-0.03025445,-0.41679535,-0.04183858,-0.22306005,0.01674819
10409320000000,synthetic_50hz_05,466,0.02,86.29820280,85.11532176,12.92961533,13.00546705,13.05907258,4.91212677,109.13120304,1,1,0,0,1,0.46558601,-0.07775189,-0.41623426,0.03957416,0.04056729,-0.03186805,-0.03363877,-0.02090030,0.05737342,0.02673356,0.00063074,-0.08122467,-0.01905762,0.01965701,0.10273419,0.01083223,-0.03937804,-0.12128183,-0.00229454,0.05796377,0.13633286,0.04157193,0.15512820,-0.27974333,-0.03670974,0.10365647,-0.17463155,0.03081627,0.11704749,-0.32917946,-0.02407034,0.14219502,-0.12951050,0.01667464,0.07918000,-0.36868244,-0.00884971,0.17828084,-0.09676935,-0.20004710,-0.71153796,-0.96817423,0.23940019,0.74457775,0.92020555,-0.27185126,-0.75615102,-0.84570691,0.29646473,0.74592410,0.74682614,-0.31253099,-0.71419184,-0.62641404,0.31958683,0.66186909,0.48794212,-0.02229248,-0.01724201,-0.99960287,-0.01145242,-0.03000513,-0.41623426,-0.04181351,-0.22183481,0.01900945
10409340000000,synthetic_50hz_05,467,0.02,86.53594428,85.39944627,12.98398738,13.05907258,13.11470265,4.92103455,109.11225504,1,1,0,0,1,0.46475245,-0.08205628,-0.41562815,0.03541425,0.02652686,-0.05031582,-0.02876402,-0.00637047,0.07470288,0.02128452,-0.01396960,-0.09693622,-0.01319137,0.03390691,0.11637485,0.00471790,-0.05286667,-0.13245834,0.00389158,0.07030226,0.14472299,0.03736395,0.14105151,-0.29818222,-0.03178913,0.11822698,-0.15730398,0.02532449,0.10240288,-0.34489612,-0.01816534,0.15649190,-0.11585782,0.01052632,0.06564260,-0.37987764,-0.00263503,0.19066888,-0.08835423,-0.22892225,-0.73728262,-0.93632608,0.26341668,0.75496422,0.86913124,-0.29031669,-0.75087985,-0.77687894,0.30884673,0.72514727,0.66222885,-0.31847257,-0.67850835,-0.52848640,0.31891670,0.61230772,0.37950744,-0.02199518,-0.01677281,-0.99961744,-0.01179915,-0.02974993,-0.41562815,-0.04178639,-0.22051175,0.02126865
10409360000000,synthetic_50hz_05,468,0.02,86.45296695,85.61015040,13.03888779,13.11470265,13.18402424,4.92998184,109.09312605,1,1,0,0,1,0.46391964,-0.08632448,-0.41497709,0.03066792,0.01191376,-0.06822788,-0.02339470,0.00843316,0.09111415,0.01544700,-0.02853696,-0.11137355,-0.00705396,0.04781801,0.12842200,-0.00154245,-0.06572046,-0.14176799,0.01009439,0.08172815,0.15102674,0.03256948,0.12640235,-0.31608511,-0.02637384,0.13307112,-0.14089492,0.01944409,0.08779138,-0.35933825,-0.01198899,0.17044990,-0.10379894,0.00423175,0.05274011,-0.38920570,0.00359659,0.20214431,-0.08202576,-0.25469075,-0.75220809,-0.88995702,0.28374698,0.75407875,0.80431784,-0.30462265,-0.73420897,-0.69548980,0.31671591,0.69317161,0.56661046,-0.31967810,-0.63214978,-0.42139548,0.31342382,0.55290278,0.26403147,-0.02170000,-0.01629871,-0.99963173,-0.01214207,-0.02948890,-0.41497709,-0.04175722,-0.21909145,0.02352555
10409380000000,synthetic_50hz_05,469,0.02,87.04522396,85.89716511,13.09984510,13.18402424,13.23849820,4.93896920,109.07380250,1,1,0,0,1,0.46308761,-0.09055462,-0.41428114,0.02539065,-0.00305568,-0.08529337,-0.01759981,0.02328012,0.10630661,0.00930155,-0.04283339,-0.12425498,-0.00073513,0.06115174,0.13862102,-0.00785248,-0.07770707,-0.14899055,0.01621370,0.09202206,0.15506462,0.02724400,0.11139706,-0.33314111,-0.02053285,0.14795840,-0.12570497,0.01325560,0.07345095,-0.37222418,-0.00563103,0.18383042,-0.09358850,-0.00211272,0.04070486,-0.39644639,0.00974496,0.21248775,-0.07796342,-0.27682099,-0.75567304,-0.82928018,0.29992601,0.74151899,0.72630568,-0.31438401,-0.70598660,-0.60239145,0.31977818,0.65010028,0.46110999,-0.31595300,-0.57547128,-0.30653452,0.30301874,0.48425116,0.14312151,-0.02140697,-0.01581987,-0.99964573,-0.01248105,-0.02922209,-0.41428114,-0.04172601,-0.21757452,0.02577990
10409400000000,synthetic_50hz_05,470,0.02,86.68390282,86.05451266,13.15807940,13.23849820,13.31716161,4.94799675,109.05427094,1,1,0,0,1,0.46225642,-0.09474482,-0.41354039,0.01965127,-0.01814556,-0.10119908,-0.01146049,0.03792548,0.11998500,0.00293930,-0.05661199,-0.13531169,0.00566664,0.07366635,0.14673729,-0.01410920,-0.08859688,-0.15393239,0.02214499,0.10097311,0.15668954,0.02145634,0.09627155,-0.34903704,-0.01434734,0.16264390,-0.11202941,0.00685015,0.05962850,-0.38328509,0.00081006,0.19639171,-0.08546110,-0.00840410,0.02976647,-0.40140606,0.01570556,0.22148831,-0.07631431,-0.29481837,-0.74721426,-0.75479155,0.31153934,0.71707897,0.63591653,-0.31927848,-0.66626997,-0.49870774,0.31781268,0.59625209,0.34712097,-0.30718419,-0.50904398,-0.18552655,0.28769943,0.40715990,0.01858330,-0.02111617,-0.01533650,-0.99965944,-0.01281599,-0.02894955,-0.41354039,-0.04169275,-0.21596165,0.02803147
10409420000000,synthetic_50hz_05,471,0.02,86.70777885,86.18516590,13.22489393,13.31716161,13.40034394,4.95706567,109.03451805,1,1,0,0,1,0.46142609,-0.09889325,-0.41275491,0.01353144,-0.03310432,-0.11563647,-0.00506914,0.05211435,0.13186657,-0.00353930,-0.06962191,-0.14429489,0.01204571,0.08512223,0.15256312,-0.02020483,-0.09816844,-0.15643288,0.02778144,0.10838441,0.15579261,0.01528815,0.08127738,-0.36346435,-0.00790968,0.17687274,-0.10015097,0.00032820,0.04657487,-0.39227217,0.00722864,0.20789417,-0.07962445,-0.01453461,0.02014638,-0.40392411,0.02137156,0.22894909,-0.07718731,-0.30823938,-0.72657087,-0.66728028,0.31823652,0.68076892,0.53425635,-0.31905876,-0.61534008,-0.38582956,0.31068238,0.53217070,0.22627913,-0.29334888,-0.43365860,-0.06020496,0.26755800,0.32264391,-0.10760494,-0.02082762,-0.01484875,-0.99967286,-0.01314677,-0.02867134,-0.41275491,-0.04165745,-0.21425355,0.03028000
10409440000000,synthetic_50hz_05,472,0.02,87.19388631,86.38690998,13.29858293,13.40034394,13.46935455,4.96617782,109.01453066,1,1,0,0,1,0.46059668,-0.10299806,-0.41192478,0.00712462,-0.04766946,-0.12830916,0.00147196,0.06558710,0.14168852,-0.01002611,-0.08161384,-0.15098293,0.01829120,0.09528762,0.15592443,-0.02602894,-0.10621421,-0.15637055,0.03301626,0.11407859,0.15230844,0.00883291,0.06667703,-0.37612666,-0.00132215,0.19038527,-0.09033245,-0.00620210,0.03453937,-0.39896379,0.01351382,0.21810603,-0.07625261,-0.02039382,0.01205216,-0.40387904,0.02663618,0.23469274,-0.08064783,-0.31670556,-0.69370510,-0.56783196,0.31974381,0.63283071,0.42271063,-0.31356370,-0.55371152,-0.26540235,0.29834340,0.45862857,0.10044239,-0.27452173,-0.35032314,0.06741336,0.24278546,0.23191774,-0.23332556,-0.02054138,-0.01435683,-0.99968596,-0.01347330,-0.02838750,-0.41192478,-0.04162011,-0.21245096,0.03252526
10409460000000,synthetic_50hz_05,473,0.02,87.18055183,86.54563835,13.37030701,13.46935455,13.54575719,4.97533443,108.99429577,1,1,0,0,1,0.45976821,-0.10705745,-0.41105010,0.00053474,-0.06157289,-0.13894065,0.00805236,0.07808505,0.14921551,-0.01640731,-0.09234597,-0.15518842,0.02428923,0.10394452,0.15668717,-0.03147087,-0.11254630,-0.15366857,0.03774520,0.11790331,0.14621962,0.00219453,0.05273861,-0.38674746,0.00530478,0.20292281,-0.08280920,-0.01262694,0.02376383,-0.40317256,0.01955173,0.22680930,-0.07547963,-0.02587107,0.00567169,-0.40119403,0.03139517,0.23856690,-0.08671327,-0.31991681,-0.64881864,-0.45782386,0.31587587,0.57374839,0.30293145,-0.30272807,-0.48213671,-0.13930538,0.28085249,0.37662480,-0.02833692,-0.25087980,-0.26025462,0.19516226,0.21367412,0.13638118,-0.35636097,-0.02025750,-0.01386092,-0.99969875,-0.01379546,-0.02809811,-0.41105010,-0.04158073,-0.21055469,0.03476700
10409480000000,synthetic_50hz_05,474,0.02,86.94037837,86.62458635,13.44399609,13.54575719,13.63641609,4.98453680,108.97380050,1,1,0,0,1,0.45894074,-0.11106963,-0.41013096,-0.00612559,-0.07454692,-0.14728212,0.01455548,0.08935662,0.15424697,-0.02256572,-0.10159013,-0.15676482,0.02992539,0.11089474,0.15476306,-0.03642230,-0.11700221,-0.14829942,0.04186913,0.11973645,0.13756023,-0.00451434,0.03972982,-0.39507794,0.01185453,0.21423379,-0.07778178,-0.01882914,0.01447641,-0.40475193,0.02522795,0.23380578,-0.07739382,-0.03085802,0.00116745,-0.39584156,0.03554939,0.24044945,-0.09534956,-0.31766360,-0.59236366,-0.33891180,0.30654591,0.50425267,0.17681631,-0.28659036,-0.40160384,-0.00962312,0.25837227,0.28737659,-0.15784751,-0.22270520,-0.16486414,0.32076732,0.18061742,0.03759858,-0.47443926,-0.01997603,-0.01336120,-0.99971121,-0.01411315,-0.02780320,-0.41013096,-0.04153931,-0.20856556,0.03700498
10409500000000,synthetic_50hz_05,475,0.02,87.58046505,86.81576209,13.52481249,13.63641609,13.70472423,4.99378687,108.95303217,1,1,0,0,1,0.45811430,-0.11503283,-0.40916746,-0.01273718,-0.08633058,-0.15312004,0.02086100,0.09916378,0.15662400,-0.02838339,-0.10913805,-0.15561242,0.03508746,0.11596582,0.15011446,-0.04077995,-0.11945024,-0.14028862,0.04529674,0.11949085,0.12641820,-0.01117455,0.02791162,-0.40090459,0.01820680,0.22408018,-0.07540911,-0.02469073,0.00688536,-0.40360219,0.03043026,0.23892300,-0.08203280,-0.03525142,-0.00132883,-0.38784716,0.03900753,0.24025325,-0.10646874,-0.30983752,-0.52504759,-0.21300824,0.29177390,0.42531895,0.04647837,-0.26529829,-0.31332817,0.12139150,0.23117401,0.19230399,-0.28576159,-0.19038488,-0.06573559,0.44189304,0.14410686,-0.06272799,-0.58528451,-0.01969700,-0.01285787,-0.99972335,-0.01442626,-0.02750285,-0.40916746,-0.04149586,-0.20648447,0.03923896
10409520000000,synthetic_50hz_05,476,0.02,88.05078141,87.06276596,13.60037542,13.70472423,13.76126756,5.00308557,108.93197826,1,1,0,0,1,0.45728893,-0.11894531,-0.40815971,-0.01917682,-0.09667629,-0.15628333,0.02684758,0.10728850,0.15623554,-0.03374432,-0.11480754,-0.15168340,0.03966818,0.11901662,0.14275816,-0.04444840,-0.11979439,-0.12971714,0.04794715,0.11711844,0.11293631,-0.01766287,0.01753158,-0.40405629,0.02424022,0.23224393,-0.07580223,-0.03009573,0.00117292,-0.39967553,0.03505140,0.24201983,-0.08937977,-0.03895583,-0.00172116,-0.37729178,0.04168872,0.23793020,-0.11992808,-0.29643982,-0.44783122,-0.08225158,0.27169227,0.33815833,-0.08579138,-0.23911170,-0.21873619,0.25136093,0.19963743,0.09300777,-0.40968363,-0.15440752,0.03540210,0.55619496,0.10472598,-0.16279132,-0.68667093,-0.01942048,-0.01235111,-0.99973514,-0.01473471,-0.02719711,-0.40815971,-0.04145037,-0.20431231,0.04146869
10409540000000,synthetic_50hz_05,477,0.02,88.41462439,87.33313764,13.66795012,13.76126756,13.81207850,5.01243267,108.91062640,1,1,0,0,1,0.45646468,-0.12280533,-0.40710781,-0.02531994,-0.10535656,-0.15664972,0.03239568,0.11353907,0.15302364,-0.03853743,-0.11844819,-0.14498582,0.04356813,0.11994240,0.13276799,-0.04734274,-0.11797862,-0.11672240,0.04975244,0.11261345,0.09731164,-0.02385472,0.00881721,-0.40441080,0.02983525,0.23853334,-0.07901910,-0.03493305,-0.00251054,-0.39297999,0.03899194,0.24299152,-0.09936093,-0.04188633,0.00004652,-0.36431285,0.04352502,0.23347453,-0.13553045,-0.27758730,-0.36191938,0.05103289,0.24654891,0.24420137,-0.21756948,-0.20840241,-0.11944293,0.37783345,0.16424756,-0.00875911,-0.52720429,-0.11535738,0.13670862,0.66137560,0.06314140,-0.26071676,-0.77647913,-0.01914650,-0.01184110,-0.99974659,-0.01503838,-0.02688603,-0.40710781,-0.04140286,-0.20205006,0.04369394
10409560000000,synthetic_50hz_05,478,0.02,88.29902259,87.52631463,13.72848404,13.81207850,13.87612314,5.02182708,108.88896444,1,1,0,0,1,0.45564157,-0.12661119,-0.40601188,-0.03104362,-0.11217046,-0.15415118,0.03739054,0.11775606,0.14698752,-0.04265947,-0.11994669,-0.13558616,0.04669850,0.11867921,0.12027577,-0.04939120,-0.11399015,-0.10149779,0.05065993,0.10601470,0.07979357,-0.02962719,0.00196943,-0.40190007,0.03487715,0.24278898,-0.08506049,-0.03909944,-0.00405170,-0.38358207,0.04216309,0.24177413,-0.11184443,-0.04397117,0.00398696,-0.34910376,0.04446377,0.22692507,-0.15302651,-0.25351545,-0.26874420,0.18437975,0.21670706,0.14507461,-0.34635194,-0.17365091,-0.01722244,0.49833864,0.12558832,-0.11112625,-0.63595800,-0.07390496,0.23627113,0.75524240,0.02009088,-0.35460420,-0.85275281,-0.01887510,-0.01132805,-0.99975770,-0.01533717,-0.02656969,-0.40601188,-0.04135331,-0.19969870,0.04591446
10409580000000,synthetic_50hz_05,479,0.02,88.68828484,87.75870867,13.79049246,13.87612314,13.93113538,5.03126810,108.86698040,1,1,0,0,1,0.45481967,-0.13036122,-0.40487204,-0.03622965,-0.11694982,-0.14877806,0.04172525,0.11981775,0.13818622,-0.04601789,-0.11923127,-0.12361041,0.04898381,0.11520730,0.10547085,-0.05053750,-0.10786184,-0.08429052,0.05063417,0.09740668,0.06068006,-0.03486206,-0.00284359,-0.39651448,0.03925900,0.24488913,-0.09386737,-0.04250235,-0.00337876,-0.37160775,0.04448934,0.23834789,-0.12664093,-0.04515406,0.01006732,-0.33191173,0.04446951,0.21836632,-0.17211829,-0.22457824,-0.16994101,0.31523692,0.18264184,0.04257021,-0.46961140,-0.13543980,0.08602791,0.61044676,0.08433296,-0.21214580,-0.73368266,-0.03079476,0.33214744,0.83576615,-0.02363126,-0.44257310,-0.91375411,-0.01860634,-0.01081214,-0.99976844,-0.01563100,-0.02624814,-0.40487204,-0.04130174,-0.19725928,0.04813002
10409600000000,synthetic_50hz_05,480,0.02,89.01813294,88.01059353,13.84956249,13.93113538,13.98070660,5.04075478,108.84466249,1,1,0,0,1,0.45399899,-0.13405377,-0.40368840,-0.04076764,-0.11956469,-0.14058186,0.04530368,0.11964465,0.12673969,-0.04853358,-0.11627520,-0.10924355,0.05036424,0.10955349,0.08859787,-0.05074288,-0.09967329,-0.06539787,0.04965857,0.08691947,0.04031243,-0.03944895,-0.00549188,-0.38830550,0.04288466,0.24475430,-0.10531979,-0.04506266,-0.00046503,-0.35724202,0.04591089,0.23273964,-0.14350580,-0.04539623,0.01820800,-0.31303401,0.04352564,0.20792833,-0.19246446,-0.19124464,-0.06731702,0.44102440,0.14493354,-0.06139074,-0.58485807,-0.09444395,0.18832857,0.71183001,0.04123148,-0.30983681,-0.81827956,0.01316970,0.42241231,0.90113773,-0.06719119,-0.52280946,-0.95801568,-0.01834026,-0.01029356,-0.99977883,-0.01591977,-0.02592144,-0.40368840,-0.04124814,-0.19473288,0.05034037
10409620000000,synthetic_50hz_05,481,0.02,88.96680611,88.20183604,13.90464302,13.98070660,14.03989442,5.05028584,108.82199913,1,1,0,0,1,0.45317959,-0.13768720,-0.40246110,-0.04455803,-0.11992803,-0.12967627,0.04804324,0.11720316,0.11282819,-0.05014335,-0.11109927,-0.09272722,0.05079781,0.10179233,0.06995287,-0.04998774,-0.08955068,-0.04516176,0.04773650,0.07472723,0.01906861,-0.04328828,-0.00588842,-0.37738684,0.04567155,0.24235087,-0.11923748,-0.04671719,0.00466873,-0.34072650,0.04638575,0.22502392,-0.16214299,-0.04467808,0.02828283,-0.29281254,0.04163553,0.19578527,-0.21368710,-0.15409161,0.03718630,0.55919668,0.10425746,-0.16480043,-0.68970249,-0.05141752,0.28766330,0.80032385,-0.00290481,-0.40223270,-0.88787150,0.05714340,0.50520554,0.94982140,-0.10973451,-0.59361307,-0.98438751,-0.01807689,-0.00977251,-0.99978886,-0.01620337,-0.02558967,-0.40246110,-0.04119252,-0.19212060,0.05254528
10409640000000,synthetic_50hz_05,482,0.02,89.22389884,88.40624860,13.96144861,14.03989442,14.09449271,5.05986045,108.79897893,1,1,0,0,1,0.45236150,-0.14125991,-0.40119028,-0.04751492,-0.11799940,-0.11623656,0.04987747,0.11250795,0.09668995,-0.05080203,-0.10377284,-0.07435572,0.05026195,0.09204591,0.04987778,-0.04827279,-0.07766526,-0.02396184,0.04489190,0.06104548,-0.00264493,-0.04629416,-0.00399276,-0.36393376,0.04755319,0.23769353,-0.13538221,-0.04742075,0.01195315,-0.32235551,0.04589134,0.21532281,-0.18221058,-0.04300034,0.04012054,-0.27162697,0.03882313,0.18215266,-0.23537973,-0.11379371,0.14153644,0.66730691,0.06137062,-0.26561089,-0.78191818,-0.00717819,0.38202765,0.87398638,-0.04722119,-0.48743038,-0.94085714,0.10025916,0.57878026,0.98060256,-0.15040661,-0.65344364,-0.99207674,-0.01781630,-0.00924918,-0.99979851,-0.01648173,-0.02525287,-0.40119028,-0.04113489,-0.18942359,0.05474450
10409660000000,synthetic_50hz_05,483,0.02,89.53127323,88.63125353,14.01732713,14.09449271,14.14289136,5.06947782,108.77559074,1,1,0,0,1,0.45154477,-0.14477033,-0.39987606,-0.04956867,-0.11378738,-0.10049713,0.05075810,0.10562312,0.07861704,-0.05048415,-0.09441370,-0.05447038,0.04875472,0.08048229,0.02875332,-0.04561966,-0.06423054,-0.00220728,0.04116937,0.04612699,-0.02440239,-0.04839696,0.00018653,-0.34818066,0.04848133,0.23084637,-0.15346193,-0.04714789,0.02127044,-0.30247038,0.04442574,0.20380438,-0.20332785,-0.04038462,0.05350764,-0.24988647,0.03513304,0.16728328,-0.25711656,-0.07110947,0.24365741,0.76307083,0.01709561,-0.36178349,-0.85950219,0.03741113,0.46947918,0.93115371,-0.09083929,-0.56363957,-0.97595963,0.14164850,0.64154997,0.99262818,-0.18837393,-0.70096418,-0.98067879,-0.01755851,-0.00872375,-0.99980779,-0.01675475,-0.02491113,-0.39987606,-0.04107524,-0.18664306,0.05693780
10409680000000,synthetic_50hz_05,484,0.02,89.69756064,88.84451495,14.07006411,14.14289136,14.19101119,5.07913689,108.75182359,1,1,0,0,1,0.45072943,-0.14821691,-0.39851859,-0.05066806,-0.10735068,-0.08274725,0.05065682,0.09666195,0.05894954,-0.04918513,-0.08318642,-0.03345229,0.04629541,0.06731258,0.00699059,-0.04207097,-0.04949809,0.01967266,0.03663360,0.03025654,-0.04576873,-0.04954543,0.00659072,-0.33041683,0.04842764,0.22192267,-0.17313653,-0.04589401,0.03245605,-0.28145218,0.04200823,0.19067972,-0.22508368,-0.03687353,0.06819256,-0.22802028,0.03062993,0.15146189,-0.27846255,-0.02686490,0.34148013,0.84442820,-0.02769808,-0.45133998,-0.92073126,0.08146251,0.54818750,0.97048922,-0.13287834,-0.62923051,-0.99226752,0.18046322,0.69213252,0.98543828,-0.22284526,-0.73508002,-0.95019840,-0.01730357,-0.00819643,-0.99981670,-0.01702233,-0.02456451,-0.39851859,-0.04101357,-0.18378021,0.05912494
10409700000000,synthetic_50hz_05,485,0.02,89.99787557,89.07518707,14.12086188,14.19101119,14.23306029,5.08883655,108.72766676,1,1,0,0,1,0.44991553,-0.15159812,-0.39711801,-0.05078196,-0.09879789,-0.06332520,0.04956643,0.08578523,0.03806823,-0.04692188,-0.07029933,-0.01171372,0.04292454,0.05278668,-0.01497849,-0.03768967,-0.03375215,0.04123887,0.03136819,0.01374454,-0.06631031,-0.04970847,0.01511123,-0.31098052,0.04738493,0.21108321,-0.19402525,-0.04367603,0.04530162,-0.25971320,0.03867932,0.17619875,-0.24704617,-0.03253004,0.08389105,-0.20646753,0.02539742,0.13499890,-0.29898408,0.01806552,0.43299434,0.90959974,-0.07211458,-0.53241342,-0.96421167,0.12408455,0.61648276,0.99102493,-0.17247710,-0.68277862,-0.98926648,0.21589705,0.72938966,0.95898702,-0.25309260,-0.75497205,-0.90105951,-0.01705152,-0.00766740,-0.99982522,-0.01728441,-0.02421307,-0.39711801,-0.04094990,-0.18083633,0.06130569
10409720000000,synthetic_50hz_05,486,0.02,90.12082720,89.28431510,14.16798522,14.23306029,14.27614979,5.09857544,108.70310974,1,1,0,0,1,0.44910310,-0.15491248,-0.39567449,-0.04990060,-0.08828575,-0.04261070,0.04750144,0.07319815,0.01638579,-0.04373279,-0.05600022,0.01031153,0.03870330,0.03718778,-0.03671157,-0.03255799,-0.01730319,0.06205320,0.02547400,-0.00308025,-0.08560580,-0.04887628,0.02559134,-0.29025148,0.04536770,0.19853320,-0.21571540,-0.04053234,0.05955939,-0.23768722,0.03450020,0.16064464,-0.26877297,-0.02743636,0.10029266,-0.18566637,0.01953636,0.11822307,-0.31825978,0.06277967,0.51630009,0.95713747,-0.11525354,-0.60329708,-0.98892094,0.16440459,0.67290074,0.99219335,-0.20881579,-0.72310436,-0.96686037,0.24720672,0.75246054,0.91365235,-0.27847057,-0.76012293,-0.83410330,-0.01680240,-0.00713686,-0.99983337,-0.01754088,-0.02385689,-0.39567449,-0.04088422,-0.17781270,0.06347981
10409740000000,synthetic_50hz_05,487,0.02,90.20486626,89.46842533,14.21341434,14.27614979,14.32060163,5.10835222,108.67814227,1,1,0,0,1,0.44829218,-0.15815853,-0.39418817,-0.04803605,-0.07601592,-0.02101609,0.04449804,0.05914591,-0.00566296,-0.03967713,-0.04057070,0.03217874,0.03371231,0.02082581,-0.05776680,-0.02677555,-0.00048051,0.08168941,0.01906684,-0.01987865,-0.10325688,-0.04706094,0.03782936,-0.26864202,0.04241214,0.18451781,-0.23777216,-0.03652220,0.07494774,-0.21581899,0.02955149,0.14432734,-0.28982221,-0.02169212,0.11706808,-0.16604302,0.01316255,0.10147358,-0.33589136,0.10636999,0.58965715,0.98596652,-0.15623260,-0.66249001,-0.99423966,0.20159095,0.71622297,0.97384841,-0.24113734,-0.74930689,-0.92538065,0.27373162,0.76078795,0.85023374,-0.29843410,-0.75033513,-0.75057419,-0.01655625,-0.00660501,-0.99984113,-0.01779167,-0.02349603,-0.39418817,-0.04081653,-0.17471065,0.06564706
10409760000000,synthetic_50hz_05,488,0.02,90.50889721,89.67651971,14.25843300,14.32060163,14.35670730,5.11816575,108.65275431,1,1,0,0,1,0.44748282,-0.16133484,-0.39265921,-0.04522224,-0.06223056,0.00102363,0.04061347,0.04390801,-0.02763174,-0.03483379,-0.02431958,0.05344322,0.02804984,0.00402999,-0.07771390,-0.02045719,0.01637577,0.09974406,0.01227476,-0.03630942,-0.11889854,-0.04429638,0.05158315,-0.24658717,0.03857550,0.16931657,-0.25974926,-0.03172450,0.09115786,-0.19455318,0.02393146,0.12757605,-0.30976364,-0.01541216,0.13387720,-0.14800095,0.00640405,0.08509167,-0.35151381,0.14794610,0.65153083,0.99541700,-0.19420975,-0.70873730,-0.97997236,0.23487424,0.74551054,0.93627465,-0.26876720,-0.76079036,-0.86558372,0.29491147,0.75413625,0.76993760,-0.31255331,-0.72574003,-0.65209382,-0.01631312,-0.00607203,-0.99984850,-0.01803670,-0.02313056,-0.39265921,-0.04074685,-0.17153156,0.06780721
10409780000000,synthetic_50hz_05,489,0.02,90.80836041,89.90288785,14.29970820,14.35670730,14.38507878,5.12801460,108.62693606,1,1,0,0,1,0.44667505,-0.16444000,-0.39108778,-0.04151430,-0.04720653,0.02306150,0.03592476,0.02779156,-0.04907389,-0.02929949,-0.00757535,0.07367147,0.02182950,-0.01285927,-0.09614506,-0.01373016,0.03292315,0.11584674,0.00523497,-0.05203783,-0.13220851,-0.04063772,0.06657585,-0.22453387,0.03393479,0.15323656,-0.28120004,-0.02623596,0.10786126,-0.17432328,0.01775373,0.11073118,-0.32818943,-0.00872372,0.15037750,-0.13191054,-0.00060193,0.06941206,-0.36480484,0.18665737,0.70063229,0.98524450,-0.22840485,-0.74106384,-0.94635623,0.26356732,0.76013018,0.88018407,-0.29113101,-0.75728161,-0.78863580,0.31030127,0.73260026,0.67435078,-0.32052539,-0.68679770,-0.54062392,-0.01607304,-0.00553812,-0.99985549,-0.01827588,-0.02276056,-0.39108778,-0.04067517,-0.16827683,0.06996003
10409800000000,synthetic_50hz_05,490,0.02,91.13931198,90.15017267,14.33556385,14.38507878,14.40464890,5.13789694,108.60067800,1,1,0,0,1,0.44586891,-0.16747264,-0.38947406,-0.03698724,-0.03124864,0.04464976,0.03052689,0.01112369,-0.06955357,-0.02318643,0.00932197,0.09245213,0.01517749,-0.02949886,-0.11268525,-0.00673098,0.04882529,0.12966960,-0.00190959,-0.06674407,-0.14291552,-0.03615998,0.08250265,-0.20292989,0.02858500,0.13660492,-0.30168864,-0.02016878,0.12471792,-0.15554067,0.01114448,0.09413585,-0.34472455,-0.00176332,0.16623267,-0.11809966,-0.00771246,0.05475458,-0.37549320,0.22171439,0.73595225,0.95563862,-0.25811951,-0.75880034,-0.89405765,0.28708291,0.75977187,0.80670059,-0.30776959,-0.73883882,-0.69608597,0.31958312,0.69660470,0.56540287,-0.32218292,-0.63428715,-0.41841894,-0.01583605,-0.00500347,-0.99986209,-0.01850914,-0.02238610,-0.38947406,-0.04060150,-0.16494789,0.07210528
10409820000000,synthetic_50hz_05,491,0.02,91.27841765,90.37582167,14.36457957,14.40464890,14.42282633,5.14781039,108.57397082,1,1,0,0,1,0.44506445,-0.17043143,-0.38781821,-0.03173411,-0.01468202,0.06535105,0.02453040,-0.00575662,-0.08865667,-0.01661947,0.02602930,0.10940627,0.00822939,-0.04555154,-0.12700164,0.00039794,0.06376051,0.14093550,-0.00901380,-0.08013123,-0.15080611,-0.03095620,0.09903842,-0.18221258,0.02263667,0.11976063,-0.32080096,-0.01364781,0.14138478,-0.13858427,0.00423929,0.07812728,-0.35903619,0.00532662,0.18112101,-0.10684544,-0.01478242,0.04141611,-0.38336543,0.25240893,0.75678676,0.90721889,-0.28275471,-0.76160060,-0.82415615,0.30494854,0.74445714,0.71733260,-0.31835057,-0.70585063,-0.58982802,0.32257439,0.64689411,0.44531843,-0.31749825,-0.56928734,-0.28797009,-0.01560219,-0.00446828,-0.99986830,-0.01873640,-0.02200726,-0.38781821,-0.04052583,-0.16154621,0.07424274
10409840000000,synthetic_50hz_05,492,0.02,91.83135273,90.66692788,14.38904321,14.42282633,14.42225574,5.15775245,108.54680550,1,1,0,0,1,0.44426170,-0.17331506,-0.38612041,-0.02586361,0.00215603,0.08474932,0.01805864,-0.02250703,-0.10600107,-0.00973303,0.04220914,0.12419676,0.00112681,-0.06069434,-0.13881180,0.00751190,0.07742970,0.14942483,-0.01593403,-0.09193272,-0.15572987,-0.02513508,0.11584587,-0.16279801,0.01621313,0.10304603,-0.33815490,-0.00680748,0.15752433,-0.12379122,-0.00282023,0.06302845,-0.37084189,0.01240142,0.19474343,-0.09836748,-0.02166817,0.02966325,-0.38827111,0.27813143,0.76275419,0.84101842,-0.30182565,-0.74944949,-0.73811656,0.31681809,0.71453782,0.61393445,-0.32267651,-0.65902569,-0.47205232,0.31923203,0.58451354,0.31656070,-0.30658393,-0.49314959,-0.15194249,-0.01537150,-0.00393273,-0.99987412,-0.01895760,-0.02162410,-0.38612041,-0.04044818,-0.15807329,0.07637216
10409860000000,synthetic_50hz_05,493,0.02,91.73811658,90.88116562,14.40299247,14.42225574,14.42902141,5.16771971,108.51917326,1,1,0,0,1,0.44346070,-0.17612226,-0.38438085,-0.01949728,0.01892458,0.10246006,0.01124453,-0.03879042,-0.12124603,-0.00266759,0.05753792,0.13653641,-0.00598625,-0.07462657,-0.14789039,0.01446750,0.08956370,0.15498061,-0.02253165,-0.10191867,-0.15760268,-0.01881815,0.13258405,-0.14507067,0.00944732,0.08679824,-0.35340968,0.00021173,0.17281299,-0.11144870,-0.00989006,0.04914006,-0.37991634,0.01931767,0.20683076,-0.09282278,-0.02823110,0.01972588,-0.39012613,0.29838569,0.75380285,0.75845571,-0.31497310,-0.72266146,-0.63775021,0.32247969,0.67068540,0.49865808,-0.32068904,-0.59937317,-0.34518940,0.30965278,0.51078073,0.18176875,-0.28968908,-0.40746225,-0.01310763,-0.01514401,-0.00339703,-0.99987955,-0.01917265,-0.02123670,-0.38438085,-0.04036855,-0.15453067,0.07849332
10409880000000,synthetic_50hz_05,494,0.02,91.43486355,90.99190521,14.41392462,14.42902141,14.44706236,5.17770902,108.49106559,1,1,0,0,1,0.44266149,-0.17885180,-0.38259972,-0.01276635,0.03528755,0.11813953,0.00422723,-0.05428322,-0.13410015,0.00443377,0.07171388,0.14619459,-0.01296693,-0.08707699,-0.15407418,0.02112625,0.09992964,0.15751174,-0.02867650,-0.10990127,-0.15640816,-0.01213666,0.14891689,-0.12937432,0.00247838,0.07134083,-0.36627394,0.00726676,0.18694902,-0.10178734,-0.01682738,0.03673332,-0.38609629,0.02593689,0.21715014,-0.09030243,-0.03434103,0.01179179,-0.38891411,0.31280015,0.73020917,0.66129561,-0.32197126,-0.68186949,-0.52516653,0.32185980,0.61387119,0.37389665,-0.31246896,-0.52817470,-0.21184717,0.29406950,0.42725069,0.04369002,-0.26719188,-0.31400884,0.12572672,-0.01491976,-0.00286135,-0.99988460,-0.01938149,-0.02084514,-0.38259972,-0.04028694,-0.15091990,0.08060599
10409900000000,synthetic_50hz_05,495,0.02,91.61012088,91.11554834,14.42784247,14.44706236,14.45297774,5.18771816,108.46247426,1,1,0,0,1,0.44186411,-0.18150247,-0.38077720,-0.00580833,0.05092197,0.13149271,-0.00285146,-0.06868321,-0.14432795,0.01142904,0.08446428,0.15300215,-0.01967711,-0.09781020,-0.15726523,0.02735789,0.10833621,0.15699428,-0.03424993,-0.11573884,-0.15219711,-0.00522810,0.16452144,-0.11600397,-0.00455187,0.05697600,-0.37651217,0.01421560,0.19965967,-0.09497629,-0.02349405,0.02604365,-0.38928381,0.03212880,0.22551026,-0.09083037,-0.03987932,0.00600266,-0.38468585,0.32113542,0.69256648,0.55160091,-0.32273150,-0.62800522,-0.40271664,0.31502308,0.54533827,0.24222186,-0.29823240,-0.44694897,-0.07474372,0.27284354,0.33567392,-0.09488933,-0.23958848,-0.21472123,0.26178667,-0.01469879,-0.00232590,-0.99988926,-0.01958405,-0.02044949,-0.38077720,-0.04020336,-0.14724257,0.08270995
10409920000000,synthetic_50hz_05,496,0.02,91.98484738,91.28940815,14.43839929,14.45297774,14.43825037,5.19774489,108.43339131,1,1,0,0,1,0.44106860,-0.18407309,-0.37891350,0.00123646,0.06552578,0.14227971,-0.00985059,-0.08171666,-0.15175469,0.01818072,0.09555161,0.15685451,-0.02598669,-0.10663176,-0.15743214,0.03304346,0.11463766,0.15347093,-0.03914756,-0.11933851,-0.14508508,0.00176721,0.17909561,-0.10519951,-0.01150250,0.04397750,-0.38394964,0.02092073,0.21070743,-0.09112015,-0.02975996,0.01726549,-0.38944749,0.03777446,0.23176536,-0.09436390,-0.04474161,0.00245136,-0.37755689,0.32328804,0.64176497,0.43167628,-0.31730230,-0.56227081,-0.27293115,0.30216858,0.46656611,0.10631730,-0.27832320,-0.35741010,0.06336174,0.24645364,0.23794978,-0.23121402,-0.20747870,-0.11162927,0.39240030,-0.01448112,-0.00179087,-0.99989354,-0.01978026,-0.02004983,-0.37891350,-0.04011781,-0.14350032,0.08480495
10409940000000,synthetic_50hz_05,497,0.02,91.87028634,91.40558379,14.43833674,14.43825037,14.42186529,5.20778604,108.40380905,1,1,0,0,1,0.44027499,-0.18656255,-0.37700882,0.00822845,0.07882474,0.15032051,-0.01663356,-0.09314439,-0.15626932,0.02455912,0.10477865,0.15771281,-0.03177663,-0.11339210,-0.15460937,0.03807800,0.11873640,0.14704847,-0.04328157,-0.12065747,-0.13524809,0.00870970,0.19236518,-0.09714096,-0.01823691,0.03258450,-0.38847531,0.02725248,0.21989510,-0.09025774,-0.03550609,0.01054838,-0.38662181,0.04276891,0.23581786,-0.10079623,-0.04884005,0.00118071,-0.36770326,0.31929016,0.57896361,0.30400644,-0.30586517,-0.48610372,-0.13845407,0.28362195,0.37922924,-0.03109000,-0.25320178,-0.26142140,0.19973774,0.21548167,0.13607666,-0.36262693,-0.17154914,-0.00680876,0.51506143,-0.01426681,-0.00125643,-0.99989743,-0.01997007,-0.01964625,-0.37700882,-0.04003029,-0.13969478,0.08689079
10409960000000,synthetic_50hz_05,498,0.02,91.71789078,91.46804519,14.43141873,14.42186529,14.40156634,5.21783815,108.37372008,1,1,0,0,1,0.43948333,-0.18896973,-0.37506336,0.01503218,0.09057847,0.15549785,-0.02307133,-0.10276681,-0.15782567,0.03044533,0.11199235,0.15560329,-0.03694157,-0.11798909,-0.14889480,0.04237277,0.12058415,0.13789361,-0.04658235,-0.11970271,-0.12291687,0.01546391,0.20408977,-0.09194559,-0.02462606,0.02299658,-0.39004299,0.03309193,0.22706960,-0.09236286,-0.04062708,0.00599449,-0.38090463,0.04702342,0.23761948,-0.10996067,-0.05210505,0.00218371,-0.35535570,0.30930550,0.50555520,0.17119088,-0.28872705,-0.40113577,-0.00197516,0.25982446,0.28515142,-0.16729751,-0.22343101,-0.16094602,0.33174691,0.18059594,0.03210046,-0.48663189,-0.13255421,0.09767056,0.62748705,-0.01405587,-0.00072279,-0.99990095,-0.02015340,-0.01923881,-0.37506336,-0.03994081,-0.13582764,0.08896723
10409980000000,synthetic_50hz_05,499,0.02,91.58398070,91.49123229,14.41888073,14.40156634,14.37328395,5.22789765,108.34311729,1,1,0,0,1,0.43869366,-0.19129358,-0.37307733,0.02151950,0.10058535,0.15775828,-0.02904535,-0.11042761,-0.15644164,0.03573382,0.11708619,0.15061470,-0.04139206,-0.12036912,-0.14044548,0.04585695,0.12018175,0.12622715,-0.04899976,-0.11652949,-0.10836963,0.02190170,0.21406777,-0.08966684,-0.03055140,0.01537008,-0.38867059,0.03833356,0.23212444,-0.09734673,-0.04503347,0.00365739,-0.37245300,0.05046714,0.23717108,-0.12163640,-0.05448647,0.00540509,-0.34079240,0.29362168,0.42312587,0.03587717,-0.26630923,-0.30914787,0.13383694,0.23131896,0.18625700,-0.29969247,-0.18965966,-0.05799625,0.45690772,0.14253238,-0.07193656,-0.60095011,-0.09129583,0.19979540,0.72766683,-0.01384834,-0.00019013,-0.99990409,-0.02033021,-0.01882761,-0.37307733,-0.03984937,-0.13190060,0.09103404
10410000000000,synthetic_50hz_05,500,0.02,91.54352411,91.50169065,14.39973008,14.37328395,14.33104664,5.23796081,108.31199386,1,1,0,0,1,0.43790601,-0.19353307,-0.37105096,0.02757242,0.10868614,0.15711140,-0.03445009,-0.11601615,-0.15219675,0.04033454,0.12000136,0.14289419,-0.04505612,-0.12052688,-0.12947193,0.04847872,0.11757755,0.11231693,-0.05050365,-0.11123840,-0.09192378,0.02790507,0.22213992,-0.09029512,-0.03590739,0.00981560,-0.38443763,0.04288732,0.23500079,-0.10506223,-0.04865330,0.00354242,-0.36147745,0.05304830,0.23452098,-0.13555559,-0.05595416,0.01074427,-0.32433078,0.27263931,0.33341048,-0.09930480,-0.23913359,-0.21202209,0.26639887,0.19873353,0.08452101,-0.42581253,-0.15260390,0.04541686,0.57294982,0.10207462,-0.17404534,-0.70356869,-0.04860248,0.29765601,0.81390335,-0.01364427,0.00034136,-0.99990685,-0.02050043,-0.01841271,-0.37105096,-0.03975598,-0.12791540,0.09309101
10410020000000,synthetic_50hz_05,501,0.02,91.72101123,91.54555477,14.37088304,14.33104664,14.26582437,5.24802333,108.28034324,1,1,0,0,1,0.43712043,-0.19568721,-0.36898445,0.03308561,0.11476626,0.15362737,-0.03919509,-0.11946849,-0.14522800,0.04417455,0.12072639,0.13264164,-0.04788044,-0.11850369,-0.11623116,0.05020592,0.11286448,0.09646969,-0.05108394,-0.10397133,-0.07392694,0.03336869,0.22819166,-0.09376026,-0.04060359,0.00639710,-0.37748111,0.04668028,0.23568721,-0.11530946,-0.05143325,0.00560822,-0.34823500,0.05473469,0.22976213,-0.15141150,-0.05649803,0.01805936,-0.30631848,0.24685841,0.23824556,-0.23180566,-0.20780645,-0.11169272,0.39327186,0.16276332,-0.01808027,-0.54339985,-0.11302766,0.14733200,0.67786136,0.06003336,-0.27233608,-0.79277982,-0.00530826,0.38948858,0.88484207,-0.01344366,0.00087149,-0.99990925,-0.02066401,-0.01799421,-0.36898445,-0.03966065,-0.12387378,0.09513791
10410040000000,synthetic_50hz_05,502,0.02,91.54358444,91.54516070,14.32675840,14.26582437,14.19303484,5.25807977,108.24815922,1,1,0,0,1,0.43633694,-0.19775507,-0.36687803,0.03796838,0.11875682,0.14743284,-0.04320657,-0.12076710,-0.13572435,0.04719910,0.11929561,0.12010285,-0.04983086,-0.11438477,-0.10101873,0.05102596,0.10617616,0.07902220,-0.05074997,-0.09490645,-0.05474742,0.03820189,0.23215409,-0.09993561,-0.04456622,0.00513211,-0.36798998,0.04965768,0.23421800,-0.12784262,-0.05333915,0.00976962,-0.33302119,0.05551376,0.22302815,-0.16886735,-0.05612745,0.02717218,-0.28712377,0.21686255,0.13952134,-0.35921454,-0.17300078,-0.01009789,0.51221463,0.12415132,-0.11961670,-0.65044734,-0.07172252,0.24588268,0.76992735,0.01722592,-0.36505975,-0.86720999,0.03776731,0.47371197,0.93949057,-0.01324657,0.00140008,-0.99991128,-0.02082089,-0.01757218,-0.36687803,-0.03956336,-0.11977755,0.09717452
10410060000000,synthetic_50hz_05,503,0.02,91.72829398,91.58178736,14.27059450,14.19303484,14.09901040,5.26812415,108.21543585,1,1,0,0,1,0.43555560,-0.19973571,-0.36473193,0.04214624,0.12063427,0.13870557,-0.04642845,-0.11993925,-0.12391997,0.04937211,0.11578633,0.10556170,-0.05089235,-0.10829524,-0.08416003,0.05094534,0.09768194,0.06033200,-0.04952955,-0.08425243,-0.03476456,0.04233017,0.23400366,-0.10864343,-0.04773920,0.00599334,-0.35619843,0.05178345,0.23067049,-0.14237784,-0.05435601,0.01590145,-0.31616141,0.05539200,0.21448840,-0.18756562,-0.05487021,0.03787405,-0.26712603,0.18330144,0.03913450,-0.47931070,-0.13543739,0.09086678,0.62122846,0.08366861,-0.21824834,-0.74523592,-0.02948763,0.33933769,0.84775788,-0.02554350,-0.45064378,-0.92583858,0.07983819,0.54895760,0.97722693,-0.01305301,0.00192695,-0.99991295,-0.02097103,-0.01714670,-0.36473193,-0.03946414,-0.11562849,0.09920062
10410080000000,synthetic_50hz_05,504,0.02,92.12305174,91.69004024,14.19852918,14.09901040,13.98009420,5.27814955,108.18216751,1,1,0,0,1,0.43477643,-0.20162828,-0.36254638,0.04556189,0.12041886,0.12766779,-0.04882284,-0.11705433,-0.11008668,0.05067621,0.11031508,0.08933172,-0.05106856,-0.10039539,-0.06600128,0.04998857,0.08758126,0.04076800,-0.04746740,-0.07224211,-0.01435935,0.04569623,0.23376062,-0.11966147,-0.05008464,0.00891143,-0.34237826,0.05304020,0.22516120,-0.15860158,-0.05448744,0.02384345,-0.29800189,0.05439391,0.20434230,-0.20713738,-0.05277102,0.04993214,-0.24670622,0.14687259,-0.06105697,-0.59010730,-0.09586568,0.18939100,0.71859333,0.04209492,-0.31226480,-0.82636199,0.01288946,0.42613586,0.91030624,-0.06750223,-0.52772122,-0.96800594,0.12016888,0.61409214,0.99779758,-0.01286303,0.00245190,-0.99991426,-0.02111437,-0.01671786,-0.36254638,-0.03936299,-0.11142844,0.10121599
10410100000000,synthetic_50hz_05,505,0.02,92.64071404,91.88017500,14.10678649,13.98009420,13.83820940,5.28814783,108.14834886,1,1,0,0,1,0.43399948,-0.20343193,-0.36032161,0.04817572,0.11817198,0.11457889,-0.05037003,-0.11222011,-0.09452570,0.05111216,0.10303289,0.07174729,-0.05038069,-0.09087517,-0.04690037,0.04819673,0.07609749,0.02070130,-0.04462324,-0.05912588,0.00609461,0.04826045,0.23148637,-0.13273035,-0.05158282,0.01377858,-0.32683070,0.05342872,0.21784117,-0.17617946,-0.05375467,0.03340565,-0.27890052,0.05256058,0.19281324,-0.22721153,-0.04988962,0.06309607,-0.22623796,0.10830258,-0.15927542,-0.68988657,-0.05504470,0.28378808,0.80289465,0.00019986,-0.40011900,-0.89275491,0.05465074,0.50491431,0.95687663,-0.10792574,-0.59515270,-0.99341114,0.15808918,0.66823256,1.00130516,-0.01267664,0.00297476,-0.99991522,-0.02125087,-0.01628575,-0.36032161,-0.03925991,-0.10717925,0.10322041
10410120000000,synthetic_50hz_05,506,0.02,92.54414507,92.01296901,13.99398411,13.83820940,13.70422725,5.29810967,108.11397491,1,1,0,0,1,0.43322478,-0.20514587,-0.35805788,0.04996574,0.11399258,0.09972737,-0.05106798,-0.10557821,-0.07755911,0.05069790,0.09411998,0.05315478,-0.04886618,-0.07994822,-0.02721798,0.04562563,0.06347151,0.00049647,-0.04106966,-0.04516490,0.02623935,0.05000088,0.22727986,-0.14756156,-0.05223171,0.02045318,-0.30987782,0.05296694,0.20889063,-0.19476512,-0.05219511,0.04437442,-0.25921798,0.04994782,0.18014210,-0.24742351,-0.04629861,0.07710465,-0.20607921,0.06832863,-0.25386073,-0.77722566,-0.01372496,0.37252777,0.87304014,-0.04127441,-0.48045466,-0.94368447,0.09508382,0.57452981,0.98712193,-0.14615191,-0.65204101,-1.00210020,0.19300639,0.71075356,0.98818747,-0.01249388,0.00349535,-0.99991584,-0.02138049,-0.01585045,-0.35805788,-0.03915490,-0.10288280,0.10521367
10410140000000,synthetic_50hz_05,507,0.02,92.29828460,92.07003213,13.87228623,13.70422725,13.58606529,5.30802628,108.07904093,1,1,0,0,1,0.43245237,-0.20676934,-0.35575542,0.05092716,0.10801275,0.08342261,-0.05093136,-0.09729895,-0.05952128,0.04946718,0.08377998,0.03390393,-0.04657685,-0.06784558,-0.00730911,0.04234368,0.04995517,-0.01949643,-0.03688972,-0.03062453,0.04573989,0.05091270,0.22127319,-0.16384574,-0.05204600,0.02876491,-0.29185400,0.05168862,0.19851319,-0.21400882,-0.04986061,0.05651871,-0.23930927,0.04662405,0.16658072,-0.26742326,-0.04208103,0.09169254,-0.18656497,0.02768103,-0.34330202,-0.85101303,0.02736841,0.45426274,0.92826706,-0.08162881,-0.55212686,-0.97875872,0.13353581,0.63407290,1.00103231,-0.18159291,-0.69773832,-0.99444567,0.22441460,0.74128762,0.95918870,-0.01231477,0.00401349,-0.99991612,-0.02150318,-0.01541204,-0.35575542,-0.03904798,-0.09854098,0.10719555
10410160000000,synthetic_50hz_05,508,0.02,92.47904222,92.15183415,13.75207343,13.58606529,13.46851941,5.31789067,108.04354256,1,1,0,0,1,0.43168230,-0.20830163,-0.35341448,0.05107142,0.10039276,0.06598655,-0.04999025,-0.08757574,-0.04075052,0.04746783,0.07223387,0.01433964,-0.04357689,-0.05480947,0.01248465,0.03842961,0.03580488,-0.03894901,-0.03217438,-0.01576803,0.06429045,0.05100737,0.21362660,-0.18126094,-0.05105575,0.03852036,-0.27309755,0.04964157,0.18692985,-0.23356565,-0.04681537,0.06959631,-0.21951596,0.04266800,0.15238553,-0.28688238,-0.03732786,0.10659647,-0.16800099,-0.01293319,-0.42626342,-0.91045548,0.06755073,0.52784868,0.96814022,-0.12022075,-0.61421582,-0.99791302,0.16942475,0.68287484,0.99891553,-0.21374416,-0.73184625,-0.97111883,0.25190122,0.75971820,0.91532433,-0.01213935,0.00452899,-0.99991606,-0.02161890,-0.01497060,-0.35341448,-0.03893914,-0.09415570,0.10916583
10410180000000,synthetic_50hz_05,509,0.02,92.49894770,92.22125686,13.63298074,13.46851941,13.36158263,5.32769722,108.00747571,1,1,0,0,1,0.43091459,-0.20974207,-0.35103531,0.05042495,0.09131562,0.04774564,-0.04828845,-0.07661927,-0.02158120,0.04475978,0.05971395,-0.00520544,-0.03994066,-0.04108704,0.03184200,0.03397003,0.02127558,-0.05756055,-0.02702003,-0.00085073,0.08161959,0.05031129,0.20452313,-0.19948071,-0.04930478,0.04950883,-0.25394282,0.04688575,0.17437290,-0.25310297,-0.04313372,0.08336005,-0.20015938,0.03816627,0.13781145,-0.30550015,-0.03213547,0.12156110,-0.15065873,-0.05284481,-0.50160337,-0.95507626,0.10619077,0.59235750,0.99254136,-0.15647520,-0.66603368,-1.00139103,0.20224838,0.72050780,0.98137012,-0.24219065,-0.75420935,-0.93305586,0.27515044,0.76616669,0.85784116,-0.01196763,0.00504169,-0.99991568,-0.02172762,-0.01452624,-0.35103531,-0.03882840,-0.08972890,0.11112431
10410200000000,synthetic_50hz_05,510,0.02,92.43658701,92.26432289,13.51899353,13.36158263,13.26971717,5.33744198,107.97083663,1,1,0,0,1,0.43014929,-0.21109001,-0.34861818,0.04902753,0.08098156,0.02902328,-0.04588164,-0.06465166,-0.00233653,0.04141295,0.04645783,-0.02441759,-0.03575031,-0.02692459,0.05046774,0.02905697,0.00661510,-0.07506289,-0.02152590,0.01388510,0.09749393,0.04886429,0.19416299,-0.21818165,-0.04684875,0.06150820,-0.23471304,0.04349106,0.16107996,-0.27230706,-0.03889783,0.09756365,-0.18153472,0.03321090,0.12310633,-0.32300842,-0.02660311,0.13634418,-0.13477157,-0.09143494,-0.56838759,-0.98470508,0.14272140,0.64708402,1.00165111,-0.18989314,-0.70712471,-0.98971907,0.23159016,0.74677867,0.94925297,-0.26661034,-0.76490265,-0.88141946,0.29394401,0.76097414,0.78817422,-0.01179965,0.00555140,-0.99991497,-0.02182930,-0.01407902,-0.34861818,-0.03871575,-0.08526254,0.11307077
10410220000000,synthetic_50hz_05,511,0.02,92.64727125,92.34091256,13.41429746,13.26971717,13.18224744,5.34712289,107.93362190,1,1,0,0,1,0.42938643,-0.21234486,-0.34616334,0.04693056,0.06960235,0.01013284,-0.04283526,-0.05190077,0.01667781,0.03750500,0.03270287,-0.04300763,-0.03109345,-0.01256212,0.06809751,0.02378546,-0.00794079,-0.09122412,-0.01579173,0.02821477,0.11172069,0.04671773,0.18275797,-0.23705040,-0.04375311,0.07429063,-0.21571389,0.03953517,0.14728838,-0.29088872,-0.03419531,0.11196709,-0.16390634,0.02789693,0.10850593,-0.33917528,-0.02083051,0.15072100,-0.12053229,-0.12814535,-0.62589551,-0.99946076,0.17664780,0.69154632,0.99592437,-0.22005741,-0.73725953,-0.96367501,0.25712266,0.76171720,0.90364246,-0.28677495,-0.76421421,-0.81755747,0.30815938,0.74467856,0.70790192,-0.01163542,0.00605795,-0.99991396,-0.02192391,-0.01362905,-0.34616334,-0.03860120,-0.08075857,0.11500500
10410240000000,synthetic_50hz_05,512,0.02,92.38408237,92.34954652,13.31683645,13.18224744,13.11823886,5.35673916,107.89582842,1,1,0,0,1,0.42862605,-0.21350607,-0.34367107,0.04419502,0.05739584,-0.00862847,-0.03922244,-0.03859475,0.03517907,0.03311906,0.01868096,-0.06071543,-0.02606084,0.00177140,0.08450134,0.01825127,-0.02217270,-0.10585104,-0.00991551,0.04193475,0.12414900,0.04393261,0.17052591,-0.25578973,-0.04009101,0.08762793,-0.19722810,0.03510122,0.13323007,-0.30858786,-0.02911692,0.12634141,-0.14750420,0.02232011,0.09422964,-0.35380751,-0.01491566,0.16448804,-0.10809175,-0.16248639,-0.67362084,-0.99972792,0.20755316,0.72548031,0.97606064,-0.24663608,-0.75642385,-0.92425308,0.27860836,0.76555934,0.84579887,-0.30254823,-0.75262340,-0.74295989,0.31776550,0.71798897,0.61870103,-0.01147498,0.00656117,-0.99991264,-0.02201141,-0.01317641,-0.34367107,-0.03848476,-0.07621899,0.11692679
10410260000000,synthetic_50hz_05,513,0.02,92.80806027,92.44124927,13.23342546,13.11823886,13.04812653,5.36629191,107.85745339,1,1,0,0,1,0.42786818,-0.21457313,-0.34114162,0.04088949,0.04458080,-0.02698480,-0.03512180,-0.02495714,0.05291185,0.02834153,0.00461396,-0.07731343,-0.02074416,0.01586224,0.09948603,0.01254873,-0.03588113,-0.11879040,-0.00399151,0.05486555,0.13466998,0.04057751,0.15768559,-0.27412381,-0.03594104,0.10129660,-0.17951109,0.03027560,0.11912686,-0.32517688,-0.02375434,0.14047288,-0.13252152,0.01657478,0.08047698,-0.36675189,-0.00895285,0.17746580,-0.09755884,-0.19404248,-0.71126649,-0.98612867,0.23510189,0.74882916,0.94297048,-0.26938320,-0.76480273,-0.87262601,0.29589807,0.75872669,0.77712333,-0.31388206,-0.73077620,-0.65921583,0.32281668,0.68175709,0.52230282,-0.01131835,0.00706089,-0.99991102,-0.02209178,-0.01272118,-0.34114162,-0.03836644,-0.07164580,0.11883593
10410280000000,synthetic_50hz_05,514,0.02,92.57989277,92.46897797,13.15559991,13.04812653,12.99858880,5.37578277,107.81849438,1,1,0,0,1,0.42711287,-0.21554557,-0.33857527,0.03708803,0.03137215,-0.04468589,-0.03061532,-0.01120239,0.06965144,0.02325996,-0.00929034,-0.09260890,-0.01523400,0.02951522,0.11289641,0.00676884,-0.04888917,-0.12992905,0.00189146,0.06685361,0.14321579,0.03672649,0.14445192,-0.29180239,-0.03138521,0.11508216,-0.16278756,0.02514586,0.10518658,-0.34046308,-0.01819818,0.15416630,-0.11911345,0.01075196,0.06742486,-0.37789525,-0.00303087,0.18950071,-0.08900141,-0.22247531,-0.73873472,-0.95949070,0.25904052,0.76172836,0.89773943,-0.28813747,-0.76276102,-0.81010591,0.30892728,0.74180292,0.69911665,-0.32081057,-0.69945830,-0.56797154,0.32344475,0.63694797,0.42045155,-0.01116555,0.00755694,-0.99990911,-0.02216500,-0.01226346,-0.33857527,-0.03824624,-0.06704101,0.12073222
10410300000000,synthetic_50hz_05,515,0.02,92.39605604,92.45439358,13.08965524,12.99858880,12.96408296,5.38521457,107.77894925,1,1,0,0,1,0.42636016,-0.21642296,-0.33597230,0.03286821,0.01797671,-0.06151033,-0.02578638,0.00246792,0.08520604,0.01796112,-0.02284141,-0.10644522,-0.00961804,0.04255636,0.12461553,0.00099766,-0.06104440,-0.13919312,0.00765148,0.07777250,0.14975771,0.03245713,0.13103173,-0.30860403,-0.02650689,0.12878304,-0.14724931,0.01979879,0.09159973,-0.35428981,-0.01253608,0.16724771,-0.10739694,0.00493768,0.05522567,-0.38716372,0.00276834,0.20046635,-0.08244816,-0.24752482,-0.75611306,-0.92081308,0.27919649,0.76448732,0.84159077,-0.30281879,-0.75082107,-0.73810500,0.31771069,0.71550829,0.61333933,-0.32344283,-0.65956707,-0.47089079,0.31984998,0.58461023,0.31486625,-0.01101660,0.00804916,-0.99990692,-0.02223103,-0.01180333,-0.33597230,-0.03812416,-0.06240666,0.12261545
10410320000000,synthetic_50hz_05,516,0.02,92.17416930,92.39834873,13.03691488,12.96408296,12.94301405,5.39459130,107.73881621,1,1,0,0,1,0.42561007,-0.21720490,-0.33333299,0.02830915,0.00458959,-0.07726771,-0.02071785,0.01586822,0.09941803,0.01252923,-0.03586855,-0.11870209,-0.00397940,0.05483476,0.13456391,-0.00468516,-0.07222007,-0.14654619,0.01321465,0.08752323,0.15430347,0.02784855,0.11762012,-0.32433834,-0.02138894,0.14221367,-0.13305395,0.01431859,0.07853703,-0.36653681,-0.00685121,0.17956619,-0.09745148,-0.00078838,0.04400620,-0.39452088,0.00837089,0.21026374,-0.07789137,-0.26900807,-0.76365698,-0.87123084,0.29547496,0.75756828,0.77584825,-0.31342317,-0.72963854,-0.65809759,0.32233524,0.68067298,0.52137367,-0.32195424,-0.61208330,-0.36961831,0.31229115,0.52584697,0.20720668,-0.01087152,0.00853737,-0.99990446,-0.02228986,-0.01134090,-0.33333299,-0.03800022,-0.05774480,0.12448542
10410340000000,synthetic_50hz_05,517,0.02,92.12060734,92.34280045,12.99747653,12.94301405,12.92607401,5.40391790,107.69809381,1,1,0,0,1,0.42486265,-0.21789107,-0.33065764,0.02348980,-0.00860889,-0.09179991,-0.01549043,0.02883140,0.11216428,0.00704445,-0.04822268,-0.12929490,0.00160461,0.06622368,0.14269788,-0.01020741,-0.08231542,-0.15198682,0.01851593,0.09603397,0.15689391,0.02297969,0.10439742,-0.33884720,-0.01611208,0.15520693,-0.12032464,0.00878543,0.06614755,-0.37711943,-0.00122085,0.19099502,-0.08932073,-0.00635403,0.03386718,-0.39996530,0.01371174,0.21882102,-0.07529020,-0.28681641,-0.76177003,-0.81197960,0.30785409,0.74156345,0.70189982,-0.32001620,-0.69997725,-0.57158395,0.32295209,0.63821038,0.42478905,-0.31657713,-0.55804360,-0.26574728,0.30107509,0.46178817,0.09904389,-0.01073034,0.00902141,-0.99990174,-0.02234147,-0.01087624,-0.33065764,-0.03787441,-0.05305746,0.12634193
10410360000000,synthetic_50hz_05,518,0.02,91.64434517,92.20310939,12.96748747,12.92607401,12.92815941,5.41319961,107.65678092,1,1,0,0,1,0.42411792,-0.21848114,-0.32794651,0.01848728,-0.02145551,-0.10498140,-0.01018121,0.04121055,0.12335550,0.00158160,-0.05977747,-0.13817320,0.00706360,0.07662099,0.14900731,-0.01550515,-0.09125548,-0.15554546,0.02349968,0.10325903,0.15759916,0.01792768,0.09152686,-0.35200509,-0.01075340,0.16761592,-0.10915063,0.00327414,0.05455762,-0.38598726,0.00428460,0.20143204,-0.08301485,-0.01169530,0.02488361,-0.40352742,0.01873525,0.22609252,-0.07457451,-0.30091106,-0.75098233,-0.74436117,0.31637897,0.71717124,0.62116340,-0.32272552,-0.66268377,-0.48005720,0.31976774,0.58909082,0.32511072,-0.30759091,-0.49851411,-0.16079115,0.28654609,0.39356500,-0.00816410,-0.01059308,0.00950113,-0.99989876,-0.02238584,-0.01040945,-0.32794651,-0.03774675,-0.04834673,0.12818477
10410380000000,synthetic_50hz_05,519,0.02,91.86402217,92.13529195,12.95096969,12.92815941,12.91861420,5.42244244,107.61487675,1,1,0,0,1,0.42337594,-0.21897487,-0.32519992,0.01337553,-0.03380586,-0.11671879,-0.00486243,0.05288009,0.13293500,-0.00379085,-0.07042977,-0.14531863,0.01233485,0.08594892,0.15351265,-0.02052322,-0.09899012,-0.15728083,0.02811990,0.10917739,0.15651454,0.01276646,0.07915283,-0.36371860,-0.00538514,0.17931505,-0.09958864,-0.00214683,0.04387042,-0.39312190,0.00960241,0.21079951,-0.07851334,-0.01675706,0.01710560,-0.40526597,0.02339540,0.23205721,-0.07564901,-0.31131748,-0.73192811,-0.66971108,0.32115449,0.68517230,0.53505530,-0.32173247,-0.61866266,-0.38497364,0.31303475,0.53431668,0.22379300,-0.29531210,-0.43456611,-0.05616031,0.26907546,0.32228679,-0.11309151,-0.01045974,0.00997637,-0.99989553,-0.02242296,-0.00994061,-0.32519992,-0.03761724,-0.04361468,0.13001374
10410400000000,synthetic_50hz_05,520,0.02,91.52451669,92.01313690,12.93738038,12.91861420,12.92057641,5.43165167,107.57238082,1,1,0,0,1,0.42263673,-0.21937204,-0.32241815,0.00822415,-0.04553547,-0.12694960,0.00039946,0.06373622,0.14087664,-0.00901156,-0.08009943,-0.15074214,0.01736385,0.09415333,0.15626168,-0.02521552,-0.10549275,-0.15727612,0.03234023,0.11379076,0.15375622,0.00756563,0.06739981,-0.37392525,-0.00007374,0.19020053,-0.09166479,-0.00741610,0.03416606,-0.39853434,0.01467808,0.21904327,-0.07576846,-0.02149320,0.01055976,-0.40526413,0.02765584,0.23671680,-0.07839750,-0.31811875,-0.70532319,-0.58936855,0.32233766,0.64640609,0.44496203,-0.31726342,-0.56885281,-0.28772705,0.30304234,0.47489923,0.12219677,-0.28008440,-0.36725409,0.04685650,0.24905150,0.24902084,-0.21455888,-0.01033036,0.01044696,-0.99989207,-0.02245281,-0.00946983,-0.32241815,-0.03748588,-0.03886339,0.13182866
10410420000000,synthetic_50hz_05,521,0.02,91.55702487,91.92191449,12.93032271,12.92057641,12.91716029,5.44083246,107.52929304,1,1,0,0,1,0.42190033,-0.21967246,-0.31960151,0.00309740,-0.05654028,-0.13564048,0.00554462,0.07369684,0.14718242,-0.01402679,-0.08872869,-0.15448102,0.02210456,0.10120245,0.15732586,-0.02954504,-0.11075850,-0.15563492,0.03613373,0.11712133,0.14945696,0.00238947,0.05637187,-0.38259172,0.00512094,0.20019025,-0.08537709,-0.01247997,0.02550232,-0.40226183,0.01946556,0.22613155,-0.07470874,-0.02586669,0.00525094,-0.40362549,0.03148964,0.24009347,-0.08268724,-0.32144833,-0.67194287,-0.50464969,0.32012934,0.60174856,0.35221573,-0.30958088,-0.51420555,-0.18962724,0.29010705,0.41183776,0.02157170,-0.26226931,-0.29759650,0.14710577,0.22687021,0.17477539,-0.31154210,-0.01020495,0.01091275,-0.99988839,-0.02247539,-0.00899720,-0.31960151,-0.03735269,-0.03409497,0.13362931
10410440000000,synthetic_50hz_05,522,0.02,91.54050983,91.84563356,12.92479450,12.91716029,12.91085861,5.44998923,107.48561359,1,1,0,0,1,0.42116678,-0.21987602,-0.31675031,-0.00194644,-0.06673661,-0.14278497,0.01052023,0.08270097,0.15187958,-0.01879072,-0.09628103,-0.15659544,0.02651946,0.10708526,0.15679657,-0.03348364,-0.11480217,-0.15247718,0.03948246,0.11920929,0.14376181,-0.00270376,0.04615267,-0.38971153,0.01014609,0.20922322,-0.08069830,-0.01729259,0.01791573,-0.40436457,0.02392734,0.23205333,-0.07524279,-0.02984940,0.00116435,-0.40047000,0.03487885,0.24222743,-0.08837317,-0.32148244,-0.63260082,-0.41682409,0.31476602,0.55209135,0.25807363,-0.29897475,-0.45566484,-0.09188278,0.27456390,0.34610129,-0.07695709,-0.24223725,-0.22655949,0.24357825,0.20292678,0.10048587,-0.40317694,-0.01008353,0.01137359,-0.99988448,-0.02249068,-0.00852280,-0.31675031,-0.03721767,-0.02931151,0.13541552
10410460000000,synthetic_50hz_05,523,0.02,91.18261242,91.71302933,12.91894142,12.91085861,12.91478471,5.45912557,107.44134305,1,1,0,0,1,0.42043611,-0.21998261,-0.31386484,-0.00685563,-0.07606069,-0.14840082,0.01528084,0.09070775,0.15501752,-0.02326550,-0.10273967,-0.15716499,0.03057940,0.11180956,0.15478133,-0.03701169,-0.11765592,-0.14793524,0.04237690,0.12011021,0.13682411,-0.00766232,0.03680600,-0.39530243,0.01495625,0.21725860,-0.07757901,-0.02181612,0.01142306,-0.40492215,0.02803425,0.23681641,-0.07726310,-0.03342171,-0.00173215,-0.39593001,0.03781395,0.24317422,-0.09530194,-0.31843227,-0.58812951,-0.32709515,0.30651156,0.49832311,0.16370146,-0.28575399,-0.39414981,0.00441182,0.25675799,0.27861300,-0.17239791,-0.22035954,-0.15504364,0.33541368,0.17760802,0.02700430,-0.48875932,-0.00996611,0.01182932,-0.99988037,-0.02249869,-0.00804673,-0.31386484,-0.03708082,-0.02451513,0.13718707
10410480000000,synthetic_50hz_05,524,0.02,91.05796725,91.58201691,12.91719560,12.91478471,12.91760695,5.46824493,107.39648229,1,1,0,0,1,0.41970836,-0.21999219,-0.31094543,-0.01158523,-0.08446776,-0.15252713,0.01978843,0.09769510,0.15666451,-0.02742112,-0.10810584,-0.15628517,0.03426325,0.11539984,0.15140006,-0.04011755,-0.11936681,-0.14215001,0.04481525,0.11989237,0.12880172,-0.01244125,0.02837661,-0.39940352,0.01951340,0.22427429,-0.07595096,-0.02602056,0.00602309,-0.40403005,0.03176517,0.24044528,-0.08064974,-0.03657197,-0.00348563,-0.39014642,0.04029312,0.24300215,-0.10331572,-0.31253630,-0.53936245,-0.23658412,0.29564934,0.44131283,0.07016094,-0.27023868,-0.33053996,0.09828501,0.23703691,0.21023747,-0.26389736,-0.19700126,-0.08387373,0.42190143,0.15128596,-0.04490812,-0.56774188,-0.00985271,0.01227981,-0.99987606,-0.02249941,-0.00756908,-0.31094543,-0.03694216,-0.01970793,0.13894379
10410500000000,synthetic_50hz_05,525,0.02,91.34038057,91.53368965,12.91736837,12.91760695,12.90367158,5.47735040,107.35103254,1,1,0,0,1,0.41898357,-0.21990476,-0.30799238,-0.01609722,-0.09193086,-0.15522133,0.02401233,0.10365809,0.15690439,-0.03123515,-0.11239680,-0.15406383,0.03755745,0.11789506,0.14678154,-0.04279695,-0.11999435,-0.13526747,0.04680259,0.11863415,0.11985357,-0.01700253,0.02089147,-0.40207224,0.02378687,0.23026537,-0.07573029,-0.02988344,0.00169855,-0.40179613,0.03510654,0.24297889,-0.08527394,-0.03929589,-0.00415562,-0.38326521,0.04232146,0.24178956,-0.11225555,-0.30405293,-0.48711840,-0.14631796,0.28247486,0.38189576,-0.02159897,-0.25275291,-0.26566288,0.18889318,0.21574397,0.14177081,-0.35074152,-0.17251503,-0.01379143,0.50247782,0.12431241,-0.11458557,-0.63972745,-0.00974334,0.01272490,-0.99987157,-0.02249284,-0.00708995,-0.30799238,-0.03680168,-0.01489205,0.14068548
10410520000000,synthetic_50hz_05,526,0.02,90.91289993,91.40953170,12.91161572,12.90367158,12.90291736,5.48644375,107.30499536,1,1,0,0,1,0.41826176,-0.21972036,-0.30500603,-0.02036041,-0.09843938,-0.15655610,0.02792895,0.10860718,0.15583337,-0.03469228,-0.11564378,-0.15061790,0.04045541,0.11934632,0.14106004,-0.04505220,-0.11960805,-0.12743536,0.04835011,0.11642142,0.11013665,-0.02131499,0.01436118,-0.40338126,0.02775308,0.23524230,-0.07682082,-0.03338948,-0.00158178,-0.39833733,0.03805177,0.24446835,-0.09100142,-0.04159581,-0.00381160,-0.37543412,0.04391016,0.23962235,-0.12196445,-0.29325352,-0.43218795,-0.05722066,0.26728894,0.32086161,-0.11074724,-0.23361829,-0.20028468,0.27552225,0.19321232,0.07393345,-0.43235382,-0.14723595,0.05454932,0.57672044,0.09701470,-0.18145941,-0.70445993,-0.00963802,0.01316445,-0.99986690,-0.02247899,-0.00660943,-0.30500603,-0.03665941,-0.01006959,0.14241195
10410540000000,synthetic_50hz_05,527,0.02,91.28778407,91.38518218,12.90796241,12.90291736,12.88184785,5.49552670,107.25837265,1,1,0,0,1,0.41754298,-0.21943906,-0.30198668,-0.02435029,-0.10399741,-0.15661635,0.03152145,0.11256630,0.15355684,-0.03778383,-0.11788985,-0.14607021,0.04295688,0.11981459,0.13437230,-0.04689147,-0.11828501,-0.11880038,0.04947416,0.11334522,0.09980339,-0.02535410,0.00878167,-0.40341551,0.03139517,0.23922900,-0.07911714,-0.03653000,-0.00386098,-0.39377646,0.04060059,0.24497462,-0.09769544,-0.04347988,-0.00253068,-0.36679987,0.04507555,0.23659155,-0.13229000,-0.28041598,-0.37532222,0.02989203,0.25039166,0.25894534,-0.19657273,-0.21314843,-0.13510294,0.35758614,0.16976003,0.00736546,-0.50829019,-0.12147736,0.12058437,0.64433999,0.06969245,-0.24505769,-0.76181316,-0.00953676,0.01359832,-0.99986207,-0.02245785,-0.00612761,-0.30198668,-0.03651533,-0.00524270,0.14412302
10410560000000,synthetic_50hz_05,528,0.02,90.95760340,91.29966642,12.89699429,12.88184785,12.87096715,5.50459973,107.21116665,1,1,0,0,1,0.41682726,-0.21906099,-0.29893467,-0.02804865,-0.10862197,-0.15549635,0.03477925,0.11557086,0.15018647,-0.04050715,-0.11918778,-0.14054665,0.04506720,0.11936847,0.12685481,-0.04832795,-0.11610771,-0.10950568,0.05019538,0.10949951,0.08899945,-0.02910165,0.00413590,-0.40226924,0.03470257,0.24226089,-0.08250757,-0.03930232,-0.00519180,-0.38823945,0.04275835,0.24456631,-0.10521953,-0.04496129,-0.00039534,-0.35750557,0.04583829,0.23279110,-0.14308654,-0.26581907,-0.31722392,0.11431489,0.23207706,0.19682016,-0.27848321,-0.19164417,-0.07074199,0.43462273,0.14568608,-0.05737570,-0.57823187,-0.09552780,0.18383923,0.70517031,0.04261541,-0.30500259,-0.81177837,-0.00943958,0.01402637,-0.99985708,-0.02242943,-0.00564460,-0.29893467,-0.03636947,-0.00041349,0.14581851
10410580000000,synthetic_50hz_05,529,0.02,90.91649993,91.22303312,12.88606289,12.87096715,12.85692047,5.51366327,107.16337992,1,1,0,0,1,0.41611463,-0.21858632,-0.29585033,-0.03144321,-0.11234126,-0.15329690,0.03769749,0.11766581,0.14583754,-0.04286493,-0.11959801,-0.13417362,0.04679656,0.11808214,0.11864141,-0.04937903,-0.11316191,-0.09968871,0.05053787,0.10497916,0.07786194,-0.03254535,0.00039568,-0.40004326,0.03767041,0.24438291,-0.08687685,-0.04170917,-0.00563469,-0.38185265,0.04453525,0.24331758,-0.11343983,-0.04605742,0.00250867,-0.34768870,0.04622245,0.22831590,-0.15421695,-0.24973733,-0.25854054,0.19545285,0.21262865,0.13509287,-0.35600204,-0.16938979,-0.00775041,0.50628753,0.12126735,-0.11981550,-0.64197651,-0.06964871,0.24392707,0.75915701,0.01602206,-0.36100611,-0.85445066,-0.00934647,0.01444847,-0.99985194,-0.02239375,-0.00516047,-0.29585033,-0.03622183,0.00441589,0.14749822
10410600000000,synthetic_50hz_05,530,0.02,90.45506305,91.06943911,12.87382308,12.85692047,12.85600135,5.52271747,107.11501537,1,1,0,0,1,0.41540514,-0.21801526,-0.29273399,-0.03452708,-0.11519277,-0.15012289,0.04027642,0.11890374,0.14062647,-0.04486457,-0.11918666,-0.12707572,0.04815926,0.11603337,0.10986133,-0.05006549,-0.10953478,-0.08947958,0.05052831,0.09987826,0.06651809,-0.03567833,-0.00247649,-0.39684246,0.04029894,0.24564765,-0.09210855,-0.04375791,-0.00525577,-0.37474070,0.04594557,0.24130621,-0.12222711,-0.04678907,0.00609417,-0.33747937,0.04625475,0.22326001,-0.16555400,-0.23243684,-0.19985961,0.27281827,0.19231571,0.07430109,-0.42876276,-0.14665002,0.05339957,0.57234582,0.09675634,-0.17956070,-0.69942788,-0.04407314,0.30054501,0.80634510,-0.00988072,-0.41286446,-0.89001503,-0.00925747,0.01486447,-0.99984667,-0.02235081,-0.00467534,-0.29273399,-0.03607241,0.00924334,0.14916197
10410620000000,synthetic_50hz_05,531,0.02,90.50920679,90.95739265,12.86633795,12.85600135,12.84570007,5.53176307,107.06607624,1,1,0,0,1,0.41469881,-0.21734806,-0.28958599,-0.03729829,-0.11722159,-0.14608095,0.04252081,0.11934302,0.13466872,-0.04651744,-0.11802373,-0.11937392,0.04917295,0.11330177,0.10063751,-0.05041078,-0.10531326,-0.07899968,0.05019524,0.09428852,0.05508425,-0.03849860,-0.00452568,-0.39277348,0.04259293,0.24611348,-0.09808721,-0.04545992,-0.00412505,-0.36702454,0.04700696,0.23861182,-0.13145844,-0.04717967,0.01027424,-0.32699896,0.04596369,0.21771517,-0.17698135,-0.21417164,-0.14170587,0.34602640,0.17139035,0.01491242,-0.49650207,-0.12366780,0.11231096,0.63266336,0.07237984,-0.23629636,-0.75058467,-0.01900514,0.35346923,0.84686627,-0.03491748,-0.46045141,-0.91873232,-0.00917257,0.01527426,-0.99984128,-0.02230063,-0.00418929,-0.28958599,-0.03592122,0.01406670,0.15080960
10410640000000,synthetic_50hz_05,532,0.02,90.48529223,90.86297256,12.85767004,12.84570007,12.83058779,5.54080054,107.01656612,1,1,0,0,1,0.41399568,-0.21658501,-0.28640667,-0.03975915,-0.11847865,-0.14127750,0.04443928,0.11904614,0.12807695,-0.04783821,-0.11618147,-0.11118388,0.04985794,0.10996724,0.09108533,-0.05044025,-0.10058260,-0.06836074,0.04956834,0.08829812,0.04366528,-0.04100847,-0.00580284,-0.38794273,0.04456100,0.24584289,-0.10470016,-0.04682988,-0.00231475,-0.35881986,0.04773974,0.23531428,-0.14101843,-0.04725458,0.01496361,-0.31635920,0.04537896,0.21176951,-0.18839413,-0.19518090,-0.08454005,0.41478920,0.15008541,-0.04267487,-0.55905164,-0.10066289,0.16865945,0.68719636,0.04833821,-0.28978150,-0.79552889,0.00538009,0.40254902,0.88092595,-0.05894327,-0.50371086,-0.94092550,-0.00909179,0.01567769,-0.99983577,-0.02224322,-0.00370242,-0.28640667,-0.03576828,0.01888386,0.15244091
10410660000000,synthetic_50hz_05,533,0.02,90.45469410,90.78131687,12.84629550,12.83058779,12.81163038,5.54982989,106.96648889,1,1,0,0,1,0.41329578,-0.21572645,-0.28319637,-0.04191573,-0.11901920,-0.13581696,0.04604370,0.11807815,0.12095953,-0.04884422,-0.11373285,-0.10261477,0.05023653,0.10610858,0.08131159,-0.05018050,-0.09542516,-0.05766415,0.04867775,0.08199058,0.03235423,-0.04321402,-0.00636319,-0.38245463,0.04621501,0.24490093,-0.11183905,-0.04788511,0.00010214,-0.35023581,0.04816620,0.23149242,-0.15080029,-0.04704039,0.02007994,-0.30566148,0.04453070,0.20550659,-0.19969931,-0.17568679,-0.02875919,0.47890812,0.12861291,-0.09812989,-0.61632902,-0.07783107,0.22218984,0.73598088,0.02480531,-0.33984395,-0.83441406,0.02893559,0.44770020,0.90879070,-0.08184226,-0.54264905,-0.95696647,-0.00901513,0.01607465,-0.99983016,-0.02217861,-0.00321482,-0.28319637,-0.03561358,0.02369269,0.15405573
10410680000000,synthetic_50hz_05,534,0.02,90.36583717,90.69822093,12.83173615,12.81163038,12.79158216,5.55885075,106.91584881,1,1,0,0,1,0.41259916,-0.21477276,-0.27995543,-0.04377724,-0.11890130,-0.12980031,0.04734857,0.11650525,0.11341925,-0.04955481,-0.11075030,-0.09376826,0.05033236,0.10180237,0.07141389,-0.04965881,-0.08991943,-0.04700063,0.04755357,0.07544407,0.02123231,-0.04512445,-0.00626482,-0.37641016,0.04756946,0.24335380,-0.11940107,-0.04864496,0.00305321,-0.34137408,0.04830998,0.22722279,-0.16070640,-0.04656438,0.02554472,-0.29499652,0.04344903,0.19900457,-0.21081564,-0.15589295,0.02530185,0.53826594,0.10716323,-0.15118599,-0.66832811,-0.05534394,0.27271138,0.77912207,0.00192907,-0.38637436,-0.86745357,0.05154142,0.48889799,0.93077599,-0.10352595,-0.57732647,-0.96726370,-0.00894260,0.01646501,-0.99982446,-0.02210681,-0.00272659,-0.27995543,-0.03545713,0.02849108,0.15565390
10410700000000,synthetic_50hz_05,535,0.02,90.13837950,90.58625264,12.81487147,12.79158216,12.77572203,5.56786254,106.86465044,1,1,0,0,1,0.41190583,-0.21372435,-0.27668422,-0.04535553,-0.11818456,-0.12332388,0.04837043,0.11439359,0.10555243,-0.04999079,-0.10730459,-0.08473786,0.05016990,0.09712196,0.06148025,-0.04890258,-0.08413925,-0.03645014,0.04622538,0.06873078,0.01036915,-0.04675160,-0.00556733,-0.36990567,0.04864090,0.24126764,-0.12728990,-0.04913024,0.00646766,-0.33232814,0.04819555,0.22257875,-0.17064876,-0.04585395,0.03128412,-0.28444429,0.04216349,0.19233562,-0.22167354,-0.13598358,0.07736778,0.59281824,0.08590477,-0.20163684,-0.71510937,-0.03334929,0.32009261,0.81678356,-0.02016766,-0.42931995,-0.89490949,0.07310318,0.52616981,0.94723477,-0.12393109,-0.60784994,-0.97225083,-0.00887421,0.01684866,-0.99981868,-0.02202785,-0.00223783,-0.27668422,-0.03529895,0.03327690,0.15723522
10410720000000,synthetic_50hz_05,536,0.02,90.36342125,90.54168636,12.79842871,12.77572203,12.74583445,5.57686480,106.81289868,1,1,0,0,1,0.41121584,-0.21258170,-0.27338309,-0.04666447,-0.11692896,-0.11647845,0.04912737,0.11180819,0.09744819,-0.05017390,-0.10346394,-0.07560845,0.04977390,0.09213678,0.05158889,-0.04793889,-0.07815327,-0.02608199,0.04472178,0.06191656,-0.00017687,-0.04810936,-0.00433069,-0.36303192,0.04944740,0.23870748,-0.13541643,-0.04936268,0.01027730,-0.32318292,0.04784765,0.21762974,-0.18054915,-0.04493617,0.03722952,-0.27407409,0.04070270,0.18556562,-0.23221459,-0.11612301,0.12721958,0.64258455,0.06498415,-0.24933181,-0.75679014,-0.01197177,0.36425569,0.84917711,-0.04138576,-0.46867791,-0.91708192,0.09355012,0.55958793,0.95854682,-0.14301739,-0.63436476,-0.97237637,-0.00880997,0.01722546,-0.99981283,-0.02194176,-0.00174863,-0.27338309,-0.03513904,0.03804805,0.15879954
10410740000000,synthetic_50hz_05,537,0.02,90.12254185,90.45785746,12.77633912,12.74583445,12.72227099,5.58585648,106.76059876,1,1,0,0,1,0.41052923,-0.21134530,-0.27005238,-0.04771957,-0.11519385,-0.10934852,0.04963850,0.10881210,0.08918801,-0.05012634,-0.09929324,-0.06645616,0.04916900,0.08691171,0.04180834,-0.04679411,-0.07202448,-0.01595518,0.04307012,0.05506075,-0.01035798,-0.04921321,-0.00261426,-0.35587342,0.05000809,0.23573636,-0.14369918,-0.04936447,0.01441723,-0.31401452,0.04729093,0.21244063,-0.19033902,-0.04383742,0.04331789,-0.26394492,0.03909399,0.17875388,-0.24239105,-0.09645571,0.17469043,0.68763950,0.04452673,-0.29417102,-0.79353518,0.00868597,0.40517053,0.87655288,-0.06164826,-0.50448878,-0.93429914,0.11283319,0.58926238,0.96510912,-0.16076509,-0.65704727,-0.96809456,-0.00874988,0.01759532,-0.99980692,-0.02184855,-0.00125909,-0.27005238,-0.03497740,0.04280242,0.16034669
10410760000000,synthetic_50hz_05,538,0.02,90.10993389,90.38827275,12.75363051,12.72227099,12.69495859,5.59483661,106.70775622,1,1,0,0,1,0.40984601,-0.21001570,-0.26669247,-0.04853739,-0.11303710,-0.10201183,0.04992352,0.10546561,0.08084545,-0.04987033,-0.09485350,-0.05734825,0.04837935,0.08150672,0.03219768,-0.04549357,-0.06581006,-0.00611884,0.04129619,0.04821606,-0.02013641,-0.05007974,-0.00047591,-0.34850790,0.05034265,0.23241459,-0.15206458,-0.04915785,0.01882644,-0.30489022,0.04654953,0.20707137,-0.19995930,-0.04258303,0.04949207,-0.25410592,0.03736319,0.17195312,-0.25216513,-0.07710668,0.21966139,0.72810425,0.02463751,-0.33610005,-0.82554769,0.02854198,0.44284878,0.89919020,-0.08089858,-0.53682998,-0.94690865,0.13092285,0.61533412,0.96732727,-0.17717254,-0.67609789,-0.95985740,-0.00869394,0.01795811,-0.99980095,-0.02174827,-0.00076930,-0.26669247,-0.03481406,0.04753791,0.16187649
10410780000000,synthetic_50hz_05,539,0.02,90.01153407,90.31292501,12.72898830,12.69495859,12.66779928,5.60380417,106.65437693,1,1,0,0,1,0.40916624,-0.20859349,-0.26330371,-0.04913527,-0.11051441,-0.09453906,0.05000234,0.10182576,0.07248613,-0.04942781,-0.09020142,-0.04834338,0.04742826,0.07597654,0.02280688,-0.04406134,-0.05956122,0.00338716,0.03942410,0.04142872,-0.02948355,-0.05072625,0.00202868,-0.34100606,0.05047098,0.22879917,-0.16044701,-0.04876475,0.02344823,-0.29586867,0.04564676,0.20157672,-0.20936004,-0.04119705,0.05570086,-0.24459695,0.03553436,0.16520955,-0.26150822,-0.05818216,0.26205669,0.76413820,0.00540224,-0.37510457,-0.85306083,0.04753342,0.47733802,0.91738931,-0.09909868,-0.56580958,-0.95526903,0.14780687,0.63796859,0.96560790,-0.19225372,-0.69173467,-0.94810785,-0.00864217,0.01831374,-0.99979495,-0.02164094,-0.00027935,-0.26330371,-0.03464900,0.05225244,0.16338878
10410800000000,synthetic_50hz_05,540,0.02,90.14167322,90.27867465,12.70328891,12.66779928,12.63199757,5.61275819,106.60046709,1,1,0,0,1,0.40848993,-0.20707929,-0.25988647,-0.04953083,-0.10767872,-0.08699376,0.04989472,0.09794583,0.06416777,-0.04882013,-0.08538912,-0.03949180,0.04633803,0.07037060,0.01367727,-0.04251998,-0.05332327,0.01253159,0.03747606,0.03473859,-0.03837916,-0.05117039,0.00484654,-0.33343143,0.05041288,0.22494343,-0.16878875,-0.04820651,0.02823048,-0.28700011,0.04460491,0.19600610,-0.21849988,-0.03970206,0.06189894,-0.23544924,0.03362974,0.15856307,-0.27040009,-0.03977055,0.30183894,0.79593125,-0.01311121,-0.41120507,-0.87632998,0.06561496,0.50871597,0.93146370,-0.11622700,-0.59156034,-0.95974289,0.16348816,0.65734976,0.96035224,-0.20603589,-0.70418748,-0.93327419,-0.00859455,0.01866209,-0.99978892,-0.02152660,0.00021064,-0.25988647,-0.03448225,0.05694393,0.16488341
10410820000000,synthetic_50hz_05,541,0.02,90.07241994,90.23742371,12.67334655,12.63199757,12.59680748,5.62169732,106.54603322,1,1,0,0,1,0.40781713,-0.20547378,-0.25644112,-0.04974174,-0.10457983,-0.07943229,0.04962003,0.09387513,0.05594044,-0.04806775,-0.08046396,-0.03083580,0.04512965,0.06473299,0.00484215,-0.04089045,-0.04713573,0.02129109,0.03547235,0.02817952,-0.04681051,-0.05142982,0.00792791,-0.32584039,0.05018767,0.22089662,-0.17703974,-0.04750360,0.03312584,-0.27832684,0.04344499,0.19040358,-0.22734552,-0.03811900,0.06804678,-0.22668615,0.03166959,0.15204749,-0.27882801,-0.02194354,0.33900439,0.82369661,-0.03085145,-0.44445165,-0.89562570,0.08275698,0.53708516,0.94173348,-0.13227659,-0.61423425,-0.96069064,0.17798259,0.67367469,0.95195064,-0.21855728,-0.71369277,-0.91576546,-0.00855110,0.01900305,-0.99978287,-0.02140528,0.00070060,-0.25644112,-0.03431381,0.06161030,0.16636019
10410840000000,synthetic_50hz_05,542,0.02,90.25146995,90.24023296,12.64120014,12.59680748,12.55265076,5.63062020,106.49108213,1,1,0,0,1,0.40714787,-0.20377765,-0.25296804,-0.04978544,-0.10126401,-0.07190403,0.04919697,0.08965870,0.04784681,-0.04719013,-0.07546849,-0.02241016,0.04382277,0.05910249,-0.00367260,-0.03919199,-0.04103254,0.02964947,0.03343128,0.02177959,-0.05477153,-0.05152196,0.01122648,-0.31828231,0.04981407,0.21670384,-0.18515729,-0.04667546,0.03809176,-0.26988364,0.04218663,0.18480796,-0.23587110,-0.03646713,0.07411047,-0.21832389,0.02967223,0.14569090,-0.28678590,-0.00475734,0.37357824,0.84766424,-0.04778206,-0.47491911,-0.91122742,0.09894387,0.56256784,0.94851949,-0.14725309,-0.63399748,-0.95846529,0.19131693,0.68714868,0.94077810,-0.22986502,-0.72048906,-0.89596784,-0.00851182,0.01933654,-0.99977681,-0.02127703,0.00119041,-0.25296804,-0.03414369,0.06624951,0.16781899
10410860000000,synthetic_50hz_05,543,0.02,89.76151035,90.14448844,12.60400940,12.55265076,12.52675605,5.63952507,106.43562097,1,1,0,0,1,0.40648217,-0.20199166,-0.24946760,-0.04967885,-0.09777387,-0.06445158,0.04864339,0.08533733,0.03992262,-0.04620551,-0.07044049,-0.01424268,0.04243551,0.05351281,-0.01184789,-0.03744207,-0.03504233,0.03759688,0.03136916,0.01556156,-0.06226193,-0.05146376,0.01469967,-0.31079981,0.04930993,0.21240583,-0.19310567,-0.04574035,0.04309046,-0.26169832,0.04084795,0.17925293,-0.24405753,-0.03476390,0.08006136,-0.21037228,0.02765397,0.13951607,-0.29427349,0.01174597,0.40561017,0.86807496,-0.06387996,-0.50270233,-0.92341793,0.11417226,0.58530134,0.95213832,-0.16117293,-0.65102584,-0.95340812,0.20352690,0.69798096,0.92719072,-0.24001309,-0.72481297,-0.87424198,-0.00847670,0.01966245,-0.99977075,-0.02114188,0.00168000,-0.24946760,-0.03397190,0.07085950,0.16925963
10410880000000,synthetic_50hz_05,544,0.02,89.70095465,90.05578168,12.57156299,12.52675605,12.49920283,5.64841108,106.37965720,1,1,0,0,1,0.40582008,-0.20011660,-0.24594017,-0.04943824,-0.09414815,-0.05711110,0.04797613,0.08094747,0.03219706,-0.04513085,-0.06541304,-0.00635476,0.04098442,0.04799272,-0.01967074,-0.03565640,-0.02918875,0.04512913,0.02930038,0.00954325,-0.06928643,-0.05127146,0.01830871,-0.30342902,0.04869209,0.20803906,-0.20085569,-0.04471521,0.04808885,-0.25379229,0.03944551,0.17376729,-0.25189181,-0.03302501,0.08587581,-0.20283552,0.02562919,0.13354079,-0.30129547,0.02753709,0.43517014,0.88517529,-0.07913396,-0.52791195,-0.93247859,0.12844935,0.60543381,0.95289810,-0.17406149,-0.66550073,-0.94584511,0.21465536,0.70638096,0.91152296,-0.24906061,-0.72689590,-0.85092118,-0.00844576,0.01998068,-0.99976471,-0.02099989,0.00216925,-0.24594017,-0.03379844,0.07543825,0.17068197
10410900000000,synthetic_50hz_05,545,0.02,89.76997349,89.99862004,12.54117173,12.49920283,12.46548818,5.65727779,106.32319857,1,1,0,0,1,0.40516162,-0.19815328,-0.24238614,-0.04907906,-0.09042178,-0.04991266,0.04721095,0.07652134,0.02469329,-0.04398173,-0.06041475,0.00123800,0.03948449,0.04256638,-0.02713359,-0.03384890,-0.02349080,0.05224691,0.02723742,0.00373796,-0.07585393,-0.05096053,0.02201871,-0.29620003,0.04797630,0.20363574,-0.20838419,-0.04361563,0.05305834,-0.24618111,0.03799428,0.16837516,-0.25936639,-0.03126440,0.09153482,-0.19571293,0.02361037,0.12777839,-0.30786077,0.04259814,0.46234441,0.89921289,-0.09354316,-0.55067050,-0.93868533,0.14179129,0.62312050,0.95109503,-0.18595151,-0.67760565,-0.93608422,0.22475066,0.71255511,0.89408567,-0.25707015,-0.72696127,-0.82631020,-0.00841897,0.02029116,-0.99975868,-0.02085109,0.00265808,-0.24238614,-0.03362332,0.07998372,0.17208584
10410920000000,synthetic_50hz_05,546,0.02,89.49100759,89.89709755,12.50938464,12.46548818,12.44020156,5.66612468,106.26625315,1,1,0,0,1,0.40450683,-0.19610259,-0.23880590,-0.04861583,-0.08662580,-0.04288065,0.04636240,0.07208700,0.01742894,-0.04277232,-0.05546990,0.00852526,0.03794909,0.03725357,-0.03423366,-0.03203178,-0.01796321,0.05895509,0.02519097,-0.00184503,-0.08197682,-0.05054547,0.02579861,-0.28913723,0.04717710,0.19922395,-0.21567354,-0.04245578,0.05797463,-0.23887515,0.03650764,0.16309635,-0.26647848,-0.02949427,0.09702365,-0.18899963,0.02160819,0.12223813,-0.31398177,0.05692128,0.48723200,0.91043270,-0.10711558,-0.57110887,-0.94230523,0.15422168,0.63852041,0.94701067,-0.19688151,-0.68752310,-0.92441335,0.23386514,0.71670419,0.87516476,-0.26410634,-0.72522236,-0.80068476,-0.00839636,0.02059379,-0.99975268,-0.02069553,0.00314639,-0.23880590,-0.03344656,0.08449393,0.17347111
10410940000000,synthetic_50hz_05,547,0.02,89.28749086,89.77517621,12.48032775,12.44020156,12.41897443,5.67495165,106.20882931,1,1,0,0,1,0.40385574,-0.19396542,-0.23519983,-0.04806204,-0.08278751,-0.03603422,0.04544379,0.06766857,0.01041661,-0.04151537,-0.05059872,0.01550131,0.03639005,0.03207008,-0.04097232,-0.03021558,-0.01261685,0.06526208,0.02316999,-0.00720013,-0.08767031,-0.05003978,0.02962110,-0.28225977,0.04630782,0.19482780,-0.22271112,-0.04124840,0.06281751,-0.23188012,0.03499741,0.15794662,-0.27322947,-0.02772516,0.10233146,-0.18268722,0.01963163,0.11692560,-0.31967366,0.07050746,0.50994138,0.91907369,-0.11986673,-0.58936319,-0.94359386,0.16577019,0.65179338,0.94090978,-0.20689441,-0.69543207,-0.91109883,0.24205378,0.71902113,0.85502048,-0.27023461,-0.72188048,-0.77429149,-0.00837790,0.02088848,-0.99974672,-0.02053327,0.00363408,-0.23519983,-0.03326816,0.08896687,0.17483761
10410960000000,synthetic_50hz_05,548,0.02,89.56247848,89.73263667,12.45455936,12.41897443,12.38305352,5.68375904,106.15093572,1,1,0,0,1,0.40320838,-0.19174271,-0.23156832,-0.04743010,-0.07893056,-0.02938773,0.04446716,0.06328639,0.00366441,-0.04022222,-0.04581765,0.02216455,0.03481765,0.02702797,-0.04735450,-0.02840927,-0.00745905,0.07117919,0.02118184,-0.01232491,-0.09295176,-0.04945586,0.03346255,-0.27558201,0.04538049,0.19046762,-0.22948884,-0.04000482,0.06757053,-0.22519761,0.03347389,0.15293805,-0.27962427,-0.02596604,0.10745089,-0.17676438,0.01768804,0.11184324,-0.32495383,0.08336515,0.53058759,0.92536617,-0.13181839,-0.60557210,-0.94279306,0.17647124,0.66309769,0.93303878,-0.21603634,-0.70150586,-0.89638456,0.24937301,0.71968929,0.83388716,-0.27552014,-0.71712374,-0.74734840,-0.00836361,0.02117515,-0.99974081,-0.02036436,0.00412106,-0.23156832,-0.03308812,0.09340059,0.17618520
10410980000000,synthetic_50hz_05,549,0.02,89.45648495,89.67740632,12.42452691,12.38305352,12.35016353,5.69254659,106.09258134,1,1,0,0,1,0.40256479,-0.18943544,-0.22791176,-0.04673132,-0.07507512,-0.02295119,0.04344331,0.05895725,-0.00282356,-0.03890282,-0.04113962,0.02851691,0.03324074,0.02213591,-0.05338810,-0.02662031,-0.00249402,0.07672009,0.01923240,-0.01721978,-0.09784020,-0.04880502,0.03730278,-0.26911397,0.04440589,0.18616020,-0.23600260,-0.03873501,0.07222076,-0.21882571,0.03194589,0.14807931,-0.28567079,-0.02422435,0.11237776,-0.17121745,0.01578328,0.10699063,-0.32984129,0.09550920,0.54928967,0.92952968,-0.14299738,-0.61987442,-0.94012939,0.18636288,0.67258790,0.92362473,-0.22435545,-0.70591035,-0.88049154,0.25587975,0.71888108,0.81197336,-0.28002692,-0.71112613,-0.72004562,-0.00835347,0.02145373,-0.99973496,-0.02018885,0.00460723,-0.22791176,-0.03290647,0.09779311,0.17751373
10411000000000,synthetic_50hz_05,550,0.02,89.14503982,89.57093302,12.39329429,12.35016353,12.32789253,5.70131393,106.03377543,1,1,0,0,1,0.40192498,-0.18704464,-0.22423055,-0.04597588,-0.07123803,-0.01673071,0.04238177,0.05469461,-0.00904674,-0.03756577,-0.03657432,0.03456337,0.03166674,0.01739958,-0.05908353,-0.02485474,0.00227680,0.08190027,0.01732616,-0.02188754,-0.10235580,-0.04809745,0.04112495,-0.26286174,0.04339357,0.18191900,-0.24225184,-0.03744755,0.07675852,-0.21275941,0.03042086,0.14337606,-0.29137944,-0.02250615,0.11711061,-0.16603093,0.01392186,0.10236495,-0.33435623,0.10695976,0.56616843,0.93177126,-0.15343456,-0.63240711,-0.93581291,0.19548577,0.68041320,0.91287464,-0.23190104,-0.70880267,-0.86361777,0.26163049,0.71675702,0.78946239,-0.28381701,-0.70404693,-0.69254645,-0.00834749,0.02172414,-0.99972917,-0.02000680,0.00509250,-0.22423055,-0.03272320,0.10214251,0.17882307
10411020000000,synthetic_50hz_05,551,0.02,88.85692859,89.42813214,12.36582555,12.32789253,12.31371009,5.71006125,105.97452753,1,1,0,0,1,0.40128901,-0.18457136,-0.22052509,-0.04517283,-0.06743302,-0.01072890,0.04129083,0.05050886,-0.01500765,-0.03621840,-0.03212850,0.04031152,0.03010177,0.01282187,-0.06445319,-0.02311730,0.00685442,0.08673664,0.01546634,-0.02633310,-0.10651943,-0.04734219,0.04491534,-0.25682795,0.04235182,0.17775441,-0.24823905,-0.03614978,0.08117705,-0.20699115,0.02890492,0.13883121,-0.29676261,-0.02081617,0.12165046,-0.16118792,0.01210699,0.09796133,-0.33851950,0.11774131,0.58134448,0.93228421,-0.16316381,-0.64330363,-0.93003643,0.20388223,0.68671604,0.90097526,-0.23872262,-0.71033011,-0.84593856,0.26668054,0.71346502,0.76651305,-0.28694992,-0.69603041,-0.66498861,-0.00834565,0.02198631,-0.99972345,-0.01981827,0.00557677,-0.22052509,-0.03253834,0.10644687,0.18011306
10411040000000,synthetic_50hz_05,552,0.02,88.61901998,89.26630970,12.34393706,12.31371009,12.30468189,5.71878939,105.91484747,1,1,0,0,1,0.40065689,-0.18201668,-0.21679578,-0.04433014,-0.06367091,-0.00494529,0.04017764,0.04640756,-0.02071144,-0.03486680,-0.02780626,0.04577105,0.02855073,0.00840329,-0.06951106,-0.02141153,0.01124195,0.09124704,0.01365503,-0.03056308,-0.11035232,-0.04654719,0.04866311,-0.25101213,0.04128776,0.17367401,-0.25396941,-0.03484777,0.08547227,-0.20151122,0.02740294,0.13444526,-0.30183429,-0.01915795,0.12600041,-0.15667058,0.01034076,0.09377312,-0.34235233,0.12788176,0.59493669,0.93124725,-0.17222122,-0.65269256,-0.92297508,0.21159547,0.69163100,0.88809311,-0.24486932,-0.71062939,-0.82760701,0.27108347,0.70914001,0.74326060,-0.28948216,-0.68720579,-0.63748565,-0.00834795,0.02224017,-0.99971782,-0.01962331,0.00605995,-0.21679578,-0.03235187,0.11070428,0.18138357
10411060000000,synthetic_50hz_05,553,0.02,88.61528753,89.13610527,12.32744989,12.30468189,12.29160286,5.72749972,105.85474536,1,1,0,0,1,0.40002865,-0.17938173,-0.21304302,-0.04345468,-0.05995983,0.00062327,0.03904818,0.04239570,-0.02616554,-0.03351590,-0.02360929,0.05095345,0.02701734,0.00414221,-0.07427234,-0.01973986,0.01544429,0.09544993,0.01189327,-0.03458553,-0.11387566,-0.04571935,0.05236016,-0.24541112,0.04020740,0.16968275,-0.25945034,-0.03354648,0.08964247,-0.19630815,0.02591866,0.13021657,-0.30660968,-0.01753391,0.13016539,-0.15246043,0.00862420,0.08979226,-0.34587593,0.13741168,0.60706075,0.92882390,-0.18064433,-0.66069647,-0.91478620,0.21866891,0.69528400,0.87437478,-0.25038917,-0.70982617,-0.80875472,0.27489059,0.70390373,0.71981790,-0.29146679,-0.67768740,-0.61012838,-0.00835438,0.02248565,-0.99971228,-0.01942200,0.00654194,-0.21304302,-0.03216382,0.11491287,0.18263447
10411080000000,synthetic_50hz_05,554,0.02,88.75793390,89.06047099,12.31239414,12.29160286,12.27060581,5.73619355,105.79423158,1,1,0,0,1,0.39940434,-0.17666768,-0.20926721,-0.04255229,-0.05630540,0.00598228,0.03790737,0.03847591,-0.03137926,-0.03216955,-0.01953715,0.05587157,0.02550427,0.00003513,-0.07875308,-0.01810370,0.01946791,0.09936409,0.01018118,-0.03840968,-0.11711040,-0.04486449,0.05600085,-0.24001943,0.03911564,0.16578329,-0.26469115,-0.03224973,0.09368810,-0.19136908,0.02445474,0.12614165,-0.31110481,-0.01594547,0.13415184,-0.14853871,0.00695745,0.08600954,-0.34911123,0.14636355,0.61782808,0.92516221,-0.18847142,-0.66743108,-0.90560936,0.22514559,0.69779172,0.85994738,-0.25532869,-0.70803471,-0.78949271,0.27815056,0.69786472,0.69627660,-0.29295321,-0.66757497,-0.58298650,-0.00836493,0.02272269,-0.99970683,-0.01921440,0.00702265,-0.20926721,-0.03197420,0.11907080,0.18386561
10411100000000,synthetic_50hz_05,555,0.02,88.86725704,89.02182820,12.29484304,12.27060581,12.24561891,5.74487164,105.73331680,1,1,0,0,1,0.39878397,-0.17387573,-0.20546878,-0.04162781,-0.05271096,0.01113924,0.03675909,0.03464871,-0.03636350,-0.03083059,-0.01558752,0.06053937,0.02401323,-0.00392307,-0.08296987,-0.01650355,0.02332054,0.10300831,0.00851807,-0.04204568,-0.12007698,-0.04398744,0.05958185,-0.23482956,0.03801637,0.16197613,-0.26970273,-0.03096036,0.09761148,-0.18668004,0.02301289,0.12221538,-0.31533630,-0.01439312,0.13796751,-0.14488663,0.00533979,0.08241480,-0.35207868,0.15477114,0.62734495,0.92039466,-0.19574105,-0.67300458,-0.89556676,0.23106765,0.69926118,0.84491924,-0.25973246,-0.70535776,-0.76991231,0.28090907,0.69111854,0.67270845,-0.29398694,-0.65695405,-0.55611009,-0.00837961,0.02295123,-0.99970149,-0.01900057,0.00750198,-0.20546878,-0.03178301,0.12317621,0.18507686
10411120000000,synthetic_50hz_05,556,0.02,88.76801354,88.97106527,12.27416891,12.24561891,12.22667517,5.75353423,105.67201194,1,1,0,0,1,0.39816759,-0.17100709,-0.20164812,-0.04068513,-0.04917777,0.01610336,0.03560629,0.03091270,-0.04113038,-0.02950090,-0.01175640,0.06497159,0.02254499,-0.00773884,-0.08693964,-0.01493909,0.02701097,0.10640118,0.00690250,-0.04550435,-0.12279512,-0.04309211,0.06310188,-0.22983230,0.03691253,0.15825989,-0.27449721,-0.02968026,0.10141661,-0.18222632,0.02159388,0.11843130,-0.31932105,-0.01287655,0.14162117,-0.14148560,0.00376980,0.07899722,-0.35479800,0.16266898,0.63571169,0.91463830,-0.20249143,-0.67751716,-0.88476354,0.23647596,0.69978950,0.82938063,-0.26364277,-0.70188658,-0.75008629,0.28320864,0.68374794,0.64916662,-0.29460947,-0.64589653,-0.52953117,-0.00839839,0.02317122,-0.99969625,-0.01878058,0.00797984,-0.20164812,-0.03159026,0.12722730,0.18626810
10411140000000,synthetic_50hz_05,557,0.02,88.72946792,88.92274580,12.25422153,12.22667517,12.21184293,5.76218157,105.61032819,1,1,0,0,1,0.39755521,-0.16806305,-0.19780565,-0.03972723,-0.04570522,0.02088527,0.03445099,0.02726482,-0.04569306,-0.02818151,-0.00803837,0.06918350,0.02109955,-0.01141983,-0.09067934,-0.01340927,0.03054880,0.10956086,0.00533240,-0.04879702,-0.12528369,-0.04218147,0.06656159,-0.22501702,0.03580614,0.15463150,-0.27908775,-0.02841046,0.10510892,-0.17799263,0.02019770,0.11478176,-0.32307603,-0.01139469,0.14512245,-0.13831745,0.00224540,0.07574546,-0.35728806,0.17009187,0.64302220,0.90799492,-0.20876012,-0.68106064,-0.87328841,0.24140973,0.69946379,0.81340458,-0.26709938,-0.69770108,-0.73006991,0.28508842,0.67582331,0.62568699,-0.29485824,-0.63446125,-0.50326523,-0.00842127,0.02338260,-0.99969114,-0.01855451,0.00845614,-0.19780565,-0.03139596,0.13122229,0.18743919
10411160000000,synthetic_50hz_05,558,0.02,88.78434146,88.89506493,12.23642252,12.21184293,12.19865275,5.77081419,105.54827701,1,1,0,0,1,0.39694688,-0.16504489,-0.19394178,-0.03875626,-0.04229097,0.02549675,0.03329440,0.02370051,-0.05006542,-0.02687265,-0.00442675,0.07319068,0.01967614,-0.01497464,-0.09420582,-0.01191237,0.03394431,0.11250496,0.00380515,-0.05193534,-0.12756053,-0.04125765,0.06996328,-0.22037195,0.03469841,0.15108638,-0.28348822,-0.02715117,0.10869508,-0.17396338,0.01882360,0.11125816,-0.32661808,-0.00994582,0.14848162,-0.13536458,0.00076397,0.07264789,-0.35956669,0.17707442,0.64936346,0.90055148,-0.21458361,-0.68371828,-0.86121422,0.24590625,0.69836117,0.79704775,-0.27013930,-0.69287000,-0.70990202,0.28658411,0.66740305,0.60228948,-0.29476657,-0.62269456,-0.47731266,-0.00844823,0.02358533,-0.99968615,-0.01832243,0.00893078,-0.19394178,-0.03120013,0.13515941,0.18859000
10411180000000,synthetic_50hz_05,559,0.02,88.28309939,88.77267182,12.22055922,12.19865275,12.21017402,5.77943272,105.48587010,1,1,0,0,1,0.39634261,-0.16195395,-0.19005694,-0.03777354,-0.03893118,0.02995052,0.03213693,0.02021387,-0.05426187,-0.02557380,-0.00091378,0.07700883,0.01827336,-0.01841265,-0.09753559,-0.01044609,0.03720823,0.11525035,0.00231766,-0.05493109,-0.12964239,-0.04032200,0.07331081,-0.21588436,0.03358974,0.14761866,-0.28771303,-0.02590188,0.11218285,-0.17012290,0.01747015,0.10785113,-0.32996371,-0.00852766,0.15170942,-0.13261012,-0.00067759,0.06969270,-0.36165065,0.18365072,0.65481524,0.89238044,-0.21999699,-0.68556460,-0.84859863,0.25000065,0.69654881,0.78035134,-0.27279667,-0.68745120,-0.68960615,0.28772784,0.65853405,0.57897929,-0.29436367,-0.61063105,-0.45166019,-0.00847927,0.02377935,-0.99968129,-0.01808441,0.00940366,-0.19005694,-0.03100276,0.13903693,0.18972042
10411200000000,synthetic_50hz_05,560,0.02,88.53866202,88.72586986,12.21619743,12.21017402,12.21536783,5.78803916,105.42311941,1,1,0,0,1,0.39574245,-0.15879159,-0.18615154,-0.03677966,-0.03562063,0.03426001,0.03097828,0.01679789,-0.05829715,-0.02428379,0.00250914,0.08065356,0.01688917,-0.02174384,-0.10068469,-0.00900764,0.04035165,0.11781304,0.00086641,-0.05779610,-0.13154478,-0.03937509,0.07660940,-0.21154083,0.03247984,0.14422131,-0.29177692,-0.02466142,0.11558084,-0.16645556,0.01613533,0.10455067,-0.33312897,-0.00713740,0.15481691,-0.13003806,-0.00208279,0.06686808,-0.36355545,0.18985401,0.65944981,0.88354026,-0.22503377,-0.68666538,-0.83548482,0.25372569,0.69408406,0.76334196,-0.27510259,-0.68149197,-0.66919160,0.28854815,0.64925215,0.55574813,-0.29367473,-0.59829409,-0.42628218,-0.00851437,0.02396463,-0.99967657,-0.01784053,0.00987471,-0.18615154,-0.03080388,0.14285314,0.19083032
10411220000000,synthetic_50hz_05,561,0.02,88.45519878,88.67173565,12.21584900,12.21536783,12.23145352,5.79663564,105.36003716,1,1,0,0,1,0.39514641,-0.15555921,-0.18222601,-0.03577451,-0.03235290,0.03843916,0.02981750,0.01344455,-0.06218613,-0.02300084,0.00585140,0.08414025,0.01552105,-0.02497866,-0.10366857,-0.00759378,0.04338578,0.12020807,-0.00055242,-0.06054206,-0.13328192,-0.03841680,0.07986548,-0.20732741,0.03136775,0.14088632,-0.29569477,-0.02342801,0.11889844,-0.16294598,0.01481660,0.10134634,-0.33612929,-0.00577181,0.15781534,-0.12763335,-0.00345545,0.06416233,-0.36529530,0.19571636,0.66333181,0.87407587,-0.22972553,-0.68707759,-0.82190209,0.25711161,0.69101461,0.74603249,-0.27708505,-0.67502935,-0.64865443,0.28906999,0.63958268,0.53257535,-0.29272091,-0.58569655,-0.40114188,-0.00855352,0.02414112,-0.99967199,-0.01759088,0.01034382,-0.18222601,-0.03060349,0.14660635,0.19191958
10411240000000,synthetic_50hz_05,562,0.02,88.18538654,88.57446583,12.22240290,12.23145352,12.26678793,5.80522478,105.29663577,1,1,0,0,1,0.39455453,-0.15225822,-0.17828077,-0.03475730,-0.02912051,0.04250225,0.02865300,0.01014503,-0.06594366,-0.02172262,0.00912294,0.08748389,0.01416597,-0.02812789,-0.10650191,-0.00620090,0.04632191,0.12244943,-0.00194294,-0.06318043,-0.13486668,-0.03744636,0.08308651,-0.20322982,0.03025188,0.13760486,-0.29948141,-0.02219932,0.12214558,-0.15957919,0.01351094,0.09822736,-0.33897937,-0.00442726,0.16071597,-0.12538201,-0.00479970,0.06156398,-0.36688309,0.20126843,0.66651803,0.86401917,-0.23410184,-0.68684944,-0.80786665,0.26018598,0.68737867,0.72842295,-0.27876883,-0.66809045,-0.62797848,0.28931466,0.62954087,0.50942909,-0.29151940,-0.57284134,-0.37619263,-0.00859671,0.02430879,-0.99966756,-0.01733552,0.01081090,-0.17828077,-0.03040159,0.15029490,0.19298808
10411260000000,synthetic_50hz_05,563,0.02,88.08823235,88.47721913,12.24104461,12.26678793,12.31471267,5.81381024,105.23292794,1,1,0,0,1,0.39396683,-0.14889010,-0.17431624,-0.03372665,-0.02591507,0.04646372,0.02748265,0.00688978,-0.06958439,-0.02044632,0.01233415,0.09069891,0.01282050,-0.03120248,-0.10919855,-0.00482507,0.04917123,0.12454993,-0.00330947,-0.06572234,-0.13631049,-0.03646237,0.08628089,-0.19923365,0.02913010,0.13436738,-0.30315151,-0.02097251,0.12533266,-0.15634074,0.01221492,0.09518277,-0.34169303,-0.00309983,0.16353001,-0.12327123,-0.00611985,0.05906192,-0.36833022,0.20653923,0.66905733,0.85338945,-0.23818995,-0.68602039,-0.79338213,0.26297354,0.68320516,0.71050124,-0.28017548,-0.66069280,-0.60713627,0.28929983,0.61913236,0.48626727,-0.29008353,-0.55972205,-0.35137897,-0.00864392,0.02446760,-0.99966328,-0.01707455,0.01127587,-0.17431624,-0.03019821,0.15391718,0.19403571
10411280000000,synthetic_50hz_05,564,0.02,87.99770546,88.38131640,12.27198520,12.31471267,12.37634443,5.82239659,105.16892656,1,1,0,0,1,0.39338335,-0.14545631,-0.17033286,-0.03268060,-0.02272738,0.05033798,0.02630381,0.00366871,-0.07312263,-0.01916866,0.01549573,0.09379912,0.01148088,-0.03421343,-0.11177133,-0.00346210,0.05194473,0.12652113,-0.00465650,-0.06817844,-0.13762326,-0.03546288,0.08945782,-0.19532445,0.02799976,0.13116380,-0.30671935,-0.01974434,0.12847038,-0.15321684,0.01092476,0.09220159,-0.34428312,-0.00178532,0.16626846,-0.12128946,-0.00742038,0.05664548,-0.36964663,0.21155588,0.67099053,0.84219385,-0.24201470,-0.68462115,-0.77844030,0.26549613,0.67851382,0.69224396,-0.28132318,-0.65284462,-0.58608990,0.28903955,0.60835360,0.46303860,-0.28842278,-0.54632347,-0.32663767,-0.00869513,0.02461754,-0.99965915,-0.01680804,0.01173862,-0.17033286,-0.02999335,0.15747159,0.19506235
10411300000000,synthetic_50hz_05,565,0.02,88.12781727,88.33061657,12.31581607,12.37634443,12.44432112,5.83098919,105.10464477,1,1,0,0,1,0.39280412,-0.14195838,-0.16633106,-0.03161665,-0.01954760,0.05413930,0.02511334,0.00047131,-0.07657219,-0.01788601,0.01861857,0.09679747,0.01014301,-0.03717167,-0.11423203,-0.00210759,0.05465309,0.12837323,-0.00598860,-0.07055884,-0.13881337,-0.03444538,0.09262713,-0.19148799,0.02685774,0.12798360,-0.31019877,-0.01851115,0.13156962,-0.15019452,0.00963639,0.08927286,-0.34676142,-0.00047934,0.16894197,-0.11942647,-0.00870588,0.05430456,-0.37084068,0.21634339,0.67235022,0.83042776,-0.24559832,-0.68267372,-0.76302154,0.26777253,0.67331541,0.67361705,-0.28222673,-0.64454511,-0.56479186,0.28854421,0.59719227,0.43968346,-0.28654282,-0.53262210,-0.30189878,-0.00875034,0.02475856,-0.99965519,-0.01653609,0.01219908,-0.16633106,-0.02978702,0.16095655,0.19606789
10411320000000,synthetic_50hz_05,566,0.02,87.57985930,88.18046512,12.36978819,12.44432112,12.54643646,5.83959371,105.04009592,1,1,0,0,1,0.39222916,-0.13839786,-0.16231127,-0.03053182,-0.01636535,0.05788160,0.02390773,-0.00271323,-0.07994625,-0.01659436,0.02171359,0.09970602,0.00880257,-0.04008794,-0.11659121,-0.00075700,0.05730654,0.13011503,-0.00731040,-0.07287296,-0.13988756,-0.03340689,0.09579922,-0.18771033,0.02570049,0.12481596,-0.31360293,-0.01726893,0.13464133,-0.14726173,0.00834545,0.08638584,-0.34913849,0.00082266,0.17156080,-0.11767350,-0.00998098,0.05202972,-0.37191912,0.22092443,0.67316066,0.81807520,-0.24896020,-0.68019135,-0.74709540,0.26981832,0.66761181,0.65457648,-0.28289746,-0.63578471,-0.54318582,0.28782053,0.58562764,0.41613486,-0.28444560,-0.51858664,-0.27708654,-0.00880951,0.02489064,-0.99965139,-0.01625878,0.01265714,-0.16231127,-0.02957923,0.16437054,0.19705223
10411340000000,synthetic_50hz_05,567,0.02,87.64898316,88.07416873,12.44398046,12.54643646,12.65484691,5.84821736,104.97529357,1,1,0,0,1,0.39165850,-0.13477629,-0.15827392,-0.02942267,-0.01316983,0.06157831,0.02268303,-0.00589591,-0.08325719,-0.01528943,0.02479167,0.10253572,0.00745502,-0.04297268,-0.11885810,0.00059432,0.05991476,0.13175374,-0.00862652,-0.07512948,-0.14085086,-0.03234397,0.09898489,-0.18397804,0.02452410,0.12164990,-0.31694421,-0.01601341,0.13769636,-0.14440753,0.00704743,0.08353012,-0.35142355,0.00212532,0.17413462,-0.11602331,-0.01125030,0.04981231,-0.37288697,0.22531911,0.67343758,0.80510908,-0.25211676,-0.67717851,-0.73062106,0.27164577,0.66139607,0.63506889,-0.28334310,-0.62654527,-0.52120739,0.28687152,0.57363088,0.39231924,-0.28212930,-0.50417844,-0.25212034,-0.00887265,0.02501378,-0.99964776,-0.01597621,0.01311272,-0.15827392,-0.02936999,0.16771204,0.19801525
10411360000000,synthetic_50hz_05,568,0.02,87.25381906,87.91009879,12.53254437,12.65484691,12.78713429,5.85686786,104.91025151,1,1,0,0,1,0.39109217,-0.13109530,-0.15421946,-0.02828533,-0.00994994,0.06524222,0.02143499,-0.00908777,-0.08651642,-0.01396667,0.02786347,0.10529631,0.00609568,-0.04583585,-0.12104046,0.00195104,0.06248676,0.13329496,-0.00994152,-0.07733615,-0.14170650,-0.03125275,0.10219523,-0.18027834,0.02332429,0.11847438,-0.32023403,-0.01474004,0.14074538,-0.14162216,0.00573764,0.08069572,-0.35362437,0.00343333,0.17667244,-0.11447031,-0.01251839,0.04764454,-0.37374747,0.22954472,0.67318794,0.79149150,-0.25508124,-0.67363075,-0.71354776,0.27326366,0.65465248,0.61503210,-0.28356775,-0.61680026,-0.49878479,0.28569645,0.56116541,0.36815727,-0.27958839,-0.48935190,-0.22691561,-0.00893972,0.02512794,-0.99964430,-0.01568845,0.01356573,-0.15421946,-0.02915931,0.17097958,0.19895685
10411380000000,synthetic_50hz_05,569,0.02,87.41555922,87.81119088,12.63947214,12.78713429,12.91707160,5.86555384,104.84498370,1,1,0,0,1,0.39053019,-0.12735649,-0.15014831,-0.02711554,-0.00669441,0.06888527,0.02015904,-0.01229974,-0.08973426,-0.01262136,0.03093929,0.10799617,0.00471979,-0.04868684,-0.12314450,0.00331785,0.06503073,0.13474251,-0.01125984,-0.07949976,-0.14245584,-0.03012896,0.10544149,-0.17659929,0.02209650,0.11527844,-0.32348270,-0.01344407,0.14379870,-0.13889727,0.00441130,0.07787324,-0.35574715,0.00475137,0.17918246,-0.11301068,-0.01378970,0.04551966,-0.37450198,0.23361547,0.67240971,0.77717397,-0.25786345,-0.66953464,-0.69581520,0.27467710,0.64735657,0.59439575,-0.28357168,-0.60651491,-0.47583959,0.28429075,0.54818714,0.34356476,-0.27681360,-0.47405488,-0.20138479,-0.00901070,0.02523312,-0.99964101,-0.01539562,0.01401609,-0.15014831,-0.02894720,0.17417172,0.19987694
10411400000000,synthetic_50hz_05,570,0.02,87.51962201,87.75287710,12.75606391,12.91707160,13.04550513,5.87428360,104.77950433,1,1,0,0,1,0.38997260,-0.12356153,-0.14606093,-0.02590868,-0.00339196,0.07251837,0.01885037,-0.01554256,-0.09291969,-0.01124859,0.03402898,0.11064209,0.00332251,-0.05153433,-0.12517463,0.00469935,0.06755392,0.13609832,-0.01258574,-0.08162590,-0.14309824,-0.02896799,0.10873499,-0.17292997,0.02083591,0.11205137,-0.32669920,-0.01212063,0.14686616,-0.13622604,0.00306359,0.07505402,-0.35779631,0.00608405,0.18167192,-0.11164250,-0.01506850,0.04343203,-0.37514985,0.23754221,0.67109152,0.76209763,-0.26046951,-0.66486752,-0.67735392,0.27588735,0.63947509,0.57308178,-0.28335123,-0.59564628,-0.45228743,0.28264596,0.53464472,0.31845342,-0.27379187,-0.45822910,-0.17543825,-0.00908559,0.02532931,-0.99963790,-0.01509779,0.01446369,-0.14606093,-0.02873367,0.17728706,0.20077541
10411420000000,synthetic_50hz_05,571,0.02,87.56072497,87.71444668,12.87762922,13.04550513,13.17200221,5.88306459,104.71382776,1,1,0,0,1,0.38941942,-0.11971207,-0.14195774,-0.02465982,-0.00003140,0.07615124,0.01750393,-0.01882655,-0.09608022,-0.00984339,0.03714173,0.11323917,0.00189906,-0.05438609,-0.12713338,0.00610002,0.07006248,0.13736228,-0.01392323,-0.08371893,-0.14363096,-0.02776490,0.11208690,-0.16926068,0.01953748,0.10878283,-0.32989104,-0.01076472,0.14995696,-0.13360340,0.00168972,0.07223026,-0.35977438,0.00743584,0.18414697,-0.11036587,-0.01635879,0.04137734,-0.37568834,0.24133213,0.66921236,0.74619341,-0.26290166,-0.65959740,-0.65808570,0.27689161,0.63096595,0.55100506,-0.28289864,-0.58414345,-0.42803870,0.28074958,0.52047982,0.29273178,-0.27050637,-0.44181052,-0.14898526,-0.00916435,0.02541650,-0.99963497,-0.01479508,0.01490846,-0.14195774,-0.02851874,0.18032421,0.20165216
10411440000000,synthetic_50hz_05,572,0.02,87.60271723,87.69210079,13.00126588,13.17200221,13.29291340,5.89190316,104.64796853,1,1,0,0,1,0.38887068,-0.11580982,-0.13783921,-0.02336374,0.00339821,0.07979212,0.01611453,-0.02216153,-0.09922165,-0.00840072,0.04028593,0.11579057,0.00044471,-0.05724886,-0.12902119,0.00752411,0.07256129,0.13853207,-0.01527601,-0.08578173,-0.14404901,-0.02651448,0.11550816,-0.16558316,0.01819601,0.10546302,-0.33306401,-0.00937130,0.15307948,-0.13102617,0.00028496,0.06939525,-0.36168178,0.00881100,0.18661250,-0.10918311,-0.01766428,0.03935267,-0.37611248,0.24498839,0.66674114,0.72938222,-0.26515788,-0.65368264,-0.63792390,0.27768275,0.62177817,0.52807393,-0.28220189,-0.57194755,-0.40299935,0.27858502,0.50562741,0.26630611,-0.26693641,-0.42472979,-0.12193514,-0.00924698,0.02549469,-0.99963222,-0.01448757,0.01535031,-0.13783921,-0.02830241,0.18328185,0.20250711
10411460000000,synthetic_50hz_05,573,0.02,87.46716961,87.64711455,13.12375784,13.29291340,13.41176436,5.90080439,104.58194138,1,1,0,0,1,0.38832640,-0.11185650,-0.13370576,-0.02201501,0.00690737,0.08344760,0.01467686,-0.02555657,-0.10234781,-0.00691557,0.04346897,0.11829728,-0.00104510,-0.06012814,-0.13083619,0.00897563,0.07505379,0.13960303,-0.01664740,-0.08781560,-0.14434505,-0.02521127,0.11900928,-0.16189085,0.01680620,0.10208284,-0.33622196,-0.00793537,0.15624113,-0.12849337,-0.00115526,0.06654347,-0.36351666,0.01021354,0.18907195,-0.10809888,-0.01898828,0.03735674,-0.37641491,0.24850979,0.66363633,0.71157515,-0.26723164,-0.64707176,-0.61677395,0.27824907,0.61185182,0.50419088,-0.28124445,-0.55899190,-0.37707175,0.27613143,0.49001598,0.23908146,-0.26305740,-0.40691268,-0.09419834,-0.00933343,0.02556387,-0.99962965,-0.01417537,0.01578915,-0.13370576,-0.02808469,0.18615866,0.20334015
10411480000000,synthetic_50hz_05,574,0.02,87.14506544,87.54670473,13.24472058,13.41176436,13.53189719,5.90977222,104.51576122,1,1,0,0,1,0.38778662,-0.10785386,-0.12955785,-0.02060797,0.01050597,0.08712230,0.01318557,-0.02901985,-0.10546036,-0.00538303,0.04669707,0.12075795,-0.00257471,-0.06302799,-0.13257403,0.01045822,0.07754179,0.14056794,-0.01804021,-0.08982002,-0.14450922,-0.02384964,0.12260014,-0.15817911,0.01536268,0.09863415,-0.33936652,-0.00645200,0.15944810,-0.12600635,-0.00263527,0.06367086,-0.36527466,0.01164710,0.19152713,-0.10712041,-0.02033362,0.03539006,-0.37658577,0.25189036,0.65984549,0.69267375,-0.26911151,-0.63970318,-0.59453386,0.27857405,0.60111793,0.47925328,-0.28000516,-0.54520217,-0.35015561,0.27336360,0.47356798,0.21096279,-0.25884084,-0.38828060,-0.06568781,-0.00942370,0.02562405,-0.99962726,-0.01385857,0.01622490,-0.12955785,-0.02786559,0.18895337,0.20415119
10411500000000,synthetic_50hz_05,575,0.02,87.33505980,87.50437574,13.36533475,13.53189719,13.62999403,5.91880988,104.44944311,1,1,0,0,1,0.38725135,-0.10380365,-0.12539593,-0.01913686,0.01420308,0.09081861,0.01163533,-0.03255838,-0.10855848,-0.00379834,0.04997500,0.12316856,-0.00414815,-0.06595082,-0.13422763,0.01197505,0.08002524,0.14141686,-0.01945670,-0.09179250,-0.14452897,-0.02242381,0.12628982,-0.15444554,0.01386012,0.09510990,-0.34249690,-0.00491644,0.16270519,-0.12356913,-0.00415912,0.06077502,-0.36694870,0.01311486,0.19397800,-0.10625764,-0.02170255,0.03345512,-0.37661252,0.25511894,0.65530484,0.67257034,-0.27078084,-0.63150499,-0.57109477,0.27863601,0.58949855,0.45315427,-0.27845797,-0.53049659,-0.32214912,0.27025185,0.45620017,0.18185626,-0.25425425,-0.36875128,-0.03632040,-0.00951776,0.02567524,-0.99962506,-0.01353729,0.01665746,-0.12539593,-0.02764513,0.19166476,0.20494016
10411520000000,synthetic_50hz_05,576,0.02,87.41404041,87.48630868,13.47649165,13.62999403,13.71183392,5.92791880,104.38300228,1,1,0,0,1,0.38672063,-0.09970767,-0.12122045,-0.01759585,0.01800673,0.09453639,0.01002089,-0.03617782,-0.11163859,-0.00215702,0.05330589,0.12552220,-0.00576904,-0.06889713,-0.13578695,0.01352877,0.08250203,0.14213689,-0.02089846,-0.09372835,-0.14438897,-0.02092796,0.13008633,-0.15069031,0.01229328,0.09150444,-0.34560950,-0.00332421,0.16601552,-0.12118861,-0.00573040,0.05785544,-0.36852873,0.01461946,0.19642242,-0.10552345,-0.02309666,0.03155660,-0.37647981,0.25817871,0.64993889,0.65114850,-0.27221736,-0.62239478,-0.54634177,0.27840787,0.57690674,0.42578375,-0.27657174,-0.51478622,-0.29295019,0.26676192,0.43782416,0.15167073,-0.24926123,-0.34823943,-0.00601854,-0.00961559,0.02571744,-0.99962304,-0.01321162,0.01708676,-0.12122045,-0.02742332,0.19429163,0.20570696
10411540000000,synthetic_50hz_05,577,0.02,87.29289052,87.44762505,13.57533540,13.71183392,13.78621497,5.93709860,104.31645412,1,1,0,0,1,0.38619448,-0.09556772,-0.11703185,-0.01597912,0.02192360,0.09827260,0.00833721,-0.03988217,-0.11469403,-0.00045494,0.05669093,0.12780878,-0.00744045,-0.07186526,-0.13723874,0.01512133,0.08496768,0.14271204,-0.02236625,-0.09562044,-0.14407089,-0.01935626,0.13399637,-0.14691645,0.01065712,0.08781378,-0.34869765,-0.00167118,0.16938028,-0.11887491,-0.00735222,0.05491377,-0.37000152,0.01616287,0.19885596,-0.10493386,-0.02451672,0.02970165,-0.37616934,0.26104677,0.64365999,0.62828367,-0.27339282,-0.61227955,-0.52015481,0.27785683,0.56324680,0.39702965,-0.27431010,-0.49797539,-0.26245793,0.26285488,0.41834711,0.12031944,-0.24382143,-0.32665769,0.02528793,-0.00971715,0.02575067,-0.99962120,-0.01288167,0.01751272,-0.11703185,-0.02720016,0.19683283,0.20645151
10411560000000,synthetic_50hz_05,578,0.02,87.35953666,87.43000737,13.66390482,13.78621497,13.84614364,5.94634770,104.24981416,1,1,0,0,1,0.38567293,-0.09138562,-0.11283060,-0.01428098,0.02595877,0.10202096,0.00657956,-0.04367349,-0.11771471,0.00131155,0.06012908,0.13001470,-0.00916485,-0.07485112,-0.13856629,0.01675392,0.08741516,0.14312296,-0.02385997,-0.09745899,-0.14355333,-0.01770302,0.13802503,-0.14313025,0.00894689,0.08403586,-0.35175128,0.00004631,0.17279842,-0.11664160,-0.00902702,0.05195412,-0.37135035,0.01774626,0.20127155,-0.10450820,-0.02596262,0.02790003,-0.37565969,0.26369363,0.63636814,0.60384398,-0.27427259,-0.60105568,-0.49240988,0.27694415,0.54841450,0.36677938,-0.27163128,-0.47996227,-0.23057446,0.25848715,0.39767251,0.08772197,-0.23789071,-0.30391766,0.05765959,-0.00982243,0.02577495,-0.99961955,-0.01254754,0.01793524,-0.11283060,-0.02697567,0.19928722,0.20717373
10411580000000,synthetic_50hz_05,579,0.02,87.79998000,87.50400190,13.74044513,13.84614364,13.87953209,5.95566325,104.18309808,1,1,0,0,1,0.38515599,-0.08716323,-0.10861715,-0.01249595,0.03011540,0.10577152,0.00474362,-0.04755154,-0.12068677,0.00314547,0.06361674,0.13212257,-0.01094388,-0.07784784,-0.13974921,0.01842677,0.08983456,0.14334682,-0.02537840,-0.09923130,-0.14281167,-0.01596275,0.14217544,-0.13934164,0.00715828,0.08017092,-0.35475652,0.00183128,0.17626636,-0.11450609,-0.01075646,0.04898334,-0.37255482,0.01936987,0.20365929,-0.10426931,-0.02743316,0.02616445,-0.37492624,0.26608274,0.62795077,0.57769140,-0.27481532,-0.58860911,-0.46298050,0.27562485,0.53229759,0.33492166,-0.26848799,-0.46063967,-0.19720687,0.25361049,0.37570130,0.05380651,-0.23142128,-0.27993128,0.09114511,-0.00993140,0.02579029,-0.99961807,-0.01220935,0.01835424,-0.10861715,-0.02674986,0.20165373,0.20787354
10411600000000,synthetic_50hz_05,580,0.02,87.97893967,87.59898945,13.79886165,13.87953209,13.90128142,5.96504066,104.11632168,1,1,0,0,1,0.38464371,-0.08290239,-0.10439194,-0.01061890,0.03439429,0.10951030,0.00282563,-0.05151343,-0.12359222,0.00504910,0.06714742,0.13411091,-0.01277826,-0.08084551,-0.14076313,0.02013902,0.09221279,0.14335708,-0.02691917,-0.10092153,-0.14181797,-0.01413034,0.14644842,-0.13556461,0.00528753,0.07622182,-0.35769537,0.00368601,0.17977760,-0.11248985,-0.01254126,0.04601135,-0.37359057,0.02103286,0.20600611,-0.10424372,-0.02892595,0.02451073,-0.37394107,0.26817003,0.61828274,0.54968316,-0.27497261,-0.57481572,-0.43173952,0.27384759,0.51477650,0.30134862,-0.26482742,-0.43989604,-0.16226971,0.24817215,0.35233317,0.01851248,-0.22436197,-0.25461236,0.12577847,-0.01004403,0.02579671,-0.99961678,-0.01186720,0.01876965,-0.10439194,-0.02652273,0.20393131,0.20855087
10411620000000,synthetic_50hz_05,581,0.02,88.10241677,87.69967491,13.84187796,13.90128142,13.91578699,5.97447421,104.04950090,1,1,0,0,1,0.38413610,-0.07860500,-0.10015545,-0.00864523,0.03879357,0.11321883,0.00082259,-0.05555327,-0.12640855,0.00702376,0.07071135,0.13595385,-0.01466761,-0.08383078,-0.14157953,0.02188859,0.09453334,0.14312342,-0.02847851,-0.10251045,-0.14054098,-0.01220116,0.15084209,-0.13181764,0.00333164,0.07219449,-0.36054533,0.00561182,0.18332238,-0.11061876,-0.01438104,0.04305150,-0.37442908,0.02273312,0.20829549,-0.10446176,-0.03043724,0.02295812,-0.37267289,0.26990348,0.60722660,0.51967359,-0.27468870,-0.55954191,-0.39856134,0.27155451,0.49572536,0.26595839,-0.26059128,-0.41761682,-0.12568773,0.24211508,0.32746820,-0.01820657,-0.21665859,-0.22787851,0.16157596,-0.01016030,0.02579425,-0.99961567,-0.01152121,0.01918138,-0.10015545,-0.02629431,0.20611896,0.20920565
10411640000000,synthetic_50hz_05,582,0.02,88.16585537,87.79291100,13.87291975,13.91578699,13.92693929,5.98395771,103.98265181,1,1,0,0,1,0.38363318,-0.07427295,-0.09590812,-0.00657101,0.04330817,0.11687372,-0.00126759,-0.05966167,-0.12910840,0.00906964,0.07429510,0.13762081,-0.01661022,-0.08678657,-0.14216556,0.02367191,0.09677594,0.14261161,-0.03005113,-0.10397521,-0.13894609,-0.01017131,0.15535138,-0.12812411,0.00128851,0.06809830,-0.36327904,0.00760891,0.18688726,-0.10892339,-0.01627408,0.04012087,-0.37503749,0.02446710,0.21050715,-0.10495766,-0.03196173,0.02152945,-0.37108713,0.27122273,0.59463310,0.48751644,-0.27390033,-0.54264555,-0.36332466,0.26868125,0.47501328,0.22865806,-0.25571597,-0.39368615,-0.08739914,0.23537828,0.30100887,-0.05637954,-0.20825452,-0.19965337,0.19853277,-0.01028018,0.02578292,-0.99961474,-0.01117149,0.01958934,-0.09590812,-0.02606460,0.20821572,0.20983779
10411660000000,synthetic_50hz_05,583,0.02,88.72790958,87.97991072,13.89560796,13.92693929,13.91674888,5.99348503,103.91579058,1,1,0,0,1,0.38313499,-0.06990814,-0.09165042,-0.00439323,0.04792938,0.12044622,-0.00344587,-0.06382533,-0.13165917,0.01118561,0.07788117,0.13907633,-0.01860288,-0.08969166,-0.14248385,0.02548381,0.09891629,0.14178350,-0.03163003,-0.10528912,-0.13699546,-0.00803775,0.15996760,-0.12451280,-0.00084282,0.06394655,-0.36586389,0.00967614,0.19045475,-0.10743922,-0.01821719,0.03724067,-0.37537843,0.02622963,0.21261681,-0.10576957,-0.03349243,0.02025143,-0.36914592,0.27205880,0.58034205,0.45306774,-0.27253661,-0.52397734,-0.32591565,0.26515707,0.45250613,0.18936725,-0.25013292,-0.36798895,-0.04735931,0.22789732,0.27286248,-0.09601402,-0.19909134,-0.16986925,0.23661922,-0.01040363,0.02576277,-0.99961398,-0.01081815,0.01999347,-0.09165042,-0.02583361,0.21022065,0.21044724
10411680000000,synthetic_50hz_05,584,0.02,88.81599875,88.14712833,13.90448714,13.91674888,13.90785823,6.00304939,103.84893348,1,1,0,0,1,0.38264154,-0.06551250,-0.08738281,-0.00210998,0.05264434,0.12390178,-0.00571182,-0.06802658,-0.13402275,0.01336895,0.08144758,0.14027979,-0.02064065,-0.09252041,-0.14249249,0.02731727,0.10092583,0.14059707,-0.03320631,-0.10642151,-0.13464817,-0.00579859,0.16467788,-0.12101821,-0.00306192,0.05975691,-0.36826178,0.01181080,0.19400286,-0.10620686,-0.02020543,0.03443654,-0.37541000,0.02801369,0.21459590,-0.10693951,-0.03502044,0.01915471,-0.36680835,0.27233392,0.56418362,0.41618929,-0.27051910,-0.50338256,-0.28623183,0.26090509,0.42806874,0.14802218,-0.24376907,-0.34041350,-0.00554498,0.21960507,0.24294398,-0.13709209,-0.18910975,-0.13847027,0.27577672,-0.01053063,0.02573381,-0.99961340,-0.01046130,0.02039368,-0.08738281,-0.02560135,0.21213289,0.21103393
10411700000000,synthetic_50hz_05,585,0.02,88.77617599,88.27293786,13.90590300,13.90785823,13.90527384,6.01264431,103.78209691,1,1,0,0,1,0.38215287,-0.06108798,-0.08310574,0.00027921,0.05743549,0.12719972,-0.00806339,-0.07224287,-0.13615524,0.01561511,0.08496747,0.14118534,-0.02271663,-0.09524241,-0.14214501,0.02916322,0.10277146,0.13900657,-0.03476902,-0.10733757,-0.13186050,-0.00345334,0.16946463,-0.11768107,-0.00536675,0.05555193,-0.37042879,0.01400833,0.19750473,-0.10527215,-0.02223189,0.03173890,-0.37508572,0.02981022,0.21641132,-0.10851323,-0.03653481,0.01827411,-0.36403071,0.27196145,0.54598020,0.37675277,-0.26776199,-0.48070339,-0.24418653,0.25584283,0.40156768,0.10458029,-0.23654761,-0.31085458,0.03804106,0.21043260,0.21117940,-0.17956566,-0.17825073,-0.10541582,0.31591330,-0.01066115,0.02569611,-0.99961299,-0.01010106,0.02078990,-0.08310574,-0.02536784,0.21395157,0.21159779
10411720000000,synthetic_50hz_05,586,0.02,88.65892374,88.35013504,13.90563875,13.90527384,13.91110393,6.02226426,103.71529735,1,1,0,0,1,0.38166899,-0.05663651,-0.07881969,0.00277315,0.06227997,0.13029281,-0.01049660,-0.07644632,-0.13800674,0.01791743,0.08840868,0.14174187,-0.02482170,-0.09782219,-0.14139051,0.03101034,0.10441543,0.13696280,-0.03630494,-0.10799833,-0.12858639,-0.00100320,0.17430504,-0.11454858,-0.00775331,0.05135950,-0.37231504,0.01626210,0.20092822,-0.10468622,-0.02428746,0.02918321,-0.37435469,0.03160789,0.21802532,-0.11053992,-0.03802232,0.01764860,-0.36076692,0.27084611,0.52554880,0.33464471,-0.26417261,-0.45578190,-0.19971406,0.24988289,0.37287460,0.05902555,-0.22838894,-0.27921715,0.08336468,0.20031042,0.17750974,-0.22335148,-0.16645686,-0.07068463,0.35689895,-0.01079517,0.02564968,-0.99961274,-0.00973755,0.02118204,-0.07881969,-0.02513309,0.21567591,0.21213877
10411740000000,synthetic_50hz_05,587,0.02,88.36443161,88.35299435,13.90793413,13.91110393,13.93083631,6.03190502,103.64855135,1,1,0,0,1,0.38118992,-0.05216007,-0.07452511,0.00536861,0.06714911,0.13312709,-0.01300524,-0.08060320,-0.13952130,0.02026691,0.09173346,0.14189304,-0.02694428,-0.10021900,-0.14017393,0.03284483,0.10581518,0.13441355,-0.03779846,-0.10836066,-0.12477796,0.00154861,0.17917041,-0.11167472,-0.01021540,0.04721333,-0.37386456,0.01856308,0.20423556,-0.10450541,-0.02636056,0.02681021,-0.37316185,0.03339291,0.21939536,-0.11307182,-0.03946735,0.01732128,-0.35696912,0.26888435,0.50270420,0.28977218,-0.25965211,-0.42846364,-0.15277555,0.24293398,0.34187029,0.01137434,-0.21921195,-0.24542065,0.13035480,0.18916993,0.14189542,-0.26832575,-0.15367406,-0.03427928,0.39856074,-0.01093263,0.02559459,-0.99961266,-0.00937089,0.02157002,-0.07452511,-0.02489711,0.21730514,0.21265680
10411760000000,synthetic_50hz_05,588,0.02,87.92277943,88.26695137,13.91755304,13.93083631,13.96771892,6.04156405,103.58187557,1,1,0,0,1,0.38071570,-0.04766063,-0.07022247,0.00806001,0.07200785,0.13564166,-0.01558052,-0.08467356,-0.14063693,0.02265184,0.09489810,0.14157757,-0.02907009,-0.10238668,-0.13843646,0.03465024,0.10692340,0.13130416,-0.03923141,-0.10837747,-0.12038631,0.00419651,0.18402569,-0.10912039,-0.01274426,0.04315337,-0.37501537,0.02089959,0.20738305,-0.10479098,-0.02843692,0.02466608,-0.37144839,0.03514882,0.22047410,-0.11616356,-0.04085177,0.01733929,-0.35258840,0.26596508,0.47726284,0.24206929,-0.25409652,-0.39860206,-0.10336561,0.23490223,0.30844940,-0.03831814,-0.20893561,-0.20940400,0.17889717,0.17694528,0.10432139,-0.31431850,-0.13985353,0.00376886,0.44067789,-0.01107353,0.02553086,-0.99961274,-0.00900118,0.02195378,-0.07022247,-0.02465990,0.21883854,0.21315183
10411780000000,synthetic_50hz_05,589,0.02,88.01866238,88.21729357,13.93862271,13.96771892,13.99832787,6.05124072,103.51528672,1,1,0,0,1,0.38024634,-0.04314017,-0.06591224,0.01083902,0.07681423,0.13776869,-0.01821081,-0.08861085,-0.14128583,0.02505758,0.09785278,0.14072964,-0.03118192,-0.10427356,-0.13611615,0.03640727,0.10768809,0.12757836,-0.04058299,-0.10799792,-0.11536243,0.00693216,0.18882891,-0.10695342,-0.01532822,0.03922620,-0.37569967,0.02325696,0.21032086,-0.10560876,-0.03049931,0.02280247,-0.36915236,0.03685634,0.22120957,-0.11987143,-0.04215474,0.01775342,-0.34757575,0.26197074,0.44904765,0.19150463,-0.24739816,-0.36606371,-0.05151954,0.22569298,0.27252598,-0.08995088,-0.19748096,-0.17113120,0.22882797,0.16357548,0.06480263,-0.36110785,-0.12495404,0.04339423,0.48297682,-0.01121782,0.02545856,-0.99961298,-0.00862857,0.02233324,-0.06591224,-0.02442149,0.22027543,0.21362381
10411800000000,synthetic_50hz_05,590,0.02,88.09223915,88.19228269,13.96369888,13.99832787,14.02519155,6.06093502,103.44880159,1,1,0,0,1,0.37978187,-0.03860068,-0.06159487,0.01369418,0.08151893,0.13943361,-0.02088122,-0.09236159,-0.14139481,0.02746623,0.10054143,0.13927954,-0.03325939,-0.10582261,-0.13314877,0.03809366,0.10805288,0.12317926,-0.04182967,-0.10716793,-0.10965843,0.00974411,0.19353076,-0.10524837,-0.01795242,0.03548526,-0.37584426,0.02561733,0.21299295,-0.10702848,-0.03252738,0.02127642,-0.36620953,0.03849320,0.22154539,-0.12425231,-0.04335276,0.01861778,-0.34188328,0.25677876,0.41789377,0.13808938,-0.23944749,-0.33073437,0.00267876,0.21521283,0.23403974,-0.14336967,-0.18477348,-0.13059764,0.27992716,0.14900703,0.02339035,-0.40841422,-0.10894464,0.08449130,0.52512652,-0.01136546,0.02537774,-0.99961337,-0.00825315,0.02270832,-0.06159487,-0.02418188,0.22161519,0.21407268
10411820000000,synthetic_50hz_05,591,0.02,88.20417153,88.19466046,13.98952580,14.02519155,14.04801939,6.07064703,103.38243704,1,1,0,0,1,0.37932232,-0.03404418,-0.05727085,0.01661054,0.08606489,0.14055548,-0.02357331,-0.09586528,-0.14088591,0.02985645,0.10290183,0.13715453,-0.03527882,-0.10697167,-0.12946892,0.03968408,0.10795747,0.11805066,-0.04294524,-0.10583080,-0.10322895,0.01261741,0.19807418,-0.10408619,-0.02059841,0.03199108,-0.37537118,0.02795932,0.21533706,-0.10912287,-0.03449743,0.02015009,-0.36255449,0.04003408,0.22142125,-0.12936240,-0.04441961,0.01998905,-0.33546562,0.25026357,0.38365525,0.08188629,-0.23013539,-0.29252599,0.05908835,0.20337230,0.19296308,-0.19835946,-0.17074589,-0.08783695,0.33191176,0.13319680,-0.01982155,-0.45589490,-0.09180758,0.12690860,0.56673437,-0.01151644,0.02528845,-0.99961390,-0.00787507,0.02307895,-0.05727085,-0.02394109,0.22285722,0.21449840
10411840000000,synthetic_50hz_05,592,0.02,88.28196460,88.21212129,14.01409311,14.04801939,14.06932451,6.08037665,103.31620995,1,1,0,0,1,0.37886769,-0.02947266,-0.05294063,0.01956922,0.09038715,0.14104768,-0.02626481,-0.09905436,-0.13967735,0.03220317,0.10486579,0.13428005,-0.03721309,-0.10765389,-0.12501140,0.04115015,0.10733828,0.11213861,-0.04390082,-0.10392806,-0.09603281,0.01553319,0.20239420,-0.10355350,-0.02324392,0.02881121,-0.37419866,0.03025789,0.21728503,-0.11196648,-0.03638236,0.01949033,-0.35812205,0.04145058,0.22077359,-0.13525567,-0.04532642,0.02192571,-0.32828160,0.24229906,0.34621278,0.02301916,-0.21935605,-0.25138457,0.11750258,0.19008890,0.14930883,-0.25463667,-0.15534139,-0.04292844,0.38442946,0.11611533,-0.06468959,-0.50313898,-0.07354160,0.17044259,0.60734276,-0.01167070,0.02519074,-0.99961458,-0.00749443,0.02344505,-0.05294063,-0.02369912,0.22400097,0.21490092
10411860000000,synthetic_50hz_05,593,0.02,88.27817146,88.22533132,14.03729030,14.06932451,14.09291035,6.09012363,103.25013728,1,1,0,0,1,0.37841802,-0.02488814,-0.04860468,0.02254716,0.09441272,0.14081890,-0.02892934,-0.10185445,-0.13768482,0.03447747,0.10635966,0.13058123,-0.03903160,-0.10779848,-0.11971291,0.04246044,0.10612941,0.10539322,-0.04466512,-0.10140059,-0.08803500,0.01846838,0.20641784,-0.10374163,-0.02586258,0.02602003,-0.37224238,0.03248412,0.21876320,-0.11563419,-0.03815155,0.01936793,-0.35284891,0.04271130,0.21953650,-0.14198198,-0.04604188,0.02448688,-0.32029621,0.23276169,0.30548247,-0.03831721,-0.20701030,-0.20729878,0.17764017,0.17529070,0.10313856,-0.31184169,-0.13851740,0.00399519,0.43705266,0.09775057,-0.11101375,-0.54966320,-0.05416555,0.21483174,0.64642670,-0.01182822,0.02508469,-0.99961540,-0.00711136,0.02380656,-0.04860468,-0.02345599,0.22504594,0.21528019
10411880000000,synthetic_50hz_05,594,0.02,88.60401006,88.30106707,14.06065072,14.09291035,14.10618255,6.09988780,103.18423600,1,1,0,0,1,0.37797333,-0.02029265,-0.04426348,0.02551669,0.09806083,0.13977445,-0.03153622,-0.10418478,-0.13482308,0.03664654,0.10730503,0.12598470,-0.04070032,-0.10733162,-0.11351412,0.04358070,0.10426380,0.09777088,-0.04520462,-0.09819000,-0.07920886,0.02139532,0.21006433,-0.10474523,-0.02842371,0.02369830,-0.36941711,0.03460519,0.21969316,-0.12019937,-0.03977099,0.01985669,-0.34667573,0.04378198,0.21764292,-0.14958496,-0.04653249,0.02773093,-0.31148280,0.22153417,0.26142551,-0.10184690,-0.19300960,-0.16030936,0.23913662,0.15892047,0.05457142,-0.36953192,-0.12024958,0.05273983,0.48927345,0.07811185,-0.15853058,-0.59490900,-0.03372211,0.25975081,0.68339304,-0.01198897,0.02497035,-0.99961634,-0.00672599,0.02416341,-0.04426348,-0.02321172,0.22599167,0.21563618
10411900000000,synthetic_50hz_05,595,0.02,88.77240773,88.39533520,14.07977409,14.10618255,14.11756285,6.10966847,103.11852314,1,1,0,0,1,0.37753364,-0.01568821,-0.03991749,0.02844541,0.10124336,0.13781809,-0.03405037,-0.10595900,-0.13100800,0.03867365,0.10761979,0.12042089,-0.04218195,-0.10617784,-0.10636200,0.04447412,0.10167475,0.08923663,-0.04548408,-0.09424032,-0.06953853,0.02428161,0.21324555,-0.10666058,-0.03089223,0.02193237,-0.36563869,0.03658438,0.21999280,-0.12573159,-0.04120337,0.02103210,-0.33954948,0.04462582,0.21502615,-0.15809957,-0.04676302,0.03171386,-0.30182549,0.20850989,0.21405863,-0.16720297,-0.17728058,-0.11051903,0.30153611,0.14094018,0.00379312,-0.42717583,-0.10053641,0.10304215,0.54049987,0.05723413,-0.20690666,-0.63824105,-0.01228177,0.30480597,0.71758144,-0.01215289,0.02484779,-0.99961742,-0.00633844,0.02451551,-0.03991749,-0.02296630,0.22683774,0.21596885
10411920000000,synthetic_50hz_05,596,0.02,88.59553882,88.43537592,14.09564537,14.11756285,14.14091366,6.11946468,103.05301572,1,1,0,0,1,0.37709896,-0.01107685,-0.03556718,0.03129596,0.10386566,0.13485416,-0.03643234,-0.10708626,-0.12615898,0.04051836,0.10721952,0.11382658,-0.04343622,-0.10426158,-0.09821251,0.04510179,0.09829774,0.07976692,-0.04546705,-0.08949993,-0.05902162,0.02708989,0.21586684,-0.10958332,-0.03322869,0.02081311,-0.36082654,0.03838126,0.21957771,-0.13229408,-0.04240843,0.02296972,-0.33142612,0.04520389,0.21162169,-0.16754935,-0.04669700,0.03648726,-0.29132189,0.19359785,0.16346528,-0.23391817,-0.15977008,-0.05810265,0.36428451,0.12133608,-0.04893510,-0.48414836,-0.07940389,0.15456202,0.59005398,0.03518245,-0.25573285,-0.67894808,0.01005331,0.34953079,0.74826778,-0.01231997,0.02471709,-0.99961862,-0.00594884,0.02486282,-0.03556718,-0.02271976,0.22758378,0.21627815
10411940000000,synthetic_50hz_05,597,0.02,88.14090243,88.37648123,14.11465805,14.14091366,14.18474678,6.12927601,102.98773080,1,1,0,0,1,0.37666933,-0.00646061,-0.03121303,0.03402608,0.10582769,0.13079031,-0.03863843,-0.10747272,-0.12020185,0.04213682,0.10601927,0.10614791,-0.04442038,-0.10150922,-0.08903368,0.04542328,0.09407262,0.06935257,-0.04511661,-0.08392386,-0.04767198,0.02977790,0.21782818,-0.11360582,-0.03538940,0.02043433,-0.35490649,0.03995196,0.21836293,-0.13994070,-0.04334342,0.02574315,-0.32227369,0.04547579,0.20736937,-0.17794351,-0.04629752,0.04209611,-0.27998586,0.17672833,0.10980701,-0.30141677,-0.14045078,-0.00331738,0.42672390,0.10012396,-0.10326789,-0.53972838,-0.05691053,0.20687590,0.63717224,0.01205634,-0.30451959,-0.71624612,0.03314545,0.39338383,0.77467030,-0.01249016,0.02457830,-0.99961993,-0.00555731,0.02520525,-0.03121303,-0.02247211,0.22822946,0.21656407
10411960000000,synthetic_50hz_05,598,0.02,88.06144134,88.31347325,14.14409532,14.18474678,14.23104575,6.13910346,102.92268544,1,1,0,0,1,0.37624477,-0.00184151,-0.02685550,0.03658873,0.10702572,0.12554063,-0.04062105,-0.10702350,-0.11307214,0.04348225,0.10393574,0.09734372,-0.04508983,-0.09785147,-0.07880884,0.04539746,0.08894609,0.05800186,-0.04439625,-0.07747635,-0.03552267,0.03229860,0.21902581,-0.11881398,-0.03732675,0.02089094,-0.34781405,0.04124971,0.21626517,-0.14871260,-0.04396375,0.02942170,-0.31207550,0.04540036,0.20221589,-0.18927373,-0.04552809,0.04857617,-0.26785045,0.15785908,0.05333496,-0.36900819,-0.11932705,0.05348765,0.48808938,0.07735478,-0.15876818,-0.59309873,-0.03315232,0.25947135,0.68100877,-0.01200592,-0.35269384,-0.74928501,0.05681804,0.43574800,0.79595901,-0.01266342,0.02443151,-0.99962135,-0.00516398,0.02554274,-0.02685550,-0.02222335,0.22877450,0.21682656
10411980000000,synthetic_50hz_05,599,0.02,88.39247483,88.32927356,14.18061450,14.23104575,14.27248651,6.14894872,102.90235097,1,1,0,0,1,0.37582529,0.00277839,-0.02249506,0.03893241,0.10735436,0.11902927,-0.04232923,-0.10564504,-0.10471877,0.04450568,0.10088992,0.08738918,-0.04539900,-0.09322609,-0.06754012,0.04498345,0.08287451,0.04574384,-0.04327101,-0.07013363,-0.02262875,0.03460050,0.21935437,-0.12528364,-0.03898979,0.02227649,-0.33949817,0.04222556,0.21320541,-0.15863462,-0.04422384,0.03406760,-0.30083369,0.04493676,0.19611763,-0.20151098,-0.04435373,0.05595121,-0.25497073,0.13698187,-0.00559923,-0.43588300,-0.09644123,0.11186254,0.54750869,0.05312015,-0.21490079,-0.64334945,-0.00826760,0.31174335,0.72064215,-0.03682332,-0.39959821,-0.77715840,0.08085260,0.47593246,0.81126882,-0.01283972,0.02427679,-0.99962287,-0.00476897,0.02587522,-0.02249506,-0.02197351,0.22921864,0.21706560
