timestamp_ns,trajectory_id,sample_index,control_dt_s,force_raw_n,force_filtered_n,torque_actual_nm,torque_command_prev_nm,torque_command_issued_nm,motor_position_rad,force_reference_n,imu_valid,tension_sensor_valid,saturation_flag,emergency_flag,data_valid_flag,velocity_command_0,velocity_command_1,velocity_command_2,policy_action_0,policy_action_1,policy_action_2,policy_action_3,policy_action_4,policy_action_5,policy_action_6,policy_action_7,policy_action_8,policy_action_9,policy_action_10,policy_action_11,policy_action_12,policy_action_13,policy_action_14,policy_action_15,policy_action_16,policy_action_17,joint_position_0,joint_position_1,joint_position_2,joint_position_3,joint_position_4,joint_position_5,joint_position_6,joint_position_7,joint_position_8,joint_position_9,joint_position_10,joint_position_11,joint_position_12,joint_position_13,joint_position_14,joint_position_15,joint_position_16,joint_position_17,joint_velocity_0,joint_velocity_1,joint_velocity_2,joint_velocity_3,joint_velocity_4,joint_velocity_5,joint_velocity_6,joint_velocity_7,joint_velocity_8,joint_velocity_9,joint_velocity_10,joint_velocity_11,joint_velocity_12,joint_velocity_13,joint_velocity_14,joint_velocity_15,joint_velocity_16,joint_velocity_17,body_gravity_vector_0,body_gravity_vector_1,body_gravity_vector_2,body_angular_velocity_0,body_angular_velocity_1,body_angular_velocity_2,body_linear_acceleration_filtered_0,body_linear_acceleration_filtered_1,body_linear_acceleration_filtered_2
10000000000000,synthetic_50hz_01,0,0.02,79.62579284,81.52515857,8.00000000,8.00000000,11.96021987,0.00100800,105.00000000,1,1,0,0,1,0.00000000,0.00000000,0.00000000,0.00000000,0.03057720,0.06817736,-0.00418726,-0.03857400,-0.07306522,0.00825381,0.04545870,0.07584656,-0.01208239,-0.05103280,-0.07644122,0.01556263,0.05513559,0.07483204,-0.01859419,-0.05764881,-0.07106542,0.00000000,0.15730897,-0.16454826,-0.00305830,0.07537158,-0.32073661,0.00601848,0.17071459,-0.15623857,-0.00878544,0.06461504,-0.32444114,0.01127004,0.17849693,-0.15724310,-0.01339189,0.06004796,-0.31875660,0.10108074,0.20368356,0.14171767,-0.09962364,-0.17962001,-0.09256744,0.09529434,0.15037794,0.04074846,-0.08821766,-0.11680040,0.01224532,0.07859763,0.07985545,-0.06488606,-0.06671159,-0.04060823,0.11565611,0.00591037,-0.00000000,-0.99998253,0.02250000,-0.03343678,0.00000000,0.00000000,0.00000000,0.00000000
10000020000000,synthetic_50hz_01,1,0.02,79.00256696,81.02064025,9.66329235,11.96021987,12.47087028,0.00305213,105.35663341,1,1,0,0,1,0.01736853,0.00000000,0.00127995,0.00213924,0.03595792,0.07356243,-0.00644220,-0.04372528,-0.07758112,0.01055942,0.05023203,0.07936312,-0.01437221,-0.05529056,-0.07885704,0.01777064,0.05875504,0.07607747,-0.02065674,-0.06052559,-0.07110456,0.00218884,0.16271636,-0.15918398,-0.00536236,0.07018799,-0.32523830,0.00837176,0.17552521,-0.15272939,-0.01112052,0.06031574,-0.32685659,0.01352000,0.18216132,-0.15599104,-0.01549222,0.05712373,-0.31880924,0.10671456,0.20402586,0.12506729,-0.10366850,-0.17574165,-0.07141764,0.09763364,0.14239073,0.01570898,-0.08878395,-0.10493461,0.04045257,0.07737458,0.06445318,-0.09544786,-0.06373446,-0.02211354,0.14769134,0.00496149,-0.00044998,-0.99998759,0.02249636,-0.03328870,0.00127995,0.17368531,0.00000000,0.01279945
10000040000000,synthetic_50hz_01,2,0.02,78.55931659,80.52837551,10.84247508,12.47087028,12.97169131,0.00609448,105.70613076,1,1,0,0,1,0.03434066,0.00000000,0.00255956,0.00450250,0.04150992,0.07863701,-0.00887955,-0.04892126,-0.08163285,0.01300061,0.05492219,0.08227518,-0.01674685,-0.05933968,-0.08054547,0.02001027,0.06204638,0.07649360,-0.02269679,-0.06296426,-0.07023639,0.00460169,0.16829476,-0.15413045,-0.00784888,0.06495994,-0.32927551,0.01086070,0.18025246,-0.14982500,-0.01354054,0.05622525,-0.32854434,0.01580173,0.18549748,-0.15556858,-0.01757025,0.05463770,-0.31795428,0.11147803,0.20101658,0.10363409,-0.10663677,-0.16830102,-0.04565279,0.09872112,0.13073327,-0.01364469,-0.08795929,-0.08939642,0.07254880,0.07466156,0.04548223,-0.12936129,-0.05921130,-0.00025677,0.18244423,0.00403915,-0.00089981,-0.99999144,0.02248542,-0.03313410,0.00255956,0.30866955,0.00000000,0.02303574
10000060000000,synthetic_50hz_01,3,0.02,78.64224733,80.15114988,11.73674589,12.97169131,13.43920814,0.01006803,106.04866444,1,1,0,0,1,0.05092602,0.00000000,0.00383853,0.00706798,0.04714085,0.08326250,-0.01147123,-0.05406210,-0.08508462,0.01554376,0.05942472,0.08445372,-0.01916816,-0.06307409,-0.08138797,0.02223993,0.06490501,0.07597577,-0.02467051,-0.06486468,-0.06837316,0.00721677,0.17395185,-0.14952630,-0.01048977,0.05978727,-0.33271248,0.01345169,0.18479187,-0.14765444,-0.01600735,0.05244965,-0.32938585,0.01807364,0.18840078,-0.15608039,-0.01958214,0.05269000,-0.31610395,0.11514472,0.19426527,0.07724743,-0.10831427,-0.15697883,-0.01522292,0.09836107,0.11516662,-0.04724048,-0.08557208,-0.07003411,0.10834191,0.07031601,0.02288248,-0.16631980,-0.05303269,0.02492887,0.21950260,0.00314261,-0.00134934,-0.99999415,0.02246720,-0.03297300,0.00383853,0.41278918,0.00000000,0.03121822
10000080000000,synthetic_50hz_01,4,0.02,79.07901153,79.93672221,12.45178004,13.43920814,13.86134860,0.01489526,106.38440246,1,1,0,0,1,0.06713397,0.00000000,0.00511651,0.00980716,0.05274596,0.08729353,-0.01418264,-0.05903747,-0.08779740,0.01814922,0.06362691,0.08577003,-0.02159255,-0.06638195,-0.08126987,0.02441335,0.06722317,0.07442667,-0.02653031,-0.06612632,-0.06543771,0.01000554,0.17958284,-0.14551689,-0.01325042,0.05478030,-0.33541016,0.01610506,0.18903074,-0.14634640,-0.01847736,0.04910076,-0.32926646,0.02028949,0.19076349,-0.15762378,-0.02148032,0.05138119,-0.31318111,0.11748311,0.18341882,0.04583557,-0.10848837,-0.14150673,0.01981305,0.09636586,0.09551493,-0.08489044,-0.08146508,-0.04676939,0.14752041,0.06421562,-0.00332453,-0.20589729,-0.04511480,0.05332260,0.25833805,0.00227118,-0.00179844,-0.99999580,0.02244171,-0.03280545,0.00511651,0.49231094,0.00000000,0.03775437
10000100000000,synthetic_50hz_01,5,0.02,79.68376186,79.88613014,13.04379883,13.86134860,14.23605476,0.02049712,106.71350861,1,1,0,0,1,0.08297369,0.00000000,0.00639318,0.01268455,0.05820916,0.09058096,-0.01697269,-0.06372808,-0.08963217,0.02077149,0.06740970,0.08609925,-0.02397144,-0.06914786,-0.08008404,0.02648028,0.06889246,0.07175998,-0.02822568,-0.06665086,-0.06136704,0.01293251,0.18507166,-0.14225135,-0.01608975,0.05005833,-0.33722954,0.01877532,0.19285000,-0.14602577,-0.02090200,0.04629400,-0.32807902,0.02239900,0.19247719,-0.16028507,-0.02321425,0.05080956,-0.30912275,0.11826281,0.16817735,0.00944200,-0.10695450,-0.12168267,0.05927329,0.09256264,0.07167982,-0.12627969,-0.07550216,-0.01961041,0.18964539,0.05626492,-0.03302438,-0.24754353,-0.03540553,0.08470706,0.29830488,0.00142415,-0.00224696,-0.99999646,0.02240894,-0.03263146,0.00639318,0.55224587,0.00000000,0.04297020
10000120000000,synthetic_50hz_01,6,0.02,80.36375072,79.98165426,13.54454632,14.23605476,14.56594081,0.02679725,107.03614253,1,1,0,0,1,0.09845407,0.00000000,0.00766821,0.01565774,0.06340462,0.09297532,-0.01979405,-0.06800765,-0.09045363,0.02335969,0.07064998,0.08532413,-0.02625186,-0.07125545,-0.07773469,0.02838718,0.06980658,0.06790413,-0.02970407,-0.06634516,-0.05611585,0.01595527,0.19029249,-0.13987915,-0.01896043,0.04574764,-0.33803532,0.02141160,0.19612655,-0.14680977,-0.02322828,0.04414575,-0.32572776,0.02434863,0.19343559,-0.16413581,-0.02473140,0.05106827,-0.30388358,0.11726150,0.14831064,-0.03175944,-0.10352337,-0.09738632,0.10284106,0.08680061,0.04365430,-0.17095771,-0.06757535,0.01133630,0.23414558,0.04640187,-0.06600006,-0.29058292,-0.02389059,0.11876101,0.33864263,0.00060086,-0.00269475,-0.99999619,0.02236891,-0.03245107,0.00766821,0.59660050,0.00000000,0.04712649
10000140000000,synthetic_50hz_01,7,0.02,81.48959005,80.28324141,13.97353201,14.56594081,14.83978520,0.03372402,107.35245986,1,1,0,0,1,0.11358381,0.00000000,0.00894128,0.01867762,0.06819883,0.09433071,-0.02259361,-0.07174530,-0.09013425,0.02585821,0.07322332,0.08333918,-0.02837731,-0.07259028,-0.07414139,0.03007827,0.06986443,0.06280608,-0.03091207,-0.06512435,-0.04966004,0.01902471,0.19511179,-0.13854620,-0.02180933,0.04197910,-0.33769996,0.02395826,0.19873594,-0.14880391,-0.02539971,0.04277041,-0.32213225,0.02608263,0.19353757,-0.16922906,-0.02597835,0.05224219,-0.29743949,0.11427265,0.12367459,-0.07745167,-0.09802868,-0.06859389,0.15005536,0.07895850,0.01153559,-0.21833289,-0.05761191,0.04585529,0.28031577,0.03460434,-0.10192414,-0.33421703,-0.01059911,0.15505447,0.37848264,-0.00019936,-0.00314167,-0.99999505,0.02232163,-0.03226433,0.00894128,0.62857782,0.00000000,0.05043190
10000160000000,synthetic_50hz_01,8,0.02,82.44546942,80.71568701,14.33735835,14.83978520,15.07270350,0.04121048,107.66261227,1,1,0,0,1,0.12837139,0.00000000,0.01021206,0.02168883,0.07245313,0.09450906,-0.02531307,-0.07480847,-0.08855852,0.02820753,0.07500705,0.08005479,-0.03028874,-0.07304315,-0.06924305,0.03149672,0.06897337,0.05643500,-0.03179664,-0.06291506,-0.04199990,0.02208547,0.19939092,-0.13839057,-0.02457817,0.03888529,-0.33610797,0.02635579,0.20055551,-0.15209778,-0.02735724,0.04227723,-0.31723138,0.02754412,0.19269050,-0.17559565,-0.02690205,0.05440470,-0.28979077,0.10911368,0.09422706,-0.12716433,-0.09033510,-0.03539190,0.20030499,0.06895211,-0.02446363,-0.26767077,-0.04558120,0.08361386,0.32731947,0.02089617,-0.14035346,-0.37753139,0.00439131,0.19304661,0.41685892,-0.00097714,-0.00358756,-0.99999309,0.02226712,-0.03207126,0.01021206,0.65073803,0.00000000,0.05305333
10000180000000,synthetic_50hz_01,9,0.02,83.27545509,81.22764063,14.64620331,15.07270350,15.27567239,0.04919480,107.96674761,1,1,0,0,1,0.14282506,0.00000000,0.01148023,0.02463046,0.07602669,0.09338463,-0.02788994,-0.07706610,-0.08562743,0.03034534,0.07588366,0.07540155,-0.03192587,-0.07251346,-0.06300182,0.03258596,0.06705266,0.04878571,-0.03230658,-0.05965870,-0.03316309,0.02507663,0.20298904,-0.13953799,-0.02720444,0.03659727,-0.33316032,0.02854189,0.20146774,-0.15676082,-0.02904057,0.04276678,-0.31098731,0.02867656,0.19081364,-0.18324076,-0.02745132,0.05761438,-0.28096506,0.10163446,0.06004251,-0.18026731,-0.08034628,0.00201084,0.25282656,0.05674168,-0.06400622,-0.31809671,-0.03150118,0.12415626,0.37419597,0.00535250,-0.18072683,-0.41950700,0.02095050,0.23208696,0.45272344,-0.00173312,-0.00403230,-0.99999037,0.02220540,-0.03187191,0.01148023,0.66512718,0.00000000,0.05512434
10000200000000,synthetic_50hz_01,10,0.02,84.56295995,81.89470450,14.91058033,15.27567239,15.43571899,0.05762068,108.26501001,1,1,0,0,1,0.15695289,0.00000000,0.01274546,0.02743701,0.07877993,0.09084871,-0.03025861,-0.07839223,-0.08126293,0.03220785,0.07574444,0.06933431,-0.03322852,-0.07091291,-0.05540674,0.03329119,0.06403692,0.03988177,-0.03239407,-0.05531472,-0.02320699,0.02793269,0.20576658,-0.14209716,-0.02962254,0.03524098,-0.32877898,0.03045276,0.20136393,-0.16283816,-0.03038953,0.04432737,-0.30338910,0.02942514,0.18784161,-0.19214082,-0.02757832,0.06191178,-0.27101979,0.09172580,0.02132481,-0.23596860,-0.06801265,0.04327361,0.30670722,0.04233867,-0.10662444,-0.36860332,-0.01544405,0.16690124,0.41987243,-0.01189584,-0.22236620,-0.45903641,0.03889276,0.27142023,0.48496616,-0.00246791,-0.00447572,-0.99998694,0.02213648,-0.03166631,0.01274546,0.67338000,0.00000000,0.05675176
10000220000000,synthetic_50hz_01,11,0.02,85.97422140,82.71060788,15.13113856,15.43571899,15.55543622,0.06643642,108.55753992,1,1,0,0,1,0.17076271,0.00000000,0.01400742,0.03003952,0.08057831,0.08681438,-0.03235173,-0.07866986,-0.07541230,0.03373123,0.07449332,0.06183606,-0.03413824,-0.06816911,-0.04647706,0.03356103,0.05987955,0.02977810,-0.03201624,-0.04986363,-0.01222062,0.03058470,0.20758899,-0.14615503,-0.03176512,0.03493344,-0.32291122,0.03202457,0.20014801,-0.17034680,-0.03134569,0.04703140,-0.29445597,0.02973848,0.18372779,-0.20224092,-0.02724020,0.06731640,-0.26004393,0.07932774,-0.02158256,-0.29331702,-0.05333871,0.08791726,0.36089242,0.02581191,-0.15171725,-0.41806311,0.00245907,0.21114317,0.46318085,-0.03065915,-0.26448174,-0.49494487,0.05797531,0.31019517,0.51243940,-0.00318211,-0.00491770,-0.99998285,0.02206039,-0.03145450,0.01400742,0.67680227,0.00000000,0.05802106
10000240000000,synthetic_50hz_01,12,0.02,86.69842868,83.50817204,15.30934358,15.55543622,15.66789717,0.07559430,108.84447425,1,1,0,0,1,0.18426220,0.00000000,0.01526580,0.03236707,0.08129631,0.08122104,-0.03410179,-0.07779493,-0.06805224,0.03485333,0.07205068,0.05292147,-0.03460003,-0.06422918,-0.03626494,0.03334920,0.05455593,0.01856288,-0.03113690,-0.04330980,-0.00032564,0.03296172,0.20833075,-0.15177217,-0.03356465,0.03577871,-0.31553373,0.03319515,0.19774035,-0.17927209,-0.03185401,0.05093173,-0.28424010,0.02957029,0.17844758,-0.21345287,-0.02640074,0.07382388,-0.24815917,0.06443725,-0.06818952,-0.35121045,-0.03638942,0.13532117,0.41419922,0.00729246,-0.19855145,-0.46524644,0.02201474,0.25605740,0.50288038,-0.05068725,-0.30618110,-0.52601605,0.07789842,0.34747745,0.53398643,-0.00387630,-0.00535808,-0.99997813,0.02197716,-0.03123653,0.01526580,0.67643665,0.00000000,0.05900065
10000260000000,synthetic_50hz_01,13,0.02,87.63690870,84.33391937,15.45993609,15.66789717,15.76542481,0.08505172,109.12594646,1,1,0,0,1,0.19745880,0.00000000,0.01652027,0.03434838,0.08082172,0.07403882,-0.03544281,-0.07568041,-0.05919255,0.03551541,0.06835719,0.04263973,-0.03456409,-0.05906321,-0.02485759,0.03261626,0.04806641,0.00635879,-0.02972809,-0.03568383,0.01232334,0.03499248,0.20787964,-0.15897846,-0.03495517,0.03786381,-0.30665633,0.03390579,0.19408161,-0.18956482,-0.03186470,0.05605830,-0.27282869,0.02888114,0.17200132,-0.22565401,-0.02503200,0.08140359,-0.23552011,0.04711501,-0.11785618,-0.40840973,-0.01729545,0.18472457,0.46533525,-0.01302274,-0.24626726,-0.50884495,0.04296548,0.30070994,0.53768441,-0.07166951,-0.34648303,-0.55102217,0.09830727,0.38226684,0.54847371,-0.00455106,-0.00579673,-0.99997284,0.02188680,-0.03101244,0.01652027,0.67311530,0.00000000,0.05974524
10000280000000,synthetic_50hz_01,14,0.02,88.75771036,85.21867757,15.58824135,15.76542481,15.84315671,0.09477092,109.40208659,1,1,0,0,1,0.21035978,0.00000000,0.01777052,0.03591362,0.07905986,0.06527242,-0.03631230,-0.07226027,-0.04887924,0.03566408,0.06337739,0.03107684,-0.03398765,-0.05266731,-0.01237848,0.03133134,0.04043880,-0.00667675,-0.02777173,-0.02704443,0.02553949,0.03660715,0.20614100,-0.16776920,-0.03587418,0.04125478,-0.29632502,0.03410308,0.18913635,-0.20113900,-0.03133501,0.06241499,-0.26034522,0.02764015,0.16441683,-0.23868689,-0.02311588,0.08999685,-0.22231357,0.02749099,-0.16979413,-0.46355863,0.00374298,0.23523225,0.51292331,-0.03486904,-0.29388852,-0.54750018,0.06498981,0.34407185,0.56629235,-0.09323689,-0.38433542,-0.56875806,0.11879591,0.41351842,0.55482620,-0.00520693,-0.00623349,-0.99996702,0.02178935,-0.03078226,0.01777052,0.66750211,0.00000000,0.06029862
10000300000000,synthetic_50hz_01,15,0.02,89.51279814,86.07750168,15.69530581,15.84315671,15.91806104,0.10471827,109.67302142,1,1,0,0,1,0.22297225,0.00000000,0.01901621,0.03699642,0.07593782,0.05496443,-0.03665317,-0.06749333,-0.03719689,0.03525319,0.05710297,0.01835694,-0.03283684,-0.04506631,0.00101225,0.02947379,0.03173037,-0.02035226,-0.02526100,-0.01747962,0.03910550,0.03773935,0.20304191,-0.17810179,-0.03626458,0.04599280,-0.28462439,0.03374086,0.18289625,-0.21387050,-0.03023104,0.06997696,-0.24694981,0.02582668,0.15575134,-0.25236006,-0.02064557,0.09951563,-0.20875687,0.00576840,-0.22307250,-0.51520981,0.02645420,0.28582541,0.55553153,-0.05791412,-0.34033784,-0.57983701,0.08770435,0.38503816,0.58742552,-0.11496603,-0.41863766,-0.57807829,0.13891317,0.44016764,0.55206478,-0.00584448,-0.00666824,-0.99996069,0.02168485,-0.03054606,0.01901621,0.66012635,0.00000000,0.06069583
10000320000000,synthetic_50hz_01,16,0.02,90.03137529,86.86827640,15.78886300,15.91806104,15.99881543,0.11486450,109.93887448,1,1,0,0,1,0.23530310,0.00000000,0.02025704,0.03753594,0.07140846,0.04319780,-0.03641578,-0.06136665,-0.02427010,0.03424573,0.04955561,0.00464268,-0.03108837,-0.03631586,0.01511859,0.02703471,0.02202911,-0.03444398,-0.02220163,-0.00710724,0.05277634,0.03832824,0.19853521,-0.18989329,-0.03607674,0.05209081,-0.27167904,0.03278214,0.17538298,-0.22759664,-0.02852952,0.07868857,-0.23283850,0.02343181,0.14609289,-0.26644975,-0.01762680,0.10984210,-0.19509504,-0.01777413,-0.27662929,-0.56185646,0.05049506,0.33537743,0.59170855,-0.08176020,-0.38445648,-0.60450140,0.11066815,0.42245147,0.59986619,-0.13638549,-0.44826698,-0.57793657,0.15817077,0.46115875,0.53934476,-0.00646422,-0.00710082,-0.99995390,0.02157331,-0.03030387,0.02025704,0.65140962,0.00000000,0.06096492
10000340000000,synthetic_50hz_01,17,0.02,90.72074904,87.63877093,15.87704302,15.99881543,16.07688545,0.12518491,110.19976619,1,1,0,0,1,0.24735908,0.00000000,0.02149268,0.03747896,0.06545402,0.03009744,-0.03555994,-0.05389855,-0.01026396,0.03261571,0.04078916,-0.00986543,-0.02873115,-0.02650380,0.02971039,0.02401826,0.01145432,-0.04869879,-0.01861291,0.00392539,0.06628318,0.03832060,0.19260317,-0.20301880,-0.03527046,0.05953050,-0.25765404,0.03120090,0.16665040,-0.24211694,-0.02621934,0.08846199,-0.21824141,0.02045972,0.13556075,-0.28070283,-0.01407886,0.12082894,-0.18159690,-0.04278267,-0.32928799,-0.60196934,0.07545328,0.38267490,0.62002317,-0.10594853,-0.42502911,-0.62020143,0.13338923,0.45512953,0.60249900,-0.15698427,-0.47210836,-0.56742624,0.17605337,0.47547608,0.51599432,-0.00706669,-0.00753110,-0.99994667,0.02145479,-0.03005573,0.02149268,0.64168751,0.00000000,0.06112833
10000360000000,synthetic_50hz_01,18,0.02,91.40158044,88.39133283,15.96097684,16.07688545,16.15225308,0.13565874,110.45581391,1,1,0,0,1,0.25914676,0.00000000,0.02272281,0.03678200,0.05808928,0.01583065,-0.03405682,-0.04514094,0.00461671,0.03034976,0.03089115,-0.02493096,-0.02576770,-0.01575077,0.04452645,0.02044274,0.00015628,-0.06283822,-0.01452842,0.01544272,0.07933833,0.03767295,0.18526055,-0.21731099,-0.03381691,0.06825995,-0.24275424,0.02898380,0.15678604,-0.25719497,-0.02330303,0.09917657,-0.20341976,0.01692869,0.12430519,-0.29484083,-0.01003532,0.13230060,-0.16855016,-0.06883040,-0.37977963,-0.63403837,0.10085218,0.42644353,0.63910749,-0.12996635,-0.46081286,-0.62575084,0.15533352,0.48189675,0.59435351,-0.17622236,-0.48908732,-0.54582069,0.19203063,0.48217728,0.48155160,-0.00765237,-0.00795894,-0.99993905,0.02132932,-0.02980171,0.02272281,0.63122674,0.00000000,0.06120404
10000380000000,synthetic_50hz_01,19,0.02,92.15185212,89.14343669,16.04131286,16.15225308,16.22193200,0.14626847,110.70713200,1,1,0,0,1,0.27067253,0.00000000,0.02394713,0.03541335,0.04936402,0.00060650,-0.03189072,-0.03518087,0.02012925,0.02744867,0.01998344,-0.04028466,-0.02221525,-0.00420988,0.05927865,0.01634137,-0.01168506,-0.07656361,-0.00999635,0.02724311,0.09164121,0.03635357,0.17655714,-0.23256080,-0.03170040,0.07819210,-0.22722227,0.02613161,0.14591174,-0.27256145,-0.01979782,0.11067920,-0.18866166,0.01287194,0.11250618,-0.30856511,-0.00554438,0.14405543,-0.15625539,-0.09542253,-0.42676996,-0.65661788,0.12615794,0.46537865,0.64770252,-0.15325617,-0.49057026,-0.62011360,0.17593594,0.50161851,0.57464651,-0.19354340,-0.49820485,-0.51261210,0.20557091,0.48042772,0.43579884,-0.00822178,-0.00838420,-0.99993105,0.02119693,-0.02954185,0.02394713,0.62023907,0.00000000,0.06120645
10000400000000,synthetic_50hz_01,20,0.02,92.54430316,89.82360998,16.11717290,16.22193200,16.29975912,0.15699922,110.95383192,1,1,0,0,1,0.28194263,0.00000000,0.02516532,0.03335486,0.03936467,-0.01532623,-0.02906061,-0.02414127,0.03599640,0.02392853,0.00822187,-0.05562878,-0.01810658,0.00793457,0.07365736,0.01176262,-0.02386226,-0.08956236,-0.00507952,0.03910198,0.10288523,0.03434432,0.16657936,-0.24851947,-0.02891988,0.08920404,-0.21133542,0.02266042,0.13418336,-0.28791866,-0.01573648,0.12278559,-0.17427676,0.00833795,0.10037115,-0.32156305,-0.00066885,0.15586887,-0.14501915,-0.12200398,-0.46889142,-0.66837438,0.15078938,0.49817973,0.64470489,-0.17522745,-0.51310530,-0.60244825,0.19461364,0.51323780,0.54282275,-0.20838902,-0.49857341,-0.46754741,0.21615645,0.46953492,0.37879246,-0.00877539,-0.00880674,-0.99992272,0.02105768,-0.02927619,0.02516532,0.60889226,0.00000000,0.06114706
10000420000000,synthetic_50hz_01,21,0.02,93.62302555,90.58349310,16.19385911,16.29975912,16.35711822,0.16783887,111.19602231,1,1,0,0,1,0.29296314,0.00000000,0.02637707,0.03060360,0.02821509,-0.03168236,-0.02558137,-0.01218062,0.05191082,0.01982162,-0.00420501,-0.07064267,-0.01349041,0.02046941,0.08733786,0.00677025,-0.03614367,-0.10151505,0.00014509,0.05077589,0.11276552,0.03164226,0.15545107,-0.26490178,-0.02549024,0.10113729,-0.19540102,0.01860251,0.12178944,-0.30294592,-0.01116772,0.13528257,-0.16058976,0.00339048,0.08813174,-0.33351525,0.00451430,0.16749748,-0.13514636,-0.14796955,-0.50477924,-0.66813552,0.17413012,0.52358810,0.62921327,-0.19527045,-0.52730166,-0.57215051,0.21078104,0.51581288,0.49859238,-0.22021471,-0.48945296,-0.41065961,0.22329949,0.44898189,0.31088732,-0.00931368,-0.00922643,-0.99991406,0.02091160,-0.02900480,0.02637707,0.59731897,0.00000000,0.06103513
10000440000000,synthetic_50hz_01,22,0.02,94.18010725,91.30281593,16.26242793,16.35711822,16.41700697,0.17877644,111.43380902,1,1,0,0,1,0.30374000,0.00000000,0.02758207,0.02717318,0.01607625,-0.04814494,-0.02148471,0.00050839,0.06754082,0.01517682,-0.01707837,-0.08498946,-0.00843137,0.03315598,0.09998781,0.00144285,-0.04827768,-0.11210347,0.00558727,0.06200752,0.12098714,0.02826100,0.14333325,-0.28139082,-0.02144316,0.11379916,-0.17975075,0.01400675,0.10894881,-0.31730638,-0.00615619,0.14793148,-0.14793299,-0.00189191,0.07603957,-0.34410348,0.00991485,0.17868393,-0.12693193,-0.17267672,-0.53311094,-0.65493852,0.19554312,0.54042694,0.60057288,-0.21277192,-0.53216218,-0.52889245,0.22386640,0.50855493,0.44196381,-0.22850672,-0.47028581,-0.34229314,0.22655908,0.41845812,0.23275400,-0.00983710,-0.00964313,-0.99990512,0.02075875,-0.02872772,0.02758207,0.58562378,0.00000000,0.06087807
10000460000000,synthetic_50hz_01,23,0.02,94.18736474,91.87972569,16.32735113,16.41700697,16.49888501,0.18980249,111.66729522,1,1,0,0,1,0.31427898,0.00000000,0.02878000,0.02309464,0.00314490,-0.06437132,-0.01681958,0.01370134,0.08253738,0.01005960,-0.03015256,-0.09832385,-0.00300959,0.04573447,0.11127560,-0.00412718,-0.05999784,-0.12101921,0.01114496,0.07253144,0.12727379,0.02423158,0.13042263,-0.29764391,-0.01682764,0.12696522,-0.16473364,0.00893861,0.09590712,-0.33065474,-0.00078201,0.16047251,-0.13663809,-0.00741678,0.06436109,-0.35301933,0.01543074,0.18916279,-0.12065216,-0.19546076,-0.55264805,-0.62807661,0.21438704,0.54764246,0.55841634,-0.22713244,-0.52684809,-0.47265666,0.23332951,0.49086443,0.37327007,-0.23279958,-0.44072893,-0.26312193,0.22555793,0.37788701,0.14538786,-0.01034611,-0.01005670,-0.99989591,0.02059918,-0.02844502,0.02878000,0.57388885,0.00000000,0.06068181
10000480000000,synthetic_50hz_01,24,0.02,94.73179782,92.45014012,16.39939536,16.49888501,16.57700516,0.20091018,111.89658145,1,1,0,0,1,0.32458572,0.00000000,0.02997057,0.01841699,-0.01034904,-0.08000029,-0.01165225,0.02714566,0.09654217,0.00455157,-0.04315965,-0.11030069,0.00268033,0.05792933,0.12087919,-0.00983495,-0.07102888,-0.12797269,0.01670603,0.08208063,0.13137668,0.01960300,0.11694914,-0.31329985,-0.01170991,0.14038291,-0.15070803,0.00347973,0.08293230,-0.34264585,0.00486023,0.17263010,-0.12702708,-0.01307928,0.05337156,-0.35997324,0.02094985,0.19866706,-0.11655586,-0.21565188,-0.56227904,-0.58714170,0.23003437,0.54434487,0.50269927,-0.23778486,-0.51071697,-0.40376379,0.23867990,0.46236487,0.29318761,-0.23269369,-0.40068258,-0.17415870,0.21999881,0.32744842,0.05010870,-0.01084114,-0.01046701,-0.99988646,0.02043293,-0.02815673,0.02997057,0.56217845,0.00000000,0.06045112
10000500000000,synthetic_50hz_01,25,0.02,95.09137673,92.97838744,16.47399148,16.57700516,16.65819863,0.21209421,112.12176568,1,1,0,0,1,0.33466570,0.00000000,0.03115347,0.01320721,-0.02414615,-0.09466046,-0.00606579,0.04056532,0.10919647,-0.00125051,-0.05581497,-0.12058430,0.00853075,0.06945545,0.12849562,-0.01556505,-0.08109350,-0.13270235,0.02215060,0.09039358,0.13308322,0.01444225,0.10317221,-0.32798725,-0.00617305,0.15377621,-0.13803262,-0.00227318,0.07030901,-0.35294402,0.01066289,0.18411917,-0.11940293,-0.01876398,0.04334828,-0.36470363,0.02635229,0.20693522,-0.11485560,-0.23259406,-0.56106201,-0.53206136,0.24189058,0.52984781,0.43372901,-0.24421328,-0.48335785,-0.32289205,0.23949520,0.42293246,0.20274596,-0.22787235,-0.35031373,-0.07675461,0.20967985,0.26759529,-0.05144961,-0.01132263,-0.01087392,-0.99987678,0.02026006,-0.02786293,0.03115347,0.55054258,0.00000000,0.06018985
10000520000000,synthetic_50hz_01,26,0.02,95.35605069,93.45392009,16.55135848,16.65819863,16.74450464,0.22335058,112.34294338,1,1,0,0,1,0.34452428,0.00000000,0.03232839,0.00754976,-0.03796237,-0.10797953,-0.00015903,0.05366660,0.12015084,-0.00723629,-0.06782359,-0.12885815,0.01442298,0.08002519,0.13385042,-0.02119385,-0.08991964,-0.13498372,0.02735369,0.09722165,0.13222537,0.00883378,0.08937588,-0.34133380,-0.00031588,0.16685138,-0.12705686,-0.00820975,0.05833219,-0.36123272,0.01650727,0.19465206,-0.11404010,-0.02434725,0.03456330,-0.36698603,0.03151309,0.21371863,-0.11571941,-0.24566503,-0.54826574,-0.46312863,0.24941395,0.50370492,0.35218471,-0.24597215,-0.44462206,-0.23108715,0.23543886,0.37272053,0.10332724,-0.21811775,-0.29007330,0.02741165,0.19450821,0.19906312,-0.15736025,-0.01179099,-0.01127732,-0.99986690,0.02008063,-0.02756367,0.03232839,0.53901984,0.00000000,0.05990108
10000540000000,synthetic_50hz_01,27,0.02,95.37718328,93.83857273,16.63247987,16.74450464,16.84319573,0.23467650,112.56020759,1,1,0,0,1,0.35416667,0.00000000,0.03349503,0.00154550,-0.05149494,-0.11959424,0.00595500,0.06614472,0.12907517,-0.01328382,-0.07888752,-0.13483481,0.02022966,0.08935595,0.13670710,-0.02659227,-0.09724821,-0.13463806,0.03218821,0.10233675,0.12868734,0.00287846,0.07586292,-0.35297625,0.00574856,0.17930366,-0.11811088,-0.01420803,0.04729982,-0.36722453,0.02226602,0.20394617,-0.11117510,-0.02970003,0.02727573,-0.36664171,0.03630516,0.21878921,-0.11926311,-0.25429684,-0.52340763,-0.38102284,0.25213535,0.46574188,0.25912768,-0.24270468,-0.39464858,-0.12976174,0.22627673,0.31217737,-0.00334529,-0.20332510,-0.22070595,0.13635588,0.17451153,0.12287147,-0.26543526,-0.01224663,-0.01167705,-0.99985683,0.01989469,-0.02725901,0.03349503,0.52763977,0.00000000,0.05958731
10000560000000,synthetic_50hz_01,28,0.02,95.64313773,94.19948573,16.72098053,16.84319573,16.94152554,0.24607060,112.77364897,1,1,0,0,1,0.36359796,0.00000000,0.03465310,-0.00468986,-0.06442933,-0.12916081,0.01215112,0.07769140,0.13566892,-0.01926205,-0.08871359,-0.13826563,0.02581765,0.09717813,0.13687608,-0.03162891,-0.10284097,-0.13154033,0.03652829,0.10553887,0.12241222,-0.00330803,0.06294787,-0.36257081,0.01189510,0.19082475,-0.11149520,-0.02013698,0.03750507,-0.37067079,0.02780601,0.21173192,-0.11099748,-0.03469090,0.02172378,-0.36354564,0.04060264,0.22194693,-0.12554359,-0.25799648,-0.48628690,-0.28682027,0.24967743,0.41608260,0.15600062,-0.23416007,-0.33388245,-0.02068339,0.21189176,0.24205631,-0.11523016,-0.18351451,-0.14325158,0.24782156,0.14984645,0.04031683,-0.37326815,-0.01268995,-0.01207301,-0.99984660,0.01970230,-0.02694900,0.03465310,0.51642466,0.00000000,0.05925054
10000580000000,synthetic_50hz_01,29,0.02,96.19731479,94.59905154,16.81360943,16.94152554,17.02764158,0.25753227,112.98335586,1,1,0,0,1,0.37282309,0.00000000,0.03580230,-0.01102800,-0.07644691,-0.13636556,0.01829462,0.08800288,0.13967122,-0.02503379,-0.09702169,-0.13895009,0.03105123,0.10324331,0.13422297,-0.03617345,-0.10648839,-0.12562614,0.04025277,0.10666335,0.11340745,-0.00959734,0.05094933,-0.36980381,0.01798903,0.20111092,-0.10747068,-0.02585940,0.02922806,-0.37137098,0.03299151,0.21776088,-0.11364165,-0.03918956,0.01811701,-0.35763341,0.04428435,0.22302717,-0.13455341,-0.25636567,-0.43701177,-0.18199323,0.24177237,0.35516831,0.04461509,-0.22020866,-0.26308517,0.09404933,0.19229624,0.16341717,-0.23000226,-0.15883982,-0.05903778,0.35932412,0.12080398,-0.04704370,-0.47828650,-0.01312134,-0.01246505,-0.99983623,0.01950353,-0.02663371,0.03580230,0.50539107,0.00000000,0.05889242
10000600000000,synthetic_50hz_01,30,0.02,96.50529420,94.98030007,16.90350294,17.02764158,17.11236402,0.26906069,113.18941433,1,1,0,0,1,0.38184690,0.00000000,0.03694233,-0.01733057,-0.08723341,-0.14093532,0.02424429,0.09678853,0.14087049,-0.03045904,-0.10355319,-0.13674430,0.03579564,0.10733236,0.12867571,-0.04010023,-0.10801710,-0.11689733,0.04324872,0.10558765,0.10174875,-0.01585114,0.04018159,-0.37440208,0.02388915,0.20987151,-0.10624892,-0.03123530,0.02272740,-0.36918121,0.03768776,0.22181391,-0.11917968,-0.04307035,0.01662877,-0.34890687,0.04723738,0.22190735,-0.14621685,-0.24911931,-0.37601907,-0.06839688,0.22827767,0.28376817,-0.07287345,-0.20085468,-0.18333610,0.21204281,0.16764096,0.07761837,-0.34509888,-0.12959407,0.03033714,0.46820558,0.08781092,-0.13741801,-0.57781370,-0.01354118,-0.01285305,-0.99982572,0.01929845,-0.02631320,0.03694233,0.49455100,0.00000000,0.05851427
10000620000000,synthetic_50hz_01,31,0.02,97.37591732,95.45942352,16.99122459,17.11236402,17.17360742,0.28065488,113.39190828,1,1,0,0,1,0.39067410,0.00000000,0.03807291,-0.02345238,-0.09648766,-0.14264739,0.02985586,0.10377950,0.13911326,-0.03539859,-0.10807932,-0.13156842,0.03992076,0.10926317,0.12023041,-0.04329200,-0.10729691,-0.10542609,0.04541510,0.10223723,0.08758230,-0.02192423,0.03094581,-0.37614290,0.02945118,0.21683769,-0.10798340,-0.03612547,0.01823187,-0.36402164,0.04176465,0.22370891,-0.12761544,-0.04621600,0.01738925,-0.33743821,0.04936069,0.21851296,-0.16038775,-0.23610180,-0.30408518,0.05175669,0.20918923,0.20298068,-0.19400303,-0.17624564,-0.09602415,0.33065617,0.13822081,-0.01370079,-0.45777633,-0.09621100,0.12303074,0.57169859,0.05142739,-0.22881366,-0.66913852,-0.01394984,-0.01323688,-0.99981509,0.01908711,-0.02598753,0.03807291,0.48391280,0.00000000,0.05811719
10000640000000,synthetic_50hz_01,32,0.02,98.04429653,95.97639812,17.06782538,17.17360742,17.22276365,0.29231267,113.59091942,1,1,0,0,1,0.39930928,0.00000000,0.03919374,-0.02924491,-0.10393062,-0.14133861,0.03498573,0.10873738,0.13431180,-0.03971789,-0.11040919,-0.12341272,0.04330497,0.10889785,0.10895559,-0.04564354,-0.10424694,-0.09135723,0.04666619,0.09659054,0.07112499,-0.02766810,0.02352105,-0.37486311,0.03453151,0.22177105,-0.11276183,-0.04039536,0.01593236,-0.35588254,0.04510056,0.22330800,-0.13888042,-0.04852132,0.02047933,-0.32337222,0.05056856,0.21282245,-0.17684920,-0.21730047,-0.22232731,0.17593735,0.18465105,0.11422491,-0.31605468,-0.14667806,-0.00282935,0.44706000,0.10447627,-0.10864778,-0.56517637,-0.05926238,0.21699254,0.66699845,0.01233993,-0.31908131,-0.74959065,-0.01434768,-0.01361642,-0.99980437,0.01886958,-0.02565677,0.03919374,0.47348197,0.00000000,0.05770205
10000660000000,synthetic_50hz_01,33,0.02,98.24673269,96.43046504,17.13289945,17.22276365,17.27896128,0.30403080,113.78652739,1,1,0,0,1,0.40775690,0.00000000,0.04030454,-0.03456018,-0.10931422,-0.13691329,0.03949490,0.11146245,0.12645041,-0.04329096,-0.11039718,-0.11234191,0.04583892,0.10614910,0.09499454,-0.04706532,-0.09884069,-0.07490843,0.04693481,0.08868266,0.05266268,-0.03293478,0.01815535,-0.37046704,0.03899117,0.22447188,-0.12059991,-0.04391899,0.01597449,-0.34482863,0.04758615,0.22052388,-0.15283133,-0.04989677,0.02592550,-0.30692662,0.05079381,0.20487089,-0.19531533,-0.19285562,-0.13219432,0.30134824,0.15496111,0.01922130,-0.43611335,-0.11259899,0.09430587,0.55830511,0.06699058,-0.20511417,-0.66440067,-0.01945081,0.31000892,0.75134125,-0.02864973,-0.40596598,-0.81662031,-0.01473505,-0.01399155,-0.99979356,0.01864594,-0.02532099,0.04030454,0.46326175,0.00000000,0.05726961
10000680000000,synthetic_50hz_01,34,0.02,98.37342321,96.81905667,17.19424542,17.27896128,17.34266991,0.31580614,113.97880979,1,1,0,0,1,0.41602131,0.00000000,0.04140502,-0.03925481,-0.11242994,-0.12934968,0.04325307,0.11180136,0.11558991,-0.04600432,-0.10794951,-0.09849763,0.04742925,0.10098542,0.07856562,-0.04748677,-0.09110987,-0.05636853,0.04617522,0.07860758,0.03254630,-0.03758087,0.01505725,-0.36293293,0.04269985,0.22478681,-0.13143683,-0.04658290,0.01845203,-0.33100153,0.04912804,0.21532503,-0.16924981,-0.05027177,0.03369607,-0.28839020,0.04999069,0.19475228,-0.21543523,-0.16306651,-0.03544678,0.42498879,0.12057284,-0.08003807,-0.55113894,-0.07460300,0.19321539,0.66139950,0.02648233,-0.30082221,-0.75259160,0.02240185,0.39975619,0.82208613,-0.07064016,-0.48716502,-0.86787954,-0.01511231,-0.01436215,-0.99978267,0.01841626,-0.02498023,0.04140502,0.45325360,0.00000000,0.05682047
10000700000000,synthetic_50hz_01,35,0.02,98.63319787,97.18188491,17.25658371,17.34266991,17.40632353,0.32763625,114.16784221,1,1,0,0,1,0.42410678,0.00000000,0.04249490,-0.04319418,-0.11311664,-0.11870457,0.04614264,0.10965381,0.10187014,-0.04776080,-0.10302962,-0.08209876,0.04800198,0.09343504,0.05996042,-0.04685925,-0.08114668,-0.03609340,0.04436554,0.06651882,0.01118579,-0.04147177,0.01438788,-0.35231756,0.04553996,0.22261554,-0.14513276,-0.04828989,0.02340154,-0.31462012,0.04965227,0.20773971,-0.18784426,-0.04959770,0.04369882,-0.26811888,0.04813735,0.18262013,-0.23679896,-0.12839278,0.06587393,0.54372818,0.08209201,-0.18132963,-0.65804588,-0.03342448,0.29155750,0.75339182,-0.01620669,-0.39337964,-0.82701712,0.06537062,0.48386046,0.87679913,-0.11264988,-0.56039136,-0.90130261,-0.01547979,-0.01472809,-0.99977173,0.01818062,-0.02463459,0.04249490,0.44345757,0.00000000,0.05635517
10000720000000,synthetic_50hz_01,36,0.02,99.15805632,97.57711919,17.31947443,17.40632353,17.45884642,0.33951919,114.35369832,1,1,0,0,1,0.43201744,0.00000000,0.04357390,-0.04625660,-0.11126750,-0.10511592,0.04806264,0.10497815,0.08551037,-0.04848302,-0.09566223,-0.06343951,0.04750561,0.08358832,0.03953967,-0.04515858,-0.06910453,-0.01449987,0.04150962,0.05262842,-0.01095796,-0.04448579,0.01625406,-0.33875891,0.04741051,0.21791643,-0.16146842,-0.04896261,0.03079831,-0.29597864,0.04910733,0.19785828,-0.20825397,-0.04785038,0.05578034,-0.24652946,0.04523761,0.16868649,-0.25894562,-0.08945122,0.16948706,0.65438741,0.04026861,-0.28224799,-0.75378917,0.01007496,0.38687158,0.83145884,-0.06012807,-0.48034148,-0.88515716,0.10844766,0.55996291,0.91333598,-0.15364065,-0.62344035,-0.91518291,-0.01583782,-0.01508925,-0.99976074,0.01793908,-0.02428411,0.04357390,0.43387262,0.00000000,0.05587415
10000740000000,synthetic_50hz_01,37,0.02,99.48864026,97.95942341,17.37801067,17.45884642,17.50882562,0.35145283,114.53644989,1,1,0,0,1,0.43975732,0.00000000,0.04464174,-0.04833730,-0.10683573,-0.08880325,0.04893230,0.09779550,0.06680732,-0.04811657,-0.08593577,-0.04288529,0.04591361,0.07159848,0.01772687,-0.04238694,-0.05519697,0.00794263,0.03763824,0.03720410,-0.03338314,-0.04651815,0.02070257,-0.32247647,0.04823075,0.21071061,-0.18014709,-0.04854664,0.04055389,-0.27544246,0.04746671,0.18583393,-0.23005543,-0.04503198,0.06972709,-0.22409137,0.04132227,0.15321909,-0.28137340,-0.04700729,0.27292388,0.75382806,-0.00401607,-0.38026443,-0.83545453,0.05492364,0.47664178,0.89299445,-0.10424774,-0.55927733,-0.92478892,0.15056633,0.62578864,0.92992130,-0.19254402,-0.67425818,-0.90824361,-0.01618671,-0.01544553,-0.99974971,0.01769173,-0.02392887,0.04464174,0.42449688,0.00000000,0.05537778
10000760000000,synthetic_50hz_01,38,0.02,99.76936201,98.32141113,17.43295295,17.50882562,17.55763352,0.36343497,114.71616682,1,1,0,0,1,0.44733035,0.00000000,0.04569816,-0.04935215,-0.09983886,-0.07006565,0.04869433,0.08819233,0.04613088,-0.04663263,-0.07400317,-0.02086613,0.04322649,0.05768046,-0.00500020,-0.03857410,-0.03969480,0.03072237,0.03280961,0.02056472,-0.05555880,-0.04748474,0.02771590,-0.30376935,0.04794338,0.20108454,-0.20079888,-0.04701317,0.05251538,-0.25344162,0.04473090,0.17188163,-0.25277085,-0.04117228,0.08526826,-0.20131636,0.03644955,0.13653677,-0.30355135,-0.00196178,0.37358793,0.83904504,-0.04976722,-0.47279258,-0.90034996,0.10006142,0.55836639,0.93569736,-0.14747080,-0.62784225,-0.94406818,0.19062852,0.67921712,0.92522106,-0.22829034,-0.71100984,-0.87969940,-0.01652678,-0.01579680,-0.99973866,0.01743865,-0.02356895,0.04569816,0.41532782,0.00000000,0.05486641
10000780000000,synthetic_50hz_01,39,0.02,100.51312817,98.75975454,17.48531879,17.55763352,17.58686583,0.37546348,114.89291726,1,1,0,0,1,0.45474037,0.00000000,0.04674288,-0.04924098,-0.09036131,-0.04927738,0.04731757,0.07632118,0.02391746,-0.04402998,-0.06008068,0.00213201,0.03947299,0.04210802,-0.02812002,-0.03377796,-0.02292137,0.05329731,0.02710911,0.00307388,-0.07693801,-0.04732537,0.03720963,-0.28301179,0.04651726,0.18919077,-0.22298738,-0.04436097,0.06646649,-0.23046210,0.04092865,0.15627513,-0.27587873,-0.03632918,0.10208049,-0.17874644,0.03070481,0.11900316,-0.32493255,0.04466760,0.46882263,0.90726074,-0.09589887,-0.55725970,-0.94609587,0.14436533,0.62963072,0.95765461,-0.18866967,-0.68384919,-0.94160373,0.22753457,0.71835196,0.89840598,-0.25983955,-0.73214432,-0.82930676,-0.01685834,-0.01614295,-0.99972760,0.01717993,-0.02320440,0.04674288,0.40636241,0.00000000,0.05434033
10000800000000,synthetic_50hz_01,40,0.02,100.86365814,99.18053526,17.52796855,17.58686583,17.61432314,0.38753537,115.06676755,1,1,0,0,1,0.46199110,0.00000000,0.04777564,-0.04797032,-0.07855519,-0.02688102,0.04479912,0.06239956,0.00066101,-0.04033635,-0.04444492,0.02557806,0.03471066,0.02520891,-0.05107969,-0.02808424,-0.00524612,0.07510868,0.02064815,-0.01486792,-0.09697225,-0.04600659,0.04903162,-0.26064639,0.04394947,0.17524680,-0.24621865,-0.04061777,0.08213063,-0.20703495,0.03611753,0.13934219,-0.29882617,-0.03058840,0.11979435,-0.15694040,0.02419947,0.10101874,-0.34496847,0.09176917,0.55598470,0.95601753,-0.14126012,-0.63118172,-0.97071074,0.18667848,0.68818147,0.95741791,-0.22671481,-0.72534063,-0.91652228,0.26021485,0.74158789,0.84920288,-0.28621277,-0.73645482,-0.75740057,-0.01718168,-0.01648387,-0.99971654,0.01691563,-0.02283531,0.04777564,0.39759726,0.00000000,0.05379980
10000820000000,synthetic_50hz_01,41,0.02,100.95929338,99.53628688,17.56423748,17.61432314,17.64897038,0.39964742,115.23778237,1,1,0,0,1,0.46908619,0.00000000,0.04879616,-0.04553555,-0.06463916,-0.00337836,0.04116564,0.04670682,-0.02309800,-0.03560890,-0.02742791,0.04890843,0.02902555,0.00735824,-0.07330881,-0.02160537,0.01292357,0.09559566,0.01356230,-0.03283279,-0.11512644,-0.04352378,0.06296325,-0.23717494,0.04026668,0.15953198,-0.26995221,-0.03584075,0.09917576,-0.18372377,0.03038356,0.12145791,-0.32104274,-0.02406237,0.13800246,-0.13645907,0.01706911,0.08301141,-0.36312403,0.13816440,0.63252105,0.98326563,-0.18466504,-0.69223949,-0.97268936,0.22584170,0.73200033,0.93406999,-0.26050723,-0.75065727,-0.86852096,0.28766223,0.74767241,0.77793206,-0.30652378,-0.72313180,-0.66491501,-0.01749710,-0.01681945,-0.99970548,0.01664585,-0.02246174,0.04879616,0.38902871,0.00000000,0.05324508
10000840000000,synthetic_50hz_01,42,0.02,101.15921928,99.86087336,17.59982530,17.64897038,17.68430680,0.41179688,115.40602470,1,1,0,0,1,0.47602918,0.00000000,0.04980419,-0.04196228,-0.04889520,0.02068094,0.03647391,0.02957914,-0.04678552,-0.02993398,-0.00941030,0.07154126,0.02253104,-0.01102984,-0.09423442,-0.01447853,0.03115199,0.11421077,0.00600859,-0.05037601,-0.13089436,-0.03990254,0.07872250,-0.21314707,0.03552568,0.14238250,-0.29361402,-0.03011625,0.11722124,-0.16111040,0.02384015,0.10303645,-0.34195553,-0.01688828,0.15626911,-0.11784990,0.00947075,0.06542588,-0.37889301,0.18263850,0.69604719,0.98744316,-0.22492501,-0.73835427,-0.95107064,0.26072683,0.75937426,0.88727831,-0.28901177,-0.75850113,-0.79790534,0.30896437,0.73576007,0.68552838,-0.32000938,-0.69180669,-0.55338732,-0.01780487,-0.01714957,-0.99969444,0.01637068,-0.02208377,0.04980419,0.38065290,0.00000000,0.05267638
10000860000000,synthetic_50hz_01,43,0.02,101.58502762,100.20570421,17.63530753,17.68430680,17.71048101,0.42398149,115.57155590,1,1,0,0,1,0.48282353,0.00000000,0.05079947,-0.03730688,-0.03166355,0.04471259,0.03081053,0.01140258,-0.06980846,-0.02342590,0.00918714,0.09289172,0.01536590,-0.02951199,-0.11329687,-0.00686288,0.04898600,0.13043562,-0.00183799,-0.06704771,-0.14381385,-0.03519925,0.09596915,-0.18914710,0.02981308,0.12418441,-0.31661099,-0.02355858,0.13584630,-0.13977968,0.01662605,0.08452114,-0.36100485,-0.00922529,0.17414114,-0.10163129,0.00157939,0.04871204,-0.39181326,0.22397370,0.74442437,0.96754543,-0.26088298,-0.76775967,-0.90549243,0.29027089,0.76896009,0.81733365,-0.31129015,-0.74799104,-0.70561077,0.32333476,0.70545706,0.57354480,-0.32605749,-0.64258443,-0.42494327,-0.01810529,-0.01747414,-0.99968343,0.01609021,-0.02170147,0.05079947,0.37246583,0.00000000,0.05209393
10000880000000,synthetic_50hz_01,44,0.02,102.11072187,100.58670774,17.66688039,17.71048101,17.72436086,0.43619889,115.73443576,1,1,0,0,1,0.48947261,0.00000000,0.05178175,-0.03165620,-0.01333554,0.06811244,0.02429072,-0.00739563,-0.09157031,-0.01622494,0.02791359,0.11238817,0.00769138,-0.04762678,-0.12996582,0.00106392,0.06596688,0.14379650,-0.00978855,-0.08240511,-0.15348146,-0.02950076,0.11431187,-0.16577916,0.02324407,0.10536495,-0.33834660,-0.01630802,0.15460011,-0.12030327,0.00890253,0.06637343,-0.37766037,-0.00125105,0.19115985,-0.08827697,-0.00641609,0.03331267,-0.40148132,0.26098431,0.77583329,0.92318082,-0.29144840,-0.77906768,-0.83623073,0.31350990,0.75984118,0.72517172,-0.32653276,-0.71870810,-0.59320566,0.33014153,0.65685434,0.44413722,-0.32423216,-0.57606316,-0.28226409,-0.01839860,-0.01779305,-0.99967245,0.01580452,-0.02131492,0.05178175,0.36446343,0.00000000,0.05149792
10000900000000,synthetic_50hz_01,45,0.02,102.52105090,100.97357637,17.69102219,17.72436086,17.73157029,0.44844623,115.89472251,1,1,0,0,1,0.49597969,0.00000000,0.05275077,-0.02512630,0.00565526,0.09027254,0.01705623,-0.02635733,-0.11148764,-0.00849441,0.04629950,0.12948851,-0.00031230,-0.06490683,-0.14375616,0.00911001,0.08164288,0.15387925,-0.01764507,-0.09602512,-0.15956593,-0.02292315,0.13331709,-0.14365121,0.01596043,0.08638229,-0.35823744,-0.00852790,0.17301312,-0.10322324,0.00084980,0.04906068,-0.39143698,0.00684255,0.20687348,-0.07820108,-0.01431764,0.01965085,-0.40756593,0.29255250,0.78884153,0.85461061,-0.31563185,-0.77132646,-0.74422146,0.32961139,0.73157370,0.61237606,-0.33408807,-0.67072933,-0.46287557,0.32893284,0.59054751,0.30003017,-0.31429433,-0.49333994,-0.12853476,-0.01868509,-0.01810619,-0.99966152,0.01551371,-0.02092419,0.05275077,0.35664159,0.00000000,0.05088856
10000920000000,synthetic_50hz_01,46,0.02,102.72779946,101.32442099,17.70805239,17.73157029,17.73989678,0.46072026,116.05247288,1,1,0,0,1,0.50234798,0.00000000,0.05370629,-0.01786038,0.02484352,0.11059792,0.00927238,-0.04500502,-0.12900684,-0.00041704,0.06386900,0.14369644,-0.00845031,-0.08089160,-0.15424320,0.01707404,0.09558207,0.16034306,-0.02520552,-0.10751685,-0.16182015,-0.01560959,0.15251947,-0.12335821,0.00812746,0.06771391,-0.37572989,-0.00040093,0.19060946,-0.08903590,-0.00733731,0.03304345,-0.40191001,0.01485420,0.22085010,-0.07174443,-0.02192326,0.00811746,-0.40981999,0.31766368,0.78246241,0.76277083,-0.33257822,-0.74406754,-0.63106309,0.33790438,0.68422085,0.48116151,-0.33348859,-0.60464776,-0.31738782,0.31945817,0.50764240,0.14446369,-0.29621763,-0.39600146,0.03262540,-0.01896501,-0.01841346,-0.99965064,0.01521788,-0.02052936,0.05370629,0.34899618,0.00000000,0.05026603
10000940000000,synthetic_50hz_01,47,0.02,102.89942015,101.63942082,17.72142703,17.73989678,17.74908767,0.47301787,116.20774214,1,1,0,0,1,0.50858060,0.00000000,0.05464806,-0.01002571,0.04374399,0.12852364,0.00112433,-0.06285452,-0.14362063,0.00780947,0.08015292,0.15457696,-0.01651812,-0.09514048,-0.16107677,0.02475054,0.10738509,0.16293266,-0.03226940,-0.11653374,-0.16009113,-0.00772737,0.17143377,-0.10546509,-0.00006965,0.04984400,-0.39031666,0.00787519,0.20691997,-0.07817625,-0.01545426,0.01876235,-0.40872927,0.02257839,0.23269035,-0.06916230,-0.02903244,-0.00094091,-0.40809049,0.33544039,0.75620303,0.64927466,-0.34159733,-0.69734040,-0.49899931,0.33790586,0.61837312,0.33433758,-0.32447241,-0.52157786,-0.16003674,0.30168427,0.40974526,-0.01887803,-0.27019843,-0.28609952,0.19724854,-0.01923860,-0.01871477,-0.99963982,0.01491712,-0.02013050,0.05464806,0.34152306,0.00000000,0.04963052
10000960000000,synthetic_50hz_01,48,0.02,102.86447596,101.88443185,17.73304450,17.74908767,17.76535213,0.48533627,116.36058410,1,1,0,0,1,0.51468057,0.00000000,0.05557584,-0.00180984,0.06186432,0.14353167,-0.00718740,-0.07942822,-0.15488386,0.01597743,0.09470216,0.16177068,-0.02430683,-0.10724580,-0.16399358,0.03193544,0.11669749,0.16148846,-0.03864335,-0.12278474,-0.15432755,0.00053597,0.18956763,-0.09048991,-0.00843041,0.03325017,-0.40155263,0.01609275,0.22149554,-0.07100368,-0.02329214,0.00662503,-0.41163146,0.02981107,0.24203977,-0.07061428,-0.03545181,-0.00723321,-0.40232613,0.34517347,0.71009938,0.51639424,-0.34219086,-0.63173299,-0.35088127,0.32934273,0.53515344,0.17525222,-0.30699950,-0.42314517,0.00542943,0.27580533,0.29893742,-0.18595454,-0.23665956,-0.16611118,0.36111850,-0.01950611,-0.01901001,-0.99962907,0.01461152,-0.01972770,0.05557584,0.33421816,0.00000000,0.04898222
10000980000000,synthetic_50hz_01,49,0.02,103.24495706,102.15653689,17.74661370,17.76535213,17.76989177,0.49767343,116.51105120,1,1,0,0,1,0.52065086,0.00000000,0.05648940,0.00658397,0.07871866,0.15516693,-0.01545204,-0.09426870,-0.16242812,0.02387463,0.10710092,0.16500642,-0.03160890,-0.11684538,-0.16282752,0.03843187,0.12322113,0.15595422,-0.04414683,-0.12604436,-0.14458468,0.00897716,0.20643520,-0.07888772,-0.01674402,0.01838984,-0.40906936,0.02403954,0.23392036,-0.06778937,-0.03064343,-0.00300630,-0.41045050,0.03635536,0.24860023,-0.07615659,-0.04100083,-0.01053397,-0.39258218,0.34634952,0.64473692,0.36702183,-0.33407466,-0.54837665,-0.19010980,0.31216826,0.43620643,0.00771683,-0.28126192,-0.31146018,0.17489863,0.24224666,0.17773438,-0.35247168,-0.19624731,-0.03888442,0.51988281,-0.01976778,-0.01929909,-0.99961839,0.01430119,-0.01932103,0.05648940,0.32707743,0.00000000,0.04832131
10001000000000,synthetic_50hz_01,50,0.02,103.15834465,102.35689844,17.75639049,17.76989177,17.78104127,0.51002721,116.65919452,1,1,0,0,1,0.52649435,0.00000000,0.05738849,0.01494194,0.09384144,0.16305215,-0.02345413,-0.10695218,-0.16597450,0.03129013,0.11697944,0.16411173,-0.03822401,-0.12363413,-0.15751754,0.04405588,0.12672439,0.14638205,-0.04861760,-0.12616113,-0.13102630,0.01738241,0.22157092,-0.07103581,-0.02479503,0.00568679,-0.41258796,0.03150462,0.24382468,-0.06870576,-0.03730780,-0.00982658,-0.40512534,0.04202731,0.25214010,-0.08573714,-0.04551727,-0.01069171,-0.37902239,0.33867352,0.56125530,0.20461038,-0.31719542,-0.44893481,-0.02055855,0.28657243,0.32367133,-0.16408599,-0.24768742,-0.18907624,0.34399986,0.20166146,0.04903001,-0.51399605,-0.14982151,0.09242979,0.66917349,-0.02002385,-0.01958192,-0.99960780,0.01398622,-0.01891058,0.05738849,0.32009686,0.00000000,0.04764797
10001020000000,synthetic_50hz_01,51,0.02,103.12147447,102.50981365,17.76674382,17.78104127,17.79362856,0.52239592,116.80506381,1,1,0,0,1,0.53221385,0.00000000,0.05827289,0.02304544,0.10680110,0.16690086,-0.03097941,-0.11710152,-0.16534431,0.03802024,0.12402585,0.15902081,-0.04396492,-0.12737446,-0.14811266,0.04864207,0.12705080,0.13293436,-0.05191685,-0.12306421,-0.11392349,0.02553310,0.23454322,-0.06722062,-0.03236919,-0.00448183,-0.41192974,0.03828430,0.25089663,-0.07381867,-0.04309800,-0.01359819,-0.39570497,0.04666151,0.25250291,-0.09919351,-0.04886230,-0.00763558,-0.36191788,0.32208572,0.46133650,0.03309487,-0.29174108,-0.33557505,0.15352035,0.25298541,0.20013881,-0.33570951,-0.20693605,-0.05893247,0.50822000,0.15492063,-0.08397291,-0.66607828,-0.09843878,0.22445732,0.80473321,-0.02027453,-0.01985840,-0.99959729,0.01366673,-0.01849642,0.05827289,0.31327252,0.00000000,0.04696238
10001040000000,synthetic_50hz_01,52,0.02,103.80027319,102.76790556,17.77803541,17.79362856,17.77796832,0.53477829,116.94870753,1,1,0,0,1,0.53781211,0.00000000,0.05914237,0.03067697,0.11721326,0.16652828,-0.03782091,-0.12439820,-0.16046712,0.04387446,0.12799668,0.14977962,-0.04866308,-0.12790496,-0.13477390,0.05204873,0.12412567,0.11588259,-0.05393378,-0.11676779,-0.09365033,0.03321172,0.24496773,-0.06762696,-0.03925950,-0.01179751,-0.40702425,0.04418810,0.25489273,-0.08308211,-0.04784549,-0.01415973,-0.38235043,0.05011627,0.24961398,-0.11625427,-0.05092514,-0.00137978,-0.34164271,0.29677208,0.34717609,-0.14320411,-0.25814427,-0.21092485,0.32760566,0.21207404,0.06859254,-0.50256219,-0.15988962,0.07571731,0.66302962,0.10309550,-0.21784421,-0.80438159,-0.04332910,0.35369055,0.92254287,-0.02052005,-0.02012845,-0.99958689,0.01334280,-0.01807863,0.05914237,0.30660056,0.00000000,0.04626474
10001060000000,synthetic_50hz_01,53,0.02,103.86860467,102.98804538,17.77800723,17.77796832,17.76041797,0.54717187,117.09017286,1,1,0,0,1,0.54329178,0.00000000,0.05999671,0.03762635,0.12475293,0.16185942,-0.04378496,-0.12859303,-0.15138590,0.04868124,0.12872573,0.13654785,-0.05217401,-0.12514722,-0.11777306,0.05416258,0.11796065,0.09560282,-0.05458962,-0.10737321,-0.07067631,0.04020810,0.25251943,-0.07232980,-0.04527232,-0.01601105,-0.39791449,0.04904443,0.25564679,-0.09633642,-0.05140577,-0.01143279,-0.36533352,0.05227829,0.24348493,-0.13654332,-0.05162699,0.00797436,-0.31866638,0.26316765,0.22143778,-0.31969202,-0.21707849,-0.07801173,0.49702873,0.16473085,-0.06766344,-0.66003587,-0.10763394,0.21138783,0.80401386,0.04743390,-0.34901782,-0.92481177,0.01413368,0.47658546,1.01894691,-0.02076063,-0.02039198,-0.99957658,0.01301456,-0.01765731,0.05999671,0.30007717,0.00000000,0.04555523
10001080000000,synthetic_50hz_01,54,0.02,103.89522763,103.16948183,17.77061974,17.76041797,17.74011997,0.55957370,117.22950578,1,1,0,0,1,0.54865547,0.00000000,0.06083570,0.04369683,0.12916531,0.15293433,-0.04869706,-0.12951511,-0.13825901,0.05229334,0.12613094,0.11959762,-0.05438197,-0.11911035,-0.09748817,0.05490275,0.10865575,0.07256810,-0.05384065,-0.09506856,-0.04555585,0.04632547,0.25694356,-0.08128910,-0.05023312,-0.01695156,-0.38475881,0.05270607,0.25307674,-0.11330945,-0.05366312,-0.00542648,-0.34503227,0.05306670,0.23421580,-0.15958763,-0.05092415,0.02023876,-0.29354329,0.22195256,0.08719224,-0.49162442,-0.16944688,0.05981090,0.65710403,0.11205596,-0.20508966,-0.80363902,-0.05143443,0.34445560,0.92700473,-0.01066999,-0.47389072,-1.02364445,0.07246679,0.58966334,1.09077203,-0.02099648,-0.02064890,-0.99956639,0.01268209,-0.01723252,0.06083570,0.29369864,0.00000000,0.04483403
10001100000000,synthetic_50hz_01,55,0.02,103.83677176,103.30293982,17.75780984,17.74011997,17.71767196,0.57198068,117.36675107,1,1,0,0,1,0.55390571,0.00000000,0.06165911,0.04871101,0.13027495,0.13991010,-0.05240729,-0.12707883,-0.12135890,0.05459264,0.12021896,0.09930886,-0.05520406,-0.10989312,-0.07439570,0.05422392,0.09639901,0.04733768,-0.05168048,-0.08012567,-0.01891489,0.05138645,0.25806466,-0.09434775,-0.05399199,-0.01453342,-0.36782966,0.05505490,0.24718924,-0.13362128,-0.05453462,0.00376043,-0.32192315,0.05243618,0.22199462,-0.18482793,-0.04881022,0.03514156,-0.26689940,0.17404039,-0.05215855,-0.65423986,-0.11636363,0.19895030,0.80326481,0.05533205,-0.34000623,-0.92913126,0.00729478,0.47125962,1.02821043,-0.06971129,-0.58892637,-1.09764581,0.13011800,0.68961410,1.13543555,-0.02122780,-0.02089913,-0.99955630,0.01234552,-0.01680435,0.06165911,0.28746133,0.00000000,0.04410133
10001120000000,synthetic_50hz_01,56,0.02,104.02196227,103.44674431,17.74095193,17.71767196,17.68068392,0.58438977,117.50195233,1,1,0,0,1,0.55904497,0.00000000,0.06246674,0.05251638,0.12799275,0.12305945,-0.05479521,-0.12128843,-0.10106732,0.05549427,0.11108732,0.07616137,-0.05459340,-0.09768350,-0.04905966,0.05211858,0.08146342,0.02054353,-0.04814116,-0.06289471,0.00856488,0.05523851,0.25579360,-0.11123304,-0.05642850,-0.00876088,-0.34750879,0.05600604,0.23808181,-0.15679212,-0.05397340,0.01593997,-0.29657017,0.05037922,0.20709437,-0.21163228,-0.04531725,0.05233262,-0.23941639,0.12055917,-0.19296959,-0.80289780,-0.05912839,0.33567123,0.93119973,-0.00400710,-0.46869530,-1.03265474,0.06702706,0.58820668,1.10433783,-0.12811460,-0.69075978,-1.14418234,0.18550853,0.77339795,1.15103955,-0.02145478,-0.02114259,-0.99954634,0.01200495,-0.01637289,0.06246674,0.28136169,0.00000000,0.04335733
10001140000000,synthetic_50hz_01,57,0.02,104.07816116,103.57302768,17.71563936,17.68068392,17.63305334,0.59679739,117.63515202,1,1,0,0,1,0.56407566,0.00000000,0.06325837,0.05499026,0.12232065,0.10276596,-0.05577403,-0.11224026,-0.07786734,0.05494982,0.09892394,0.05072378,-0.05254137,-0.08275559,-0.02211782,0.04861814,0.06420136,-0.00712580,-0.04329322,-0.04379617,0.03616398,0.05775897,0.25013235,-0.13156140,-0.05745585,0.00026972,-0.32427928,0.05551107,0.22594236,-0.18225333,-0.05197084,0.03083805,-0.26961111,0.04692722,0.18986743,-0.23931210,-0.04051577,0.07139145,-0.21181374,0.06282526,-0.33145132,-0.93321738,0.00080577,0.46620009,1.03698623,-0.06441357,-0.58750809,-1.11085828,0.12616429,0.69187796,1.15270378,-0.18427764,-0.77630067,-1.16131628,0.23707818,0.83834227,1.13644749,-0.02167763,-0.02137919,-0.99953651,0.01166049,-0.01593822,0.06325837,0.27539623,0.00000000,0.04260222
10001160000000,synthetic_50hz_01,58,0.02,104.38011041,103.73444422,17.68095323,17.63305334,17.56339203,0.60919944,117.76639151,1,1,0,0,1,0.56900012,0.00000000,0.06403381,0.05604397,0.11335379,0.07951582,-0.05529386,-0.10012217,-0.05233205,0.05294961,0.08400398,0.02363953,-0.04907879,-0.06546392,0.00573454,0.04379302,0.04503650,-0.03494327,-0.03724466,-0.02331066,0.06314457,0.05885916,0.24117604,-0.15484662,-0.05702414,0.01237053,-0.29871420,0.05356033,0.21104608,-0.20936147,-0.04855774,0.04810013,-0.24174123,0.04215061,0.17073748,-0.26714036,-0.03451379,0.09183743,-0.18482930,0.00231065,-0.46377552,-1.04121279,0.06187001,0.58683367,1.11721645,-0.12426692,-0.69297313,-1.16101025,0.18308116,0.77913385,1.17133158,-0.23661709,-0.84283178,-1.14788287,0.28333123,0.88223048,1.09134016,-0.02189653,-0.02160887,-0.99952680,0.01131225,-0.01550042,0.06403381,0.26956156,0.00000000,0.04183619
10001180000000,synthetic_50hz_01,59,0.02,104.69076771,103.92570892,17.63157753,17.56339203,17.47149524,0.62159070,117.89571109,1,1,0,0,1,0.57382063,0.00000000,0.06479286,0.05562617,0.10127999,0.05388649,-0.05334398,-0.08521037,-0.02511042,0.04952386,0.06668410,-0.00438960,-0.04427595,-0.04623529,0.03376306,0.03775153,0.02445349,-0.06216311,-0.03013873,-0.00196669,0.08877098,0.05848774,0.22911249,-0.18051125,-0.05512265,0.02726533,-0.27146254,0.05018403,0.19374959,-0.23741475,-0.04380440,0.06729943,-0.21369491,0.03615771,0.15018916,-0.29437130,-0.02745452,0.11314206,-0.15919874,-0.05939534,-0.58618573,-1.12342074,0.12242206,0.69404900,1.16911138,-0.18191930,-0.78190252,-1.18109600,0.23617173,0.84721342,1.15902907,-0.28361521,-0.88809876,-1.10354679,0.32288193,0.90337980,1.01624874,-0.02211168,-0.02183155,-0.99951723,0.01096034,-0.01505959,0.06479286,0.26385435,0.00000000,0.04105944
10001200000000,synthetic_50hz_01,60,0.02,104.80062223,104.10069158,17.56434297,17.47149524,17.36531594,0.63396464,118.02314998,1,1,0,0,1,0.57853942,0.00000000,0.06553533,0.05372516,0.08637648,0.02653229,-0.04995405,-0.06786356,0.00308945,0.04474274,0.04739409,-0.03262212,-0.03824148,-0.02555823,0.06121428,0.03063770,0.00298551,-0.08804160,-0.02215061,0.01967328,0.11233064,0.05663300,0.21421892,-0.20790097,-0.05178104,0.04459545,-0.24323239,0.04545233,0.17448271,-0.26567171,-0.03781945,0.08794740,-0.18622560,0.02909250,0.12875564,-0.32026117,-0.01951318,0.13474287,-0.13563461,-0.12062904,-0.69510862,-1.17701604,0.18079201,0.78461102,1.19061945,-0.23574266,-0.85149271,-1.16989674,0.28389673,0.89382547,1.11544536,-0.32386593,-0.91038883,-1.02883517,0.35449793,0.90070525,0.91256319,-0.02232323,-0.02204716,-0.99950780,0.01060489,-0.01461581,0.06553533,0.25827136,0.00000000,0.04027218
10001220000000,synthetic_50hz_01,61,0.02,104.60681230,104.20191573,17.48075162,17.36531594,17.25562507,0.64631385,118.14874638,1,1,0,0,1,0.58315865,0.00000000,0.06626101,0.05037004,0.06900394,-0.00183254,-0.04519411,-0.04851446,0.03151918,0.03871521,0.02662629,-0.06029711,-0.03112014,-0.00397046,0.08733665,0.02262785,-0.01879983,-0.11185823,-0.01348320,0.04102811,0.13315488,0.05332402,0.19685602,-0.23630153,-0.04706935,0.06392813,-0.21477214,0.03947418,0.15373777,-0.29337139,-0.03074765,0.10950633,-0.16008485,0.02113136,0.10700455,-0.34408949,-0.01089265,0.15605874,-0.11480560,-0.17969896,-0.78726308,-1.19991121,0.23533016,0.85567461,1.18049601,-0.28417668,-0.89941663,-1.12704657,0.32483025,0.91722806,1.04110384,-0.35611882,-0.90859538,-0.92514561,0.37714031,0.87376746,0.78251500,-0.02253139,-0.02225562,-0.99949851,0.01024600,-0.01416916,0.06626101,0.25280944,0.00000000,0.03947460
10001240000000,synthetic_50hz_01,62,0.02,104.28839453,104.21921149,17.38619847,17.25562507,17.14513010,0.65863086,118.27253749,1,1,0,0,1,0.58768045,0.00000000,0.06696973,0.04563072,0.04959793,-0.03045292,-0.03917342,-0.02765908,0.05941059,0.03158673,0.00492281,-0.08665543,-0.02308939,0.01795539,0.11140195,0.01392636,-0.04031593,-0.13293671,-0.00436183,0.06151414,0.15063883,0.04863075,0.17745936,-0.26495785,-0.04109685,0.08476738,-0.18684998,0.03239507,0.13205687,-0.31975467,-0.02276645,0.13140359,-0.13600088,0.01247862,0.08552247,-0.36517996,-0.00181825,0.17650599,-0.09731657,-0.23493429,-0.85976348,-1.19083651,0.28445568,0.90487773,1.13836069,-0.32577609,-0.92390394,-1.05306540,0.35770422,0.91629356,0.93740975,-0.37931958,-0.88226601,-0.79472813,0.38999897,0.82280233,0.62913414,-0.02273630,-0.02245687,-0.99948937,0.00988379,-0.01371973,0.06696973,0.24746548,0.00000000,0.03866692
10001260000000,synthetic_50hz_01,63,0.02,104.35865730,104.24710065,17.28494976,17.14513010,17.01775943,0.67090871,118.39455956,1,1,0,0,1,0.59210686,0.00000000,0.06766131,0.03961679,0.02865804,-0.05855365,-0.03203816,-0.00584382,0.08599720,0.02353586,-0.01713888,-0.11096141,-0.01435501,0.03962745,0.13272655,0.00476030,-0.06097355,-0.15066513,0.00497166,0.08056175,0.16425995,0.04266273,0.15652851,-0.29309473,-0.03400970,0.10656681,-0.16023237,0.02439353,0.11001749,-0.34408587,-0.01408164,0.15304732,-0.11465734,0.00336136,0.06489865,-0.38292067,0.00746816,0.19551502,-0.08369006,-0.28473415,-0.91021376,-1.14939763,0.32670442,0.93042245,1.06473023,-0.35925565,-0.92380663,-0.94936615,0.38144938,0.89055703,0.80663141,-0.39264574,-0.83163225,-0.64064111,0.39252194,0.74873113,0.45618082,-0.02293815,-0.02265085,-0.99948039,0.00951837,-0.01326762,0.06766131,0.24223650,0.00000000,0.03784933
10001280000000,synthetic_50hz_01,64,0.02,104.53317484,104.30431549,17.17272982,17.01775943,16.87298281,0.68314031,118.51484786,1,1,0,0,1,0.59643989,0.00000000,0.06833557,0.03247508,0.00673478,-0.08536112,-0.02396792,0.01634918,0.11053609,0.01476976,-0.03896177,-0.13252426,-0.00514578,0.06045109,0.15069169,-0.00462655,-0.08019757,-0.16451461,0.01426550,0.09763191,0.17359450,0.03556683,0.13461398,-0.31993856,-0.02598749,0.12874427,-0.13566224,0.01567672,0.08821663,-0.36567421,-0.00492199,0.17384287,-0.09667297,-0.00597663,0.04570820,-0.39678274,0.01671483,0.21254679,-0.07434983,-0.32761598,-0.93678917,-1.07610841,0.36077440,0.93114102,0.96102520,-0.38353152,-0.89864765,-0.81823519,0.39523125,0.84024584,0.65185508,-0.39553628,-0.75761936,-0.46668168,0.38443781,0.65315035,0.26805363,-0.02313708,-0.02283749,-0.99947156,0.00914987,-0.01281291,0.06833557,0.23711953,0.00000000,0.03702205
10001300000000,synthetic_50hz_01,65,0.02,104.38238149,104.31992869,17.04683607,16.87298281,16.72825721,0.69531812,118.63343674,1,1,0,0,1,0.60068150,0.00000000,0.06899234,0.02438620,-0.01558516,-0.11012544,-0.01517121,0.03831795,0.13232960,0.00551883,-0.05994602,-0.15071863,0.00429266,0.07984582,0.16476237,-0.01398039,-0.09744362,-0.17405594,0.02326506,0.11223208,0.17833140,0.02752364,0.11230248,-0.34473945,-0.01723874,0.15069779,-0.11383726,0.00647506,0.06725414,-0.38389433,0.00446687,0.19320977,-0.08258278,-0.01528155,0.02849549,-0.40633695,0.02566712,0.22710877,-0.06960694,-0.36226156,-0.93830285,-0.97239711,0.38556761,0.90654473,0.82954978,-0.39775758,-0.84865051,-0.66278614,0.39848001,0.76628930,0.47691407,-0.38771407,-0.66183560,-0.27729235,0.36577016,0.53830088,0.06967615,-0.02333327,-0.02301673,-0.99946289,0.00877841,-0.01235568,0.06899234,0.23211173,0.00000000,0.03618529
10001320000000,synthetic_50hz_01,66,0.02,104.12133105,104.28020916,16.91303295,16.72825721,16.59071774,0.70743498,118.75035967,1,1,0,0,1,0.60483359,0.00000000,0.06963144,0.01555997,-0.03769501,-0.13214226,-0.00588002,0.05945759,0.15074597,-0.00396946,-0.07950597,-0.16500360,0.01370450,0.09726216,0.17450410,-0.02304442,-0.11221424,-0.17897357,0.03171997,0.12393113,0.17828315,0.01874297,0.09020076,-0.36679305,-0.00799541,0.17182247,-0.09538917,-0.00296401,0.04771566,-0.39820532,0.01382911,0.21059854,-0.07282125,-0.02429662,0.01375799,-0.41126776,0.03407468,0.23876982,-0.06964889,-0.38755910,-0.91425485,-0.84058539,0.40022665,0.85685345,0.67344440,-0.40135547,-0.77474855,-0.48688770,0.39091304,0.67030730,0.28629380,-0.36920040,-0.54654078,-0.07744591,0.33684354,0.40701723,-0.13363477,-0.02352685,-0.02318852,-0.99945439,0.00840411,-0.01189603,0.06963144,0.22721030,0.00000000,0.03533927
10001340000000,synthetic_50hz_01,67,0.02,103.37060724,104.09828878,16.77766056,16.59071774,16.48139817,0.71948478,118.86564920,1,1,0,0,1,0.60889802,0.00000000,0.07025272,0.00622989,-0.05898500,-0.15077365,0.00365646,0.07917746,0.16523856,-0.01343739,-0.09708719,-0.17493957,0.02283092,0.11219786,0.17959698,-0.03156621,-0.12407381,-0.17907653,0.03939144,0.13237265,0.17339322,0.00945833,0.06891860,-0.38546143,0.00149327,0.19152768,-0.08086463,-0.01238275,0.03015565,-0.40816756,0.02290594,0.22550692,-0.06770830,-0.03276940,0.00193131,-0.41138419,0.04169870,0.24717355,-0.07453221,-0.40264021,-0.86486163,-0.68383996,0.40416489,0.78300458,0.49661236,-0.39403730,-0.67857316,-0.29506719,0.37254943,0.55457815,0.08501510,-0.34032079,-0.41459439,0.12748802,0.29828055,0.26265768,-0.33631560,-0.02371799,-0.02335279,-0.99944605,0.00802708,-0.01143405,0.07025272,0.22241252,0.00000000,0.03448420
10001360000000,synthetic_50hz_01,68,0.02,103.23083737,103.92479849,16.65323036,16.48139817,16.37566713,0.73146392,118.97933708,1,1,0,0,1,0.61287659,0.00000000,0.07085601,-0.00335316,-0.07885966,-0.16546746,0.01317863,0.09691833,0.17536285,-0.02262417,-0.11218279,-0.18020244,0.03141743,0.12421298,0.17984671,-0.03930492,-0.13266205,-0.17430591,0.04605923,0.13728640,0.16373980,-0.00007939,0.04905147,-0.40019243,0.01096773,0.20925418,-0.07070816,-0.02152038,0.01508097,-0.41345697,0.03144286,0.23749498,-0.06743822,-0.04045904,-0.00662427,-0.40662734,0.04831895,0.25204970,-0.08417873,-0.40691032,-0.79106469,-0.50609792,0.39708933,0.68664079,0.30362189,-0.37582007,-0.56242072,-0.09239229,0.34371574,0.42198579,-0.12150102,-0.30170192,-0.26938482,0.33189140,0.25098990,0.10901736,-0.53271319,-0.02390682,-0.02350949,-0.99943788,0.00764745,-0.01096983,0.07085601,0.21771573,0.00000000,0.03362030
10001380000000,synthetic_50hz_01,69,0.02,102.94047741,103.72793428,16.53665380,16.37566713,16.28260920,0.74337044,119.09145418,1,1,0,0,1,0.61677107,0.00000000,0.07144117,-0.01292778,-0.09675515,-0.17577439,0.02242380,0.11216886,0.18079068,-0.03127334,-0.12434869,-0.18059469,0.03922125,0.13294349,0.17519207,-0.04603839,-0.13770547,-0.16473858,0.05152823,0.13849734,0.14953560,-0.00960881,0.03116320,-0.41053675,0.02016527,0.22449064,-0.06524791,-0.03012045,0.00293572,-0.41387602,0.03919707,0.24619869,-0.07207221,-0.04714341,-0.01163528,-0.39707408,0.05374033,0.25322324,-0.09837571,-0.40007149,-0.69451773,-0.31196737,0.37901500,0.57007618,0.09958627,-0.34703134,-0.42919907,0.11566595,0.30504260,0.27594795,-0.32758347,-0.25425934,-0.11474112,0.53005660,0.19614567,-0.04977375,-0.71724796,-0.02409348,-0.02365858,-0.99942989,0.00726534,-0.01050346,0.07144117,0.21311735,0.00000000,0.03274779
10001400000000,synthetic_50hz_01,70,0.02,103.11302882,103.60495319,16.42995507,16.28260920,16.18565114,0.75520396,119.20203058,1,1,0,0,1,0.62058317,0.00000000,0.07200804,-0.02222943,-0.11215582,-0.18136238,0.03113362,0.12448095,0.18132142,-0.03914021,-0.13321723,-0.17605289,0.04601837,0.13811279,0.16570866,-0.05156980,-0.13902650,-0.15058698,0.05563445,0.13593201,0.13112381,-0.01886541,0.01576944,-0.41616233,0.02882755,0.23678895,-0.06468451,-0.03793826,-0.00591245,-0.40936127,0.04594459,0.25134145,-0.08153470,-0.05262567,-0.01292411,-0.38293684,0.05779884,0.25062072,-0.11677999,-0.38213686,-0.57755218,-0.10660598,0.35027051,0.43624186,-0.10997477,-0.30830570,-0.28235447,0.32338489,0.25745228,0.12032668,-0.52747167,-0.19917640,0.04517019,0.71635120,0.13515818,-0.20936478,-0.88457799,-0.02427812,-0.02380001,-0.99942207,0.00688088,-0.01003503,0.07200804,0.20861485,0.00000000,0.03186690
10001420000000,synthetic_50hz_01,71,0.02,102.85601616,103.45516578,16.32734742,16.18565114,16.10472230,0.76696469,119.31109556,1,1,0,0,1,0.62431456,0.00000000,0.07255647,-0.03099797,-0.12460970,-0.18202779,0.03906158,0.13348344,0.17688949,-0.04599903,-0.13850878,-0.16665138,0.05161030,0.13954085,0.15160864,-0.05573362,-0.13654989,-0.13219494,0.05825012,0.12962214,0.10897001,-0.02758901,0.00332217,-0.41686554,0.03670806,0.24577796,-0.06908357,-0.04474806,-0.01118393,-0.39998707,0.05148693,0.25274323,-0.09561354,-0.05674031,-0.01041555,-0.36455946,0.06036672,0.24427386,-0.13892596,-0.35343608,-0.44312180,0.10441919,0.31149426,0.28861188,-0.31928845,-0.26057192,-0.12578114,0.52495248,0.20213716,-0.04067593,-0.71548189,-0.13787470,0.20596030,0.88538362,0.06963724,-0.36530673,-1.02975932,-0.02446086,-0.02393373,-0.99941442,0.00649419,-0.00956464,0.07255647,0.20420578,0.00000000,0.03097785
10001440000000,synthetic_50hz_01,72,0.02,102.51082491,103.26629761,16.23384487,16.10472230,16.04203346,0.77865395,119.41867764,1,1,0,0,1,0.62796687,0.00000000,0.07308633,-0.03898512,-0.13374228,-0.17770295,0.04598021,0.13889381,0.16756803,-0.05164967,-0.14004097,-0.15260204,0.05583005,0.13715068,0.13323646,-0.05840082,-0.13030628,-0.11002961,0.05928787,0.11970508,0.08365056,-0.03553135,-0.00580409,-0.41257868,0.04357934,0.25117515,-0.07837192,-0.05034975,-0.01269631,-0.38596530,0.05565709,0.25032704,-0.11396424,-0.05935829,-0.00414022,-0.34240908,0.06135660,0.23432002,-0.16423729,-0.31461132,-0.29472767,0.31528673,0.26362141,0.13111166,-0.52249283,-0.20503117,0.03628437,0.71463523,0.14052979,-0.20263430,-0.88617435,-0.07197687,0.36314219,1.03216466,0.00134882,-0.51318052,-1.14839718,-0.02464184,-0.02405969,-0.99940696,0.00610540,-0.00909237,0.07308633,0.19988775,0.00000000,0.03008086
10001460000000,synthetic_50hz_01,73,0.02,102.03191042,103.01942017,16.15328408,16.04203346,16.00040252,0.79027446,119.52480456,1,1,0,0,1,0.63154169,0.00000000,0.07359748,-0.04596177,-0.13926821,-0.16845983,0.05168785,0.14052740,0.15356860,-0.05592376,-0.13773511,-0.13424991,0.05854735,0.13097186,0.11106074,-0.05948300,-0.12043263,-0.08466964,0.05870372,0.10642127,0.05583747,-0.04246333,-0.01132402,-0.40337375,0.04923971,0.25279584,-0.09233801,-0.05457491,-0.01037094,-0.36764099,0.05832480,0.24412246,-0.13611821,-0.06039120,0.00576491,-0.31706434,0.06072450,0.22099964,-0.19204195,-0.26660390,-0.13632548,0.52008627,0.20786165,-0.03198875,-0.71380614,-0.14312666,0.19938074,0.88694665,0.07426526,-0.36102449,-1.03451608,-0.00326276,0.51225973,1.15225992,-0.06783381,-0.64872628,-1.23678357,-0.02482118,-0.02417786,-0.99939967,0.00571462,-0.00861831,0.07359748,0.19565841,0.00000000,0.02917618
10001480000000,synthetic_50hz_01,74,0.02,101.95232862,102.80600186,16.08907382,16.00040252,15.96127981,0.80183051,119.62950337,1,1,0,0,1,0.63504057,0.00000000,0.07408978,-0.05172476,-0.14100063,-0.15450969,0.05601475,0.13830388,0.13523682,-0.05868981,-0.13161976,-0.11206501,0.05967282,0.12114098,0.08566232,-0.05893543,-0.10716965,-0.05678994,0.05649890,0.09010857,0.02628028,-0.04818178,-0.01305075,-0.38946199,0.05351943,0.25055973,-0.11063622,-0.05729210,-0.00423635,-0.34548417,0.05940069,0.23426608,-0.16149461,-0.05979433,0.01905913,-0.28920017,0.05847165,0.20465057,-0.22159042,-0.21063181,0.02778225,0.71298931,0.14566852,-0.19619345,-0.88769668,-0.07650554,0.35894830,1.03681134,0.00513687,-0.51135450,-1.15603425,0.06637990,0.64901811,1.24192816,-0.13598291,-0.76797023,-1.29201669,-0.02499900,-0.02428820,-0.99939257,0.00532200,-0.00814257,0.07408978,0.19151550,0.00000000,0.02826403
10001500000000,synthetic_50hz_01,75,0.02,102.05524672,102.65585083,16.03540034,15.96127981,15.91766103,0.81332692,119.73280038,1,1,0,0,1,0.63846501,0.00000000,0.07456313,-0.05610303,-0.13885763,-0.13619865,0.05882829,0.13225080,0.11304400,-0.05985750,-0.12183111,-0.08663024,0.05916099,0.10789898,0.05771889,-0.05675885,-0.09085606,-0.02714347,0.05272032,0.07119373,-0.00421450,-0.05251565,-0.01090236,-0.37118953,0.05628589,0.24449435,-0.13279525,-0.05841098,0.00557126,-0.32007773,0.05883930,0.22099884,-0.18941574,-0.05756842,0.03540373,-0.25956953,0.05464496,0.18569957,-0.25207616,-0.14815858,0.19306614,0.88842032,0.07870085,-0.35690814,-1.03904794,-0.00697413,0.51046032,1.15971932,-0.06495366,-0.64929569,-1.24695546,0.13500880,0.76941156,1.29824128,-0.20117157,-0.86734494,-1.31209821,-0.02517542,-0.02439066,-0.99938565,0.00492765,-0.00766523,0.07456313,0.18745679,0.00000000,0.02734465
10001520000000,synthetic_50hz_01,76,0.02,101.77013258,102.47870718,15.98594983,15.91766103,15.88534616,0.82476821,119.83472121,1,1,0,0,1,0.64181648,0.00000000,0.07501738,-0.05896286,-0.13286577,-0.11399926,0.06003721,0.12250396,0.08757502,-0.05938066,-0.10861031,-0.05862596,0.05701214,0.09158537,0.02798668,-0.05299994,-0.07191999,0.00345947,0.04745972,0.05018111,-0.03480588,-0.05533121,-0.00490541,-0.34902891,0.05744784,0.23473553,-0.15823022,-0.05788539,0.01881072,-0.29210202,0.05664090,0.20466027,-0.21912537,-0.05376015,0.05437057,-0.22898271,0.04933618,0.16465100,-0.28265820,-0.08085433,0.35489841,1.04122310,0.00877754,-0.50957252,-1.16331400,0.06355230,0.64955542,1.25186603,-0.13404991,-0.77081133,-1.30432617,0.20068279,0.86984440,1.31918198,-0.26152989,-0.94379944,-1.29600516,-0.02535056,-0.02448523,-0.99937891,0.00453171,-0.00718639,0.07501738,0.18348014,0.00000000,0.02641826
10001540000000,synthetic_50hz_01,77,0.02,101.58218336,102.29940242,15.94369629,15.88534616,15.85836164,0.83615897,119.93529080,1,1,0,0,1,0.64509641,0.00000000,0.07545243,-0.06021209,-0.12316046,-0.08849824,0.05959467,0.10930470,0.05951275,-0.05725910,-0.09229764,-0.02881148,0.05327273,0.07262959,-0.00272044,-0.04775048,-0.05086760,0.03417393,0.04085156,0.02763907,-0.06464217,-0.05653632,0.00480468,-0.32356685,0.05695842,0.22152456,-0.18625825,-0.05571513,0.03514178,-0.26231638,0.05285195,0.18567979,-0.24980965,-0.04846130,0.07545348,-0.19828465,0.04267976,0.14207323,-0.31248486,-0.01055013,0.50868629,1.16681691,-0.06217304,-0.64979355,-1.25666015,0.13310373,0.77216695,1.31027330,-0.20019698,-0.87227843,-1.32611066,0.26151846,0.94724170,1.30371563,-0.31530024,-0.99489556,-1.24373387,-0.02552453,-0.02457187,-0.99937236,0.00413429,-0.00670615,0.07545243,0.17958343,0.00000000,0.02548511
10001560000000,synthetic_50hz_01,78,0.02,101.82270871,102.20406368,15.90785574,15.85836164,15.81923608,0.84750379,120.03453344,1,1,0,0,1,0.64830619,0.00000000,0.07586817,-0.05980323,-0.10998315,-0.06038085,0.05750001,0.09299397,0.02961944,-0.05353904,-0.07332372,0.00199591,0.04803452,0.05153952,-0.03355372,-0.04114514,-0.02826941,0.06414416,0.03306952,0.00418428,-0.09288529,-0.05608347,0.01798646,-0.29548861,0.05481698,0.20520243,-0.21611710,-0.05194644,0.05413379,-0.23153807,0.04756421,0.16456529,-0.28061980,-0.04180655,0.09808195,-0.16833112,0.03484941,0.11858291,-0.34071804,0.06081303,0.65000616,1.26133788,-0.13216773,-0.77347566,-1.31608440,0.19971197,0.87464549,1.33288759,-0.26149843,-0.95059889,-1.31126301,0.31574576,0.99914607,1.25183410,-0.36088999,-1.01888741,-1.15631423,-0.02569744,-0.02465055,-0.99936600,0.00373554,-0.00622458,0.07586817,0.17576461,0.00000000,0.02454544
10001580000000,synthetic_50hz_01,79,0.02,101.82177017,102.12760498,15.87063548,15.81923608,15.77939745,0.85880624,120.13247278,1,1,0,0,1,0.65144719,0.00000000,0.07626448,-0.05773515,-0.09367544,-0.03041211,0.05379923,0.07400352,-0.00128438,-0.04831225,-0.05219805,0.03294384,0.04143241,0.02888769,-0.06365352,-0.03335805,-0.00474448,0.09252803,0.02432196,-0.01953552,-0.11873492,-0.05397155,0.03429834,-0.26555921,0.05106952,0.18620089,-0.24698624,-0.04667107,0.07527727,-0.20061947,0.04091260,0.14188929,-0.31069621,-0.03397001,0.12163692,-0.13996423,0.02605346,0.09482781,-0.36655743,0.13123931,0.77473453,1.32176095,-0.19922552,-0.87694389,-1.33951587,0.26146796,0.95387055,1.31865192,-0.31617216,-1.00329667,-1.25977063,0.36176097,1.02379729,1.16456956,-0.39692005,-1.01478135,-1.03579340,-0.02586938,-0.02472124,-0.99935982,0.00333558,-0.00574180,0.07626448,0.17202169,0.00000000,0.02359948
10001600000000,synthetic_50hz_01,80,0.02,101.78149278,102.05838254,15.83231551,15.77939745,15.74028745,0.87006912,120.22913182,1,1,0,0,1,0.65452073,0.00000000,0.07664127,-0.05405362,-0.07467013,0.00058436,0.04858406,0.05284437,-0.03234291,-0.04171380,-0.02949508,0.06316899,0.03364092,0.00529544,-0.09217388,-0.02459815,0.01905687,0.11852135,0.01484620,-0.04285977,-0.14145180,-0.05024633,0.05330751,-0.23460226,0.04580778,0.16503094,-0.27800986,-0.04002411,0.09799777,-0.17042390,0.03307162,0.11827315,-0.33919290,-0.02516065,0.14546806,-0.11398819,0.01652924,0.07146847,-0.38926377,0.19873535,0.87917177,1.34599839,-0.26142520,-0.95705608,-1.32588681,0.31657805,1.00734803,1.26754930,-0.36260380,-1.02859766,-1.17266774,0.39817552,1.02019234,1.04397763,-0.42226765,-0.98237440,-0.88518916,-0.02604047,-0.02478392,-0.99935383,0.00293453,-0.00525789,0.07664127,0.16835272,0.00000000,0.02264748
10001620000000,synthetic_50hz_01,81,0.02,101.51609950,101.94992593,15.79366372,15.74028745,15.71011926,0.88129468,120.32453299,1,1,0,0,1,0.65752809,0.00000000,0.07699844,-0.04885033,-0.05347962,0.03174953,0.04198975,0.03009275,-0.06268931,-0.03391859,-0.00583830,0.09182172,0.02486953,-0.01858447,-0.11830688,-0.01510348,0.04247145,0.14138119,0.00490198,-0.06513395,-0.16037941,-0.04499949,0.07450157,-0.20347681,0.03916701,0.14226882,-0.30832114,-0.03218044,0.12167178,-0.14180099,0.02425077,0.09436961,-0.36530197,-0.01561649,0.16891218,-0.09114592,0.00653650,0.04915942,-0.40818054,0.26136824,0.96015475,1.33297190,-0.31696196,-1.01130066,-1.27517576,0.36341752,1.03329031,1.18061571,-0.39939558,-1.02548971,-1.05201796,0.42385888,0.98812376,0.89309004,-0.43610213,-0.92226975,-0.70841391,-0.02621081,-0.02483858,-0.99934802,0.00253254,-0.00477295,0.07699844,0.16475581,0.00000000,0.02168968
10001640000000,synthetic_50hz_01,82,0.02,101.67886666,101.89571407,15.75857505,15.71011926,15.67065129,0.89248522,120.41869810,1,1,0,0,1,0.66047054,0.00000000,0.07733590,-0.04226067,-0.03068184,0.06221322,0.03419151,0.00637418,-0.09147047,-0.02513659,0.01811725,0.11809058,0.01535698,-0.04208635,-0.14130609,-0.00513461,0.06484208,0.16044767,-0.00523578,-0.08572838,-0.17496348,-0.03836643,0.09730259,-0.17305301,0.03132241,0.11854005,-0.33706697,-0.02335007,0.14564428,-0.11556220,0.01468878,0.07084438,-0.38827698,-0.00559812,0.19131210,-0.07209728,-0.00364985,0.02853034,-0.42275346,0.31732239,1.01515494,1.28265551,-0.36420110,-1.03787683,-1.18842022,0.40057973,1.03067626,1.05992222,-0.42540945,-0.99376080,-0.90086617,0.43797442,0.92819476,0.71583773,-0.43791239,-0.83586843,-0.51017135,-0.02638048,-0.02488519,-0.99934240,0.00212972,-0.00428708,0.07733590,0.16122910,0.00000000,0.02072633
10001660000000,synthetic_50hz_01,83,0.02,101.27206162,101.77098358,15.72164707,15.67065129,15.64522323,0.90364240,120.51164839,1,1,0,0,1,0.66334929,0.00000000,0.07765356,-0.03446013,-0.00690419,0.09111901,0.02539980,-0.01765414,-0.11787154,-0.01560718,0.04170349,0.14122578,0.00536459,-0.06455051,-0.16050841,0.00503265,0.08553650,0.17516352,-0.01528481,-0.10405644,-0.18476857,-0.03052264,0.12108318,-0.14418730,0.02248446,0.09450183,-0.36343249,-0.01377234,0.16924717,-0.09245732,0.00464698,0.04835714,-0.40745484,0.00461867,0.21203558,-0.05739957,-0.01374752,0.01016784,-0.43254712,0.36495348,1.04235872,1.19608786,-0.40172740,-1.03575467,-1.06769811,0.42691932,0.99928933,0.90852613,-0.43980297,-0.93401401,-0.72316092,0.44000689,0.84181064,0.51694664,-0.42752521,-0.72533747,-0.29582854,-0.02654958,-0.02492373,-0.99933696,0.00172622,-0.00380036,0.07765356,0.15777081,0.00000000,0.01975768
10001680000000,synthetic_50hz_01,84,0.02,100.65331402,101.54744967,15.68954905,15.64522323,15.63893962,0.91476816,120.60340453,1,1,0,0,1,0.66616555,0.00000000,0.07795134,-0.02565960,0.01719410,0.11764882,0.01585454,-0.04132190,-0.14113954,-0.00559239,0.06425837,0.16056114,-0.00483099,-0.08534224,-0.17535368,0.01511510,0.10396566,0.18509070,-0.02496343,-0.11959169,-0.18949146,-0.02167901,0.14518410,-0.11769774,0.01289307,0.07082448,-0.38666473,-0.00370931,0.19181842,-0.07315252,-0.00559799,0.02754259,-0.42227537,0.01475066,0.23049353,-0.04749082,-0.02347485,-0.00540161,-0.43725827,0.40283798,1.04072748,1.07535318,-0.42838842,-1.00471301,-0.91607836,0.44158823,0.93973220,0.73039258,-0.44205684,-0.84765847,-0.52364924,0.42978074,0.73114635,0.30180885,-0.40511387,-0.59355495,-0.07126717,-0.02671820,-0.02495421,-0.99933171,0.00132216,-0.00331290,0.07795134,0.15437917,0.00000000,0.01878397
10001700000000,synthetic_50hz_01,85,0.02,100.57759314,101.35347836,15.66829309,15.63893962,15.62721965,0.92586549,120.69398666,1,1,0,0,1,0.66892046,0.00000000,0.07822917,-0.01609953,0.04094061,0.14104663,0.00581846,-0.06396479,-0.16060532,0.00463036,0.08514484,0.17553368,-0.01494569,-0.10387013,-0.18540132,0.02483013,0.11960079,0.18992376,-0.03399870,-0.13188330,-0.18897061,-0.01207599,0.16893294,-0.09434036,0.00281097,0.04817229,-0.40609453,0.00656161,0.21272097,-0.05821077,-0.01576204,0.00899217,-0.43229801,0.02451524,0.24615721,-0.04267646,-0.03255888,-0.01772721,-0.43672538,0.42981660,1.01003539,0.92353119,-0.44333057,-0.94535389,-0.73754172,0.44406311,0.85341740,0.53028858,-0.43199311,-0.73687649,-0.30774698,0.40746854,0.59909108,0.07633289,-0.37119647,-0.44403360,0.15728192,-0.02688644,-0.02497660,-0.99932664,0.00091766,-0.00282480,0.07822917,0.15105249,0.00000000,0.01780544
10001720000000,synthetic_50hz_01,86,0.02,100.19927540,101.12263777,15.65104225,15.62721965,15.62255738,0.93693734,120.78341438,1,1,0,0,1,0.67161517,0.00000000,0.07848697,-0.00604326,0.06366891,0.16064043,-0.00443032,-0.08494356,-0.17570321,0.01477617,0.10376925,0.18570039,-0.02469601,-0.11960323,-0.19034374,0.03390386,0.13198898,0.18949939,-0.04213424,-0.14056944,-0.18319168,-0.00197692,0.19166326,-0.07478718,-0.00748372,0.02718453,-0.42115623,0.01675551,0.23136117,-0.04807510,-0.02556169,-0.00676319,-0.43721515,0.03363854,0.25857370,-0.04311983,-0.04074324,-0.02644710,-0.43093411,0.44503033,0.95088352,0.74461722,-0.44602657,-0.85909277,-0.53687399,0.43416365,0.74253397,0.31365243,-0.40978359,-0.60456758,-0.08138813,0.37358928,0.44917121,-0.15322263,-0.32662421,-0.28082503,0.38341591,-0.02705436,-0.02499090,-0.99932176,0.00051287,-0.00233613,0.07848697,0.14778909,0.00000000,0.01682237
10001740000000,synthetic_50hz_01,87,0.02,99.91260152,100.88063052,15.63907860,15.62255738,15.61999201,0.94798677,120.87170675,1,1,0,0,1,0.67425078,0.00000000,0.07872468,0.00423042,0.08473765,0.17586195,-0.01460612,-0.10366242,-0.18598780,0.02456071,0.11959855,0.19075153,-0.03380720,-0.13208660,-0.19001581,0.04207902,0.14076654,0.18380184,-0.04913768,-0.14538810,-0.17228878,0.00833939,0.21273371,-0.05960644,-0.01770530,0.00845698,-0.43140443,0.02658807,0.24720596,-0.04305523,-0.03472217,-0.01926856,-0.43686169,0.04186328,0.26737929,-0.04883664,-0.04779555,-0.03129931,-0.42001859,0.44794799,0.86468983,0.54341470,-0.43629363,-0.74812482,-0.31953464,0.41206073,0.60999103,0.08644226,-0.37594792,-0.45427091,0.14914230,0.32899636,0.28545395,-0.38042701,-0.27255968,-0.10840722,0.60074384,-0.02722206,-0.02499711,-0.99931705,0.00010792,-0.00184701,0.07872468,0.14458736,0.00000000,0.01583498
10001760000000,synthetic_50hz_01,88,0.02,99.61668199,100.62784082,15.63106223,15.61999201,15.61941355,0.95901682,120.95888236,1,1,0,0,1,0.67682836,0.00000000,0.07894223,0.01443513,0.10354902,0.18626345,-0.02442384,-0.11958631,-0.19114727,0.03370840,0.13217587,0.19052023,-0.04202113,-0.14095473,-0.18440041,0.04912237,0.14566981,0.17296423,-0.05480739,-0.14618516,-0.15654141,0.01858658,0.23154648,-0.04924591,-0.02756869,-0.00747529,-0.43652730,0.03578370,0.25979847,-0.04331805,-0.04298535,-0.02815840,-0.43122049,0.04895621,0.27231035,-0.05969382,-0.05351418,-0.03212967,-0.40425828,0.43838429,0.75365493,0.32540299,-0.41430164,-0.61536795,-0.09150460,0.37827448,0.45933962,-0.14503190,-0.33134150,-0.29006831,0.37738707,0.27485578,0.11243420,-0.59886199,-0.21044584,0.06844144,0.80307144,-0.02738961,-0.02499522,-0.99931252,-0.00029707,-0.00135753,0.07894223,0.14144573,0.00000000,0.01484354
10001780000000,synthetic_50hz_01,89,0.02,99.59302082,100.42087682,15.62616979,15.61941355,15.61006143,0.97003036,121.04495928,1,1,0,0,1,0.67934897,0.00000000,0.07913958,0.02428503,0.11956601,0.19153106,-0.03360711,-0.13225646,-0.19101298,0.04196029,0.14113389,0.18498791,-0.04910373,-0.14594237,-0.17362955,0.05483148,0.14654326,0.15726537,-0.05897842,-0.14291924,-0.13636715,0.02847880,0.24756457,-0.04401943,-0.03679751,-0.02015352,-0.43635619,0.04408346,0.26877141,-0.04888212,-0.05011717,-0.03316747,-0.42042358,0.05471492,0.27321133,-0.07541252,-0.05773419,-0.02889682,-0.38407080,0.41650795,0.62070474,0.09658443,-0.38057100,-0.46438417,0.14088247,0.33366200,0.29467520,-0.37428766,-0.27713338,-0.11647060,0.59690196,0.21261487,-0.06509190,-0.80230730,-0.14196657,0.24477777,0.98458174,-0.02755709,-0.02498523,-0.99930817,-0.00070197,-0.00086778,0.07913958,0.13836265,0.00000000,0.01384830
10001800000000,synthetic_50hz_01,90,0.02,98.86324591,100.10935064,15.61940428,15.61006143,15.62052954,0.98102951,121.12995511,1,1,0,0,1,0.68181362,0.00000000,0.07931667,0.03350303,0.13232806,0.19149436,-0.04189623,-0.14130385,-0.18556487,0.04908154,0.14620579,0.17428546,-0.05485181,-0.14689254,-0.15798132,0.05904068,0.14334431,0.13712251,-0.06152738,-0.13566340,-0.11231039,0.03773895,0.26032741,-0.04409744,-0.04513205,-0.02920870,-0.43087106,0.05125249,0.27385792,-0.05961656,-0.05591444,-0.03413880,-0.40474903,0.05897371,0.27003966,-0.09557550,-0.06033216,-0.02167384,-0.36000051,0.38283944,0.46941134,-0.13668504,-0.33596020,-0.29928163,0.37112034,0.27939508,0.12052348,-0.59485606,-0.21477487,0.06170941,0.80144181,0.14396260,-0.24216319,-0.98492162,-0.06899982,0.41563529,1.14000567,-0.02772457,-0.02496715,-0.99930399,-0.00110664,-0.00037786,0.07931667,0.13533664,0.00000000,0.01284952
10001820000000,synthetic_50hz_01,91,0.02,98.79603542,99.84668759,15.61987689,15.62052954,15.62170710,0.99201691,121.21388700,1,1,0,0,1,0.68422331,0.00000000,0.07947345,0.04182867,0.14146445,0.18613177,-0.04905559,-0.14646007,-0.17493265,0.05486822,0.14723318,0.15869014,-0.05909897,-0.14376149,-0.13787251,0.06162587,0.13614509,0.11307996,-0.06237607,-0.12460356,-0.08502726,0.04610659,0.26946428,-0.04950150,-0.05233671,-0.03437239,-0.42020162,0.05708686,0.27489963,-0.07524411,-0.06021074,-0.03102863,-0.38461365,0.06160851,0.26286746,-0.11963845,-0.06122992,-0.01064662,-0.33270356,0.33823839,0.30389454,-0.36787668,-0.28164347,-0.12459986,0.59271661,0.21692864,-0.05828709,-0.80046824,-0.14595966,0.23949359,0.98514200,0.07078259,-0.41379539,-1.14141366,0.00643517,0.57616727,1.26477783,-0.02789212,-0.02494098,-0.99929999,-0.00151094,0.00011213,0.07947345,0.13236623,0.00000000,0.01184744
10001840000000,synthetic_50hz_01,92,0.02,98.84038093,99.64542626,15.62064558,15.62170710,15.61126740,1.00299479,121.29677161,1,1,0,0,1,0.68657902,0.00000000,0.07960989,0.04902565,0.14670522,0.17557178,-0.05488054,-0.14756534,-0.15939265,0.05915320,0.14417109,0.13861816,-0.06172045,-0.13662032,-0.11384725,0.06250826,0.12513073,0.08579406,-0.06149393,-0.11003355,-0.05526739,0.05334540,0.27470521,-0.06010314,-0.05820683,-0.03548483,-0.40462420,0.06141946,0.27185157,-0.09534854,-0.06288131,-0.02390806,-0.36056154,0.06254050,0.25187986,-0.14694503,-0.06039690,0.00389101,-0.30292958,0.28388106,0.12870669,-0.59047588,-0.21907892,0.05481809,0.79937981,0.14796064,-0.23676244,-0.98523724,-0.07257657,0.41188082,1.14268982,-0.00489990,-0.57512449,-1.26719813,0.08223512,0.72178704,1.35517252,-0.02805981,-0.02490673,-0.99929615,-0.00191476,0.00060210,0.07960989,0.12945001,0.00000000,0.01084233
10001860000000,synthetic_50hz_01,93,0.02,99.11575620,99.53949225,15.61670674,15.61126740,15.58283248,1.01396435,121.37862519,1,1,0,0,1,0.68888168,0.00000000,0.07972595,0.05488862,0.14788915,0.16008968,-0.05920328,-0.14457341,-0.13936042,0.06181108,0.13708955,0.11461334,-0.06263683,-0.12565333,-0.08656190,0.06165674,0.11059447,0.05601484,-0.05889905,-0.09234711,-0.02385285,0.05925004,0.27588902,-0.07562704,-0.06257461,-0.03249977,-0.38455435,0.06412486,0.26478375,-0.11938605,-0.06384675,-0.01296138,-0.33324910,0.06173857,0.23737010,-0.17674522,-0.05785117,0.02154529,-0.27150063,0.22122842,-0.05129560,-0.79816969,-0.14996838,0.23396321,0.98520161,0.07438468,-0.40988555,-1.14382971,0.00334356,0.57399070,1.26948066,-0.08097541,-0.72154743,-1.35853190,0.15627270,0.84830162,1.40841602,-0.02822770,-0.02486442,-0.99929247,-0.00231796,0.00109195,0.07972595,0.12658660,0.00000000,0.00983445
10001880000000,synthetic_50hz_01,94,0.02,99.12422881,99.45643956,15.60247955,15.58283248,15.55024461,1.02492530,121.45946356,1,1,0,0,1,0.69113221,0.00000000,0.07982160,0.05924909,0.14496872,0.14010023,-0.06189772,-0.13755319,-0.11537930,0.06276181,0.12617194,0.08733194,-0.06181645,-0.11115309,-0.05676675,0.05908889,0.09292965,0.02456495,-0.05465777,-0.07202700,0.00834507,0.06365200,0.27296815,-0.09565847,-0.06531397,-0.02548611,-0.36053540,0.06512303,0.25387958,-0.14670037,-0.06307537,0.00151882,-0.30342660,0.05922032,0.21973152,-0.20821635,-0.05365907,0.04183349,-0.23928801,0.15198571,-0.23108941,-0.98502932,-0.07620980,0.40780354,1.14482876,-0.00176327,-0.57276050,-1.27162225,0.07968551,0.72120451,1.36175428,-0.15531037,-0.84885586,-1.41262630,0.22645756,0.95203430,1.42277164,-0.02839587,-0.02481405,-0.99928896,-0.00272041,0.00158159,0.07982160,0.12377465,0.00000000,0.00882405
10001900000000,synthetic_50hz_01,95,0.02,98.77353405,99.31985846,15.58054088,15.55024461,15.52810678,1.03587643,121.53930209,1,1,0,0,1,0.69333153,0.00000000,0.07989681,0.06198035,0.13801167,0.11614617,-0.06288323,-0.12668711,-0.08810530,0.06197316,0.11171010,0.05752432,-0.05927637,-0.09351244,-0.02528488,0.05487062,0.07261877,-0.00768353,-0.04888293,-0.04963146,0.04043043,0.06642459,0.26601034,-0.11965466,-0.06634427,-0.01462629,-0.33322338,0.06438172,0.23943088,-0.17654113,-0.06058425,0.01913972,-0.27191712,0.05505164,0.19944662,-0.24048635,-0.04793346,0.06419735,-0.20718765,0.07805480,-0.40562872,-1.14568234,0.00015617,0.57142844,1.27361960,-0.07836262,-0.72075361,-1.36483781,0.15430985,0.84929911,1.41670712,-0.22580825,-0.95335893,-1.42773210,0.29079650,1.02993297,1.39759489,-0.02856436,-0.02475564,-0.99928561,-0.00312198,0.00207092,0.07989681,0.12101286,0.00000000,0.00781139
10001920000000,synthetic_50hz_01,96,0.02,99.20124879,99.29613652,15.55851856,15.52810678,15.48489665,1.04681673,121.61815577,1,1,0,0,1,0.69548049,0.00000000,0.07995157,0.06300111,0.12719936,0.08888312,-0.06212696,-0.11226614,-0.05828873,0.05946166,0.09409623,0.02601385,-0.05508205,-0.07321349,0.00701102,0.04911441,0.05021996,-0.03983375,-0.04173077,-0.02577857,0.07150807,0.06748650,0.25519698,-0.14696001,-0.06563264,-0.00021127,-0.30336859,0.06191747,0.22182985,-0.20808497,-0.05643884,0.03941919,-0.23959336,0.04934501,0.17707353,-0.27265836,-0.04083058,0.08801879,-0.17609473,0.00148059,-0.56998906,-1.27546930,0.07700401,0.72019000,1.36778051,-0.15326854,-0.84962753,-1.42065797,0.22511427,0.95456990,1.43257720,-0.29046985,-1.03199157,-1.40319456,0.34745105,1.07966044,1.33335717,-0.02873324,-0.02468921,-0.99928242,-0.00352253,0.00255984,0.07995157,0.11829995,0.00000000,0.00679673
10001940000000,synthetic_50hz_01,97,0.02,99.47521415,99.33195205,15.52759735,15.48489665,15.43084157,1.05774425,121.69603920,1,1,0,0,1,0.69757996,0.00000000,0.07998587,0.06227792,0.11282184,0.05906115,-0.05964489,-0.09468176,-0.02675307,0.05529226,0.07381197,-0.00632632,-0.04934554,-0.05081415,0.03922331,0.04197616,0.02635133,-0.07098947,-0.03339659,-0.00112879,0.10070898,0.06680430,0.24081809,-0.17682444,-0.06319509,0.01736746,-0.27179451,0.05779523,0.20155814,-0.24045875,-0.05075118,0.06179934,-0.20735295,0.04225634,0.15323035,-0.30383615,-0.03254569,0.11263737,-0.14687823,-0.07560691,-0.71950894,-1.37058025,0.15218384,0.84983720,1.42447819,-0.22437323,-0.95566427,-1.43730777,0.29009384,1.03393908,1.40869909,-0.34745091,-1.08240495,-1.33947697,0.39479081,1.09966458,1.23163709,-0.02890257,-0.02461479,-0.99927937,-0.00392195,0.00304826,0.07998587,0.11563468,0.00000000,0.00578034
10001960000000,synthetic_50hz_01,98,0.02,99.34970236,99.33550211,15.48695993,15.43084157,15.38348461,1.06865618,121.77296656,1,1,0,0,1,0.69963078,0.00000000,0.07999969,0.05982619,0.09526975,0.02750370,-0.05550144,-0.07441502,0.00562825,0.04957656,0.05141488,-0.03859793,-0.04222237,-0.02693243,0.07045482,0.03365088,0.00167349,-0.10028046,-0.02410923,0.02363369,0.12721497,0.06439338,0.22326433,-0.20842451,-0.05909602,0.03762886,-0.23937458,0.05212659,0.17917329,-0.27276419,-0.04367681,0.08566216,-0.17609307,0.03398062,0.12857770,-0.33314949,-0.02330767,0.13736888,-0.12035637,-0.15105315,-0.84992418,-1.42816698,0.22358276,0.95663903,1.44192446,-0.28966638,-1.03577353,-1.41411059,0.34739878,1.08504620,1.34552725,-0.39511551,-1.10303648,-1.23815173,0.43144087,1.08922570,1.09507972,-0.02907239,-0.02453239,-0.99927647,-0.00432009,0.00353609,0.07999969,0.11301585,0.00000000,0.00476246
10001980000000,synthetic_50hz_01,99,0.02,99.36147447,99.34069658,15.44350029,15.38348461,15.33648716,1.07954984,121.84895170,1,1,0,0,1,0.70163373,0.00000000,0.07999303,0.05570977,0.07502342,-0.00491565,-0.04980771,-0.05202301,0.03795648,0.04246968,0.02752275,-0.06990302,-0.03390722,-0.00222899,0.09983421,0.02436721,-0.02312903,-0.12688714,-0.01412467,0.04782022,0.15028185,0.06031759,0.20301602,-0.24088663,-0.05344654,0.06001584,-0.20700755,0.04506668,0.15529310,-0.30410333,-0.03541041,0.11034697,-0.14668505,0.02474650,0.10380010,-0.35977878,-0.01337248,0.16152469,-0.09727332,-0.22274047,-0.95749110,-1.44642775,0.28918533,1.03749284,1.41943096,-0.34729285,-1.08758318,-1.35151132,0.39538775,1.10631799,1.24462697,-0.43208344,-1.09315714,-1.10185945,0.45632197,1.04848006,0.92732480,-0.02924276,-0.02444205,-0.99927372,-0.00471683,0.00402322,0.07999303,0.11044227,0.00000000,0.00374336
10002000000000,synthetic_50hz_01,100,0.02,99.65034930,99.40262713,15.39855478,15.33648716,15.27948974,1.09042286,121.92400806,1,1,0,0,1,0.70358963,0.00000000,0.07996589,0.05003922,0.05263934,-0.03729783,-0.04271837,-0.02812315,0.06933298,0.03416592,0.00279616,-0.09936923,-0.02462846,0.02261145,0.12654062,0.01438095,-0.04736716,-0.15006378,-0.00371882,0.07075725,0.16926053,0.05468750,0.18062966,-0.27331173,-0.04640130,0.08391097,-0.17559206,0.03680978,0.13057817,-0.33360381,-0.02618034,0.13516907,-0.11994978,0.01480978,0.07958663,-0.38297831,-0.00301602,0.18443123,-0.07827819,-0.28864858,-1.03909483,-1.42466195,0.34713132,1.09001478,1.35743228,-0.39560611,-1.10950911,-1.25106720,0.43267539,1.09701576,1.10863327,-0.45727044,-1.05289494,-0.93423693,0.46868217,0.97841867,0.73290610,-0.02941374,-0.02434379,-0.99927110,-0.00511205,0.00450956,0.07996589,0.10791281,0.00000000,0.00272330
10002020000000,synthetic_50hz_01,101,0.02,99.50966046,99.42403379,15.34854746,15.27948974,15.23108350,1.10127265,121.99814877,1,1,0,0,1,0.70549924,0.00000000,0.07991828,0.04296870,0.02873450,-0.06874363,-0.03442729,-0.00337587,0.09888451,0.02489332,-0.02208009,-0.12617451,-0.01464167,0.04689946,0.14982684,0.00396789,-0.07036670,-0.16915958,0.00682029,0.09180524,0.18361538,0.04765726,0.15672222,-0.30480062,-0.03815418,0.10865383,-0.14600135,0.02758394,0.10571327,-0.36044359,-0.01624217,0.15943903,-0.09663443,0.00444624,0.05661147,-0.40209728,0.00747366,0.20544899,-0.06390660,-0.34691236,-1.09233977,-1.36329304,0.39576911,1.11260966,1.25747662,-0.43321565,-1.10080249,-1.11540656,0.45817239,1.05725868,0.94117881,-0.46991980,-0.98323360,-0.73981644,0.46811920,0.88086144,0.51712482,-0.02958535,-0.02423764,-0.99926861,-0.00550561,0.00499502,0.07991828,0.10542636,0.00000000,0.00170255
10002040000000,synthetic_50hz_01,102,0.02,99.35747110,99.41072126,15.29921260,15.23108350,15.19028160,1.11209718,122.07138657,1,1,0,0,1,0.70736332,0.00000000,0.07985021,0.03469161,0.00396898,-0.09837907,-0.02516212,0.02153409,0.12578793,0.01490719,-0.04641631,-0.14957026,-0.00422247,0.06996033,0.16904041,-0.00658397,-0.09148737,-0.18363704,0.01720060,0.11037678,0.19293934,0.03942027,0.13195380,-0.33447929,-0.02893282,0.13355967,-0.11905856,0.01764447,0.08138810,-0.38387406,-0.00587154,0.18248214,-0.07739149,-0.00605612,0.03551493,-0.41659818,0.01780453,0.22399052,-0.05456561,-0.39587524,-1.11561935,-1.26385923,0.43370312,1.10451811,1.12218449,-0.45902713,-1.06157309,-0.94815664,0.47111718,0.98802243,0.74679300,-0.46962470,-0.88598662,-0.52389897,0.45459272,0.75840741,0.28590068,-0.02975766,-0.02412364,-0.99926625,-0.00589738,0.00547949,0.07985021,0.10298182,0.00000000,0.00068136
10002060000000,synthetic_50hz_01,103,0.02,99.38585382,99.40574777,15.25346158,15.19028160,15.14902416,1.12289523,122.14373389,1,1,0,0,1,0.70918259,0.00000000,0.07976170,0.02543517,-0.02097260,-0.12537997,-0.01517784,0.04591688,0.14929327,0.00448294,-0.06953736,-0.16890237,0.00634122,0.09115304,0.18364194,-0.01698255,-0.11014073,-0.19308702,0.02713427,0.12595302,0.19696532,0.03020374,0.10700902,-0.36152357,-0.01899222,0.15793865,-0.09551367,0.00726677,0.05827780,-0.40324111,0.00464365,0.20365737,-0.06276034,-0.01640522,0.01688541,-0.42607187,0.02768873,0.23953702,-0.05052230,-0.43413664,-1.10816325,-1.12897202,0.45983394,1.06583988,0.95517643,-0.47227402,-0.99278784,-0.75384265,0.47109822,0.89111327,0.53077524,-0.45634044,-0.76374749,-0.29240533,0.42842615,0.61436252,0.04560524,-0.02993070,-0.02400182,-0.99926402,-0.00628725,0.00596290,0.07976170,0.10057814,0.00000000,-0.00034000
10002080000000,synthetic_50hz_01,104,0.02,98.95010136,99.31461849,15.20959786,15.14902416,15.12539277,1.13366604,122.21520284,1,1,0,0,1,0.71095777,0.00000000,0.07965277,0.01545398,-0.04540036,-0.14899508,-0.00474963,0.06909700,0.16874483,-0.00609166,-0.09080155,-0.18362959,0.01675732,0.10988825,0.19322022,-0.02693986,-0.12580681,-0.19724022,0.03634571,0.13809831,0.19557370,0.02026229,0.08257775,-0.38518221,-0.00860753,0.18111527,-0.07602237,-0.00326138,0.03702406,-0.41800348,0.01501131,0.22237539,-0.05315220,-0.02631307,0.00124292,-0.43024904,0.03685068,0.25165281,-0.05189632,-0.46059203,-1.07006054,-0.96224398,0.47338997,0.99753235,0.76097208,-0.47253986,-0.89624484,-0.53776100,0.45806621,0.76911817,0.29904602,-0.43038629,-0.61981746,-0.05170941,0.39029814,0.45264713,-0.19711802,-0.03010452,-0.02387223,-0.99926190,-0.00667507,0.00644514,0.07965277,0.09821431,0.00000000,-0.00136128
10002100000000,synthetic_50hz_01,105,0.02,98.47042230,99.14577925,15.17423172,15.12539277,15.11791844,1.14441006,122.28580518,1,1,0,0,1,0.71268955,0.00000000,0.07952346,0.00502289,-0.06863849,-0.16856713,0.00583496,0.09043219,0.18359949,-0.01652457,-0.10961868,-0.19333858,0.02673778,0.12564482,0.19750364,-0.03618012,-0.13804856,-0.19597458,0.04457937,0.14647229,0.18879547,0.00987074,0.05933579,-0.40479794,0.00193368,0.20244726,-0.06112779,-0.01364795,0.01821708,-0.42774784,0.02494340,0.23811506,-0.04883867,-0.03550389,-0.01097551,-0.42900764,0.04503483,0.25999752,-0.05865665,-0.47446462,-1.00225830,-0.76818780,0.47394965,0.90138459,0.54486347,-0.45977050,-0.77452354,-0.30583048,0.43233594,0.62533262,0.05798025,-0.39243694,-0.45811307,0.19154157,0.34122379,0.27768590,-0.43554117,-0.03027915,-0.02373491,-0.99925990,-0.00706074,0.00692611,0.07952346,0.09588932,0.00000000,-0.00238220
10002120000000,synthetic_50hz_01,106,0.02,98.38941209,98.99450582,15.15058015,15.11791844,15.10864495,1.15512913,122.35555240,1,1,0,0,1,0.71437863,0.00000000,0.07937378,-0.00557075,-0.09004424,-0.18355111,0.01628396,0.10933141,0.19344176,-0.02652769,-0.12546649,-0.19775540,0.03600661,0.13798432,0.19636766,-0.04444745,-0.14652400,-0.18931854,0.05160684,0.15083932,0.17681129,-0.00068353,0.03792591,-0.41982574,0.01233945,0.22134359,-0.05124540,-0.02360484,0.00237911,-0.43220025,0.03416393,0.25043796,-0.04994430,-0.04372181,-0.01942792,-0.42237612,0.05201278,0.26433555,-0.07062265,-0.47532756,-0.90653565,-0.55208971,0.46145370,0.77996758,0.31276629,-0.43427592,-0.63091267,-0.06442567,0.39457776,0.46366826,-0.18577237,-0.34350375,-0.28305608,0.43061451,0.28252635,0.09428326,-0.66304183,-0.03045463,-0.02358990,-0.99925800,-0.00744411,0.00740572,0.07937378,0.09360219,0.00000000,-0.00340252
10002140000000,synthetic_50hz_01,107,0.02,97.96954512,98.78951368,15.13296736,15.10864495,15.11127609,1.16582552,122.42445567,1,1,0,0,1,0.71602565,0.00000000,0.07920379,-0.01603514,-0.10902577,-0.19352938,0.02630926,0.12527129,0.19799530,-0.03582488,-0.13790518,-0.19675292,0.04430764,0.14656319,0.18983806,-0.05151300,-0.15099573,-0.17745008,0.05723321,0.15107498,0.15994613,-0.01110874,0.01893995,-0.42984798,0.02232168,0.23728089,-0.04665159,-0.03285592,-0.01005002,-0.43123356,0.04241673,0.25900051,-0.05644330,-0.05073798,-0.02387688,-0.41053244,0.05758960,0.26454245,-0.08746934,-0.46311615,-0.78545406,-0.31986089,0.43620699,0.63656215,0.07105344,-0.39672177,-0.46931786,0.17980251,0.34579888,0.28854292,-0.42547468,-0.28490645,-0.09944915,0.65888021,0.21580003,-0.09251179,-0.87328992,-0.03063100,-0.02343725,-0.99925620,-0.00782508,0.00788389,0.07920379,0.09135199,0.00000000,-0.00442197
10002160000000,synthetic_50hz_01,108,0.02,97.31988803,98.49558855,15.12385703,15.11127609,15.13267985,1.17650217,122.49252586,1,1,0,0,1,0.71763127,0.00000000,0.07901351,-0.02608217,-0.12505865,-0.19822309,0.03563460,0.13781066,0.19713029,-0.04415967,-0.14658953,-0.19035413,0.05141160,0.15114215,0.17808997,-0.05718131,-0.15133727,-0.16069140,0.06130245,0.14716928,0.13866002,-0.02111679,0.00290234,-0.43458579,0.03160410,0.24981798,-0.04747613,-0.04114471,-0.01872513,-0.42487078,0.04947253,0.26356344,-0.06816055,-0.05635694,-0.02419593,-0.39379880,0.06160928,0.26060824,-0.10873669,-0.43812981,-0.64228543,-0.07787125,0.39887004,0.47506687,-0.17362416,-0.34811066,-0.29415191,0.42011390,0.28731508,0.10475641,-0.65449156,-0.21823607,0.08765926,0.86999992,0.14286522,-0.27754768,-1.06042578,-0.03080829,-0.02327700,-0.99925449,-0.00820351,0.00836051,0.07901351,0.08913780,0.00000000,-0.00544028
10002180000000,synthetic_50hz_01,109,0.02,97.02444297,98.20135943,15.12756261,15.13267985,15.15621661,1.18716309,122.55977356,1,1,0,0,1,0.71919612,0.00000000,0.07880302,-0.03543548,-0.13770029,-0.19749968,0.04400325,0.14660264,0.19086685,-0.05130239,-0.15127836,-0.17873123,0.05712246,0.15159266,0.16144271,-0.06129566,-0.14753647,-0.13949972,0.06370168,0.13922674,0.11353489,-0.03043130,-0.00974436,-0.43390663,0.03992998,0.25860799,-0.05369893,-0.04824155,-0.02340502,-0.41328411,0.05513531,0.26399821,-0.08477674,-0.06042198,-0.02037291,-0.37263244,0.06395894,0.25263745,-0.13384279,-0.40102356,-0.48092015,0.16722955,0.35044044,0.29988843,-0.41452445,-0.28975395,-0.11021077,0.64986841,0.22071372,-0.08264431,-0.86647637,-0.14531022,0.27311671,1.05810340,0.06571735,-0.45571503,-1.21922483,-0.03098653,-0.02310921,-0.99925288,-0.00857928,0.00883549,0.07880302,0.08695872,0.00000000,-0.00645721
10002200000000,synthetic_50hz_01,110,0.02,97.00238226,97.96156400,15.13959729,15.15621661,15.17171524,1.19781263,122.62620910,1,1,0,0,1,0.72072081,0.00000000,0.07857235,-0.04383809,-0.14660216,-0.19137627,0.05118512,0.15140411,0.17937408,-0.05705646,-0.15184101,-0.16220046,0.06128284,0.14790027,0.14035052,-0.06374240,-0.13969549,-0.11445421,0.06436424,0.12746323,0.08525813,-0.03879532,-0.01865157,-0.42782760,0.04706924,0.26340780,-0.06515088,-0.05394985,-0.02395903,-0.39678976,0.05924768,0.26029037,-0.10583761,-0.06281942,-0.01250999,-0.34761250,0.06457192,0.24084594,-0.16210022,-0.35278952,-0.30575771,0.40869863,0.29222470,0.11581786,-0.64500328,-0.22323491,0.07746108,0.86271219,0.14780915,-0.26850677,-1.05554870,-0.06812198,0.45181130,1.21795324,-0.01352917,-0.62208989,-1.34524363,-0.03116575,-0.02293394,-0.99925134,-0.00895227,0.00930874,0.07857235,0.08481388,0.00000000,-0.00747248
10002220000000,synthetic_50hz_01,111,0.02,97.20994846,97.81124089,15.15308683,15.17171524,15.17278469,1.20845455,122.69184253,1,1,0,0,1,0.72220594,0.00000000,0.07832156,-0.05105953,-0.15151912,-0.18001871,0.05698308,0.15208218,0.16296500,-0.06126379,-0.14826065,-0.14121293,0.06377823,0.14016470,0.11538963,-0.06445392,-0.12802773,-0.08623959,0.06327137,0.11219966,0.05460322,-0.04597834,-0.02357419,-0.41651457,0.05282475,0.26408452,-0.08151897,-0.05811153,-0.02037033,-0.37583888,0.06169515,0.25253965,-0.13076695,-0.06348170,-0.00082056,-0.31942371,0.06342947,0.22555462,-0.19273553,-0.29472890,-0.12158319,0.63988869,0.22580150,-0.07210380,-0.85870028,-0.15036414,0.26371201,1.05275514,0.07059171,-0.44771728,-1.21645858,0.01121592,0.61881464,1.34509096,-0.09270018,-0.77207130,-1.43494373,-0.03134598,-0.02275123,-0.99924988,-0.00932237,0.00978016,0.07832156,0.08270244,0.00000000,-0.00848583
10002240000000,synthetic_50hz_01,112,0.02,97.04485892,97.65796450,15.16135993,15.17278469,15.17729945,1.21909125,122.75668363,1,1,0,0,1,0.72365211,0.00000000,0.07805073,-0.05690210,-0.15231600,-0.16373666,0.06123834,0.14861758,0.14208744,-0.06380905,-0.14063444,-0.11634176,0.06454012,0.12859675,0.08724190,-0.06341046,-0.11285155,-0.05562682,0.06045265,0.09385279,0.02240799,-0.05178270,-0.02437703,-0.40027717,0.05703771,0.26061887,-0.10235537,-0.06061126,-0.01273609,-0.35100455,0.06240918,0.24095684,-0.15888288,-0.06238902,0.01437701,-0.28883705,0.06056116,0.20718027,-0.22491088,-0.22841529,0.06656677,0.85443348,0.15297724,-0.25872659,-1.04971612,-0.07312878,0.44342721,1.21473496,-0.00882802,-0.61534361,-1.34473242,0.09053031,0.76951936,1.43596062,-0.16962256,-0.90150952,-1.48578940,-0.03152724,-0.02256116,-0.99924848,-0.00968944,0.01024967,0.07805073,0.08062358,0.00000000,-0.00949702
10002260000000,synthetic_50hz_01,113,0.02,96.94894767,97.51616113,15.16805453,15.17729945,15.18289185,1.22972452,122.82074195,1,1,0,0,1,0.72505987,0.00000000,0.07775991,-0.06120628,-0.14897097,-0.14297448,0.06383469,0.14110479,0.11731121,-0.06462272,-0.12917048,-0.08826581,0.06354765,0.11351213,0.05667566,-0.06064047,-0.09458117,-0.02345153,0.05598500,0.07292340,-0.01044873,-0.05604887,-0.02103828,-0.37955978,0.05959194,0.25310534,-0.12709026,-0.06137954,-0.00126440,-0.32296565,0.06136895,0.22585765,-0.18941710,-0.05956986,0.03266849,-0.25668811,0.05604390,0.18622364,-0.25774742,-0.15565045,0.25354475,1.04642493,0.07573540,-0.43893533,-1.21277635,0.00636313,0.61167119,1.34416286,-0.08827821,-0.76677229,-1.43679653,0.16764819,0.89976698,1.48800668,-0.24218480,-1.00682097,-1.49631691,-0.03170956,-0.02236378,-0.99924715,-0.01005337,0.01071716,0.07775991,0.07857649,0.00000000,-0.01050577
10002280000000,synthetic_50hz_01,114,0.02,96.91944419,97.39681774,15.17428620,15.18289185,15.18792221,1.24035577,122.88402677,1,1,0,0,1,0.72642979,0.00000000,0.07744919,-0.06385501,-0.14157576,-0.11829854,0.06470164,0.12974909,0.08931200,-0.06368289,-0.11418169,-0.05775055,0.06082813,0.09532237,0.02452413,-0.05621967,-0.07371487,0.00940934,0.04999036,0.04998214,-0.04307153,-0.05865978,-0.01364964,-0.35492876,0.06041691,0.24174921,-0.15504798,-0.06039442,0.01373182,-0.29248765,0.05860174,0.20765362,-0.22153637,-0.05509992,0.05355563,-0.22385387,0.04999967,0.16325540,-0.29034977,-0.07841374,0.43423588,1.21057658,-0.00381893,-0.60779178,-1.34337693,0.08594149,0.76382477,1.43744709,-0.16558633,-0.89783633,-1.49007499,0.24045723,1.00596285,1.49974333,-0.30839563,-1.08508699,-1.46617337,-0.03189296,-0.02215915,-0.99924587,-0.01041405,0.01118256,0.07744919,0.07656039,0.00000000,-0.01151183
10002300000000,synthetic_50hz_01,115,0.02,96.72537390,97.26252897,15.18001332,15.18792221,15.20003711,1.25098607,122.94654714,1,1,0,0,1,0.72776241,0.00000000,0.07711864,-0.06477674,-0.13033270,-0.09038114,0.06381610,0.11486047,0.05885227,-0.06101562,-0.09607676,-0.02562667,0.05645602,0.07452312,-0.00833776,-0.05026877,-0.05082094,0.04206181,0.04263225,0.02565356,-0.07457320,-0.05954389,-0.00241345,-0.32705641,0.05948957,0.22686047,-0.18546603,-0.05768200,0.03184387,-0.26040122,0.05418204,0.18684039,-0.25436577,-0.04909994,0.07647012,-0.19122828,0.04259196,0.13890011,-0.32183072,0.00119313,0.60369975,1.34236909,-0.08351775,-0.76067143,-1.43790773,0.16343452,0.89571260,1.49199081,-0.23863939,-1.00492996,-1.50305910,0.30696418,1.08517473,1.47079350,-0.36643904,-1.13413340,-1.39612423,-0.03207747,-0.02194734,-0.99924464,-0.01077135,0.01164577,0.07711864,0.07457454,0.00000000,-0.01251495
10002320000000,synthetic_50hz_01,116,0.02,96.97731527,97.20548623,15.18842332,15.20003711,15.20237075,1.26161665,123.00831187,1,1,0,0,1,0.72905827,0.00000000,0.07676835,-0.06394721,-0.11554871,-0.05998158,0.06120291,0.09684469,0.02676001,-0.05669409,-0.07534860,0.00723306,0.05055076,0.05168016,-0.04101760,-0.04295003,-0.02652177,0.07361959,0.03411102,0.00059873,-0.10409909,-0.05867695,0.01236335,-0.29670203,0.05683474,0.20884488,-0.21751646,-0.05331545,0.05257885,-0.22757915,0.04822927,0.16398375,-0.28701288,-0.04173215,0.10078956,-0.15969764,0.03402113,0.11381882,-0.35133560,0.08100463,0.75730683,1.43817360,-0.16119035,-0.89339075,-1.49375035,0.23672888,1.00371780,1.50626158,-0.30544241,-1.08510720,-1.47534659,0.36534988,1.13521245,1.40189667,-0.41472416,-1.15258900,-1.28802942,-0.03226309,-0.02172842,-0.99924344,-0.01112516,0.01210669,0.07676835,0.07261819,0.00000000,-0.01351486
10002340000000,synthetic_50hz_01,117,0.02,96.82100910,97.12859081,15.19428124,15.20237075,15.21415355,1.27224822,123.06932957,1,1,0,0,1,0.73031788,0.00000000,0.07639841,-0.06138996,-0.09762649,-0.02792498,0.05693389,0.07619174,-0.00609433,-0.05083639,-0.05256035,0.03993794,0.04327326,0.02741362,-0.07263012,-0.03446253,-0.00147654,0.10322834,0.02465824,-0.02450310,-0.13085044,-0.05608249,0.03027809,-0.26469073,0.05252426,0.18819242,-0.25032880,-0.04741286,0.07537361,-0.19491213,0.04090434,0.13970382,-0.31859244,-0.03319565,0.12585478,-0.13011628,0.02451875,0.08869079,-0.37806566,0.15885140,0.89086561,1.49534957,-0.23472327,-1.00232169,-1.50934786,0.30382796,1.08488037,1.47983096,-0.36417314,-1.13616145,-1.40764983,0.41401905,1.15468646,1.29488551,-0.45192859,-1.13992132,-1.14478903,-0.03244986,-0.02150246,-0.99924228,-0.01147537,0.01256524,0.07639841,0.07069063,0.00000000,-0.01451131
10002360000000,synthetic_50hz_01,118,0.02,96.89229724,97.08133209,15.20262761,15.21415355,15.22691392,1.28288163,123.12960860,1,1,0,0,1,0.73154174,0.00000000,0.07600891,-0.05717543,-0.07705296,0.00492066,0.05112574,0.05346201,-0.03882185,-0.04360206,-0.02832973,0.07160379,0.03482132,0.00238069,-0.10232136,-0.02503666,0.02363699,0.13008895,0.01453018,-0.04897320,-0.15410602,-0.05183094,0.05084383,-0.23189052,0.04667480,0.16546349,-0.28301416,-0.04013376,0.09961044,-0.16328433,0.03240507,0.11465780,-0.34825050,-0.02372083,0.15098802,-0.10328332,0.01434111,0.06419475,-0.40129969,0.23262013,1.00073681,1.51231471,-0.30211845,-1.08449003,-1.48424455,0.36290655,1.13697689,1.41338293,-0.41323189,-1.15668418,-1.30177282,0.45164356,1.14304372,1.15263199,-0.47703413,-1.09644878,-0.97026024,-0.03263777,-0.02126954,-0.99924114,-0.01182185,0.01302133,0.07600891,0.06879117,0.00000000,-0.01550405
10002380000000,synthetic_50hz_01,119,0.02,96.96608655,97.05828299,15.21282786,15.22691392,15.24277727,1.29351784,123.18915712,1,1,0,0,1,0.73273036,0.00000000,0.07559995,-0.05141883,-0.05438563,0.03766839,0.04393653,0.02927067,-0.07053960,-0.03518753,-0.00331183,0.10137713,0.02542405,-0.02274250,-0.12929191,-0.01492758,0.04814116,0.15347914,0.00400075,-0.07215188,-0.17324150,-0.04603753,0.07350307,-0.19918834,0.03944447,0.14127326,-0.31468959,-0.03167460,0.12463424,-0.13354924,0.02296056,0.08952182,-0.37518764,-0.01356285,0.17551161,-0.07992103,0.00376209,0.04099041,-0.42041332,0.30031146,1.08393176,1.48858502,-0.36154779,-1.13765507,-1.41909485,0.41236053,1.15857925,1.30869151,-0.45128472,-1.14610104,-1.16055799,0.47719816,1.10058022,0.97896504,-0.48935375,-1.02332915,-0.76914807,-0.03282686,-0.02102972,-0.99924002,-0.01216451,0.01347487,0.07559995,0.06691914,0.00000000,-0.01649282
10002400000000,synthetic_50hz_01,120,0.02,96.97018075,97.04066254,15.22540661,15.24277727,15.26656999,1.30415794,123.24798309,1,1,0,0,1,0.73388422,0.00000000,0.07517164,-0.04427676,-0.03023702,0.06943657,0.03556129,0.00427060,-0.10039465,-0.02582058,0.02181893,0.12845831,0.01533545,-0.04727942,-0.15281845,-0.00440820,0.07137682,0.17277276,-0.00664615,-0.09341639,-0.18774596,-0.03885887,0.09764328,-0.16746583,0.03102827,0.11627460,-0.34450215,-0.02226316,0.14977060,-0.10650651,0.01282483,0.06497241,-0.39868054,-0.00299462,0.19876642,-0.06065557,-0.00693438,0.01970048,-0.43489567,0.36009451,1.13819206,1.42478414,-0.41140275,-1.16036852,-1.31564142,0.45085007,1.14909102,1.16856814,-0.47729916,-1.10468469,-0.98780450,0.48998750,1.02842978,0.77856200,-0.48854927,-0.92252476,-0.54687319,-0.03301713,-0.02078309,-0.99923891,-0.01250323,0.01392576,0.07517164,0.06507386,0.00000000,-0.01747737
10002420000000,synthetic_50hz_01,121,0.02,96.92493648,97.01751733,15.24269523,15.26656999,15.30177433,1.31480340,123.30609425,1,1,0,0,1,0.73500378,0.00000000,0.07472408,-0.03594275,-0.00525765,0.09937289,0.02622645,-0.02086558,-0.12758712,-0.01575403,0.04638724,0.15212295,0.00482741,-0.07057154,-0.17227300,0.00623839,0.09272123,0.18745635,-0.01712433,-0.11219773,-0.19723524,-0.03048847,0.12261395,-0.13757530,0.02165265,0.09114014,-0.37165198,-0.01215224,0.17434420,-0.08288051,0.00226974,0.04166808,-0.41810123,0.00770075,0.22012970,-0.04600040,-0.01746212,0.00089400,-0.44436256,0.41035630,1.16204862,1.32262200,-0.45033753,-1.15201110,-1.17666320,0.47733532,1.10876058,0.99678066,-0.49057131,-1.03354396,-0.78816047,0.48966391,0.92852979,0.55681724,-0.47463926,-0.79674568,-0.30942071,-0.03320860,-0.02052973,-0.99923780,-0.01283790,0.01437393,0.07472408,0.06325472,0.00000000,-0.01845744
10002440000000,synthetic_50hz_01,122,0.02,96.93150501,97.00031486,15.26750845,15.30177433,15.34770087,1.32545638,123.36349816,1,1,0,0,1,0.73608951,0.00000000,0.07425740,-0.02664180,0.01988175,0.12667732,0.01618350,-0.04546389,-0.15139164,-0.00525863,0.06973528,0.17174127,-0.00581786,-0.09199617,-0.18713951,0.01672661,0.11160477,0.19714244,-0.02715313,-0.12799575,-0.20146165,-0.02115134,0.14774435,-0.11031678,0.01156909,0.06654386,-0.39541370,-0.00161263,0.19769722,-0.06330102,-0.00842247,0.02023156,-0.43293365,0.01823771,0.23903181,-0.03634297,-0.02754047,-0.01492891,-0.44856631,0.44974495,1.15485849,1.18484357,-0.47730473,-1.11280599,-1.00589521,0.49110358,1.03867077,0.79794642,-0.49074370,-0.93459020,-0.56699246,0.47623544,0.80356495,0.31969185,-0.44799710,-0.64937255,-0.06317437,-0.03340127,-0.02026971,-0.99923668,-0.01316840,0.01481927,0.07425740,0.06146108,0.00000000,-0.01943279
10002460000000,synthetic_50hz_01,123,0.02,96.86246052,96.97274399,15.30118927,15.34770087,15.40892391,1.33611977,123.42020219,1,1,0,0,1,0.73714186,0.00000000,0.07377171,-0.01662409,0.04450861,0.15062349,0.00570210,-0.06886724,-0.17117656,0.00538428,0.09124040,0.18679453,-0.01631543,-0.11098306,-0.19702713,0.02677620,0.12752602,0.20157935,-0.03646500,-0.14039235,-0.20031994,-0.01109766,0.17236191,-0.08641663,0.00104726,0.04314284,-0.41515566,0.00907436,0.21920702,-0.04828678,-0.01896690,0.00123307,-0.44278696,0.02833598,0.25497135,-0.03193497,-0.03690188,-0.02735011,-0.44740166,0.47720536,1.11681874,1.01514950,-0.49158258,-1.04380900,-0.80792248,0.49178724,0.94070575,0.57740269,-0.47781345,-0.81048152,-0.33023610,0.45006408,0.65689073,0.07354865,-0.40933915,-0.48436147,0.18525923,-0.03359515,-0.02000313,-0.99923555,-0.01349465,0.01526172,0.07377171,0.05969235,0.00000000,-0.02040316
10002480000000,synthetic_50hz_01,124,0.02,97.12301412,97.00279802,15.34643782,15.40892391,15.47382400,1.34679741,123.47621353,1,1,0,0,1,0.73816127,0.00000000,0.07326713,-0.00615807,0.06796665,0.17057788,-0.00493738,-0.09045312,-0.18642047,0.01589048,0.11033178,0.19688848,-0.02638545,-0.12702953,-0.20168010,0.03611972,0.14006495,0.20065718,-0.04481264,-0.14906224,-0.19384923,-0.00059588,0.19581034,-0.06650838,-0.00963247,0.02155961,-0.43035647,0.01962450,0.23830278,-0.03823205,-0.02908366,-0.01482470,-0.44740539,0.03772812,0.26752828,-0.03288630,-0.04529903,-0.03604435,-0.44090774,0.49200646,1.04895712,0.81809095,-0.49279304,-0.94687596,-0.58805145,0.47937216,0.81749592,0.34105814,-0.45213076,-0.66454709,-0.08423197,0.41185421,0.49243906,-0.17502264,-0.35970372,-0.30613378,0.42923128,-0.03379025,-0.01973006,-0.99923440,-0.01381651,0.01570117,0.07326713,0.05794795,0.00000000,-0.02136831
10002500000000,synthetic_50hz_01,125,0.02,96.60845111,96.92392864,15.39994002,15.47382400,15.57494647,1.35749346,123.53153917,1,1,0,0,1,0.73914816,0.00000000,0.07274379,0.00447689,0.08963351,0.18601633,-0.01545146,-0.10965012,-0.19672556,0.02598056,0.12650547,0.20176310,-0.03576063,-0.13971360,-0.20098372,0.04450970,0.14889373,0.19440988,-0.05197553,-0.15378118,-0.18223111,0.01007462,0.21746730,-0.05111617,-0.02018662,0.00236555,-0.44061831,0.02975837,0.25448053,-0.03339682,-0.03850548,-0.02751978,-0.44667426,0.04616665,0.27637478,-0.03916302,-0.05251142,-0.04078737,-0.42926614,0.49375945,0.95310000,0.59894198,-0.48091029,-0.82460836,-0.35216240,0.45419626,0.67234289,0.09522982,-0.41438754,-0.50069345,0.16444829,0.36263184,0.31460879,-0.41938527,-0.30042129,-0.11945381,0.66223119,-0.03398658,-0.01945060,-0.99923322,-0.01413391,0.01613754,0.07274379,0.05622729,0.00000000,-0.02232799
10002520000000,synthetic_50hz_01,126,0.02,96.75795297,96.89073350,15.47344273,15.57494647,15.68315566,1.36821388,123.58618595,1,1,0,0,1,0.74010296,0.00000000,0.07220184,0.01499808,0.10893725,0.19653746,-0.02556120,-0.12595302,-0.20182754,0.03538738,0.13933752,0.20129885,-0.04419332,-0.14870484,-0.19496661,0.05172515,0.15378494,0.18301339,-0.05776572,-0.15443135,-0.16578382,0.02063113,0.23676082,-0.04064141,-0.03033624,-0.01393409,-0.44567688,0.03920883,0.26731634,-0.03390066,-0.04698471,-0.03652172,-0.44062218,0.05343060,0.28128342,-0.05058916,-0.05835109,-0.04146135,-0.41279510,0.48242644,0.83181879,0.36355306,-0.45625958,-0.68027910,-0.10654748,0.41693855,0.50912665,-0.15352991,-0.36559699,-0.32329583,0.40918095,0.30371509,0.12814425,-0.65303513,-0.23307695,0.07070179,0.87806199,-0.03418413,-0.01916484,-0.99923200,-0.01444672,0.01657076,0.07220184,0.05452985,0.00000000,-0.02328196
10002540000000,synthetic_50hz_01,127,0.02,97.01783732,96.91615427,15.56152216,15.68315566,15.79530462,1.37896537,123.64016053,1,1,0,0,1,0.74102608,0.00000000,0.07164140,0.02512703,0.12537134,0.20187254,-0.03499962,-0.13893587,-0.20160182,0.04386315,0.14849481,0.19551882,-0.05146209,-0.15377257,-0.18379893,0.05757735,0.15461700,0.16678002,-0.06203262,-0.15100375,-0.14495278,0.03079520,0.25318441,-0.03535279,-0.03981437,-0.02691337,-0.44540760,0.04772811,0.27647708,-0.03972045,-0.05429990,-0.04159985,-0.42941931,0.05933122,0.28213263,-0.06685243,-0.06266745,-0.03805729,-0.39194003,0.45831958,0.68835642,0.11819004,-0.41950653,-0.51774039,0.14226139,0.36859890,0.33219767,-0.39861135,-0.30706440,-0.13707754,0.64346917,0.23667709,-0.06199461,-0.86977547,-0.15946626,0.25927942,1.07100573,-0.03438292,-0.01887287,-0.99923073,-0.01475485,0.01700072,0.07164140,0.05285506,0.00000000,-0.02422996
10002560000000,synthetic_50hz_01,128,0.02,97.31180743,96.99528490,15.65971079,15.79530462,15.91052383,1.38975472,123.69346942,1,1,0,0,1,0.74191792,0.00000000,0.07106262,0.03459701,0.13850782,0.20189183,-0.04351883,-0.14826283,-0.19606586,0.05118597,0.15374336,0.18458722,-0.05737740,-0.15479139,-0.16778685,0.06191462,0.15137671,0.14614910,-0.06466680,-0.14359777,-0.12029781,0.04030007,0.26631007,-0.03538008,-0.04837309,-0.03623646,-0.43982794,0.05509429,0.28172878,-0.05069201,-0.06026154,-0.04262877,-0.41337182,0.06371685,0.27890918,-0.08751350,-0.06535106,-0.03067458,-0.36726078,0.42209061,0.52653618,-0.13063678,-0.37163718,-0.34131683,0.38766958,0.31046927,0.14625716,-0.63352570,-0.24035039,0.05301918,0.86111697,0.16330209,-0.25076695,-1.06388183,-0.08154572,0.44128499,1.23597449,-0.03458295,-0.01857479,-0.99922941,-0.01505820,0.01742735,0.07106262,0.05120243,0.00000000,-0.02517176
10002580000000,synthetic_50hz_01,129,0.02,97.32767837,97.06176359,15.76505227,15.91052383,16.03847767,1.40058838,123.74611895,1,1,0,0,1,0.74277887,0.00000000,0.07046565,0.04315998,0.14800808,0.19660702,-0.05089643,-0.15369652,-0.18537773,0.05716552,0.15495381,0.16880393,-0.06178650,-0.15174372,-0.14736342,0.06462614,0.14415879,0.12167436,-0.06560259,-0.13241769,-0.09247737,0.04889771,0.27579922,-0.04071157,-0.05579003,-0.04166597,-0.42909597,0.06111703,0.28294207,-0.06651544,-0.06471684,-0.03959090,-0.39291277,0.06647666,0.27170782,-0.11201864,-0.06633625,-0.01951748,-0.33941579,0.37471127,0.35065559,-0.37634886,-0.31392963,-0.15568642,0.62319711,0.24409725,-0.04377127,-0.85207830,-0.16722743,0.24196701,1.05639368,0.08553637,-0.43318673,-1.23025273,-0.00137926,0.61191748,1.36864302,-0.03478421,-0.01827068,-0.99922802,-0.01535668,0.01785057,0.07046565,0.04957144,0.00000000,-0.02610712
10002600000000,synthetic_50hz_01,130,0.02,97.73677512,97.19676590,15.87989094,16.03847767,16.15984514,1.41147285,123.79811532,1,1,0,0,1,0.74360931,0.00000000,0.06985064,0.05059308,0.15363125,0.18616985,-0.05694131,-0.15510356,-0.16983083,0.06164790,0.15210417,0.14859550,-0.06457715,-0.14471953,-0.12307610,0.06564460,0.13316257,0.09400835,-0.06481950,-0.11776647,-0.06223030,0.05636527,0.28141099,-0.05119552,-0.06187405,-0.04306854,-0.41350507,0.06564246,0.28009496,-0.08676418,-0.06755359,-0.03257621,-0.36858962,0.06754335,0.26072788,-0.13971528,-0.06560254,-0.00488899,-0.30914390,0.31744526,0.16536842,-0.61247585,-0.24791794,0.03424681,0.84265124,0.17124304,-0.23287469,-1.04853260,-0.08963112,0.42478868,1.22418428,0.00543510,-0.60445582,-1.36454215,0.07891762,0.76669621,1.46555964,-0.03498670,-0.01796065,-0.99922657,-0.01565017,0.01827029,0.06985064,0.04796160,0.00000000,-0.02703579
10002620000000,synthetic_50hz_01,131,0.02,98.05902485,97.36921769,15.99747170,16.15984514,16.27608569,1.42241380,123.84946457,1,1,0,0,1,0.74440963,0.00000000,0.06921775,0.05670439,0.15523987,0.17086706,-0.06149843,-0.15245738,-0.14984505,0.06451945,0.14527948,0.12450293,-0.06568034,-0.13391310,-0.09557133,0.06494764,0.11868594,0.06388437,-0.06234246,-0.10003701,-0.03035560,0.06251080,0.28300790,-0.06654519,-0.06647013,-0.04041757,-0.39347516,0.06855691,0.27327250,-0.11089724,-0.06870276,-0.02177897,-0.34104881,0.06689452,0.24626723,-0.16987014,-0.06317485,0.01281802,-0.27724410,0.25181262,-0.02444189,-0.83282749,-0.17534956,0.22348515,1.04028980,0.09383109,-0.41608523,-1.21776008,-0.00960742,0.59668938,1.36012176,-0.07489323,-0.76009070,-1.46327050,0.15723467,0.90157825,1.52423247,-0.03519043,-0.01764481,-0.99922504,-0.01593860,0.01868642,0.06921775,0.04637244,0.00000000,-0.02795755
10002640000000,synthetic_50hz_01,132,0.02,97.84048715,97.46347158,16.11448958,16.27608569,16.40472351,1.43341580,123.90017260,1,1,0,0,1,0.74518018,0.00000000,0.06856714,0.06133770,0.15280267,0.15111171,-0.06445267,-0.14583803,-0.12595472,0.06570944,0.13466881,0.09716639,-0.06507178,-0.11961703,-0.06557670,0.06255806,0.10111664,0.03209641,-0.05824077,-0.07970100,0.00230923,0.06717813,0.28055869,-0.08634752,-0.06946313,-0.03379312,-0.36954056,0.06978965,0.26266375,-0.13827446,-0.06814006,-0.00749180,-0.31101792,0.06455302,0.22871362,-0.20168921,-0.05912247,0.03313186,-0.24455392,0.17954749,-0.21379368,-1.03165637,-0.09813727,0.40707083,1.21097088,0.01389771,-0.58861194,-1.35537253,0.07074253,0.75318309,1.46069817,-0.15334324,-0.89603962,-1.52391119,0.23152298,1.01306292,1.54318915,-0.03539538,-0.01732324,-0.99922342,-0.01622187,0.01909890,0.06856714,0.04480350,0.00000000,-0.02887214
10002660000000,synthetic_50hz_01,133,0.02,97.96988426,97.56475412,16.23638783,16.40472351,16.52565536,1.44448323,123.95024516,1,1,0,0,1,0.74592133,0.00000000,0.06789897,0.06437642,0.14639454,0.12743125,-0.06573154,-0.13542921,-0.09879352,0.06519159,0.12055939,0.06730753,-0.06277213,-0.10221378,-0.03388102,0.05854292,0.08092130,-0.00052228,-0.05262590,-0.05729583,0.03491054,0.07025063,0.27413826,-0.11007506,-0.07078057,-0.02337890,-0.34233496,0.06931438,0.24855593,-0.16817416,-0.06588617,0.00990286,-0.27928578,0.06058588,0.20853368,-0.23433927,-0.05355688,0.05551513,-0.21192700,0.10255059,-0.39773998,-1.20380723,-0.01830735,0.58021724,1.35028487,-0.06646369,-0.74596658,-1.45783317,0.14931856,0.89020935,1.52335146,-0.22786850,-1.00878697,-1.54495081,0.29984889,1.09828079,1.52200852,-0.03560156,-0.01699607,-0.99922171,-0.01649987,0.01950763,0.06789897,0.04325432,0.00000000,-0.02977935
10002680000000,synthetic_50hz_01,134,0.02,98.21005743,97.69381478,16.35788019,16.52565536,16.63197357,1.45561961,123.99968789,1,1,0,0,1,0.74663344,0.00000000,0.06721343,0.06574625,0.13619373,0.10045270,-0.06530672,-0.12151260,-0.06907703,0.06298437,0.10332821,0.03570983,-0.05884615,-0.08216481,-0.00131310,0.05301136,0.05863256,-0.03312148,-0.04564824,-0.03340991,0.06660116,0.07165402,0.26392485,-0.13710079,-0.07039412,-0.00945658,-0.31257392,0.06714959,0.23132606,-0.19981287,-0.06200581,0.02994355,-0.24668118,0.05510223,0.18626005,-0.26697006,-0.04662846,0.07937943,-0.18021049,0.02283767,-0.57149906,-1.34484891,0.06205492,0.73843429,1.45466570,-0.14515843,-0.88408012,-1.52254381,0.22407696,1.00423750,1.54652627,-0.29653525,-1.09544225,-1.52592165,0.36044429,1.15506489,1.46132401,-0.03580896,-0.01666338,-0.99921990,-0.01677253,0.01991254,0.06721343,0.04172448,0.00000000,-0.03067893
10002700000000,synthetic_50hz_01,135,0.02,98.73307348,97.90166652,16.47299941,16.63197357,16.71215482,1.46682704,124.04850626,1,1,0,0,1,0.74731683,0.00000000,0.06651068,0.06541680,0.12247622,0.07088534,-0.06319445,-0.10445962,-0.03758319,0.05915016,0.08343140,0.00319750,-0.05340056,-0.05999781,0.03128037,0.04611138,0.03483446,-0.06485641,-0.03749280,-0.00866681,0.09656262,0.07135790,0.25019444,-0.16671543,-0.06832003,0.00760241,-0.28103541,0.06335765,0.21143025,-0.23236639,-0.05660572,0.05210256,-0.21405084,0.04825009,0.16247676,-0.29873681,-0.03852223,0.10410118,-0.15022289,-0.05751450,-0.73057929,-1.45118561,0.14086069,0.87764450,1.52147837,-0.22014581,-0.99940681,-1.54790619,0.29308402,1.09235575,1.52970717,-0.35757249,-1.15381157,-1.46740597,0.41175197,1.18200246,1.36279877,-0.03601757,-0.01632529,-0.99921798,-0.01703976,0.02031354,0.06651068,0.04021355,0.00000000,-0.03157066
10002720000000,synthetic_50hz_01,136,0.02,98.41230890,98.00379500,16.57344468,16.71215482,16.80053131,1.47810539,124.09670565,1,1,0,0,1,0.74797186,0.00000000,0.06579090,0.06340202,0.10560769,0.03950142,-0.05945468,-0.08472091,-0.00513147,0.05379324,0.06139159,-0.02938643,-0.04658091,-0.03629233,0.06305711,0.03802564,0.01014674,-0.09490982,-0.02837407,0.01629139,0.12402623,0.06937622,0.23331270,-0.19814670,-0.06461825,0.02734744,-0.24853888,0.05804283,0.18939113,-0.26499169,-0.04983147,0.07580036,-0.18223701,0.04021210,0.13780355,-0.32882229,-0.02945267,0.12903831,-0.12273287,-0.13642321,-0.87089493,-1.52014484,0.21607250,0.99428696,1.54908082,-0.28949232,-1.08901324,-1.53335606,0.35456594,1.15234275,1.47342394,-0.40941726,-1.18244969,-1.37101232,0.45246489,1.17846605,1.22907378,-0.03622738,-0.01598192,-0.99921594,-0.01730147,0.02071056,0.06579090,0.03872112,0.00000000,-0.03245430
10002740000000,synthetic_50hz_01,137,0.02,98.57161700,98.11735940,16.66882106,16.80053131,16.87503499,1.48945391,124.14429130,1,1,0,0,1,0.74859885,0.00000000,0.06505428,0.05975938,0.08603313,0.00711549,-0.05418917,-0.06281388,0.02743896,0.04705665,0.03778368,-0.06120232,-0.03856747,-0.01166416,0.09320120,0.02896637,-0.01479165,-0.12251304,-0.01853015,0.04082101,0.14829278,0.06576646,0.21372466,-0.23058009,-0.05939052,0.04926109,-0.21592351,0.05134818,0.16578360,-0.29684911,-0.04186328,0.10042116,-0.15205563,0.03120049,0.11287939,-0.35645781,-0.01965788,0.15354715,-0.09843966,-0.21185451,-0.98886987,-1.55003988,0.28575724,1.08540643,1.53685884,-0.35142145,-1.15065021,-1.47936946,0.40695402,1.18272022,1.37922916,-0.45075392,-1.18069184,-1.23932504,0.48155837,1.14462357,1.06369060,-0.03643839,-0.01563336,-0.99921377,-0.01755757,0.02110353,0.06505428,0.03724680,0.00000000,-0.03332964
10002760000000,synthetic_50hz_01,138,0.02,98.77942980,98.24977348,16.75543091,16.87503499,16.93510458,1.50087088,124.19126834,1,1,0,0,1,0.74919813,0.00000000,0.06430101,0.05458805,0.06426461,-0.02543723,-0.04753838,-0.03930864,0.05929114,0.03911815,0.01321938,-0.09143566,-0.02957013,0.01325099,0.12094405,0.01916959,-0.03933934,-0.14696557,-0.00821637,0.06429351,0.16874999,0.06062777,0.19194234,-0.26318035,-0.05277732,0.07277326,-0.18402625,0.04345146,0.14121937,-0.32712415,-0.03291107,0.12532924,-0.12427529,0.02145130,0.08834563,-0.38094286,-0.00939318,0.17699914,-0.07795553,-0.28187587,-1.08152680,-1.54020547,0.34813579,1.14872542,1.48523345,-0.40435880,-1.18280575,-1.38744147,0.44892395,1.18278524,1.24964889,-0.48054642,-1.14866448,-1.07582836,0.49831451,1.08142719,0.87099120,-0.03665059,-0.01527974,-0.99921148,-0.01780798,0.02149236,0.06430101,0.03579020,0.00000000,-0.03419645
10002780000000,synthetic_50hz_01,139,0.02,99.10380062,98.42057891,16.83089385,16.93510458,16.97826451,1.51235348,124.23764176,1,1,0,0,1,0.74977001,0.00000000,0.06353127,0.04802588,0.04086728,-0.05732267,-0.03967754,-0.01481269,0.08961211,0.03018528,-0.01166895,-0.11931799,-0.01982277,0.03781418,0.14558388,0.00888876,-0.06286920,-0.16765251,0.00230152,0.08611168,0.18488765,0.05409800,0.16853093,-0.29511342,-0.04495386,0.09727644,-0.15366009,0.03456020,0.11633080,-0.35504834,-0.02320872,0.14988565,-0.09959777,0.01121796,0.06482940,-0.40166257,0.00107568,0.19879708,-0.06179069,-0.34470568,-1.14655950,-1.49100631,0.40162805,1.18269762,1.39564086,-0.44697129,-1.18473801,-1.26003843,0.47942815,1.15262185,1.08810850,-0.49806286,-1.08727506,-0.88480790,0.50233819,0.99058163,0.65599788,-0.03686395,-0.01492116,-0.99920904,-0.01805263,0.02187697,0.06353127,0.03435095,0.00000000,-0.03505450
10002800000000,synthetic_50hz_01,140,0.02,99.50132531,98.63672819,16.89278953,16.97826451,17.00459908,1.52389771,124.28341648,1,1,0,0,1,0.75031480,0.00000000,0.06274527,0.04024546,0.01644433,-0.08772946,-0.03081174,0.01004509,0.11763360,0.02048970,-0.03624490,-0.14414631,-0.00957694,0.06139975,0.16650321,-0.00161193,-0.08478442,-0.18405975,0.01275433,0.10572471,0.19630975,0.04634976,0.14409360,-0.32556793,-0.03612524,0.12214175,-0.12559327,0.02490606,0.09175432,-0.37991868,-0.01300776,0.17346476,-0.07864055,0.00076468,0.04292752,-0.41810280,0.01147949,0.21839017,-0.05034115,-0.39875818,-1.18238680,-1.40381834,0.44489215,1.18654151,1.27048612,-0.47819967,-1.15648769,-1.10052518,0.49772048,1.09309178,0.89883560,-0.50289177,-0.99818152,-0.67123216,0.49356445,0.87449323,0.42427679,-0.03707848,-0.01455775,-0.99920646,-0.01829142,0.02225730,0.06274527,0.03292869,0.00000000,-0.03590358
10002820000000,synthetic_50hz_01,141,0.02,99.52536666,98.81445588,16.93974954,17.00459908,17.03143541,1.53549839,124.32859728,1,1,0,0,1,0.75083281,0.00000000,0.06194321,0.03144938,-0.00837898,-0.11588961,-0.02117035,0.03463089,0.14265142,0.01028098,-0.05988437,-0.16530053,0.00090480,0.08341136,0.18318395,-0.01206449,-0.10453356,-0.19578609,0.02287636,0.12264201,0.20274363,0.03758562,0.11925562,-0.35377587,-0.02652084,0.14673539,-0.10053000,0.01473861,0.06811399,-0.40111509,-0.00257076,0.19547021,-0.06192173,-0.00964056,0.02319142,-0.42986236,0.02155258,0.23528780,-0.04387959,-0.44268264,-1.18818672,-1.28098380,0.47685701,1.16025356,1.11307194,-0.49728337,-1.09886975,-0.91306970,0.50337282,1.00580502,0.68674323,-0.49494979,-0.88374245,-0.44061763,0.47225714,0.73620118,0.18178882,-0.03729416,-0.01418962,-0.99920372,-0.01852429,0.02263326,0.06194321,0.03152307,0.00000000,-0.03674346
10002840000000,synthetic_50hz_01,142,0.02,99.68271048,98.98810680,16.97825761,17.03143541,17.05356355,1.54715020,124.37318884,1,1,0,0,1,0.75132434,0.00000000,0.06112530,0.02186468,-0.03297157,-0.14109778,-0.01100093,0.05832229,0.16404291,-0.00017998,-0.08199156,-0.18225860,0.01135570,0.10329697,0.19521970,-0.02220403,-0.12162428,-0.20255252,0.03241221,0.13644511,0.20404566,0.02803263,0.09464806,-0.37903192,-0.01638819,0.17043494,-0.07909295,0.00431875,0.04600565,-0.41811552,0.00783553,0.21534997,-0.04984769,-0.01973288,0.00611345,-0.43666224,0.03103954,0.24907152,-0.04254961,-0.47539603,-1.16391058,-1.12574168,0.49674739,1.10460092,0.92750502,-0.50377730,-1.01344510,-0.70252796,0.49628307,0.89307118,0.45729669,-0.47448076,-0.74694961,-0.19888134,0.43899896,0.57929313,-0.06526785,-0.03751097,-0.01381690,-0.99920083,-0.01875116,0.02300479,0.06112530,0.03013375,0.00000000,-0.03757394
10002860000000,synthetic_50hz_01,143,0.02,100.10318230,99.21112190,17.00988610,17.05356355,17.06199459,1.55884794,124.41719575,1,1,0,0,1,0.75178968,0.00000000,0.06029173,0.01173682,-0.05671276,-0.16272873,-0.00056265,0.08052408,0.18128200,-0.01062774,-0.10201386,-0.19460883,0.02151173,0.12056253,0.20232499,-0.03177553,-0.13563533,-0.20420803,0.04112323,0.14679769,0.20020366,0.01793624,0.07089162,-0.40071082,-0.00598647,0.19264518,-0.06180817,-0.00608808,0.02598188,-0.43050825,0.01794709,0.23260999,-0.04270393,-0.02925726,-0.00788515,-0.43835143,0.03970172,0.25940501,-0.04636341,-0.49610826,-1.11027672,-0.94213575,0.50410099,1.02109426,0.71858264,-0.49756025,-0.90247317,-0.47431244,0.47667462,0.75783336,0.21636760,-0.44204624,-0.59134487,0.04781521,0.39467346,0.40780762,-0.31061950,-0.03772890,-0.01343969,-0.99919776,-0.01897195,0.02337181,0.06029173,0.02876040,0.00000000,-0.03839481
10002880000000,synthetic_50hz_01,144,0.02,99.93988304,99.35687413,17.03177167,17.06199459,17.08178129,1.57058608,124.46062250,1,1,0,0,1,0.75222912,0.00000000,0.05944273,0.00132320,-0.07900800,-0.18025240,0.00988042,0.10068314,0.19395167,-0.02079917,-0.11945554,-0.20205922,0.03111827,0.13478398,0.20434132,-0.04054022,-0.14622653,-0.20073215,0.04879338,0.15345331,0.19133579,0.00755384,0.04858082,-0.41828253,0.00442024,0.21281298,-0.04909269,-0.01621876,0.00853843,-0.43800131,0.02750930,0.24682619,-0.04064893,-0.03797492,-0.01846421,-0.43490945,0.04732309,0.26604180,-0.05520283,-0.50433950,-1.02874447,-0.73490294,0.49877714,0.91194166,0.49166285,-0.47883479,-0.76884714,-0.23424789,0.44508742,0.60358640,-0.02992054,-0.39850797,-0.42092398,0.29322635,0.34043935,0.22612613,-0.54807830,-0.03794793,-0.01305813,-0.99919452,-0.01918659,0.02373425,0.05944273,0.02740271,0.00000000,-0.03920584
10002900000000,synthetic_50hz_01,145,0.02,100.13149728,99.51179876,17.05277571,17.08178129,17.09732436,1.58236001,124.50347347,1,1,0,0,1,0.75264294,0.00000000,0.05857852,-0.00911353,-0.09930371,-0.19324637,0.02006605,0.11830206,0.20175334,-0.03044007,-0.13388971,-0.20444367,0.03993648,0.14561726,0.20123979,-0.04828150,-0.15314659,-0.19223407,0.05523455,0.15626063,0.17768616,-0.00285189,0.02826927,-0.43132461,0.01456974,0.23044095,-0.04124509,-0.02581908,-0.00589782,-0.44042858,0.03628331,0.25765453,-0.04371160,-0.04566927,-0.02537241,-0.42644550,0.05371554,0.26883060,-0.06882375,-0.49992931,-0.92146934,-0.50934527,0.48095715,0.77998510,0.25252197,-0.44811877,-0.61601353,0.01158165,0.40236093,0.43428200,-0.27535137,-0.34500282,-0.24002992,0.53118258,0.27769813,0.03885766,-0.77169955,-0.03816804,-0.01267233,-0.99919110,-0.01939502,0.02409204,0.05857852,0.02606036,0.00000000,-0.04000684
10002920000000,synthetic_50hz_01,146,0.02,100.13474778,99.63638856,17.07148614,17.09732436,17.11679670,1.59416564,124.54575298,1,1,0,0,1,0.75303142,0.00000000,0.05769930,-0.01931211,-0.11710085,-0.20140540,0.02974054,0.13295116,0.20451316,-0.03931154,-0.14496842,-0.20172472,0.04774917,0.15280618,0.19312046,-0.05481017,-0.15623846,-0.17894845,0.06029096,0.15516632,0.15961727,-0.01301972,0.01045600,-0.43953182,0.02420829,0.24509940,-0.03843923,-0.03465015,-0.01697891,-0.43775261,0.04405194,0.26483883,-0.05179187,-0.05215110,-0.02845273,-0.41319422,0.05872328,0.26771804,-0.08686369,-0.48303734,-0.79124088,-0.27118908,0.45113634,0.62862155,0.00720318,-0.40622886,-0.44787876,0.25699038,0.34960962,0.25422343,-0.51377480,-0.28291097,-0.05323871,0.75574685,0.20805587,-0.14928091,-0.97593036,-0.03838923,-0.01228243,-0.99918749,-0.01959716,0.02444511,0.05769930,0.02473305,0.00000000,-0.04079759
10002940000000,synthetic_50hz_01,147,0.02,100.21854115,99.75281908,17.09051658,17.11679670,17.13651333,1.60599966,124.58746524,1,1,0,0,1,0.75339482,0.00000000,0.05680532,-0.02901934,-0.13196693,-0.20454781,0.03866497,0.14427855,0.20218503,-0.04719586,-0.15243055,-0.19399316,0.05436608,0.15618791,0.18020837,-0.05996890,-0.15544230,-0.16122810,0.06384278,0.15021521,0.13759954,-0.02269644,-0.00442650,-0.44272249,0.03309699,0.25643645,-0.04072120,-0.04249425,-0.02444373,-0.43006418,0.05062494,0.26821623,-0.06466471,-0.05726310,-0.02764532,-0.39550844,0.06222649,0.26274898,-0.10885221,-0.45413593,-0.64140522,-0.02643523,0.41010810,0.46171087,-0.23813958,-0.35425667,-0.26870518,0.49584872,0.28819185,0.06795260,-0.73926230,-0.21381833,0.13475909,0.96136261,0.13328033,-0.33358561,-1.15574638,-0.03861146,-0.01188855,-0.99918368,-0.01979296,0.02479338,0.05680532,0.02342051,0.00000000,-0.04157790
10002960000000,synthetic_50hz_01,148,0.02,100.15257588,99.83277044,17.10983521,17.13651333,17.16226559,1.61785939,124.62861437,1,1,0,0,1,0.75373343,0.00000000,0.05589680,-0.03799630,-0.14354611,-0.20261871,0.04662105,0.15201813,0.19485027,-0.05390169,-0.15610739,-0.18146421,0.05962832,0.15569600,0.16284646,-0.06363584,-0.15079582,-0.13953376,0.06580871,0.14154813,0.11219825,-0.03164314,-0.01602240,-0.44084171,0.04101757,0.26418598,-0.04800970,-0.04916004,-0.02812357,-0.41757852,0.05584341,0.26772031,-0.08198720,-0.06088342,-0.02298789,-0.37384889,0.06414387,0.25406423,-0.13422406,-0.41399471,-0.47577441,0.21879555,0.35894064,0.28347326,-0.47739836,-0.29353814,-0.08299944,0.72223756,0.21967280,-0.11986729,-0.94625431,-0.13947419,0.31927820,1.14299011,0.05525448,-0.50948416,-1.30677297,-0.03883472,-0.01149081,-0.99917968,-0.01998234,0.02513680,0.05589680,0.02212244,0.00000000,-0.04234757
10002980000000,synthetic_50hz_01,149,0.02,100.56097589,99.97841153,17.13185597,17.16226559,17.17495360,1.62974299,124.66920442,1,1,0,0,1,0.75404749,0.00000000,0.05497396,-0.04602421,-0.15156728,-0.19568982,0.05341641,0.15599525,0.18271415,-0.05926859,-0.15592581,-0.16447076,0.06341203,0.15136095,0.14148559,-0.06572727,-0.14243228,-0.11442133,0.06614756,0.12939723,0.08405824,-0.03964103,-0.02406058,-0.43396122,0.04777763,0.26817337,-0.06009944,-0.05448708,-0.02794530,-0.40062849,0.05958349,0.26338155,-0.10330845,-0.06292833,-0.01461369,-0.34877146,0.06443424,0.24189594,-0.16233436,-0.36365795,-0.29852523,0.45841808,0.29894697,0.09837891,-0.70466447,-0.22561720,0.10460372,0.93059505,0.14578279,-0.30457058,-1.12969614,-0.06174539,0.49575652,1.29622756,-0.02407215,-0.67264957,-1.42538814,-0.03905898,-0.01108935,-0.99917546,-0.02016525,0.02547528,0.05497396,0.02083858,0.00000000,-0.04310640
10003000000000,synthetic_50hz_01,150,0.02,100.85984300,100.15469782,17.14995698,17.17495360,17.18146707,1.64164844,124.70923935,1,1,0,0,1,0.75433727,0.00000000,0.05403705,-0.05290963,-0.15584981,-0.18395628,0.05888904,0.15613005,0.16609929,-0.06317066,-0.15190898,-0.14345358,0.06563103,0.14330830,0.11667204,-0.06619923,-0.13057598,-0.08652679,0.06485887,0.11407909,0.05388693,-0.04649667,-0.02836040,-0.42227614,0.05321519,0.26831872,-0.07666782,-0.05834947,-0.02393208,-0.37965489,0.06175901,0.25532549,-0.12808220,-0.06335388,-0.00274704,-0.32091215,0.06309714,0.22656071,-0.19247573,-0.30441522,-0.11409025,0.68653507,0.23164922,-0.08896695,-0.91437446,-0.15220467,0.28945918,1.11585201,0.06837199,-0.48160617,-1.28515902,0.01743189,0.65986824,1.41741430,-0.10273320,-0.81910599,-1.50880487,-0.03928423,-0.01068429,-0.99917104,-0.02034162,0.02580878,0.05403705,0.01956866,0.00000000,-0.04385419
10003020000000,synthetic_50hz_01,151,0.02,101.07342048,100.33844236,17.16319122,17.18146707,17.18637686,1.65357346,124.74872307,1,1,0,0,1,0.75460302,0.00000000,0.05308631,-0.05848901,-0.15630698,-0.16773026,0.06291100,0.15243823,0.14543621,-0.06551924,-0.14417462,-0.11894916,0.06623854,0.13175438,0.08903276,-0.06504814,-0.11553561,-0.05654949,0.06198237,0.09598589,0.02243588,-0.05204652,-0.02883514,-0.40609865,0.05720229,0.26463776,-0.09728431,-0.06065857,-0.01620164,-0.35519420,0.06232319,0.24376848,-0.15568150,-0.06215649,0.01230338,-0.29097029,0.06017229,0.20845070,-0.22389659,-0.23776629,0.07295594,0.89758233,0.15873815,-0.27394074,-1.10144526,-0.07513352,0.46702771,1.27355301,-0.01063724,-0.64665005,-1.40894364,0.09610133,0.80762917,1.50371376,-0.17879477,-0.94532397,-1.55513111,-0.03951045,-0.01027577,-0.99916640,-0.02051141,0.02613722,0.05308631,0.01831244,0.00000000,-0.04459075
10003040000000,synthetic_50hz_01,152,0.02,101.00524251,100.47180239,17.17292918,17.18637686,17.20078505,1.66551577,124.78765939,1,1,0,0,1,0.75484499,0.00000000,0.05212198,-0.06263234,-0.15294695,-0.14743182,0.06539115,0.14502958,0.12125136,-0.06626472,-0.13293093,-0.09157516,0.06522784,0.11699983,0.05925881,-0.06231041,-0.09769557,-0.02523400,0.05759654,0.07557469,-0.00951832,-0.05616057,-0.02549298,-0.38584880,0.05964781,0.25724026,-0.12142246,-0.06136475,-0.00496218,-0.32786407,0.06126932,0.22901114,-0.18541529,-0.05937256,0.03015318,-0.25969046,0.05573818,0.18802299,-0.25582036,-0.16538131,0.25801233,1.08646341,0.08202903,-0.45201597,-1.26139503,0.00368818,0.63298777,1.39996004,-0.08929907,-0.79571025,-1.49816354,0.17233542,0.93549202,1.55317430,-0.25040326,-1.04830313,-1.56340631,-0.03973760,-0.00986393,-0.99916154,-0.02067455,0.02646053,0.05212198,0.01706967,0.00000000,-0.04531590
10003060000000,synthetic_50hz_01,153,0.02,101.06548364,100.59053864,17.18462865,17.20078505,17.21796604,1.67747373,124.82605205,1,1,0,0,1,0.75506343,0.00000000,0.05114431,-0.06524598,-0.14587145,-0.12357719,0.06627698,0.13410405,0.09415292,-0.06539719,-0.11847036,-0.06201418,0.06263196,0.09942112,0.02808754,-0.05806103,-0.07750553,0.00664887,0.05181616,0.05335541,-0.04119359,-0.05874518,-0.01843563,-0.36204281,0.06049922,0.24632619,-0.14847410,-0.06045810,0.00949385,-0.29834710,0.05863041,0.21142995,-0.21654621,-0.05507711,0.05035267,-0.22784345,0.04990960,0.16578748,-0.28746496,-0.08905733,0.43656604,1.24867046,0.00341511,-0.61887430,-1.39044715,0.08232557,0.78334013,1.49213659,-0.16569276,-0.92522189,-1.55080705,0.24428295,1.04042908,1.56476701,-0.31583036,-1.12564021,-1.53361401,-0.03996567,-0.00944888,-0.99915645,-0.02083099,0.02677866,0.05114431,0.01584011,0.00000000,-0.04602945
10003080000000,synthetic_50hz_01,154,0.02,101.01617464,100.67566584,17.19863035,17.21796604,17.24156133,1.68944629,124.86390474,1,1,0,0,1,0.75525857,0.00000000,0.05015355,-0.06627451,-0.13527206,-0.09676484,0.06555538,0.11994573,0.06481481,-0.06294626,-0.10116131,-0.03099613,0.05852237,0.07946036,-0.00371618,-0.05241125,-0.05546854,0.03832135,0.04478909,0.02987753,-0.07182170,-0.05974493,-0.00785468,-0.33527917,0.05974342,0.23217963,-0.17776531,-0.05796825,0.02679807,-0.26737320,0.05447795,0.19146701,-0.24830941,-0.04938137,0.07239880,-0.19620705,0.04283439,0.14229367,-0.31806215,-0.01067226,0.60430271,1.38038837,-0.07518015,-0.77050979,-1.48561489,0.15886508,0.91450271,1.54801045,-0.23796986,-1.03213010,-1.56577614,0.31021386,1.12000069,1.53839978,-0.37351424,-1.17558114,-1.46667064,-0.04019463,-0.00903077,-0.99915112,-0.02098068,0.02709154,0.05015355,0.01462354,0.00000000,-0.04673122
10003100000000,synthetic_50hz_01,155,0.02,101.73936584,100.88840584,17.21666137,17.24156133,17.24094511,1.70143308,124.90122106,1,1,0,0,1,0.75543066,0.00000000,0.04914994,-0.06570159,-0.12142436,-0.06765978,0.06325250,0.10291479,0.03395928,-0.05897981,-0.08143814,0.00072028,0.05300671,0.05761359,-0.03537907,-0.04550539,-0.03212801,0.06901787,0.03669214,0.00571617,-0.10066685,-0.05914347,0.00597429,-0.30622288,0.05740657,0.21516075,-0.20857384,-0.05396307,0.04651609,-0.23570108,0.04891957,0.16961837,-0.27993161,-0.04242967,0.09574817,-0.16554682,0.03468938,0.11811667,-0.34687615,0.06786232,0.75721032,1.47858008,-0.15185081,-0.90332361,-1.54476511,0.23146137,1.02339367,1.56641385,-0.30439879,-1.11395880,-1.54290215,0.36856025,1.17240799,1.47490786,-0.42209595,-1.19705610,-1.36439129,-0.04042446,-0.00860973,-0.99914556,-0.02112357,0.02739911,0.04914994,0.01341973,0.00000000,-0.04742102
10003120000000,synthetic_50hz_01,156,0.02,102.04086432,101.11889753,17.22686054,17.24094511,17.23697476,1.71343283,124.93800456,1,1,0,0,1,0.75557993,0.00000000,0.04813375,-0.06354983,-0.10468013,-0.03697641,0.05943255,0.08343770,0.00233870,-0.05360181,-0.05978971,0.03236644,0.04622571,0.03441796,-0.06613844,-0.03751689,-0.00805392,0.09800364,0.02772645,-0.01854231,-0.12704334,-0.05696343,0.02269951,-0.27558833,0.05355288,0.19569601,-0.24014733,-0.04854654,0.06815907,-0.20409935,0.04209601,0.14642118,-0.31065010,-0.03439544,0.11983080,-0.13659755,0.02567570,0.09384283,-0.37322125,0.14464853,0.89167371,1.54105115,-0.22475499,-1.01420714,-1.56665965,0.29838166,1.10750050,1.54710062,-0.36340584,-1.16886411,-1.48293796,0.41795286,1.19652882,1.37602151,-0.46045011,-1.18969705,-1.22943371,-0.04065512,-0.00818590,-0.99913976,-0.02125962,0.02770131,0.04813375,0.01222847,0.00000000,-0.04809869
10003140000000,synthetic_50hz_01,157,0.02,101.59685577,101.21448918,17.23110851,17.23697476,17.25861955,1.72544375,124.97425873,1,1,0,0,1,0.75570661,0.00000000,0.04710524,-0.05987977,-0.08545778,-0.00546054,0.05419581,0.06199596,-0.02928319,-0.04694936,-0.03674677,0.06318268,0.03834933,0.01043815,-0.09526058,-0.02864368,0.01617141,0.12459207,0.01811221,-0.04231474,-0.15033152,-0.05326535,0.04190257,-0.24412134,0.04828261,0.17426692,-0.27172203,-0.04185573,0.09119626,-0.17332767,0.03417724,0.12244011,-0.33973119,-0.02547661,0.14406437,-0.11004582,0.01601357,0.07005535,-0.39647779,0.21784836,1.00455779,1.56649246,-0.29215904,-1.10061155,-1.55097400,0.35804663,1.16493416,1.49074024,-0.41361158,-1.19567117,-1.38752774,0.45725191,1.19193643,1.24431217,-0.48770945,-1.15383760,-1.06522250,-0.04088660,-0.00775942,-0.99913371,-0.02138878,0.02799808,0.04710524,0.01104955,0.00000000,-0.04876404
10003160000000,synthetic_50hz_01,158,0.02,101.50801259,101.27319386,17.24266315,17.25861955,17.28720746,1.73746528,125.00998701,1,1,0,0,1,0.75581092,0.00000000,0.04606468,-0.05478789,-0.06423131,0.02612916,0.04767563,0.03911374,-0.06014994,-0.03918886,-0.01286851,0.09243657,0.02957226,-0.01374773,-0.12205820,-0.01910307,0.03996762,0.14816084,0.00808314,-0.06503522,-0.16999194,-0.04814570,0.06310947,-0.21258055,0.04172914,0.15139765,-0.30254149,-0.03405709,0.11506846,-0.14411849,0.02535792,0.09825329,-0.36648760,-0.01589052,0.16786851,-0.08651397,0.00593667,0.04732011,-0.41610634,0.28572759,1.09327748,1.55450037,-0.35247828,-1.16060244,-1.49829316,0.40906686,1.19446669,1.39888945,-0.45386184,-1.19389391,-1.25915511,0.48557178,1.15890062,1.08311874,-0.50328246,-1.09049568,-0.87585555,-0.04111886,-0.00733042,-0.99912742,-0.02151102,0.02828936,0.04606468,0.00988278,0.00000000,-0.04941691
10003180000000,synthetic_50hz_01,159,0.02,101.76488450,101.37153199,17.26137176,17.28720746,17.30813770,1.74949787,125.04519275,1,1,0,0,1,0.75589310,0.00000000,0.04501232,-0.04840378,-0.04151810,0.05703964,0.04003484,0.01534459,-0.08953053,-0.03051168,0.01127130,0.11944022,0.02010885,-0.03756224,-0.14590638,-0.00912627,0.06277024,0.16816600,-0.00211942,-0.08616855,-0.18557731,-0.04173407,0.08580282,-0.18171905,0.03405528,0.12764175,-0.33187470,-0.02534196,0.13920190,-0.11715967,0.01585243,0.07443814,-0.39029439,-0.00586836,0.19067877,-0.06654593,-0.00431363,0.02617231,-0.43165961,0.34669650,1.15585298,1.50557437,-0.40431347,-1.19289852,-1.41008521,0.45027390,1.19555223,1.27394264,-0.48325272,-1.16373762,-1.10107171,0.50229914,1.09837190,0.89645637,-0.50686404,-1.00133962,-0.66599577,-0.04135187,-0.00689905,-0.99912087,-0.02162628,0.02857510,0.04501232,0.00872797,0.00000000,-0.05005712
10003200000000,synthetic_50hz_01,160,0.02,101.89800320,101.47682623,17.28101346,17.30813770,17.32754672,1.76154199,125.07987929,1,1,0,0,1,0.75595335,0.00000000,0.04394843,-0.04088659,-0.01786591,0.08654148,0.03146138,-0.00874223,-0.11673664,-0.02112913,0.03509832,0.14356623,0.01018772,-0.06044251,-0.16625673,0.00104741,0.08404411,0.18415398,-0.01225235,-0.10522269,-0.19674198,-0.03418961,0.10943487,-0.15226624,0.02544899,0.10356847,-0.35903334,-0.01592166,0.16302224,-0.09307862,0.00588939,0.05155754,-0.41060319,0.00435057,0.21195997,-0.05059526,-0.01449421,0.00710399,-0.44279195,0.39934618,1.19094938,1.42109269,-0.44648199,-1.19689359,-1.28865390,0.48074551,1.16833081,1.11906262,-0.50114891,-1.10608451,-0.91720824,0.50710396,1.01194927,0.68891031,-0.49843897,-0.88863906,-0.44075079,-0.04158561,-0.00646544,-0.99911406,-0.02173453,0.02885524,0.04394843,0.00758492,0.00000000,-0.05068452
10003220000000,synthetic_50hz_01,161,0.02,101.59593123,101.50064723,17.30055743,17.32754672,17.36215504,1.77359805,125.11404988,1,1,0,0,1,0.75599191,0.00000000,0.04287330,-0.03242077,0.00616069,0.11394604,0.02216347,-0.03257563,-0.14113849,-0.01126719,0.05805140,0.16426186,0.00004606,-0.08185351,-0.18264948,0.01117639,0.10329576,0.19577123,-0.02207662,-0.12175993,-0.20324881,-0.02569680,0.13344105,-0.12491075,0.01611847,0.07974890,-0.38338764,-0.00602216,0.18596834,-0.07242808,-0.00429402,0.03014651,-0.42695421,0.01452465,0.23121863,-0.03901553,-0.02436605,-0.00944714,-0.44926620,0.44248000,1.19789972,1.30326701,-0.47804331,-1.17266181,-1.13707160,0.49982441,1.11361552,0.93809389,-0.50719534,-1.02246317,-0.71207050,0.49994360,0.90183274,0.46551778,-0.47827824,-0.75520204,-0.20554396,-0.04182005,-0.00602973,-0.99910700,-0.02183575,0.02912972,0.04287330,0.00645346,0.00000000,-0.05129895
10003240000000,synthetic_50hz_01,162,0.02,101.73060610,101.54663901,17.32642842,17.36215504,17.39218155,1.78566715,125.14770774,1,1,0,0,1,0.75600897,0.00000000,0.04178719,-0.02321137,0.02999403,0.13862132,0.01236435,-0.05559634,-0.16217909,-0.00116085,0.07959578,0.18106116,-0.01007611,-0.10130043,-0.19472316,0.02102258,0.12008455,0.20277120,-0.03136295,-0.13540658,-0.20497325,-0.01646065,0.15725369,-0.10028458,0.00628698,0.05674233,-0.40438059,0.00412153,0.20750544,-0.05567399,-0.01445777,0.01069988,-0.43898600,0.02441582,0.24801415,-0.03205329,-0.03369986,-0.02310737,-0.45095784,0.47513920,1.17671163,1.15507776,-0.49831812,-1.12094629,-0.95909499,0.50713030,1.03286355,0.73546107,-0.50132167,-0.91500287,-0.49062346,0.48105971,0.77076224,0.23164095,-0.44692857,-0.60430016,0.03401988,-0.04205516,-0.00559207,-0.99909967,-0.02192989,0.02939849,0.04178719,0.00533343,0.00000000,-0.05190025
10003260000000,synthetic_50hz_01,163,0.02,101.93610567,101.62453234,17.35404474,17.39218155,17.41568178,1.79775041,125.18085604,1,1,0,0,1,0.75600476,0.00000000,0.04069039,-0.01347883,0.05307682,0.16000615,0.00229676,-0.07726998,-0.17938637,0.00895153,0.09923541,0.19359481,-0.01994174,-0.11833984,-0.20222181,0.03035702,0.13403248,0.20501867,-0.03989710,-0.14586089,-0.20190474,-0.00670162,0.18031551,-0.07894891,-0.00381275,0.03508311,-0.42154015,0.01427106,0.22713750,-0.04318569,-0.02436482,-0.00633894,-0.44644260,0.03379512,0.26196848,-0.02984374,-0.04228140,-0.03357497,-0.44785631,0.49662238,1.12805749,0.98019207,-0.50690074,-1.04313187,-0.75906566,0.50256492,0.92813227,0.51605504,-0.48373991,-0.78637418,-0.25816631,0.45096846,0.62194456,-0.00716548,-0.40519538,-0.43958399,0.27229068,-0.04229090,-0.00515260,-0.99909208,-0.02201692,0.02966150,0.04069039,0.00422464,0.00000000,-0.05248826
10003280000000,synthetic_50hz_01,164,0.02,101.99380261,101.69838639,17.37993230,17.41568178,17.43938244,1.80984857,125.21349790,1,1,0,0,1,0.75597949,0.00000000,0.03958316,-0.00345354,0.07487527,0.17762244,-0.00780269,-0.09709942,-0.19238317,0.01883397,0.11652415,0.20159740,-0.02932226,-0.13258943,-0.20499949,0.03896518,0.14483210,0.20249134,-0.04748471,-0.15289919,-0.19414528,0.00334989,0.20209269,-0.06138181,-0.01394410,0.01526839,-0.43448914,0.02419044,0.24441834,-0.03522856,-0.03378658,-0.02058763,-0.44917806,0.04244800,0.27277422,-0.03240918,-0.04991631,-0.04062627,-0.44006359,0.50649841,1.05324881,0.78286675,-0.50366483,-0.94120287,-0.54179857,0.48631035,0.80202162,0.28511009,-0.45493533,-0.63971772,-0.02020175,0.41044430,0.45897045,-0.24528901,-0.35411997,-0.26499085,0.50370798,-0.04252724,-0.00471145,-0.99908422,-0.02209682,0.02991870,0.03958316,0.00312695,0.00000000,-0.05306283
10003300000000,synthetic_50hz_01,165,0.02,102.13803805,101.78631672,17.40490136,17.43938244,17.45973325,1.82196207,125.24563639,1,1,0,0,1,0.75593335,0.00000000,0.03846581,0.00662969,0.09489121,0.19108521,-0.01769917,-0.11463584,-0.20089467,0.02825837,0.13107547,0.20491223,-0.03800287,-0.14373613,-0.20302209,0.04665174,0.15225282,0.19527872,-0.05395561,-0.15637998,-0.18190537,0.01345908,0.22208710,-0.04796827,-0.02387225,-0.00225302,-0.44295274,0.03365158,0.25896147,-0.03195932,-0.04250827,-0.03173313,-0.44715828,0.05017914,0.28020074,-0.03966013,-0.05643442,-0.04411975,-0.42779019,0.50461267,0.95419580,0.56783896,-0.48876224,-0.81768742,-0.31246124,0.45882057,0.65760473,0.04807512,-0.41565089,-0.47856299,0.21769703,0.36049780,0.28572405,-0.47719287,-0.29495139,-0.08464756,0.72293102,-0.04276415,-0.00426878,-0.99907609,-0.02216957,0.03017003,0.03846581,0.00204020,0.00000000,-0.05362382
10003320000000,synthetic_50hz_01,166,0.02,102.31381939,101.89181726,17.42793075,17.45973325,17.47595565,1.83409106,125.27727455,1,1,0,0,1,0.75586656,0.00000000,0.03733861,0.01653725,0.11267332,0.20011025,-0.02716508,-0.12948863,-0.20475335,0.03700973,0.14257072,0.20349331,-0.04578736,-0.15154243,-0.19636647,0.05324493,0.15614510,0.18357829,-0.05916742,-0.15624603,-0.16549746,0.02339235,0.23984740,-0.03899250,-0.03336959,-0.01709050,-0.44676346,0.04243946,0.27044823,-0.03342396,-0.05033366,-0.03953790,-0.44046013,0.05681678,0.28409852,-0.05139907,-0.06169334,-0.04399820,-0.41134857,0.49108651,0.83335353,0.34020754,-0.46261529,-0.67558977,-0.07644684,0.42080667,0.49834844,-0.18951785,-0.36686599,-0.30673949,0.45001866,0.30234839,0.10628710,-0.69754521,-0.22911395,0.09722960,0.92496122,-0.04300160,-0.00382473,-0.99906770,-0.02223513,0.03041545,0.03733861,0.00096424,0.00000000,-0.05417108
10003340000000,synthetic_50hz_01,167,0.02,102.08418370,101.93029055,17.44810121,17.47595565,17.50400160,1.84623529,125.30841536,1,1,0,0,1,0.75577931,0.00000000,0.03620185,0.02604215,0.12782694,0.20451920,-0.03598529,-0.14133356,-0.20390127,0.04489097,0.15076547,0.19740478,-0.05250241,-0.15585074,-0.18521701,0.05860019,0.15644275,0.16768935,-0.06300850,-0.15252446,-0.14532712,0.03292268,0.25497894,-0.03463285,-0.04222099,-0.02891983,-0.44586333,0.05035703,0.27863418,-0.03955832,-0.05708943,-0.04384439,-0.42926797,0.06221636,0.28440136,-0.06732671,-0.06558143,-0.04028873,-0.39114429,0.46631028,0.69365604,0.10530799,-0.42590279,-0.51831268,0.16075563,0.37321632,0.32802612,-0.42218460,-0.30976985,-0.12828242,0.67144178,0.23739258,-0.07515973,-0.90134099,-0.15817117,0.27643498,1.10525411,-0.04323956,-0.00337943,-0.99905903,-0.02229348,0.03065491,0.03620185,-0.00010107,0.00000000,-0.05470447
10003360000000,synthetic_50hz_01,168,0.02,102.06248538,101.95672951,17.47157937,17.50400160,17.53329327,1.85839498,125.33906180,1,1,0,0,1,0.75567181,0.00000000,0.03505582,0.03492917,0.14002237,0.20424213,-0.04396194,-0.14991936,-0.19838976,0.05172727,0.15549410,0.18681773,-0.05800128,-0.15658588,-0.16985965,0.06260308,0.15316321,0.14800444,-0.06540001,-0.14532478,-0.12188219,0.04183487,0.26715200,-0.03495927,-0.05022859,-0.03748974,-0.44030370,0.05722944,0.28335371,-0.05019132,-0.06262885,-0.04457741,-0.41386776,0.06626342,0.28112671,-0.08705051,-0.06801986,-0.03310085,-0.36766520,0.43093005,0.53844060,-0.13141563,-0.37954020,-0.34957192,0.39369093,0.31720804,0.15062491,-0.64461593,-0.24573062,0.05266467,0.87695635,0.16716867,-0.25443592,-1.08401372,-0.08378717,0.44887165,1.25981846,-0.04347799,-0.00293304,-0.99905009,-0.02234461,0.03088836,0.03505582,-0.00115586,0.00000000,-0.05522386
10003380000000,synthetic_50hz_01,169,0.02,102.48443785,102.06227118,17.49749921,17.53329327,17.54637658,1.87057061,125.36921676,1,1,0,0,1,0.75554425,0.00000000,0.03390081,0.04299970,0.14900150,0.19931742,-0.05091873,-0.15507237,-0.18837650,0.05736975,0.15667243,0.17200460,-0.06216678,-0.15375554,-0.15067372,0.06517151,0.14640582,0.12499885,-0.06629731,-0.13483515,-0.09572021,0.04993031,0.27610850,-0.03993333,-0.05721610,-0.04262657,-0.43024225,0.06290783,0.28452263,-0.06505050,-0.06683472,-0.04174464,-0.39463884,0.06887588,0.27437390,-0.11009518,-0.06896397,-0.02262272,-0.34146884,0.38582864,0.37136384,-0.36453890,-0.32465477,-0.17330503,0.61706372,0.25412096,-0.02975024,-0.85179830,-0.17626072,0.23194781,1.06197514,0.09331881,-0.42745820,-1.24153475,-0.00768646,0.61064478,1.38530033,-0.04371685,-0.00248570,-0.99904087,-0.02238851,0.03111575,0.03390081,-0.00220028,0.00000000,-0.05572912
10003400000000,synthetic_50hz_01,170,0.02,102.20922939,102.09166282,17.51802771,17.54637658,17.57260098,1.88276190,125.39888314,1,1,0,0,1,0.75539683,0.00000000,0.03273713,0.05007604,0.15458264,0.18988927,-0.05670468,-0.15669933,-0.17412028,0.06169850,0.15429831,0.15333133,-0.06491352,-0.14744879,-0.12812176,0.06625706,0.13634826,0.09921838,-0.06569037,-0.12131674,-0.06745449,0.05703129,0.28166673,-0.04941089,-0.06303251,-0.04423706,-0.41593776,0.06727226,0.28213881,-0.08376995,-0.06962165,-0.03543514,-0.37204371,0.07000532,0.26432061,-0.13591493,-0.06840375,-0.00911553,-0.31316851,0.33210147,0.19631220,-0.58878215,-0.26255606,0.00642320,0.82585858,0.18544104,-0.20897341,-1.03912512,-0.10297967,0.40549882,1.22243320,0.01754934,-0.59033351,-1.37049796,0.06838694,0.75814861,1.47905063,-0.04395612,-0.00203755,-0.99903139,-0.02242515,0.03133705,0.03273713,-0.00323444,0.00000000,-0.05622010
10003420000000,synthetic_50hz_01,171,0.02,102.17358366,102.10804699,17.54094848,17.57260098,17.59980798,1.89496892,125.42806378,1,1,0,0,1,0.75522974,0.00000000,0.03156507,0.05600513,0.15666350,0.17620262,-0.06119717,-0.15478830,-0.15597342,0.06462485,0.14845047,0.13124743,-0.06618938,-0.13783276,-0.10273752,0.06584563,0.12324126,0.07126564,-0.06360353,-0.10509665,-0.03773914,0.06298476,0.28372441,-0.06314696,-0.06755522,-0.04230926,-0.39774255,0.07023409,0.27628097,-0.10590013,-0.07093752,-0.02581606,-0.34661618,0.06963764,0.25121757,-0.16390712,-0.06636351,0.00709366,-0.28341834,0.27102791,0.01730871,-0.79912975,-0.19470288,0.18551639,1.01545099,0.11276447,-0.38299296,-1.20249630,-0.02757501,0.56942767,1.35487308,-0.05840945,-0.73944552,-1.46818824,0.14270993,0.88814480,1.53917485,-0.04419575,-0.00158874,-0.99902163,-0.02245452,0.03155221,0.03156507,-0.00425847,0.00000000,-0.05669670
10003440000000,synthetic_50hz_01,172,0.02,102.50133083,102.18670376,17.56566947,17.59980798,17.61351711,1.90719194,125.45676149,1,1,0,0,1,0.75504317,0.00000000,0.03038493,0.06066169,0.15522221,0.15859600,-0.06430428,-0.14940753,-0.13437224,0.06609294,0.13928537,0.10627446,-0.06597612,-0.12514755,-0.07511273,0.06395717,0.10740166,0.04178548,-0.06009431,-0.08655934,-0.00725353,0.06766542,0.28225966,-0.08080302,-0.07069232,-0.03691145,-0.37609297,0.07173743,0.26710556,-0.13091950,-0.07076409,-0.01312749,-0.31894793,0.06779279,0.23538164,-0.19342693,-0.06290080,0.02562037,-0.25289768,0.20403904,-0.16158136,-0.99094078,-0.12266748,0.35994095,1.18170698,0.03775935,-0.54792327,-1.33840403,0.04823739,0.72010871,1.45651426,-0.13284343,-0.87153308,-1.53263250,0.21361953,0.99783074,1.56456424,-0.04443571,-0.00113942,-0.99901160,-0.02247662,0.03176118,0.03038493,-0.00527248,0.00000000,-0.05715878
10003460000000,synthetic_50hz_01,173,0.02,102.84868363,102.31909973,17.58576548,17.61351711,17.61515269,1.91943063,125.48497906,1,1,0,0,1,0.75483731,0.00000000,0.02919701,0.06395057,0.15031655,0.13749234,-0.06596642,-0.14070273,-0.10982579,0.06608042,0.12703238,0.07899292,-0.06428930,-0.10969964,-0.04588264,0.06064469,0.08920420,0.01144955,-0.05525167,-0.06613696,0.02331364,0.07097813,0.27733028,-0.10195616,-0.07238419,-0.02818931,-0.35149805,0.07175995,0.25484197,-0.15824754,-0.06911691,0.00232408,-0.28967424,0.06452376,0.21718753,-0.22380269,-0.05810454,0.04603244,-0.22229526,0.13268245,-0.33634400,-1.16004873,-0.04809777,0.52581709,1.32106943,-0.03787358,-0.70013062,-1.44400309,0.12275303,0.85425905,1.52530547,-0.20409345,-0.98375881,-1.56263258,0.27954975,1.08489633,1.55490826,-0.04467597,-0.00068973,-0.99900129,-0.02249144,0.03196392,0.02919701,-0.00627658,0.00000000,-0.05760623
10003480000000,synthetic_50hz_01,174,0.02,103.31402671,102.51808513,17.59810811,17.61515269,17.60205132,1.93168372,125.51271925,1,1,0,0,1,0.75461235,0.00000000,0.02800161,0.06580843,0.14208133,0.11338795,-0.06615710,-0.12889240,-0.08290316,0.06459843,0.11198744,0.05002823,-0.06117735,-0.09185383,-0.01571096,0.05599250,0.06907203,-0.01905926,-0.04919337,-0.04429885,0.05327999,0.07285957,0.26907107,-0.12611004,-0.07260436,-0.01636135,-0.32452688,0.07031278,0.23978611,-0.18725884,-0.06604442,0.02017386,-0.25945881,0.05991487,0.19705840,-0.25435151,-0.05209253,0.06786056,-0.19229343,0.05858520,-0.50310673,-1.30284830,0.02732130,0.67950435,1.43062926,-0.11244012,-0.83631153,-1.51716451,0.19431723,0.96900746,1.55995920,-0.27059209,-1.07376646,-1.55777954,0.33906565,1.14756827,1.51068836,-0.04491648,-0.00023981,-0.99899072,-0.02249896,0.03216041,0.02800161,-0.00727089,0.00000000,-0.05803893
10003500000000,synthetic_50hz_01,175,0.02,103.76816668,102.76810144,17.59976426,17.60205132,17.57691601,1.94394882,125.53998477,1,1,0,0,1,0.75436847,0.00000000,0.02679905,0.06620468,0.13072410,0.08684020,-0.06488302,-0.11426178,-0.05421961,0.06169076,0.09450523,0.02003584,-0.05671993,-0.07202406,0.01472556,0.05011383,0.04746640,-0.04906242,-0.04206293,-0.02154027,0.08198479,0.07327911,0.25768957,-0.15270730,-0.07135953,-0.00171281,-0.29579473,0.06743972,0.22229270,-0.21729793,-0.06162627,0.04000790,-0.22897839,0.05407935,0.17545552,-0.28439487,-0.04500826,0.09060943,-0.16355294,-0.01658430,-0.65822375,-1.41636745,0.10190652,0.81767988,1.50818030,-0.18429072,-0.95356192,-1.55651161,0.26136174,1.06195232,1.55996796,-0.33089757,-1.13972614,-1.51844971,0.39089348,1.18464112,1.43315384,-0.04515721,0.00021018,-0.99897987,-0.02249920,0.03235058,0.02679905,-0.00825551,0.00000000,-0.05845677
10003520000000,synthetic_50hz_01,176,0.02,103.66083169,102.94664749,17.59016799,17.57691601,17.56272960,1.95622257,125.56677834,1,1,0,0,1,0.75410585,0.00000000,0.02558963,0.06514154,0.11651922,0.05845395,-0.06218335,-0.09715529,-0.02442207,0.05743239,0.07499032,-0.01031391,-0.05102562,-0.05066335,0.04475253,0.04314777,0.02487573,-0.07790091,-0.03402594,0.00162907,0.10880338,0.07223899,0.24346017,-0.18114308,-0.06868885,0.01541187,-0.26594854,0.06321572,0.20276629,-0.24769450,-0.05597105,0.06137320,-0.19890739,0.04715629,0.15286728,-0.31327373,-0.03701733,0.11376937,-0.13669845,-0.09115452,-0.79835411,-1.49832348,0.17401417,0.93740781,1.55225699,-0.25185692,-1.04943560,-1.56143821,0.32243852,1.13120767,1.52560244,-0.38372406,-1.18036650,-1.44578284,0.43394666,1.19549481,1.32428064,-0.04539813,0.00066011,-0.99896876,-0.02249216,0.03253442,0.02558963,-0.00923053,0.00000000,-0.05885965
10003540000000,synthetic_50hz_01,177,0.02,103.65993668,103.08930533,17.57864387,17.56272960,17.55238976,1.96850194,125.59310262,1,1,0,0,1,0.75382469,0.00000000,0.02437365,0.06265350,0.09980070,0.02886730,-0.05812829,-0.07796789,0.00582585,0.05192721,0.05388723,-0.04035104,-0.04422905,-0.02825298,0.07371289,0.03525575,0.00180418,-0.10494956,-0.02526600,0.02469663,0.13316049,0.06977370,0.22671685,-0.21077928,-0.06466253,0.03461775,-0.23565189,0.05774471,0.18165139,-0.27777855,-0.04921337,0.08378846,-0.16990286,0.03930712,0.12979786,-0.34036293,-0.02830334,0.13682784,-0.11230523,-0.16348829,-0.92053128,-1.54716230,0.24207624,1.03619829,1.56215446,-0.31368501,-1.12199122,-1.53210898,0.37625010,1.17543661,1.45789208,-0.42796773,-1.19499362,-1.34164348,0.46734684,1.18009841,1.18671466,-0.04563918,0.00110982,-0.99895737,-0.02247782,0.03271188,0.02437365,-0.01019604,0.00000000,-0.05924746
10003560000000,synthetic_50hz_01,178,0.02,104.00878553,103.27320137,17.56761714,17.55238976,17.53083915,1.98078456,125.61896026,1,1,0,0,1,0.75352516,0.00000000,0.02315144,0.05880598,0.08095368,-0.00126318,-0.05281701,-0.05713542,0.03585890,0.04530529,0.03166992,-0.06942079,-0.03648741,-0.00529136,0.10098124,0.02661758,-0.02123976,-0.12963036,-0.01598035,0.04715852,0.15454217,0.06594865,0.20784477,-0.24095931,-0.05937974,0.05546900,-0.20557008,0.05115672,0.15942197,-0.30689531,-0.04151042,0.10675528,-0.14259019,0.03071164,0.10675574,-0.36508445,-0.01906351,0.15928093,-0.09088722,-0.23201870,-1.02222275,-1.56208041,0.30463395,1.11205527,1.53793101,-0.36846646,-1.16982671,-1.46944234,0.42167591,1.19387151,1.35858896,-0.46272824,-1.18349643,-1.20856682,0.49043991,1.13900060,1.02370114,-0.04588035,0.00155917,-0.99894573,-0.02245620,0.03288293,0.02315144,-0.01115215,0.00000000,-0.05962011
10003580000000,synthetic_50hz_01,179,0.02,104.46891658,103.51234441,17.55217039,17.53083915,17.49493641,1.99306787,125.64435390,1,1,0,0,1,0.75320744,0.00000000,0.02192330,0.05369334,0.06040509,-0.03127725,-0.04637493,-0.03512425,0.06502486,0.03771951,0.00883077,-0.09689778,-0.02797661,0.01771731,0.12597710,0.01742714,-0.04375459,-0.15142443,-0.00637524,0.06853041,0.17250613,0.06085822,0.18727086,-0.27102295,-0.05296590,0.07749922,-0.17635528,0.04360465,0.13657042,-0.33441942,-0.03303813,0.12976944,-0.11754988,0.02156374,0.08424241,-0.38691943,-0.00950411,0.18064433,-0.07288673,-0.29528259,-1.10137852,-1.54302950,0.36036826,1.16351202,1.48039338,-0.41506436,-1.19210093,-1.37507684,0.45779395,1.18632101,1.23011618,-0.48732513,-1.14633890,-1.04969071,0.50280650,1.07330731,0.83900216,-0.04612158,0.00200802,-0.99893382,-0.02242730,0.03304754,0.02192330,-0.01209893,0.00000000,-0.05997749
10003600000000,synthetic_50hz_01,180,0.02,104.14010271,103.63789607,17.52813212,17.49493641,17.47618771,2.00534873,125.66928614,1,1,0,0,1,0.75287171,0.00000000,0.02068955,0.04743634,0.03861354,-0.06052559,-0.03895055,-0.01242056,0.09269874,0.02934180,-0.01413050,-0.12219933,-0.01888711,0.04027418,0.14817687,0.00788790,-0.06525673,-0.16988239,0.00333872,0.08835791,0.18669013,0.05462314,0.16545371,-0.30032087,-0.04556950,0.10022225,-0.14863252,0.03526042,0.11359645,-0.35976818,-0.02398695,0.15233212,-0.09530553,0.01206687,0.06274147,-0.40541846,0.00016426,0.20046363,-0.05866599,-0.35195098,-1.15646781,-1.49070409,0.40812647,1.18965415,1.39106570,-0.45253547,-1.18854222,-1.25132224,0.48389767,1.15316405,1.07550257,-0.50130887,-1.08453963,-0.86867566,0.50426710,0.98464742,0.63680443,-0.04636283,0.00245621,-0.99892165,-0.02239114,0.03320566,0.02068955,-0.01303647,0.00000000,-0.06031952
10003620000000,synthetic_50hz_01,181,0.02,104.09671671,103.72966020,17.50631547,17.47618771,17.45874449,2.01762484,125.69375956,1,1,0,0,1,0.75251814,0.00000000,0.01945050,0.04017897,0.01605868,-0.08838383,-0.03071174,0.01048073,0.11829587,0.02035908,-0.03671797,-0.14479738,-0.00941946,0.06189662,0.16712432,-0.00179172,-0.08529075,-0.18463299,0.01295126,0.10622592,0.19681860,0.04738742,0.14287300,-0.32822870,-0.03735843,0.12314316,-0.12298646,0.02631097,0.09099599,-0.38241353,-0.01455741,0.17396067,-0.07631335,0.00242946,0.04270835,-0.42021030,0.00973132,0.21832376,-0.04850058,-0.40085590,-1.18650330,-1.40651297,0.44694449,1.19012972,1.27214307,-0.48014747,-1.15944415,-1.10109669,0.49950758,1.09533127,0.89830518,-0.50446664,-0.99963947,-0.66961511,0.49488170,0.87512760,0.42161973,-0.04660408,0.00290361,-0.99890923,-0.02234773,0.03335728,0.01945050,-0.01396484,0.00000000,-0.06064610
10003640000000,synthetic_50hz_01,182,0.02,104.45151064,103.87403029,17.48633565,17.45874449,17.42537350,2.02989452,125.71777674,1,1,0,0,1,0.75214691,0.00000000,0.01820647,0.03208497,-0.00676957,-0.11426568,-0.02184179,0.03308683,0.14128401,0.01096890,-0.05845018,-0.16422906,0.00022022,0.08212839,0.18243931,-0.01140300,-0.10343880,-0.19538975,0.02225702,0.12176702,0.20270701,0.03931479,0.12001864,-0.35416014,-0.02851595,0.14576916,-0.09994933,0.01695381,0.06925048,-0.40189260,-0.00495565,0.19419886,-0.06095351,-0.00713976,0.02456089,-0.43100848,0.01899174,0.23385728,-0.04257501,-0.44101290,-1.19105286,-1.29253540,0.47606458,1.16514673,1.12643145,-0.49739110,-1.10564887,-0.92785196,0.50437761,1.01427464,0.70252207,-0.49682267,-0.89365840,-0.45693813,0.47494410,0.74727758,0.19818046,-0.04684527,0.00335007,-0.99889655,-0.02229707,0.03350236,0.01820647,-0.01488412,0.00000000,-0.06095716
10003660000000,synthetic_50hz_01,183,0.02,104.48120622,103.99546547,17.46073155,17.42537350,17.38945777,2.04215571,125.74134021,1,1,0,0,1,0.75175821,0.00000000,0.01695778,0.02333389,-0.02938181,-0.13763495,-0.01253513,0.05491774,0.16119389,0.00137497,-0.07887036,-0.18010554,0.00982483,0.10054911,0.19382466,-0.02074137,-0.11932899,-0.20195572,0.03105993,0.13466856,0.20426431,0.03058481,0.09738002,-0.37757901,-0.01923650,0.16762026,-0.07999042,0.00739268,0.04881671,-0.41781656,0.00461124,0.21262630,-0.04952318,-0.01643624,0.00867098,-0.43761604,0.02774943,0.24675154,-0.04098036,-0.47163916,-1.17023878,-1.15146365,0.49494795,1.11545833,0.95727547,-0.50398716,-1.02851870,-0.73548859,0.49849618,0.91192640,0.49249723,-0.47863333,-0.76904284,-0.23530694,0.44497126,0.60398741,-0.02866735,-0.04708637,0.00379544,-0.99888363,-0.02223919,0.03364088,0.01695778,-0.01579439,0.00000000,-0.06125262
10003680000000,synthetic_50hz_01,184,0.02,104.28800362,104.05397310,17.43079656,17.38945777,17.35746192,2.05440617,125.76445252,1,1,0,0,1,0.75135219,0.00000000,0.01570475,0.01411694,-0.05129977,-0.15801620,-0.00299294,0.07551636,0.17762818,-0.00821735,-0.09755578,-0.19211905,0.01919073,0.11678263,0.20107104,-0.02961083,-0.13264258,-0.20422606,0.03917723,0.14467838,0.20149315,0.02138867,0.07543543,-0.39800986,-0.00972128,0.18823935,-0.06350706,-0.00216708,0.03011741,-0.42987764,0.01393962,0.22886684,-0.04223168,-0.02526398,-0.00464263,-0.43992813,0.03582165,0.25675439,-0.04371397,-0.49216667,-1.12472479,-0.98653339,0.50328241,1.04233644,0.76847605,-0.49988827,-0.92989704,-0.52826319,0.48208213,0.79064828,0.27282025,-0.45037733,-0.62860476,-0.00951178,0.40568794,0.44843827,-0.25407091,-0.04732734,0.00423958,-0.99887046,-0.02217410,0.03377280,0.01570475,-0.01669571,0.00000000,-0.06153240
10003700000000,synthetic_50hz_01,185,0.02,104.07875775,104.05893003,17.39999601,17.35746192,17.32630529,2.06664394,125.78711619,1,1,0,0,1,0.75092903,0.00000000,0.01444770,0.00463268,-0.07206626,-0.17500385,0.00658126,0.09445788,0.19026872,-0.01760546,-0.11412624,-0.20004805,0.02812209,0.13050428,0.20405990,-0.03782794,-0.14311983,-0.20218861,0.04644320,0.15160916,0.19448812,0.01192495,0.05464203,-0.41504711,-0.00017378,0.20720161,-0.05081740,-0.01152286,0.01353277,-0.43785429,0.02283366,0.24259583,-0.03919759,-0.03343954,-0.01512021,-0.43793259,0.04304266,0.26367850,-0.05068124,-0.50225041,-1.05569171,-0.80144384,0.50098480,0.94753463,0.56420009,-0.48527557,-0.81205969,-0.31069018,0.45557562,0.65317269,0.04822293,-0.41274121,-0.47545441,0.21563461,0.35800728,0.28402856,-0.47327530,-0.04756814,0.00468235,-0.99885705,-0.02210183,0.03389810,0.01444770,-0.01758814,0.00000000,-0.06179642
10003720000000,synthetic_50hz_01,186,0.02,104.03945507,104.05503504,17.36904591,17.32630529,17.28605175,2.07886742,125.80933370,1,1,0,0,1,0.75048891,0.00000000,0.01318695,-0.00491735,-0.09125464,-0.18826952,0.01598603,0.11135825,0.19888184,-0.02659382,-0.12825134,-0.20376031,0.03643490,0.14144689,0.20276427,-0.04522555,-0.15056446,-0.19592244,0.05271232,0.15534119,0.18343208,0.00239518,0.03542650,-0.42836237,0.00920454,0.22412300,-0.04215512,-0.02047911,-0.00060681,-0.44161429,0.03110936,0.25354607,-0.04044785,-0.04079576,-0.02256549,-0.43170851,0.04926695,0.26740417,-0.06169933,-0.50177152,-0.96480235,-0.60026989,0.48819851,0.83324152,0.34888432,-0.46055052,-0.67765794,-0.08744026,0.41962463,0.50253717,-0.17652475,-0.36660078,-0.31292802,0.43540046,0.30300765,0.11429701,-0.68172338,-0.04780872,0.00512360,-0.99884340,-0.02202240,0.03401676,0.01318695,-0.01847175,0.00000000,-0.06204463
10003740000000,synthetic_50hz_01,187,0.02,103.89638198,104.02330443,17.33418836,17.28605175,17.23877539,2.09107478,125.83110756,1,1,0,0,1,0.75003199,0.00000000,0.01192283,-0.01433296,-0.10847723,-0.19756756,0.02502621,0.12588154,0.20332176,-0.03499794,-0.13965664,-0.20321410,0.04396066,0.14940536,0.19724768,-0.05165597,-0.15484667,-0.18559452,0.05786202,0.15582367,0.16859058,-0.00700046,0.01817651,-0.43771001,0.01821854,0.23866760,-0.03766599,-0.02885137,-0.01202687,-0.44111591,0.03859821,0.26151248,-0.04591895,-0.04718497,-0.02684864,-0.42142282,0.05437195,0.26788059,-0.07650268,-0.49083557,-0.85415690,-0.38736803,0.46528605,0.70202579,0.12713566,-0.42632211,-0.52965495,0.13676209,0.37506711,0.34201391,-0.39671692,-0.31299875,-0.14451245,0.64523422,0.24190649,-0.05715537,-0.87514912,-0.04804905,0.00556319,-0.99882952,-0.02193584,0.03412875,0.01192283,-0.01934659,0.00000000,-0.06227695
10003760000000,synthetic_50hz_01,188,0.02,103.79245253,103.97713405,17.29411491,17.23877539,17.18041140,2.10326387,125.85244023,1,1,0,0,1,0.74955844,0.00000000,0.01065565,-0.02341953,-0.12339279,-0.20273873,0.03351696,0.13774620,0.20353201,-0.04264808,-0.14812833,-0.19845736,0.05054964,0.15423985,0.18766110,-0.05699382,-0.15590456,-0.17145448,0.06179485,0.15307447,0.15030474,-0.01606733,0.00323328,-0.44293077,0.02668337,0.25055384,-0.03740651,-0.03646988,-0.02051362,-0.43640707,0.04515048,0.26635520,-0.05545993,-0.05248177,-0.02790779,-0.40732518,0.05826022,0.26512563,-0.09475017,-0.46976594,-0.72624002,-0.16727869,0.43281714,0.55677451,-0.09636971,-0.38339002,-0.37125693,0.35723973,0.32290959,0.17503584,-0.60781036,-0.25311952,0.02623162,0.84085753,0.17603190,-0.22674280,-1.04966239,-0.04828907,0.00600097,-0.99881542,-0.02184217,0.03423405,0.01065565,-0.02021272,0.00000000,-0.06249333
10003780000000,synthetic_50hz_01,189,0.02,103.97053420,103.97581408,17.24635944,17.18041140,17.09835002,2.11543196,125.87333417,1,1,0,0,1,0.74906844,0.00000000,0.00938575,-0.03199197,-0.13571284,-0.20371186,0.04128743,0.14672989,0.19954492,-0.04939256,-0.15351664,-0.18962500,0.05607368,0.15587745,0.17423810,-0.06113817,-0.15374423,-0.15382784,0.06444001,0.14717849,0.12898266,-0.02462036,-0.00911469,-0.44395348,0.03442819,0.25955938,-0.04134433,-0.04318297,-0.02591729,-0.42762269,0.05063802,0.26800135,-0.06883719,-0.05658524,-0.02574903,-0.38974111,0.06086095,0.25922421,-0.11603372,-0.43909279,-0.58386093,0.05537313,0.39155272,0.40062599,-0.31698629,-0.33272399,-0.20584081,0.56946058,0.26430269,0.00512114,-0.80551707,-0.18826141,0.19574617,1.01835011,0.10679246,-0.39097003,-1.20182366,-0.04852876,0.00643681,-0.99880109,-0.02174142,0.03433264,0.00938575,-0.02107020,0.00000000,-0.06269371
10003800000000,synthetic_50hz_01,190,0.02,103.82033439,103.94471814,17.18419548,17.09835002,17.00582293,2.12757501,125.89379185,1,1,0,0,1,0.74856215,0.00000000,0.00811344,-0.03987842,-0.14520664,-0.20050369,0.04818407,0.15267300,0.19147927,-0.05510055,-0.15573773,-0.17693441,0.06042846,0.15431246,0.15728845,-0.06401419,-0.14843830,-0.13310779,0.06575436,0.13828459,0.10508957,-0.03248768,-0.01863666,-0.44079489,0.04129943,0.26552462,-0.04936066,-0.04885981,-0.02815402,-0.41498017,0.05495652,0.26644521,-0.08574100,-0.05942057,-0.02044497,-0.36906378,0.06213101,0.25032517,-0.13988806,-0.39953790,-0.43008822,0.27597643,0.34242519,0.23689912,-0.53019601,-0.27544020,-0.03688011,0.76912979,0.20051414,-0.16420217,-0.98588920,-0.11980717,0.36055042,1.17422496,0.03564610,-0.54650384,-1.32870728,-0.04876807,0.00687056,-0.99878656,-0.02163362,0.03442451,0.00811344,-0.02191907,0.00000000,-0.06287804
10003820000000,synthetic_50hz_01,191,0.02,103.82490936,103.92075638,17.10927901,17.00582293,16.89553238,2.13968808,125.91381570,1,1,0,0,1,0.74803974,0.00000000,0.00683905,-0.04692356,-0.15170489,-0.19321683,0.05407347,0.15548080,0.17953617,-0.05966442,-0.15477412,-0.16067939,0.06353521,0.14960523,0.13719015,-0.06557426,-0.14012315,-0.10974565,0.06572276,0.12660126,0.07913714,-0.03951398,-0.02516334,-0.43355759,0.04716370,0.26835482,-0.06125442,-0.05339276,-0.02720634,-0.39877328,0.05802719,0.26174712,-0.10579333,-0.06094012,-0.01213200,-0.34574452,0.06205526,0.23863700,-0.16580157,-0.35199580,-0.26818062,0.49003019,0.28651562,0.06902054,-0.73170003,-0.21277505,0.13212943,0.95227462,0.13290008,-0.32947006,-1.14539469,-0.04919353,0.51731190,1.30549250,-0.03593128,-0.69023941,-1.42795235,-0.04900696,0.00730209,-0.99877181,-0.02151882,0.03450962,0.00683905,-0.02275938,0.00000000,-0.06304628
10003840000000,synthetic_50hz_01,192,0.02,103.59807173,103.85621945,17.01950543,16.89553238,16.77718367,2.15176525,125.93340816,1,1,0,0,1,0.74750137,0.00000000,0.00556292,-0.05299151,-0.15510207,-0.18203597,0.05884475,0.15512410,0.16399326,-0.06300147,-0.15067384,-0.14122255,0.06534183,0.14187957,0.11438033,-0.06579835,-0.12899486,-0.08424048,0.06435787,0.11239116,0.05167193,-0.04556337,-0.02858920,-0.42242627,0.05191012,0.26802081,-0.07674796,-0.05669914,-0.02312229,-0.37936465,0.05979794,0.25403092,-0.12855707,-0.06112387,-0.00100619,-0.32028236,0.06064636,0.22442237,-0.19322767,-0.29751178,-0.10151566,0.69323449,0.22502829,-0.09954862,-0.91750350,-0.14605712,0.29774287,1.11532046,0.06287506,-0.48735306,-1.28098221,0.02211972,0.66291262,1.40971265,-0.10647678,-0.81936011,-1.49780042,-0.04924538,0.00773125,-0.99875686,-0.02139705,0.03458797,0.00556292,-0.02359117,0.00000000,-0.06319837
10003860000000,synthetic_50hz_01,193,0.02,103.68981506,103.82293857,16.91773029,16.77718367,16.63888245,2.16380017,125.95257164,1,1,0,0,1,0.74694721,0.00000000,0.00428536,-0.05796824,-0.15535731,-0.16722246,0.06241140,0.15163862,0.14519757,-0.06505520,-0.14354811,-0.11898657,0.06582344,0.13131905,0.08934512,-0.06469395,-0.11530399,-0.05712782,0.06169931,0.09596467,0.02326350,-0.05052182,-0.02887337,-0.40766230,0.05545216,0.26455828,-0.09549425,-0.05872244,-0.01601309,-0.35717694,0.06024390,0.24348015,-0.15354609,-0.05997931,0.01268188,-0.29321289,0.05794393,0.20799166,-0.22159680,-0.23725726,0.06648249,0.88157526,0.15926340,-0.26538487,-1.08399192,-0.07667791,0.45663609,1.25515658,-0.00811824,-0.63472227,-1.39013449,0.09268034,0.79450912,1.48503418,-0.17457043,-0.93138989,-1.53711964,-0.04948329,0.00815790,-0.99874172,-0.02126834,0.03465955,0.00428536,-0.02441448,0.00000000,-0.06333429
10003880000000,synthetic_50hz_01,194,0.02,103.58999926,103.77635071,16.80061420,16.63888245,16.49199158,2.17578568,125.97130857,1,1,0,0,1,0.74637744,0.00000000,0.00300670,-0.06176346,-0.15249401,-0.14910752,0.06471254,0.14512292,0.12355701,-0.06579593,-0.13356786,-0.09444430,0.06498238,0.11816199,0.06260872,-0.06229537,-0.09934944,-0.02896810,0.05781235,0.07767261,-0.00550769,-0.05429906,-0.02603924,-0.38959687,0.05772898,0.25806580,-0.11708538,-0.05943298,-0.00604964,-0.33268303,0.05936741,0.23033314,-0.18023619,-0.05754075,0.02863333,-0.26509649,0.05401325,0.18969568,-0.25032850,-0.17250320,0.23241418,1.05140083,0.09058844,-0.42517182,-1.22799755,-0.00606198,0.60567157,1.36919053,-0.07863925,-0.76870952,-1.47090911,0.16107327,0.90958522,1.53022069,-0.23886347,-1.02423715,-1.54541530,-0.04972066,0.00858191,-0.99872638,-0.02113274,0.03472433,0.00300670,-0.02522936,0.00000000,-0.06345399
10003900000000,synthetic_50hz_01,195,0.02,103.75167140,103.77141485,16.67099270,16.49199158,16.32991773,2.18771434,125.98962136,1,1,0,0,1,0.74579220,0.00000000,0.00172728,-0.06431202,-0.14659804,-0.12808404,0.06571370,0.13573519,0.09953089,-0.06522083,-0.12095904,-0.06810823,0.06284761,0.10269558,0.03472197,-0.05866247,-0.08147136,-0.00033466,0.05278606,0.05789828,-0.03406230,-0.05682992,-0.02017270,-0.36862289,0.05870608,0.24870157,-0.14106205,-0.05882795,0.00654208,-0.30639537,0.05719742,0.21487709,-0.20807653,-0.05386805,0.04650801,-0.23650654,0.04894337,0.16991774,-0.27884343,-0.10459211,0.39297322,1.19948906,0.02040886,-0.57576573,-1.34685500,0.06436278,0.74195865,1.45539049,-0.14727882,-0.88676054,-1.52196639,0.22594873,1.00599672,1.54466329,-0.29810445,-1.09622955,-1.52282683,-0.04995743,0.00900313,-0.99871087,-0.02099030,0.03478230,0.00172728,-0.02603584,0.00000000,-0.06355745
10003920000000,synthetic_50hz_01,196,0.02,103.47058518,103.71124892,16.52774121,16.32991773,16.17546410,2.19957834,126.00751240,1,1,0,0,1,0.74519167,0.00000000,0.00044741,-0.06557468,-0.13781480,-0.10459745,0.06540696,0.12368888,0.07361959,-0.06335352,-0.10599695,-0.04051925,0.05947357,0.08524908,0.00625072,-0.05387897,-0.06204344,0.02819802,0.04673102,0.03704906,-0.06183380,-0.05807517,-0.01141913,-0.34518577,0.05837554,0.23667902,-0.16692387,-0.05693094,0.02148679,-0.27885487,0.05378837,0.19744125,-0.23650126,-0.04904494,0.06593222,-0.20801748,0.04284491,0.14906521,-0.30657507,-0.03490934,0.54501209,1.32310389,-0.04986122,-0.71425575,-1.43844492,0.13319425,0.86290708,1.51231492,-0.21268724,-0.98668040,-1.54258417,0.28604835,1.08200727,1.52838000,-0.35116255,-1.14613936,-1.47011193,-0.05019356,0.00942144,-0.99869518,-0.02084105,0.03483346,0.00044741,-0.02683396,0.00000000,-0.06364464
10003940000000,synthetic_50hz_01,197,0.02,103.28036574,103.62507228,16.37978483,16.17546410,16.02747873,2.21137067,126.02498410,1,1,0,0,1,0.74457602,0.00000000,-0.00083257,-0.06553842,-0.12634506,-0.07913569,0.06381055,0.10924722,0.04635368,-0.06024300,-0.08899974,-0.01223527,0.05493861,0.06618635,-0.02223589,-0.04805031,-0.04146478,0.05606598,0.03977670,0.01554775,-0.08827966,-0.05802179,0.00002069,-0.31977347,0.05675562,0.22226141,-0.19414029,-0.05379097,0.03846632,-0.25061944,0.04921862,0.17838947,-0.26494125,-0.04317685,0.08650686,-0.18019329,0.03584731,0.12756091,-0.33298089,0.03514582,0.68560212,1.42004048,-0.11882775,-0.83801784,-1.50122545,0.19908382,0.96627312,1.53912940,-0.27360022,-1.06667030,-1.53265952,0.34022859,1.13631487,1.48200236,-0.39704801,-1.17319895,-1.38861837,-0.05042902,0.00983669,-0.99867933,-0.02068505,0.03487779,-0.00083257,-0.02762374,0.00000000,-0.06371554
10003960000000,synthetic_50hz_01,198,0.02,102.89310131,103.47867809,16.23181627,16.02747873,15.89632203,2.22308559,126.04203885,1,1,0,0,1,0.74394539,0.00000000,-0.00211234,-0.06421615,-0.11243987,-0.05221860,0.06096803,0.09271705,0.01828267,-0.05596217,-0.07032115,0.01618035,0.04934289,0.04589786,-0.05017688,-0.04130104,-0.02015131,0.08272679,0.03206846,-0.00617620,-0.11289165,-0.05668268,0.01389572,-0.29290581,0.05388984,0.20575554,-0.22216178,-0.04948094,0.05712695,-0.22225243,0.04358834,0.15811224,-0.29283550,-0.03638834,0.10781600,-0.15357640,0.02809594,0.10583426,-0.35755266,0.10418849,0.81208778,1.48865834,-0.18514432,-0.94476149,-1.53425107,0.26076235,1.05019728,1.53561063,-0.32886248,-1.12535539,-1.49269782,0.38748135,1.16806898,1.40674984,-0.43492896,-1.17710660,-1.28024460,-0.05066375,0.01024876,-0.99866332,-0.02052236,0.03491528,-0.00211234,-0.02840522,0.00000000,-0.06377013
10003980000000,synthetic_50hz_01,199,0.02,103.04589552,103.39212157,16.09090868,15.89632203,15.76209976,2.23471928,126.05867903,1,1,0,0,1,0.74329997,0.00000000,-0.00339157,-0.06164591,-0.09639447,-0.02438689,0.05694681,0.07444171,-0.01003626,-0.05060591,-0.05034275,0.04417006,0.04280602,0.02479240,-0.07703041,-0.03377201,0.00147274,0.10766994,0.02376433,-0.02769541,-0.13520530,-0.05409589,0.02991070,-0.26512350,0.04984564,0.18750477,-0.25043118,-0.04409573,0.07708710,-0.19431139,0.03701712,0.13701833,-0.31964220,-0.02882026,0.12943542,-0.12867731,0.01974884,0.08431267,-0.37982590,0.17087559,0.92213390,1.52790214,-0.24753804,-1.03256832,-1.53717888,0.31706384,1.11323332,1.50213804,-0.37744855,-1.16180329,-1.42378986,0.42695123,1.17687792,1.30439315,-0.46414472,-1.15802262,-1.14739018,-0.05089772,0.01065750,-0.99864715,-0.02035301,0.03494593,-0.00339157,-0.02917843,0.00000000,-0.06380839
10004000000000,synthetic_50hz_01,200,0.02,102.49833567,103.21336439,15.95280894,15.76209976,15.65548131,2.24626896,126.07490704,1,1,0,0,1,0.74263990,0.00000000,-0.00466993,-0.05788963,-0.07854162,0.00380895,0.05183642,0.05479360,-0.03804950,-0.04428874,-0.02946585,0.07119307,0.03546420,0.00328858,-0.10228411,-0.02561720,0.02298349,0.13042626,0.01503165,-0.04859294,-0.15480815,-0.05032336,0.04773290,-0.23697704,0.04471255,0.16788150,-0.27839488,-0.03774986,0.09794548,-0.16733710,0.02964117,0.11552637,-0.34484897,-0.02062659,0.15094123,-0.10596519,0.01097333,0.06341307,-0.39938817,0.23393157,1.01376519,1.53731024,-0.30483322,-1.09992236,-1.51026258,0.36694638,1.15436825,1.43967335,-0.41848030,-1.17553317,-1.32757766,0.45794924,1.16280692,1.17720729,-0.48421530,-1.11655641,-0.99289749,-0.05113087,0.01106279,-0.99863085,-0.02017706,0.03496973,-0.00466993,-0.02994339,0.00000000,-0.06383032
10004020000000,synthetic_50hz_01,201,0.02,102.23223839,103.01713919,15.82793134,15.65548131,15.56294456,2.25773402,126.09072525,1,1,0,0,1,0.74196536,0.00000000,-0.00594710,-0.05303142,-0.05924422,0.03181968,0.04574623,0.03416619,-0.06521779,-0.03714216,-0.00810313,0.09673565,0.02746726,-0.01819354,-0.12546457,-0.01700047,0.04396569,0.15057629,0.00604354,-0.06847028,-0.17134683,-0.04544919,0.06699942,-0.20901566,0.03859993,0.14727920,-0.30551361,-0.03057483,0.11928937,-0.14184331,0.02161034,0.09405640,-0.36798240,-0.01197119,0.17191818,-0.08585949,0.00194256,0.04353396,-0.41588610,0.29217218,1.08539757,1.51701108,-0.35597254,-1.14573124,-1.45433470,0.40951006,1.17303294,1.34972917,-0.45124121,-1.16651556,-1.20621031,0.47996286,1.12636699,1.02791585,-0.49484696,-1.05374474,-0.81998610,-0.05136318,0.01146449,-0.99861441,-0.01999458,0.03498668,-0.00594710,-0.03070012,0.00000000,-0.06383590
10004040000000,synthetic_50hz_01,202,0.02,102.37132093,102.88797554,15.71663689,15.56294456,15.46818864,2.26911566,126.10613605,1,1,0,0,1,0.74127651,0.00000000,-0.00722274,-0.04717543,-0.03888761,0.05910805,0.03880293,0.01296592,-0.09102648,-0.02931173,0.01332958,0.12032057,0.01897545,-0.03924078,-0.14614577,-0.00809210,0.06402066,0.16775751,-0.00302454,-0.08695479,-0.18453272,-0.03957752,0.08732490,-0.18177659,0.03163447,0.12610430,-0.33127273,-0.02271619,0.14070299,-0.11830722,0.01308485,0.07302161,-0.38861647,-0.00302435,0.19196760,-0.06872275,-0.00716803,0.02504799,-0.42903107,0.34452571,1.13586079,1.46770789,-0.40003524,-1.16933857,-1.37077770,0.44401157,1.16910379,1.23432736,-0.47518685,-1.13516319,-1.06229078,0.49266226,1.06849531,0.85962786,-0.49593399,-0.97102222,-0.63218147,-0.05159459,0.01186247,-0.99859784,-0.01980563,0.03499677,-0.00722274,-0.03144865,0.00000000,-0.06382515
10004060000000,synthetic_50hz_01,203,0.02,102.07905600,102.72619163,15.61228862,15.46818864,15.38925830,2.28041575,126.12114181,1,1,0,0,1,0.74057350,0.00000000,-0.00849653,-0.04044342,-0.01787160,0.08515900,0.03114767,-0.00839600,-0.11499501,-0.02095392,0.03442154,0.14151566,0.01015606,-0.05945468,-0.16395635,0.00093461,0.08277373,0.18167010,-0.01199833,-0.10370636,-0.19414622,-0.03283013,0.10830954,-0.15577492,0.02395733,0.10476801,-0.35519167,-0.01433045,0.16177556,-0.09716102,0.00423202,0.05282045,-0.40637983,0.00604065,0.21071481,-0.05485476,-0.01618416,0.00829526,-0.43860346,0.39005150,1.16441228,1.39065248,-0.43625209,-1.17052726,-1.26148511,0.46987532,1.14289539,1.09594854,-0.48995184,-1.08231332,-0.89881525,0.49590281,0.99052765,0.67576871,-0.48755667,-0.87018460,-0.43323943,-0.05182506,0.01225661,-0.99858116,-0.01961025,0.03500000,-0.00849653,-0.03218900,0.00000000,-0.06379806
10004080000000,synthetic_50hz_01,204,0.02,101.67122791,102.51519889,15.51861589,15.38925830,15.32802115,2.29163718,126.13574491,1,1,0,0,1,0.73985650,0.00000000,-0.00976815,-0.03297206,0.00339757,0.10948911,0.02293307,-0.02951163,-0.13668551,-0.01223291,0.05477486,0.15994120,0.00118007,-0.07845890,-0.17858571,0.00990679,0.09988094,0.19208151,-0.02070803,-0.11842336,-0.20003951,-0.02534368,0.12954710,-0.13149406,0.01572112,0.08367828,-0.37683258,-0.00558175,0.18210921,-0.07878443,-0.00477719,0.03382928,-0.42096187,0.01505091,0.22781587,-0.04448810,-0.02493606,-0.00642258,-0.44445548,0.42795531,1.17074220,1.28760896,-0.46401702,-1.14951406,-1.12881353,0.48670091,1.09514489,0.93747388,-0.49535298,-1.00920219,-0.71910641,0.48972380,0.89416371,0.48000678,-0.46997565,-0.75334608,-0.22706832,-0.05205455,0.01264678,-0.99856438,-0.01940852,0.03499637,-0.00976815,-0.03292118,0.00000000,-0.06375463
10004100000000,synthetic_50hz_01,205,0.02,101.51279817,102.31471874,15.43856610,15.32802115,15.27167872,2.30278401,126.14994773,1,1,0,0,1,0.73912567,0.00000000,-0.01103727,-0.02490994,0.02451514,0.13165526,0.01432000,-0.04998406,-0.15571027,-0.00331721,0.07401193,0.17527608,-0.00778121,-0.09590599,-0.18978860,0.01865530,0.11503504,0.19882943,-0.02899155,-0.13084757,-0.20213791,-0.01726677,0.15063283,-0.10937711,0.00708673,0.06323200,-0.39580775,0.00336138,0.20132633,-0.06349854,-0.01377146,0.01639554,-0.43211736,0.02383731,0.24296350,-0.03778505,-0.03326160,-0.01884733,-0.44651243,0.45760141,1.15496990,1.16080839,-0.48289525,-1.10693590,-0.97552699,0.49426700,1.02698842,0.76212070,-0.49138880,-0.91743239,-0.52674211,0.47434363,0.78142635,0.27617730,-0.44362291,-0.62289143,-0.01765017,-0.05228302,0.01303285,-0.99854749,-0.01920051,0.03498588,-0.01103727,-0.03364522,0.00000000,-0.06369488
10004120000000,synthetic_50hz_01,206,0.02,101.35278228,102.12233145,15.36847340,15.27167872,15.21923383,2.31386083,126.16375264,1,1,0,0,1,0.73838118,0.00000000,-0.01230356,-0.01641453,0.04508560,0.15126225,0.00547437,-0.06943480,-0.17173815,0.00562361,0.09178217,0.18726277,-0.01655946,-0.11148341,-0.19738851,0.02701789,0.12797054,0.20182345,-0.03669739,-0.14076822,-0.20043972,-0.00875685,0.17117121,-0.08981929,-0.00177995,0.04380768,-0.41178603,0.01232938,0.21907635,-0.05156089,-0.02258247,0.00083175,-0.43966977,0.03223759,0.25589223,-0.03483604,-0.04100930,-0.02876821,-0.44477263,0.47852126,1.11763208,1.01289564,-0.49262778,-1.04382830,-0.80473491,0.49253160,0.93993047,0.57337330,-0.47823551,-0.80893400,-0.32548107,0.45015167,0.65461559,0.06820507,-0.40908975,-0.48142430,0.19103731,-0.05251041,0.01341470,-0.99853052,-0.01898627,0.03496853,-0.01230356,-0.03436113,0.00000000,-0.06361883
10004140000000,synthetic_50hz_01,207,0.02,100.85386100,101.86863736,15.30579278,15.21923383,15.18251249,2.32487236,126.17716201,1,1,0,0,1,0.73762318,0.00000000,-0.01356670,-0.00764894,0.06472995,0.16796922,-0.00343616,-0.08751053,-0.18449959,0.01442219,0.10776814,0.19571074,-0.02499243,-0.12491875,-0.20127946,0.03484212,0.13846789,0.20104520,-0.04368730,-0.14802494,-0.19501472,0.00002294,0.19078324,-0.07316144,-0.01071125,0.02575863,-0.42449787,0.02115489,0.23504181,-0.04316200,-0.03104797,-0.01258966,-0.44351314,0.04009931,0.26638251,-0.03565941,-0.04804091,-0.03602486,-0.43930585,0.49041874,1.05966325,0.84686970,-0.49313243,-0.96159674,-0.61982505,0.48162888,0.83580695,0.37491055,-0.45623974,-0.68592045,-0.11918721,0.41769700,0.51625855,-0.13997236,-0.36711186,-0.33171267,0.39509645,-0.05273670,0.01379219,-0.99851347,-0.01876588,0.03494433,-0.01356670,-0.03506891,0.00000000,-0.06352649
10004160000000,synthetic_50hz_01,208,0.02,100.35670192,101.56625027,15.25401506,15.18251249,15.15790991,2.33582382,126.19017824,1,1,0,0,1,0.73685183,0.00000000,-0.01482637,0.00122123,0.08309253,0.18149500,-0.01224538,-0.10388926,-0.19379039,0.02291649,0.12169081,0.20049871,-0.03292691,-0.13598396,-0.20142655,0.04198804,0.14635663,0.19654718,-0.04983862,-0.15250977,-0.18600126,0.00890702,0.20911328,-0.05968474,-0.01954097,0.00940684,-0.43373907,0.02967585,0.24894368,-0.03842316,-0.03901475,-0.02364064,-0.44361256,0.04728251,0.27426387,-0.04020270,-0.05423376,-0.04050930,-0.43025045,0.49317185,0.98236911,0.66601892,-0.48450144,-0.86198172,-0.42439308,0.46186262,0.71674299,0.17053178,-0.42590809,-0.55084022,0.08824602,0.37767443,0.36905648,-0.34447965,-0.31855224,-0.17663266,0.59078177,-0.05296182,0.01416522,-0.99849635,-0.01853941,0.03491328,-0.01482637,-0.03576859,0.00000000,-0.06341789
10004180000000,synthetic_50hz_01,209,0.02,99.80640000,101.21428022,15.21365090,15.15790991,15.14455945,2.34672093,126.20280368,1,1,0,0,1,0.73606730,0.00000000,-0.01608225,0.01003108,0.09984717,0.19162203,-0.02079161,-0.11828567,-0.19947416,0.03095271,0.13331394,0.20157535,-0.04022142,-0.14449870,-0.19786503,0.04833054,0.15151750,0.18845018,-0.05504626,-0.15416798,-0.17360221,0.01773049,0.22583515,-0.04960675,-0.02810741,-0.00496238,-0.43937324,0.03773847,0.26054575,-0.03739568,-0.04634133,-0.03214086,-0.44000329,0.05366209,0.27941706,-0.04834508,-0.05948276,-0.04216682,-0.41780930,0.48683111,0.88739351,0.47385244,-0.46699576,-0.74701835,-0.22217008,0.43369671,0.58510631,-0.03591754,-0.38789397,-0.40632537,0.29296965,0.33090808,0.21582989,-0.54157530,-0.26438195,-0.01911193,0.77456709,-0.05318575,0.01453365,-0.99847917,-0.01830694,0.03487539,-0.01608225,-0.03646018,0.00000000,-0.06329306
10004200000000,synthetic_50hz_01,210,0.02,100.00943979,100.97331213,15.18463249,15.14455945,15.11108560,2.35756983,126.21504073,1,1,0,0,1,0.73526975,0.00000000,-0.01733401,0.01861950,0.11470269,0.19819905,-0.02892063,-0.13045569,-0.20148335,0.03838797,0.14244760,0.19895878,-0.04674856,-0.15033268,-0.19069814,0.05376137,0.15388360,0.17693959,-0.05922422,-0.15299798,-0.15807978,0.02633223,0.24065766,-0.04307871,-0.03625636,-0.01710495,-0.44133284,0.04519986,0.26965806,-0.04006146,-0.05290029,-0.03796002,-0.43278856,0.05912980,0.28177516,-0.05990118,-0.06370190,-0.04099582,-0.40224460,0.47161466,0.77668000,0.27402947,-0.44103635,-0.61899160,-0.01694961,0.39774277,0.44345737,-0.24061891,-0.34298207,-0.25513807,0.49125027,0.27833304,0.05946301,-0.72771867,-0.20565954,0.13792639,0.94320659,-0.05340843,0.01489738,-0.99846194,-0.01806853,0.03483067,-0.01733401,-0.03714368,0.00000000,-0.06315202
10004220000000,synthetic_50hz_01,211,0.02,100.09238393,100.79712649,15.15374279,15.11108560,15.06556399,2.36837530,126.22689176,1,1,0,0,1,0.73445933,0.00000000,-0.01858133,0.02683200,0.12740744,0.20114248,-0.03648836,-0.14020007,-0.19981901,0.04509274,0.14895066,0.19273466,-0.05239708,-0.15340693,-0.18009368,0.05819078,0.15344041,0.16226052,-0.06230682,-0.14905013,-0.13974931,0.03455776,0.25332918,-0.04018422,-0.04384373,-0.02682161,-0.43961891,0.05193052,0.27613949,-0.04633483,-0.05858040,-0.04101916,-0.42213618,0.06359589,0.28132369,-0.07462588,-0.06682552,-0.03704667,-0.38387169,0.44790039,0.65242878,0.07028770,-0.40719268,-0.48038794,0.18748441,0.35474542,0.29449729,-0.43985125,-0.29207068,-0.10011615,0.67953698,0.22097540,-0.09715138,-0.89963134,-0.14350931,0.29161800,1.09378891,-0.05362983,0.01525628,-0.99844467,-0.01782427,0.03477911,-0.01858133,-0.03781910,0.00000000,-0.06299482
10004240000000,synthetic_50hz_01,212,0.02,100.05579040,100.64885928,15.11670770,15.06556399,15.01443225,2.37914049,126.23835917,1,1,0,0,1,0.73363621,0.00000000,-0.01982389,0.03452350,0.13775317,0.20043643,-0.04336332,-0.14736706,-0.19454926,0.05095295,0.15273229,0.18305313,-0.05707358,-0.15369418,-0.16627951,0.06154876,0.15022499,0.14471196,-0.06424946,-0.14242475,-0.11897230,0.04226198,0.26364144,-0.04093916,-0.05073805,-0.03396065,-0.43429958,0.05781634,0.27989923,-0.05606563,-0.06328826,-0.04129101,-0.40827401,0.06699033,0.27809967,-0.09222019,-0.06880901,-0.03041967,-0.36305210,0.41621529,0.51705006,-0.13362769,-0.36616877,-0.33384478,0.38742750,0.30556543,0.14101460,-0.63005760,-0.23615250,0.05588109,0.85452284,0.15993118,-0.25116571,-1.05435179,-0.07909898,0.43920910,1.22378329,-0.05384989,0.01561023,-0.99842737,-0.01757424,0.03472074,-0.01982389,-0.03848645,0.00000000,-0.06282149
10004260000000,synthetic_50hz_01,213,0.02,99.71371711,100.46183084,15.07375201,15.01443225,14.96991228,2.38986724,126.24944532,1,1,0,0,1,0.73280056,0.00000000,-0.02106138,0.04156071,0.14557783,0.19613153,-0.04942873,-0.15185422,-0.18580654,0.05587169,0.15375258,0.17012467,-0.06070384,-0.15121819,-0.14953803,0.06378588,0.14432410,0.12464013,-0.06502894,-0.13326908,-0.09614880,0.04931162,0.27143241,-0.04529290,-0.05682255,-0.03841959,-0.42550730,0.06276043,0.28089734,-0.06904341,-0.06694963,-0.03879933,-0.39148446,0.06926370,0.27218989,-0.11233788,-0.06962915,-0.02126208,-0.34018586,0.37722225,0.37311487,-0.33403310,-0.31878711,-0.18209838,0.57932095,0.25116119,-0.01416809,-0.80790671,-0.17629418,0.21002609,1.01320015,0.09634452,-0.39982893,-1.18928255,-0.01361721,0.57810453,1.33107738,-0.05406859,0.01595912,-0.99841006,-0.01731851,0.03465557,-0.02106138,-0.03914573,0.00000000,-0.06263207
10004280000000,synthetic_50hz_01,214,0.02,99.69573965,100.30861260,15.03013932,14.96991228,14.91786829,2.40055697,126.26015263,1,1,0,0,1,0.73195252,0.00000000,-0.02229348,0.04782435,0.15076749,0.18834248,-0.05458434,-0.15360909,-0.17378381,0.05977064,0.15202206,0.15421487,-0.06323372,-0.14605216,-0.13019984,0.06487375,0.13587152,0.10243109,-0.06464343,-0.12177363,-0.07170920,0.05558739,0.27658816,-0.05313072,-0.06199695,-0.04014599,-0.41343500,0.06668446,0.27914437,-0.08500256,-0.06951038,-0.03361732,-0.37209812,0.07038761,0.26372811,-0.13459291,-0.06928414,-0.00976440,-0.31570336,0.33170483,0.22330430,-0.52737247,-0.26597091,-0.02793154,0.75981352,0.19256892,-0.16824650,-0.97034878,-0.11361508,0.35957391,1.15290844,0.03138566,-0.54053463,-1.30222922,0.05174862,0.70591149,1.41400611,-0.05428587,0.01630284,-0.99839273,-0.01705717,0.03458360,-0.02229348,-0.03979695,0.00000000,-0.06242663
10004300000000,synthetic_50hz_01,215,0.02,99.72195752,100.19128159,14.98298549,14.91786829,14.85764103,2.41121040,126.27048347,1,1,0,0,1,0.73109226,0.00000000,-0.02351986,0.05321095,0.15325737,0.17724460,-0.05874786,-0.15262908,-0.15872962,0.06259104,0.14760042,0.13563840,-0.06462969,-0.13831637,-0.10863666,0.06480504,0.12504459,0.07850287,-0.06311203,-0.10816772,-0.04610581,0.06098583,0.27904390,-0.06427733,-0.06617899,-0.03913726,-0.39833127,0.06952969,0.27470000,-0.10362841,-0.07093698,-0.02586525,-0.35048672,0.07035473,0.25289168,-0.15856722,-0.06779305,0.00384404,-0.29005692,0.28055019,0.07035818,-0.71027893,-0.20872491,0.12587807,0.92581748,0.13088200,-0.31848520,-1.11466428,-0.04926570,0.50191025,1.27137479,-0.03377096,-0.67086500,-1.39143098,0.11583398,0.82047839,1.47137156,-0.05450169,0.01664128,-0.99837541,-0.01679030,0.03450485,-0.02351986,-0.04044012,0.00000000,-0.06220520
10004320000000,synthetic_50hz_01,216,0.02,99.68436882,100.08989903,14.93034082,14.85764103,14.79282194,2.42182744,126.28044025,1,1,0,0,1,0.73021995,0.00000000,-0.02474023,0.05763442,0.15303186,0.16306927,-0.06185605,-0.14896039,-0.14094249,0.06429435,0.14059432,0.11475228,-0.06487901,-0.12817485,-0.08525371,0.06359318,0.11206004,0.05329724,-0.06047393,-0.09271449,-0.01980418,0.06542083,0.27878403,-0.07850132,-0.06930541,-0.03543961,-0.38049461,0.07125755,0.26767091,-0.12456393,-0.07121669,-0.01570717,-0.32705549,0.06917849,0.23989733,-0.18381907,-0.06519508,0.01930012,-0.26371208,0.22473059,-0.08297575,-0.87963116,-0.14811537,0.27660797,1.07455825,0.06722990,-0.46226545,-1.23850534,0.01559383,0.63459561,1.36674573,-0.09796798,-0.78863008,-1.45558221,0.17751768,0.91992798,1.50245357,-0.05471601,0.01697433,-0.99835810,-0.01651799,0.03441934,-0.02474023,-0.04107522,0.00000000,-0.06196785
10004340000000,synthetic_50hz_01,217,0.02,99.60654932,99.99322909,14.87258289,14.79282194,14.72540416,2.43240736,126.29002537,1,1,0,0,1,0.72933574,0.00000000,-0.02595427,0.06102711,0.15012371,0.14609853,-0.06386540,-0.14269608,-0.12076436,0.06486243,0.13115445,0.09194851,-0.06398944,-0.11583157,-0.06048173,0.06127161,0.09716922,0.02727124,-0.05678729,-0.07570543,0.00672549,0.06882475,0.27584130,-0.09552067,-0.07133270,-0.02914608,-0.36026697,0.07184992,0.25820776,-0.14741714,-0.07035727,-0.00334703,-0.30223515,0.06689232,0.22499640,-0.20989138,-0.06154839,0.03631233,-0.23713905,0.16528400,-0.23399142,-1.03260369,-0.08524941,0.42163846,1.20361682,0.00275705,-0.59712947,-1.33992913,0.07981480,0.75540495,1.43761065,-0.16008556,-0.89190176,-1.49384519,0.23574097,1.00268463,1.50701147,-0.05492878,0.01730187,-0.99834081,-0.01624033,0.03432709,-0.02595427,-0.04170228,0.00000000,-0.06171464
10004360000000,synthetic_50hz_01,218,0.02,99.68760695,99.93210466,14.81076782,14.72540416,14.64943268,2.44294905,126.29924123,1,1,0,0,1,0.72843980,0.00000000,-0.02716166,0.06334068,0.14461236,0.12665893,-0.06475248,-0.13397333,-0.09857357,0.06429744,0.11947179,0.06764628,-0.06198867,-0.10152583,-0.03476872,0.05789274,0.08065282,0.00088875,-0.05212773,-0.05745456,0.03301683,0.07114926,0.27029514,-0.11500880,-0.07223743,-0.02039387,-0.33802668,0.07130894,0.24650157,-0.17176882,-0.06838640,0.01097586,-0.27647370,0.06354864,0.20846960,-0.23632030,-0.05692860,0.05456665,-0.21080422,0.10329393,-0.38007171,-1.16671027,-0.02125436,0.55849693,1.31096447,-0.06139798,-0.72082042,-1.41742296,0.14228019,0.86236232,1.48301649,-0.21906039,-0.97904192,-1.50585396,0.28952498,1.06749528,1.48527695,-0.05513997,0.01762381,-0.99832356,-0.01595741,0.03422811,-0.02716166,-0.04232128,0.00000000,-0.06144562
10004380000000,synthetic_50hz_01,219,0.02,99.92614862,99.93091345,14.74300706,14.64943268,14.56021377,2.45345085,126.30809024,1,1,0,0,1,0.72753228,0.00000000,-0.02836210,0.06454647,0.13662144,0.10511477,-0.06451388,-0.12297007,-0.07477732,0.06262132,0.10577341,0.04228400,-0.05892336,-0.08552726,-0.00857162,0.05352661,0.06281531,-0.02538788,-0.04658667,-0.03829237,0.05861544,0.07236568,0.26226921,-0.13660145,-0.07201619,-0.00936089,-0.31418095,0.06965657,0.23277938,-0.19718057,-0.06535074,0.02699186,-0.25022812,0.05921748,0.19062139,-0.26264347,-0.05142712,0.07373260,-0.18516195,0.03986921,-0.51873275,-1.27983990,0.04274278,0.68489821,1.39498947,-0.12412247,-0.83131773,-1.46992085,0.20192366,0.95376998,1.50247372,-0.27390329,-1.04872459,-1.49170957,0.33798617,1.11344399,1.43793874,-0.05534953,0.01794003,-0.99830635,-0.01566932,0.03412242,-0.02836210,-0.04293222,0.00000000,-0.06116088
10004400000000,synthetic_50hz_01,220,0.02,99.80379303,99.90548937,14.66623388,14.56021377,14.47370894,2.46391028,126.31657482,1,1,0,0,1,0.72661334,0.00000000,-0.02955528,0.06463555,0.12631563,0.08186077,-0.06316581,-0.10990085,-0.04980389,0.05987497,0.09031757,0.01631115,-0.05485790,-0.06813039,0.01765185,0.04825926,0.04397898,-0.05110594,-0.04026928,-0.01855964,0.08308663,0.07246510,0.25192816,-0.15990386,-0.07068520,0.00373829,-0.28915808,0.06693370,0.21729945,-0.22320293,-0.06131470,0.04440645,-0.22395608,0.05398488,0.17177405,-0.28840818,-0.04514913,0.09346941,-0.16064697,-0.02387620,-0.64766448,-1.37028507,0.10563516,0.79878035,1.45451551,-0.18434860,-0.92686700,-1.49681159,0.25774719,1.02823164,1.49595389,-0.32371481,-1.09995189,-1.45196715,0.38034958,1.13996001,1.36611952,-0.05555742,0.01825045,-0.99828920,-0.01537616,0.03401004,-0.02955528,-0.04353511,0.00000000,-0.06086048
10004420000000,synthetic_50hz_01,221,0.02,99.37748576,99.79988865,14.58537341,14.47370894,14.40054217,2.47432476,126.32469739,1,1,0,0,1,0.72568316,0.00000000,-0.03074089,0.06361846,0.11389683,0.05731455,-0.06074340,-0.09501231,-0.02409467,0.05611708,0.07338854,-0.00981987,-0.04987288,-0.04964895,0.04345130,0.04219082,0.02447795,-0.07583001,-0.03329238,0.00139876,0.10602250,0.07145805,0.23947391,-0.18449842,-0.06827958,0.01865703,-0.26339943,0.06319902,0.20034608,-0.24938346,-0.05635883,0.06290590,-0.19810802,0.04795097,0.15226171,-0.31317898,-0.03821143,0.11343219,-0.13766716,-0.08684285,-0.76476699,-1.43676195,0.16635499,0.89833538,1.48881184,-0.24107105,-1.00600435,-1.49793860,0.30883691,1.08466973,1.46387909,-0.36769886,-1.13206359,-1.38761526,0.41595988,1.14681952,1.27134584,-0.05576360,0.01855494,-0.99827211,-0.01507801,0.03389099,-0.03074089,-0.04412994,0.00000000,-0.06054450
10004440000000,synthetic_50hz_01,222,0.02,99.18193625,99.67629817,14.50774429,14.40054217,14.32891316,2.48469262,126.33246037,1,1,0,0,1,0.72474188,0.00000000,-0.03191863,0.06152454,0.09959980,0.03190886,-0.05729962,-0.07857817,0.00190380,0.05142273,0.05529109,-0.03566157,-0.04406329,-0.03040995,0.06839120,0.03543349,0.00465207,-0.09914908,-0.02578213,0.02123993,0.12704845,0.06937386,0.22514120,-0.20995238,-0.06485230,0.03512162,-0.23735157,0.05852760,0.18222401,-0.27527470,-0.05057816,0.08216319,-0.17311944,0.04122795,0.13242423,-0.33654491,-0.03074021,0.13327803,-0.11659713,-0.14796456,-0.86818196,-1.47842253,0.22389120,0.98203468,1.49759526,-0.29336296,-1.06757489,-1.47359163,0.35437692,1.12233641,1.40710366,-0.40517403,-1.14474045,-1.30004823,0.44428979,1.13414109,1.15551181,-0.05596802,0.01885343,-0.99825510,-0.01477498,0.03376530,-0.03191863,-0.04471671,0.00000000,-0.06021302
10004460000000,synthetic_50hz_01,223,0.02,99.29729683,99.60049790,14.43263521,14.32891316,14.24635619,2.49501277,126.33986620,1,1,0,0,1,0.72378968,0.00000000,-0.03308820,0.05840100,0.08368733,0.00608373,-0.05290397,-0.06089382,0.02774764,0.04588168,0.03634472,-0.06077903,-0.03753661,-0.01074779,0.09205813,0.02810934,-0.01515901,-0.12068316,-0.01787166,0.04062877,0.14582883,0.06625975,0.20919285,-0.23582572,-0.06047285,0.05283665,-0.21145836,0.05300922,0.16325276,-0.30044170,-0.04408014,0.10184393,-0.14940377,0.03393789,0.11260124,-0.35812593,-0.02286857,0.15267186,-0.09777253,-0.20622607,-0.95631895,-1.49485874,0.27730552,1.04864860,1.48102415,-0.34039012,-1.11074522,-1.42449095,0.39366112,1.14081854,1.32688900,-0.43558268,-1.13800153,-1.19103223,0.46494619,1.10237540,1.02083745,-0.05617064,0.01914581,-0.99823817,-0.01446716,0.03363300,-0.03308820,-0.04529541,0.00000000,-0.05986613
10004480000000,synthetic_50hz_01,224,0.02,99.00823022,99.48204437,14.35439802,14.24635619,14.17010270,2.50528395,126.34691730,1,1,0,0,1,0.72282671,0.00000000,-0.03424930,0.05431172,0.06644515,-0.01972120,-0.04764089,-0.04227087,0.05300316,0.03959654,0.01687789,-0.08475703,-0.03041061,0.00900168,0.11406730,0.02034793,-0.03462173,-0.14008897,-0.00969861,0.05924361,0.16207180,0.06217959,0.19191458,-0.26167877,-0.05522569,0.07149054,-0.18615349,0.04674646,0.14376078,-0.32446926,-0.03698255,0.12161226,-0.12734581,0.02621034,0.09312633,-0.37757879,-0.01473416,0.17129200,-0.08148520,-0.26067926,-1.02787626,-1.48609875,0.32574686,1.09726037,1.43968503,-0.38142303,-1.13500994,-1.35176451,0.42610259,1.14003666,1.22487200,-0.45849742,-1.11219558,-1.06266586,0.47767355,1.05228939,0.86982257,-0.05637143,0.01943198,-0.99822135,-0.01415465,0.03349410,-0.03424930,-0.04586604,0.00000000,-0.05950391
10004500000000,synthetic_50hz_01,225,0.02,98.82013807,99.34966311,14.27699399,14.17010270,14.09475475,2.51550522,126.35361613,1,1,0,0,1,0.72185313,0.00000000,-0.03540164,0.04933574,0.04817649,-0.04507415,-0.04160800,-0.02303135,0.07725404,0.03268069,-0.00277780,-0.10720665,-0.02281117,0.02850687,0.13406844,0.01228400,-0.05341407,-0.15706498,-0.00140268,0.07678131,0.17553327,0.05721244,0.17360962,-0.28707978,-0.04920843,0.09076123,-0.16185331,0.03985272,0.12407967,-0.34696846,-0.02941126,0.14113659,-0.10729582,0.01818005,0.07432149,-0.39460195,-0.00647667,0.18883530,-0.06797924,-0.31045768,-1.08185607,-1.45259585,0.36846372,1.12727408,1.37457208,-0.41584678,-1.14019226,-1.25691876,0.45124078,1.12023817,1.10302788,-0.47362530,-1.06798709,-0.91733620,0.48235498,0.98494544,0.70519728,-0.05657033,0.01971185,-0.99820463,-0.01383755,0.03334864,-0.03540164,-0.04642859,0.00000000,-0.05912646
10004520000000,synthetic_50hz_01,226,0.02,98.50654649,99.18103978,14.20045351,14.09475475,14.02462324,2.52567591,126.35996513,1,1,0,0,1,0.72086911,0.00000000,-0.03654491,0.04356560,0.02919656,-0.06955835,-0.03491415,-0.00350211,0.10010788,0.02525611,-0.02229331,-0.12777126,-0.01486992,0.04744600,0.15175093,0.00405502,-0.07123080,-0.17135555,0.00687678,0.09296198,0.18601991,0.05145083,0.15459318,-0.31161196,-0.04252991,0.11032187,-0.13895019,0.03244998,0.10453850,-0.36758265,-0.02149791,0.16009515,-0.08956444,0.00998448,0.05649197,-0.40893975,0.00176454,0.20502187,-0.05744797,-0.35478927,-1.11757395,-1.39521037,0.40481448,1.13841700,1.28706033,-0.44316870,-1.12643897,-1.14180374,0.46874615,1.08198517,0.96362842,-0.48080944,-1.00633724,-0.75767124,0.47901077,0.90167613,0.52987005,-0.05676732,0.01998534,-0.99818803,-0.01351598,0.03319664,-0.03654491,-0.04698307,0.00000000,-0.05873387
10004540000000,synthetic_50hz_01,227,0.02,98.35731156,99.01629414,14.12660480,14.02462324,13.95216676,2.53579584,126.36596675,1,1,0,0,1,0.71987481,0.00000000,-0.03767882,0.03710547,0.00982697,-0.09277863,-0.02767729,0.01599080,0.12120234,0.01745116,-0.04134755,-0.14613172,-0.00672190,0.06551223,0.16684805,-0.00420115,-0.08778816,-0.18275408,0.01500308,0.10753312,0.19339123,0.04499891,0.13518688,-0.33488014,-0.03530809,0.12984643,-0.11780650,0.02466659,0.08545831,-0.38599270,-0.01337754,0.17818109,-0.07441836,0.00176149,0.03992151,-0.42038562,0.00985279,0.21959922,-0.05003189,-0.39300705,-1.13466271,-1.31518513,0.43427554,1.13073617,1.17887306,-0.46302367,-1.09420998,-1.00857352,0.47842260,1.02613721,0.80919634,-0.48002839,-0.92848042,-0.58648965,0.46779474,0.80405511,0.34687420,-0.05696235,0.02025236,-0.99817156,-0.01319002,0.03303813,-0.03767882,-0.04752946,0.00000000,-0.05832625
10004560000000,synthetic_50hz_01,228,0.02,98.15320964,98.84367724,14.05334082,13.95216676,13.87970836,2.54586490,126.37162346,1,1,0,0,1,0.71887039,0.00000000,-0.03880309,0.03006910,-0.00960978,-0.11436758,-0.02002230,0.03512759,0.14021038,0.00939826,-0.05963264,-0.16201085,0.00149674,0.08241847,0.17914047,-0.01234859,-0.10282812,-0.19110539,0.02284443,0.12027320,0.19756065,0.03797046,0.11571320,-0.35651690,-0.02766785,0.14901509,-0.09874926,0.01663497,0.06714702,-0.40192143,-0.00518629,0.19510733,-0.06207695,-0.00635300,0.02486816,-0.42878434,0.01765628,0.23234582,-0.04581757,-0.42455773,-1.13307071,-1.21411521,0.45644720,1.10458975,1.05204435,-0.47517708,-1.04426296,-0.85964256,0.48020739,0.95382957,0.64245687,-0.47139310,-0.83589684,-0.40674885,0.44898832,0.69386481,0.15931407,-0.05715537,0.02051281,-0.99815523,-0.01285979,0.03287315,-0.03880309,-0.04806775,0.00000000,-0.05790370
10004580000000,synthetic_50hz_01,229,0.02,98.20538670,98.71601913,13.98041519,13.87970836,13.79731014,2.55588306,126.37693773,1,1,0,0,1,0.71785602,0.00000000,-0.03991743,0.02257774,-0.02879569,-0.13399092,-0.01207880,0.05359984,0.15684493,0.00123162,-0.07685868,-0.17517703,0.00965107,0.09790165,0.18845870,-0.02025552,-0.11612206,-0.19630701,0.03027599,0.13099463,0.19849571,0.03048672,0.09649016,-0.37618798,-0.01973880,0.16751946,-0.08206555,0.00848933,0.04989452,-0.41513721,0.00294091,0.21061078,-0.05270967,-0.01422721,0.01156053,-0.43403348,0.02505018,0.24307406,-0.04483749,-0.44900807,-1.11305494,-1.09391268,0.47105720,1.06063339,0.90887757,-0.47952553,-0.97763329,-0.69763909,0.47416892,0.86644756,0.46628736,-0.45514179,-0.73028174,-0.22149234,0.42299272,0.57306156,-0.02968841,-0.05734636,0.02076661,-0.99813905,-0.01252539,0.03270173,-0.03991743,-0.04859795,0.00000000,-0.05746632
10004600000000,synthetic_50hz_01,230,0.02,98.04915558,98.58264642,13.90351107,13.79731014,13.71470869,2.56584979,126.38191202,1,1,0,0,1,0.71683185,0.00000000,-0.04102154,0.01475799,-0.04742236,-0.15135228,-0.00397883,0.07111535,0.17086265,-0.00691504,-0.09275805,-0.18544696,0.01760955,0.11172650,0.19468476,-0.02779637,-0.12747381,-0.19830970,0.03718180,0.13954600,0.19621728,0.02267427,0.07782616,-0.39359699,-0.01165299,0.18506733,-0.06799872,0.00036340,0.03396843,-0.42545674,0.01087251,0.22445619,-0.04643452,-0.02173556,0.00019480,-0.43608376,0.03191854,0.25163256,-0.04707076,-0.46604910,-1.07516910,-0.95676713,0.47796210,0.99980197,0.75190058,-0.47609524,-0.89561009,-0.52535638,0.46050233,0.76559735,0.28366591,-0.43163292,-0.61351209,-0.03379722,0.39031933,0.44373898,-0.21704585,-0.05753526,0.02101369,-0.99812303,-0.01218694,0.03252390,-0.04102154,-0.04912003,0.00000000,-0.05701423
10004620000000,synthetic_50hz_01,231,0.02,97.35334965,98.33678707,13.82421407,13.71470869,13.65230842,2.57576436,126.38654882,1,1,0,0,1,0.71579805,0.00000000,-0.04211516,0.00673954,-0.06519584,-0.16619713,0.00414530,0.08740252,0.18206684,-0.01491064,-0.10708935,-0.19268749,0.02524610,0.12368874,0.19775286,-0.03485369,-0.13672212,-0.19711692,0.04345644,0.14581375,0.19079801,0.01466283,0.06001515,-0.40848940,-0.00354272,0.20138708,-0.05674545,-0.00761175,0.01961016,-0.43274686,0.01848243,0.23643927,-0.04331729,-0.02876063,-0.00906778,-0.43493867,0.03815593,0.25790774,-0.05244474,-0.47549807,-1.02024710,-0.80510274,0.47714643,0.92328732,0.58381858,-0.46503843,-0.79970873,-0.34570265,0.43952316,0.65307417,0.09761995,-0.40133623,-0.48761117,0.15327717,0.35157859,0.30809012,-0.39975524,-0.05772204,0.02125396,-0.99810718,-0.01184454,0.03233969,-0.04211516,-0.04963400,0.00000000,-0.05654755
10004640000000,synthetic_50hz_01,232,0.02,97.17735934,98.10490152,13.75201369,13.65230842,13.58620906,2.58562707,126.39085062,1,1,0,0,1,0.71475479,0.00000000,-0.04319800,-0.00134697,-0.08184104,-0.17831594,0.01216323,0.10221427,0.19030962,-0.02262883,-0.11964062,-0.19681660,0.03244202,0.13361767,0.19764925,-0.04131989,-0.14374246,-0.19278359,0.04900650,0.14972309,0.18235989,0.00658302,0.04333221,-0.42065569,0.00446164,0.21623164,-0.04845364,-0.01530977,0.00703165,-0.43692557,0.02565200,0.24638931,-0.04337172,-0.03519481,-0.01610269,-0.43065311,0.04366894,0.26182482,-0.06083747,-0.47729835,-0.94938249,-0.64153290,0.46871973,0.83251231,0.40746556,-0.44662771,-0.69164040,-0.16165079,0.41165920,0.53082818,-0.08882444,-0.36482236,-0.35471194,0.33673882,0.30746753,0.16836918,-0.57494486,-0.05790666,0.02148734,-0.99809151,-0.01149830,0.03214914,-0.04319800,-0.05013984,0.00000000,-0.05606639
10004660000000,synthetic_50hz_01,233,0.02,97.29586807,97.94309483,13.68237575,13.58620906,13.50588825,2.59543846,126.39481991,1,1,0,0,1,0.71370222,0.00000000,-0.04426977,-0.00937209,-0.09710578,-0.18754648,0.01994856,0.11533149,0.19549309,-0.02994989,-0.13023214,-0.19780354,0.03908776,0.14137814,0.19441122,-0.04709871,-0.14844814,-0.18541394,0.05375178,0.15123831,0.17107109,-0.00143571,0.02802954,-0.42993361,0.01223369,0.22938191,-0.04322120,-0.02261096,-0.00358737,-0.43796210,0.03227164,0.25417118,-0.04656054,-0.04094184,-0.02082323,-0.42333131,0.04837738,0.26334807,-0.07208074,-0.47151711,-0.86390423,-0.46881304,0.45291167,0.72910204,0.22575508,-0.42124858,-0.57327951,0.02381151,0.37744070,0.40092905,-0.27269160,-0.32275103,-0.21701963,0.51370986,0.25875629,0.02685343,-0.73991763,-0.05808908,0.02171376,-0.99807603,-0.01114833,0.03195230,-0.04426977,-0.05063754,0.00000000,-0.05557088
10004680000000,synthetic_50hz_01,234,0.02,96.93435881,97.74134763,13.60825100,13.50588825,13.43239880,2.60519845,126.39845919,1,1,0,0,1,0.71264051,0.00000000,-0.04533022,-0.01720963,-0.11076423,-0.19377531,0.02738080,0.12656584,0.19756971,-0.03676256,-0.13871851,-0.19566808,0.04508444,0.14687185,0.18812525,-0.05210651,-0.15079081,-0.17515868,0.05762633,0.15036240,0.15714221,-0.00926716,0.01433296,-0.43620974,0.01965295,0.24064953,-0.04109564,-0.02940402,-0.01210148,-0.43587624,0.03824248,0.25968656,-0.05279726,-0.04591809,-0.02318106,-0.41312398,0.05221529,0.26248050,-0.08596397,-0.45834120,-0.76534932,-0.28979271,0.43006533,0.61485257,0.04163134,-0.38939047,-0.44662933,0.20773028,0.33748931,0.26552956,-0.45110294,-0.27585817,-0.07677445,0.68147009,0.20627391,-0.11419410,-0.89219014,-0.05826927,0.02193314,-0.99806075,-0.01079475,0.03174919,-0.04533022,-0.05112711,0.00000000,-0.05506114
10004700000000,synthetic_50hz_01,235,0.02,96.64574588,97.52222728,13.53439307,13.43239880,13.36161535,2.61490697,126.40177097,1,1,0,0,1,0.71156983,0.00000000,-0.04637906,-0.02473857,-0.12261992,-0.19693845,0.03434717,0.13576207,0.19654193,-0.04296552,-0.14499013,-0.19047901,0.05034516,0.15003806,0.17892449,-0.05627332,-0.15076033,-0.16221150,0.06057910,0.14713610,0.14082187,-0.01679031,0.00243894,-0.43942008,0.02660665,0.24987925,-0.04207454,-0.03558766,-0.01840111,-0.43073674,0.04347763,0.26287471,-0.06194873,-0.05005358,-0.02316602,-0.40022480,0.05513163,0.25926284,-0.10223854,-0.43807114,-0.65543304,-0.10736755,0.40062884,0.49169783,-0.14197874,-0.35163623,-0.31378675,0.38723173,0.29250578,0.12682905,-0.62132064,-0.22494225,0.06378519,0.83749658,0.15089354,-0.25256047,-1.02952711,-0.05844718,0.02214542,-0.99804568,-0.01043768,0.03153985,-0.04637906,-0.05160852,0.00000000,-0.05453731
10004720000000,synthetic_50hz_01,236,0.02,96.29410560,97.27660294,13.46182643,13.36161535,13.29545079,2.62456415,126.40475776,1,1,0,0,1,0.71049034,0.00000000,-0.04741602,-0.03184485,-0.13250815,-0.19702117,0.04074418,0.14279964,0.19246087,-0.04846884,-0.14897415,-0.18235184,0.05479611,0.15085366,0.16698552,-0.05954359,-0.14838399,-0.14680493,0.06257440,0.14163635,0.12239188,-0.02389111,-0.00748781,-0.43954991,0.03299128,0.25695055,-0.04610677,-0.04107194,-0.02241338,-0.42265914,0.04790328,0.26371253,-0.07383838,-0.05329277,-0.02080543,-0.38486631,0.05709071,0.25377203,-0.12062264,-0.41111345,-0.53601711,0.07556792,0.36514565,0.36167545,-0.32221167,-0.30865054,-0.17690652,0.55956591,0.24325688,-0.01296271,-0.78078761,-0.17085002,0.20245822,0.97949883,0.09351747,-0.38611677,-1.14997064,-0.05862277,0.02235052,-0.99803083,-0.01007722,0.03132434,-0.04741602,-0.05208176,0.00000000,-0.05399951
10004740000000,synthetic_50hz_01,237,0.02,95.74647312,96.97057698,13.39194866,13.29545079,13.24054231,2.63417042,126.40742210,1,1,0,0,1,0.70940219,0.00000000,-0.04844085,-0.03842304,-0.14029782,-0.19405706,0.04647906,0.14759384,0.18542442,-0.05319506,-0.15063466,-0.17144591,0.05837743,0.14933261,0.15252454,-0.06187675,-0.14372523,-0.12920581,0.06359213,0.13397419,0.10216201,-0.03046413,-0.01531620,-0.43663280,0.03871407,0.26177870,-0.05309445,-0.04577942,-0.02410240,-0.41180277,0.05145955,0.26221398,-0.08825001,-0.05559510,-0.01616270,-0.36731535,0.05807243,0.24611913,-0.14080651,-0.37797158,-0.40907663,0.25616599,0.32424349,0.22689188,-0.49631098,-0.26116732,-0.03816573,0.72214710,0.19056157,-0.15166076,-0.92716337,-0.11446184,0.33711479,1.10544909,0.03506212,-0.51284965,-1.25186420,-0.05879602,0.02254839,-0.99801621,-0.00971350,0.03110269,-0.04844085,-0.05254684,0.00000000,-0.05344789
10004760000000,synthetic_50hz_01,238,0.02,95.75461980,96.72738554,13.32835799,13.24054231,13.17369424,2.64372693,126.40976650,1,1,0,0,1,0.70830557,0.00000000,-0.04945328,-0.04437773,-0.14589267,-0.18812637,0.05147092,0.15009622,0.17557455,-0.05708017,-0.14997243,-0.15796083,0.06104378,0.14552486,0.13579303,-0.06324746,-0.13688174,-0.10971025,0.06362769,0.12429225,0.08046448,-0.03641395,-0.02094995,-0.43074902,0.04369415,0.26431526,-0.06289562,-0.04964606,-0.02346893,-0.39836723,0.05410112,0.25842899,-0.10493214,-0.05693522,-0.00933553,-0.34786803,0.05807220,0.23644674,-0.16245793,-0.33923555,-0.27666618,0.43166932,0.27862243,0.08948763,-0.66166785,-0.20997649,0.10027088,0.87259018,0.13527684,-0.28713854,-1.05835533,-0.05667709,0.46572786,1.21360760,-0.02355669,-0.63089003,-1.33387100,-0.05896687,0.02273894,-0.99800183,-0.00934663,0.03087494,-0.04945328,-0.05300373,0.00000000,-0.05288259
10004780000000,synthetic_50hz_01,239,0.02,95.47871091,96.47765062,13.26339922,13.17369424,13.10833520,2.65323446,126.41179350,1,1,0,0,1,0.70720062,0.00000000,-0.05045305,-0.04962482,-0.14923195,-0.17935361,0.05565175,0.15029449,0.16309405,-0.06007421,-0.14702397,-0.14213241,0.06276471,0.13951468,0.11707303,-0.06364567,-0.12798312,-0.08863837,0.06269169,0.11276175,0.05764823,-0.04165648,-0.02432832,-0.42202307,0.04786349,0.26454792,-0.07532746,-0.05262192,-0.02054948,-0.38258834,0.05579754,0.25244186,-0.12360273,-0.05730307,-0.00045353,-0.32684445,0.05710062,0.22492609,-0.18522794,-0.29557055,-0.14088575,0.59945163,0.22904208,-0.04839699,-0.81585801,-0.15591021,0.23628442,1.00874282,0.07828338,-0.41735967,-1.17254511,0.00160040,0.58640224,1.30254238,-0.08143803,-0.73853855,-1.39498674,-0.05913530,0.02292213,-0.99798769,-0.00897674,0.03064114,-0.05045305,-0.05345243,0.00000000,-0.05230376
10004800000000,synthetic_50hz_01,240,0.02,95.38917046,96.25995458,13.19827233,13.10833520,13.03741533,2.66269362,126.41350565,1,1,0,0,1,0.70608752,0.00000000,-0.05143990,-0.05409250,-0.15029048,-0.16790460,0.05896716,0.14821183,0.14820275,-0.06214176,-0.14186016,-0.12422815,0.06352479,0.13141859,0.09667199,-0.06307637,-0.11718817,-0.06632874,0.06080943,0.09957916,0.03407319,-0.04611991,-0.02542614,-0.41062077,0.05116772,0.26249988,-0.09017016,-0.05467158,-0.01541493,-0.36473359,0.05653338,0.24436909,-0.14395433,-0.05670367,0.01032452,-0.30458318,0.05518299,0.21175365,-0.20875665,-0.24770476,-0.00384711,0.75705507,0.17630836,-0.18465504,-0.95667468,-0.09982892,0.36783349,1.12871291,0.02047136,-0.54040714,-1.26820983,0.05947640,0.69740059,1.37114366,-0.13770943,-0.83428766,-1.43454678,-0.05930126,0.02309790,-0.99797381,-0.00860393,0.03040133,-0.05143990,-0.05389292,0.00000000,-0.05171153
10004820000000,synthetic_50hz_01,241,0.02,94.85820563,95.97960479,13.13071239,13.03741533,12.97924911,2.67210460,126.41490550,1,1,0,0,1,0.70496644,0.00000000,-0.05241358,-0.05772211,-0.14907824,-0.15398292,0.06137687,0.14390570,0.13115326,-0.06326211,-0.13458429,-0.10454240,0.06332347,0.12138275,0.07491753,-0.06155919,-0.10468169,-0.04313275,0.05802013,0.08496261,0.01010444,-0.04974556,-0.02425337,-0.39674568,0.05356654,0.25822859,-0.10717112,-0.05577432,-0.00816856,-0.34509733,0.05630809,0.23435682,-0.16565934,-0.05515663,0.02281382,-0.28143564,0.05235853,0.19714755,-0.23267896,-0.19641649,0.13235906,0.90222380,0.12125992,-0.31724451,-1.08215697,-0.04260737,0.49298365,1.23089106,-0.03727356,-0.65450984,-1.34413798,0.11607989,0.79716620,1.41863278,-0.19153958,-0.91683990,-1.45222773,-0.05946473,0.02326618,-0.99796019,-0.00822834,0.03015557,-0.05241358,-0.05432521,0.00000000,-0.05110606
10004840000000,synthetic_50hz_01,242,0.02,94.80681019,95.74504587,13.06709781,12.97924911,12.91360700,2.68146806,126.41599561,1,1,0,0,1,0.70383753,0.00000000,-0.05337385,-0.06046865,-0.14563930,-0.13782588,0.06285500,0.13746612,0.11222631,-0.06342921,-0.12532973,-0.08339120,0.06217473,0.10958002,0.05215188,-0.05912772,-0.09067106,-0.01940901,0.05437603,0.06914802,-0.01389344,-0.05248846,-0.02085409,-0.38063514,0.05503408,0.25182407,-0.12604961,-0.05592410,0.00105624,-0.32399560,0.05513564,0.22257795,-0.18837550,-0.05269554,0.03680696,-0.25776040,0.04867950,0.18134372,-0.25663028,-0.14252106,0.26569455,1.03293332,0.06475444,-0.44421790,-1.19061365,0.01487907,0.60993425,1.31396803,-0.09408362,-0.75806590,-1.39944010,0.17057569,0.88434217,1.44456566,-0.24214999,-0.98512243,-1.44804372,-0.05962566,0.02342693,-0.99794685,-0.00785008,0.02990389,-0.05337385,-0.05474926,0.00000000,-0.05048752
10004860000000,synthetic_50hz_01,243,0.02,94.54758565,95.50555383,13.00263167,12.91360700,12.85056587,2.69078442,126.41677854,1,1,0,0,1,0.70270096,0.00000000,-0.05432045,-0.06230120,-0.14005040,-0.11970017,0.06339010,0.12901356,0.09172584,-0.06265144,-0.11425719,-0.06110701,0.06010651,0.09620674,0.02872643,-0.05582868,-0.07538260,0.00448234,0.04994129,0.05238515,-0.03756188,-0.05431767,-0.01530503,-0.36255582,0.05555890,0.24340677,-0.14650167,-0.05512930,0.01209878,-0.30176085,0.05304399,0.20922879,-0.21175145,-0.04936714,0.05207765,-0.23391762,0.04421004,0.16459190,-0.28025206,-0.08685744,0.39420326,1.14741538,0.00765517,-0.56374942,-1.28064196,0.07176781,0.71704242,1.37694702,-0.14912169,-0.84966275,-1.43355407,0.22217631,0.95778692,1.44883108,-0.28882550,-1.03829764,-1.42233762,-0.05978402,0.02358008,-0.99793378,-0.00746928,0.02964635,-0.05432045,-0.05516508,0.00000000,-0.04985604
10004880000000,synthetic_50hz_01,244,0.02,94.85119729,95.37468252,12.93876404,12.85056587,12.76906881,2.70005413,126.41725686,1,1,0,0,1,0.70155690,0.00000000,-0.05525315,-0.06320300,-0.13241895,-0.09989711,0.06298500,0.11869634,0.06997389,-0.06095112,-0.10155166,-0.03803329,0.05715999,0.08147920,0.00499617,-0.05172091,-0.05905765,0.02818499,0.04479069,0.03493345,-0.06055357,-0.05521645,-0.00771360,-0.34279904,0.05514382,0.23312505,-0.16820529,-0.05341224,0.02477407,-0.27873655,0.05007431,0.19452564,-0.23543219,-0.04523024,0.06838455,-0.21026359,0.03902495,0.14715155,-0.30319698,-0.03027501,0.51603864,1.24417809,-0.04918228,-0.67415940,-1.35114143,0.12722163,0.81284383,1.41915074,-0.20159312,-0.92809359,-1.44624526,0.27015259,1.01658599,1.43164387,-0.33092343,-1.07576973,-1.37576751,-0.05993978,0.02372560,-0.99792101,-0.00708605,0.02938301,-0.05525315,-0.05557266,0.00000000,-0.04921181
10004900000000,synthetic_50hz_01,245,0.02,94.32885289,95.16551660,12.86749204,12.76906881,12.70524424,2.70927659,126.41743316,1,1,0,0,1,0.70040552,0.00000000,-0.05617170,-0.06317138,-0.12288076,-0.07872770,0.06165640,0.10668782,0.04730533,-0.05836384,-0.08741903,-0.01451912,0.05338861,0.06562991,-0.01868568,-0.04687417,-0.04194865,0.05135177,0.03900833,0.01705798,-0.08253736,-0.05518211,0.00178439,-0.32167579,0.05380553,0.22115223,-0.19082559,-0.05080850,0.03887621,-0.25527178,0.04628004,0.17870102,-0.25906451,-0.04035464,0.08547522,-0.18714551,0.03320831,0.12928774,-0.32513391,0.02637944,0.62948855,1.32202129,-0.10492253,-0.77393578,-1.40132274,0.18044066,0.89607007,1.44022340,-0.25075661,-0.99237025,-1.43760175,0.31384312,1.06005993,1.39353337,-0.36788139,-1.09718759,-1.30928877,-0.06009290,0.02386343,-0.99790853,-0.00670054,0.02911390,-0.05617170,-0.05597198,0.00000000,-0.04855497
10004920000000,synthetic_50hz_01,246,0.02,93.91120626,94.91465453,12.79934796,12.70524424,12.65286829,2.71845172,126.41731002,1,1,0,0,1,0.69924697,0.00000000,-0.05707588,-0.06221747,-0.11159726,-0.05651757,0.05943430,0.09318317,0.02406260,-0.05493760,-0.07208257,0.00908611,0.04885703,0.04890379,-0.04197285,-0.04136789,-0.02431510,0.07364951,0.03268609,-0.00097462,-0.10320281,-0.05422579,0.01302751,-0.29951171,0.05157405,0.20768349,-0.21402013,-0.04736611,0.05418195,-0.23171592,0.04172584,0.16199982,-0.28230213,-0.03481973,0.10309014,-0.16489651,0.02685203,0.11126709,-0.34575240,0.08227426,0.73299737,1.38004696,-0.15876238,-0.86175234,-1.43071146,0.23067331,0.96566259,1.44012788,-0.29593381,-1.04173233,-1.40802473,0.35266241,1.08776845,1.33532758,-0.39922359,-1.10244369,-1.22413232,-0.06024334,0.02399353,-0.99789636,-0.00631285,0.02883909,-0.05707588,-0.05636304,0.00000000,-0.04788571
10004940000000,synthetic_50hz_01,247,0.02,94.10687784,94.75309919,12.73782650,12.65286829,12.58791555,2.72758030,126.41689003,1,1,0,0,1,0.69808143,0.00000000,-0.05796544,-0.06036567,-0.09875257,-0.03360179,0.05636122,0.07839597,0.00059049,-0.05073185,-0.05577918,0.03243784,0.04363986,0.03155425,-0.06453098,-0.03528971,-0.00641959,0.09476365,0.02592214,-0.01890015,-0.12226424,-0.05237188,0.02583163,-0.27664187,0.04849189,0.19293242,-0.23744412,-0.04314449,0.07045437,-0.20841352,0.03648633,0.14467547,-0.30481068,-0.02871318,0.12096674,-0.14383117,0.02005425,0.09335381,-0.36476677,0.13660486,0.82518497,1.41766484,-0.20994185,-0.93648359,-1.43914712,0.27722612,1.02078296,1.41913811,-0.33651784,-1.07565267,-1.35821468,0.38610759,1.09951082,1.25813330,-0.42456567,-1.09166955,-1.12177934,-0.06039108,0.02411586,-0.99788449,-0.00592311,0.02855862,-0.05796544,-0.05674581,0.00000000,-0.04720419
10004960000000,synthetic_50hz_01,248,0.02,94.16982822,94.63644500,12.67486390,12.58791555,12.51984206,2.73666277,126.41617580,1,1,0,0,1,0.69690907,0.00000000,-0.05884016,-0.05765300,-0.08455026,-0.01031978,0.05249133,0.06255470,-0.02276899,-0.04581630,-0.03875565,0.05520133,0.03782037,0.01383927,-0.08604218,-0.02873405,0.01147611,0.11440240,0.01881933,-0.03646063,-0.13946434,-0.04965741,0.03999321,-0.25340569,0.04461322,0.17712748,-0.26075556,-0.03821336,0.08744669,-0.18569934,0.03064477,0.12698594,-0.32627231,-0.02212941,0.13884325,-0.12424128,0.01291784,0.07580587,-0.38191971,0.18860480,0.90486257,1.43459323,-0.25775427,-0.99721620,-1.42677752,0.31947256,1.06081962,1.37782715,-0.37198030,-1.09383912,-1.28915338,0.41376368,1.09532272,1.16331272,-0.44361806,-1.06522767,-1.00393321,-0.06053608,0.02423037,-0.99787295,-0.00553146,0.02827256,-0.05884016,-0.05712030,0.00000000,-0.04651058
10004980000000,synthetic_50hz_01,249,0.02,94.29244453,94.56764490,12.60975473,12.51984206,12.44927252,2.74569922,126.41516993,1,1,0,0,1,0.69573004,0.00000000,-0.05969982,-0.05412827,-0.06920986,0.01298975,0.04788930,0.04589897,-0.04568148,-0.04026967,-0.02126480,0.07705619,0.03148904,-0.00398245,-0.10620933,-0.02180056,0.02911488,0.13230041,0.01148357,-0.05340792,-0.15457721,-0.04613118,0.05529270,-0.23014185,0.04000272,0.16050830,-0.28362008,-0.03265144,0.10490609,-0.16389374,0.02429165,0.10918995,-0.34638988,-0.01516806,0.15646254,-0.10639217,0.00554871,0.05887143,-0.39698532,0.23755608,0.97104515,1.43085525,-0.30155520,-1.04325688,-1.39404877,0.35686035,1.08539102,1.31705122,-0.40187705,-1.09623283,-1.20208246,0.43530745,1.07546974,1.05245711,-0.45618773,-1.02370036,-0.87248893,-0.06067830,0.02433704,-0.99786173,-0.00513802,0.02798096,-0.05969982,-0.05748650,0.00000000,-0.04580507
10005000000000,synthetic_50hz_01,250,0.02,93.95473306,94.44506253,12.54235220,12.44927252,12.39687121,2.75468945,126.41387503,1,1,0,0,1,0.69454452,0.00000000,-0.06054420,-0.04985105,-0.05296338,0.03599370,0.04262921,0.02867590,-0.06782494,-0.03417835,-0.00356168,0.09770075,0.02474211,-0.02165522,-0.12475981,-0.01459254,0.04624780,0.14822198,0.00402226,-0.06950703,-0.16741085,-0.04185278,0.07149809,-0.20718349,0.03473446,0.14332198,-0.30571566,-0.02654513,0.12257753,-0.14329841,0.01752320,0.09154315,-0.36489077,-0.00793243,0.17357570,-0.09051956,-0.00194574,0.04278546,-0.40977162,0.28279822,1.02296062,1.40677076,-0.34077024,-1.07413689,-1.34169118,0.38891769,1.09434528,1.23793003,-0.42585247,-1.08300319,-1.09847877,0.45050972,1.04043762,0.92735785,-0.46217857,-0.96787574,-0.72950078,-0.06081772,0.02443582,-0.99785084,-0.00474291,0.02768387,-0.06054420,-0.05784438,0.00000000,-0.04508783
10005020000000,synthetic_50hz_01,251,0.02,93.89521062,94.33509215,12.48125018,12.39687121,12.35152333,2.76363407,126.41229373,1,1,0,0,1,0.69335268,0.00000000,-0.06137308,-0.04489060,-0.03605164,0.05836916,0.03679316,0.01113629,-0.08889396,-0.02763496,0.01410012,0.11685591,0.01768003,-0.03893002,-0.14144884,-0.00721538,0.06263755,0.16196375,-0.00345730,-0.08453922,-0.17780916,-0.03689145,0.08836857,-0.18485349,0.02889054,0.12581933,-0.32673687,-0.01998704,0.14020741,-0.12419245,0.01043989,0.07429460,-0.38153021,-0.00052792,0.18994542,-0.07682680,-0.00945822,0.02776671,-0.42012249,0.32373640,1.06005547,1.36294419,-0.37490146,-1.08961304,-1.27070155,0.41525793,1.08775655,1.14182399,-0.44364233,-1.05453954,-0.98002712,0.45923631,0.99091966,0.78997560,-0.46159029,-0.89873111,-0.57714873,-0.06095430,0.02452669,-0.99784029,-0.00434626,0.02738136,-0.06137308,-0.05819395,0.00000000,-0.04435905
10005040000000,synthetic_50hz_01,252,0.02,93.88714220,94.24550216,12.42676491,12.35152333,12.31334486,2.77253444,126.41042865,1,1,0,0,1,0.69215468,0.00000000,-0.06218625,-0.03932464,-0.01872065,0.07980782,0.03047001,-0.00646896,-0.10860373,-0.02073691,0.03147207,0.13426854,0.01040596,-0.05556783,-0.15606233,0.00022499,0.07806153,0.17335677,-0.01084947,-0.09830469,-0.18565325,-0.03132492,0.10565814,-0.16346016,0.02255983,0.10825124,-0.34639892,-0.01307459,0.15754721,-0.10682896,0.00314486,0.05768330,-0.39609410,0.00693955,0.20534908,-0.06548283,-0.01688307,0.01401496,-0.42791906,0.35984823,1.08199713,1.30024866,-0.40353261,-1.08966544,-1.18232210,0.43558296,1.06591820,1.03030865,-0.45507525,-1.01144004,-0.84859091,0.46144750,0.92780158,0.64240790,-0.45451601,-0.81741418,-0.41770398,-0.06108801,0.02460961,-0.99783009,-0.00394820,0.02707348,-0.06218625,-0.05853519,0.00000000,-0.04361892
10005060000000,synthetic_50hz_01,253,0.02,93.69084574,94.13457088,12.37912849,12.31334486,12.29184402,2.78139250,126.40828242,1,1,0,0,1,0.69095068,0.00000000,-0.06298349,-0.03323802,-0.00121798,0.10001998,0.02375386,-0.02389246,-0.12669357,-0.01358487,0.04831407,0.14971452,0.00302423,-0.07134277,-0.16841912,0.00762361,0.09231462,0.18226813,-0.01805166,-0.11062500,-0.19086226,-0.02523804,0.12311921,-0.14329320,0.01583642,0.09086511,-0.36444112,-0.00590844,0.17435682,-0.09143210,-0.00425756,0.04193511,-0.40840129,0.01436500,0.21958156,-0.05662057,-0.02411772,0.00170868,-0.43308046,0.39068938,1.08867309,1.21980675,-0.42633298,-1.07449213,-1.07801661,0.44968520,1.02933305,0.90514676,-0.46007278,-0.95449783,-0.70618110,0.45719626,0.85214398,0.48685592,-0.44113855,-0.72522243,-0.25349444,-0.06121883,0.02468456,-0.99782023,-0.00354887,0.02676029,-0.06298349,-0.05886809,0.00000000,-0.04286762
10005080000000,synthetic_50hz_01,254,0.02,93.08165298,93.92398730,12.34246901,12.29184402,12.30330833,2.79021127,126.40585770,1,1,0,0,1,0.68974086,0.00000000,-0.06376462,-0.02672140,0.01621073,0.11873816,0.01674270,-0.04089369,-0.14293000,-0.00628130,0.06439767,0.16300110,-0.00436119,-0.08604503,-0.17837281,0.01487794,0.10521167,0.18860194,-0.02496576,-0.12134501,-0.19339359,-0.01872147,0.14050616,-0.12462011,0.00881831,0.07390144,-0.38063001,0.00140895,0.19040779,-0.07819458,-0.01166337,0.02725988,-0.41830537,0.02164591,0.23245773,-0.05033590,-0.03106405,-0.00899701,-0.43556409,0.41589783,1.08018694,1.12296830,-0.44305984,-1.04450069,-0.95944412,0.45744822,0.97870101,0.76825873,-0.45864816,-0.88468492,-0.55492408,0.44662506,0.76516295,0.32559071,-0.42172555,-0.62358098,-0.08687041,-0.06134671,0.02475151,-0.99781073,-0.00314839,0.02644186,-0.06376462,-0.05919265,0.00000000,-0.04210534
10005100000000,synthetic_50hz_01,255,0.02,92.80669685,93.70052921,12.32602153,12.30330833,12.33226337,2.79899574,126.40315711,1,1,0,0,1,0.68852539,0.00000000,-0.06452942,-0.01986982,0.03332519,0.13572030,0.00953687,-0.05724221,-0.15710939,0.00107103,0.07950891,0.17396895,-0.01164805,-0.09948334,-0.18581290,0.02188926,0.11658961,0.19229978,-0.03149938,-0.13033455,-0.19324256,-0.01187024,0.15757869,-0.10768292,0.00160583,0.05759069,-0.39476194,0.00877480,0.20548619,-0.06727575,-0.01897035,0.01384884,-0.42569587,0.02868353,0.24381451,-0.04668724,-0.03762965,-0.01797193,-0.43536528,0.43519690,1.05685135,1.01128575,-0.45355967,-1.00029731,-0.82843073,0.45884609,0.91490423,0.62169166,-0.45090377,-0.80313403,-0.39702893,0.42996168,0.66820910,0.16091967,-0.39662360,-0.51401940,0.07982898,-0.06147164,0.02481045,-0.99780159,-0.00274688,0.02611824,-0.06452942,-0.05950885,0.00000000,-0.04133228
10005120000000,synthetic_50hz_01,256,0.02,92.72732635,93.50588864,12.32864310,12.33226337,12.37114064,2.80775241,126.40018332,1,1,0,0,1,0.68730443,0.00000000,-0.06527770,-0.01278128,0.04989362,0.15075255,0.00223766,-0.07272062,-0.16906006,0.00837048,0.09345104,0.18249349,-0.01873729,-0.11148723,-0.19066554,0.02856389,0.12630919,0.19334062,-0.03756699,-0.13748960,-0.19044160,-0.00478235,0.17410504,-0.09269550,-0.00569974,0.04215025,-0.40666523,0.01608747,0.21939524,-0.05880018,-0.02607943,0.00187249,-0.43049892,0.03538423,0.25351265,-0.04569562,-0.04372900,-0.02511206,-0.43251645,0.44839692,1.01917853,0.88648739,-0.45776800,-0.94267322,-0.68693990,0.45394142,0.83899020,0.46758761,-0.43702749,-0.71111870,-0.23475455,0.40751386,0.56274532,-0.00484659,-0.36625141,-0.39814772,0.24430800,-0.06159357,0.02486135,-0.99779281,-0.00234449,0.02578951,-0.06527770,-0.05981669,0.00000000,-0.04054865
10005140000000,synthetic_50hz_01,257,0.02,92.60362136,93.32543518,12.34649207,12.37114064,12.42214968,2.81648854,126.39693899,1,1,0,0,1,0.68607815,0.00000000,-0.06600927,-0.00555530,0.06569580,0.16365152,-0.00505415,-0.08712723,-0.17864386,0.01551790,0.10604673,0.18848582,-0.02553425,-0.12190887,-0.19289364,0.03481445,0.13425631,0.19174025,-0.04309092,-0.14273308,-0.18505890,0.00244265,0.18986496,-0.07984122,-0.01299759,0.02778180,-0.41620176,0.02324782,0.23195762,-0.05285677,-0.03289595,-0.00852136,-0.43267743,0.04166057,0.26143806,-0.04734524,-0.04928445,-0.03034034,-0.42708581,0.45539563,0.96786800,0.75044898,-0.45570808,-0.87258913,-0.53704187,0.44288225,0.75215310,0.30815160,-0.41728792,-0.61003215,-0.07037718,0.37966298,0.45032369,-0.16942625,-0.33109218,-0.27763218,0.40434505,-0.06171249,0.02490419,-0.99778440,-0.00194134,0.02545572,-0.06600927,-0.06011616,0.00000000,-0.03975463
10005160000000,synthetic_50hz_01,258,0.02,92.66908976,93.19416610,12.37826827,12.42214968,12.47695972,2.82521183,126.39342677,1,1,0,0,1,0.68484672,0.00000000,-0.06672395,0.00170841,0.08052575,0.17426606,-0.01223961,-0.10027847,-0.18575731,0.02241794,0.11714011,0.19189310,-0.03194994,-0.13062455,-0.19249652,0.04056082,0.14034302,0.18755017,-0.04800230,-0.14601534,-0.17719666,0.00970510,0.20465250,-0.06927123,-0.02018878,0.01466892,-0.42326802,0.03016049,0.24301746,-0.04949836,-0.03933091,-0.01720900,-0.43223073,0.04743247,0.26750278,-0.05158462,-0.05422711,-0.03360711,-0.41917555,0.45617745,0.90379234,0.60516425,-0.44748832,-0.79115774,-0.38088248,0.42589790,0.65571369,0.14561970,-0.39202864,-0.50136511,0.09384138,0.34685701,0.33256194,-0.33059696,-0.29168534,-0.15417085,0.55782128,-0.06182836,0.02493897,-0.99777637,-0.00153755,0.02511695,-0.06672395,-0.06040724,0.00000000,-0.03895044
10005180000000,synthetic_50hz_01,259,0.02,92.28158245,93.01164937,12.41971868,12.47695972,12.55183116,2.83392981,126.38964933,1,1,0,0,1,0.68361030,0.00000000,-0.06742154,0.00891142,0.09419425,0.18247860,-0.01922294,-0.11201095,-0.19033218,0.02898025,0.12659833,0.19269840,-0.03790204,-0.13753582,-0.18950903,0.04573111,0.14450809,0.18085603,-0.05224172,-0.14731412,-0.16698886,0.01690652,0.21827843,-0.06110312,-0.02717753,0.00297498,-0.42779580,0.03673513,0.25244192,-0.04874188,-0.04530200,-0.02409197,-0.42919368,0.05262803,0.27164558,-0.05832809,-0.05849756,-0.03489010,-0.40891966,0.45081144,0.82798084,0.45271476,-0.43329870,-0.69962470,-0.22065197,0.40329376,0.55109805,-0.01777231,-0.36166167,-0.38668299,0.25568421,0.30960271,0.21111967,-0.48622462,-0.24861776,-0.02946968,0.70274694,-0.06194116,0.02496567,-0.99776871,-0.00113327,0.02477325,-0.06742154,-0.06068994,0.00000000,-0.03813628
10005200000000,synthetic_50hz_01,260,0.02,91.66783456,92.74288641,12.47520592,12.55183116,12.64964095,2.84265043,126.38560937,1,1,0,0,1,0.68236908,0.00000000,-0.06810187,0.01595777,0.10653096,0.18820589,-0.02591271,-0.12218320,-0.19233554,0.03512059,0.13431285,0.19092008,-0.04331591,-0.14257020,-0.18400030,0.05026242,0.14671718,0.17177570,-0.05575984,-0.14663423,-0.15459873,0.02395098,0.23057241,-0.05542011,-0.03387244,-0.00715852,-0.42975217,0.04288751,0.26012245,-0.05056896,-0.05073458,-0.02909780,-0.42363539,0.05718435,0.27383213,-0.06745777,-0.06204648,-0.03419413,-0.39648135,0.43944828,0.74160167,0.29523938,-0.41340611,-0.59934841,-0.05855416,0.37544525,0.43981565,-0.17981920,-0.32666013,-0.26760280,0.41300829,0.26845725,0.08767483,-0.63429016,-0.20251461,0.09478084,0.83728515,-0.06205086,0.02498429,-0.99776143,-0.00072862,0.02442469,-0.06810187,-0.06096424,0.00000000,-0.03731235
10005220000000,synthetic_50hz_01,261,0.02,91.40756935,92.47582299,12.54846863,12.64964095,12.74936164,2.85138245,126.38130954,1,1,0,0,1,0.68112320,0.00000000,-0.06876477,0.02275526,0.11738629,0.19139936,-0.03222304,-0.13067704,-0.19176945,0.04076180,0.14020031,0.18661073,-0.04812539,-0.14568154,-0.17607195,0.05410149,0.14696270,0.16045692,-0.05851783,-0.14400686,-0.14021585,0.03074628,0.24138486,-0.05227078,-0.04018758,-0.01561342,-0.42913918,0.04854046,0.26597570,-0.05492701,-0.05556247,-0.03218034,-0.41565750,0.06104815,0.27405484,-0.07882594,-0.06483502,-0.03155039,-0.38205023,0.42231618,0.64594262,0.13490412,-0.38814885,-0.49177885,0.10322357,0.34279101,0.32343687,-0.33837527,-0.28755034,-0.14577005,0.56377146,0.22401946,-0.03609939,-0.77291385,-0.15403000,0.21692807,0.95977278,-0.06215743,0.02499481,-0.99775454,-0.00032374,0.02407135,-0.06876477,-0.06123013,0.00000000,-0.03647887
10005240000000,synthetic_50hz_01,262,0.02,91.08630248,92.19791889,12.63284370,12.74936164,12.84905569,2.86013444,126.37675255,1,1,0,0,1,0.67987285,0.00000000,-0.06941007,0.02921661,0.12663291,0.19204492,-0.03807451,-0.13739861,-0.18867002,0.04583471,0.14420305,0.17985567,-0.05227347,-0.14685004,-0.16585600,0.05720516,0.14526329,0.14707463,-0.06048760,-0.13948852,-0.12405302,0.03720511,0.25058844,-0.05166922,-0.04604356,-0.02229586,-0.42599297,0.05362480,0.26994400,-0.06173072,-0.05972868,-0.03331979,-0.40539203,0.06417628,0.27233234,-0.09225764,-0.06683510,-0.02701539,-0.36583909,0.39971589,0.54239089,-0.02612760,-0.35793030,-0.37843594,0.26253916,0.30582542,0.20357050,-0.49138159,-0.24490345,-0.02283603,0.70605725,0.17692079,-0.15855681,-0.90037696,-0.10383743,0.33537839,1.06873838,-0.06226084,0.02499723,-0.99774804,0.00008125,0.02371329,-0.06941007,-0.06148762,0.00000000,-0.03563605
10005260000000,synthetic_50hz_01,263,0.02,90.86695912,91.93172694,12.72365273,12.84905569,12.94065811,2.86891425,126.37194109,1,1,0,0,1,0.67861819,0.00000000,-0.07003759,0.03526042,0.13416688,0.19016238,-0.04339516,-0.14227906,-0.18310623,0.05027879,0.14628928,0.17077104,-0.05571286,-0.14608191,-0.15351244,0.05954071,0.14166292,0.13182801,-0.06165197,-0.13315973,-0.10634291,0.04324612,0.25807922,-0.05359561,-0.05136841,-0.02713700,-0.42038249,0.05808002,0.27199558,-0.07086393,-0.06318593,-0.03252236,-0.39299896,0.06653603,0.26870862,-0.10755370,-0.06802953,-0.02066965,-0.34808059,0.37201488,0.43241218,-0.18572361,-0.32321196,-0.26088754,0.41732319,0.26509069,0.08184139,-0.63689115,-0.19932673,0.09956428,0.83809725,0.12781609,-0.27809947,-1.01514061,-0.05262045,0.44861692,1.16291699,-0.06236108,0.02499156,-0.99774192,0.00048621,0.02335058,-0.07003759,-0.06173669,0.00000000,-0.03478412
10005280000000,synthetic_50hz_01,264,0.02,90.98138047,91.74165764,12.81479499,12.94065811,13.00909727,2.87772836,126.36687784,1,1,0,0,1,0.67735939,0.00000000,-0.07064719,0.04081220,0.13990852,0.18580436,-0.04812119,-0.14527488,-0.17517819,0.05404283,0.14645290,0.15950156,-0.05840639,-0.14340861,-0.13922641,0.06108606,0.13622979,0.11493731,-0.06200459,-0.12512339,-0.08733451,0.04879478,0.26377753,-0.05799735,-0.05609835,-0.03009332,-0.41240787,0.06185490,0.27212433,-0.08218194,-0.06589701,-0.02981952,-0.37866344,0.06810531,0.26325185,-0.12449387,-0.06841199,-0.01261608,-0.32902374,0.33964087,0.31752935,-0.34181038,-0.28450589,-0.14072757,0.56560446,0.22116848,-0.04013144,-0.77309190,-0.15145467,0.21983344,0.95829074,0.07737435,-0.39319755,-1.11586161,-0.00106330,0.55522559,1.24126167,-0.06245812,0.02497779,-0.99773620,0.00089101,0.02298330,-0.07064719,-0.06197734,0.00000000,-0.03392327
10005300000000,synthetic_50hz_01,265,0.02,91.32996287,91.65931869,12.89640195,13.00909727,13.04666970,2.88658088,126.36156551,1,1,0,0,1,0.67609662,0.00000000,-0.07123870,0.04580511,0.14380287,0.17905487,-0.05219767,-0.14636785,-0.16501515,0.05708534,0.14471297,0.14621797,-0.06032721,-0.13888596,-0.12320526,0.06182982,0.12905479,0.09664048,-0.06154985,-0.11550292,-0.06728951,0.05378427,0.26762839,-0.06479041,-0.06017841,-0.03114660,-0.40219835,0.06490794,0.27034931,-0.09551398,-0.06783510,-0.02526707,-0.36259282,0.06887273,0.25605296,-0.14284018,-0.06798682,-0.00297808,-0.30893023,0.30307468,0.19930106,-0.49239880,-0.24236675,-0.01955448,0.70553337,0.17467127,-0.16075587,-0.89832708,-0.10193994,0.33643154,1.06522160,0.02626963,-0.50240774,-1.20140529,0.05015805,0.65389929,1.30295190,-0.06255192,0.02495593,-0.99773087,0.00129553,0.02261151,-0.07123870,-0.06220956,0.00000000,-0.03305374
10005320000000,synthetic_50hz_01,266,0.02,91.40874528,91.60920401,12.95951440,13.04666970,13.06712986,2.89547284,126.35600681,1,1,0,0,1,0.67483005,0.00000000,-0.07181198,0.05018071,0.14581984,0.17002749,-0.05557898,-0.14556473,-0.15277313,0.05937487,0.14111292,0.13111425,-0.06145897,-0.13259276,-0.10567529,0.06177117,0.12024989,0.07718966,-0.06030248,-0.10444016,-0.04647861,0.05815614,0.26960173,-0.07386121,-0.06356301,-0.03030361,-0.38990996,0.06720772,0.26671395,-0.11066609,-0.06898384,-0.01894384,-0.34501341,0.06883747,0.24722389,-0.16234051,-0.06676877,0.00810250,-0.28807076,0.26284268,0.07930055,-0.63560801,-0.19738350,0.10104976,0.83540306,0.12623367,-0.27848677,-1.01111305,-0.05144446,0.44789487,1.15767218,-0.02482791,-0.60438995,-1.27085508,0.10038449,0.74346019,1.34739864,-0.06264247,0.02492599,-0.99772594,0.00169963,0.02223529,-0.07181198,-0.06243334,0.00000000,-0.03217575
10005340000000,synthetic_50hz_01,267,0.02,91.45641066,91.57864534,13.00471290,13.06712986,13.07321156,2.90440285,126.35020445,1,1,0,0,1,0.67355985,0.00000000,-0.07236687,0.05388947,0.14595401,0.15886323,-0.05822924,-0.14289658,-0.13863230,0.06089023,0.13571938,0.11440455,-0.06179573,-0.12462932,-0.08687846,0.06091963,0.10994614,0.05684762,-0.05828719,-0.09209316,-0.02517784,0.06186086,0.26969212,-0.08506875,-0.06621625,-0.02759541,-0.37572287,0.06873301,0.26128489,-0.12742412,-0.06933730,-0.01095011,-0.32616716,0.06800905,0.23689571,-0.18273207,-0.06478256,0.02046759,-0.26672135,0.21950884,-0.04090508,-0.76968708,-0.15017098,0.21953970,0.95366800,0.07650362,-0.39184488,-1.11015423,-0.00063062,0.55285299,1.23463419,-0.07526055,-0.69792209,-1.32351908,0.14898193,0.82286978,1.37424629,-0.06272975,0.02488797,-0.99772141,0.00210317,0.02185471,-0.07236687,-0.06264869,0.00000000,-0.03128953
10005360000000,synthetic_50hz_01,268,0.02,91.04592755,91.47210178,13.03348233,13.07321156,13.08405008,2.91336767,126.34416114,1,1,0,0,1,0.67228619,0.00000000,-0.07290324,0.05689123,0.14422417,0.14572807,-0.06012252,-0.13841782,-0.12279413,0.06162046,0.12862082,0.09631997,-0.06134185,-0.11511562,-0.06706887,0.05929473,0.09829159,0.03588414,-0.05553811,-0.07863376,-0.00366485,0.06485827,0.26791835,-0.09824702,-0.06811221,-0.02307642,-0.35983854,0.06947287,0.25415059,-0.14555695,-0.06889983,-0.00140589,-0.30630818,0.06640699,0.22521645,-0.20374509,-0.06206231,0.03394538,-0.24515966,0.17366656,-0.15977491,-0.89303438,-0.10136129,0.33442538,1.05895993,0.02613372,-0.49943420,-1.19435516,0.04984730,0.65004411,1.29531658,-0.12439119,-0.78191294,-1.35893342,0.19534883,0.89123886,1.38337158,-0.06281373,0.02484189,-0.99771727,0.00250604,0.02146984,-0.07290324,-0.06285560,0.00000000,-0.03039529
10005380000000,synthetic_50hz_01,269,0.02,91.51232304,91.48014603,13.05472079,13.08405008,13.06480959,2.92236372,126.33787961,1,1,0,0,1,0.67100923,0.00000000,-0.07342094,0.05915549,0.14067249,0.13081032,-0.06124297,-0.13220499,-0.10547829,0.06156479,0.11992595,0.07710528,-0.06011166,-0.10418939,-0.04650928,0.05692549,0.08544901,0.01457240,-0.05209812,-0.06424508,0.01778462,0.06711788,0.26432261,-0.11320774,-0.06923502,-0.01682317,-0.34247668,0.06942653,0.24541977,-0.16481982,-0.06768575,0.00955111,-0.28569923,0.06406032,0.21234890,-0.22510638,-0.05865091,0.04835273,-0.22366144,0.12593038,-0.27581322,-1.00421443,-0.05159535,0.44429007,1.15010102,-0.02422719,-0.59995784,-1.26282966,0.09935125,0.73832854,1.33915033,-0.17161097,-0.85541288,-1.37686267,0.23892307,0.94783528,1.37487942,-0.06289439,0.02478777,-0.99771353,0.00290809,0.02108077,-0.07342094,-0.06305405,0.00000000,-0.02949327
10005400000000,synthetic_50hz_01,270,0.02,91.88455838,91.56102850,13.05895809,13.06480959,13.02496355,2.93138590,126.33136257,1,1,0,0,1,0.66972915,0.00000000,-0.07391985,0.06066160,0.13536349,0.11431772,-0.06158475,-0.12435528,-0.08691956,0.06073238,0.10976184,0.05701547,-0.05812907,-0.09200392,-0.02546759,0.05384987,0.07159349,-0.00681453,-0.04801816,-0.04911898,0.03890018,0.06861903,0.25896940,-0.12974315,-0.06957885,-0.00893287,-0.32387203,0.06860316,0.23521950,-0.18495774,-0.06571898,0.02176758,-0.26460821,0.06100701,0.19846815,-0.24654288,-0.05459927,0.06349779,-0.20249706,0.07692764,-0.38758741,-1.10197206,-0.00151455,0.54780648,1.22611423,-0.07394221,-0.69223203,-1.31490694,0.14726718,0.81670021,1.36579028,-0.21634636,-0.91762254,-1.37729725,0.27918819,0.99208939,1.34909610,-0.06297170,0.02472561,-0.99771019,0.00330920,0.02068757,-0.07391985,-0.06324406,0.00000000,-0.02858371
10005420000000,synthetic_50hz_01,271,0.02,91.89032079,91.62688696,13.04468038,13.02496355,12.98275319,2.94042773,126.32461276,1,1,0,0,1,0.66844611,0.00000000,-0.07439984,0.06139875,0.12838272,0.09647437,-0.06115191,-0.11498487,-0.06736442,0.05914203,0.09827196,0.03631233,-0.05542706,-0.07872582,-0.00421334,0.05011410,0.05690997,-0.02800713,-0.04335633,-0.03345339,0.05942013,0.06935092,0.25194428,-0.14762916,-0.06914777,0.00047830,-0.30427109,0.06702153,0.22369325,-0.20570890,-0.06303250,0.03507694,-0.24330467,0.05729326,0.18375914,-0.26778505,-0.04996551,0.07918262,-0.18192825,0.02729028,-0.49374456,-1.18524392,0.04824740,0.64375130,1.28623075,-0.12239410,-0.77519839,-1.35013496,0.19301211,0.88429616,1.37511414,-0.25806550,-0.96789925,-1.36044814,0.31567873,1.02359735,1.30655979,-0.06304566,0.02465545,-0.99770726,0.00370924,0.02029031,-0.07439984,-0.06342562,0.00000000,-0.02766682
10005440000000,synthetic_50hz_01,272,0.02,91.96505164,91.69451990,13.01867096,12.98275319,12.93643786,2.94948238,126.31763289,1,1,0,0,1,0.66716029,0.00000000,-0.07486078,0.06136594,0.11983520,0.07751756,-0.05995812,-0.10422704,-0.04706780,0.05682169,0.08561397,0.01526105,-0.05204705,-0.06453260,0.01698568,0.04577188,0.04159073,-0.04874271,-0.03817708,-0.01744978,0.07909447,0.06931254,0.24335229,-0.16662846,-0.06795542,0.01127707,-0.28392878,0.06470961,0.21099868,-0.22680813,-0.05966773,0.04930164,-0.22205638,0.05297279,0.16841413,-0.28857022,-0.04481409,0.09520575,-0.16220500,-0.02235321,-0.59302645,-1.25316719,0.09707221,0.73101810,1.32989470,-0.16899258,-0.84793416,-1.36828073,0.23604081,0.94040388,1.36721860,-0.29628387,-1.00576131,-1.32673891,0.34798493,1.04212218,1.24800872,-0.06311623,0.02457730,-0.99770472,0.00410807,0.01988908,-0.07486078,-0.06359873,0.00000000,-0.02674285
10005460000000,synthetic_50hz_01,273,0.02,92.02982255,91.76158043,12.98413306,12.93643786,12.88776337,2.95854319,126.31042572,1,1,0,0,1,0.66587185,0.00000000,-0.07530255,0.06057173,0.10984373,0.05769460,-0.05802628,-0.09223013,-0.02628968,0.05380790,0.07195749,-0.00587319,-0.04803822,-0.04961029,0.03786673,0.04088358,0.02583280,-0.06876856,-0.03255024,-0.00131053,0.09768775,0.06851246,0.23331619,-0.18649377,-0.06602471,0.02331509,-0.26310510,0.06170395,0.19730542,-0.24799025,-0.05567385,0.06425567,-0.20112611,0.04810595,0.15263017,-0.30864566,-0.03921481,0.11136480,-0.14356275,-0.07138555,-0.68428301,-1.30508555,0.14436433,0.80862828,1.35676491,-0.21318101,-0.90966042,-1.36932811,0.27585158,0.98446663,1.34241293,-0.33056922,-1.03089021,-1.27679537,0.37575640,1.04759274,1.17436720,-0.06318340,0.02449118,-0.99770258,0.00450558,0.01948395,-0.07530255,-0.06376337,0.00000000,-0.02581204
10005480000000,synthetic_50hz_01,274,0.02,92.28686497,91.86663734,12.94365779,12.88776337,12.83052965,2.96760396,126.30299396,1,1,0,0,1,0.66458096,0.00000000,-0.07572505,0.05903396,0.09854692,0.03725945,-0.05538802,-0.07915537,-0.00529178,0.05014522,0.05748173,-0.02682846,-0.04345671,-0.03415088,0.05817523,0.03551532,0.00983543,-0.08784477,-0.02655001,0.01476357,0.11498171,0.06696851,0.22197463,-0.20697109,-0.06338728,0.03643114,-0.24206176,0.05804909,0.18279267,-0.26899331,-0.05110699,0.07974704,-0.18076843,0.04275889,0.13660652,-0.32777147,-0.03324189,0.12745899,-0.12621977,-0.11920801,-0.76648394,-1.34055242,0.18955777,0.87574016,1.36671408,-0.25444249,-0.95974839,-1.35347273,0.31199151,1.01608663,1.30121013,-0.36054568,-1.04313061,-1.21143304,0.39870514,1.04010065,1.08672977,-0.06324715,0.02439714,-0.99770084,0.00490163,0.01907500,-0.07572505,-0.06391956,0.00000000,-0.02487462
10005500000000,synthetic_50hz_01,275,0.02,92.27239256,91.94778838,12.89614397,12.83052965,12.77745506,2.97665870,126.29534037,1,1,0,0,1,0.66328780,0.00000000,-0.07612817,0.05677929,0.08609720,0.01646954,-0.05208314,-0.06517465,0.01566567,0.04588541,0.04237308,-0.04734924,-0.03836478,-0.01834988,0.07766771,0.02973808,-0.00620236,-0.10574698,-0.02025402,0.03057578,0.13077751,0.06470735,0.20948003,-0.22780302,-0.06008292,0.05045331,-0.22105899,0.05379679,0.16764682,-0.28956179,-0.04602942,0.09558023,-0.16122681,0.03700256,0.12054219,-0.34572327,-0.02697295,0.14329157,-0.11037491,-0.16524734,-0.83872858,-1.35933143,0.23212241,0.93165610,1.35982526,-0.29230529,-0.99772354,-1.32111469,0.34406086,1.03502615,1.24431576,-0.38589701,-1.04248847,-1.13164263,0.41660756,1.01989536,0.98634372,-0.06330746,0.02429519,-0.99769949,0.00529608,0.01866231,-0.07612817,-0.06406730,0.00000000,-0.02393083
10005520000000,synthetic_50hz_01,276,0.02,92.12807047,91.98384480,12.84629463,12.77745506,12.73336441,2.98570222,126.28746769,1,1,0,0,1,0.66199252,0.00000000,-0.07651179,0.05384272,0.07265864,-0.00441748,-0.04815894,-0.05046817,0.03632708,0.04108672,0.02682267,-0.06718936,-0.03282995,-0.00240387,0.09611453,0.02362668,-0.02208423,-0.12226868,-0.01374224,0.04593564,0.14489777,0.06176400,0.19599646,-0.24873189,-0.05615894,0.06520141,-0.20035240,0.04900531,0.15205902,-0.30944953,-0.04050865,0.11155866,-0.14273088,0.03091180,0.10463351,-0.36229458,-0.02048796,0.15867208,-0.09620555,-0.20896220,-0.90025388,-1.36139447,0.27156960,0.97582764,1.33638595,-0.32634752,-1.02326783,-1.27284880,0.37171669,1.04120674,1.17261482,-0.40636910,-1.02912716,-1.03857381,0.42930570,0.98737738,0.87459024,-0.06336431,0.02418537,-0.99769854,0.00568882,0.01824596,-0.07651179,-0.06420657,0.00000000,-0.02298091
10005540000000,synthetic_50hz_01,277,0.02,91.82999418,91.95307467,12.79886394,12.73336441,12.70304628,2.99473057,126.27937865,1,1,0,0,1,0.66069531,0.00000000,-0.07687583,0.05026697,0.05840471,-0.02514685,-0.04366950,-0.03522209,0.05644449,0.03581302,0.01102399,-0.08611481,-0.02692403,0.01349192,0.11330240,0.01725881,-0.03761886,-0.13722343,-0.00709601,0.06066123,0.15718824,0.05818115,0.18169739,-0.26950295,-0.05166940,0.08048928,-0.18018993,0.04373852,0.13622274,-0.32842252,-0.03461650,0.12748712,-0.12549395,0.02456429,0.08907182,-0.37729892,-0.01386827,0.17341859,-0.08386593,-0.24984898,-0.95044044,-1.34691710,0.30745713,1.00785868,1.29687981,-0.35620115,-1.03621988,-1.20945287,0.39467573,1.03470638,1.08715684,-0.42177162,-1.00336182,-0.93351757,0.43670763,0.94308986,0.75296455,-0.06341769,0.02406771,-0.99769799,0.00607972,0.01782604,-0.07687583,-0.06433739,0.00000000,-0.02202512
10005560000000,synthetic_50hz_01,278,0.02,92.05839940,91.97413962,12.75862052,12.70304628,12.66449522,3.00374140,126.27107602,1,1,0,0,1,0.65939633,0.00000000,-0.07722019,0.04610179,0.04351599,-0.04546971,-0.03867484,-0.01962616,0.07578039,0.03013289,-0.00482951,-0.10390629,-0.02072219,0.02914595,0.12903652,0.01071405,-0.05262209,-0.15044656,-0.00039703,0.07458111,0.16751916,0.05400857,0.16676341,-0.28986733,-0.04667434,0.09612717,-0.16080909,0.03806499,0.12033143,-0.34626145,-0.02842813,0.14317403,-0.10971082,0.01803960,0.07404127,-0.39057165,-0.00719556,0.18735968,-0.07348582,-0.28744700,-0.98881668,-1.31627174,0.33939351,1.02750675,1.24197627,-0.38155515,-1.03657333,-1.13187405,0.41271637,1.01575501,0.98913936,-0.43197879,-0.96565201,-0.81788733,0.43878706,0.88770880,0.62305523,-0.06346757,0.02394226,-0.99769782,0.00646865,0.01740262,-0.07722019,-0.06445975,0.00000000,-0.02106368
10005580000000,synthetic_50hz_01,279,0.02,91.62092623,91.90349694,12.71908789,12.66449522,12.64542450,3.01273288,126.26256252,1,1,0,0,1,0.65809574,0.00000000,-0.07754478,0.04140323,0.02817789,-0.06514596,-0.03324015,-0.00387137,0.09411035,0.02411873,-0.02054676,-0.12036150,-0.01430196,0.04437253,0.14314257,0.00407286,-0.06691901,-0.16179678,0.00627367,0.08753618,0.17578630,0.04930232,0.15137992,-0.30958492,-0.04123893,0.11192407,-0.14243433,0.03205713,0.10457618,-0.36276401,-0.02202108,0.15843373,-0.09555581,0.01141820,0.05971678,-0.40197146,-0.00055088,0.20033623,-0.06516945,-0.32134305,-1.01506107,-1.27001872,0.36704148,1.03468238,1.17251828,-0.40215792,-1.02447332,-1.04121359,0.42567997,0.98472821,0.87989023,-0.43692946,-0.91659293,-0.69319923,0.43558208,0.82203185,0.48652297,-0.06351395,0.02380905,-0.99769805,0.00685548,0.01697579,-0.07754478,-0.06457366,0.00000000,-0.02009685
10005600000000,synthetic_50hz_01,280,0.02,91.73162334,91.86912222,12.68814927,12.64542450,12.62187611,3.02170461,126.25384093,1,1,0,0,1,0.65679372,0.00000000,-0.07784952,0.03623285,0.01257830,-0.08394687,-0.02743481,0.01185232,0.11122538,0.01784581,-0.03594123,-0.13529721,-0.00774231,0.05899394,0.15546835,-0.00258441,-0.08034583,-0.17115727,0.01283661,0.09938130,0.18191165,0.04412393,0.13573481,-0.32842702,-0.03543258,0.12769003,-0.12527463,0.02579020,0.08914352,-0.37774698,-0.01547430,0.17308849,-0.08318111,0.00478044,0.04626213,-0.41138154,0.00598632,0.21220311,-0.05899485,-0.35117524,-1.02900257,-1.20889523,0.39012079,1.02944666,1.08950825,-0.41781897,-1.00021132,-0.93871023,0.43347124,0.94213942,0.76084876,-0.43662633,-0.85690520,-0.56105166,0.42719329,0.74696600,0.34507918,-0.06355681,0.02366813,-0.99769866,0.00724010,0.01654563,-0.07784952,-0.06467911,0.00000000,-0.01912488
10005620000000,synthetic_50hz_01,281,0.02,91.57072058,91.80944189,12.66031454,12.62187611,12.60583837,3.03065662,126.24491399,1,1,0,0,1,0.65549044,0.00000000,-0.07813433,0.03065686,-0.00309466,-0.10165764,-0.02133159,0.02735824,0.12693410,0.01139132,-0.05083307,-0.14855099,-0.00112264,0.07284236,0.16588509,-0.00917841,-0.09275157,-0.17843664,0.01921485,0.10998672,0.18584378,0.03853963,0.12001622,-0.34617879,-0.02932803,0.14323839,-0.10952138,0.01934139,0.07421329,-0.39104794,-0.00886721,0.18697048,-0.07271551,-0.00179434,0.03382829,-0.41871048,0.01233907,0.22283056,-0.05501341,-0.37663609,-1.03061923,-1.13380268,0.40841025,1.01200711,0.99409259,-0.42840975,-0.96421836,-0.82572235,0.43605799,0.88863074,0.63354614,-0.43113448,-0.78742348,-0.42310451,0.41378117,0.66351443,0.20046457,-0.06359614,0.02351955,-0.99769965,0.00762236,0.01611224,-0.07813433,-0.06477612,0.00000000,-0.01814801
10005640000000,synthetic_50hz_01,282,0.02,91.71207218,91.78996795,12.63743455,12.60583837,12.58509768,3.03958959,126.23578444,1,1,0,0,1,0.65418606,0.00000000,-0.07839914,0.02474523,-0.01865483,-0.11807955,-0.01500563,0.04246511,0.14106463,0.00483342,-0.06505110,-0.15998275,0.00547815,0.08576163,0.17428849,-0.01563178,-0.10399962,-0.18356941,0.02533474,0.11923925,0.18755794,0.03261939,0.10441028,-0.36264153,-0.02300044,0.15838786,-0.09534645,0.01278887,0.05995668,-0.40252677,-0.00227871,0.19992355,-0.06426331,-0.00822876,0.02255191,-0.42389282,0.01843373,0.23210540,-0.05324993,-0.39747499,-1.02003510,-1.04579233,0.42174899,0.98271199,0.88754500,-0.43386378,-0.91705683,-0.70370934,0.43347007,0.82496250,0.49958541,-0.42057921,-0.70908411,-0.28105821,0.39556286,0.57276250,0.05442796,-0.06363191,0.02336334,-0.99770103,0.00800216,0.01567568,-0.07839914,-0.06486468,0.00000000,-0.01716649
10005660000000,synthetic_50hz_01,283,0.02,91.23173040,91.67832044,12.61545306,12.58509768,12.58499441,3.04850417,126.22645506,1,1,0,0,1,0.65288076,0.00000000,-0.07864388,0.01857085,-0.03392020,-0.13303199,-0.00853359,0.05699905,0.15346616,-0.00174970,-0.07843459,-0.16947582,0.01198255,0.09760882,0.18059943,-0.02186993,-0.11396895,-0.18651626,0.03112679,0.12704330,0.18705575,0.02643609,0.08909904,-0.37763463,-0.01652646,0.17296455,-0.08290067,0.00621082,0.04653441,-0.41206682,0.00421370,0.21180477,-0.05790362,-0.01444826,0.01255399,-0.42688922,0.02420083,0.23993203,-0.05370276,-0.41349981,-0.99751555,-0.94604966,0.43003703,0.94204303,0.77124869,-0.43417607,-0.85941097,-0.57421227,0.42579762,0.75200170,0.36062104,-0.40514323,-0.62291186,-0.13663294,0.37280836,0.47586319,-0.09129435,-0.06366412,0.02319957,-0.99770278,0.00837936,0.01523605,-0.07864388,-0.06494480,0.00000000,-0.01618059
10005680000000,synthetic_50hz_01,284,0.02,90.81314251,91.50528486,12.60266043,12.58499441,12.59983020,3.05740206,126.21692859,1,1,0,0,1,0.65157469,0.00000000,-0.07886848,0.01220858,-0.04871487,-0.14635416,-0.00199266,0.07079544,0.16401029,-0.00828070,-0.09083495,-0.17693794,0.01831533,0.10825564,0.18476438,-0.02782191,-0.12255527,-0.18726397,0.03652638,0.13332158,0.18436466,0.02006461,0.07425838,-0.39099728,-0.00998329,0.18680385,-0.07231241,-0.00031541,0.03409509,-0.41957581,0.01053479,0.22248583,-0.05368997,-0.02038187,0.00393882,-0.42768647,0.02957573,0.24623317,-0.05634446,-0.42457788,-0.96346102,-0.83587765,0.43323503,0.89060692,0.64667791,-0.42940182,-0.79207622,-0.43883414,0.41318874,0.67070958,0.21833858,-0.38506325,-0.53000608,0.00845179,0.34583620,0.37402226,-0.23499848,-0.06369276,0.02302827,-0.99770491,0.00875385,0.01479344,-0.07886848,-0.06501648,0.00000000,-0.01519053
10005700000000,synthetic_50hz_01,285,0.02,90.16950624,91.23812913,12.60147173,12.59983020,12.63594422,3.06628612,126.20720779,1,1,0,0,1,0.65026804,0.00000000,-0.07907290,0.00573436,-0.06287100,-0.15790656,0.00454026,0.08370065,0.17259210,-0.01468398,-0.10211717,-0.18230172,0.02440435,0.11758961,0.18675550,-0.03342114,-0.12967188,-0.18582504,0.04147438,0.13801566,0.17953715,0.01358087,0.06005615,-0.40258999,-0.00344782,0.19975212,-0.06368663,-0.00671422,0.02277371,-0.42498637,0.01661243,0.23185427,-0.05165021,-0.02596300,-0.00320688,-0.42629706,0.03449931,0.25095038,-0.06112255,-0.43063621,-0.91839948,-0.71667915,0.43136351,0.82912556,0.51537888,-0.41965441,-0.71594757,-0.29922000,0.39584647,0.58212847,0.07443447,-0.36062610,-0.43152634,0.15249704,0.31500870,0.26848310,-0.37503199,-0.06371781,0.02284952,-0.99770740,0.00912550,0.01434792,-0.07907290,-0.06507974,0.00000000,-0.01419659
10005720000000,synthetic_50hz_01,286,0.02,89.68660497,90.92782430,12.61595018,12.63594422,12.68374644,3.07516065,126.19729541,1,1,0,0,1,0.64896096,0.00000000,-0.07925707,-0.00077567,-0.07623054,-0.16757215,0.01098951,0.09557355,0.17913080,-0.02088652,-0.11216112,-0.18552502,0.03018136,0.12551504,0.18657047,-0.03860605,-0.13525030,-0.18223701,0.04591772,0.14108623,0.17264957,0.00706102,0.04665039,-0.41229570,0.00300430,0.21166823,-0.05710409,-0.01291261,0.01269041,-0.42825634,0.02237835,0.23981439,-0.05178666,-0.03113012,-0.00881463,-0.42275853,0.03891849,0.25404435,-0.06796069,-0.43166102,-0.86297760,-0.58993851,0.42450125,0.75842526,0.37895049,-0.40510292,-0.63200716,-0.15703714,0.37402527,0.48736801,-0.06940366,-0.33216431,-0.32867780,0.29384351,0.28072689,0.16051167,-0.50981173,-0.06373927,0.02266337,-0.99771026,0.00949420,0.01389960,-0.07925707,-0.06513457,0.00000000,-0.01319902
10005740000000,synthetic_50hz_01,287,0.02,89.80133499,90.70252644,12.64442461,12.68374644,12.71896014,3.08403097,126.18719422,1,1,0,0,1,0.64765363,0.00000000,-0.07942096,-0.00724607,-0.08864690,-0.17525723,0.01728148,0.10628690,0.18357026,-0.02681865,-0.12086261,-0.18659087,0.03558263,0.13195379,0.18423198,-0.04332075,-0.13924068,-0.17656159,0.04980991,0.14251320,0.16380085,0.00058050,0.03418771,-0.42002071,0.00929943,0.22242495,-0.05262094,-0.01884089,0.00394939,-0.42936876,0.02776883,0.24628805,-0.05407665,-0.03582730,-0.01283460,-0.41713260,0.04278679,0.25549499,-0.07675993,-0.42769667,-0.79795078,-0.45720299,0.41278317,0.67942505,0.23902487,-0.38596893,-0.54131117,-0.01395555,0.34802704,0.38759105,-0.21151612,-0.30005136,-0.22269649,0.43088967,0.24342506,0.05138149,-0.63784048,-0.06375711,0.02246987,-0.99771348,0.00985982,0.01344855,-0.07942096,-0.06518098,0.00000000,-0.01219807
10005760000000,synthetic_50hz_01,288,0.02,89.33219356,90.42845986,12.67572953,12.71896014,12.76705729,3.09290177,126.17690697,1,1,0,0,1,0.64634621,0.00000000,-0.07956451,-0.01360291,-0.09998630,-0.18089206,0.02334538,0.11572854,0.18587911,-0.03241479,-0.12813426,-0.18550717,0.04054967,0.13684582,0.17978698,-0.04751548,-0.14161205,-0.16888345,0.05311140,0.14229554,0.15311093,-0.00578676,0.02280187,-0.42569530,0.01536681,0.23191010,-0.05026855,-0.02443349,-0.00336198,-0.42833152,0.03272538,0.25121521,-0.05847320,-0.04000481,-0.01523580,-0.40950392,0.04606467,0.25530128,-0.08740037,-0.41884387,-0.72417227,-0.32006376,0.39639758,0.59312428,0.09724818,-0.36252296,-0.44497623,0.12837111,0.31819663,0.28399931,-0.35028941,-0.26469654,-0.11483456,0.56210869,0.20356514,-0.05764093,-0.75772212,-0.06377134,0.02226910,-0.99771705,0.01022225,0.01299486,-0.07956451,-0.06521898,0.00000000,-0.01119399
10005780000000,synthetic_50hz_01,289,0.02,89.25421483,90.19361086,12.71408719,12.76705729,12.81135913,3.10177781,126.16643641,1,1,0,0,1,0.64503887,0.00000000,-0.07968770,-0.01977458,-0.11012911,-0.18443117,0.02911402,0.12380229,0.18605064,-0.03761408,-0.13390619,-0.18230619,0.04502971,0.14014952,0.17330576,-0.05114712,-0.14235227,-0.15930884,0.05578993,0.14045093,0.14071898,-0.01196916,0.01261252,-0.42927399,0.02113923,0.24002751,-0.05005361,-0.02962954,-0.00917380,-0.42517689,0.03719524,0.25455424,-0.06490604,-0.04361951,-0.01600609,-0.39997875,0.04871985,0.25348088,-0.09974281,-0.40525742,-0.64258152,-0.18013702,0.37558297,0.50058965,-0.04473833,-0.33508030,-0.34416555,0.26832385,0.28491710,0.17781900,-0.48417347,-0.22653961,-0.00634584,0.68606414,0.16163088,-0.16531027,-0.86817527,-0.06378194,0.02206111,-0.99772098,0.01058136,0.01253863,-0.07968770,-0.06524859,0.00000000,-0.01018705
10005800000000,synthetic_50hz_01,290,0.02,89.06438902,89.96776649,12.75494140,12.81135913,12.85763071,3.11066328,126.15578531,1,1,0,0,1,0.64373177,0.00000000,-0.07979048,-0.02569259,-0.11897087,-0.18585346,0.03452448,0.13042881,0.18410243,-0.04236101,-0.13812643,-0.17704365,0.04897625,0.14184179,0.16488061,-0.05417948,-0.14146780,-0.14796399,0.05782070,0.13701522,0.12678149,-0.01789819,0.00372410,-0.43073566,0.02655378,0.24669783,-0.05195858,-0.03437354,-0.01343412,-0.41996059,0.04113188,0.25628208,-0.07328288,-0.04663523,-0.01515195,-0.38868331,0.05072755,0.25006965,-0.11363077,-0.38714328,-0.55419178,-0.03904537,0.35062428,0.40294185,-0.18531659,-0.30399662,-0.24007492,0.40433579,0.24860460,0.07028652,-0.61169779,-0.18604518,0.10152828,0.80142427,0.11812200,-0.27041596,-0.96804531,-0.06378890,0.02184597,-0.99772525,0.01093704,0.01207993,-0.07979048,-0.06526980,0.00000000,-0.00917750
10005820000000,synthetic_50hz_01,291,0.02,89.42498626,89.85921044,12.79807091,12.85763071,12.88531005,3.11956192,126.14495640,1,1,0,0,1,0.64242509,0.00000000,-0.07987285,-0.03129220,-0.12642321,-0.18516190,0.03951872,0.13554613,0.18007565,-0.04660590,-0.14076118,-0.16979774,0.05234940,0.14191803,0.15462447,-0.05658365,-0.13898331,-0.13499332,0.05918657,0.13204164,0.11147024,-0.02350912,-0.00377499,-0.43008330,0.03155241,0.25185909,-0.05594227,-0.03861581,-0.01610914,-0.41276081,0.04449545,0.25639408,-0.08349078,-0.04902304,-0.01269803,-0.37576202,0.05207062,0.24512082,-0.12889248,-0.36475529,-0.46007730,0.10160050,0.32184873,0.30134188,-0.32290937,-0.26966313,-0.13391862,0.53490861,0.20970302,-0.03736556,-0.73148619,-0.14369707,0.20757248,0.90697468,0.07354826,-0.37179499,-1.05631467,-0.06379222,0.02162375,-0.99772986,0.01128919,0.01161888,-0.07987285,-0.06528262,0.00000000,-0.00816560
10005840000000,synthetic_50hz_01,292,0.02,89.39023404,89.76541516,12.83471135,12.88531005,12.91387758,3.12847598,126.13395246,1,1,0,0,1,0.64111900,0.00000000,-0.07993476,-0.03651313,-0.13241449,-0.18238312,0.04404416,0.13910999,0.17403421,-0.05030537,-0.14179488,-0.16066780,0.05511626,0.14039176,0.14266927,-0.05833812,-0.13494107,-0.12055752,0.05987807,0.12559998,0.09497004,-0.02874167,-0.00981312,-0.42734353,0.03608255,0.25546705,-0.06194077,-0.04231297,-0.01718328,-0.40367689,0.04725303,0.25490379,-0.09539781,-0.05076144,-0.00868659,-0.36137558,0.05273959,0.23870416,-0.14534313,-0.33839131,-0.36136017,0.24021941,0.28962138,0.19697738,-0.45599692,-0.23250152,-0.02691564,0.65862782,0.16867854,-0.14392209,-0.84227017,-0.09999248,0.31061048,1.00162949,0.02842358,-0.46834383,-1.13211135,-0.06379190,0.02139453,-0.99773480,0.01163767,0.01115554,-0.07993476,-0.06528708,0.00000000,-0.00715161
10005860000000,synthetic_50hz_01,293,0.02,89.63927636,89.74018740,12.86796117,12.91387758,12.93309916,3.13740687,126.12277623,1,1,0,0,1,0.63981365,0.00000000,-0.07997621,-0.04130012,-0.13689033,-0.17756665,0.04805413,0.14109406,0.16606360,-0.05342271,-0.14122999,-0.14977286,0.05725110,0.13729419,0.12916410,-0.05942891,-0.12940013,-0.10483148,0.05989335,0.11777541,0.07747651,-0.03354058,-0.01433591,-0.42256588,0.04009753,0.25749535,-0.06986858,-0.04542830,-0.01665900,-0.39282785,0.04937888,0.25184242,-0.10885489,-0.05183645,-0.00317670,-0.34569886,0.05273262,0.23090487,-0.16278709,-0.30838913,-0.25919696,0.37527660,0.25434029,0.09104900,-0.58313262,-0.19295870,0.07972396,0.77417666,0.12601402,-0.24819843,-0.94290082,-0.05543629,0.40951723,1.08444071,-0.01673968,-0.55902945,-1.19471567,-0.06378791,0.02115838,-0.99774007,0.01198239,0.01069002,-0.07997621,-0.06528317,0.00000000,-0.00613579
10005880000000,synthetic_50hz_01,294,0.02,89.51791933,89.69573379,12.89531913,12.93309916,12.95963392,3.14635501,126.11143046,1,1,0,0,1,0.63850921,0.00000000,-0.07999719,-0.04560344,-0.13981385,-0.17078399,0.05150829,0.14148988,0.15626964,-0.05592813,-0.13908669,-0.13724996,0.05873554,0.13267356,0.11427331,-0.05984958,-0.12243540,-0.08800210,0.05923812,0.10866736,0.05919375,-0.03785612,-0.01730649,-0.41582184,0.04355700,0.25793553,-0.07961992,-0.04793202,-0.01455650,-0.38035073,0.05085465,0.24725820,-0.12369767,-0.05224164,0.00375675,-0.32891877,0.05205541,0.22182237,-0.18102028,-0.27512188,-0.15476533,0.50529964,0.21643153,-0.01524311,-0.70295745,-0.15150136,0.18481209,0.88034866,0.08220334,-0.34905284,-1.03235902,-0.01053535,0.50323024,1.15460598,-0.06143637,-0.64289928,-1.24356511,-0.06378027,0.02091537,-0.99774566,0.01232322,0.01022240,-0.07999719,-0.06527091,0.00000000,-0.00511840
10005900000000,synthetic_50hz_01,295,0.02,89.28009836,89.61260670,12.92233134,12.95963392,12.99714456,3.15532070,126.09991789,1,1,0,0,1,0.63720585,0.00000000,-0.07999768,-0.04937935,-0.14116580,-0.16212740,0.05437297,0.14030661,0.14477687,-0.05779899,-0.13540232,-0.12325235,0.05955864,0.12659432,0.09817441,-0.05960119,-0.11413654,-0.07026606,0.05792540,0.09838815,0.04033190,-0.04164455,-0.01870559,-0.40720369,0.04642730,0.25679677,-0.09107021,-0.04980149,-0.01091310,-0.36639878,0.05166937,0.24121557,-0.13974862,-0.05197806,0.01202408,-0.31123199,0.05072099,0.21156896,-0.19983254,-0.23899334,-0.04925073,0.62889333,0.17634398,-0.12071235,-0.81421308,-0.10861055,0.28719525,0.97605869,0.03774582,-0.44539816,-1.10976407,0.03420713,0.59076005,1.21147444,-0.10517388,-0.71909004,-1.27825743,-0.06376896,0.02066558,-0.99775157,0.01266006,0.00975278,-0.07999768,-0.06525032,0.00000000,-0.00409970
10005920000000,synthetic_50hz_01,296,0.02,89.68845469,89.62777630,12.95375289,12.99714456,13.01956344,3.16430474,126.08824128,1,1,0,0,1,0.63590373,0.00000000,-0.07997770,-0.05259046,-0.14094445,-0.15170860,0.05662140,0.13757068,0.13172695,-0.05901991,-0.13023070,-0.10794755,0.05971685,0.11913610,0.08105597,-0.05869212,-0.10460675,-0.05182751,0.05597528,0.08706154,0.02110483,-0.04486848,-0.01853148,-0.39682312,0.04868165,0.25410548,-0.10407782,-0.05102132,-0.00578261,-0.35113952,0.05181951,0.23379417,-0.15681921,-0.05105410,0.02152211,-0.29284266,0.04874944,0.20026841,-0.21901001,-0.20043292,0.05616657,0.74475338,0.13454400,-0.22419833,-0.91575368,-0.06477611,0.38576634,1.06035239,-0.00685930,-0.53621254,-1.17438063,0.07829696,0.67119947,1.25455094,-0.14747727,-0.78683541,-1.29855196,-0.06375398,0.02040910,-0.99775778,0.01299279,0.00928125,-0.07997770,-0.06522141,0.00000000,-0.00307995
10005940000000,synthetic_50hz_01,297,0.02,89.58130898,89.61848284,12.98139332,13.01956344,13.05016005,3.17330731,126.07640337,1,1,0,0,1,0.63460303,0.00000000,-0.07993725,-0.05520603,-0.13916529,-0.13965717,0.05823387,0.13332517,0.11727679,-0.05958281,-0.12364123,-0.09151527,0.05921394,0.11039265,0.06311532,-0.05713790,-0.09396139,-0.03289573,0.05341456,0.07482119,0.00172774,-0.04749716,-0.01679966,-0.38480973,0.05030036,0.24990474,-0.11848583,-0.05158344,0.00076555,-0.33475266,0.05130883,0.22508774,-0.17471207,-0.04948527,0.03213547,-0.27396006,0.04616757,0.18805439,-0.23833751,-0.15989055,0.16032421,0.85167874,0.09151003,-0.32457890,-1.00655612,-0.02049125,0.47947582,1.13241401,-0.05111831,-0.62054924,-1.22562388,0.12125411,0.74373193,1.28349844,-0.18789409,-0.84547249,-1.30436914,-0.06373533,0.02014601,-0.99776430,0.01332132,0.00880789,-0.07993725,-0.06518418,0.00000000,-0.00205941
10005960000000,synthetic_50hz_01,298,0.02,89.56714271,89.60821481,13.01027535,13.05016005,13.08440424,3.18232871,126.06440690,1,1,0,0,1,0.63330390,0.00000000,-0.07987633,-0.05720218,-0.13586062,-0.12611890,0.05919788,0.12762907,0.10159666,-0.05948688,-0.11571791,-0.07414534,0.05806084,0.10047055,0.04455637,-0.05496088,-0.08232658,-0.01368282,0.05027637,0.06180910,-0.01758521,-0.04950671,-0.01354241,-0.37130930,0.05127090,0.24425354,-0.13412397,-0.05148704,0.00864738,-0.31742802,0.05014826,0.21520288,-0.19322333,-0.04729394,0.04373805,-0.25479629,0.04300852,0.17506889,-0.25760085,-0.11783144,0.26208987,0.94858268,0.04772730,-0.42078153,-1.08572870,0.02375285,0.56734187,1.19157264,-0.09454819,-0.69754547,-1.26306300,0.16261766,0.80763852,1.29813866,-0.22599879,-0.89444696,-1.29578837,-0.06371300,0.01987639,-0.99777111,0.01364553,0.00833282,-0.07987633,-0.06513866,0.00000000,-0.00103834
10005980000000,synthetic_50hz_01,299,0.02,89.43717502,89.57400685,13.04140948,13.08440424,13.12657832,3.19136947,126.05225460,1,1,0,0,1,0.63200650,0.00000000,-0.07979496,-0.05856204,-0.13107887,-0.11125395,0.05950807,0.12055639,0.08486808,-0.05873846,-0.10655822,-0.05603542,0.05627540,0.08948792,0.02558724,-0.05218989,-0.06983764,0.00559864,0.04659972,0.04817391,-0.03662310,-0.05088027,-0.00880818,-0.35648200,0.05158793,0.23722590,-0.15081072,-0.05073846,0.01776542,-0.29936328,0.04835566,0.20425767,-0.21214486,-0.04450893,0.05619453,-0.23556393,0.03931127,0.16146055,-0.27658915,-0.07473086,0.36037285,1.03450226,0.00368240,-0.51179388,-1.15251830,0.06747222,0.64845965,1.23730671,-0.13668159,-0.76643003,-1.28642298,0.20195036,0.86230387,1.29845109,-0.26139681,-0.93331710,-1.27304424,-0.06368699,0.01960032,-0.99777821,0.01396532,0.00785610,-0.07979496,-0.06508487,0.00000000,-0.00001701
10006000000000,synthetic_50hz_01,300,0.02,90.20317280,89.69984004,13.07718039,13.12657832,13.14162917,3.20043063,126.03994921,1,1,0,0,1,0.63071101,0.00000000,-0.07969317,-0.05927580,-0.12488388,-0.09523491,0.05916624,0.11219516,0.06728177,-0.05735089,-0.09627181,-0.03738887,0.05388209,0.07757289,0.00641803,-0.04885985,-0.05663751,0.02473784,0.04242895,0.03406925,-0.05518051,-0.05160803,-0.00266079,-0.34050040,0.05125324,0.22890983,-0.16835537,-0.04935104,0.02801002,-0.28076177,0.04595550,0.19238027,-0.23126654,-0.04116517,0.06936197,-0.21647377,0.03512019,0.14738299,-0.29509696,-0.03106884,0.45413494,1.10860634,-0.04014181,-0.59667346,-1.20631590,0.11019516,0.72200961,1.26924681,-0.17707154,-0.82652989,-1.29558474,0.23884285,0.90722092,1.28457037,-0.29372822,-0.96175636,-1.23652122,-0.06365730,0.01931791,-0.99778559,0.01428059,0.00737785,-0.07969317,-0.06502281,0.00000000,0.00100433
10006020000000,synthetic_50hz_01,301,0.02,89.97499611,89.75487126,13.10424888,13.14162917,13.17330231,3.20951191,126.02749347,1,1,0,0,1,0.62941759,0.00000000,-0.07957097,-0.05934074,-0.11735391,-0.07824478,0.05818117,0.10264622,0.04903547,-0.05534421,-0.08497918,-0.01841244,0.05091164,0.06486216,-0.01274143,-0.04501128,-0.04287513,0.04352796,0.03781321,0.01965199,-0.07305956,-0.05168726,0.00482149,-0.32354752,0.05027561,0.21940617,-0.18656019,-0.04734480,0.03926066,-0.26183024,0.04297850,0.17970737,-0.25037858,-0.03730318,0.08309142,-0.19773265,0.03048443,0.13299309,-0.31292641,0.01267495,0.54240047,1.17020211,-0.08327136,-0.67455642,-1.24666045,0.15146702,0.78726460,1.28717698,-0.21529581,-0.87727558,-1.29058360,0.27291753,0.94199428,1.25678209,-0.32267091,-0.97955486,-1.18674697,-0.06362393,0.01902924,-0.99779324,0.01459123,0.00689816,-0.07957097,-0.06495250,0.00000000,0.00202540
10006040000000,synthetic_50hz_01,302,0.02,89.83582576,89.77106216,13.13325132,13.17330231,13.21538929,3.21861334,126.01489009,1,1,0,0,1,0.62812639,0.00000000,-0.07942841,-0.05876110,-0.10858068,-0.06047489,0.05656842,0.09202199,0.03033170,-0.05274484,-0.07281027,0.00068596,0.04740061,0.05149939,-0.03168385,-0.04068979,-0.02870376,0.06176827,0.03280587,0.00508059,-0.09007189,-0.05112221,0.01354695,-0.30581466,0.04867062,0.20882735,-0.20522263,-0.04474620,0.05138744,-0.24277663,0.03946122,0.16638263,-0.26927365,-0.03296857,0.09722964,-0.17954130,0.02545735,0.11844931,-0.32988915,0.05602628,0.62426553,1.21873994,-0.12524591,-0.74466526,-1.27324115,0.19085465,0.84359595,1.29103424,-0.25096096,-0.91820537,-1.27160620,0.30383195,0.96634250,1.21551717,-0.34794332,-0.98661953,-1.12438420,-0.06358689,0.01873440,-0.99780116,0.01489714,0.00641711,-0.07942841,-0.06487397,0.00000000,0.00304597
10006060000000,synthetic_50hz_01,303,0.02,89.95015779,89.80688128,13.16774927,13.21538929,13.25662021,3.22773566,126.00214180,1,1,0,0,1,0.62683758,0.00000000,-0.07926551,-0.05754797,-0.09866811,-0.04212274,0.05435009,0.08044513,0.01137565,-0.04958529,-0.05990287,0.01969940,0.04339091,0.03763359,-0.05020651,-0.03594555,-0.01427931,0.07926614,0.02746387,-0.00948664,-0.10604050,-0.04992396,0.02341166,-0.28749934,0.04646035,0.19729603,-0.22413753,-0.04158771,0.06425253,-0.22380783,0.03544558,0.15255506,-0.28774906,-0.02821149,0.11162070,-0.16209234,0.02009588,0.10390995,-0.34580818,0.09852124,0.69890621,1.25381667,-0.16562344,-0.80631552,-1.28589820,0.22795064,0.89047837,1.28090667,-0.28370592,-0.94896832,-1.23898602,0.33128182,0.98009906,1.16134481,-0.36930672,-0.98297310,-1.05022150,-0.06354616,0.01843349,-0.99780933,0.01519823,0.00593480,-0.07926551,-0.06478723,0.00000000,0.00406575
10006080000000,synthetic_50hz_01,304,0.02,90.38742204,89.92298944,13.20507506,13.25662021,13.28527847,3.23687980,125.98925131,1,1,0,0,1,0.62555133,0.00000000,-0.07908232,-0.05571903,-0.08773114,-0.02338988,0.05155449,0.06804707,-0.00762707,-0.04590361,-0.04640117,0.03842414,0.03892931,0.02341751,-0.06811341,-0.03083266,0.00024129,0.09583894,0.02184708,-0.02389314,-0.12080140,-0.04811019,0.03430070,-0.26880310,0.04367309,0.18494362,-0.24309928,-0.03790741,0.07771176,-0.20512761,0.03097834,0.13837740,-0.30560881,-0.02308606,0.12610770,-0.14556839,0.01445991,0.08953158,-0.36051950,0.13971091,0.76558589,1.27517745,-0.20398450,-0.85892136,-1.28462183,0.26237711,0.92749373,1.25702997,-0.31320527,-0.96932602,-1.19319734,0.35500358,0.98321219,1.09496428,-0.38656697,-0.96875190,-0.96516289,-0.06350176,0.01812661,-0.99781776,0.01549439,0.00545133,-0.07908232,-0.06469229,0.00000000,0.00508449
10006100000000,synthetic_50hz_01,305,0.02,90.27085725,89.99256300,13.23876049,13.28527847,13.32523279,3.24604608,125.97622135,1,1,0,0,1,0.62426780,0.00000000,-0.07887889,-0.05329831,-0.07589429,-0.00447972,0.04821570,0.05496654,-0.02647257,-0.04174301,-0.03245408,0.05666165,0.03406685,0.00900595,-0.08521715,-0.02540853,0.01470182,0.11131579,0.01601766,-0.03798573,-0.13420515,-0.04570494,0.04608953,-0.24992936,0.04034297,0.17190887,-0.26190397,-0.03374849,0.09161624,-0.18693447,0.02611055,0.12400446,-0.32266549,-0.01764970,0.14053439,-0.13014034,0.00861159,0.07546737,-0.37387370,0.17916579,0.82366144,1.28271587,-0.23993621,-0.90200007,-1.26955005,0.29378917,0.95433362,1.21978251,-0.33917204,-0.97915328,-1.13484808,0.37477643,0.97574350,1.01719544,-0.39957583,-0.94420258,-0.87021658,-0.06345368,0.01781385,-0.99782643,0.01578553,0.00496679,-0.07887889,-0.06458919,0.00000000,0.00610192
10006120000000,synthetic_50hz_01,306,0.02,90.57747373,90.10954514,13.27507886,13.32523279,13.35836140,3.25523509,125.96305462,1,1,0,0,1,0.62298714,0.00000000,-0.07865526,-0.05031583,-0.06329031,0.01440456,0.04437321,0.04134803,-0.04496072,-0.03715129,-0.01821366,0.07422065,0.02885828,-0.00544581,-0.10134076,-0.01973328,0.02894828,0.12553916,0.01003935,-0.05161616,-0.14611822,-0.04273822,0.05864543,-0.23108129,0.03650944,0.15833625,-0.28035149,-0.02915876,0.10581388,-0.16941971,0.02089696,0.10959150,-0.33874213,-0.01196251,0.15474679,-0.11596571,0.00261467,0.06186557,-0.38573721,0.21647992,0.87258838,1.27647269,-0.27311595,-0.93517535,-1.24096474,0.32187792,0.97080077,1.16967920,-0.36136001,-0.97843756,-1.06467126,0.39042391,0.95786554,0.92896835,-0.40823172,-0.90967780,-0.76648285,-0.06340193,0.01749532,-0.99783533,0.01607156,0.00448128,-0.07865526,-0.06447794,0.00000000,0.00711780
10006140000000,synthetic_50hz_01,307,0.02,90.48007968,90.18365205,13.31005753,13.35836140,13.40149074,3.26444714,125.94975382,1,1,0,0,1,0.62170952,0.00000000,-0.07841150,-0.04680722,-0.05005864,0.03306213,0.04007140,0.02734019,-0.06289719,-0.03218031,-0.00383352,0.09091890,0.02336144,-0.01978368,-0.11631937,-0.01386905,0.04283051,0.13836630,0.00397681,-0.06464252,-0.15642406,-0.03924566,0.07182893,-0.21245971,0.03221690,0.14437442,-0.29824751,-0.02419008,0.12015109,-0.15276555,0.01539540,0.09529263,-0.35367389,-0.00608665,0.16859473,-0.10318726,-0.00346619,0.04886810,-0.39599352,0.25127470,0.91192495,1.25663312,-0.30319455,-0.95817954,-1.19928653,0.34637315,0.97680937,1.10736394,-0.37956565,-0.96727734,-0.98351553,0.40181510,0.92985824,0.83131192,-0.41248004,-0.86563090,-0.65514119,-0.06334652,0.01717112,-0.99784445,0.01635238,0.00399489,-0.07841150,-0.06435857,0.00000000,0.00813186
10006160000000,synthetic_50hz_01,308,0.02,90.53895045,90.25471173,13.34845948,13.40149074,13.44665879,3.27368293,125.93632165,1,1,0,0,1,0.62043509,0.00000000,-0.07814767,-0.04281325,-0.03634393,0.05129654,0.03535902,0.01309432,-0.08009537,-0.02688536,0.01053282,0.10658502,0.01763659,-0.03385628,-0.13000177,-0.00787935,0.05620365,0.14967050,-0.00210505,-0.07693065,-0.16502417,-0.03526803,0.08549541,-0.19426108,0.02751408,0.13017467,-0.31540542,-0.01889773,0.13447433,-0.13714339,0.00966614,0.08125922,-0.36730953,-0.00008561,0.18193337,-0.09193168,-0.00956610,0.03660909,-0.40454411,0.28320238,0.94133504,1.22352267,-0.32987918,-0.97085471,-1.14506831,0.36704542,0.97238419,1.03360109,-0.39362956,-0.94587938,-0.89233468,0.40886518,0.89210442,0.72534184,-0.41231303,-0.81260968,-0.53743706,-0.06328744,0.01684136,-0.99785380,0.01662790,0.00350772,-0.07814767,-0.06423109,0.00000000,0.00914383
10006180000000,synthetic_50hz_01,309,0.02,90.57910085,90.31958956,13.38970319,13.44665879,13.49398444,3.28294338,125.92276080,1,1,0,0,1,0.61916403,0.00000000,-0.07786383,-0.03837938,-0.02229447,0.06891765,0.03028861,-0.00123731,-0.09637817,-0.02132461,0.02473342,0.12106006,0.01174582,-0.04751646,-0.14225173,-0.00182838,0.06892957,0.15934221,-0.00814177,-0.08835541,-0.17183879,-0.03085079,0.09949656,-0.17667554,0.02245355,0.11588927,-0.33164812,-0.01333990,0.14863170,-0.12271216,0.00377126,0.06763842,-0.37951283,0.00597641,0.19462457,-0.08230854,-0.01562057,0.02521371,-0.41130922,0.31194910,0.96059006,1.17760169,-0.35291584,-0.97315258,-1.07898761,0.38370785,0.95765866,0.94926581,-0.40343739,-0.91455499,-0.79217624,0.41153564,0.84508428,0.61224785,-0.40776913,-0.75124939,-0.41466807,-0.06322470,0.01650613,-0.99786335,0.01689803,0.00301985,-0.07786383,-0.06409552,0.00000000,0.01015346
10006200000000,synthetic_50hz_01,310,0.02,90.28312727,90.31229710,13.43350131,13.49398444,13.55542965,3.29222957,125.90907396,1,1,0,0,1,0.61789648,0.00000000,-0.07756006,-0.03355522,-0.00806063,0.08574350,0.02491600,-0.01550294,-0.11157967,-0.01555844,0.03861956,0.13419895,0.00575232,-0.06062275,-0.15294922,0.00421964,0.08087817,0.16728988,-0.01406994,-0.09880183,-0.17680750,-0.02604354,0.11368203,-0.15988505,0.01709110,0.10166999,-0.34680972,-0.00757694,0.16247445,-0.10961693,-0.00222604,0.05457168,-0.39016377,0.01203516,0.20653822,-0.07440937,-0.02156621,0.01479692,-0.41622846,0.33723763,0.96956966,1.11945876,-0.37209130,-0.96513343,-1.00183785,0.39621740,0.93287195,0.85533350,-0.40892038,-0.87371533,-0.68416948,0.40983398,0.78936910,0.49328053,-0.39893189,-0.68226499,-0.28817008,-0.06315831,0.01616556,-0.99787311,0.01716269,0.00253140,-0.07756006,-0.06395190,0.00000000,0.01116049
10006220000000,synthetic_50hz_01,311,0.02,90.08150752,90.26613918,13.48471121,13.55542965,13.62397229,3.30154332,125.89526380,1,1,0,0,1,0.61663261,0.00000000,-0.07723643,-0.02839396,0.00620667,0.10160204,0.01929958,-0.02955289,-0.12554674,-0.00964879,0.05204709,0.14587186,-0.00028018,-0.07304074,-0.16199142,0.01020108,0.09192860,0.17344070,-0.01982787,-0.10816611,-0.17988961,-0.02089949,0.12790089,-0.14406165,0.01148516,0.08766649,-0.36073705,-0.00167081,0.17585845,-0.09798755,-0.00826203,0.04219344,-0.39915954,0.01802705,0.21755349,-0.06830698,-0.02734132,0.00546251,-0.41926110,0.35882965,0.96826140,1.04980279,-0.38723474,-0.94696390,-0.91451864,0.40447567,0.89836498,0.75286848,-0.41005537,-0.82386578,-0.56951277,0.40381299,0.72561415,0.36973775,-0.38592850,-0.60644272,-0.15930302,-0.06308827,0.01581975,-0.99788306,0.01742179,0.00204245,-0.07723643,-0.06380025,0.00000000,0.01216467
10006240000000,synthetic_50hz_01,312,0.02,90.62672988,90.33825732,13.54320087,13.62397229,13.66892289,3.31088704,125.88133300,1,1,0,0,1,0.61537257,0.00000000,-0.07689303,-0.02295183,0.02035752,0.11633278,0.01349980,-0.04324105,-0.13814033,-0.00365856,0.06487792,0.15596522,-0.00628816,-0.08464432,-0.16929357,0.01605359,0.10197040,0.17774111,-0.02535619,-0.11635662,-0.18106428,-0.01547486,0.14200323,-0.12936583,0.00569614,0.07402490,-0.37329110,0.00431559,0.18864559,-0.08793755,-0.01427320,0.03062979,-0.40641535,0.02388970,0.22755991,-0.06405495,-0.03288652,-0.00269788,-0.42038635,0.37652761,0.95675941,0.96945426,-0.39821885,-0.91891386,-0.81802516,0.40842926,0.85457560,0.64301202,-0.40686446,-0.76559952,-0.44946053,0.39356956,0.65455086,0.24295089,-0.36892788,-0.52463118,-0.02943687,-0.06301460,0.01546882,-0.99789319,0.01767524,0.00155310,-0.07689303,-0.06364060,0.00000000,0.01316573
10006260000000,synthetic_50hz_01,313,0.02,90.68181106,90.40696807,13.59600411,13.66892289,13.71241172,3.32026198,125.86728423,1,1,0,0,1,0.61411652,0.00000000,-0.07652995,-0.01728747,0.03424449,0.12978822,0.00757844,-0.05642629,-0.14923679,0.00234908,0.07698129,0.16438280,-0.01220888,-0.09531688,-0.17478957,0.02171668,0.11090444,0.18015708,-0.03059839,-0.12329458,-0.18033057,-0.00982828,0.15584163,-0.11594509,-0.00021414,0.06088633,-0.38434821,0.01031909,0.20070513,-0.07956320,-0.02019679,0.01999734,-0.41186513,0.02956263,0.23645836,-0.06168727,-0.03814532,-0.00960548,-0.41960323,0.39017615,0.93526194,0.87933539,-0.40496054,-0.88135228,-0.71343692,0.40806973,0.80203283,0.52696974,-0.39941408,-0.69959040,-0.32530978,0.37924313,0.57697845,0.11427098,-0.34813843,-0.43773194,0.10006230,-0.06293730,0.01511287,-0.99790350,0.01792297,0.00106345,-0.07652995,-0.06347296,0.00000000,0.01416342
10006280000000,synthetic_50hz_01,314,0.02,90.39398853,90.40437216,13.64489531,13.71241172,13.76618014,3.32966870,125.85312014,1,1,0,0,1,0.61286462,0.00000000,-0.07614727,-0.01146129,0.04772410,0.14183524,0.00159803,-0.06897383,-0.15872891,0.00831129,0.08823502,0.17104636,-0.01798100,-0.10495235,-0.17843246,0.02713231,0.11864385,0.18067427,-0.03550138,-0.12891480,-0.17770716,-0.00402017,0.16927260,-0.10393256,-0.00618318,0.04838555,-0.39380116,0.01627686,0.21191490,-0.07294271,-0.02597149,0.01040217,-0.41546191,0.03498779,0.24416197,-0.06121831,-0.04306462,-0.01519510,-0.41693043,0.39966312,0.90406801,0.78045954,-0.40742117,-0.83474218,-0.60190575,0.40343308,0.74135035,0.40599874,-0.38781382,-0.62658505,-0.19838659,0.36101371,0.49375500,-0.01494514,-0.32380540,-0.34668977,0.22784599,-0.06285637,0.01475202,-0.99791398,0.01816489,0.00057359,-0.07614727,-0.06329737,0.00000000,0.01515749
10006300000000,synthetic_50hz_01,315,0.02,90.26877438,90.37725261,13.69583494,13.76618014,13.82000906,3.33910788,125.83884338,1,1,0,0,1,0.61161702,0.00000000,-0.07574510,-0.00553490,0.06065820,0.15235622,-0.00437878,-0.08075654,-0.16652679,0.01416622,0.09852664,0.17589632,-0.02354524,-0.11345616,-0.18019468,0.03224544,0.12511469,0.17929794,-0.04001599,-0.13316611,-0.17323196,0.00188786,0.18215801,-0.09344584,-0.01214832,0.03664971,-0.40156007,0.02212703,0.22216240,-0.06813567,-0.03153799,0.00193882,-0.41717813,0.04011015,0.25059679,-0.06264280,-0.04759525,-0.01941556,-0.41240588,0.40492017,0.86357317,0.67391997,-0.40560640,-0.77963486,-0.48464337,0.39459880,0.67321931,0.28139428,-0.37221474,-0.54739454,-0.07003247,0.33909955,0.40578813,-0.14334842,-0.29620797,-0.25248265,0.35259650,-0.06277184,0.01438639,-0.99792462,0.01840093,0.00008361,-0.07574510,-0.06311385,0.00000000,0.01614767
10006320000000,synthetic_50hz_01,316,0.02,89.90169528,90.28214114,13.74798807,13.82000906,13.88067716,3.34858025,125.82445660,1,1,0,0,1,0.61037389,0.00000000,-0.07532354,0.00042955,0.07291531,0.16125009,-0.01028990,-0.09165609,-0.17255858,0.01985359,0.10775439,0.17889213,-0.02884488,-0.12074607,-0.18006813,0.03700457,0.13025659,0.17605268,-0.04409740,-0.13601175,-0.16696156,0.00783367,0.19436638,-0.08458600,-0.01804747,0.02579713,-0.40755307,0.02780934,0.23134590,-0.06518262,-0.03683959,-0.00531044,-0.41700570,0.04487822,0.25570246,-0.06593613,-0.05169239,-0.02223012,-0.40608616,0.40592284,0.81426430,0.56087785,-0.39956554,-0.71666324,-0.36290858,0.38168858,0.59840044,0.15447649,-0.35280737,-0.46288547,0.05840924,0.31375455,0.31402531,-0.26961100,-0.26565604,-0.15611164,0.47303974,-0.06268370,0.01401610,-0.99793541,0.01863100,-0.00040638,-0.07532354,-0.06292244,0.00000000,0.01713372
10006340000000,synthetic_50hz_01,317,0.02,89.59409085,90.14453108,13.80371749,13.88067716,13.94176532,3.35808686,125.80996243,1,1,0,0,1,0.60913537,0.00000000,-0.07488270,0.00636998,0.08437185,0.16843316,-0.01607434,-0.10156407,-0.17677100,0.02531527,0.11582815,0.18001245,-0.03382635,-0.12675285,-0.17806406,0.04136220,0.13402321,0.17098200,-0.04770556,-0.13742961,-0.15897045,0.01375517,0.20577411,-0.07743675,-0.02381965,0.01593622,-0.41172689,0.03326567,0.23937527,-0.06410490,-0.04182271,-0.01127640,-0.41495587,0.04924447,0.25943263,-0.07105482,-0.05531598,-0.02361665,-0.39804577,0.40269030,0.75671373,0.44255000,-0.38939058,-0.64653464,-0.23799417,0.36486455,0.51771567,0.02657685,-0.32981931,-0.37397070,0.18560669,0.28526523,0.21944399,-0.39243911,-0.23248681,-0.05859061,0.58795732,-0.06259197,0.01364126,-0.99794634,0.01885504,-0.00089629,-0.07488270,-0.06272316,0.00000000,0.01811539
10006360000000,synthetic_50hz_01,318,0.02,89.44766767,90.00515840,13.86169758,13.94176532,13.99396592,3.36762886,125.79536350,1,1,0,0,1,0.60790162,0.00000000,-0.07442269,0.01222502,0.09491327,0.17383975,-0.02167287,-0.11038293,-0.17912969,0.03049588,0.12267020,0.17925524,-0.03843968,-0.13142083,-0.17421278,0.04527524,0.13638253,0.16414767,-0.05080550,-0.13741226,-0.14935012,0.01959100,0.21626668,-0.07206374,-0.02940561,0.00716452,-0.41404718,0.03844061,0.24617280,-0.06490456,-0.04643738,-0.01590338,-0.41105894,0.05316584,0.26175531,-0.07793707,-0.05843107,-0.02356774,-0.38837619,0.39528466,0.69157252,0.32019615,-0.37521475,-0.57002291,-0.11121373,0.34432723,0.43203928,-0.10097504,-0.30351259,-0.28159975,0.31025264,0.25394755,0.12304157,-0.51058552,-0.19706108,0.03906396,0.69619798,-0.06249667,0.01326201,-0.99795740,0.01907297,-0.00138602,-0.07442269,-0.06251604,0.00000000,0.01909242
10006380000000,synthetic_50hz_01,319,0.02,89.28975548,89.86207782,13.91725028,13.99396592,14.03625014,3.37720687,125.78066242,1,1,0,0,1,0.60667279,0.00000000,-0.07394363,0.01793458,0.10443514,0.17742273,-0.02702854,-0.11802689,-0.17961938,0.03534325,0.12821588,0.17663753,-0.04263900,-0.13470834,-0.16856313,0.04870545,0.13731709,0.15562898,-0.05336770,-0.13596693,-0.13820798,0.02528107,0.22573963,-0.06851412,-0.03474842,-0.00043218,-0.41449867,0.04328201,0.25167382,-0.06756456,-0.05063774,-0.01914972,-0.40536377,0.05660408,0.26265302,-0.08650361,-0.06100812,-0.02209061,-0.37718483,0.38380987,0.61956321,0.19510598,-0.35721076,-0.48796000,0.01611157,0.32031310,0.34228868,-0.22686462,-0.27418067,-0.18674902,0.43107706,0.22014348,0.02582530,-0.62286135,-0.15975945,0.13584298,0.79668825,-0.06239780,0.01287845,-0.99796859,0.01928472,-0.00187549,-0.07394363,-0.06230112,0.00000000,0.02006456
10006400000000,synthetic_50hz_01,320,0.02,89.54171287,89.79800483,13.96723022,14.03625014,14.05189540,3.38682071,125.76586180,1,1,0,0,1,0.60544903,0.00000000,-0.07344564,0.02344045,0.11284404,0.17915374,-0.03208725,-0.12442265,-0.17824386,0.03980896,0.13241410,0.17219513,-0.04638296,-0.13658800,-0.16118193,0.05161972,0.13682399,0.14552178,-0.05536826,-0.13311529,-0.12566617,0.03076716,0.23409957,-0.06681624,-0.03979397,-0.00678059,-0.41308513,0.04774144,0.25582725,-0.07204909,-0.05438243,-0.02098804,-0.39793717,0.05952607,0.26212286,-0.09665858,-0.06302324,-0.01920693,-0.36459385,0.36841025,0.54147188,0.06858617,-0.33558868,-0.40122718,0.14266607,0.29309192,0.24941491,-0.34980518,-0.24214520,-0.09041189,0.54685925,0.18421731,-0.07119774,-0.72814711,-0.12097835,0.23075471,0.88844214,-0.06229538,0.01249072,-0.99797990,0.01949022,-0.00236458,-0.07344564,-0.06207843,0.00000000,0.02103156
10006420000000,synthetic_50hz_01,321,0.02,89.62398419,89.76320070,14.00278960,14.05189540,14.05000248,3.39646841,125.75096425,1,1,0,0,1,0.60423051,0.00000000,-0.07292884,0.02868684,0.12005842,0.17902338,-0.03679825,-0.12951001,-0.17502577,0.04384875,0.13522777,0.16598208,-0.04963507,-0.13704684,-0.15215306,0.05399039,0.13491480,0.13393739,-0.05678914,-0.12889309,-0.11186024,0.03599350,0.24126494,-0.06697950,-0.04449152,-0.01182050,-0.40982924,0.05177464,0.25859599,-0.07830409,-0.05763495,-0.02140538,-0.38886302,0.06190414,0.26017641,-0.10829065,-0.06445837,-0.01495247,-0.35073879,0.34926864,0.45813980,-0.05805269,-0.31059345,-0.31074583,0.26715250,0.26296370,0.15439292,-0.46855017,-0.20775259,0.00641122,0.65643932,0.14655187,-0.16703051,-0.82540302,-0.08112599,0.32283424,0.97056997,-0.06218941,0.01209895,-0.99799131,0.01968941,-0.00285322,-0.07292884,-0.06184799,0.00000000,0.02199318
10006440000000,synthetic_50hz_01,322,0.02,89.61395707,89.73335197,14.02261901,14.05000248,14.03576128,3.40614638,125.73597235,1,1,0,0,1,0.60301736,0.00000000,-0.07239338,0.03362093,0.12600931,0.17704113,-0.04111460,-0.13324236,-0.17000626,0.04742292,0.13663398,0.15807003,-0.05236402,-0.13608637,-0.14157657,0.05579543,0.13161533,0.12100140,-0.05761824,-0.12334976,-0.09693769,0.04090725,0.24716677,-0.06899443,-0.04879412,-0.01550532,-0.40477211,0.05534193,0.25995714,-0.08625794,-0.06036401,-0.02040323,-0.37824139,0.06371630,0.25683948,-0.12127423,-0.06530145,-0.00937664,-0.33576716,0.32660425,0.37045463,-0.18350896,-0.28250219,-0.21746807,0.38830450,0.23025546,0.05821180,-0.58190505,-0.17137036,0.10272274,0.75872900,0.10754457,-0.26069573,-0.91367844,-0.04061822,0.41115275,1.04228610,-0.06207993,0.01170325,-0.99800283,0.01988222,-0.00334129,-0.07239338,-0.06160985,0.00000000,0.02294917
10006460000000,synthetic_50hz_01,323,0.02,89.35546801,89.65777518,14.02813876,14.03576128,14.02047975,3.41584986,125.72088868,1,1,0,0,1,0.60180975,0.00000000,-0.07183939,0.03819335,0.13064086,0.17323507,-0.04499363,-0.13558703,-0.16324441,0.05049672,0.13662417,0.14854734,-0.05454397,-0.13372237,-0.12956758,0.05701869,0.12696529,0.10685232,-0.05784953,-0.11654774,-0.08105646,0.04545905,0.25174923,-0.07283292,-0.05265910,-0.01780238,-0.39797286,0.05840854,0.25990216,-0.09582227,-0.06254377,-0.01799739,-0.36618738,0.06494637,0.25215177,-0.13547082,-0.06554641,-0.00254188,-0.31983688,0.30067015,0.27934129,-0.30650257,-0.25162116,-0.12236708,0.50489875,0.19531781,-0.03813502,-0.68873847,-0.13338336,0.19753767,0.85272154,0.06760340,-0.35124522,-0.99212025,0.00012559,0.49482621,1.10291566,-0.06196693,0.01130375,-0.99801444,0.02006858,-0.00382871,-0.07183939,-0.06136403,0.00000000,0.02389929
10006480000000,synthetic_50hz_01,324,0.02,89.43386149,89.61299244,14.02492198,14.02047975,13.99243386,3.42557385,125.70571582,1,1,0,0,1,0.60060781,0.00000000,-0.07126700,0.04235864,0.13391084,0.16765155,-0.04839729,-0.13652553,-0.15481655,0.05304062,0.13520411,0.13751812,-0.05615476,-0.12998470,-0.11625497,0.05764993,0.12101777,0.09164014,-0.05748303,-0.10856184,-0.06438329,0.04960344,0.25497007,-0.07844865,-0.05604842,-0.01869317,-0.38950779,0.06094493,0.25843679,-0.10689295,-0.06415406,-0.01421771,-0.35282988,0.06558411,0.24616639,-0.15073041,-0.06519329,0.00547698,-0.30311471,0.27175051,0.18575259,-0.42578737,-0.21828248,-0.02642748,0.61576649,0.15852127,-0.13365954,-0.78799277,-0.09418982,0.28989309,0.93750086,0.02714283,-0.43776889,-1.05998036,0.04068670,0.57302361,1.15190013,-0.06185044,0.01090060,-0.99802613,0.02024845,-0.00431538,-0.07126700,-0.06111058,0.00000000,0.02484328
10006500000000,synthetic_50hz_01,325,0.02,89.72683948,89.63576185,14.01127697,13.99243386,13.94840253,3.43531294,125.69045632,1,1,0,0,1,0.59941171,0.00000000,-0.07067637,0.04607568,0.13579093,0.16035454,-0.05129251,-0.13605357,-0.14481537,0.05503055,0.13239372,0.12510112,-0.05718204,-0.12491689,-0.10178014,0.05768495,0.11383865,0.07552479,-0.05652477,-0.09947839,-0.04709202,0.05329930,0.25680097,-0.08577764,-0.05892900,-0.01817343,-0.37946961,0.06292707,0.25558096,-0.11935125,-0.06518053,-0.00910773,-0.33831029,0.06562532,0.23894921,-0.16689309,-0.06424810,0.01459362,-0.28577450,0.24015753,0.09065974,-0.54016294,-0.18284072,0.06936440,0.71980443,0.12025253,-0.22738873,-0.87869362,-0.05419740,0.37885733,1.01224966,-0.01342027,-0.51940331,-1.11662208,0.08065102,0.64497464,1.18880176,-0.06173048,0.01049391,-0.99803790,0.02042175,-0.00480120,-0.07067637,-0.06084953,0.00000000,0.02578092
10006520000000,synthetic_50hz_01,326,0.02,90.00467147,89.70954378,13.98486970,13.94840253,13.89583298,3.44506109,125.67511273,1,1,0,0,1,0.59822158,0.00000000,-0.07006765,0.04930802,0.13626691,0.15142493,-0.05365150,-0.13418110,-0.13334895,0.05644817,0.12822678,0.11142846,-0.05761742,-0.11857563,-0.08629544,0.05712553,0.10550588,0.05867448,-0.05498669,-0.08939435,-0.02936191,0.05651020,0.25722773,-0.09473898,-0.06127306,-0.01625309,-0.36796639,0.06433658,0.25136847,-0.13306502,-0.06561479,-0.00272414,-0.32278097,0.06507180,0.23057818,-0.18379063,-0.06272280,0.02471108,-0.26799549,0.20622824,-0.00495729,-0.64848591,-0.14566923,0.16403013,0.81598497,0.08091051,-0.31837390,-0.95995881,-0.01381910,0.46353881,1.07625659,-0.05367072,-0.59533968,-1.16152539,0.11961318,0.70997663,1.21330687,-0.06160705,0.01008382,-0.99804973,0.02058844,-0.00528608,-0.07006765,-0.06058091,0.00000000,0.02671196
10006540000000,synthetic_50hz_01,327,0.02,89.96185705,89.76000643,13.94747428,13.89583298,13.85315207,3.45481196,125.65968759,1,1,0,0,1,0.59703757,0.00000000,-0.06944099,0.05202429,0.13533873,0.14095964,-0.05545196,-0.13093207,-0.12053958,0.05728093,0.12275058,0.09664430,-0.05745847,-0.11103013,-0.06996272,0.05597945,0.09610864,0.04126408,-0.05288651,-0.07841629,-0.01137578,0.05920473,0.25625028,-0.10523577,-0.06305831,-0.01295611,-0.35512042,0.06516094,0.24584660,-0.14789014,-0.06545442,0.00486384,-0.30640376,0.06393130,0.22114249,-0.20124817,-0.06063511,0.03572279,-0.24996052,0.17032099,-0.10011928,-0.74968061,-0.10715641,0.25660857,0.90336561,0.04090247,-0.40569972,-1.03100615,0.02653072,0.54309435,1.12892231,-0.09319901,-0.66483132,-1.19429111,0.15718032,0.76740089,1.22522795,-0.06148019,0.00967046,-0.99806163,0.02074845,-0.00576993,-0.06944099,-0.06030476,0.00000000,0.02763616
10006560000000,synthetic_50hz_01,328,0.02,89.83548328,89.77510180,13.90785895,13.85315207,13.82640930,3.46456005,125.64418343,1,1,0,0,1,0.59585984,0.00000000,-0.06879656,0.05419837,0.13302040,0.12907061,-0.05667731,-0.12634413,-0.10652251,0.05752222,0.11602531,0.08090331,-0.05670873,-0.10236142,-0.05295164,0.05426030,0.08574640,0.02347334,-0.05024752,-0.06665928,0.00668171,0.06135681,0.25388266,-0.11715606,-0.06426814,-0.00832015,-0.34106697,0.06539351,0.23907553,-0.16367190,-0.06470295,0.01357521,-0.28934832,0.06221744,0.21074160,-0.21908596,-0.05800831,0.04751368,-0.23185424,0.13281182,-0.19385735,-0.84274901,-0.06770180,0.34616513,0.98109740,0.00063991,-0.48849280,-1.09116029,0.06644044,0.61673700,1.16976452,-0.13160527,-0.72720039,-1.21464389,0.19297586,0.81669825,1.22450452,-0.06134990,0.00925396,-0.99807358,0.02090175,-0.00625264,-0.06879656,-0.06002113,0.00000000,0.02855328
10006580000000,synthetic_50hz_01,329,0.02,90.13870973,89.84782339,13.87365010,13.82640930,13.80074672,3.47430158,125.62860277,1,1,0,0,1,0.59468853,0.00000000,-0.06813451,0.05580973,0.12933984,0.11588359,-0.05731678,-0.12046823,-0.09144459,0.05717136,0.10812346,0.06436919,-0.05537766,-0.09266144,-0.03543800,0.05198740,0.07452795,0.00548512,-0.04709832,-0.05424578,0.02462590,0.06294588,0.25015277,-0.13037410,-0.06489180,-0.00239614,-0.32595288,0.06503364,0.23112777,-0.18024662,-0.06336984,0.02331799,-0.27179047,0.05994951,0.19948431,-0.23712112,-0.05487099,0.05996127,-0.21386131,0.09409073,-0.28522215,-0.92677987,-0.02771215,0.43180056,1.04843260,-0.03946537,-0.56592995,-1.13985853,0.10550510,0.68374332,1.19842181,-0.16850306,-0.78184405,-1.22243403,0.22664300,0.85740385,1.21120291,-0.06121622,0.00883447,-0.99808558,0.02104827,-0.00673413,-0.06813451,-0.05973004,0.00000000,0.02946310
10006600000000,synthetic_50hz_01,330,0.02,90.53789036,89.98583678,13.84303068,13.80074672,13.77637990,3.48403385,125.61294810,1,1,0,0,1,0.59352378,0.00000000,-0.06745502,0.05684350,0.12433850,0.10153691,-0.05736550,-0.11336800,-0.07546276,0.05623362,0.09912905,0.04721299,-0.05348050,-0.08203216,-0.01760205,0.04918552,0.06257024,-0.01251637,-0.04347249,-0.04130440,0.04227393,0.06395710,0.24510208,-0.14475156,-0.06492443,0.00475226,-0.30993509,0.06408659,0.22208733,-0.19744324,-0.06147033,0.03399023,-0.25391045,0.05715229,0.18748758,-0.25516945,-0.05125676,0.07293697,-0.19616460,0.05455780,-0.37329301,-1.00095697,0.01240253,0.51265948,1.10473125,-0.07900529,-0.63724574,-1.17665561,0.14333029,0.74345991,1.21465644,-0.20352301,-0.82823978,-1.21763815,0.25784807,0.88914111,1.18551480,-0.06107915,0.00841211,-0.99809761,0.02118797,-0.00721430,-0.06745502,-0.05943155,0.00000000,0.03036537
10006620000000,synthetic_50hz_01,331,0.02,90.24112094,90.03689361,13.81503735,13.77637990,13.78279860,3.49375500,125.59722191,1,1,0,0,1,0.59236573,0.00000000,-0.06675826,0.05729067,0.11807092,0.08618004,-0.05682454,-0.10511916,-0.05874254,0.05472013,0.08913676,0.02961145,-0.05103812,-0.07058451,0.00037334,0.04588465,0.04999728,-0.03034738,-0.03940831,-0.02796860,0.05944648,0.06438144,0.23878510,-0.16013897,-0.06436708,0.01304935,-0.29317912,0.06256349,0.21204890,-0.21508503,-0.05902530,0.04548098,-0.23589112,0.05385579,0.17487539,-0.27304720,-0.04720387,0.08630731,-0.17894344,0.01461927,-0.45718663,-1.06456649,0.05223301,0.58793839,1.14946670,-0.11757939,-0.70173962,-1.20122724,0.17953590,0.79530936,1.21835584,-0.23631631,-0.86594997,-1.20035868,0.28628361,0.91162483,1.14775462,-0.06093871,0.00798702,-0.99810967,0.02132081,-0.00769305,-0.06675826,-0.05912568,0.00000000,0.03125987
10006640000000,synthetic_50hz_01,332,0.02,90.19317278,90.06814945,13.80149708,13.78279860,13.80688419,3.50346534,125.58142670,1,1,0,0,1,0.59121454,0.00000000,-0.06604441,0.05714811,0.11060415,0.06997217,-0.05570087,-0.09580868,-0.04145631,0.05264775,0.07825100,0.01174525,-0.04807677,-0.05843731,0.01830443,0.04211971,0.03693885,-0.04782638,-0.03494832,-0.01437542,0.07596948,0.06421578,0.23126892,-0.17637714,-0.06322674,0.02240814,-0.27585736,0.06048118,0.20111689,-0.23299129,-0.05606098,0.05767144,-0.21791625,0.05009490,0.16177756,-0.29057285,-0.04275487,0.09993525,-0.16237188,-0.02531640,-0.53606538,-1.11700330,0.09137472,0.65689309,1.18223011,-0.15479867,-0.75878227,-1.21337267,0.21375970,0.83879541,1.20953313,-0.26655794,-0.89462568,-1.17082219,0.31167119,0.92466348,1.09835589,-0.06079494,0.00755935,-0.99812176,0.02144674,-0.00817030,-0.06604441,-0.05881249,0.00000000,0.03214637
10006660000000,synthetic_50hz_01,333,0.02,90.57763735,90.17004703,13.80375966,13.80688419,13.83043471,3.51316709,125.56556492,1,1,0,0,1,0.59007034,0.00000000,-0.06531366,0.05641861,0.10201707,0.05308056,-0.05400727,-0.08553395,-0.02378174,0.05003887,0.06658485,-0.00620273,-0.04462782,-0.04571607,0.03600836,0.03793014,0.02352928,-0.06477586,-0.03013891,-0.00066413,0.09167584,0.06346290,0.22263240,-0.19329880,-0.06151617,0.03273126,-0.25814746,0.05786208,0.18940437,-0.25097915,-0.05260877,0.07043610,-0.20016867,0.04590908,0.14832840,-0.30756886,-0.03795615,0.11368152,-0.14661704,-0.06484250,-0.60914520,-1.15777631,0.12943168,0.71884563,1.20273382,-0.19028928,-0.80782140,-1.21301596,0.24566076,0.87350731,1.18832628,-0.29394972,-0.91400959,-1.12937660,0.33376398,0.92816055,1.03786646,-0.06064785,0.00712923,-0.99813386,0.02156572,-0.00864595,-0.06531366,-0.05849201,0.00000000,0.03302463
10006680000000,synthetic_50hz_01,334,0.02,90.81136068,90.29830976,13.81496318,13.83043471,13.86045143,3.52286321,125.54963903,1,1,0,0,1,0.58893327,0.00000000,-0.06456619,0.05511082,0.09239960,0.03567897,-0.05176218,-0.07440178,-0.00589993,0.04692121,0.05425892,-0.02404920,-0.04072749,-0.03255175,0.05330498,0.03335957,0.00990610,-0.08102395,-0.02502988,0.01302514,0.10640697,0.06213146,0.21296546,-0.21073020,-0.05925382,0.04391189,-0.24023055,0.05473391,0.17703197,-0.26886532,-0.04870486,0.08364398,-0.18282856,0.04134196,0.13466544,-0.32386338,-0.03285751,0.12740599,-0.13183748,-0.10355796,-0.67570290,-1.18651267,0.16602023,0.77319050,1.21081359,-0.22369606,-0.84838666,-1.20020619,0.27492262,0.89912344,1.15499629,-0.31822304,-0.92393807,-1.07648731,0.35234894,0.92211514,0.96694269,-0.06049747,0.00669679,-0.99814597,0.02167772,-0.00911990,-0.06456619,-0.05816429,0.00000000,0.03389445
10006700000000,synthetic_50hz_01,335,0.02,91.16636699,90.47192120,13.83406825,13.86045143,13.89174514,3.53255712,125.53365147,1,1,0,0,1,0.58780347,0.00000000,-0.06380218,0.05323914,0.08185178,0.01794591,-0.04898953,-0.06252735,0.01200624,0.04332754,0.04140023,-0.04161223,-0.03641639,-0.01907952,0.07001853,0.02845534,-0.00379126,-0.09640616,-0.01967390,0.02655274,0.12001435,0.06023587,0.20236816,-0.22849282,-0.05646363,0.05583483,-0.22228950,0.05112941,0.16412671,-0.28646786,-0.04438988,0.09715992,-0.16607166,0.03644086,0.12092812,-0.33929190,-0.02751163,0.14096900,-0.11818174,-0.14107122,-0.73508288,-1.20296092,0.20077273,0.81940024,1.20642968,-0.25468586,-0.88009391,-1.17511652,0.30125628,0.91541405,1.10992420,-0.33914134,-0.92434239,-1.01273224,0.36724880,0.90662150,0.88634274,-0.06034382,0.00626218,-0.99815808,0.02178269,-0.00959206,-0.06380218,-0.05782937,0.00000000,0.03475558
10006720000000,synthetic_50hz_01,336,0.02,91.44424420,90.66638580,13.85829254,13.89174514,13.92737841,3.54225227,125.51760466,1,1,0,0,1,0.58668109,0.00000000,-0.06302185,0.05082361,0.07048283,0.00006294,-0.04571850,-0.05003311,0.02975394,0.03929531,0.02814091,-0.05871301,-0.03173921,-0.00543740,0.08597936,0.02326806,-0.01742288,-0.11076688,-0.01412608,0.03978084,0.13236094,0.05779616,0.19094970,-0.24640510,-0.05317477,0.06837765,-0.20450712,0.04708606,0.15082071,-0.30360797,-0.03970852,0.11084589,-0.15006763,0.03125641,0.10725637,-0.35369882,-0.02197359,0.15423272,-0.10578687,-0.17700396,-0.78670326,-1.20699300,0.23334101,0.85703021,1.18966684,-0.28295074,-0.90264858,-1.13804204,0.32440286,0.92224316,1.05360696,-0.35650229,-0.91524905,-0.93879589,0.37832360,0.88186788,0.79691891,-0.06018692,0.00582555,-0.99817019,0.02188060,-0.01006235,-0.06302185,-0.05748729,0.00000000,0.03560782
10006740000000,synthetic_50hz_01,337,0.02,90.98841443,90.73079153,13.88730861,13.92737841,13.99452639,3.55195210,125.50150103,1,1,0,0,1,0.58556627,0.00000000,-0.06222538,0.04788970,0.05841003,-0.01778707,-0.04198322,-0.03704754,0.04716218,0.03486635,0.01461696,-0.07517757,-0.02674426,0.00823504,0.10102556,0.01785112,-0.03084962,-0.12396094,-0.00844332,0.05257478,0.14332247,0.05483780,0.17882738,-0.26428418,-0.04942137,0.08141186,-0.18706445,0.04264568,0.13724997,-0.32011167,-0.03470907,0.12456232,-0.13497838,0.02584199,0.09378931,-0.36693898,-0.01630032,0.16706251,-0.09477712,-0.21099468,-0.83006121,-1.19860511,0.26339970,0.88572264,1.16073312,-0.30821078,-0.91584828,-1.08939665,0.34413601,0.91956959,0.98665236,-0.37013963,-0.89677927,-0.85546243,0.38547196,0.84813440,0.69960912,-0.06002680,0.00538702,-0.99818228,0.02197143,-0.01053066,-0.06222538,-0.05713811,0.00000000,0.03645095
10006760000000,synthetic_50hz_01,338,0.02,91.13804163,90.81224155,13.93234008,13.99452639,14.06388973,3.56166143,125.48534296,1,1,0,0,1,0.58445913,0.00000000,-0.06141298,0.04446802,0.04575762,-0.03542179,-0.03782243,-0.02370395,0.06405347,0.03008639,0.00096689,-0.09083846,-0.02148296,0.02179805,0.11500453,0.01226015,-0.04393454,-0.13585497,-0.00268389,0.06480438,0.15278864,0.05139140,0.16612543,-0.28194771,-0.04524218,0.09480415,-0.17013893,0.03785401,0.12355301,-0.33581150,-0.02944297,0.13816947,-0.12095652,0.02025324,0.08066388,-0.37887898,-0.01055007,0.17932816,-0.08526280,-0.24270218,-0.86473765,-1.17791746,0.29064927,0.90520990,1.11995752,-0.33021680,-0.91958453,-1.02970869,0.36026403,0.90744712,0.90977287,-0.37992468,-0.86914757,-0.76360788,0.38863193,0.80579010,0.59542772,-0.05986348,0.00494675,-0.99819436,0.02205513,-0.01099691,-0.06141298,-0.05678186,0.00000000,0.03728474
10006780000000,synthetic_50hz_01,339,0.02,91.36730085,90.92325341,13.98759093,14.06388973,14.13190955,3.57138552,125.46913285,1,1,0,0,1,0.58335982,0.00000000,-0.06058486,0.04059407,0.03265558,-0.05266111,-0.03327911,-0.01013916,0.08025564,0.02500470,-0.01266959,-0.10553636,-0.01600938,0.03511306,0.12777442,0.00655251,-0.05654421,-0.14632869,0.00309327,0.07634516,0.16066423,0.04749247,0.15297384,-0.29921559,-0.04068017,0.10841771,-0.15390276,0.03276029,0.10986955,-0.35054816,-0.02396429,0.15152875,-0.10814390,0.01454751,0.06801354,-0.38939856,-0.00478180,0.19090520,-0.07733915,-0.27180878,-0.89040110,-1.14517284,0.31481889,0.91531685,1.06778667,-0.34875262,-0.91384360,-0.95961571,0.37263165,0.88602380,0.82377858,-0.38576753,-0.83265953,-0.66419153,0.38778156,0.75528929,0.48545553,-0.05969699,0.00450487,-0.99820642,0.02213169,-0.01146100,-0.06058486,-0.05641859,0.00000000,0.03810899
10006800000000,synthetic_50hz_01,340,0.02,91.57349816,91.05330236,14.04820475,14.13190955,14.19957339,3.58112934,125.45287307,1,1,0,0,1,0.58226847,0.00000000,-0.05974123,0.03630787,0.01923838,-0.06932892,-0.02840009,0.00350784,0.09560344,0.01967351,-0.02615292,-0.11912166,-0.01037974,0.04804401,0.13920556,0.00078671,-0.06854996,-0.15527609,0.00882900,0.08707958,0.16686994,0.04318102,0.13950707,-0.31591171,-0.03578218,0.12211351,-0.13852119,0.02741679,0.09633913,-0.36417202,-0.01832923,0.16450411,-0.09667018,0.00878331,0.05596694,-0.39839171,0.00094535,0.20167609,-0.07108545,-0.29802340,-0.90681077,-1.10073416,0.33566902,0.91596244,1.00478028,-0.36363714,-0.89870649,-0.87985811,0.38112143,0.85554041,0.72956923,-0.38761782,-0.78770870,-0.55824652,0.38293900,0.69716698,0.37082930,-0.05952737,0.00406154,-0.99821844,0.02220108,-0.01192284,-0.05974123,-0.05604836,0.00000000,0.03892348
10006820000000,synthetic_50hz_01,341,0.02,91.64806992,91.17225587,14.11177958,14.19957339,14.27174968,3.59089736,125.43656597,1,1,0,0,1,0.58118522,0.00000000,-0.05888231,0.03165360,0.00564366,-0.08525484,-0.02323555,0.01709717,0.10994018,0.01414761,-0.03934508,-0.13145589,-0.00465178,0.06045866,0.14918167,-0.00497815,-0.07982918,-0.16260648,0.01446457,0.09689819,0.17134326,0.03850123,0.12586277,-0.33186569,-0.03059838,0.13575172,-0.12415089,0.02187828,0.08309979,-0.37654462,-0.01259556,0.17696331,-0.08665164,0.00301974,0.04464669,-0.40576772,0.00657264,0.21153138,-0.06656422,-0.32108427,-0.91381880,-1.04508077,0.35299365,0.90716038,0.93160566,-0.37472605,-0.87434812,-0.79127193,0.38565493,0.81632798,0.62812545,-0.38546520,-0.73477273,-0.44686983,0.37416233,0.63203364,0.25273074,-0.05935462,0.00361689,-0.99823043,0.02226328,-0.01238235,-0.05888231,-0.05567120,0.00000000,0.03972801
10006840000000,synthetic_50hz_01,342,0.02,91.83297894,91.30440048,14.17896702,14.27174968,14.34310414,3.60069369,125.42021390,1,1,0,0,1,0.58011020,0.00000000,-0.05800831,0.02667912,-0.00798909,-0.10027585,-0.01783858,0.03048951,0.12311926,0.00848374,-0.05211090,-0.14241308,0.00111569,0.07222992,0.15760107,-0.01068296,-0.09026651,-0.16824534,0.01994222,0.10570068,0.17403903,0.03350098,0.11218044,-0.34691450,-0.02518187,0.14919297,-0.11093850,0.01620150,0.07028669,-0.38753998,-0.00682206,0.18877925,-0.07818999,-0.00268408,0.03416817,-0.41145209,0.01204233,0.22037075,-0.06382061,-0.34076150,-0.91137162,-0.97880381,0.36662230,0.88901899,0.84903123,-0.38191322,-0.84103554,-0.69478068,0.38619339,0.76880463,0.52049928,-0.37933943,-0.67440874,-0.33121164,0.36154894,0.56056932,0.13237502,-0.05917879,0.00317106,-0.99824238,0.02231826,-0.01283944,-0.05800831,-0.05528717,0.00000000,0.04052237
10006860000000,synthetic_50hz_01,343,0.02,92.36585232,91.51669085,14.24790461,14.34310414,14.40031242,3.61052192,125.40381918,1,1,0,0,1,0.57904354,0.00000000,-0.05711947,0.02143560,-0.02151986,-0.11423789,-0.01226465,0.04354737,0.13500558,0.00274009,-0.06431939,-0.15188100,0.00686346,0.08323705,0.16437762,-0.01626913,-0.09975495,-0.17213515,0.02520576,0.11339686,0.17492995,0.02823142,0.09860008,-0.36090410,-0.01958812,0.16229980,-0.09901907,0.01044465,0.05803085,-0.39704588,-0.00106797,0.19983119,-0.07137134,-0.00826958,0.02463836,-0.41538728,0.01729819,0.22810403,-0.06288194,-0.35685930,-0.89951050,-0.90260049,0.37642170,0.86174013,0.75791906,-0.38513169,-0.79912538,-0.59138647,0.38273815,0.71347148,0.40780393,-0.36931009,-0.60724787,-0.21246422,0.34523465,0.48351701,0.01099906,-0.05899990,0.00272421,-0.99825428,0.02236602,-0.01329400,-0.05711947,-0.05489633,0.00000000,0.04130635
10006880000000,synthetic_50hz_01,344,0.02,92.05984440,91.62532156,14.31191589,14.40031242,14.47779229,3.62038436,125.38738412,1,1,0,0,1,0.57798538,0.00000000,-0.05621600,0.01597696,-0.03480953,-0.12699741,-0.00657107,0.05613648,0.14547695,-0.00302427,-0.07584500,-0.15976231,0.01253241,0.09336687,0.16944165,-0.02167924,-0.10819693,-0.17423592,0.03020105,0.11990762,0.17400687,0.02274647,0.08526081,-0.37369092,-0.01387444,0.17493793,-0.08851484,0.00466678,0.04645778,-0.40496497,0.00460762,0.21000596,-0.06626537,-0.01367932,0.01615485,-0.41753329,0.02228611,0.23465208,-0.06375735,-0.36921788,-0.87837121,-0.81726742,0.38229703,0.82561730,0.65921664,-0.38435438,-0.74906046,-0.48216033,0.37533061,0.65090786,0.29120312,-0.35548589,-0.53398928,-0.09185038,0.32539234,0.40167553,-0.11015044,-0.05881799,0.00227647,-0.99826614,0.02240652,-0.01374596,-0.05621600,-0.05449871,0.00000000,0.04207976
10006900000000,synthetic_50hz_01,345,0.02,91.62395073,91.62504740,14.38158398,14.47779229,14.57611566,3.63028365,125.37091101,1,1,0,0,1,0.57693584,0.00000000,-0.05529814,0.01035936,-0.04772118,-0.13842277,-0.00081646,0.06812711,0.15442522,-0.00874998,-0.08656891,-0.16597553,0.01806416,0.10251489,0.17274068,-0.02685753,-0.11550531,-0.17452563,0.03487659,0.12516566,0.17127893,0.01710231,0.07229956,-0.38514331,-0.00809944,0.18697762,-0.07953393,-0.00107273,0.03568632,-0.41121576,0.01014630,0.21919905,-0.06292457,-0.01885754,0.00880476,-0.41786814,0.02695459,0.23994762,-0.06643771,-0.37771503,-0.84818278,-0.72369295,0.38419294,0.78103294,0.55394770,-0.37959438,-0.69136554,-0.36823188,0.36405194,0.58176576,0.17189976,-0.33801371,-0.45539340,0.02938831,0.30223039,0.31589184,-0.22982910,-0.05863307,0.00182800,-0.99827793,0.02243977,-0.01419523,-0.05529814,-0.05409436,0.00000000,0.04284240
10006920000000,synthetic_50hz_01,346,0.02,91.87838677,91.67571527,14.46328729,14.57611566,14.66455278,3.64022343,125.35440214,1,1,0,0,1,0.57589505,0.00000000,-0.05436613,0.00464068,-0.06012148,-0.14839556,0.00493986,0.07939533,0.16175748,-0.01437798,-0.09638017,-0.17045587,0.02340157,0.11058633,0.17423993,-0.03175049,-0.12160423,-0.17300057,0.03918403,0.12911623,0.16677353,0.01135681,0.05984966,-0.39514287,-0.00232246,0.19829495,-0.07216927,-0.00671482,0.02582743,-0.41573348,0.01549096,0.22731570,-0.06138371,-0.02375075,0.00266397,-0.41638808,0.03125528,0.24393588,-0.07089562,-0.38226742,-0.80926543,-0.62284871,0.38209413,0.72845477,0.44320245,-0.37090489,-0.62664241,-0.25077845,0.34902229,0.50676366,0.05112439,-0.31707721,-0.37227468,0.15000361,0.27599065,0.22705284,-0.34680693,-0.05844519,0.00137893,-0.99828967,0.02246575,-0.01464171,-0.05436613,-0.05368336,0.00000000,0.04359407
10006940000000,synthetic_50hz_01,347,0.02,91.85467024,91.71150626,14.54781879,14.66455278,14.75530395,3.65020709,125.33785977,1,1,0,0,1,0.57486314,0.00000000,-0.05342019,-0.00112004,-0.07188197,-0.15681181,0.01063839,0.08982424,0.16739696,-0.01985004,-0.10517683,-0.17315596,0.02848939,0.11749712,0.17392281,-0.03630739,-0.12642992,-0.16967537,0.04307862,0.13171769,0.16053612,0.00556901,0.04803957,-0.40358565,0.00339701,0.20877300,-0.06649763,-0.01220127,0.01698306,-0.41847075,0.02058632,0.23427182,-0.06165940,-0.02830820,-0.00220375,-0.41310774,0.03514342,0.24657524,-0.07708563,-0.38283142,-0.76202766,-0.51578035,0.37602559,0.66843149,0.32812708,-0.35837878,-0.55556413,-0.13101376,0.33039973,0.42667960,-0.06987676,-0.29289511,-0.28549370,0.26875269,0.24694618,0.13607688,-0.45988036,-0.05825437,0.00092942,-0.99830134,0.02248445,-0.01508533,-0.05342019,-0.05326573,0.00000000,0.04433458
10006960000000,synthetic_50hz_01,348,0.02,91.88277866,91.74576074,14.63496256,14.75530395,14.84557275,3.66023769,125.32128614,1,1,0,0,1,0.57384025,0.00000000,-0.05246059,-0.00686319,-0.08288035,-0.16358312,0.01622010,0.09930516,0.17128385,-0.02510937,-0.11286696,-0.17404639,0.03327472,0.12317476,0.17179109,-0.04048076,-0.12993137,-0.16458297,0.04651971,0.13294199,0.15262985,-0.00020147,0.03699160,-0.41038321,0.00899994,0.21830312,-0.06257881,-0.01747528,0.00924512,-0.41939815,0.02537950,0.23999491,-0.06374986,-0.03248243,-0.00574739,-0.40806007,0.03857836,0.24783764,-0.08494459,-0.37940367,-0.70696246,-0.40359748,0.36605245,0.60158762,0.20991274,-0.34214778,-0.47886873,-0.01017612,0.30837882,0.34234383,-0.18985388,-0.26571916,-0.19594899,0.38441031,0.21539869,0.04390486,-0.56788401,-0.05806065,0.00047960,-0.99831294,0.02249586,-0.01552598,-0.05246059,-0.05284155,0.00000000,0.04506374
10006980000000,synthetic_50hz_01,349,0.02,91.48969915,91.69454842,14.72341884,14.84557275,14.95107961,3.67031793,125.30468349,1,1,0,0,1,0.57282649,0.00000000,-0.05148755,-0.01252917,-0.09300172,-0.16863751,0.02162694,0.10773877,0.17337602,-0.03010119,-0.11936965,-0.17311602,0.03770761,0.12755905,0.16786500,-0.04422690,-0.13207086,-0.15777436,0.04947111,0.13277501,0.14313501,-0.00589504,0.02682063,-0.41546360,0.01442828,0.22678595,-0.06045494,-0.02248208,0.00269456,-0.41850454,0.02982054,0.24442477,-0.06763485,-0.03622974,-0.00792924,-0.40129607,0.04152392,0.24770894,-0.09439221,-0.37202123,-0.64464281,-0.28746307,0.35227948,0.52861761,0.08978402,-0.32238134,-0.39735212,0.11048354,0.28318880,0.25463077,-0.30756581,-0.23583179,-0.10456831,0.49578082,0.18167565,-0.04850891,-0.66970223,-0.05786406,0.00002963,-0.99832447,0.02249998,-0.01596360,-0.05148755,-0.05241086,0.00000000,0.04578137
10007000000000,synthetic_50hz_01,350,0.02,91.49285136,91.65420901,14.81903636,14.95107961,15.05332264,3.68045092,125.28805401,1,1,0,0,1,0.57182198,0.00000000,-0.05050133,-0.01805897,-0.10213977,-0.17192030,0.02680248,0.11503605,0.17364948,-0.03477327,-0.12461579,-0.17037227,0.04174152,0.13060280,0.16218314,-0.04750634,-0.13282447,-0.14931820,0.05190154,0.13121674,0.13214834,-0.01145269,0.01763301,-0.41877212,0.01962560,0.23413250,-0.06015002,-0.02716942,-0.00259954,-0.41579735,0.03386291,0.24751421,-0.07327579,-0.03951066,-0.00872536,-0.39288438,0.04394881,0.24618916,-0.10533175,-0.36076137,-0.57571629,-0.16858222,0.33485017,0.45027930,-0.03101291,-0.29928508,-0.31186054,0.22971393,0.25509147,0.16445070,-0.42179218,-0.20354344,-0.01229966,0.60170997,0.14612717,-0.14020598,-0.76428018,-0.05766463,-0.00042035,-0.99833592,0.02249682,-0.01639808,-0.05050133,-0.05197371,0.00000000,0.04648727
10007020000000,synthetic_50hz_01,351,0.02,91.82932579,91.68923237,14.91743660,15.05332264,15.13987535,3.69063958,125.27139992,1,1,0,0,1,0.57082686,0.00000000,-0.04950219,-0.02339477,-0.11019781,-0.17339469,0.03169246,0.12111931,0.17209873,-0.03907644,-0.12854888,-0.16584109,0.04533383,0.13227233,0.15480216,-0.05028422,-0.13218231,-0.13930022,0.05378490,0.12828141,0.11978219,-0.01681659,0.00952539,-0.42027199,0.02453762,0.24026506,-0.06166954,-0.03148816,-0.00658067,-0.41130251,0.03746398,0.24922956,-0.08061602,-0.04229032,-0.00812588,-0.38291073,0.04582694,0.24329250,-0.11765088,-0.34574097,-0.50089909,-0.04819052,0.31394556,0.36738675,-0.15122247,-0.27309894,-0.22328247,0.34627564,0.22437876,0.07274086,-0.53134552,-0.16918963,0.07989790,0.70109646,0.10912268,-0.23023317,-0.85063447,-0.05746239,-0.00087019,-0.99834729,0.02248637,-0.01682936,-0.04950219,-0.05153017,0.00000000,0.04718128
10007040000000,synthetic_50hz_01,352,0.02,91.92155055,91.73569600,15.01086088,15.13987535,15.22272955,3.70088564,125.25472338,1,1,0,0,1,0.56984125,0.00000000,-0.04849037,-0.02848049,-0.11708986,-0.17304228,0.03624530,0.12592297,0.16873694,-0.04296514,-0.13112565,-0.15956684,0.04844628,0.13254792,0.14579636,-0.05253068,-0.13014878,-0.12782249,0.05510061,0.12399738,0.10616345,-0.02193066,0.00258377,-0.41994478,0.02911279,0.24511805,-0.06500035,-0.03539271,-0.00920556,-0.40506441,0.04058549,0.24955109,-0.08958125,-0.04453887,-0.00613517,-0.37147719,0.04713772,0.23904735,-0.13122269,-0.32711555,-0.42096921,0.07245799,0.28978253,0.28080247,-0.26959194,-0.24409495,-0.13254006,0.45895344,0.19136999,-0.01954354,-0.63508309,-0.13312775,0.17106369,0.79290300,0.07104738,-0.31765200,-0.92786314,-0.05725739,-0.00131975,-0.99835858,0.02246863,-0.01725733,-0.04849037,-0.05108028,0.00000000,0.04786321
10007060000000,synthetic_50hz_01,353,0.02,92.29984615,91.84852603,15.09984572,15.22272955,15.29131268,3.71119000,125.23802656,1,1,0,0,1,0.56886526,0.00000000,-0.04746614,-0.03326239,-0.12274157,-0.17086333,0.04041268,0.12939432,0.16359594,-0.04639786,-0.13231657,-0.15161200,0.05104536,0.13142408,0.13525701,-0.05422120,-0.12674257,-0.11500250,0.05583382,0.11840701,0.09143242,-0.02674117,-0.00311749,-0.41779077,0.03330278,0.24863876,-0.07011061,-0.03884157,-0.01044467,-0.39714549,0.04319393,0.24847329,-0.10008020,-0.04623178,-0.00277195,-0.35870126,0.04786631,0.23349604,-0.14590689,-0.30507791,-0.33675915,0.19210310,0.26261193,0.19142916,-0.38488393,-0.21257472,-0.04058017,0.56656838,0.15640889,-0.11143877,-0.73191839,-0.09573371,0.26024487,0.87616686,0.03229849,-0.40154799,-0.99515503,-0.05704965,-0.00176889,-0.99836978,0.02244361,-0.01768192,-0.04746614,-0.05062412,0.00000000,0.04853288
10007080000000,synthetic_50hz_01,354,0.02,92.03753098,91.88632702,15.18026184,15.29131268,15.37236782,3.72155228,125.22131159,1,1,0,0,1,0.56789902,0.00000000,-0.04642975,-0.03768962,-0.12709097,-0.16687694,0.04415004,0.13149413,0.15672601,-0.04933759,-0.13210625,-0.14205660,0.05310271,0.12890969,0.12329163,-0.05533686,-0.12199660,-0.10097211,0.05597562,0.11156629,0.07574152,-0.03119726,-0.00751643,-0.41382905,0.03706301,0.25078797,-0.07695004,-0.04179774,-0.01028260,-0.38762581,0.04526095,0.24600505,-0.11200537,-0.04735014,0.00193088,-0.34471477,0.04800380,0.22669457,-0.16155107,-0.27985649,-0.24914795,0.30949089,0.23271623,0.10020098,-0.49588864,-0.17886665,0.05163483,0.66798968,0.11986026,-0.20198199,-0.82083228,-0.05739824,0.34650591,0.95000989,-0.00671859,-0.48103991,-1.05179828,-0.05683921,-0.00221745,-0.99838089,0.02241132,-0.01810304,-0.04642975,-0.05016173,0.00000000,0.04919013
10007100000000,synthetic_50hz_01,355,0.02,92.09980390,91.92902240,15.26094635,15.37236782,15.45060026,3.73197223,125.20458061,1,1,0,0,1,0.56694264,0.00000000,-0.04538148,-0.04171474,-0.13008928,-0.16112095,0.04741702,0.13219714,0.14819557,-0.05175224,-0.13049370,-0.13099764,0.05459543,0.12502806,0.11002299,-0.05586460,-0.11595780,-0.08587633,0.05552317,0.10354443,0.05925381,-0.03525148,-0.01056426,-0.40809747,0.04035313,0.25154040,-0.08545023,-0.04422912,-0.00871838,-0.37660235,0.04676363,0.24216969,-0.12523397,-0.04788089,0.00792640,-0.32966276,0.04754735,0.21871214,-0.17799216,-0.25171327,-0.15905272,0.42338624,0.20040693,0.00807448,-0.60143611,-0.14332277,0.14313655,0.76214630,0.08210655,-0.29022089,-0.90088345,-0.01852315,0.42893803,1.01364772,-0.04559427,-0.55528868,-1.09718805,-0.05662611,-0.00266529,-0.99839191,0.02237177,-0.01852062,-0.04538148,-0.04969317,0.00000000,0.04983479
10007120000000,synthetic_50hz_01,356,0.02,92.63481687,92.07018129,15.34060099,15.45060026,15.50813414,3.74244951,125.18783571,1,1,0,0,1,0.56599624,0.00000000,-0.04432160,-0.04529421,-0.13170145,-0.15365175,0.05017793,0.13149244,0.13809058,-0.05361500,-0.12749244,-0.11854820,0.05550632,0.11981678,0.09558801,-0.05579737,-0.10868674,-0.06987198,0.05447976,0.09442321,0.04214151,-0.03886030,-0.01222593,-0.40065242,0.04313746,0.25088514,-0.09552520,-0.04610888,-0.00576552,-0.36418819,0.04768480,0.23700479,-0.13962910,-0.04781698,0.01515403,-0.31370203,0.04650023,0.20963054,-0.19505794,-0.22094138,-0.06741978,0.53258524,0.16602165,-0.08398082,-0.70040814,-0.10631544,0.23296020,0.84803794,0.04354410,-0.37522324,-0.97121842,0.02048263,0.50666841,1.06639822,-0.08391884,-0.62350610,-1.13083326,-0.05641039,-0.00311227,-0.99840283,0.02232497,-0.01893457,-0.04432160,-0.04921850,0.00000000,0.05046669
10007140000000,synthetic_50hz_01,357,0.02,92.89762268,92.23566957,15.41096492,15.50813414,15.55896786,3.75298266,125.17107898,1,1,0,0,1,0.56505994,0.00000000,-0.04325037,-0.04838890,-0.13190665,-0.14454388,0.05240215,0.12938369,0.12651389,-0.05490462,-0.12313054,-0.10483645,0.05582417,0.11332748,0.08013652,-0.05513428,-0.10025713,-0.05312622,0.05285485,0.08429633,0.02458427,-0.04198459,-0.01248062,-0.39156842,0.04538537,0.24882586,-0.10707212,-0.04741581,-0.00145208,-0.35051151,0.04801321,0.23056198,-0.15504093,-0.04715752,0.02354004,-0.29699974,0.04487193,0.19954347,-0.21256878,-0.18786242,0.02478465,0.63592749,0.12992092,-0.17499200,-0.79174983,-0.06823373,0.32015426,0.92474565,0.00457933,-0.45608632,-1.03108062,0.05920709,0.57886920,1.10768906,-0.12128654,-0.68496301,-1.15236230,-0.05619207,-0.00355824,-0.99841366,0.02227093,-0.01934480,-0.04325037,-0.04873778,0.00000000,0.05108567
10007160000000,synthetic_50hz_01,358,0.02,93.43058279,92.47465222,15.47312615,15.55896786,15.59368311,3.76356945,125.15431248,1,1,0,0,1,0.56413386,0.00000000,-0.04216806,-0.05096449,-0.13069860,-0.13388940,0.05406446,0.12588923,0.11358430,-0.05560574,-0.11745041,-0.09000450,0.05554387,0.10562544,0.06382984,-0.05388065,-0.09075525,-0.03581493,0.05066402,0.07326853,0.00676747,-0.04459003,-0.01132203,-0.38093753,0.04707164,0.24538089,-0.11997220,-0.04813451,0.00417952,-0.33571442,0.04774378,0.22290654,-0.17130813,-0.04590781,0.03299820,-0.27973177,0.04267802,0.18855566,-0.23033928,-0.15282343,0.11658393,0.73230812,0.09248474,-0.26399255,-0.87448071,-0.02947967,0.40379015,0.99144162,-0.03437531,-0.53194629,-1.07981880,0.09723923,0.64476616,1.13706430,-0.15729970,-0.73899713,-1.16152771,-0.05597121,-0.00400305,-0.99842438,0.02220969,-0.01975125,-0.04216806,-0.04825108,0.00000000,0.05169157
10007180000000,synthetic_50hz_01,359,0.02,93.38078404,92.65587858,15.52376007,15.59368311,15.63715049,3.77420662,125.13753827,1,1,0,0,1,0.56321810,0.00000000,-0.04107496,-0.05299189,-0.12808578,-0.12179715,0.05514539,0.12104201,0.09943551,-0.05570902,-0.11050854,-0.07420710,0.05466654,0.09678906,0.04683927,-0.05204800,-0.08027910,-0.01812104,0.04792889,0.06145466,-0.01111964,-0.04664752,-0.00875865,-0.36886861,0.04817679,0.24058318,-0.13409171,-0.04825568,0.01107280,-0.31995165,0.04687762,0.21411686,-0.18825940,-0.04407940,0.04343047,-0.26208105,0.03994010,0.17678196,-0.24818020,-0.11619357,0.20700085,0.82068930,0.05410892,-0.35003211,-0.94770518,0.00953571,0.48297179,1.04739828,-0.07290542,-0.60198716,-1.11689441,0.13417324,0.70364696,1.15418994,-0.19157277,-0.78502029,-1.15820964,-0.05574783,-0.00444657,-0.99843501,0.02214124,-0.02015382,-0.04107496,-0.04775845,0.00000000,0.05228424
10007200000000,synthetic_50hz_01,360,0.02,93.79768898,92.88424066,15.57138405,15.63715049,15.66938350,3.78489109,125.12075837,1,1,0,0,1,0.56231278,0.00000000,-0.03997135,-0.05444757,-0.12409151,-0.10839181,0.05563142,0.11488944,0.08421497,-0.05521140,-0.10237506,-0.05761016,0.05319960,0.08690915,0.02934443,-0.04965403,-0.06893761,-0.00023268,0.04467692,0.04897857,-0.02888577,-0.04813354,-0.00481378,-0.35548634,0.04868732,0.23448014,-0.14928323,-0.04777621,0.01915763,-0.30338911,0.04542215,0.20428375,-0.20571514,-0.04168998,0.05472795,-0.24423571,0.03668566,0.16434622,-0.26590026,-0.07836062,0.29506746,0.90011142,0.01520120,-0.43218626,-1.01062237,0.04839649,0.55684493,1.09199660,-0.11059887,-0.66544950,-1.14188806,0.16961265,0.75486886,1.15885836,-0.22373641,-0.82252499,-1.14241823,-0.05552198,-0.00488864,-0.99844553,0.02206562,-0.02055245,-0.03997135,-0.04725995,0.00000000,0.05286353
10007220000000,synthetic_50hz_01,361,0.02,93.84688457,93.07676944,15.61254382,15.66938350,15.70609961,3.79561954,125.10397480,1,1,0,0,1,0.56141801,0.00000000,-0.03885750,-0.05531387,-0.11875382,-0.09381279,0.05551524,0.10749302,0.06808241,-0.05411608,-0.09313314,-0.04038918,0.05115672,0.07608820,0.01153151,-0.04672250,-0.05684959,0.01765861,0.04094124,0.03597199,-0.04633963,-0.04903042,0.00047453,-0.34093010,0.04859590,0.22713326,-0.16538701,-0.04669934,0.02835084,-0.28620232,0.04339104,0.19350970,-0.22348913,-0.03876329,0.06677181,-0.22638729,0.03294782,0.15138016,-0.28330816,-0.03972719,0.37983503,0.96970353,-0.02382281,-0.50956617,-1.06253510,0.08668599,0.62460627,1.12473329,-0.14704998,-0.72163869,-1.15450489,0.20317444,0.79786592,1.15099158,-0.25344129,-0.85109031,-1.11429465,-0.05529370,-0.00532913,-0.99845595,0.02198286,-0.02094704,-0.03885750,-0.04675565,0.00000000,0.05342928
10007240000000,synthetic_50hz_01,362,0.02,94.24110372,93.30963630,15.65183725,15.70609961,15.73279068,3.80638899,125.08718953,1,1,0,0,1,0.56053390,0.00000000,-0.03773371,-0.05557927,-0.11212526,-0.07821295,0.05479586,0.09892787,0.05120844,-0.05243266,-0.08287834,-0.02272758,0.04855780,0.06443939,-0.00640854,-0.04328300,-0.04414263,0.03535989,0.03676032,0.02257321,-0.06329181,-0.04932664,0.00705372,-0.32535277,0.04790155,0.21861767,-0.18223245,-0.04503466,0.03855687,-0.26857468,0.04080418,0.18190790,-0.24139046,-0.03532895,0.07943448,-0.20872872,0.02876505,0.13802208,-0.30021449,-0.00070674,0.46038393,1.02869308,-0.06254376,-0.58132800,-1.10285805,0.12399109,0.68551211,1.14522711,-0.18186371,-0.76993259,-1.15457874,0.23449310,0.83215555,1.13064332,-0.28036195,-0.87038708,-1.07411093,-0.05506302,-0.00576790,-0.99846627,0.02189297,-0.02133753,-0.03773371,-0.04624561,0.00000000,0.05398136
10007260000000,synthetic_50hz_01,363,0.02,94.77785746,93.60328053,15.68583769,15.73279068,15.74554978,3.81719636,125.07040454,1,1,0,0,1,0.55966056,0.00000000,-0.03660026,-0.05523850,-0.10427254,-0.06175717,0.05347868,0.08928215,0.03377284,-0.05017704,-0.07171770,-0.00481483,0.04542877,0.05208561,-0.02428200,-0.03937077,-0.03095186,0.05267876,0.03217770,0.00892575,-0.07955677,-0.04901693,0.01485712,-0.30891922,0.04660966,0.20902151,-0.19963979,-0.04279806,0.04966868,-0.25069567,0.03768752,0.16960121,-0.25922539,-0.03142219,0.09258081,-0.19145240,0.02418087,0.12441551,-0.31643374,0.03828057,0.53583334,1.07641488,-0.10054286,-0.64668205,-1.13112488,0.15990645,0.73888661,1.15322402,-0.21465987,-0.80978872,-1.14207518,0.26322454,0.85734425,1.09799978,-0.30420033,-0.88018214,-1.02226853,-0.05482999,-0.00620479,-0.99847648,0.02179599,-0.02172384,-0.03660026,-0.04572990,0.00000000,0.05451962
10007280000000,synthetic_50hz_01,364,0.02,94.92586114,93.86779665,15.71091677,15.74554978,15.76144899,3.82803798,125.05362178,1,1,0,0,1,0.55879810,0.00000000,-0.03545744,-0.05429278,-0.09527595,-0.04462079,0.05157556,0.07865622,0.01596282,-0.04737138,-0.05976880,0.01315537,0.04180147,0.03915821,-0.04189428,-0.03502641,-0.01741868,0.06942537,0.02724151,-0.00482304,-0.09495488,-0.04810251,0.02380443,-0.29180481,0.04473210,0.19844517,-0.21742179,-0.04001171,0.06156871,-0.23275898,0.03407288,0.15672102,-0.27679934,-0.02708359,0.10606942,-0.17474820,0.01924344,0.11070776,-0.33178624,0.07681208,0.60535077,1.11231906,-0.13740618,-0.70490144,-1.14699429,0.19403879,0.78412947,1.14860114,-0.24507718,-0.84075068,-1.11709329,0.28904987,0.87313265,1.05337911,-0.32468913,-0.88034181,-0.95929553,-0.05459465,-0.00663967,-0.99848659,0.02169194,-0.02210589,-0.03545744,-0.04520857,0.00000000,0.05504392
10007300000000,synthetic_50hz_01,365,0.02,95.15070441,94.12437820,15.73214030,15.76144899,15.77646703,3.83891036,125.03684316,1,1,0,0,1,0.55794661,0.00000000,-0.03430554,-0.05274980,-0.08522873,-0.02698793,0.04910472,0.06716184,-0.00202884,-0.04404393,-0.04715865,0.03098711,0.03771333,0.02579584,-0.05905201,-0.03029544,-0.00368933,0.08541442,0.02200412,-0.01852354,-0.10931428,-0.04659107,0.03380239,-0.27419363,0.04228708,0.18700037,-0.23538569,-0.03670384,0.07412994,-0.21496053,0.02999770,0.14340593,-0.29391892,-0.02235869,0.11975406,-0.15880138,0.01400511,0.09704849,-0.34610016,0.11446706,0.66816122,1.13597811,-0.17272902,-0.75533038,-1.15025499,0.22601111,0.82072301,1.13136949,-0.27277720,-0.86245382,-1.07986608,0.31167900,0.87931967,0.99722962,-0.34159494,-0.87083434,-0.88584257,-0.05435704,-0.00707240,-0.99849659,0.02158087,-0.02248360,-0.03430554,-0.04468170,0.00000000,0.05555413
10007320000000,synthetic_50hz_01,366,0.02,95.53180746,94.40586405,15.75075753,15.77646703,15.78438797,3.84981031,125.02007061,1,1,0,0,1,0.55710621,0.00000000,-0.03314486,-0.05062376,-0.07423627,-0.00904963,0.04609068,0.05492107,-0.02000572,-0.04022878,-0.03402248,0.04848428,0.03320707,0.01214300,-0.07556503,-0.02522798,0.01008656,0.10046720,0.01652156,-0.03202533,-0.12247285,-0.04449681,0.04474564,-0.25627674,0.03929912,0.17480919,-0.25333506,-0.03290856,0.08721713,-0.19749641,0.02550469,0.12980047,-0.31039399,-0.01729761,0.13348512,-0.14379067,0.00852192,0.08358810,-0.35921336,0.15083106,0.72355589,1.14709267,-0.20612019,-0.79739179,-1.14082936,0.25546679,0.84823851,1.10167540,-0.29744816,-0.87463012,-1.03075963,0.33085396,0.87580573,0.93012658,-0.35472109,-0.85173146,-0.80267755,-0.05411720,-0.00750284,-0.99850649,0.02146281,-0.02285691,-0.03314486,-0.04414934,0.00000000,0.05605011
10007340000000,synthetic_50hz_01,367,0.02,96.13718994,94.75212923,15.76488231,15.78438797,15.77768017,3.86073464,125.00330601,1,1,0,0,1,0.55627700,0.00000000,-0.03197569,-0.04793532,-0.06241510,0.00899805,0.04256405,0.04206515,-0.03776981,-0.03596564,-0.02050245,0.06545265,0.02833033,-0.00165135,-0.09124845,-0.01987823,0.02375755,0.11441353,0.01085304,-0.04517880,-0.13428000,-0.04184038,0.05651763,-0.23825019,0.03579884,0.16200287,-0.27107190,-0.02866557,0.10068814,-0.18056088,0.02064150,0.11605359,-0.32603968,-0.01195455,0.14711114,-0.12988625,0.00285309,0.07047619,-0.37097529,0.18550033,0.77090046,1.14549631,-0.23720634,-0.83059432,-1.11877591,0.28207358,0.86634176,1.05980068,-0.31880851,-0.87711216,-0.97027090,0.34635204,0.86259502,0.85276776,-0.36391008,-0.82320885,-0.71067892,-0.05387518,-0.00793084,-0.99851627,0.02133779,-0.02322574,-0.03197569,-0.04361157,0.00000000,0.05653175
10007360000000,synthetic_50hz_01,368,0.02,96.67996391,95.13769617,15.77025741,15.77768017,15.76125427,3.87167964,124.98655121,1,1,0,0,1,0.55545908,0.00000000,-0.03079834,-0.04471143,-0.04989190,0.02695602,0.03856131,0.02873324,-0.05512359,-0.03129945,-0.00674619,0.08170191,0.02313521,-0.01543536,-0.10592473,-0.01430397,0.03717189,0.12709369,0.00506035,-0.05783675,-0.14459848,-0.03864873,0.06899170,-0.22031307,0.03182270,0.14872056,-0.28839868,-0.02401980,0.11439532,-0.16434421,0.01546023,0.10231715,-0.34067841,-0.00638727,0.16048039,-0.11724783,-0.00293962,0.05785997,-0.38124866,0.21808624,0.80964263,1.13115885,-0.26563603,-0.85453859,-1.08429035,0.30552741,0.87479779,1.00616126,-0.33661029,-0.86983617,-0.89902407,0.35798854,0.83979676,0.76596759,-0.36904582,-0.78554562,-0.61082792,-0.05363101,-0.00835628,-0.99852596,0.02120586,-0.02359002,-0.03079834,-0.04306846,0.00000000,0.05699892
10007380000000,synthetic_50hz_01,369,0.02,96.82973841,95.47610462,15.76647610,15.76125427,15.75163817,3.88264112,124.96980807,1,1,0,0,1,0.55465255,0.00000000,-0.02961310,-0.04098516,-0.03680221,0.04462428,0.03412449,0.01507103,-0.07187211,-0.02627998,0.00709464,0.09704782,0.01767782,-0.02905578,-0.11942561,-0.00856599,0.05017923,0.13836029,-0.00079280,-0.06985598,-0.15330599,-0.03495494,0.08203230,-0.20266538,0.02741274,0.13510795,-0.30512046,-0.01902104,0.12818704,-0.14903066,0.01001698,0.08874437,-0.35414194,-0.00065658,0.17344250,-0.10602280,-0.00879247,0.04588263,-0.38991119,0.24821956,0.83931911,1.10418854,-0.29108380,-0.86892259,-1.03770535,0.32555596,0.87347463,0.94130463,-0.35064218,-0.85284399,-0.81776566,0.36561923,0.80762545,0.67065013,-0.37005531,-0.73912270,-0.50419943,-0.05338474,-0.00877900,-0.99853554,0.02106706,-0.02394968,-0.02961310,-0.04252006,0.00000000,0.05745150
10007400000000,synthetic_50hz_01,370,0.02,96.79704074,95.74029184,15.76024417,15.75163817,15.75411135,3.89361532,124.95307840,1,1,0,0,1,0.55385751,0.00000000,-0.02842028,-0.03679545,-0.02328915,0.06180403,0.02930080,0.00122931,-0.08782516,-0.02096140,0.02086598,0.11131424,0.01201768,-0.04235969,-0.13159409,-0.00272747,0.06263215,0.14808001,-0.00664136,-0.08109890,-0.16029672,-0.03079793,0.09549630,-0.18550592,0.02261617,0.12131582,-0.32104704,-0.01372345,0.14190922,-0.13479637,0.00437127,0.07548818,-0.36627328,0.00517434,0.18585008,-0.09634450,-0.01464043,0.03468177,-0.39685707,0.27555465,0.85956170,1.06483275,-0.31325394,-0.87354628,-0.97948880,0.34192198,0.86234612,0.86590574,-0.36073224,-0.82628412,-0.72735821,0.36914243,0.76639996,0.56784061,-0.36691007,-0.68442013,-0.39195189,-0.05313642,-0.00919888,-0.99854501,0.02092143,-0.02430464,-0.02842028,-0.04196645,0.00000000,0.05788937
10007420000000,synthetic_50hz_01,371,0.02,97.05929177,96.00409183,15.75766839,15.75411135,15.75482828,3.90459963,124.93636401,1,1,0,0,1,0.55307406,0.00000000,-0.02722019,-0.03218673,-0.00950200,0.07829983,0.02414224,-0.01263764,-0.10279936,-0.01540173,0.03441293,0.12433514,0.00621717,-0.05519608,-0.14228628,0.00314663,0.07438790,0.15613525,-0.01241971,-0.09143509,-0.16548275,-0.02622215,0.10923445,-0.16903014,0.01748499,0.10749847,-0.33599503,-0.00818504,0.15540698,-0.12180737,-0.00141450,0.06269961,-0.37692854,0.01104054,0.19756036,-0.08833050,-0.02041787,0.02438781,-0.40199839,0.29977350,0.87010256,1.01347722,-0.33188411,-0.86831507,-0.91024071,0.35442635,0.84149366,0.78076154,-0.36675031,-0.79041159,-0.62877265,0.36850069,0.71654158,0.45865596,-0.35962702,-0.62201335,-0.27531599,-0.05288609,-0.00961578,-0.99855438,0.02076903,-0.02465483,-0.02722019,-0.04140770,0.00000000,0.05831241
10007440000000,synthetic_50hz_01,372,0.02,96.88711645,96.18069675,15.75647554,15.75482828,15.77052092,3.91559209,124.91966667,1,1,0,0,1,0.55230229,0.00000000,-0.02601313,-0.02720857,0.00440536,0.09392176,0.01870505,-0.02637360,-0.11662028,-0.00966226,0.04758147,0.13595659,0.00034090,-0.06741754,-0.15137321,0.00899029,0.08530994,0.16242566,-0.01806228,-0.10074281,-0.16879531,-0.02127716,0.12309287,-0.15342794,0.01207543,0.09381210,-0.34979000,-0.00246712,0.16852628,-0.11021758,-0.00727575,0.05052604,-0.38597873,0.01687600,0.20843680,-0.08208115,-0.02605923,0.01512247,-0.40526636,0.32058956,0.87077858,0.95064397,-0.34674863,-0.85324242,-0.83068866,0.36291077,0.81110688,0.68678421,-0.36861002,-0.74558675,-0.52307945,0.36368207,0.65857100,0.34429406,-0.34826900,-0.55256835,-0.15558252,-0.05263380,-0.01002956,-0.99856365,0.02060989,-0.02500020,-0.02601313,-0.04084388,0.00000000,0.05872054
10007460000000,synthetic_50hz_01,373,0.02,97.17117206,96.37879181,15.76237460,15.77052092,15.78084556,3.92659196,124.90298814,1,1,0,0,1,0.55154229,0.00000000,-0.02479941,-0.02191521,0.01827604,0.10848763,0.01304920,-0.03982213,-0.12912448,-0.00380699,0.06022012,0.14603861,-0.00554499,-0.07888194,-0.15874239,0.01473710,0.09526956,0.16686954,-0.02350433,-0.10891051,-0.17018577,-0.01601720,0.13691464,-0.13888151,0.00644747,0.08041316,-0.36226850,0.00336633,0.18111566,-0.10016698,-0.01314632,0.03910962,-0.39331139,0.02261431,0.21835070,-0.07767817,-0.03149975,0.00699731,-0.40661238,0.33775132,0.86153470,0.87698766,-0.35766145,-0.82845128,-0.74168182,0.36726004,0.77148322,0.58499294,-0.36627035,-0.69227294,-0.41143845,0.35472092,0.59310412,0.22602199,-0.33294471,-0.47683582,-0.03408921,-0.05237958,-0.01044009,-0.99857282,0.02044408,-0.02534066,-0.02479941,-0.04027505,0.00000000,0.05911363
10007480000000,synthetic_50hz_01,374,0.02,97.38266620,96.57956669,15.77013240,15.78084556,15.78976545,3.93759889,124.88633014,1,1,0,0,1,0.55079417,0.00000000,-0.02357934,-0.01636503,0.03195179,0.12182506,0.00723780,-0.05282826,-0.14016147,0.00209810,0.07218167,0.15445697,-0.01137350,-0.08945405,-0.16429939,0.02032101,0.10414742,0.16940499,-0.02868265,-0.11583818,-0.16962657,-0.01050064,0.15054154,-0.12556325,0.00066421,0.06745660,-0.37328006,0.00924932,0.19302791,-0.09177981,-0.01895923,0.02858556,-0.39883208,0.02818941,0.22718274,-0.07518343,-0.03667623,0.00011234,-0.40600887,0.35104553,0.84242612,0.79329044,-0.36447884,-0.79417444,-0.64418353,0.36740404,0.72302633,0.47650450,-0.35973682,-0.63103304,-0.29508763,0.34169822,0.52084677,0.10516324,-0.31380830,-0.39564425,0.08779305,-0.05212349,-0.01084724,-0.99858189,0.02027165,-0.02567616,-0.02357934,-0.03970128,0.00000000,0.05949158
10007500000000,synthetic_50hz_01,375,0.02,97.32284850,96.72822305,15.77837828,15.78976545,15.80818174,3.94861264,124.86969440,1,1,0,0,1,0.55005801,0.00000000,-0.02235324,-0.01061997,0.04527476,0.13377357,0.00133641,-0.06524027,-0.14959562,0.00798567,0.08332487,0.16110477,-0.01707753,-0.09900718,-0.16796919,0.02567703,0.11183506,0.16999098,-0.03353625,-0.12143869,-0.16711185,-0.00478944,0.16381571,-0.11363362,-0.00520878,0.05509415,-0.38268905,0.01511453,0.20412177,-0.08516295,-0.02464735,0.01908055,-0.40246577,0.03353632,0.23482443,-0.07463799,-0.04152770,-0.00544532,-0.40344998,0.36030025,0.81361951,0.70045544,-0.36710157,-0.75075370,-0.53926257,0.36331918,0.66624330,0.36252250,-0.34906213,-0.56252481,-0.17533074,0.32474145,0.44258846,-0.01691588,-0.29105833,-0.30989208,0.20867482,-0.05186558,-0.01125086,-0.99859087,0.02009264,-0.02600663,-0.02235324,-0.03912265,0.00000000,0.05985431
10007520000000,synthetic_50hz_01,376,0.02,97.02860276,96.78829899,15.79089573,15.80818174,15.84363106,3.95963358,124.85308260,1,1,0,0,1,0.54933390,0.00000000,-0.02112141,-0.00474494,0.05808924,0.14418657,-0.00458758,-0.07691137,-0.15730792,0.01378783,0.09351610,0.16589401,-0.02259057,-0.10742472,-0.16969729,0.03074202,0.11823623,0.16860813,-0.03800716,-0.12563894,-0.16265791,0.00105152,0.17658146,-0.10323921,-0.01110413,0.04347260,-0.39037645,0.02089404,0.21426363,-0.08040442,-0.03014421,0.01071121,-0.40415798,0.03859190,0.24117954,-0.07606121,-0.04599616,-0.00960257,-0.39895201,0.36538732,0.77539292,0.59949873,-0.36547679,-0.69863788,-0.42808305,0.35502939,0.60174078,0.24432553,-0.33434633,-0.48749522,-0.05352400,0.30402391,0.35919494,-0.13882066,-0.26493634,-0.22053891,0.32716306,-0.05160588,-0.01165085,-0.99859975,0.01990713,-0.02633199,-0.02112141,-0.03853923,0.00000000,0.06020171
10007540000000,synthetic_50hz_01,377,0.02,97.08606696,96.84785259,15.81304457,15.84363106,15.88013085,3.97066319,124.83649639,1,1,0,0,1,0.54862192,0.00000000,-0.01988418,0.00119291,0.07024347,0.15293326,-0.01046573,-0.08770148,-0.16319758,0.01943681,0.10263101,0.16875684,-0.02784753,-0.11460164,-0.16945076,0.03545538,0.12326825,0.16525933,-0.04204104,-0.12838098,-0.15630340,0.00695507,0.18868700,-0.09451083,-0.01695338,0.03273203,-0.39624148,0.02652010,0.22332914,-0.07757204,-0.03538468,0.00358256,-0.40387577,0.04329555,0.24616538,-0.07945019,-0.05002729,-0.01230144,-0.39255362,0.36622456,0.72813458,0.49153993,-0.35959934,-0.63837961,-0.31189307,0.34260670,0.53021986,0.12325419,-0.31573655,-0.40677362,0.06893816,0.27976357,0.27159991,-0.25914300,-0.23572488,-0.12859585,0.44187662,-0.05134445,-0.01204705,-0.99860853,0.01971517,-0.02665220,-0.01988418,-0.03795109,0.00000000,0.06053371
10007560000000,synthetic_50hz_01,378,0.02,97.28488185,96.93525844,15.84122081,15.88013085,15.91319664,3.98170346,124.81993744,1,1,0,0,1,0.54792218,0.00000000,-0.01864186,0.00712485,0.08159139,0.15990038,-0.01622927,-0.09747892,-0.16718355,0.02486579,0.11055608,0.16964674,-0.03278542,-0.12044587,-0.16721893,0.03975983,0.12686314,0.15997013,-0.04558794,-0.12962289,-0.14810931,0.01285250,0.19998630,-0.08756174,-0.02268778,0.02300411,-0.40020308,0.03192589,0.23120479,-0.07671236,-0.04030580,-0.00221333,-0.40160848,0.04758997,0.24971398,-0.08477939,-0.05357113,-0.01350004,-0.38431579,0.36277749,0.67234043,0.37779143,-0.34951267,-0.57063092,-0.19201219,0.32617123,0.45246986,0.00069715,-0.29342613,-0.32126388,0.19063799,0.25222141,0.18079571,-0.37647694,-0.20374503,-0.03511512,0.55146190,-0.05108133,-0.01243935,-0.99861723,0.01951682,-0.02696718,-0.01864186,-0.03735831,0.00000000,0.06085021
10007580000000,synthetic_50hz_01,379,0.02,97.12964429,96.97413561,15.87145066,15.91319664,15.95841884,3.99275629,124.80340734,1,1,0,0,1,0.54723475,0.00000000,-0.01739476,0.01298137,0.09199441,0.16499381,-0.02180990,-0.10612205,-0.16920575,0.03000963,0.11719014,0.16853942,-0.03734417,-0.12487959,-0.16301401,0.04360207,0.12896870,0.15278884,-0.04860289,-0.12933958,-0.13815869,0.01867428,0.21034076,-0.08248604,-0.02823901,0.01441047,-0.40220119,0.03704627,0.23778940,-0.07784965,-0.04484750,-0.00659864,-0.39736831,0.05142190,0.25177313,-0.09200050,-0.05658271,-0.01317327,-0.37432157,0.35506054,0.60861044,0.25954639,-0.33530917,-0.49613765,-0.06981781,0.30589068,0.36936099,-0.12192365,-0.26765322,-0.23193548,0.31014999,0.22169920,0.08782316,-0.48943457,-0.16935348,0.05882115,0.65460852,-0.05081657,-0.01282762,-0.99862583,0.01931214,-0.02727688,-0.01739476,-0.03676095,0.00000000,0.06115113
10007600000000,synthetic_50hz_01,380,0.02,96.80197027,96.93970254,15.90797729,15.95841884,16.02175626,4.00382402,124.78690771,1,1,0,0,1,0.54655972,0.00000000,-0.01614321,0.01869293,0.10132317,0.16814004,-0.02714054,-0.11352087,-0.16922622,0.03480568,0.12244572,0.16543353,-0.04146735,-0.12784040,-0.15687131,0.04693350,0.12954938,0.14378642,-0.05104653,-0.12752339,-0.12655610,0.02435089,0.21962102,-0.07935726,-0.03354002,0.00706113,-0.40219783,0.04181858,0.24299551,-0.08098527,-0.04895332,-0.00951098,-0.39119057,0.05474271,0.25230731,-0.10104256,-0.05902268,-0.01131347,-0.36267553,0.34313773,0.53764364,0.13816548,-0.31713001,-0.41573267,0.05326942,0.28197928,0.28183592,-0.24316855,-0.23869896,-0.13981372,0.42605701,0.18853684,-0.00623938,-0.59666205,-0.13293911,0.15211259,0.75006504,-0.05055023,-0.01321173,-0.99863435,0.01910121,-0.02758123,-0.01614321,-0.03615909,0.00000000,0.06143639
10007620000000,synthetic_50hz_01,381,0.02,96.76045441,96.90385292,15.95576446,16.02175626,16.09095095,4.01490998,124.77044010,1,1,0,0,1,0.54589717,0.00000000,-0.01488753,0.02419077,0.10945916,0.16928740,-0.03215618,-0.11957850,-0.16722991,0.03919452,0.12625034,0.16035111,-0.04510286,-0.12928232,-0.14884931,0.04971086,0.12858703,0.13305611,-0.05288568,-0.12418452,-0.11342685,0.02981355,0.22770858,-0.07822707,-0.03852577,0.00105296,-0.40017796,0.04618342,0.24675064,-0.08609717,-0.05257120,-0.01090436,-0.38313375,0.05750916,0.25129835,-0.11181232,-0.06085785,-0.00793085,-0.34950298,0.32712293,0.46023200,0.01506263,-0.29516444,-0.33032794,0.17580102,0.25469623,0.19090036,-0.36159625,-0.20688500,-0.04596904,0.53696649,0.15310918,-0.10028759,-0.69685574,-0.09491916,0.24365288,0.83665431,-0.05028234,-0.01359156,-0.99864279,0.01888409,-0.02788018,-0.01488753,-0.03555280,0.00000000,0.06170593
10007640000000,synthetic_50hz_01,382,0.02,96.61718979,96.84652029,16.01254279,16.09095095,16.17131417,4.02601804,124.75400606,1,1,0,0,1,0.54524717,0.00000000,-0.01362804,0.02940770,0.11629635,0.16840707,-0.03679462,-0.12421256,-0.16322537,0.04312074,0.12854766,0.15333781,-0.04820366,-0.12917667,-0.13902944,0.05189685,0.12608146,0.12071280,-0.05409384,-0.11935126,-0.09891594,0.03499509,0.23449741,-0.07912426,-0.04313407,-0.00353167,-0.39615014,0.05008537,0.24899844,-0.09313970,-0.05565408,-0.01075011,-0.37327930,0.05968393,0.24874606,-0.12419490,-0.06206172,-0.00305370,-0.33494893,0.30717941,0.37725303,-0.10831030,-0.26964850,-0.24090555,0.29631684,0.22434350,0.09761265,-0.47578043,-0.17257056,0.04849447,0.64152705,0.11582234,-0.19320347,-0.78877814,-0.05573491,0.33234232,0.91328839,-0.05001296,-0.01396699,-0.99865115,0.01866086,-0.02817366,-0.01362804,-0.03494216,0.00000000,0.06195967
10007660000000,synthetic_50hz_01,383,0.02,96.68944020,96.81510427,16.07922677,16.17131417,16.25533276,4.03715264,124.73760713,1,1,0,0,1,0.54460982,0.00000000,-0.01236505,0.03427896,0.12174265,0.16549394,-0.04099729,-0.12735642,-0.15724511,0.04653365,0.12929845,0.14446284,-0.05072842,-0.12751275,-0.12751563,0.05346067,0.12205079,0.10689208,-0.05465162,-0.11307005,-0.08318679,0.03983074,0.23989541,-0.08205398,-0.04730637,-0.00662612,-0.39014687,0.05347374,0.24969971,-0.10204366,-0.05816062,-0.00903752,-0.36173111,0.06123623,0.24466857,-0.13805469,-0.06261490,0.00327156,-0.31917678,0.28351897,0.28966126,-0.23047957,-0.24086319,-0.14850766,0.41336175,0.19126322,0.00307251,-0.58432651,-0.13614904,0.14245122,0.73844487,0.07710962,-0.28386801,-0.87127352,-0.01584710,0.41710076,0.97898295,-0.04974214,-0.01433788,-0.99865943,0.01843157,-0.02846162,-0.01236505,-0.03432725,0.00000000,0.06219755
10007680000000,synthetic_50hz_01,384,0.02,97.04535994,96.86115541,16.15319128,16.25533276,16.33453733,4.04831831,124.72124479,1,1,0,0,1,0.54398519,0.00000000,-0.01109891,0.03874300,0.12572129,0.16056708,-0.04471000,-0.12896034,-0.14934570,0.04938798,0.12848141,0.13381861,-0.05264209,-0.12429830,-0.11443346,0.05437849,0.11653161,0.09174915,-0.05454715,-0.10540525,-0.06641967,0.04425897,0.24382583,-0.08699713,-0.05098846,-0.00818067,-0.38222472,0.05630327,0.24883312,-0.11271662,-0.06005579,-0.00577436,-0.34861479,0.06214224,0.23910247,-0.15323651,-0.06250553,0.01098053,-0.30236681,0.25640033,0.19847863,-0.34996637,-0.20913207,-0.05422551,0.52550273,0.15583444,-0.09159096,-0.68588860,-0.09804404,0.23476682,0.82649998,0.03742697,-0.37117425,-0.94328298,0.02426913,0.49688054,1.03287070,-0.04946993,-0.01470413,-0.99866763,0.01819632,-0.02874400,-0.01109891,-0.03370813,0.00000000,0.06241951
10007700000000,synthetic_50hz_01,385,0.02,97.62149588,97.01322350,16.22935662,16.33453733,16.40443879,4.05951906,124.70492052,1,1,0,0,1,0.54337335,0.00000000,-0.00982992,0.04274230,0.12817207,0.15367009,-0.04788367,-0.12899239,-0.13960760,0.05164454,0.12609379,0.12152016,-0.05391647,-0.11955985,-0.09992923,0.05463396,0.10957894,0.07545730,-0.05377634,-0.09643882,-0.04880990,0.04822223,0.24622846,-0.09391012,-0.05413127,-0.00816336,-0.37246415,0.05853476,0.24639594,-0.12504355,-0.06131140,-0.00098713,-0.33407663,0.06238559,0.23210279,-0.16956705,-0.06172952,0.01999128,-0.28471437,0.22612712,0.10478379,-0.46530408,-0.17481832,0.04081244,0.63134618,0.11846942,-0.18523203,-0.77918627,-0.05870500,0.32431129,0.90456206,-0.00275192,-0.45404051,-1.00385890,0.06412949,0.57067953,1.07421402,-0.04919637,-0.01506562,-0.99867577,0.01795517,-0.02902075,-0.00982992,-0.03308489,0.00000000,0.06262549
10007720000000,synthetic_50hz_01,386,0.02,97.39483507,97.08954582,16.30289113,16.40443879,16.49985237,4.07075784,124.68863578,1,1,0,0,1,0.54277438,0.00000000,-0.00855842,0.04622409,0.12905241,0.14487104,-0.05047505,-0.12743918,-0.12813473,0.05327079,0.12215182,0.10770423,-0.05453071,-0.11334277,-0.08416858,0.05421848,0.10126599,0.05820630,-0.05234311,-0.08626967,-0.03056591,0.05166779,0.24706072,-0.10272489,-0.05669155,-0.00656083,-0.36096908,0.06013568,0.24240440,-0.13888771,-0.06190658,0.00527878,-0.31828227,0.06195770,0.22374272,-0.18685655,-0.06029078,0.03020489,-0.26642785,0.19304514,0.00970050,-0.57505597,-0.13832120,0.13545309,0.72955525,0.07960941,-0.27670151,-0.86302112,-0.01860243,0.40997249,0.97160569,-0.04294086,-0.53142377,-1.05217841,0.10324614,0.63755386,1.10241634,-0.04892152,-0.01542222,-0.99868384,0.01770820,-0.02929181,-0.00855842,-0.03245760,0.00000000,0.06281544
10007740000000,synthetic_50hz_01,387,0.02,97.56980684,97.18559802,16.38561485,16.49985237,16.60200014,4.08203823,124.67239198,1,1,0,0,1,0.54218836,0.00000000,-0.00728472,0.04914117,0.12833823,0.13426223,-0.05244733,-0.12430649,-0.11505371,0.05424141,0.11669094,0.09252814,-0.05447169,-0.10571114,-0.06733493,0.05313152,0.09168364,0.04020044,-0.05025954,-0.07501285,-0.01190694,0.05454841,0.24629854,-0.11334911,-0.05863249,-0.00337887,-0.34786615,0.06108069,0.23689395,-0.15409178,-0.06182820,0.01295929,-0.30141516,0.06085802,0.21411316,-0.20490072,-0.05820140,0.04150630,-0.24772650,0.15753913,-0.08561490,-0.67783290,-0.10007212,0.22853203,0.81886699,0.03971998,-0.36486047,-0.93629276,0.02177730,0.49066982,1.02672478,-0.08264674,-0.60233293,-1.08755584,0.14113343,0.69663049,1.11703216,-0.04864543,-0.01577382,-0.99869184,0.01745550,-0.02955713,-0.00728472,-0.03182634,0.00000000,0.06298930
10007760000000,synthetic_50hz_01,388,0.02,98.39467561,97.42741354,16.47649667,16.60200014,16.68519260,4.09336418,124.65619053,1,1,0,0,1,0.54161534,0.00000000,-0.00600916,0.05145253,0.12602470,0.12195960,-0.05377075,-0.11961959,-0.10051284,0.05453874,0.10976579,0.07616826,-0.05373435,-0.09674739,-0.04962770,0.05138077,0.08093972,0.02165636,-0.04754586,-0.06279852,0.00693935,0.05682312,0.24393709,-0.12566687,-0.05992434,0.00135728,-0.33330364,0.06135216,0.22991921,-0.17047938,-0.06107123,0.02197198,-0.28367467,0.05909427,0.20332194,-0.22348291,-0.05548159,0.05376536,-0.22883801,0.12002895,-0.17998665,-0.77231113,-0.06053001,0.31888723,0.89810909,-0.00071404,-0.44859414,-0.99801415,0.06193750,0.56536788,1.06914599,-0.12137528,-0.66584179,-1.10945386,0.17731375,0.74711917,1.11777565,-0.04836814,-0.01612032,-0.99869979,0.01719713,-0.02981665,-0.00600916,-0.03119118,0.00000000,0.06314705
10007780000000,synthetic_50hz_01,389,0.02,98.90872270,97.72367537,16.56414896,16.68519260,16.76390199,4.10473855,124.64003281,1,1,0,0,1,0.54105542,0.00000000,-0.00473206,0.05312404,0.12212669,0.10810181,-0.05442313,-0.11342334,-0.08468077,0.05415317,0.10144995,0.05881834,-0.05232195,-0.08655170,-0.03126016,0.04898227,0.06915813,0.00280072,-0.04423041,-0.04977070,0.02573945,0.05845776,0.23999124,-0.13953948,-0.06054490,0.00760274,-0.31745021,0.06094047,0.22155377,-0.18785676,-0.05963893,0.03221665,-0.26527411,0.05668247,0.19149296,-0.24237645,-0.05215971,0.06683803,-0.20999586,0.08096527,-0.27223350,-0.85724974,-0.02017646,0.40537328,0.96621611,-0.04119404,-0.52682596,-1.04732601,0.10137691,0.63309001,1.09824102,-0.15863702,-0.72110177,-1.11749323,0.21132356,0.78832384,1.10452759,-0.04808972,-0.01646158,-0.99870768,0.01693320,-0.03007033,-0.00473206,-0.03055221,0.00000000,0.06328862
10007800000000,synthetic_50hz_01,390,0.02,98.85814958,97.95057021,16.64804523,16.76390199,16.85782931,4.11616319,124.62392015,1,1,0,0,1,0.54050864,0.00000000,-0.00345375,0.05412899,0.11667905,0.09284910,-0.05439028,-0.10578214,-0.06774487,0.05308347,0.09183549,0.04068753,-0.05024624,-0.07524118,-0.01245715,0.04596039,0.05647762,-0.01613238,-0.04034948,-0.03608580,0.04425680,0.05942564,0.23449584,-0.15480674,-0.06048000,0.01529311,-0.30049323,0.05984438,0.21188971,-0.20601478,-0.05754302,0.04357621,-0.24643831,0.05364699,0.17876496,-0.26134727,-0.04827205,0.08056793,-0.19143663,0.04082470,-0.36118294,-0.93150764,0.02048974,0.48687568,1.02224481,-0.08121346,-0.59853158,-1.08351018,0.13959575,0.69293152,1.11353744,-0.19395344,-0.76735393,-1.11146091,0.24271935,0.81965317,1.07734043,-0.04781021,-0.01679752,-0.99871551,0.01666378,-0.03031812,-0.00345375,-0.02990950,0.00000000,0.06341400
10007820000000,synthetic_50hz_01,391,0.02,99.07350810,98.17515779,16.73615455,16.85782931,16.94987030,4.12764014,124.60785390,1,1,0,0,1,0.53997509,0.00000000,-0.00217456,0.05444863,0.10973662,0.07638174,-0.05366641,-0.09677954,-0.04990937,0.05133696,0.08103225,0.02199808,-0.04752744,-0.06294877,0.00654742,0.04234768,0.04305044,-0.03490415,-0.03594702,-0.02191095,0.06225459,0.05970801,0.22750574,-0.17128834,-0.05972385,0.02434485,-0.28263691,0.05807122,0.20103687,-0.22473119,-0.05480374,0.05591770,-0.22740118,0.05002039,0.16529020,-0.28015656,-0.04386256,0.09478789,-0.17339713,0.00010453,-0.44568594,-0.99405989,0.06095836,0.56232534,1.06538855,-0.12026379,-0.66275264,-1.10600155,0.17610196,0.74407248,1.11472802,-0.22686303,-0.80394036,-1.09131635,0.27108353,0.84063026,1.03644153,-0.04752966,-0.01712800,-0.99872330,0.01638897,-0.03055997,-0.00217456,-0.02926314,0.00000000,0.06352314
10007840000000,synthetic_50hz_01,392,0.02,99.26896471,98.39391917,16.82591516,16.94987030,17.03633395,4.13917131,124.59183534,1,1,0,0,1,0.53945482,0.00000000,-0.00089481,0.05407256,0.10137406,0.05889830,-0.05225436,-0.08651764,-0.03139314,0.04892964,0.06916688,0.00298291,-0.04419425,-0.04982200,0.02551333,0.03818473,0.02904073,-0.05327400,-0.03107432,-0.00742221,0.07949876,0.05929446,0.21909559,-0.18878573,-0.05827928,0.03465583,-0.26410016,0.05563700,0.18912190,-0.24377306,-0.05144980,0.06909358,-0.20840295,0.04584324,0.15123284,-0.29856372,-0.03898252,0.10932188,-0.15611140,-0.04068302,-0.52463170,-1.04401303,0.10071378,0.63071284,1.09499037,-0.15784091,-0.71861024,-1.11439863,0.21041742,0.78578977,1.10167826,-0.25692749,-0.83031462,-1.05719598,0.29603022,0.85090110,0.98223426,-0.04724813,-0.01745294,-0.99873104,0.01610884,-0.03079582,-0.00089481,-0.02861319,0.00000000,0.06361602
10007860000000,synthetic_50hz_01,393,0.02,99.49665734,98.61446681,16.91429105,17.03633395,17.11196017,4.15075807,124.57586576,1,1,0,0,1,0.53894790,0.00000000,0.00038517,0.05299908,0.09168532,0.04061354,-0.05016579,-0.07511630,-0.01242736,0.04588620,0.05638163,-0.01611710,-0.04028368,-0.03602146,0.04419689,0.03351977,0.01462277,-0.07100247,-0.02578947,0.00719750,0.09576102,0.05818331,0.20935935,-0.20708415,-0.05615797,0.04610621,-0.24511414,0.05256640,0.17628706,-0.26289949,-0.04751820,0.08294329,-0.18968729,0.04116380,0.13676713,-0.31632930,-0.03369002,0.12398695,-0.13980776,-0.08101683,-0.59696247,-1.08061934,0.13924134,0.69110248,1.11055473,-0.19345146,-0.76531769,-1.10847230,0.24208429,0.81746844,1.07443211,-0.28373771,-0.84605118,-1.00941553,0.31721084,0.85024188,0.91529704,-0.04696567,-0.01777223,-0.99873874,0.01582349,-0.03102564,0.00038517,-0.02795974,0.00000000,0.06369261
10007880000000,synthetic_50hz_01,394,0.02,99.86834416,98.86524228,16.99731208,17.11196017,17.16848340,4.16240087,124.55994640,1,1,0,0,1,0.53845440,0.00000000,0.00166506,0.05123542,0.08078296,0.02175608,-0.04742125,-0.06271196,0.00674719,0.04223990,0.04283295,-0.03505593,-0.03584075,-0.02171904,0.06235400,0.02840830,-0.00002104,-0.08785438,-0.02015682,0.02176051,0.11082187,0.05638177,0.19840957,-0.22595496,-0.05338045,0.05855954,-0.22591962,0.04889268,0.16268878,-0.28186450,-0.04305395,0.09729491,-0.17149833,0.03603755,0.12207550,-0.33321810,-0.02804943,0.13859545,-0.12470570,-0.12037329,-0.66168817,-1.10328967,0.17603389,0.74264584,1.11175746,-0.22661936,-0.80219269,-1.08817277,0.27067129,0.83861195,1.03321555,-0.30691963,-0.85085364,-0.94847025,0.33431934,0.83856481,0.83638010,-0.04668234,-0.01808575,-0.99874640,0.01553302,-0.03124938,0.00166506,-0.02730287,0.00000000,0.06375290
10007900000000,synthetic_50hz_01,395,0.02,99.99328357,99.09085054,17.06920403,17.16848340,17.21470839,4.17409869,124.54407848,1,1,0,0,1,0.53797436,0.00000000,0.00294451,0.04879784,0.06879712,0.00256584,-0.04405009,-0.04945637,0.02588296,0.03803236,0.02868978,-0.05358554,-0.03091813,-0.00709604,0.07974323,0.02291252,-0.01470228,-0.10360188,-0.01424633,0.03607672,0.12447365,0.05390612,0.18637641,-0.24515827,-0.04997609,0.07186407,-0.20676416,0.04465746,0.14849602,-0.30042002,-0.03810974,0.11196715,-0.15407748,0.03052670,0.10734635,-0.34900231,-0.02213068,0.15295728,-0.11101289,-0.15823289,-0.71790058,-1.11160474,0.21059840,0.78459462,1.09845407,-0.25689226,-0.82866844,-1.05363445,0.29577979,0.84885137,0.97843806,-0.32613986,-0.84456151,-0.87503285,0.34709716,0.81592255,0.74640003,-0.04639817,-0.01839341,-0.99875403,0.01523751,-0.03146700,0.00294451,-0.02664267,0.00000000,0.06379687
10007920000000,synthetic_50hz_01,396,0.02,100.18248839,99.30917811,17.13031586,17.21470839,17.24662847,4.18584932,124.52826320,1,1,0,0,1,0.53750785,0.00000000,0.00422321,0.04571168,0.05587431,-0.01670885,-0.04009037,-0.03551497,0.04472867,0.03331323,0.01413172,-0.07145895,-0.02557565,0.00765896,0.09612903,0.01710072,-0.02922882,-0.11802766,-0.00813276,0.04995600,0.13652350,0.05078169,0.17340637,-0.26444572,-0.04598293,0.08585437,-0.18789905,0.03991040,0.13388838,-0.31831908,-0.03274540,0.12677142,-0.13766030,0.02469953,0.09277182,-0.36346457,-0.01600856,0.16688230,-0.09892217,-0.19408700,-0.76478699,-1.10532459,0.24246262,0.81631271,1.07068581,-0.28384792,-0.84430375,-1.00517867,0.31704976,0.84795313,0.91069175,-0.34111090,-0.82715562,-0.78994916,0.35533766,0.78251083,0.64643197,-0.04611324,-0.01869511,-0.99876164,0.01493707,-0.03167844,0.00422321,-0.02597920,0.00000000,0.06382451
10007940000000,synthetic_50hz_01,397,0.02,100.48755486,99.54485346,17.17916716,17.24662847,17.25988028,4.19764942,124.51250173,1,1,0,0,1,0.53705493,0.00000000,0.00550083,0.04201124,0.04217587,-0.03581423,-0.03558850,-0.02106506,0.06303249,0.02813974,-0.00065307,-0.08843350,-0.01987969,0.02235237,0.11128493,0.01104650,-0.04340724,-0.13092796,-0.00189484,0.06321066,0.14679628,0.04704278,0.15966080,-0.28356357,-0.04144740,0.10035312,-0.16957611,0.03470873,0.11905402,-0.33531902,-0.02702730,0.14151414,-0.12247325,0.01862966,0.07854534,-0.37640116,-0.00976178,0.18018280,-0.08860870,-0.22744475,-0.80164306,-1.08439608,0.27118175,0.83728711,1.02868379,-0.30710045,-0.84879178,-0.94331406,0.33416531,0.83582539,0.83074815,-0.35159602,-0.79876176,-0.69423139,0.35889006,0.73866945,0.53769961,-0.04582758,-0.01899076,-0.99876921,0.01463179,-0.03188368,0.00550083,-0.02531256,0.00000000,0.06383581
10007960000000,synthetic_50hz_01,398,0.02,100.80478647,99.79684006,17.21306667,17.25988028,17.25563824,4.20949434,124.49679522,1,1,0,0,1,0.53661565,0.00000000,0.00677704,0.03773954,0.02787628,-0.05449431,-0.03059893,-0.00629381,0.08054534,0.02257615,-0.01547011,-0.10427420,-0.01390248,0.03678802,0.12499679,0.00482800,-0.05704531,-0.14211567,0.00438568,0.07565796,0.15513728,0.04273242,0.14531417,-0.30225582,-0.03642395,0.11517316,-0.15204443,0.02911670,0.10418742,-0.35118484,-0.02102767,0.15599914,-0.10873048,0.01239521,0.06485913,-0.38762493,-0.00347210,0.19267607,-0.08022718,-0.25783982,-0.82788473,-1.04895818,0.29634490,0.84713775,0.97287055,-0.32630622,-0.84196739,-0.86873459,0.34685998,0.81252272,0.73955262,-0.35741360,-0.75965264,-0.58904900,0.35766282,0.68488143,0.42156282,-0.04554126,-0.01928025,-0.99877677,0.01432177,-0.03208267,0.00677704,-0.02464282,0.00000000,0.06383077
10007980000000,synthetic_50hz_01,399,0.02,100.86541455,100.01055496,17.23094673,17.25563824,17.24564677,4.22137827,124.48114478,1,1,0,0,1,0.53619007,0.00000000,0.00805152,0.03294800,0.01316110,-0.07249424,-0.02518355,0.00860400,0.09702424,0.01669305,-0.03012105,-0.11875699,-0.00772128,0.05076969,0.13706592,-0.00147309,-0.06995462,-0.15142318,0.01062500,0.08712272,0.16141483,0.03790204,0.13055206,-0.32026762,-0.03097446,0.13011970,-0.13554698,0.02320493,0.08948693,-0.36569248,-0.01482379,0.17003018,-0.09663069,0.00607788,0.05190162,-0.39696830,0.00277668,0.20418691,-0.07390930,-0.28483726,-0.84305886,-0.99934501,0.31758135,0.84562576,0.90385935,-0.34116943,-0.82381288,-0.78231501,0.35492144,0.77824909,0.63821616,-0.35844089,-0.71024801,-0.47571724,0.35162633,0.62177016,0.29950317,-0.04525433,-0.01956349,-0.99878431,0.01400711,-0.03227537,0.00805152,-0.02397007,0.00000000,0.06380938
10008000000000,synthetic_50hz_01,400,0.02,100.75173404,100.15879077,17.23712075,17.24564677,17.23662271,4.23329498,124.46555151,1,1,0,0,1,0.53577824,0.00000000,0.00932394,0.02769597,-0.00177513,-0.08956372,-0.01941112,0.02342838,0.11223579,0.01056663,-0.04440618,-0.13167205,-0.00141751,0.06410372,0.14731215,-0.00777249,-0.08195313,-0.15870516,0.01673839,0.09743979,0.16552264,0.03261097,0.11556898,-0.33734867,-0.02516769,0.14499275,-0.12031717,0.01704957,0.07515227,-0.37863213,-0.00849705,0.18341362,-0.08635404,-0.00023804,0.03985482,-0.40428593,0.00889984,0.21455017,-0.06976133,-0.30804003,-0.84685265,-0.93608628,0.33456653,0.83266029,0.82245087,-0.35144731,-0.79446194,-0.68510383,0.35819571,0.73335889,0.52800492,-0.35461715,-0.65111275,-0.35568339,0.34081482,0.55009474,0.17310733,-0.04496684,-0.01984039,-0.99879184,0.01368790,-0.03246175,0.00932394,-0.02329438,0.00000000,0.06377167
10008020000000,synthetic_50hz_01,401,0.02,100.95120573,100.31727377,17.23691157,17.23662271,17.21573753,4.24523853,124.45001647,1,1,0,0,1,0.53538021,0.00000000,0.01059397,0.02205012,-0.01673137,-0.10546049,-0.01335647,0.03797669,0.12595948,0.00427775,-0.05812712,-0.14282699,0.00492430,0.07660173,0.15557674,-0.01398438,-0.09286787,-0.16384113,0.02264128,0.10645658,0.16738191,0.02692588,0.10056602,-0.35325672,-0.01907849,0.15958967,-0.10657551,0.01073150,0.06138181,-0.38981139,-0.00213200,0.19596105,-0.07805928,-0.00646675,0.02889173,-0.40945733,0.01481279,0.22361328,-0.06786208,-0.32709534,-0.83910140,-0.85990524,0.34702750,0.80830347,0.72962723,-0.35695470,-0.75420177,-0.57831373,0.35659072,0.67835608,0.41032717,-0.34594607,-0.58295308,-0.23051069,0.32532763,0.47074326,0.04404848,-0.04467885,-0.02011087,-0.99879936,0.01336427,-0.03264176,0.01059397,-0.02261584,0.00000000,0.06371762
10008040000000,synthetic_50hz_01,402,0.02,101.42042146,100.53790330,17.22801848,17.21573753,17.17459913,4.25720297,124.43454070,1,1,0,0,1,0.53499602,0.00000000,0.01186128,0.01608371,-0.03150256,-0.11995390,-0.00709968,0.05204632,0.13799110,-0.00208903,-0.07108957,-0.15204995,0.01121752,0.08808326,0.16172513,-0.02002260,-0.10253748,-0.16673770,0.02825041,0.11403549,0.16694314,0.02092006,0.08574819,-0.36776110,-0.01278693,0.17370786,-0.09452619,0.00433528,0.04836987,-0.39905840,0.00418472,0.20749204,-0.07188095,-0.01252207,0.01917370,-0.41238911,0.02043229,0.23123861,-0.06826106,-0.34170052,-0.81979459,-0.77171395,0.35474805,0.77277358,0.62654345,-0.35756803,-0.70347316,-0.46330941,0.35007916,0.61389127,0.28671795,-0.33249734,-0.50661061,-0.10186027,0.30532946,0.38472413,-0.08593409,-0.04439041,-0.02037483,-0.99880688,0.01303630,-0.03281537,0.01186128,-0.02193454,0.00000000,0.06364727
10008060000000,synthetic_50hz_01,403,0.02,101.47605074,100.72553279,17.20558235,17.17459913,17.13260857,4.26918171,124.41912522,1,1,0,0,1,0.53462573,0.00000000,0.01312556,0.00987582,-0.04588240,-0.13282831,-0.00072512,0.06543751,0.14814596,-0.00844648,-0.08310602,-0.15919249,0.01737457,0.09837855,0.16564942,-0.02580174,-0.11081477,-0.16733061,0.03348503,0.12005616,0.16418758,0.01467256,0.07132182,-0.38064618,-0.00637738,0.18714753,-0.08435393,-0.00205185,0.03630394,-0.40622472,0.01036554,0.21783680,-0.06792697,-0.01831861,0.01084792,-0.41301702,0.02567757,0.23730580,-0.07097702,-0.35160850,-0.78908006,-0.67260574,0.35757309,0.72644617,0.51451623,-0.35322869,-0.64286851,-0.34159298,0.33870054,0.54075664,0.15882144,-0.31440749,-0.42305451,0.02852900,0.28104993,0.29315552,-0.21505693,-0.04410158,-0.02063219,-0.99881439,0.01270411,-0.03298256,0.01312556,-0.02125056,0.00000000,0.06356062
10008080000000,synthetic_50hz_01,404,0.02,101.69026772,100.91847978,17.17493336,17.13260857,17.08364232,4.28116832,124.40377100,1,1,0,0,1,0.53426938,0.00000000,0.01438648,0.00351035,-0.05966614,-0.14388654,0.00567963,0.07795613,0.15626196,-0.01470587,-0.09399862,-0.16413229,0.02330813,0.10733107,0.16727060,-0.03123840,-0.11756913,-0.16558642,0.03826806,0.12441761,0.15912831,0.00826731,0.05749167,-0.39171478,0.00006259,0.19971457,-0.07622081,-0.00834116,0.02536189,-0.41118803,0.01632315,0.22683882,-0.06627636,-0.02377296,0.00404502,-0.41130761,0.03047157,0.24171387,-0.07599687,-0.35663266,-0.74726621,-0.56384503,0.35541243,0.66985305,0.39501013,-0.34394549,-0.57312772,-0.21478690,0.32256245,0.45987885,0.02837126,-0.29187977,-0.33337146,0.15886233,0.25278207,0.19725281,-0.34151585,-0.04381241,-0.02088286,-0.99882191,0.01236781,-0.03314327,0.01438648,-0.02056397,0.00000000,0.06345770
10008100000000,synthetic_50hz_01,405,0.02,101.55095545,101.04497491,17.13659113,17.08364232,17.04232781,4.29315655,124.38847900,1,1,0,0,1,0.53392701,0.00000000,0.01564372,-0.00292498,-0.07265347,-0.15295310,0.01202491,0.08941662,0.16220252,-0.02077814,-0.10360185,-0.16677557,0.02893234,0.11480019,0.16654040,-0.03625240,-0.12268879,-0.16150380,0.04252729,0.12704021,0.15181096,0.00179200,0.04445802,-0.40079142,0.00644329,0.21122342,-0.07026343,-0.01444361,0.01570923,-0.41385456,0.02197168,0.23435745,-0.06697736,-0.02880493,-0.00112325,-0.40725954,0.03474206,0.24438320,-0.08327498,-0.35665109,-0.69482201,-0.44685431,0.34824376,0.60367912,0.26962116,-0.32979640,-0.49513187,-0.08461470,0.30184086,0.37230975,-0.10283124,-0.26518311,-0.23875376,0.28731251,0.22088000,0.09831439,-0.46351042,-0.04352295,-0.02112676,-0.99882944,0.01202750,-0.03329750,0.01564372,-0.01987487,0.00000000,0.06333854
10008120000000,synthetic_50hz_01,406,0.02,101.44700801,101.12538153,17.09700053,17.04232781,17.00563463,4.30514113,124.37325017,1,1,0,0,1,0.53359866,0.00000000,0.01689695,-0.00933980,-0.08465152,-0.15987729,0.01822014,0.09964480,0.16585915,-0.02657519,-0.11176527,-0.16705922,0.03416407,0.12066350,0.16344290,-0.04076798,-0.12608294,-0.15511443,0.04619653,0.12786735,0.14231395,-0.00466296,0.03241378,-0.40772537,0.01267416,0.22149987,-0.06659026,-0.02027108,0.00749641,-0.41416118,0.02722799,0.24027029,-0.07004592,-0.03333876,-0.00456607,-0.40090452,0.03842287,0.24525719,-0.09273295,-0.35161000,-0.63237477,-0.32319852,0.33611483,0.52875688,0.14005800,-0.31092931,-0.40989469,0.04712045,0.27677956,0.27921504,-0.23294039,-0.23465012,-0.14048549,0.41204456,0.18575560,-0.00229432,-0.57926929,-0.04323326,-0.02136382,-0.99883699,0.01168329,-0.03344519,0.01689695,-0.01918333,0.00000000,0.06320316
10008140000000,synthetic_50hz_01,407,0.02,101.25504397,101.15131402,17.05862685,17.00563463,16.97586061,4.31711786,124.35808539,1,1,0,0,1,0.53328438,0.00000000,0.01814586,-0.01564225,-0.09547774,-0.16453599,0.02417517,0.10848064,0.16715381,-0.03201112,-0.11835600,-0.16495251,0.03892416,0.12481911,0.15799555,-0.04471501,-0.12768361,-0.14648351,0.04921670,0.12686695,0.13074828,-0.01100574,0.02154148,-0.41239355,0.01866505,0.23038393,-0.06527936,-0.02573765,0.00085630,-0.41207716,0.03201293,0.24447545,-0.07546457,-0.03730433,-0.00621548,-0.39230771,0.04145491,0.24430371,-0.10425976,-0.34152640,-0.56070563,-0.19456680,0.31914467,0.44605878,0.00812095,-0.28756185,-0.31855184,0.17855903,0.24768849,0.18186090,-0.36009107,-0.20067415,-0.03992683,0.53124152,0.14787428,-0.10315836,-0.68707603,-0.04294340,-0.02159396,-0.99884454,0.01133529,-0.03358633,0.01814586,-0.01848945,0.00000000,0.06305160
10008160000000,synthetic_50hz_01,408,0.02,101.34036059,101.18912333,17.02386503,16.97586061,16.94098959,4.32908379,124.34298555,1,1,0,0,1,0.53298421,0.00000000,0.01939012,-0.02174030,-0.10496286,-0.16683626,0.02980150,0.11578104,0.16604089,-0.03700351,-0.12326120,-0.16045848,0.04313870,0.12718768,0.15024998,-0.04803017,-0.12744728,-0.13570970,0.05153691,0.12403251,0.11725684,-0.01714430,0.01201038,-0.41470298,0.02432744,0.23773247,-0.06637633,-0.03076095,-0.00409824,-0.40760555,0.03625258,0.24689358,-0.08318171,-0.04063832,-0.00602793,-0.38156779,0.04378728,0.24151631,-0.11771254,-0.32648977,-0.48074265,-0.06275185,0.29752387,0.35668711,-0.12432129,-0.25998022,-0.22234810,0.30781020,0.21494121,0.08159870,-0.48242479,-0.16370535,0.06150323,0.64313085,0.10774979,-0.20283199,-0.78529515,-0.04265342,-0.02181711,-0.99885212,0.01098363,-0.03372089,0.01939012,-0.01779331,0.00000000,0.06288390
10008180000000,synthetic_50hz_01,409,0.02,101.32511628,101.21632192,16.98905734,16.94098959,16.90578976,4.34103648,124.32795150,1,1,0,0,1,0.53269818,0.00000000,0.02062942,-0.02754307,-0.11295372,-0.16671749,0.03501366,0.12142229,0.16250875,-0.04147479,-0.12639019,-0.15361481,0.04674019,0.12771421,0.14029208,-0.05065804,-0.12535616,-0.12292467,0.05311540,0.11938404,0.10201328,-0.02298775,0.00397367,-0.41459308,0.02957587,0.24342178,-0.06989280,-0.03526337,-0.00727654,-0.40078403,0.03987945,0.24746968,-0.09311141,-0.04328530,-0.00398565,-0.36881643,0.04537823,0.23691497,-0.13291763,-0.30666280,-0.39355155,0.07037301,0.27151382,0.26186183,-0.25535657,-0.22853697,-0.12262252,0.43297809,0.17897130,-0.02015206,-0.59811665,-0.12424580,0.16234565,0.74601122,0.06593823,-0.29985873,-0.87239795,-0.04236338,-0.02203318,-0.99885973,0.01062840,-0.03384884,0.02062942,-0.01709498,0.00000000,0.06270011
10008200000000,synthetic_50hz_01,410,0.02,101.32309029,101.23767560,16.95408496,16.90578976,16.86977345,4.35297389,124.31298406,1,1,0,0,1,0.53242632,0.00000000,0.02186344,-0.03296217,-0.11931593,-0.16415322,0.03973052,0.12530247,0.15658092,-0.04535343,-0.12767648,-0.14449431,0.04966877,0.12636952,0.12824186,-0.05255214,-0.12141926,-0.10829215,0.05392041,0.11296844,0.08522032,-0.02844772,-0.00243428,-0.41203737,0.03432922,0.24734995,-0.07580527,-0.03917338,-0.00861211,-0.39168540,0.04283368,0.24617457,-0.10513370,-0.04519880,-0.00009765,-0.35421734,0.04619600,0.23054660,-0.14967232,-0.28228112,-0.30032409,0.20287881,0.24144494,0.16290614,-0.38305588,-0.19364779,-0.02079153,0.55218927,0.14026769,-0.12192251,-0.70540278,-0.08284360,0.26112146,0.83827920,0.02303109,-0.39279216,-0.94698765,-0.04207333,-0.02224212,-0.99886736,0.01026973,-0.03397016,0.02186344,-0.01639457,0.00000000,0.06250026
10008220000000,synthetic_50hz_01,411,0.02,100.98981425,101.18810333,16.91867413,16.86977345,16.84566078,4.36489433,124.29808403,1,1,0,0,1,0.53216867,0.00000000,0.02309186,-0.03791311,-0.12393643,-0.15915254,0.04387665,0.12734361,0.14831669,-0.04857521,-0.12707941,-0.13320481,0.05187332,0.12315145,0.11425256,-0.05367589,-0.11567298,-0.09200636,0.05393097,0.10485960,0.06710758,-0.03343970,-0.00710039,-0.40704495,0.03851204,0.24943899,-0.08405441,-0.04242677,-0.00806428,-0.38041749,0.04506412,0.24300609,-0.11909532,-0.04634223,0.00559970,-0.33796477,0.04621961,0.22248508,-0.16774698,-0.25365188,-0.20236419,0.33280761,0.20771375,0.06122997,-0.50550112,-0.15578714,0.08166954,0.66362079,0.09936911,-0.22221448,-0.80260797,-0.04008623,0.35635287,0.91845558,-0.02035236,-0.48021744,-1.00782370,-0.04178332,-0.02244385,-0.99887502,0.00990774,-0.03408481,0.02309186,-0.01569214,0.00000000,0.06228441
10008240000000,synthetic_50hz_01,412,0.02,100.85367341,101.12121734,16.88800852,16.84566078,16.82356934,4.37679697,124.28325217,1,1,0,0,1,0.53192526,0.00000000,0.02431437,-0.04231664,-0.12672576,-0.15176094,0.04738355,0.12749347,0.13781134,-0.05108437,-0.12458549,-0.11988858,0.05331240,0.11808565,0.09850937,-0.05400342,-0.10818135,-0.07429009,0.05313748,0.09515813,0.04792899,-0.03788443,-0.00993522,-0.39966131,0.04205584,0.24963669,-0.09454498,-0.04496779,-0.00561957,-0.36712259,0.04652938,0.23798989,-0.13481109,-0.04668971,0.01304234,-0.32028148,0.04543948,0.21283101,-0.18688769,-0.22115127,-0.10107184,0.45820066,0.17077893,-0.04168836,-0.62081385,-0.11548296,0.18324667,0.76552868,0.05685756,-0.31952190,-0.88817297,0.00340707,0.44658515,0.98521082,-0.06357348,-0.56077315,-1.05384458,-0.04149342,-0.02263830,-0.99888272,0.00954253,-0.03419279,0.02431437,-0.01498779,0.00000000,0.06205262
10008260000000,synthetic_50hz_01,413,0.02,100.71085220,101.03914431,16.86094407,16.82356934,16.80335821,4.38868162,124.26848922,1,1,0,0,1,0.53169612,0.00000000,0.02553065,-0.04610010,-0.12762011,-0.14206074,0.05019092,0.12572716,0.12519570,-0.05283471,-0.12020944,-0.10472122,0.05395526,0.11122602,0.08122758,-0.05352025,-0.09903591,-0.05539211,0.05154223,0.08399055,0.02795966,-0.04170926,-0.01087494,-0.38996875,0.04490031,0.24791812,-0.10714612,-0.04675022,-0.00129268,-0.35197627,0.04719866,0.23117986,-0.15206571,-0.04622678,0.02213873,-0.30141625,0.04385787,0.20171093,-0.20681934,-0.18522090,0.00207504,0.57712762,0.13115625,-0.14432227,-0.72718446,-0.07331031,0.28240863,0.85627623,0.01335079,-0.41235301,-0.96068116,0.04699363,0.53040907,1.03738920,-0.10598320,-0.63317318,-1.08418882,-0.04120368,-0.02282543,-0.99889046,0.00917423,-0.03429406,0.02553065,-0.01428161,0.00000000,0.06180494
10008280000000,synthetic_50hz_01,414,0.02,100.66814030,100.96494351,16.83675801,16.80335821,16.78087651,4.40054846,124.25379589,1,1,0,0,1,0.53148128,0.00000000,0.02674040,-0.04919872,-0.12658304,-0.13017085,0.05224781,0.12204825,0.11063524,-0.05379058,-0.11399475,-0.08790996,0.05378254,0.10265473,0.06265020,-0.05222392,-0.08835512,-0.03558420,0.04915966,0.07150819,0.00749230,-0.04484943,-0.00988312,-0.37808622,0.04699451,0.24428687,-0.12169239,-0.04773841,0.00487289,-0.33518577,0.04705263,0.22265816,-0.17061618,-0.04495097,0.03277044,-0.28164087,0.04148925,0.18927617,-0.22724922,-0.14636302,0.10554061,0.68771651,0.08941245,-0.24511851,-0.82290146,-0.02988407,0.37762953,0.93436178,-0.03050587,-0.49925332,-1.01888401,0.09001632,0.60648340,1.07403134,-0.14693156,-0.69622828,-1.09821385,-0.04091415,-0.02300516,-0.99889823,0.00880296,-0.03438862,0.02674040,-0.01357368,0.00000000,0.06154145
10008300000000,synthetic_50hz_01,415,0.02,101.01443042,100.97484089,16.81328778,16.78087651,16.74184536,4.41239775,124.23917288,1,1,0,0,1,0.53128077,0.00000000,0.02794331,-0.05155685,-0.12360686,-0.11624613,0.05351368,0.11648960,0.09432854,-0.05392769,-0.10601389,-0.06969142,0.05278693,0.09248175,0.04304506,-0.05012430,-0.07628332,-0.01515770,0.04601657,0.05788561,-0.01316667,-0.04724928,-0.00695205,-0.36416854,0.04829789,0.23877580,-0.13798519,-0.04790807,0.01280467,-0.31698771,0.04608397,0.21253479,-0.19019466,-0.04287215,0.04479311,-0.26124665,0.03836039,0.17570126,-0.24787091,-0.10513468,0.20775279,0.78818388,0.04615811,-0.34252003,-0.90638041,0.01414922,0.46741226,0.99844557,-0.07404863,-0.57882877,-1.06172508,0.13181318,0.67355738,1.09439455,-0.18577749,-0.74886702,-1.09551213,-0.04062489,-0.02317743,-0.99890606,0.00842884,-0.03447643,0.02794331,-0.01286408,0.00000000,0.06126219
10008320000000,synthetic_50hz_01,416,0.02,100.98276046,100.97642481,16.78328196,16.74184536,16.70400574,4.42422886,124.22462083,1,1,0,0,1,0.53109461,0.00000000,0.02913906,-0.05312909,-0.11871355,-0.10047598,0.05395931,0.10911370,0.07650525,-0.05323387,-0.09636805,-0.05032884,0.05097366,0.08084407,0.02270142,-0.04724386,-0.06298932,0.00558048,0.04215200,0.04331855,-0.03370150,-0.04886340,-0.00210374,-0.34840512,0.04878123,0.23144739,-0.15579488,-0.04724703,0.02240147,-0.29764533,0.04429790,0.20094670,-0.21051191,-0.04001279,0.05803794,-0.24054052,0.03451035,0.16118196,-0.26836867,-0.06214081,0.30712632,0.87686484,0.00203960,-0.43498977,-0.97619199,0.05812042,0.55031226,1.04737506,-0.11660479,-0.64976900,-1.08836182,0.17172739,0.73049259,1.09797060,-0.22189901,-0.79015574,-1.07592438,-0.04033595,-0.02334220,-0.99891393,0.00805199,-0.03455749,0.02913906,-0.01215290,0.00000000,0.06096726
10008340000000,synthetic_50hz_01,417,0.02,101.17732074,101.01660399,16.74998595,16.70400574,16.65861038,4.43604086,124.21014037,1,1,0,0,1,0.53092282,0.00000000,0.03032735,-0.05388128,-0.11195538,-0.08308247,0.05356763,0.10001261,0.05742339,-0.05170960,-0.08518643,-0.03010877,0.04836076,0.06790429,0.00192609,-0.04361765,-0.04866444,0.02631211,0.03761703,0.02802156,-0.05379172,-0.04965763,0.00460957,-0.33101805,0.04842745,0.22239369,-0.17486342,-0.04575578,0.03353411,-0.27744518,0.04171246,0.18805652,-0.23126111,-0.03640794,0.07231362,-0.21984071,0.02999021,0.14593281,-0.28842202,-0.01802620,0.40208695,0.95224237,-0.04226993,-0.52103509,-1.03108876,0.10134739,0.62496154,1.08020838,-0.15750296,-0.71087006,-1.09818509,0.20911765,0.77628387,1.08450061,-0.25470337,-0.81931705,-1.03954947,-0.04004740,-0.02349941,-0.99892185,0.00767253,-0.03463177,0.03032735,-0.01144023,0.00000000,0.06065671
10008360000000,synthetic_50hz_01,418,0.02,101.38735859,101.09075491,16.71160821,16.65861038,16.60668879,4.44783237,124.19573212,1,1,0,0,1,0.53076542,0.00000000,0.03150787,-0.05379141,-0.10341495,-0.06431784,0.05233432,0.08930737,0.03736620,-0.04936841,-0.07262503,-0.00933727,0.04497919,0.05384887,-0.01896085,-0.03929319,-0.03352022,0.04671233,0.03247436,0.01222517,-0.07311706,-0.04960996,0.01310528,-0.31225955,0.04723225,0.21173576,-0.19490760,-0.04344783,0.04604658,-0.25669332,0.03835860,0.17405068,-0.25212219,-0.03210511,0.08740858,-0.19947208,0.02486265,0.13018434,-0.30771069,0.02653332,0.49109639,1.01297548,-0.08608022,-0.59923244,-1.07003016,0.14314538,0.69009233,1.09623536,-0.19608360,-0.76105654,-1.09083559,0.24336863,0.81007913,1.05398653,-0.28363724,-0.83574677,-0.98675054,-0.03975928,-0.02364900,-0.99892983,0.00729058,-0.03469926,0.03150787,-0.01072616,0.00000000,0.06033064
10008380000000,synthetic_50hz_01,419,0.02,101.49223230,101.17105039,16.66754205,16.60668879,16.55366713,4.45960152,124.18139663,1,1,0,0,1,0.53062243,0.00000000,0.03268034,-0.05285030,-0.09320481,-0.04446137,0.05026829,0.07714700,0.01663836,-0.04623702,-0.05886500,0.01166434,0.04087271,0.03888590,-0.03963075,-0.03433003,-0.01778570,0.06645459,0.02679759,-0.00382727,-0.09136252,-0.04871122,0.02327082,-0.29240891,0.04520452,0.19962260,-0.21562272,-0.04034991,0.05975772,-0.23571106,0.03428010,0.15913729,-0.27276648,-0.02716386,0.10309383,-0.17976116,0.01920130,0.11417989,-0.32591969,0.07084066,0.57267771,1.05792573,-0.12869434,-0.66825193,-1.09220514,0.18283770,0.74456013,1.09499577,-0.23170977,-0.79940232,-1.06621715,0.27390153,0.83119737,1.00669900,-0.30819659,-0.83902861,-0.91815725,-0.03947166,-0.02379093,-0.99893787,0.00690627,-0.03475996,0.03268034,-0.01001077,0.00000000,0.05998913
10008400000000,synthetic_50hz_01,420,0.02,101.14898238,101.16663679,16.61971459,16.55366713,16.51693622,4.47134630,124.16713446,1,1,0,0,1,0.53049388,0.00000000,0.03384443,-0.05106219,-0.08146658,-0.02381577,0.04739193,0.06370690,-0.00443819,-0.04235534,-0.04411051,0.03256420,0.03609763,0.02324240,-0.05975137,-0.02879920,-0.00170420,0.08521588,0.02067048,-0.01988313,-0.10822357,-0.04696564,0.03496459,-0.27176882,0.04236666,0.18622961,-0.23668686,-0.03650193,0.07446337,-0.21483027,0.02953323,0.14354337,-0.29286176,-0.02165521,0.11912601,-0.16103098,0.01308988,0.09817211,-0.34274450,0.11418792,0.64544072,1.08618149,-0.16941956,-0.72688140,-1.09705209,0.21976676,0.78736574,1.07629417,-0.26377799,-0.82514996,-1.02450618,0.30018437,0.83914472,0.94318120,-0.32793629,-0.82894655,-0.83466387,-0.03918458,-0.02392516,-0.99894596,0.00651972,-0.03481384,0.03384443,-0.00929415,0.00000000,0.05963226
10008420000000,synthetic_50hz_01,421,0.02,100.76131613,101.08557266,16.57654767,16.51693622,16.49508442,4.48306567,124.15294611,1,1,0,0,1,0.53037977,0.00000000,0.03499986,-0.04844504,-0.06836954,-0.00270297,0.04374117,0.04918689,-0.02552899,-0.03777623,-0.02858616,0.05302493,0.03072218,0.00716127,-0.07899214,-0.02278240,0.01447008,0.10268198,0.01418579,-0.03568425,-0.12341144,-0.04439116,0.04801730,-0.25066123,0.03875459,0.17175663,-0.25776553,-0.03195674,0.08993895,-0.19438833,0.02418627,0.12751179,-0.31207745,-0.01566088,0.13525094,-0.14359575,0.00662119,0.08241913,-0.35789633,0.15586747,0.70810702,1.09707954,-0.20757866,-0.77404946,-1.08427545,0.25330526,0.81767569,1.04021119,-0.29172896,-0.83772795,-0.96615716,0.32174197,0.83362812,0.86424837,-0.34247901,-0.80549441,-0.73742289,-0.03889811,-0.02405163,-0.99895412,0.00613106,-0.03486090,0.03499986,-0.00857639,0.00000000,0.05926012
10008440000000,synthetic_50hz_01,422,0.02,100.61104968,100.99066806,16.54233311,16.49508442,16.47628896,4.49475989,124.13883210,1,1,0,0,1,0.53028013,0.00000000,0.03614633,-0.04503065,-0.05410873,0.01854052,0.03936530,0.03380867,-0.04629206,-0.03256503,-0.01253389,0.07270897,0.02482589,-0.00910224,-0.09702965,-0.01637101,0.03047596,0.11855293,0.00744415,-0.05097104,-0.13665826,-0.04101961,0.06223393,-0.22942265,0.03441760,0.15642533,-0.27851678,-0.02677968,0.10594249,-0.17472279,0.01831870,0.11129783,-0.33009015,-0.00927222,0.15120744,-0.12775542,-0.00010416,0.06718057,-0.37110733,0.19518344,0.75953415,1.09022347,-0.24252137,-0.80884727,-1.05385870,0.28286729,0.83484095,0.98711069,-0.31505802,-0.83676577,-0.89190381,0.33816547,0.81456625,0.77098294,-0.35152346,-0.76888240,-0.62783427,-0.03861230,-0.02417032,-0.99896234,0.00574041,-0.03490112,0.03614633,-0.00785757,0.00000000,0.05887281
10008460000000,synthetic_50hz_01,423,0.02,100.82287085,100.95710862,16.51459457,16.47628896,16.44636785,4.50642998,124.12479286,1,1,0,0,1,0.53019496,0.00000000,0.03728355,-0.04086463,-0.03890251,0.03956870,0.03432656,0.01781285,-0.06638335,-0.02679885,0.00379037,0.09128413,0.01849852,-0.02528431,-0.11355315,-0.00966486,0.04604929,0.13254838,0.00055256,-0.06548665,-0.14772217,-0.03689658,0.07739611,-0.20839907,0.02941793,0.14047633,-0.29859654,-0.02104788,0.12221810,-0.15616585,0.01202031,0.09516529,-0.34658910,-0.00258908,0.16673137,-0.11379035,-0.00697917,0.05271325,-0.38213563,0.23146350,0.79873858,1.06549840,-0.27363588,-0.83054844,-1.00607322,0.30791921,0.83841321,0.91764248,-0.33332508,-0.82210613,-0.80275568,0.34912104,0.78209736,0.66472506,-0.35485167,-0.71954034,-0.50753011,-0.03832720,-0.02428117,-0.99897063,0.00534791,-0.03493451,0.03728355,-0.00713778,0.00000000,0.05847043
10008480000000,synthetic_50hz_01,424,0.02,100.90869524,100.94742594,16.48593934,16.44636785,16.41253560,4.51807669,124.11082884,1,1,0,0,1,0.53012427,0.00000000,0.03841123,-0.03600598,-0.02298968,0.06003158,0.02869955,0.00145550,-0.08546240,-0.02056571,0.02012063,0.10842930,0.01183894,-0.04111669,-0.12827013,-0.00277086,0.06092733,0.14441287,-0.00637712,-0.07898140,-0.15639213,-0.03208108,0.09326504,-0.18794049,0.02383018,0.12416571,-0.31766437,-0.01484932,0.13849976,-0.13903862,0.00538996,0.07938242,-0.36128180,0.00428165,0.18155997,-0.10195599,-0.01389199,0.03926686,-0.39077019,0.26407072,0.82491688,1.02308166,-0.30036019,-0.83862672,-0.94148279,0.32799013,0.82815857,0.83274053,-0.34616396,-0.79381421,-0.69998997,0.35435772,0.73658383,0.54705837,-0.35233518,-0.65811738,-0.37835483,-0.03804287,-0.02438416,-0.99897899,0.00495367,-0.03496104,0.03841123,-0.00641711,0.00000000,0.05805309
10008500000000,synthetic_50hz_01,425,0.02,100.61684095,100.88130894,16.45510977,16.41253560,16.39013896,4.52970033,124.09694044,1,1,0,0,1,0.53006807,0.00000000,0.03952907,-0.03052659,-0.00662609,0.07958086,0.02257031,-0.01499558,-0.10319813,-0.01396332,0.03618493,0.12384016,0.00495376,-0.05633105,-0.14091181,0.00419862,0.07485311,0.15392091,-0.01322995,-0.09121713,-0.16249240,-0.02664499,0.10958487,-0.16839519,0.01774039,0.10776123,-0.33538918,-0.00828175,0.15451551,-0.12364540,-0.00146575,0.06421756,-0.37389948,0.01122757,0.19543630,-0.09247785,-0.02072767,0.02707956,-0.39683528,0.29241532,0.83746478,0.96344889,-0.32219300,-0.83277102,-0.86094320,0.34268171,0.80406808,0.73361611,-0.35329075,-0.75218349,-0.58513853,0.35371424,0.67861309,0.41979114,-0.34393999,-0.58547796,-0.24234097,-0.03775937,-0.02447925,-0.99898741,0.00455783,-0.03498073,0.03952907,-0.00569565,0.00000000,0.05762088
10008520000000,synthetic_50hz_01,426,0.02,100.63311197,100.83166955,16.42782203,16.39013896,16.36540397,4.54130163,124.08312804,1,1,0,0,1,0.53002637,0.00000000,0.04063679,-0.02451041,0.00991915,0.09787597,0.01603526,-0.03126515,-0.11927480,-0.00709782,0.05170976,0.13723489,-0.00204427,-0.07066355,-0.15123843,0.01112741,0.08758008,0.16088170,-0.01988975,-0.10197163,-0.16588667,-0.02067225,0.12608650,-0.15010377,0.01124497,0.09153818,-0.35145522,-0.00145127,0.16999186,-0.11026802,-0.00843405,0.04993453,-0.38420236,0.01813255,0.20811379,-0.08554671,-0.02737002,0.01637355,-0.40019459,0.31596608,0.83599360,0.88737538,-0.33870413,-0.81289741,-0.76559702,0.35167719,0.76636501,0.62174615,-0.35451122,-0.69773795,-0.45997005,0.34712454,0.60899478,0.28493280,-0.32973009,-0.50269400,-0.10168080,-0.03747675,-0.02456641,-0.99899591,0.00416050,-0.03499356,0.04063679,-0.00497348,0.00000000,0.05717392
10008540000000,synthetic_50hz_01,427,0.02,100.37444612,100.74022486,16.40160645,16.36540397,16.34947460,4.55288129,124.06939199,1,1,0,0,1,0.52999918,0.00000000,0.04173411,-0.01805236,0.02636785,0.11459005,0.00919987,-0.04707487,-0.13339783,-0.00008214,0.06642470,0.14835969,-0.00903795,-0.08385947,-0.15904426,0.01789748,0.09887654,0.16514352,-0.02624101,-0.11104295,-0.16648161,-0.01425779,0.14249174,-0.13339306,0.00444939,0.07577485,-0.36556793,0.00552916,0.18465840,-0.09916029,-0.01539777,0.03678805,-0.39198472,0.02487852,0.21936075,-0.08131429,-0.03370356,0.00735079,-0.40075479,0.33426126,0.82034368,0.79593232,-0.34954404,-0.77915774,-0.65686320,0.35474930,0.71550831,0.49885640,-0.34972697,-0.63123045,-0.32646734,0.33462185,0.52875392,0.14466607,-0.30986942,-0.41103317,0.04130599,-0.03719507,-0.02464561,-0.99900449,0.00376184,-0.03499953,0.04173411,-0.00425069,0.00000000,0.05671232
10008560000000,synthetic_50hz_01,428,0.02,100.39403398,100.67098669,16.37971107,16.34947460,16.33024859,4.56444046,124.05573261,1,1,0,0,1,0.52998650,0.00000000,0.04282074,-0.01125707,0.04243728,0.12941611,0.00217709,-0.06214812,-0.14529960,0.00696565,0.08006721,0.15699402,-0.01590757,-0.09567792,-0.16416224,0.02439087,0.10853019,0.16659759,-0.03217097,-0.11825349,-0.16422984,-0.00750624,0.15851785,-0.11857007,-0.00253338,0.06074789,-0.37745967,0.01254149,0.19825257,-0.09054273,-0.02223718,0.02501903,-0.39707950,0.03134756,0.22896489,-0.07988937,-0.03961550,0.00018887,-0.39846850,0.34691872,0.79059433,0.69047775,-0.35445240,-0.73194441,-0.53642132,0.35176705,0.65219220,0.36689962,-0.33894009,-0.55363698,-0.18680003,0.31634133,0.43912015,0.00131491,-0.28462230,-0.31194328,0.18420812,-0.03691437,-0.02471683,-0.99901313,0.00336195,-0.03499864,0.04282074,-0.00352738,0.00000000,0.05623621
10008580000000,synthetic_50hz_01,429,0.02,100.50296934,100.63738322,16.35893683,16.33024859,16.30522287,4.57598020,124.04215019,1,1,0,0,1,0.52998833,0.00000000,0.04389642,-0.00423737,0.05784492,0.14207295,-0.00491431,-0.07621483,-0.15474494,0.01392431,0.09238742,0.16295557,-0.02253286,-0.10589645,-0.16646811,0.03049178,0.11635243,0.16518129,-0.03757161,-0.12345391,-0.15913222,-0.00053042,0.17388233,-0.10591599,-0.00958461,0.04672737,-0.38689530,0.01946448,0.21052451,-0.08459768,-0.02883202,0.01484990,-0.39936244,0.03742385,0.23673758,-0.08133457,-0.04499784,-0.00496286,-0.39333658,0.35364508,0.74707007,0.57264205,-0.35326546,-0.67189129,-0.40619083,0.34270103,0.57734157,0.22802895,-0.32225637,-0.46614682,-0.04329288,0.29252091,0.34151285,-0.14269134,-0.25435194,-0.20703289,0.32456171,-0.03663473,-0.02478004,-0.99902186,0.00296097,-0.03499089,0.04389642,-0.00280362,0.00000000,0.05574570
10008600000000,synthetic_50hz_01,430,0.02,100.15517253,100.54094108,16.33637696,16.30522287,16.29314194,4.58750117,124.02864499,1,1,0,0,1,0.53000467,0.00000000,0.04496085,0.00288747,0.07231347,0.15231096,-0.01195173,-0.08901640,-0.16153635,0.02067141,0.10315295,0.16610458,-0.02879512,-0.11431555,-0.16588394,0.03608866,0.12218238,0.16088078,-0.04234174,-0.12652663,-0.15123936,0.00655039,0.18830787,-0.09568044,-0.01658166,0.03397186,-0.39367729,0.02617569,0.22124183,-0.08146486,-0.03506358,0.00648017,-0.39875563,0.04299583,0.24251798,-0.08566373,-0.04974938,-0.00798685,-0.38540964,0.35424369,0.69034278,0.44430813,-0.34592198,-0.59987024,-0.26830500,0.32762718,0.49210317,0.08456652,-0.29988674,-0.37014853,0.10161006,0.26350042,0.23752234,-0.28485717,-0.21951727,-0.09804826,0.45989171,-0.03635619,-0.02483522,-0.99903066,0.00255904,-0.03497628,0.04496085,-0.00207950,0.00000000,0.05524092
10008620000000,synthetic_50hz_01,431,0.02,100.53538661,100.53983019,16.31821825,16.29314194,16.26397179,4.59900447,124.01521726,1,1,0,0,1,0.53003552,0.00000000,0.04601378,0.00999361,0.08557592,0.15991753,-0.01881071,-0.10031075,-0.16551865,0.02708548,0.11215358,0.16634779,-0.03457936,-0.12076297,-0.16238104,0.04107631,0.12589070,0.15373277,-0.04638901,-0.12738894,-0.14065232,0.01361237,0.20152747,-0.08807601,-0.02340011,0.02272346,-0.39765046,0.03255366,0.23019434,-0.08123756,-0.04081688,0.00008209,-0.39523035,0.04795832,0.24617674,-0.09284014,-0.05377777,-0.00880036,-0.37478874,0.34862122,0.62122948,0.30758616,-0.33246762,-0.51698338,-0.12508006,0.30672883,0.39783240,-0.06103216,-0.27214690,-0.26721174,0.24538480,0.22971885,0.12888723,-0.42266288,-0.18066790,0.01315316,0.58775539,-0.03607880,-0.02488236,-0.99903954,0.00215627,-0.03495482,0.04601378,-0.00135513,0.00000000,0.05472200
10008640000000,synthetic_50hz_01,432,0.02,100.22535062,100.47693427,16.29543474,16.26397179,16.24756313,4.61049039,124.00186719,1,1,0,0,1,0.53008087,0.00000000,0.04705493,0.01695475,0.09738068,0.16472210,-0.02536717,-0.10987712,-0.16658314,0.03304824,0.11920575,0.16364150,-0.03977652,-0.12509762,-0.15598201,0.04535801,0.12738287,0.14382548,-0.04963182,-0.12599561,-0.12752239,0.02052921,0.21328952,-0.08327328,-0.02991586,0.01320293,-0.39870614,0.03848011,0.23719845,-0.08395946,-0.04598286,-0.00420326,-0.38880921,0.05221461,0.24761934,-0.10277558,-0.05700143,-0.00735818,-0.36162519,0.33679264,0.54078564,0.16478323,-0.31305754,-0.42455074,0.02102031,0.28029685,0.29607585,-0.20621782,-0.23945506,-0.15906495,0.38546997,0.19170967,0.01746813,-0.55360884,-0.13843721,0.12463230,0.70578692,-0.03580262,-0.02492144,-0.99904849,0.00175281,-0.03492651,0.04705493,-0.00063057,0.00000000,0.05418907
10008660000000,synthetic_50hz_01,433,0.02,99.83338005,100.34822343,16.27532866,16.24756313,16.24465645,4.62195954,123.98859498,1,1,0,0,1,0.53014072,0.00000000,0.04808403,0.02364431,0.10749661,0.16660055,-0.03149964,-0.11752075,-0.16467108,0.03844682,0.12415671,0.15799405,-0.04428556,-0.12721318,-0.14676199,0.04884752,0.12660204,0.13129871,-0.05200119,-0.12234089,-0.11205003,0.02717433,0.22336290,-0.08139636,-0.03600744,0.00560502,-0.39678556,0.04384218,0.24210145,-0.08962223,-0.05046049,-0.00626955,-0.37956737,0.05567843,0.24678893,-0.11533025,-0.05935136,-0.00365456,-0.34611942,0.31888445,0.45029383,0.01836808,-0.28795714,-0.32409356,0.16742457,0.24872789,0.18854952,-0.34839029,-0.20232769,-0.04756951,0.51931175,0.15009430,-0.09478195,-0.67526121,-0.09353361,0.23440081,0.81174258,-0.03552771,-0.02495245,-0.99905753,0.00134878,-0.03489135,0.04808403,0.00009408,0.00000000,0.05364227
10008680000000,synthetic_50hz_01,434,0.02,99.66893011,100.21236477,16.26244633,16.24465645,16.24405065,4.63341331,123.97540076,1,1,0,0,1,0.53021507,0.00000000,0.04910082,0.02993775,0.11571791,0.16547898,-0.03709156,-0.12307732,-0.15977634,0.04317600,0.12688835,0.14946727,-0.04801565,-0.12704113,-0.13484899,0.05147099,0.12353125,0.11634295,-0.05344240,-0.11645991,-0.09448269,0.03342319,0.23154182,-0.08251915,-0.04155829,0.00009405,-0.39188262,0.04853462,0.24478518,-0.09816404,-0.05415892,-0.00604826,-0.36763282,0.05827595,0.24366855,-0.13031364,-0.06077284,0.00227537,-0.32851891,0.29513598,0.35124775,-0.12906857,-0.25754080,-0.21731307,0.31149670,0.21252060,0.07711316,-0.48494424,-0.16137334,0.06530997,0.64441060,0.10557360,-0.20585017,-0.78529831,-0.04673013,0.34045562,0.90354550,-0.03525412,-0.02497538,-0.99906664,0.00094431,-0.03484935,0.04910082,0.00081873,0.00000000,0.05308174
10008700000000,synthetic_50hz_01,435,0.02,99.76199700,100.12229121,16.25472015,16.24405065,16.23559827,4.64485350,123.96228468,1,1,0,0,1,0.53030390,0.00000000,0.05010504,0.03571492,0.12186876,0.16133670,-0.04203358,-0.12641692,-0.15194725,0.04714038,0.12732042,0.13817710,-0.05088811,-0.12455322,-0.12042324,0.05316871,0.11819509,0.09919752,-0.05391643,-0.10842934,-0.07511188,0.03915564,0.23765044,-0.08666236,-0.04645907,-0.00320008,-0.38404562,0.05246208,0.24516945,-0.10946895,-0.05699950,-0.00351115,-0.35318579,0.05994746,0.23828279,-0.14748646,-0.06122687,0.01035494,-0.30911516,0.26589865,0.24533162,-0.27485767,-0.22228856,-0.10606512,0.45058251,0.17226978,-0.03625930,-0.61331684,-0.11728439,0.17753833,0.75836897,0.05891763,-0.31369886,-0.88155696,0.00114775,0.44081530,0.97932925,-0.03498190,-0.02499021,-0.99907583,0.00053954,-0.03480053,0.05010504,0.00154329,0.00000000,0.05250761
10008720000000,synthetic_50hz_01,436,0.02,99.61940617,100.02171420,16.24668896,16.23559827,16.22985975,4.65628154,123.94924681,1,1,0,0,1,0.53040721,0.00000000,0.05109644,0.04086245,0.12580751,0.15420831,-0.04622585,-0.12744761,-0.14128743,0.05025654,0.12541334,0.12429317,-0.05283831,-0.11976335,-0.10371548,0.05389672,0.11066052,0.08014763,-0.05340127,-0.09836730,-0.05426908,0.04425833,0.24154713,-0.09379135,-0.05060994,-0.00418542,-0.37337820,0.05554110,0.24321463,-0.12336732,-0.05891757,0.00132787,-0.33645704,0.06064900,0.23069863,-0.16656347,-0.06069142,0.02046603,-0.28823964,0.23163313,0.13439517,-0.41629877,-0.18278061,0.00766926,0.58205824,0.12865844,-0.14951258,-0.73103670,-0.07082700,0.28704539,0.85893903,0.01095357,-0.41630254,-0.96207775,0.04923565,0.53355750,1.03747932,-0.03471111,-0.02499695,-0.99908510,0.00013459,-0.03474488,0.05109644,0.00226768,0.00000000,0.05192005
10008740000000,synthetic_50hz_01,437,0.02,99.70594086,99.95855954,16.23962069,16.22985975,16.21754033,4.66769872,123.93628723,1,1,0,0,1,0.53052497,0.00000000,0.05207475,0.04527609,0.12743049,0.14418489,-0.04958020,-0.12611837,-0.12795565,0.05245490,0.12117020,0.10803738,-0.05381729,-0.11272863,-0.08500435,0.05362811,0.10103704,0.05952060,-0.05189281,-0.08643251,-0.03232084,0.04862699,0.24312822,-0.10381507,-0.05392272,-0.00281095,-0.36003912,0.05770212,0.23892384,-0.13963727,-0.05986420,0.00841171,-0.31772519,0.06035366,0.22102555,-0.18721738,-0.05916240,0.03244991,-0.26625891,0.19290425,0.02042440,-0.55070962,-0.13968976,0.12181680,0.70338077,0.08244795,-0.26054596,-0.83577312,-0.02282913,0.39176346,0.94406974,-0.03744786,-0.51168624,-1.02514840,0.09664521,0.61685686,1.07667154,-0.03444180,-0.02499559,-0.99909445,-0.00027041,-0.03468242,0.05207475,0.00299181,0.00000000,0.05131919
10008760000000,synthetic_50hz_01,438,0.02,99.66424291,99.89969621,16.23034694,16.21754033,16.20467906,4.67910583,123.92340598,1,1,0,0,1,0.53065719,0.00000000,0.05303974,0.04886299,0.12667522,0.13141408,-0.05202219,-0.12242138,-0.11216460,0.05368156,0.11463808,0.08968135,-0.05379328,-0.10354972,-0.06461256,0.05235410,0.08947596,0.03768095,-0.04940553,-0.07282257,-0.00966298,0.05216879,0.24233121,-0.11658587,-0.05632297,0.00093113,-0.34424107,0.05889125,0.23234417,-0.15800715,-0.05980759,0.01763969,-0.29731296,0.05905266,0.20941487,-0.20908363,-0.05665428,0.04610898,-0.24356880,0.15037376,-0.09449149,-0.67547738,-0.09377171,0.23424819,0.81213822,0.03446617,-0.36725140,-0.92538474,0.02583304,0.48966659,1.01195199,-0.08538747,-0.59796445,-1.06934419,0.14248014,0.68902273,1.09590670,-0.03417403,-0.02498614,-0.99910388,-0.00067531,-0.03461316,0.05303974,0.00371559,0.00000000,0.05070520
10008780000000,synthetic_50hz_01,439,0.02,98.76459091,99.67267515,16.21956643,16.20467906,16.22370344,4.69050333,123.91060307,1,1,0,0,1,0.53080383,0.00000000,0.05399115,0.05154385,0.12352289,0.11609910,-0.05349296,-0.11639362,-0.09417860,0.05389984,0.10590867,0.06954289,-0.05275276,-0.09237032,-0.04290223,0.05008479,0.07616889,0.01502467,-0.04597286,-0.05777148,0.01328605,0.05480442,0.23913731,-0.13190055,-0.05775183,0.00700387,-0.32624839,0.05907178,0.22356728,-0.17815917,-0.05873425,0.02886812,-0.27558248,0.05675611,0.19605820,-0.23176626,-0.05320048,0.06120925,-0.22058776,0.10479090,-0.20819660,-0.78811082,-0.04585337,0.34281689,0.90610039,-0.01440613,-0.46755361,-0.99796666,0.07425030,0.57881055,1.06106109,-0.13195380,-0.67338010,-1.09356463,0.18585300,0.74853580,1.09454020,-0.03390784,-0.02496859,-0.99911338,-0.00108000,-0.03453712,0.05399115,0.00443893,0.00000000,0.05007823
10008800000000,synthetic_50hz_01,440,0.02,98.67802309,99.47374474,16.22130397,16.22370344,16.23688910,4.70189316,123.89787848,1,1,0,0,1,0.53096489,0.00000000,0.05492873,0.05325490,0.11800021,0.09849661,-0.05395091,-0.10811756,-0.07431016,0.05309149,0.09511783,0.04798131,-0.05070142,-0.07937580,-0.02026914,0.04684960,0.06134534,-0.00802740,-0.04164708,-0.04154626,0.03609251,0.05647011,0.23357324,-0.14950241,-0.05816771,0.01532476,-0.30637356,0.05822549,0.21272905,-0.19973401,-0.05664985,0.04191161,-0.25292952,0.05349341,0.18118505,-0.25484442,-0.04885330,0.07748369,-0.19774952,0.05698078,-0.31850761,-0.88629231,0.00318073,0.44539988,0.98326763,-0.06325055,-0.55945106,-1.05189488,0.12149681,0.65737300,1.09019552,-0.17624027,-0.73634258,-1.09706530,0.22590264,0.79408305,1.07230619,-0.03364330,-0.02494295,-0.99912296,-0.00148433,-0.03445431,0.05492873,0.00516175,0.00000000,0.04943844
10008820000000,synthetic_50hz_01,441,0.02,98.70455537,99.31990686,16.22784973,16.23688910,16.24044977,4.71327753,123.88523217,1,1,0,0,1,0.53114035,0.00000000,0.05585225,0.05394962,0.11018036,0.07891352,-0.05337306,-0.09772109,-0.05291545,0.05125772,0.08244448,0.02539181,-0.04766460,-0.06479095,0.00286389,0.04269729,0.04526947,-0.03103702,-0.03649900,-0.02444285,0.05831534,0.05711936,0.22571216,-0.16908458,-0.05754763,0.02576594,-0.28497278,0.05635358,0.20000841,-0.22233648,-0.05357976,0.05654539,-0.22977690,0.04931335,0.16505960,-0.27787987,-0.04368353,0.09463634,-0.17549514,0.00783092,-0.42325541,-0.96792857,0.05240374,0.53993973,1.04191735,-0.11112758,-0.64105733,-1.08586716,0.16664756,0.72369296,1.09851092,-0.21736301,-0.78546417,-1.07948409,0.26181178,0.82459009,1.02933523,-0.03338044,-0.02490924,-0.99913261,-0.00188819,-0.03436475,0.05585225,0.00588395,0.00000000,0.04878599
10008840000000,synthetic_50hz_01,442,0.02,98.44920152,99.14576579,16.23314175,16.24044977,16.24611571,4.72465809,123.87266407,1,1,0,0,1,0.53133018,0.00000000,0.05676148,0.05360027,0.10018304,0.05770251,-0.05175611,-0.08537647,-0.03038874,0.04841978,0.06810845,0.00219885,-0.04368750,-0.04887683,0.02605443,0.03769568,0.02823606,-0.05355655,-0.03061708,-0.00678124,0.07951461,0.05672441,0.21567378,-0.19029435,-0.05588829,0.03815514,-0.26244029,0.05347731,0.18562518,-0.24554210,-0.04956915,0.07250839,-0.20656705,0.04428373,0.14797662,-0.30042496,-0.03777966,0.11234724,-0.15426457,-0.04172417,-0.52032807,-1.03119923,0.10086328,0.62448716,1.08064700,-0.15709445,-0.71064199,-1.09893921,0.20879652,0.77630868,1.08554850,-0.25447889,-0.81959403,-1.04086091,0.29282451,0.83925010,0.96616482,-0.03311934,-0.02486745,-0.99914233,-0.00229143,-0.03426845,0.05676148,0.00660545,0.00000000,0.04812105
10008860000000,synthetic_50hz_01,443,0.02,98.72082310,99.06077726,16.23859081,16.24611571,16.23223764,4.73603622,123.86017407,1,1,0,0,1,0.53153436,0.00000000,0.05765618,0.05219902,0.08817366,0.03525657,-0.04911715,-0.07129833,-0.00715578,0.04461920,0.05236743,-0.02115131,-0.03883486,-0.03192676,0.04884859,0.03193090,0.01056562,-0.07513755,-0.02410635,0.01110013,0.09926027,0.05527744,0.20362352,-0.21273875,-0.05320678,0.05227771,-0.23920186,0.04963820,0.16983707,-0.26890463,-0.04468278,0.08950729,-0.18375386,0.03849068,0.13025660,-0.32203126,-0.03124670,0.13027794,-0.13448785,-0.09071992,-0.60771465,-1.07460190,0.14759947,0.69724325,1.09841246,-0.20022365,-0.76667000,-1.09055529,0.24707530,0.81399330,1.05125690,-0.28680365,-0.83784879,-0.98165028,0.31826331,0.83754871,0.88374222,-0.03286003,-0.02481761,-0.99915213,-0.00269393,-0.03416544,0.05765618,0.00732617,0.00000000,0.04744379
10008880000000,synthetic_50hz_01,444,0.02,98.77996451,99.00461471,16.23592248,16.23223764,16.20925393,4.74741200,123.84776205,1,1,0,0,1,0.53175287,0.00000000,0.05853611,0.04975877,0.07436148,0.01200243,-0.04549400,-0.05574081,0.01633367,0.03991761,0.03551310,-0.04419886,-0.03319037,-0.01426153,0.07078979,0.02550624,-0.00740121,-0.09533980,-0.01708676,0.02885057,0.11714113,0.05279135,0.18977063,-0.23599104,-0.04954092,0.06787953,-0.21570725,0.04489789,0.15293573,-0.29196426,-0.03900433,0.10722128,-0.16179393,0.03203751,0.11224022,-0.34225854,-0.02420461,0.14807773,-0.11657616,-0.13818000,-0.68354873,-1.09699278,0.19166387,0.75660040,1.09456082,-0.23962199,-0.80783894,-1.06057215,0.28067169,0.83578710,0.99600670,-0.31362949,-0.83963912,-0.90272591,0.33754521,0.81928397,0.78341911,-0.03260258,-0.02475973,-0.99916199,-0.00309556,-0.03405573,0.05853611,0.00804601,0.00000000,0.04675439
10008900000000,synthetic_50hz_01,445,0.02,98.93175257,98.99004228,16.22472169,16.20925393,16.17354375,4.75878446,123.83542784,1,1,0,0,1,0.53198567,0.00000000,0.05940106,0.04631358,0.05899685,-0.01160698,-0.04094510,-0.03899366,0.03961421,0.03439615,0.01786627,-0.06647933,-0.02685555,0.00377622,0.09142783,0.01854069,-0.02530984,-0.11374042,-0.00969130,0.04611376,0.13277382,0.04930019,0.17436547,-0.25959830,-0.04494916,0.08467084,-0.19242185,0.03933752,0.13524199,-0.31425651,-0.03263533,0.12530774,-0.14113743,0.02504319,0.09428205,-0.36068393,-0.01678637,0.16539030,-0.10091288,-0.18313567,-0.74615091,-1.09762171,0.23213906,0.80118117,1.06885652,-0.27444978,-0.83311301,-1.00927570,0.30884798,0.84102580,0.92059699,-0.33434194,-0.82469143,-0.80537704,0.35019668,0.78458083,0.66693770,-0.03234702,-0.02469383,-0.99917192,-0.00349619,-0.03393934,0.05940106,0.00876488,0.00000000,0.04605302
10008920000000,synthetic_50hz_01,446,0.02,98.54784848,98.90160352,16.20322696,16.17354375,16.14569678,4.77015149,123.82317128,1,1,0,0,1,0.53223275,0.00000000,0.06025081,0.04191863,0.04236741,-0.03510095,-0.03554902,-0.02137753,0.06221374,0.02815451,-0.00022867,-0.08753288,-0.01994829,0.02182827,0.11032840,0.01116695,-0.04279856,-0.12994311,-0.00206367,0.06253495,0.14581149,0.04485918,0.15769567,-0.28308979,-0.03951006,0.10233099,-0.16981777,0.03305677,0.11710025,-0.33532152,-0.02569366,0.14340845,-0.12221868,0.01764043,0.07674379,-0.37691112,-0.00913569,0.18186090,-0.08784486,-0.22464574,-0.79406930,-1.07616048,0.26815830,0.82987399,1.02150011,-0.30393973,-0.84175303,-0.93738941,0.33095844,0.82936394,0.82625333,-0.34843546,-0.79306389,-0.69129599,0.35586692,0.73389945,0.53640826,-0.03209343,-0.02461994,-0.99918191,-0.00389568,-0.03381631,0.06025081,0.00948270,0.00000000,0.04533986
10008940000000,synthetic_50hz_01,447,0.02,98.67688213,98.85665924,16.17906428,16.14569678,16.10197069,4.78151101,123.81099214,1,1,0,0,1,0.53249408,0.00000000,0.06108513,0.03664985,0.02479339,-0.05800004,-0.02940347,-0.00323833,0.08366302,0.02130938,-0.01841009,-0.10691395,-0.01260093,0.03952773,0.12708250,0.00352918,-0.05950578,-0.14358721,0.00564431,0.07776825,0.15595223,0.03954421,0.14008148,-0.30598612,-0.03332135,0.12051406,-0.14836424,0.02617236,0.09887213,-0.35471377,-0.01831167,0.16115650,-0.10544670,0.00997340,0.05998707,-0.39057945,-0.00140439,0.19714364,-0.07767403,-0.26181690,-0.82611690,-1.03272372,0.29892511,0.84186490,0.95313858,-0.32741517,-0.83334153,-0.84607401,0.34646571,0.80079254,0.71461673,-0.35552747,-0.74515633,-0.56255672,0.35433921,0.66803692,0.39427793,-0.03184183,-0.02453806,-0.99919197,-0.00429391,-0.03368664,0.06108513,0.01019939,0.00000000,0.04461509
10008960000000,synthetic_50hz_01,448,0.02,98.48238534,98.78180446,16.14668497,16.10197069,16.05487450,4.79286030,123.79889018,1,1,0,0,1,0.53276961,0.00000000,0.06190381,0.03060295,0.00662205,-0.07982589,-0.02262395,0.01505910,0.10350553,0.01399268,-0.03630609,-0.12420106,-0.00495801,0.05650636,0.14131581,-0.00421961,-0.07507752,-0.15435637,0.01327558,0.09148416,0.16294675,0.03345101,0.12187014,-0.32780888,-0.02649850,0.13885523,-0.12851780,0.01881618,0.08092953,-0.37201176,-0.01063391,0.17818365,-0.09119579,0.00219508,0.04436584,-0.40137257,0.00625048,0.21090901,-0.07064965,-0.29382379,-0.84140515,-0.96788122,0.32373211,0.83666436,0.86486686,-0.34430708,-0.80780213,-0.73691799,0.35495552,0.75565060,0.58772342,-0.35537042,-0.68171331,-0.42158452,0.34553983,0.58812190,0.24329114,-0.03159229,-0.02444824,-0.99920209,-0.00469075,-0.03355038,0.06190381,0.01091485,0.00000000,0.04387890
10008980000000,synthetic_50hz_01,449,0.02,97.97788725,98.62102102,16.10812458,16.05487450,16.01378109,4.80419634,123.78686515,1,1,0,0,1,0.53305932,0.00000000,0.06270665,0.02389209,-0.01177879,-0.10011118,-0.01534182,0.03313808,0.12130746,0.00634924,-0.05354199,-0.13900638,0.00282640,0.07240225,0.15269769,-0.01192054,-0.08917513,-0.16198665,0.02067101,0.10337704,0.16660546,0.02669375,0.10342950,-0.34809079,-0.01917290,0.15697780,-0.11071224,0.01113307,0.06364714,-0.38682766,-0.00281444,0.19412802,-0.07979661,-0.00553561,0.03021876,-0.40902655,0.01366977,0.22285138,-0.06696134,-0.31992866,-0.83937248,-0.88266121,0.34197885,0.81412836,0.75821979,-0.35416963,-0.76541254,-0.61191854,0.35614953,0.69462952,0.44797539,-0.34786148,-0.60382001,-0.27111691,0.32954441,0.49560208,0.08644199,-0.03134486,-0.02435050,-0.99921226,-0.00508607,-0.03340753,0.06270665,0.01162900,0.00000000,0.04313148
10009000000000,synthetic_50hz_01,450,0.02,97.48340796,98.39349841,16.06850031,16.01378109,15.97416351,4.81551653,123.77491674,1,1,0,0,1,0.53336318,0.00000000,0.06349343,0.01664806,-0.03002781,-0.11841003,-0.00770212,0.05061765,0.13666768,-0.00146587,-0.06974815,-0.15098514,0.01059160,0.08686778,0.16094963,-0.01941197,-0.10148297,-0.16627386,0.02767269,0.11317236,0.16680434,0.01940321,0.08514085,-0.36638595,-0.01148959,0.17450080,-0.09534869,0.00327812,0.04739460,-0.39881669,0.00498605,0.20864194,-0.07152765,-0.01305704,0.01786147,-0.41333719,0.02069558,0.23269620,-0.06673310,-0.33949986,-0.81980712,-0.77854393,0.35318809,0.77447302,0.63515436,-0.35669374,-0.70681051,-0.47345300,0.34991574,0.61877032,0.29810176,-0.33304951,-0.51289069,-0.11415611,0.30658131,0.39222418,-0.07308071,-0.03109958,-0.02424487,-0.99922248,-0.00547974,-0.03325814,0.06349343,0.01234176,0.00000000,0.04237302
10009020000000,synthetic_50hz_01,451,0.02,97.71699619,98.25819796,16.02887886,15.97416351,15.90559285,4.82681872,123.76304463,1,1,0,0,1,0.53368114,0.00000000,0.06426396,0.00901604,-0.04773798,-0.13430815,0.00013912,0.06712059,0.14922741,-0.00929026,-0.08456809,-0.15984437,0.01817357,0.09957744,0.16585294,-0.02653292,-0.11171594,-0.16707990,0.03412731,0.12063361,0.16348986,0.01172457,0.06739124,-0.38228007,-0.00360459,0.19104704,-0.08278594,-0.00458630,0.03252839,-0.40768590,0.01260350,0.22139993,-0.06660760,-0.02020824,0.00757909,-0.41416638,0.02717461,0.24020696,-0.07001847,-0.35202887,-0.78286333,-0.65744510,0.35702008,0.71828199,0.49802202,-0.35171824,-0.63299224,-0.32424072,0.33627620,0.52945303,0.14111142,-0.31113915,-0.41064944,0.04608619,0.27703183,0.28000664,-0.23195511,-0.03085651,-0.02413139,-0.99923276,-0.00587164,-0.03310223,0.06426396,0.01305302,0.00000000,0.04160371
10009040000000,synthetic_50hz_01,452,0.02,97.27006539,98.06057145,15.97709873,15.90559285,15.83812440,4.83809963,123.75124848,1,1,0,0,1,0.53401317,0.00000000,0.06501804,0.00115293,-0.06452466,-0.14743290,0.00801789,0.08228173,0.15867933,-0.01695754,-0.09766658,-0.16535096,0.02540830,0.11023566,0.16725544,-0.03312653,-0.11962659,-0.16433787,0.03988970,0.12556863,0.15668237,0.00381473,0.05056531,-0.39540051,0.00431808,0.20625132,-0.07333131,-0.01229379,0.01938373,-0.41320216,0.01987395,0.23210641,-0.06518866,-0.02683234,-0.00038096,-0.41144724,0.03296166,0.24519152,-0.07679710,-0.35714538,-0.72907030,-0.52168921,0.35328452,0.64650614,0.34953117,-0.33923830,-0.54530291,-0.16729599,0.31541168,0.42837834,-0.01976242,-0.28249159,-0.29910342,0.20625106,0.24142714,0.16120521,-0.38679339,-0.03061569,-0.02401008,-0.99924308,-0.00626163,-0.03293983,0.06501804,0.01376272,0.00000000,0.04082375
10009060000000,synthetic_50hz_01,453,0.02,97.26804706,97.90206657,15.91872951,15.83812440,15.75427930,4.84935573,123.73952790,1,1,0,0,1,0.53435923,0.00000000,0.06575547,-0.00677571,-0.08001411,-0.15746273,0.01576551,0.09575625,0.16477600,-0.02430078,-0.10873770,-0.16733870,0.03213546,0.11858419,0.16507696,-0.03904365,-0.12501183,-0.15805596,0.04482619,0.12783533,0.14647814,-0.00416073,0.03503679,-0.40542573,0.01210975,0.21976883,-0.06723224,-0.01967742,0.00826656,-0.41519927,0.02663703,0.24050313,-0.06735100,-0.03278020,-0.00581557,-0.40518793,0.03792309,0.24750778,-0.08697272,-0.35463002,-0.65933322,-0.37397263,0.34194967,0.56045524,0.19270024,-0.31941075,-0.44541908,-0.00587222,0.28766307,0.31754128,-0.18112510,-0.24762193,-0.18050862,0.36290050,0.20044173,0.03827180,-0.53421331,-0.03037718,-0.02388101,-0.99925345,-0.00664960,-0.03277098,0.06575547,0.01447076,0.00000000,0.04003334
10009080000000,synthetic_50hz_01,454,0.02,96.92923925,97.70750111,15.84966043,15.75427930,15.67127253,4.86058280,123.72788250,1,1,0,0,1,0.53471927,0.00000000,0.06647607,-0.01459896,-0.09385207,-0.16413598,0.02321219,0.10722800,0.16733729,-0.03115621,-0.11751249,-0.16571418,0.03820197,0.12440904,0.15931345,-0.04414636,-0.12771882,-0.14831965,0.04881798,0.12734641,0.13304972,-0.01203091,0.02115995,-0.41209407,0.01960063,0.23128340,-0.06466885,-0.02657341,-0.00055416,-0.41358382,0.03273968,0.24637609,-0.07309864,-0.03791389,-0.00857189,-0.39547395,0.04194008,0.24706841,-0.10037278,-0.34442414,-0.57492591,-0.21731684,0.32314836,0.46178113,0.03080173,-0.29255606,-0.33532298,0.15660140,0.25352924,0.19919731,-0.33948965,-0.20719305,-0.05732870,0.51259025,0.15488338,-0.08619273,-0.67091263,-0.03014102,-0.02374419,-0.99926385,-0.00703541,-0.03259570,0.06647607,0.01517706,0.00000000,0.03923268
10009100000000,synthetic_50hz_01,455,0.02,96.75233263,97.51646741,15.77473751,15.67127253,15.58545668,4.87177661,123.71631184,1,1,0,0,1,0.53509326,0.00000000,0.06717966,-0.02214423,-0.10571226,-0.16725865,0.03019077,0.11641739,0.16625654,-0.03736690,-0.12376616,-0.16046118,0.04346572,0.12754669,0.15003965,-0.04831140,-0.12764999,-0.13529241,0.05176425,0.12407308,0.11664462,-0.01962320,0.00926108,-0.41521151,0.02662353,0.24051548,-0.06574781,-0.03282485,-0.00685365,-0.40833959,0.03803977,0.24956178,-0.08235687,-0.04211015,-0.00855236,-0.38246877,0.04491181,0.24384466,-0.11674977,-0.32663657,-0.47747504,-0.05501238,0.29718057,0.35245261,-0.13270177,-0.25915672,-0.21726880,0.31659007,0.21366126,0.07582104,-0.49135092,-0.16200585,0.06781268,0.65194590,0.10567974,-0.20949132,-0.79374498,-0.02990726,-0.02359968,-0.99927429,-0.00741894,-0.03241404,0.06717966,0.01588153,0.00000000,0.03842198
10009120000000,synthetic_50hz_01,456,0.02,96.59297994,97.33176992,15.69523956,15.58545668,15.50071256,4.88293313,123.70481547,1,1,0,0,1,0.53548115,0.00000000,0.06786604,-0.02924103,-0.11530460,-0.16671094,0.03654053,0.12308894,0.16150543,-0.04278656,-0.12732458,-0.15164365,0.04779903,0.12788939,0.13740991,-0.05143343,-0.12476709,-0.11921458,0.05358498,0.11804769,0.09758224,-0.02676711,-0.00036974,-0.41465827,0.03301775,0.24722955,-0.07049743,-0.03828542,-0.01045776,-0.39953052,0.04240962,0.24995245,-0.09497134,-0.04526363,-0.00571872,-0.36641272,0.04675827,0.23786886,-0.13578430,-0.30154675,-0.36893545,0.10944577,0.26451231,0.23472200,-0.29422868,-0.21985186,-0.09374141,0.47052883,0.16885299,-0.04994179,-0.63326342,-0.11298600,0.19218515,0.77774074,0.05386157,-0.32888772,-0.89979542,-0.02967595,-0.02344753,-0.99928476,-0.00780007,-0.03222602,0.06786604,0.01658409,0.00000000,0.03760144
10009140000000,synthetic_50hz_01,457,0.02,96.40507503,97.14643094,15.61353822,15.50071256,15.42277534,4.89404879,123.69339290,1,1,0,0,1,0.53588288,0.00000000,0.06853505,-0.03572488,-0.12238296,-0.16245244,0.04211106,0.12705799,0.15313715,-0.04728315,-0.12806987,-0.13940685,0.05109206,0.12538945,0.12165737,-0.05342795,-0.11909398,-0.10040046,0.05422350,0.10936498,0.07624896,-0.03329818,-0.00748640,-0.41039394,0.03863288,0.25124095,-0.07886454,-0.04282311,-0.01124864,-0.38730187,0.04573942,0.24750038,-0.11070889,-0.04728985,-0.00009485,-0.34762011,0.04742278,0.22923574,-0.15708998,-0.26960414,-0.25155710,0.27243018,0.22577065,0.11108382,-0.45015523,-0.17542808,0.03259206,0.61490210,0.12002784,-0.17532829,-0.76192105,-0.06116714,0.31300973,0.88697346,0.00054297,-0.44166695,-0.98645401,-0.02944714,-0.02328778,-0.99929526,-0.00817867,-0.03203169,0.06853505,0.01728464,0.00000000,0.03677128
10009160000000,synthetic_50hz_01,458,0.02,95.86709724,96.89056420,15.53341781,15.42277534,15.36878588,4.90512084,123.68204362,1,1,0,0,1,0.53629842,0.00000000,0.06918652,-0.04144130,-0.12675226,-0.15452564,0.04676600,0.12819659,0.14128786,-0.05074242,-0.12594496,-0.12397669,0.05325591,0.12006227,0.10309122,-0.05423400,-0.11071813,-0.07923358,0.05364851,0.09818194,0.05309159,-0.03906191,-0.01189380,-0.40246099,0.04333256,0.25242176,-0.09071296,-0.04632364,-0.00916917,-0.37187958,0.04794023,0.24222101,-0.12926036,-0.04812782,0.00823181,-0.32647445,0.04687404,0.21810229,-0.18022001,-0.23142369,-0.12784365,0.43025921,0.18173482,-0.01577396,-0.59689666,-0.12680644,0.15893679,0.74632530,0.06822218,-0.29751741,-0.87423703,-0.00767104,0.42752046,0.97694410,-0.05310126,-0.54519789,-1.05148542,-0.02922087,-0.02312049,-0.99930578,-0.00855462,-0.03183107,0.06918652,0.01798311,0.00000000,0.03593170
10009180000000,synthetic_50hz_01,459,0.02,95.85158738,96.68276884,15.46427240,15.36878588,15.31911962,4.91614841,123.67076710,1,1,0,0,1,0.53672772,0.00000000,0.06982028,-0.04624968,-0.12827458,-0.14305763,0.05038670,0.12643835,0.12617630,-0.05307104,-0.12095685,-0.10565725,0.05422532,0.11198810,0.08209204,-0.05381625,-0.09979068,-0.05616009,0.05185564,0.08471625,0.02860901,-0.04391770,-0.01345402,-0.39098655,0.04699812,0.25070555,-0.10582397,-0.04869369,-0.00422639,-0.35356768,0.04894681,0.23419456,-0.15024514,-0.04774224,0.01911011,-0.30342191,0.04510769,0.20468620,-0.20467550,-0.18777720,-0.00050343,0.57927976,0.13332341,-0.14302518,-0.73099084,-0.07502583,0.28243031,0.86162711,0.01456523,-0.41369284,-0.96742226,0.04631529,0.53302841,1.04532618,-0.10586052,-0.63699652,-1.09309286,-0.02899719,-0.02294571,-0.99931632,-0.00892780,-0.03162422,0.06982028,0.01867942,0.00000000,0.03508293
10009200000000,synthetic_50hz_01,460,0.02,95.90431106,96.52707728,15.40330823,15.31911962,15.27477707,4.92713184,123.65956275,1,1,0,0,1,0.53717071,0.00000000,0.07043616,-0.05002701,-0.12687426,-0.12826000,0.05287548,0.12178194,0.10810138,-0.05419953,-0.11317858,-0.08482616,0.05396098,0.10131224,0.05910535,-0.05216671,-0.08652502,-0.03168051,0.04886845,0.06924324,0.00334230,-0.04774251,-0.01209140,-0.37618216,0.04953190,0.24609101,-0.12389863,-0.04986378,0.00350666,-0.33274384,0.04871984,0.22356633,-0.17321773,-0.04612509,0.03232667,-0.27896300,0.04214727,0.18926280,-0.22991538,-0.13958070,0.12760657,0.71595302,0.08157771,-0.26776649,-0.84918272,-0.02122279,0.40020657,0.95793010,-0.03974399,-0.52110851,-1.03905990,0.09956494,0.62698665,1.09023312,-0.15651538,-0.71478847,-1.10997441,-0.02877614,-0.02276349,-0.99932687,-0.00929809,-0.03141117,0.07043616,0.01937347,0.00000000,0.03422517
10009220000000,synthetic_50hz_01,461,0.02,95.79864004,96.38138983,15.34932515,15.27477707,15.24441047,4.93807227,123.64843001,1,1,0,0,1,0.53762735,0.00000000,0.07103401,-0.05267129,-0.12254170,-0.11042655,0.05415867,0.11429327,0.08743783,-0.05408463,-0.10274970,-0.06192824,0.05245130,0.08824382,0.03463323,-0.04930578,-0.07119383,-0.00633972,0.04473875,0.05209128,-0.02213656,-0.05043437,-0.00779634,-0.35834166,0.05086021,0.23864404,-0.14456224,-0.04979065,0.01389047,-0.30985287,0.04724774,0.21054546,-0.19767605,-0.04329679,0.04760880,-0.25364261,0.03804460,0.17216043,-0.25536768,-0.08787782,0.25354258,0.83694104,0.02764144,-0.38708265,-0.94850743,0.03339186,0.50946295,1.03272792,-0.09346245,-0.61715520,-1.08717438,0.15083847,0.70705458,1.11027709,-0.20386576,-0.77656924,-1.10137000,-0.02855778,-0.02257390,-0.99933742,-0.00966536,-0.03119197,0.07103401,0.02006518,0.00000000,0.03335865
10009240000000,synthetic_50hz_01,462,0.02,95.83318562,96.27174899,15.30526098,15.24441047,15.22279934,4.94897189,123.63736824,1,1,0,0,1,0.53809758,0.00000000,0.07161368,-0.05410470,-0.11533577,-0.08992909,0.05418909,0.10410614,0.06462977,-0.05271119,-0.08987508,-0.03746714,0.04971359,0.07305288,0.00922432,-0.04528273,-0.05412454,0.01928444,0.03954635,0.03363575,-0.04723723,-0.05191545,-0.00062771,-0.33783684,0.05093589,0.22849846,-0.16737067,-0.04845914,0.02672014,-0.28539841,0.04454780,0.19540198,-0.22307145,-0.03930660,0.06462907,-0.22803855,0.03287948,0.15375450,-0.28044204,-0.03381937,0.37434067,0.93919232,-0.02726285,-0.49811505,-1.02636996,0.08755906,0.60752855,1.08395687,-0.14533091,-0.69942671,-1.11029280,0.19891279,0.77116008,1.10461847,-0.24675993,-0.82066054,-1.06709747,-0.02834215,-0.02237700,-0.99934798,-0.01002950,-0.03096665,0.07161368,0.02075448,0.00000000,0.03248359
10009260000000,synthetic_50hz_01,463,0.02,95.96684866,96.21076892,15.27062709,15.22279934,15.20661165,4.95983367,123.62637681,1,1,0,0,1,0.53858135,0.00000000,0.07217501,-0.05427621,-0.10538461,-0.06721108,0.05294808,0.09142126,0.04018240,-0.05009344,-0.07482219,-0.01199524,0.04579458,0.05606596,-0.01653775,-0.04017544,-0.03569333,0.04459394,0.03339802,0.01429164,-0.07136447,-0.05213470,0.00928636,-0.31511116,0.04974025,0.21585494,-0.19181871,-0.04588348,0.04172821,-0.25993285,0.04066676,0.17846243,-0.24882030,-0.03423239,0.08301131,-0.20274888,0.02675870,0.13445998,-0.30454324,0.02136046,0.48708673,1.02002407,-0.08186026,-0.59813167,-1.08061932,0.13999998,0.69193219,1.11005982,-0.19410345,-0.76578399,-1.10749677,0.24261082,0.81755788,1.07300407,-0.28412360,-0.84576119,-1.00757617,-0.02812928,-0.02217284,-0.99935854,-0.01039040,-0.03073526,0.07217501,0.02144126,0.00000000,0.03160022
10009280000000,synthetic_50hz_01,464,0.02,96.17927042,96.20446922,15.24374061,15.20661165,15.19337064,4.97066104,123.61545504,1,1,0,0,1,0.53907860,0.00000000,0.07271787,-0.05316366,-0.09288480,-0.04277928,0.05044684,0.07650356,0.01465181,-0.04627561,-0.05791668,0.01389808,0.04077024,0.03766004,-0.04204728,-0.03408944,-0.01631764,0.06898424,0.02642582,-0.00549520,-0.09393236,-0.05106999,0.02174927,-0.29067140,0.04728451,0.20097844,-0.21735027,-0.04210792,0.05858904,-0.23404556,0.03568059,0.16010378,-0.27431692,-0.02817971,0.10233807,-0.17837812,0.01981430,0.11472273,-0.32708534,0.07637103,0.58898817,1.07719895,-0.13485248,-0.68459698,-1.10961510,0.18944608,0.76046854,1.11004053,-0.23857785,-0.81441545,-1.07846298,0.28083132,0.84488237,1.01579283,-0.31498829,-0.85099094,-0.92383691,-0.02791924,-0.02196151,-0.99936909,-0.01074792,-0.03049784,0.07271787,0.02212546,0.00000000,0.03070876
10009300000000,synthetic_50hz_01,465,0.02,95.98453864,96.16048311,15.22258522,15.19337064,15.19911747,4.98145753,123.60460224,1,1,0,0,1,0.53958926,0.00000000,0.07324212,-0.05077529,-0.07809882,-0.01719353,0.04672715,0.05967787,-0.01136686,-0.04133185,-0.03953638,0.03959953,0.03474493,0.01825503,-0.06669054,-0.02715629,0.00355261,0.09185882,0.01878473,-0.02525784,-0.11437878,-0.04872953,0.03649857,-0.26507738,0.04361044,0.18419379,-0.24337022,-0.03720657,0.07692479,-0.20834983,0.02969364,0.14074596,-0.29894755,-0.02128011,0.12215946,-0.15552281,0.01220126,0.09500967,-0.34750624,0.12989467,0.67744572,1.10899423,-0.18494851,-0.75524004,-1.11228421,0.23467020,0.81126043,1.08350652,-0.27762624,-0.84389181,-1.02349083,0.31257818,0.85219339,0.93396742,-0.33851835,-0.83592584,-0.81751729,-0.02771205,-0.02174305,-0.99937963,-0.01110197,-0.03025445,0.07324212,0.02280699,0.00000000,0.02980944
10009320000000,synthetic_50hz_01,466,0.02,95.89709961,96.10780641,15.21272877,15.19911747,15.21682070,4.99222746,123.59381768,1,1,0,0,1,0.54011328,0.00000000,0.07374761,-0.04715047,-0.06135076,0.00894530,0.04186134,0.04132291,-0.03725275,-0.03536532,-0.02010370,0.06448619,0.02784971,-0.00169511,-0.08986047,-0.01953118,0.02344504,0.11264402,0.01064955,-0.04451905,-0.13218000,-0.04515270,0.05321015,-0.23892998,0.03879037,0.16587968,-0.26925771,-0.03128262,0.09631305,-0.18346859,0.02283699,0.12084290,-0.32210516,-0.01368877,0.14200307,-0.13475659,0.00409439,0.07579802,-0.36528221,0.18061804,0.75012348,1.11426101,-0.23089646,-0.80811881,-1.08816599,0.27451802,0.84281569,1.03069865,-0.31022509,-0.85321380,-0.94351578,0.33698824,0.83901336,0.82913091,-0.35403585,-0.80062378,-0.69084181,-0.02750777,-0.02151756,-0.99939015,-0.01145242,-0.03000513,0.07374761,0.02348577,0.00000000,0.02890248
10009340000000,synthetic_50hz_01,467,0.02,96.15410519,96.11706616,15.21444738,15.21682070,15.23162781,5.00297582,123.58310062,1,1,0,0,1,0.54065059,0.00000000,0.07423422,-0.04235977,-0.04302026,0.03500880,0.03595147,0.02186363,-0.06237383,-0.02850667,-0.00007666,0.08794059,0.02024001,-0.02171252,-0.11097198,-0.01138982,0.04287571,0.13080400,0.00221126,-0.06280278,-0.14686487,-0.04041006,0.07150438,-0.21285760,0.03292635,0.14646108,-0.29438069,-0.02446670,0.11629581,-0.16001931,0.01526604,0.10087248,-0.34320465,-0.00558140,0.16138498,-0.11661531,-0.00431535,0.05756384,-0.37994209,0.22726471,0.80501533,1.09247164,-0.27151579,-0.84167906,-1.03744395,0.30793894,0.85407679,0.95250627,-0.33548406,-0.84185109,-0.84010739,0.35335703,0.80535443,0.70348782,-0.36104255,-0.74563902,-0.54658637,-0.02730643,-0.02128509,-0.99940064,-0.01179915,-0.02974993,0.07423422,0.02416171,0.00000000,0.02798813
10009360000000,synthetic_50hz_01,468,0.02,95.66887103,96.02742714,15.22166316,15.23162781,15.27280785,5.01370741,123.57245028,1,1,0,0,1,0.54120112,0.00000000,0.07470183,-0.03650418,-0.02353489,0.06035585,0.02912776,0.00176214,-0.08610224,-0.02091157,0.02006140,0.10936627,0.01209249,-0.04130657,-0.12947722,-0.00292478,0.06136085,0.14585528,-0.00632725,-0.07964607,-0.15802826,-0.03460262,0.09095370,-0.18750138,0.02614862,0.12640010,-0.31811131,-0.01691449,0.13638974,-0.13859843,0.00715747,0.08132531,-0.36169816,0.00284942,0.17982142,-0.10158244,-0.01282505,0.04077009,-0.39108076,0.26862815,0.84050583,1.04375345,-0.30572909,-0.85480594,-0.96096248,0.33401571,0.84446159,0.85046651,-0.35267251,-0.80977102,-0.71545119,0.36116159,0.75173437,0.55980908,-0.35923822,-0.67202487,-0.38802742,-0.02710808,-0.02104572,-0.99941110,-0.01214207,-0.02948890,0.07470183,0.02483473,0.00000000,0.02706661
10009380000000,synthetic_50hz_01,469,0.02,95.41139189,95.90422009,15.24314393,15.27280785,15.32682276,5.02442794,123.56186587,1,1,0,0,1,0.54176482,0.00000000,0.07515032,-0.02971358,-0.00336089,0.08434827,0.02154623,-0.01849273,-0.10783029,-0.01275769,0.03981319,0.12820352,0.00360134,-0.05998582,-0.14488057,0.00565884,0.07842904,0.15738065,-0.01475587,-0.09461110,-0.16534338,-0.02786024,0.11109185,-0.16349947,0.01861318,0.10618555,-0.33984188,-0.00880365,0.15609753,-0.11976569,-0.00129456,0.06269285,-0.37709009,0.01139860,0.19684096,-0.09007519,-0.02122461,0.02585459,-0.39837141,0.30360440,0.85542374,0.96890721,-0.33259255,-0.84686648,-0.86022752,0.35199190,0.81389366,0.72674706,-0.36124316,-0.75745591,-0.57231414,0.36007962,0.67918034,0.40138115,-0.34853481,-0.58132370,-0.21887614,-0.02691276,-0.02079954,-0.99942153,-0.01248105,-0.02922209,0.07515032,0.02550475,0.00000000,0.02613816
10009400000000,synthetic_50hz_01,470,0.02,95.02131376,95.72763882,15.27828904,15.32682276,15.39647409,5.03514385,123.55134656,1,1,0,0,1,0.54234161,0.00000000,0.07557957,-0.02214435,0.01700739,0.10636720,0.01338554,-0.03839699,-0.12698648,-0.00424083,0.05867959,0.14394469,-0.00502616,-0.07727043,-0.15675290,0.01414824,0.09363353,0.16504185,-0.02286241,-0.10729713,-0.16857257,-0.02033929,0.13142449,-0.14147076,0.01049870,0.08632143,-0.35900089,-0.00032998,0.17492007,-0.10402871,-0.00988273,0.04545493,-0.38895129,0.01985333,0.21199687,-0.08243183,-0.02930184,0.01321807,-0.40157641,0.33122342,0.84908640,0.86940907,-0.35132431,-0.81774161,-0.73739022,0.36129635,0.76282095,0.58411207,-0.36085206,-0.68590781,-0.41399369,0.35000422,0.58921962,0.23193968,-0.32906561,-0.47554396,-0.04319874,-0.02672052,-0.02054662,-0.99943191,-0.01281599,-0.02894955,0.07557957,0.02617169,0.00000000,0.02520302
10009420000000,synthetic_50hz_01,471,0.02,95.18737692,95.61958644,15.32792676,15.39647409,15.45778917,5.04586221,123.54089150,1,1,0,0,1,0.54293142,0.00000000,0.07598947,-0.01397621,0.03705926,0.12582948,0.00484318,-0.05744391,-0.14305132,0.00442949,0.07617241,0.15614892,-0.01357445,-0.09270484,-0.16474468,0.02232806,0.10656453,0.16859077,-0.03043793,-0.11735193,-0.16757631,-0.01221951,0.15144095,-0.12199839,0.00200265,0.06731448,-0.37506886,0.00829699,0.19236919,-0.09182836,-0.01839152,0.03006710,-0.39693224,0.02799827,0.22487936,-0.07890046,-0.03684781,0.00321276,-0.40055623,0.35067834,0.82133325,0.74739505,-0.36132979,-0.76784610,-0.59521320,0.36156393,0.69222160,0.42587108,-0.35137402,-0.59664002,-0.24425089,0.33105382,0.48385703,0.05558884,-0.30118920,-0.35712422,0.13467586,-0.02653139,-0.02028704,-0.99944225,-0.01314677,-0.02867134,0.07598947,0.02683548,0.00000000,0.02426143
10009440000000,synthetic_50hz_01,472,0.02,94.85103724,95.46587660,15.38246897,15.45778917,15.53178426,5.05658945,123.53049981,1,1,0,0,1,0.54353418,0.00000000,0.07637992,-0.00540835,0.05628038,0.14220393,-0.00386908,-0.07513698,-0.15557240,0.01303497,0.09182735,0.16445565,-0.02182505,-0.10587029,-0.16859757,0.02998591,0.11686095,0.16787873,-0.03728226,-0.12448245,-0.16231988,-0.00370007,0.17062687,-0.10561356,-0.00666319,0.04966119,-0.38759337,0.01685898,0.20798056,-0.08352522,-0.02660243,0.01694812,-0.40077460,0.03562103,0.23512732,-0.07962975,-0.04366234,-0.00386830,-0.39527615,0.36135161,0.77254717,0.60562762,-0.36222318,-0.69813543,-0.43701933,0.35265169,0.60359612,0.25581158,-0.33291309,-0.49165485,-0.06722866,0.30357644,0.36553894,-0.12329250,-0.26548755,-0.22888438,0.31025907,-0.02634540,-0.02002088,-0.99945253,-0.01347330,-0.02838750,0.07637992,0.02749601,0.00000000,0.02331363
10009460000000,synthetic_50hz_01,473,0.02,94.79592895,95.33188707,15.44518139,15.53178426,15.60547035,5.06733189,123.52017060,1,1,0,0,1,0.54414983,0.00000000,0.07675082,0.00334516,0.07416598,0.15502678,-0.01253020,-0.09100323,-0.16417832,0.02135399,0.10521682,0.16859654,-0.02956214,-0.11639696,-0.16815403,0.03691800,0.12422132,0.16286357,-0.04320949,-0.12846433,-0.15287767,0.00500496,0.18847748,-0.09278004,-0.01527778,0.03383453,-0.39620304,0.02513437,0.22132662,-0.07938761,-0.03429964,0.00646782,-0.40032084,0.04251780,0.24243931,-0.08466189,-0.04955952,-0.00780074,-0.38581056,0.36283729,0.70366233,0.44744442,-0.35384434,-0.61009864,-0.26662373,0.33464990,0.49894551,0.07811617,-0.30580735,-0.37340756,0.11264353,0.26814823,0.23710409,-0.30015565,-0.22275827,-0.09396480,0.47901415,-0.02616262,-0.01974824,-0.99946275,-0.01379546,-0.02809811,0.07675082,0.02815323,0.00000000,0.02235986
10009480000000,synthetic_50hz_01,474,0.02,94.80755069,95.22701979,15.51250276,15.60547035,15.67658653,5.07809526,123.50990294,1,1,0,0,1,0.54477827,0.00000000,0.07710206,0.01206051,0.09023447,0.16391601,-0.02091541,-0.10460635,-0.16859101,0.02916730,0.11596238,0.16840546,-0.03657829,-0.12397516,-0.16336470,0.04293471,0.12841368,0.15361406,-0.04805330,-0.12914997,-0.13943465,0.01367175,0.20451121,-0.08387982,-0.02361635,0.02027083,-0.40061977,0.03290389,0.23202891,-0.07958165,-0.04127573,-0.00106412,-0.39552158,0.04849898,0.24658334,-0.09392809,-0.05437304,-0.00843696,-0.37234444,0.35495864,0.61615776,0.27668946,-0.33627039,-0.50573677,-0.08824971,0.30788731,0.38073515,-0.10273432,-0.27062770,-0.24475677,0.29075647,0.22556577,0.10172193,-0.47039598,-0.17400066,0.04424560,0.63647375,-0.02598306,-0.01946920,-0.99947290,-0.01411315,-0.02780320,0.07710206,0.02880705,0.00000000,0.02140037
10009500000000,synthetic_50hz_01,475,0.02,94.57617567,95.09685097,15.58141794,15.67658653,15.75507427,5.08888448,123.49969588,1,1,0,0,1,0.54541945,0.00000000,0.07743357,0.02050977,0.10404093,0.16858410,-0.02880202,-0.11555943,-0.16863607,0.03626389,0.12374629,0.16382617,-0.04268026,-0.12836548,-0.15429310,0.04786613,0.12928384,0.14031168,-0.05167200,-0.12647489,-0.12228501,0.02207240,0.21828313,-0.07920044,-0.03145622,0.00935697,-0.40066918,0.03995655,0.23976970,-0.08416360,-0.04733746,-0.00540831,-0.38644036,0.05339466,0.24740526,-0.10724686,-0.05796121,-0.00571250,-0.35517195,0.33778027,0.51203593,0.09762791,-0.30982140,-0.38752658,0.09356971,0.27293023,0.25184465,-0.28206967,-0.22817036,-0.10890193,0.46243743,0.17683222,-0.03718049,-0.62947290,-0.12039594,0.18219098,0.77836038,-0.02580677,-0.01918385,-0.99948298,-0.01442626,-0.02750285,0.07743357,0.02945738,0.00000000,0.02043540
10009520000000,synthetic_50hz_01,476,0.02,94.11173442,94.89982766,15.65435360,15.75507427,15.84849038,5.09970409,123.48954845,1,1,0,0,1,0.54607327,0.00000000,0.07774526,0.02846686,0.11519016,0.16884867,-0.03597548,-0.12353686,-0.16425068,0.04244691,0.12832194,0.15491726,-0.04769458,-0.12940744,-0.14111751,0.05156719,0.12676206,0.12324928,-0.05395309,-0.12046207,-0.10182771,0.02998081,0.22939803,-0.07892429,-0.03858284,0.00141857,-0.39628845,0.04609550,0.24430239,-0.09307486,-0.05231136,-0.00640423,-0.37325545,0.05705976,0.24483529,-0.12432537,-0.06021152,0.00034969,-0.33469209,0.31161432,0.39378642,-0.08515403,-0.27505979,-0.25836993,0.27410267,0.23057515,0.11550451,-0.45514879,-0.17944293,0.03069095,0.62307277,0.12313728,-0.17600158,-0.77303326,-0.06328153,0.31623800,0.90070685,-0.02563379,-0.01889229,-0.99949298,-0.01473471,-0.02719711,0.07774526,0.03010416,0.00000000,0.01946519
10009540000000,synthetic_50hz_01,477,0.02,94.41516355,94.80289484,15.73589105,15.84849038,15.92482549,5.11055890,123.47945965,1,1,0,0,1,0.54673967,0.00000000,0.07803705,0.03571368,0.12334885,0.16464068,-0.04223538,-0.12828505,-0.15548884,0.04753941,0.12952274,0.14185419,-0.05147287,-0.12702622,-0.12412981,0.05392233,0.12086748,0.10282671,-0.05481719,-0.11122407,-0.07855907,0.03717890,0.23752262,-0.08312040,-0.04479580,-0.00329078,-0.38753159,0.05114379,0.24546039,-0.10613999,-0.05604905,-0.00397710,-0.35625873,0.05937874,0.23889261,-0.14476374,-0.06104461,0.00963701,-0.31140117,0.27702004,0.26433464,-0.26686222,-0.23278304,-0.12152947,0.44853945,0.18183480,-0.02477946,-0.61728508,-0.12564418,0.17037398,0.76823410,0.06583117,-0.31105654,-0.89703457,-0.00412023,0.44277120,0.99997312,-0.02546416,-0.01859460,-0.99950290,-0.01503838,-0.02688603,0.07803705,0.03074730,0.00000000,0.01849001
10009560000000,synthetic_50hz_01,478,0.02,94.87813897,94.81794366,15.81524351,15.92482549,15.98156889,5.12145256,123.46942846,1,1,0,0,1,0.54741856,0.00000000,0.07830885,0.04204631,0.12825666,0.15600992,-0.04740135,-0.12963156,-0.14252356,0.05138980,0.12726913,0.12492818,-0.05389665,-0.12123747,-0.10373107,0.05484963,0.11171047,0.07954333,-0.05422127,-0.09896282,-0.05306233,0.04346274,0.24239655,-0.09173897,-0.04991474,-0.00459864,-0.37457158,0.05494982,0.24316413,-0.12306773,-0.05843206,0.00185745,-0.33585127,0.06026966,0.22968758,-0.16806264,-0.06041743,0.02194756,-0.28588241,0.23479664,0.12697660,-0.44261795,-0.18400967,0.01944827,0.61212056,0.12791761,-0.16531243,-0.76397545,-0.06813763,0.30641056,0.89380456,0.00639320,-0.43867473,-0.99786488,0.05553554,0.55829171,1.07315629,-0.02529791,-0.01829089,-0.99951272,-0.01533717,-0.02656969,0.07830885,0.03138672,0.00000000,0.01751009
10009580000000,synthetic_50hz_01,479,0.02,95.04942527,94.86423998,15.88510017,15.98156889,16.03383898,5.13238688,123.45945382,1,1,0,0,1,0.54810985,0.00000000,0.07856062,0.04728103,0.12973555,0.14312733,-0.05131865,-0.12749236,-0.12564583,0.05387673,0.12157352,0.10454191,-0.05488151,-0.11214965,-0.08042400,0.05430404,0.09949245,0.05398743,-0.05216096,-0.08396684,-0.02599437,0.04864862,0.24384178,-0.10460909,-0.05378490,-0.00242098,-0.35769943,0.05739227,0.23742602,-0.14345543,-0.05937598,0.01099095,-0.31253579,0.05968748,0.21742161,-0.19363377,-0.05832562,0.03699279,-0.25879272,0.18596919,-0.01469943,-0.60758886,-0.12995847,0.16082078,0.76026863,0.07020100,-0.30230560,-0.89102950,-0.00841960,0.43507480,0.99610158,-0.05360455,-0.55530059,-1.07245558,0.11408325,0.65951681,1.11789018,-0.02513508,-0.01798125,-0.99952244,-0.01563100,-0.02624814,0.07856062,0.03202235,0.00000000,0.01652568
10009600000000,synthetic_50hz_01,480,0.02,94.99298211,94.88998841,15.94757047,16.03383898,16.09127972,5.14336242,123.44953467,1,1,0,0,1,0.54881348,0.00000000,0.07879227,0.05126002,0.12769733,0.12628404,-0.05386319,-0.12187693,-0.10526027,0.05491346,0.11254277,0.08120180,-0.05438055,-0.09996395,-0.05480225,0.05227982,0.08450312,0.02682272,-0.04867183,-0.06660603,0.00193012,0.05257872,0.24177014,-0.12143960,-0.05628221,0.00323271,-0.33731975,0.05838438,0.22835294,-0.16679666,-0.05883390,0.02322220,-0.28690592,0.05762647,0.20238441,-0.22081342,-0.05480477,0.05440283,-0.23084676,0.13176753,-0.15690253,-0.75712383,-0.07202135,0.29874665,0.88872073,0.01019876,-0.43197776,-0.99469539,0.05191787,0.55275475,1.07199253,-0.11253768,-0.65759556,-1.11838361,0.16991298,0.74347759,1.13253118,-0.02497570,-0.01766578,-0.99953206,-0.01591977,-0.02592144,0.07879227,0.03265410,0.00000000,0.01553705
10009620000000,synthetic_50hz_01,481,0.02,94.81997299,94.87598533,16.00792836,16.09127972,16.15736144,5.15437936,123.43966993,1,1,0,0,1,0.54952934,0.00000000,0.07900375,0.05385658,0.12214887,0.10588704,-0.05494601,-0.11289089,-0.08187738,0.05445131,0.10037820,0.05550716,-0.05238676,-0.08497157,-0.02753665,0.04881188,0.06711517,-0.00122776,-0.04382973,-0.04732381,0.02995678,0.05512633,0.23618849,-0.14182353,-0.05731770,0.01225682,-0.31394305,0.05787748,0.21614620,-0.19249212,-0.05679883,0.03826002,-0.25963251,0.05412153,0.18494867,-0.24887854,-0.04993070,0.07373424,-0.20279893,0.07359869,-0.29573820,-0.88688827,-0.01173008,0.42938927,0.99365709,-0.05047671,-0.55066085,-1.07177830,0.11122824,0.65605662,1.11899965,-0.16877300,-0.74253798,-1.13395972,0.22145196,0.80761161,1.11622720,-0.02481981,-0.01734459,-0.99954156,-0.01620337,-0.02558967,0.07900375,0.03328191,0.00000000,0.01454444
10009640000000,synthetic_50hz_01,482,0.02,95.14163904,94.92911607,16.07069025,16.15736144,16.21161243,5.16543816,123.42985846,1,1,0,0,1,0.55025736,0.00000000,0.07919500,0.05497962,0.11319488,0.08245129,-0.05451680,-0.10073598,-0.05610249,0.05248223,0.08537282,0.02813623,-0.04893457,-0.06754832,0.00064121,0.04397611,0.04777637,-0.02940017,-0.03774979,-0.02662700,0.05731150,0.05620038,0.22720152,-0.16524592,-0.05684107,0.02444960,-0.28817465,0.05586351,0.20109881,-0.21986357,-0.05330517,0.05572858,-0.23144715,0.04924856,0.16556217,-0.27706529,-0.04381856,0.09448018,-0.17542330,0.01301298,-0.42731435,-0.99299598,0.04928217,0.54902476,1.07182256,-0.11015649,-0.65490654,-1.11974800,0.16785495,0.74190706,1.13539057,-0.22071408,-0.80751805,-1.11829931,0.26720991,0.84984792,1.06896696,-0.02466745,-0.01701778,-0.99955094,-0.01648173,-0.02525287,0.07919500,0.03390570,0.00000000,0.01354811
10009660000000,synthetic_50hz_01,483,0.02,95.42370002,95.02803286,16.12987757,16.21161243,16.25793717,5.17653874,123.42009912,1,1,0,0,1,0.55099744,0.00000000,0.07936598,0.05457737,0.10103792,0.05658847,-0.05256656,-0.08570737,-0.02862151,0.04904023,0.06790585,-0.00017062,-0.04410005,-0.04814657,0.02895783,0.03788844,0.02699920,-0.05691018,-0.03058449,-0.00507343,0.08322177,0.05574908,0.21501182,-0.19109506,-0.05484333,0.03951587,-0.26070048,0.05237649,0.18358999,-0.24817061,-0.04842903,0.07517552,-0.20312333,0.04312349,0.14473738,-0.30458936,-0.03662083,0.11608286,-0.14949240,-0.04833526,-0.54785152,-1.07213343,0.10932386,0.65415091,1.12063677,-0.16716061,-0.74159082,-1.13683162,0.22017803,0.80765032,1.12025109,-0.26684762,-0.85042488,-1.07137320,0.30582388,0.86868130,0.99160712,-0.02451864,-0.01668545,-0.99956020,-0.01675475,-0.02491113,0.07936598,0.03452539,0.00000000,0.01254831
10009680000000,synthetic_50hz_01,484,0.02,95.41447032,95.10532035,16.18366260,16.25793717,16.30900249,5.18768036,123.41039077,1,1,0,0,1,0.55174950,0.00000000,0.07951665,0.05264004,0.08597564,0.02899253,-0.04912912,-0.06818806,-0.00018388,0.04420177,0.04843458,-0.02863007,-0.03800007,-0.02728471,0.05661860,0.03070281,0.00534821,-0.08297479,-0.02252037,0.01674248,0.10693878,0.05376267,0.19991704,-0.21867704,-0.05135829,0.05707266,-0.23226995,0.04749289,0.16407704,-0.27662996,-0.04228725,0.09608243,-0.17545567,0.03590025,0.12303886,-0.33066773,-0.02852404,0.13794783,-0.12575505,-0.10873157,-0.65379437,-1.12167253,0.16669146,0.74159417,1.13828918,-0.21984557,-0.80801347,-1.12208842,0.26666143,0.85113737,1.07353733,-0.30578931,-0.86972257,-0.99403565,0.33610114,0.86323327,0.88587547,-0.02437342,-0.01634772,-0.99956933,-0.01702233,-0.02456451,0.07951665,0.03514091,0.00000000,0.01154529
10009700000000,synthetic_50hz_01,485,0.02,95.41169998,95.16659628,16.23630535,16.30900249,16.36360677,5.19886226,123.40073220,1,1,0,0,1,0.55251344,0.00000000,0.07964696,0.04920141,0.06839515,0.00042217,-0.04428143,-0.04864052,0.02841711,0.03808480,0.02748356,-0.05643712,-0.03079017,-0.00553425,0.08283002,0.02260784,-0.01657463,-0.10683489,-0.01377372,0.03820565,0.12775966,0.05027490,0.18230427,-0.24723315,-0.04646293,0.07665746,-0.20367637,0.04133065,0.14308451,-0.30443660,-0.03503539,0.11787783,-0.14923766,0.02776747,0.10106857,-0.35454129,-0.01974449,0.15946000,-0.10491411,-0.16644880,-0.74192100,-1.13976796,0.21971812,0.80861142,1.12381560,-0.26665286,-0.85198921,-1.07546312,0.30589988,0.87080374,0.99610454,-0.33632767,-0.86451260,-0.88802780,0.35705897,0.83329716,0.75434880,-0.02423182,-0.01600469,-0.99957832,-0.01728441,-0.02421307,0.07964696,0.03575217,0.00000000,0.01053932
10009720000000,synthetic_50hz_01,486,0.02,95.50122511,95.23352204,16.28977195,16.36360677,16.41750674,5.21008393,123.39112220,1,1,0,0,1,0.55328918,0.00000000,0.07975688,0.04433914,0.04876444,-0.02831915,-0.03814272,-0.02759575,0.05636600,0.03084663,0.00563146,-0.08278778,-0.02266122,0.01649519,0.10682275,0.01382248,-0.03814627,-0.12777798,-0.00458523,0.05869758,0.14504930,0.04536346,0.16264153,-0.27595993,-0.04027646,0.09773929,-0.17573519,0.03404708,0.12119107,-0.33078654,-0.02686432,0.13995205,-0.12523864,0.01894411,0.07944958,-0.37549754,-0.01052287,0.18000090,-0.08760468,-0.21979679,-0.80944695,-1.12543540,0.26682311,0.85298306,1.07715289,-0.30615679,-0.87192727,-0.99781556,0.33666384,0.86573341,0.88971074,-0.35746471,-0.83458006,-0.75595515,0.36795970,0.77936537,0.60040501,-0.02409388,-0.01565647,-0.99958717,-0.01754088,-0.02385689,0.07975688,0.03635912,0.00000000,0.00953066
10009740000000,synthetic_50hz_01,487,0.02,95.54029835,95.29487730,16.34342056,16.41750674,16.47271246,5.22134497,123.38155956,1,1,0,0,1,0.55407662,0.00000000,0.07984638,0.03817385,0.02762124,-0.05640540,-0.03087222,-0.00563979,0.08284828,0.02268052,-0.01650425,-0.10690260,-0.01383493,0.03817246,0.12787487,0.00459048,-0.05874015,-0.14516045,0.00478633,0.07761433,0.15826099,0.03914896,0.14146652,-0.30403133,-0.03295811,0.11973211,-0.14926092,0.02583545,0.09901419,-0.35490033,-0.01799575,0.16167400,-0.10418054,0.00967390,0.05880844,-0.39289289,-0.00111797,0.19896656,-0.07437349,-0.26717294,-0.85412038,-1.07860743,0.30656080,0.87309438,0.99916911,-0.33711036,-0.86689667,-0.89092427,0.35794088,0.83570593,0.75699368,-0.36845179,-0.78042139,-0.60123860,0.36834006,0.70263694,0.42814954,-0.02395963,-0.01530318,-0.99959586,-0.01779167,-0.02349603,0.07984638,0.03696167,0.00000000,0.00851955
10009760000000,synthetic_50hz_01,488,0.02,95.59110221,95.35412228,16.39772316,16.47271246,16.52845005,5.23264513,123.37204300,1,1,0,0,1,0.55487566,0.00000000,0.07991544,0.03086689,0.00555917,-0.08301160,-0.02266570,0.01660189,0.10707451,0.01381104,-0.03828430,-0.12805041,-0.00455821,0.05886296,0.14533455,-0.00482604,-0.07774458,-0.15842864,0.01407115,0.09438478,0.16695515,0.03179275,0.11937288,-0.33062239,-0.02470367,0.14201044,-0.12504302,0.01692033,0.07719313,-0.37604680,-0.00867658,0.18240902,-0.08671518,0.00021899,0.03975684,-0.40617364,0.00820044,0.21578587,-0.06566012,-0.30711222,-0.87430509,-1.00016420,0.33766747,0.86800214,0.89166715,-0.35848761,-0.83667429,-0.75746293,0.36897238,0.78122473,0.60142069,-0.36881951,-0.70325209,-0.42803922,0.35803340,0.60500437,0.24231718,-0.02382909,-0.01494493,-0.99960440,-0.01803670,-0.02313056,0.07991544,0.03755975,0.00000000,0.00750626
10009780000000,synthetic_50hz_01,489,0.02,96.01185476,95.48566878,16.45262845,16.52845005,16.57047006,5.24398430,123.36257127,1,1,0,0,1,0.55568621,0.00000000,0.07996405,0.02261671,-0.01678814,-0.10733837,-0.01375077,0.03848179,0.12830444,0.00448839,-0.05906598,-0.14557143,0.00490339,0.07794728,0.15864154,-0.01415380,-0.09458132,-0.16713793,0.02299615,0.10848854,0.17081566,0.02349329,0.09699424,-0.35493373,-0.01574074,0.16392678,-0.10382170,0.00755192,0.05637062,-0.39356619,0.00082761,0.20153773,-0.07340283,-0.00914736,0.02287303,-0.41489521,0.01715925,0.22993844,-0.06178067,-0.33833492,-0.86904838,-0.89193690,0.35910453,0.83748351,0.75736038,-0.36952099,-0.78177360,-0.60094880,0.36928398,0.70352479,0.42721160,-0.35840035,-0.60499304,-0.24115768,0.33718387,0.48901905,0.04815107,-0.02370230,-0.01458183,-0.99961277,-0.01827588,-0.02276056,0.07996405,0.03815329,0.00000000,0.00649105
10009800000000,synthetic_50hz_01,490,0.02,96.45176733,95.67888849,16.50212193,16.57047006,16.60068606,5.25536169,123.35314305,1,1,0,0,1,0.55650817,0.00000000,0.07999218,0.01365406,-0.03876486,-0.12863666,-0.00438100,0.05934910,0.14587073,-0.00501837,-0.07822227,-0.15889927,0.01427305,0.09484026,0.16734667,-0.02311624,-0.10872396,-0.17096939,0.03129297,0.11947310,0.16966299,0.01448132,0.07498643,-0.37621631,-0.00632289,0.18483033,-0.08626434,-0.00200072,0.03717369,-0.40689207,0.01024004,0.21847497,-0.06469263,-0.01814858,0.00868342,-0.41873865,0.02549010,0.24097175,-0.06291470,-0.35979076,-0.83813077,-0.75668247,0.37009660,0.78206513,0.59981964,-0.36973239,-0.70345219,-0.42566373,0.35870861,0.60455839,0.23923574,-0.33734311,-0.48823489,-0.04591046,0.30625184,0.35783535,-0.14873843,-0.02357928,-0.01421401,-0.99962097,-0.01850914,-0.02238610,0.07999218,0.03874222,0.00000000,0.00547418
10009820000000,synthetic_50hz_01,491,0.02,96.70977208,95.88506521,16.54351886,16.60068606,16.62825418,5.26677562,123.34375702,1,1,0,0,1,0.55734144,0.00000000,0.07999984,0.00423598,-0.05971209,-0.14623185,0.00517099,0.07856925,0.15920119,-0.01442888,-0.09516122,-0.16758069,0.02327077,0.10900965,0.17112875,-0.03144176,-0.11971528,-0.16974310,0.03870626,0.12696946,0.16346367,0.00501389,0.05400835,-0.39379548,0.00327725,0.20408650,-0.07294311,-0.01145722,0.02019426,-0.41557123,0.01928067,0.23268847,-0.06090579,-0.02651307,-0.00235478,-0.41752403,0.03293765,0.24851680,-0.06909565,-0.37069771,-0.78209537,-0.59802912,0.37016310,0.70303046,0.42339213,-0.35895651,-0.60369685,-0.23654856,0.33740105,0.48695838,0.04288517,-0.30611815,-0.35618067,0.15201461,0.26600972,0.21513411,-0.34253174,-0.02346006,-0.01384158,-0.99962900,-0.01873640,-0.02200726,0.07999984,0.03932646,0.00000000,0.00445591
10009840000000,synthetic_50hz_01,492,0.02,96.83421941,96.07489605,16.57910770,16.62825418,16.65864866,5.27822402,123.33441185,1,1,0,0,1,0.55818592,0.00000000,0.07998701,-0.00536123,-0.07898781,-0.15954643,0.01462120,0.09554370,0.16783904,-0.02345963,-0.10934502,-0.17129279,0.03162170,0.11999388,0.16980808,-0.03887211,-0.12718325,-0.16342772,0.04500182,0.13070587,0.15233567,-0.00463270,0.03470202,-0.40709375,0.01277569,0.22109677,-0.06431478,-0.02053408,0.00597016,-0.41928077,0.02767467,0.24371667,-0.06222202,-0.03398259,-0.00986952,-0.41122003,0.03926768,0.25230184,-0.08020557,-0.37057398,-0.70225485,-0.42039277,0.35914188,0.60240405,0.23309307,-0.33735555,-0.48518566,-0.03907319,0.30584310,0.35397914,-0.15607320,-0.26551306,-0.21256724,0.34671991,0.21752815,0.06502692,-0.52737054,-0.02334468,-0.01346466,-0.99963685,-0.01895760,-0.02162410,0.07998701,0.03990594,0.00000000,0.00343650
10009860000000,synthetic_50hz_01,493,0.02,96.79093358,96.21810355,16.61251490,16.65864866,16.69753670,5.28970488,123.32510617,1,1,0,0,1,0.55904150,0.00000000,0.07995371,-0.01484993,-0.09598706,-0.16812059,0.02368266,0.10972933,0.17146030,-0.03183261,-0.12030806,-0.16985673,0.03906480,0.12741825,0.16335612,-0.04517074,-0.13085491,-0.15214587,0.04997439,0.13051897,0.13654918,-0.01417081,0.01767240,-0.41565132,0.02188545,0.23531800,-0.06070336,-0.02895328,-0.00503299,-0.41784184,0.03516099,0.25118488,-0.06866983,-0.04032057,-0.01358785,-0.39994926,0.04427494,0.25216351,-0.09597427,-0.35926205,-0.60067479,-0.22886596,0.33720402,0.48291222,0.03447251,-0.30542425,-0.35122706,0.16091480,0.26483895,0.20941586,-0.35166286,-0.21661822,-0.06156711,0.53227231,0.16215229,-0.08805666,-0.69753611,-0.02323315,-0.01308338,-0.99964451,-0.01917265,-0.02123670,0.07995371,0.04048061,0.00000000,0.00241620
10009880000000,synthetic_50hz_01,494,0.02,96.88022393,96.35052763,16.64822406,16.69753670,16.73803250,5.30121687,123.31583860,1,1,0,0,1,0.55990809,0.00000000,0.07989995,-0.02393968,-0.11016168,-0.17162987,0.03207420,0.12065684,0.16988765,-0.03928401,-0.12767341,-0.16324749,0.04536124,0.13100910,0.15190083,-0.05013069,-0.13056773,-0.13617480,0.05345484,0.12636204,0.11652278,-0.02330999,0.00346766,-0.41914372,0.03032536,0.24628088,-0.06228614,-0.03645101,-0.01243827,-0.41122942,0.04150079,0.25481941,-0.08012128,-0.04532006,-0.01334723,-0.38398897,0.04779031,0.24805509,-0.11598317,-0.33694340,-0.48013296,-0.02908119,0.30485871,0.34792033,-0.16653971,-0.26398479,-0.20567700,0.35735920,0.21550007,0.05750390,-0.53787586,-0.16080239,0.09232706,0.70288530,0.10146869,-0.23949618,-0.84763024,-0.02312551,-0.01269786,-0.99965197,-0.01938149,-0.02084514,0.07989995,0.04105037,0.00000000,0.00139529
10009900000000,synthetic_50hz_01,495,0.02,97.00582235,96.48158658,16.68594360,16.73803250,16.77828174,5.31275912,123.30660774,1,1,0,0,1,0.56078558,0.00000000,0.07982573,-0.03234618,-0.12103905,-0.16989918,0.03952936,0.12794750,0.16310026,-0.04557288,-0.13116716,-0.15159909,0.05030252,0.13060521,0.13572724,-0.05358192,-0.12627786,-0.11594231,0.05531652,0.11830985,0.09281471,-0.03176595,-0.00743959,-0.41739587,0.03782895,0.25360671,-0.06908396,-0.04278633,-0.01597177,-0.39957753,0.04648559,0.25445906,-0.09629134,-0.04881101,-0.00910381,-0.36376696,0.04968712,0.24005135,-0.13967402,-0.30414322,-0.34405445,0.17294789,0.26294766,0.20134747,-0.36380698,-0.21417119,-0.05283555,0.54417734,0.15922007,-0.09719965,-0.70885882,-0.09967856,0.24443253,0.85310357,0.03726327,-0.38461831,-0.97275294,-0.02302179,-0.01230823,-0.99965923,-0.01958405,-0.02044949,0.07982573,0.04161517,0.00000000,0.00037402
10009920000000,synthetic_50hz_01,496,0.02,96.86577174,96.55842361,16.72472562,16.77828174,16.82827632,5.32433109,123.29741215,1,1,0,0,1,0.56167386,0.00000000,0.07973107,-0.03980041,-0.12823909,-0.16291264,0.04580516,0.13132765,0.15123898,-0.05048934,-0.13062997,-0.13520502,0.05371788,0.12616616,0.11527303,-0.05539771,-0.11806493,-0.09201768,0.05548040,0.10655983,0.06610941,-0.03926965,-0.01466926,-0.41039187,0.04415325,0.25702181,-0.08095598,-0.04774933,-0.01547415,-0.38317967,0.04994461,0.25006341,-0.11674232,-0.05066671,-0.00093723,-0.33985250,0.04988635,0.22834970,-0.16636240,-0.26172428,-0.19642393,0.37100355,0.21262880,0.04756031,-0.55117203,-0.15740313,0.10267449,0.71544996,0.09763945,-0.24994913,-0.85910114,-0.03506079,0.39001763,0.97798402,-0.02852870,-0.51884173,-1.06867118,-0.02292199,-0.01191460,-0.99966629,-0.01978026,-0.02004983,0.07973107,0.04217494,0.00000000,-0.00064734
10009940000000,synthetic_50hz_01,497,0.02,96.88708055,96.62415500,16.76821691,16.82827632,16.87979060,5.33593289,123.28825039,1,1,0,0,1,0.56257282,0.00000000,0.07961600,-0.04605751,-0.13148894,-0.15081864,0.05069050,0.13064039,0.13460648,-0.05386206,-0.12602541,-0.11451356,0.05548075,0.11777706,0.09111915,-0.05549991,-0.10613315,-0.06509774,0.05391897,0.09142936,0.03719953,-0.04557626,-0.01794850,-0.39828012,0.04908715,0.25636928,-0.09759950,-0.05116870,-0.01090897,-0.36248411,0.05175129,0.24171755,-0.14089328,-0.05080899,0.01094832,-0.31294244,0.04836049,0.21326754,-0.19525564,-0.21086988,-0.04167655,0.55885427,0.15534920,-0.10875134,-0.72265090,-0.09534973,0.25604388,0.86561316,0.03260129,-0.39595456,-0.98361940,0.03108707,0.52444969,1.07326743,-0.09387917,-0.63782468,-1.13197266,-0.02282616,-0.01151712,-0.99967314,-0.01997007,-0.01964625,0.07961600,0.04272961,0.00000000,-0.00166854
10009960000000,synthetic_50hz_01,498,0.02,96.88146494,96.67561698,16.81507786,16.87979060,16.93341377,5.34756508,123.27912099,1,1,0,0,1,0.56348237,0.00000000,0.07948056,-0.05090530,-0.13063469,-0.13392984,0.05401371,0.12585389,0.11366236,-0.05556488,-0.11744465,-0.09011794,0.05551409,0.10564944,0.06397538,-0.05386280,-0.09080830,-0.03598838,0.05065862,0.07334911,0.00696382,-0.05047357,-0.01712339,-0.38137328,0.05245899,0.25161729,-0.11855496,-0.05291828,-0.00236740,-0.33808409,0.05182858,0.22963301,-0.16803444,-0.04921215,0.02622704,-0.28384266,0.04513592,0.19523553,-0.22547500,-0.15305578,0.11542966,0.73045264,0.09280769,-0.26271417,-0.87262854,-0.02988392,0.40242451,0.98964616,-0.03390142,-0.53053276,-1.07813182,0.09670937,0.64334551,1.13553443,-0.15672915,-0.73761031,-1.16019906,-0.02273431,-0.01111590,-0.99967977,-0.02015340,-0.01923881,0.07948056,0.04327911,0.00000000,-0.00268931
10009980000000,synthetic_50hz_01,499,0.02,97.47753445,96.83600048,16.86477894,16.93341377,16.96575454,5.35922843,123.27002248,1,1,0,0,1,0.56440237,0.00000000,0.07932476,-0.05417203,-0.12564972,-0.11271780,0.05564927,0.11706598,0.08901277,-0.05552212,-0.10510716,-0.06274146,0.05379424,0.09011806,0.03466129,-0.05051544,-0.07253081,-0.00558181,0.04578027,0.05285246,-0.02365859,-0.05378983,-0.01216730,-0.36014292,0.05414323,0.24286366,-0.14321618,-0.05292237,0.00993109,-0.31070290,0.05015282,0.21414457,-0.19734623,-0.04590525,0.04445852,-0.25344536,0.04029355,0.17478705,-0.25608136,-0.09001159,0.26995681,0.88013480,0.02690787,-0.40942212,-0.99604991,0.03697161,0.53708361,1.08324844,-0.09978518,-0.64926072,-1.13921641,0.15972190,0.74271934,1.16234024,-0.21505376,-0.81476502,-1.15195326,-0.02264646,-0.01071107,-0.99968619,-0.02033021,-0.01882761,0.07932476,0.04382338,0.00000000,-0.00370940
10010000000000,synthetic_50hz_01,500,0.02,97.47358950,96.96351828,16.90718869,16.96575454,17.00380122,5.37092268,123.26095333,1,1,0,0,1,0.56533274,0.00000000,0.07914866,-0.05573301,-0.11663916,-0.08780229,0.05552309,0.10450466,0.06139507,-0.05371242,-0.08935724,-0.03321779,0.05035320,0.07163361,0.00408284,-0.04554227,-0.05184475,0.02516983,0.03941833,0.03056118,-0.05369684,-0.05540036,-0.00318538,-0.33520881,0.05406579,0.23033641,-0.17084581,-0.05115964,0.02564219,-0.28117421,0.04675602,0.19570290,-0.22792269,-0.04097269,0.06509868,-0.22270269,0.03396782,0.15254385,-0.28610385,-0.02367241,0.41694130,1.00281475,-0.04029730,-0.54409394,-1.08859982,0.10310523,0.65556011,1.14300005,-0.16294059,-0.74812617,-1.16444706,0.21807829,0.81912341,1.15232252,-0.26692869,-0.86650493,-1.10697598,-0.02256264,-0.01030278,-0.99969237,-0.02050043,-0.01841271,0.07914866,0.04436235,0.00000000,-0.00472853
10010020000000,synthetic_50hz_01,501,0.02,97.67026191,97.10486701,16.94776596,17.00380122,17.03877227,5.38264739,123.25191204,1,1,0,0,1,0.56627335,0.00000000,0.07895230,-0.05551604,-0.10384017,-0.05993526,0.05361643,0.08852437,0.03165747,-0.05017102,-0.07065636,-0.00246697,0.04527916,0.05075129,-0.02679465,-0.03908188,-0.02938305,0.05528376,0.03175785,0.00716767,-0.08217902,-0.05523296,0.00958522,-0.30732289,0.05220792,0.21438996,-0.20059564,-0.04766529,0.04430446,-0.25041807,0.04172635,0.17486321,-0.25879848,-0.03455311,0.08751460,-0.19259743,0.02634375,0.12919836,-0.31457055,0.04387803,0.55155454,1.09416688,-0.10666792,-0.66223241,-1.14686520,0.16638253,0.75381780,1.16649886,-0.22130025,-0.82367028,-1.15250181,0.26983778,0.86977596,1.10527761,-0.31059576,-0.89080560,-1.02618773,-0.02248288,-0.00989115,-0.99969832,-0.02066401,-0.01799421,0.07895230,0.04489595,0.00000000,-0.00574645
10010040000000,synthetic_50hz_01,502,0.02,97.98240851,97.28037531,16.98598861,17.03877227,17.06694851,5.39440188,123.24289704,1,1,0,0,1,0.56722408,0.00000000,0.07873572,-0.05350525,-0.08761787,-0.02997990,0.04996799,0.06959784,0.00073437,-0.04499013,-0.04957128,0.02853233,0.03871518,0.02811555,-0.05697643,-0.03132405,-0.00584924,0.08377788,0.02302984,-0.01658571,-0.10816397,-0.05327174,0.02577940,-0.27734836,0.04860834,0.19549705,-0.23153126,-0.04253155,0.06535111,-0.21941314,0.03520688,0.15226993,-0.28897889,-0.02683625,0.11100276,-0.16411167,0.01765236,0.10549291,-0.34054032,0.11047136,0.66926524,1.15079008,-0.17004469,-0.75978007,-1.16847341,0.22471554,0.82839009,1.15246911,-0.27290775,-0.87311724,-1.10323858,0.31323190,0.89267201,1.02220118,-0.34452542,-0.88649063,-0.91169324,-0.02240718,-0.00947630,-0.99970404,-0.02082089,-0.01757218,0.07873572,0.04542412,0.00000000,-0.00676290
10010060000000,synthetic_50hz_01,503,0.02,98.01453135,97.42720652,17.01999177,17.06694851,17.10047720,5.40618508,123.23390678,1,1,0,0,1,0.56818483,0.00000000,0.07849899,-0.04974313,-0.06845682,0.00111474,0.04467431,0.04830387,-0.03038208,-0.03831750,-0.02675830,0.05877349,0.03085598,0.00444127,-0.08547043,-0.02250487,0.01800380,0.10970322,0.01350493,-0.03992981,-0.13077321,-0.04955921,0.04491257,-0.24623425,0.04336356,0.17423647,-0.26266054,-0.03590617,0.08812586,-0.18916605,0.02739233,0.12863796,-0.31747181,-0.01805822,0.13481025,-0.13819440,0.00816428,0.08219667,-0.36313467,0.17392367,0.76599762,1.17034694,-0.22831967,-0.83326605,-1.15220092,0.27613310,0.87651104,1.10083640,-0.31598549,-0.89448581,-1.01773426,0.34672787,0.88667213,0.90529037,-0.36747392,-0.85329528,-0.76674653,-0.02233557,-0.00905839,-0.99970951,-0.02097103,-0.01714670,0.07849899,0.04594680,0.00000000,-0.00777763
10010080000000,synthetic_50hz_01,504,0.02,97.91706524,97.52517826,17.05379565,17.10047720,17.14348136,5.41799609,123.22493967,1,1,0,0,1,0.56915548,0.00000000,0.07824217,-0.04433081,-0.04694824,0.03234297,0.03788810,0.02531093,-0.06067340,-0.03035306,-0.00294389,0.08725460,0.02194292,-0.01950801,-0.11132020,-0.01290016,0.04139750,0.13217639,0.00348549,-0.06209347,-0.14922187,-0.04419647,0.06639353,-0.21498629,0.03662631,0.15127669,-0.29296499,-0.02798906,0.11190223,-0.16067870,0.01852404,0.10473082,-0.34332081,-0.00849483,0.15815854,-0.11572899,-0.00181813,0.06008078,-0.38156874,0.23210766,0.83828013,1.15167236,-0.27950785,-0.87993841,-1.09804730,0.31884970,0.89622766,1.01276503,-0.34899896,-0.88667824,-0.89828426,0.36908642,0.85156548,0.75790554,-0.37853294,-0.79190168,-0.59567605,-0.02226807,-0.00863754,-0.99971474,-0.02111437,-0.01671786,0.07824217,0.04646392,0.00000000,-0.00879036
10010100000000,synthetic_50hz_01,505,0.02,98.15939971,97.65202255,17.09146365,17.14348136,17.18157782,5.42983464,123.21599412,1,1,0,0,1,0.57013591,0.00000000,0.07796531,-0.03742619,-0.02377313,0.06267450,0.02981468,0.00135730,-0.08912812,-0.02134360,0.02109766,0.11301215,0.01225717,-0.04294436,-0.13363797,-0.00281737,0.06355296,0.15041096,-0.00670367,-0.08232930,-0.16284752,-0.03734145,0.08954127,-0.18463474,0.02860189,0.12735599,-0.32143312,-0.01902704,0.13590595,-0.13491461,0.00888320,0.08133646,-0.36563813,0.00154648,0.18026871,-0.09750187,-0.01197005,0.03989265,-0.39518009,0.28302551,0.88337916,1.09484630,-0.32181715,-0.89787705,-1.00727050,0.35133066,0.88648872,0.89065462,-0.37071513,-0.84954251,-0.74836076,0.37941172,0.78810359,0.58449130,-0.37716969,-0.70394328,-0.40377069,-0.02220470,-0.00821389,-0.99971972,-0.02125087,-0.01628575,0.07796531,0.04697543,0.00000000,-0.00980084
10010120000000,synthetic_50hz_01,506,0.02,98.54617554,97.83085315,17.12931160,17.18157782,17.21087784,5.44170054,123.20706850,1,1,0,0,1,0.57112600,0.00000000,0.07766850,-0.02924025,0.00031825,0.09108855,0.02070651,-0.02277194,-0.11477607,-0.01157579,0.04456910,0.13515454,0.00211134,-0.06508132,-0.15163644,0.00741399,0.08371722,0.16374660,-0.01672557,-0.09993950,-0.17113586,-0.02920511,0.11360553,-0.15620038,0.01954277,0.10325945,-0.34709478,-0.00930675,0.15933976,-0.11276536,-0.00121760,0.05924132,-0.38363644,0.01173618,0.20038780,-0.08417338,-0.02195451,0.02233005,-0.40345442,0.32487997,0.89941232,1.00122679,-0.35371440,-0.88608229,-0.88238048,0.37235108,0.84720608,0.73809472,-0.38025270,-0.78390453,-0.57252935,0.37719147,0.69800265,0.39045769,-0.36325562,-0.59197703,-0.19712895,-0.02214548,-0.00778758,-0.99972444,-0.02138049,-0.01585045,0.07766850,0.04748125,0.00000000,-0.01080881
10010140000000,synthetic_50hz_01,507,0.02,98.79640562,98.02396364,17.16356942,17.21087784,17.23918586,5.45359319,123.19816118,1,1,0,0,1,0.57212563,0.00000000,0.07735180,-0.02003128,0.02452993,0.11660876,0.01085588,-0.04627028,-0.13672242,-0.00136750,0.06667662,0.15289431,-0.00816031,-0.08516065,-0.16465819,0.01745285,0.10118946,0.17167489,-0.02624222,-0.11430093,-0.17374213,-0.02004574,0.13779037,-0.13065959,0.00974123,0.07979358,-0.36905514,0.00085394,0.18140984,-0.09501844,-0.01144408,0.03920364,-0.39665835,0.02173323,0.21781501,-0.07625193,-0.03143353,0.00801614,-0.40604699,0.35614108,0.88543663,0.87344022,-0.37398474,-0.84453502,-0.72708962,0.38104624,0.77928507,0.55977668,-0.37712200,-0.69156797,-0.37632513,0.36232515,0.58391264,0.18202395,-0.33708231,-0.45942284,0.01752507,-0.02209041,-0.00735875,-0.99972891,-0.02150318,-0.01541204,0.07735180,0.04798132,0.00000000,-0.01181401
10010160000000,synthetic_50hz_01,508,0.02,98.83913224,98.18699736,17.19532833,17.23918586,17.27572606,5.46551178,123.18927049,1,1,0,0,1,0.57313469,0.00000000,0.07701530,-0.01009731,0.04804629,0.13833772,0.00058598,-0.06833678,-0.15418032,0.00894225,0.08665708,0.16557783,-0.01821267,-0.10247901,-0.17220165,0.02695801,0.11534643,0.17386082,-0.03492614,-0.12488836,-0.17050750,-0.01016137,0.16128013,-0.10890977,-0.00047953,0.05775932,-0.38652734,0.01111600,0.20135306,-0.08232747,-0.02145115,0.02192677,-0.40420227,0.03119640,0.23192707,-0.07407255,-0.04007961,-0.00252386,-0.40279894,0.37560607,0.84150731,0.71532740,-0.38178218,-0.77422512,-0.54621986,0.37695134,0.68462165,0.36136454,-0.36125282,-0.57528023,-0.16609092,0.33513920,0.44935320,-0.03397118,-0.29936337,-0.31047112,0.23305387,-0.02203953,-0.00692753,-0.99973311,-0.02161890,-0.01497060,0.07701530,0.04847560,0.00000000,-0.01281619
10010180000000,synthetic_50hz_01,509,0.02,98.62844973,98.27528783,17.22909537,17.27572606,17.32995089,5.47745588,123.18039477,1,1,0,0,1,0.57415304,0.00000000,0.07665909,0.00023304,0.07005952,0.15548996,-0.00975937,-0.08820377,-0.16650080,0.01900434,0.10380506,0.17271133,-0.02770140,-0.11641361,-0.17394252,0.03559982,0.12566589,0.17015886,-0.04247188,-0.13129517,-0.16146945,0.00011939,0.18326702,-0.09173638,-0.01077570,0.03792433,-0.39886242,0.02113031,0.21846401,-0.07518620,-0.03089446,0.00803349,-0.40594391,0.03979606,0.24220176,-0.07778074,-0.04758731,-0.00888334,-0.39374777,0.38244994,0.76870399,0.53184554,-0.37666915,-0.67714573,-0.34556787,0.36002880,0.56606503,0.14932732,-0.33300866,-0.43866442,0.05121841,0.29638772,0.29861691,-0.25028749,-0.25122178,-0.14996013,0.44214067,-0.02199283,-0.00649406,-0.99973705,-0.02172762,-0.01452624,0.07665909,0.04896401,0.00000000,-0.01381509
10010200000000,synthetic_50hz_01,510,0.02,98.29908723,98.28004771,17.27145469,17.32995089,17.40466635,5.48942625,123.17153233,1,1,0,0,1,0.57518057,0.00000000,0.07628325,0.01061119,0.08979783,0.16742216,-0.01982711,-0.10516433,-0.17319894,0.02847141,0.11749889,0.17398232,-0.03629487,-0.12644591,-0.16974970,0.04307193,0.13174743,0.16062312,-0.04860721,-0.13325061,-0.14686570,0.01044794,0.20297926,-0.07978277,-0.02079422,0.02099554,-0.40557545,0.03054953,0.23212102,-0.07390715,-0.03944239,-0.00195767,-0.40175216,0.04722586,0.24823865,-0.08732241,-0.05368441,-0.01079153,-0.37913120,0.37626465,0.66912191,0.32892758,-0.35864297,-0.55625222,-0.13173138,0.33068144,0.42734552,-0.06926270,-0.29318621,-0.28611826,0.26825991,0.24723829,0.13664206,-0.45952306,-0.19416237,0.01677358,0.63753794,-0.02195035,-0.00605849,-0.99974071,-0.02182930,-0.01407902,0.07628325,0.04944649,0.00000000,-0.01481045
10010220000000,synthetic_50hz_01,511,0.02,97.91328929,98.20669603,17.32740359,17.40466635,17.50012928,5.50142521,123.16268146,1,1,0,0,1,0.57621715,0.00000000,0.07588789,0.02068018,0.10655335,0.17365927,-0.02926700,-0.11859854,-0.17397510,0.03701004,0.12722447,0.16927515,-0.04368606,-0.13218247,-0.15969492,0.04910259,0.13332959,0.14551060,-0.05310347,-0.13063275,-0.12713115,0.02046734,0.21970897,-0.07352396,-0.03018485,0.00759286,-0.40636680,0.03904021,0.24180999,-0.07860595,-0.04678792,-0.00765326,-0.39169877,0.05321405,0.24977631,-0.10244055,-0.05814225,-0.00812652,-0.35938413,0.35708488,0.54582695,0.11330228,-0.32814811,-0.41538578,0.08809882,0.28975068,0.27296884,-0.28695998,-0.24299960,-0.12268208,0.47754796,0.18924274,-0.03114166,-0.65436800,-0.13002991,0.18406757,0.81232231,-0.02191208,-0.00562095,-0.99974411,-0.02192391,-0.01362905,0.07588789,0.04992300,0.00000000,-0.01580202
10010240000000,synthetic_50hz_01,512,0.02,97.64535091,98.09442700,17.39994838,17.50012928,17.61027466,5.51345674,123.15384043,1,1,0,0,1,0.57726266,0.00000000,0.07547309,0.03008701,0.11970860,0.17391561,-0.03774396,-0.12799750,-0.16873024,0.04431274,0.13259616,0.15868029,-0.04960396,-0.13337202,-0.14405552,0.05346508,0.13030270,0.12527757,-0.05578477,-0.12347670,-0.10288780,0.02982460,0.23283868,-0.07324566,-0.03861253,-0.00177481,-0.40113741,0.04629490,0.24714527,-0.08919213,-0.05266005,-0.00880201,-0.37606107,0.05753392,0.24670505,-0.12267891,-0.06078493,-0.00092341,-0.33512855,0.32539905,0.40277476,-0.10772025,-0.28607287,-0.25916287,0.30637509,0.23849908,0.10807920,-0.49619700,-0.18404925,0.04612045,0.67171331,0.12429319,-0.19899042,-0.82786382,-0.06095370,0.34612341,0.96014663,-0.02187805,-0.00518159,-0.99974723,-0.02201141,-0.01317641,0.07547309,0.05039347,0.00000000,-0.01678954
10010260000000,synthetic_50hz_01,513,0.02,97.77844052,98.03122971,17.48828542,17.61027466,17.71975949,5.52552613,123.14500750,1,1,0,0,1,0.57831696,0.00000000,0.07503898,0.03849523,0.12876070,0.16810984,-0.04495039,-0.13298421,-0.15757460,0.05010960,0.13337371,0.14249641,-0.05382413,-0.12991799,-0.12330999,0.05598689,0.12271668,0.10056848,-0.05653552,-0.11197739,-0.07492754,0.03818325,0.24186549,-0.07902918,-0.04576963,-0.00673047,-0.38999754,0.05204367,0.24788662,-0.10536704,-0.05683432,-0.00530736,-0.35531753,0.06001294,0.23907480,-0.14739301,-0.06149686,0.01062286,-0.30715636,0.28214447,0.24469519,-0.32649107,-0.23373011,-0.09283326,0.51545011,0.17857720,-0.06170510,-0.68954849,-0.11827583,0.21446447,0.84376686,0.05456450,-0.36104073,-0.97365905,0.01071994,0.49720802,1.07548018,-0.02184827,-0.00474055,-0.99975006,-0.02209178,-0.01272118,0.07503898,0.05085784,0.00000000,-0.01777277
10010280000000,synthetic_50hz_01,514,0.02,98.32741018,98.09046580,17.58550453,17.71975949,17.81585152,5.53763880,123.13618092,1,1,0,0,1,0.57937994,0.00000000,0.07458566,0.04559731,0.13334215,0.15637313,-0.05061770,-0.13333034,-0.14082921,0.05417876,0.12947455,0.12122513,-0.05617782,-0.12188595,-0.09812607,0.05655725,0.11078332,0.07219799,-0.05530611,-0.09648676,-0.04418840,0.04523577,0.24642192,-0.09074337,-0.05138759,-0.00704579,-0.37326821,0.05606467,0.24395146,-0.12662905,-0.05914200,0.00276513,-0.33013592,0.06054037,0.22709735,-0.17576821,-0.06022844,0.02616034,-0.27640560,0.22868618,0.07694503,-0.53528544,-0.17282208,0.07788965,0.70784629,0.11197543,-0.23047874,-0.85999960,-0.04790048,0.37642302,0.98735872,-0.01755547,-0.51151485,-1.08625182,0.08250528,0.63185946,1.15382778,-0.02182274,-0.00429798,-0.99975262,-0.02216500,-0.01226346,0.07458566,0.05131606,0.00000000,-0.01875145
10010300000000,synthetic_50hz_01,515,0.02,98.57132489,98.18663762,17.68225027,17.81585152,17.91561118,5.54979915,123.12735891,1,1,0,0,1,0.58045146,0.00000000,0.07411324,0.05112638,0.13323746,0.13904984,-0.05452702,-0.12896821,-0.11901972,0.05635562,0.12098075,0.09555820,-0.05655947,-0.10950536,-0.06934169,0.05513268,0.09487288,0.04112603,-0.05211638,-0.07750517,-0.01172469,0.05071530,0.24629247,-0.10804386,-0.05524752,-0.00265309,-0.35147506,0.05819329,0.23542189,-0.15228640,-0.05947751,0.01518598,-0.30135416,0.05907270,0.21114295,-0.20684457,-0.05699952,0.04518869,-0.24393055,0.16677959,-0.09466696,-0.72657753,-0.10538994,0.24702094,0.87652824,0.04096184,-0.39225319,-1.00120823,0.02464721,0.52617660,1.09702292,-0.08954566,-0.64493009,-1.16120993,0.15186247,0.74508995,1.19191871,-0.02180149,-0.00385401,-0.99975489,-0.02223103,-0.01180333,0.07411324,0.05176807,0.00000000,-0.01972533
10010320000000,synthetic_50hz_01,516,0.02,98.53695294,98.25670068,17.78026185,17.91561118,18.03117721,5.56201095,123.11853968,1,1,0,0,1,0.58153140,0.00000000,0.07362185,0.05486690,0.12839475,0.11669055,-0.05651828,-0.11999729,-0.09286262,0.05654022,0.10814025,0.06635741,-0.05493208,-0.09316548,-0.03793909,0.05174022,0.07550470,0.00842697,-0.04705666,-0.05566709,0.02132810,0.05440629,0.24142528,-0.13038008,-0.05718938,0.00634816,-0.32533461,0.05832958,0.22254582,-0.18147731,-0.05780389,0.03156595,-0.26995448,0.05563700,0.19173097,-0.23954772,-0.05190042,0.06707342,-0.21086673,0.09851766,-0.26407737,-0.89331705,-0.03374927,0.40851268,1.01516828,-0.03199213,-0.54117038,-1.10775175,0.09681118,0.65822588,1.16839821,-0.15883912,-0.75630443,-1.19535921,0.21628765,0.83257836,1.18785744,-0.02178451,-0.00340879,-0.99975688,-0.02228986,-0.01134090,0.07362185,0.05221382,0.00000000,-0.02069415
10010340000000,synthetic_50hz_01,517,0.02,98.82074036,98.36950862,17.88564630,18.03117721,18.14870954,5.57427822,123.10972143,1,1,0,0,1,0.58261962,0.00000000,0.07311161,0.05666373,0.11893173,0.09003719,-0.05649752,-0.10668474,-0.06324408,0.05470246,0.09136198,0.03462761,-0.05133030,-0.07340521,-0.00501281,0.04647826,0.05333214,-0.02474651,-0.04028624,-0.03172147,0.05379238,0.05615362,0.23193805,-0.15701010,-0.05711918,0.01969079,-0.29573300,0.05644344,0.20573221,-0.21319693,-0.05415576,0.05136612,-0.23703143,0.05033165,0.16951474,-0.27272499,-0.04509043,0.09106558,-0.17839173,0.02626394,-0.42518139,-1.02919768,0.03958665,0.55647172,1.11839484,-0.10429595,-0.67171871,-1.17534816,0.16599834,0.76759973,1.19841564,-0.22291492,-0.84135050,-1.18693224,0.27340476,0.89084474,1.14122903,-0.02177182,-0.00296247,-0.99975858,-0.02234147,-0.01087624,0.07311161,0.05265326,0.00000000,-0.02165768
10010360000000,synthetic_50hz_01,518,0.02,98.95514293,98.48663548,17.99613286,18.14870954,18.27364551,5.58660489,123.10090234,1,1,0,0,1,0.58371599,0.00000000,0.07258266,0.05642934,0.10513563,0.06000080,-0.05444194,-0.08945990,-0.03119181,0.05088495,0.07120499,0.00148356,-0.04586092,-0.05089721,0.02826748,0.03951471,0.02912204,-0.05720354,-0.03202926,-0.00650727,0.08449040,0.05586974,0.21811800,-0.18702288,-0.05501413,0.03694547,-0.26369795,0.05257749,0.18554009,-0.24633050,-0.04863993,0.07391384,-0.20375467,0.04332455,0.14526113,-0.30518551,-0.03679370,0.11632622,-0.14768327,-0.04742659,-0.57205455,-1.12890703,0.11199341,0.68537889,1.18201382,-0.17333141,-0.77894344,-1.20104259,0.22967219,0.85005068,1.18544475,-0.27939140,-0.89665057,-1.13566999,0.32105564,0.91739960,1.05315333,-0.02176342,-0.00251518,-0.99975999,-0.02238584,-0.01040945,0.07258266,0.05308632,0.00000000,-0.02261567
10010380000000,synthetic_50hz_01,519,0.02,99.22039301,98.63338699,18.11268817,18.27364551,18.39817866,5.59899497,123.09208057,1,1,0,0,1,0.58482038,0.00000000,0.07203513,0.05414862,0.08745680,0.02763218,-0.05040249,-0.06890244,0.00215917,0.04520324,0.04836159,-0.03188827,-0.03870076,-0.02642645,0.06069802,0.03108251,0.00372942,-0.08775781,-0.02256815,0.01907513,0.11228751,0.05353955,0.20041549,-0.21936762,-0.05092520,0.05753252,-0.23036447,0.04684727,0.16266177,-0.27969154,-0.04143319,0.09842414,-0.17132798,0.03484867,0.11982514,-0.33574295,-0.02729265,0.14195495,-0.11987604,-0.11989636,-0.69917517,-1.18834778,0.18082894,0.79030162,1.20319350,-0.23654814,-0.85864331,-1.18335060,0.28544755,0.90222991,1.12939114,-0.32611736,-0.91980480,-1.04287081,0.35738507,0.91086130,0.92628403,-0.02175933,-0.00206708,-0.99976110,-0.02242296,-0.00994061,0.07203513,0.05351297,0.00000000,-0.02356786
10010400000000,synthetic_50hz_01,520,0.02,99.90816032,98.88834165,18.23259418,18.39817866,18.50343546,5.61145213,123.08325428,1,1,0,0,1,0.58593266,0.00000000,0.07146916,0.04988125,0.06649609,-0.00591345,-0.04450382,-0.04572469,0.03560586,0.03784332,0.02363502,-0.06427174,-0.03009178,-0.00086395,0.09108464,0.02147268,-0.02193204,-0.11527152,-0.01223451,0.04409571,0.13613507,0.04922274,0.17943137,-0.25288910,-0.04497703,0.08073962,-0.19693557,0.03943877,0.13790051,-0.31206393,-0.03277755,0.12402599,-0.14094551,0.02519501,0.09412047,-0.36325953,-0.01691890,0.16702175,-0.09601865,-0.18848080,-0.80163888,-1.20482076,0.24353075,0.86709147,1.18060469,-0.29155959,-0.90754541,-1.12235123,0.33118263,0.92183440,1.03173987,-0.36125752,-0.90954647,-0.91138297,0.38091719,0.87103589,0.76475046,-0.02175954,-0.00161832,-0.99976192,-0.02245281,-0.00946983,0.07146916,0.05393314,0.00000000,-0.02451403
10010420000000,synthetic_50hz_01,521,0.02,99.92208169,99.09508966,18.34634752,18.50343546,18.61465129,5.62397865,123.07442160,1,1,0,0,1,0.58705269,0.00000000,0.07088489,0.04376130,0.04298613,-0.03941690,-0.03694138,-0.02074833,0.06792033,0.02905642,-0.00208766,-0.09446557,-0.02033375,0.02486347,0.11828734,0.01102485,-0.04692244,-0.13869882,-0.00139810,0.06762862,0.15511155,0.04305337,0.15589828,-0.28636814,-0.03736506,0.10574508,-0.16463919,0.03060324,0.11214335,-0.34224639,-0.02297275,0.14979257,-0.11374726,0.01470320,0.06908700,-0.38668939,-0.00604219,0.19060077,-0.07703264,-0.25060725,-0.87535700,-1.17716136,0.29771325,0.91255869,1.11450882,-0.33623605,-0.92345088,-1.01972447,0.36506500,0.90771956,0.89554099,-0.38336896,-0.86581826,-0.74553864,0.39062021,0.79895501,0.57404207,-0.02176408,-0.00116902,-0.99976245,-0.02247539,-0.00899720,0.07088489,0.05434678,0.00000000,-0.02545392
10010440000000,synthetic_50hz_01,522,0.02,100.54779432,99.38563059,18.45903510,18.61465129,18.70226771,5.63657623,123.06558066,1,1,0,0,1,0.58818033,0.00000000,0.07028247,0.03599397,0.01776714,-0.07163905,-0.02797585,0.00512369,0.09789500,0.01915118,-0.02786680,-0.12132860,-0.00977437,0.04980650,0.14126423,0.00011576,-0.07031026,-0.15712715,0.00954619,0.08878694,0.16846002,0.03523665,0.13065642,-0.31856561,-0.02835000,0.13164594,-0.13468288,0.02064931,0.08632996,-0.36909773,-0.01236649,0.17477457,-0.09077513,0.00375000,0.04565627,-0.40511997,0.00494258,0.21180508,-0.06367495,-0.30389355,-0.91723034,-1.10582238,0.34126158,0.92461603,1.00678890,-0.36879088,-0.90534460,-0.87872924,0.38568777,0.85997167,0.72533539,-0.39146510,-0.78980535,-0.55102979,0.38595631,0.69686858,0.36083775,-0.02177293,-0.00071935,-0.99976268,-0.02249068,-0.00852280,0.07028247,0.05475386,0.00000000,-0.02638729
10010460000000,synthetic_50hz_01,523,0.02,100.48578725,99.60566193,18.56119280,18.70226771,18.79167045,5.64924495,123.05672956,1,1,0,0,1,0.58931545,0.00000000,0.06966206,0.02684958,-0.00824215,-0.10136696,-0.01792488,0.03093917,0.12438861,0.00848341,-0.05274419,-0.14382408,0.00120265,0.07302857,0.15911304,-0.01085403,-0.09120751,-0.16981469,0.02019249,0.10675689,0.17562050,0.02604289,0.10462454,-0.34826856,-0.01824948,0.15749001,-0.10820792,0.00993278,0.06141855,-0.39158123,-0.00134250,0.19803543,-0.07293139,-0.00726405,0.02471626,-0.41780946,0.01562953,0.22982091,-0.05650555,-0.34624258,-0.92529097,-0.99289798,0.37241803,0.90238531,0.86091976,-0.38785650,-0.85346346,-0.70412082,0.39211288,0.77993586,0.52702175,-0.38506446,-0.68392234,-0.33472840,0.36691446,0.56819103,0.13278467,-0.02178610,-0.00026944,-0.99976262,-0.02249869,-0.00804673,0.06966206,0.05515430,0.00000000,-0.02731390
10010480000000,synthetic_50hz_01,524,0.02,100.39406745,99.76334303,18.65799341,18.79167045,18.87833067,5.66198422,123.04786640,1,1,0,0,1,0.59045791,0.00000000,0.06902382,0.01665487,-0.03407741,-0.12746039,-0.00715240,0.05573153,0.14637088,-0.00255627,-0.07577890,-0.16106144,0.01219125,0.09364152,0.17110852,-0.02147475,-0.10880441,-0.17622247,0.03013912,0.12083042,0.17625583,0.01579885,0.07876697,-0.37433677,-0.00742743,0.18231072,-0.08624458,-0.00115571,0.03835003,-0.40880632,0.00969318,0.21868696,-0.06094127,-0.01792916,0.00707676,-0.42421888,0.02561699,0.24394020,-0.05586160,-0.37592881,-0.89880516,-0.84208568,0.38985762,0.84626105,0.68187647,-0.39254666,-0.76931885,-0.50200844,0.38391839,0.67019682,0.30766728,-0.36422158,-0.55175271,-0.10445593,0.33402408,0.41740130,-0.10176694,-0.02180361,0.00018055,-0.99976226,-0.02249941,-0.00756908,0.06902382,0.05554808,0.00000000,-0.02823353
10010500000000,synthetic_50hz_01,525,0.02,101.09489894,100.02965421,18.75053506,18.87833067,18.92792616,5.67479298,123.03898925,1,1,0,0,1,0.59160758,0.00000000,0.06836791,0.00578190,-0.05876429,-0.14889687,0.00394415,0.07855629,0.16296436,-0.01355648,-0.09608348,-0.17233352,0.02277798,0.11084054,0.17673422,-0.03134277,-0.12240201,-0.17603959,0.03900394,0.13043458,0.17026966,0.00487659,0.05405804,-0.39574777,0.00371869,0.20516358,-0.06967033,-0.01220477,0.01801187,-0.42006582,0.02032707,0.23592437,-0.05532126,-0.02784172,-0.00656328,-0.42403733,0.03452282,0.25358999,-0.06183946,-0.39167327,-0.83833214,-0.65858552,0.39274933,0.75792722,0.47598234,-0.38250223,-0.65567091,-0.27965636,0.36122743,0.53451130,0.07526776,-0.32953826,-0.39794148,0.13129084,0.28834835,0.24989882,-0.33406427,-0.02182544,0.00063048,-0.99976160,-0.02249284,-0.00708995,0.06836791,0.05593514,0.00000000,-0.02914592
10010520000000,synthetic_50hz_01,526,0.02,100.93233802,100.21019097,18.82503932,18.92792616,18.97667141,5.68766812,123.03009620,1,1,0,0,1,0.59276431,0.00000000,0.06769450,-0.00536517,-0.08135556,-0.16481357,0.01494823,0.09852767,0.17348150,-0.02410033,-0.11285918,-0.17714787,0.03255760,0.12393691,0.17570699,-0.04007623,-0.13144148,-0.16920040,0.04643943,0.13515653,0.15781568,-0.00631975,0.03144501,-0.41163873,0.01477236,0.22516279,-0.05917269,-0.02279753,0.00120282,-0.42486730,0.03015396,0.24905895,-0.05635446,-0.03661984,-0.01564503,-0.41719917,0.04199948,0.25835746,-0.07428542,-0.39270359,-0.74573458,-0.44893802,0.38080011,0.64032454,0.25069998,-0.35791798,-0.51645364,-0.04523415,0.32471692,0.37769314,-0.16153580,-0.28215411,-0.22804358,0.36364860,0.23145667,0.07181941,-0.55527724,-0.02185161,0.00108021,-0.99976064,-0.02247899,-0.00660943,0.06769450,0.05631542,0.00000000,-0.03005086
10010540000000,synthetic_50hz_01,527,0.02,101.28073616,100.42430001,18.88872480,18.97667141,19.00209412,5.70060571,123.02118529,1,1,0,0,1,0.59392797,0.00000000,0.06700376,-0.01636488,-0.10096811,-0.17454415,0.02543984,0.11485404,0.17745547,-0.03378135,-0.12542868,-0.17525067,0.04114893,0.13238715,0.16799331,-0.04733017,-0.13552884,-0.15589262,0.05214686,0.13476317,0.13929748,-0.01736869,0.01181097,-0.42134331,0.02531356,0.24151674,-0.05521851,-0.03252752,-0.01139981,-0.42295693,0.03879264,0.25754719,-0.06407444,-0.04391858,-0.01977451,-0.40389211,0.04774825,0.25800950,-0.09279591,-0.37879615,-0.62413880,-0.22080503,0.35427941,0.49756802,0.01437178,-0.31954862,-0.35665212,0.19247581,0.27560510,0.20545378,-0.39377424,-0.22371576,-0.04833210,0.58371997,0.16537658,-0.11018301,-0.75683678,-0.02188211,0.00152959,-0.99975939,-0.02245785,-0.00612761,0.06700376,0.05668890,0.00000000,-0.03094810
10010560000000,synthetic_50hz_01,528,0.02,101.44280617,100.62800124,18.93633991,19.00209412,19.01341740,5.71360052,123.01225457,1,1,0,0,1,0.59509841,0.00000000,0.06629587,-0.02679442,-0.11681862,-0.17764898,0.03501165,0.12687072,0.17466324,-0.04221948,-0.13326509,-0.16664187,0.04821010,0.13581735,0.15381614,-0.05281080,-0.13445394,-0.13655582,0.05588894,0.12921416,0.11535854,-0.02784741,-0.00406075,-0.42442187,0.03493497,0.25356075,-0.05803081,-0.04101465,-0.01926911,-0.41433466,0.04590125,0.26101519,-0.07825820,-0.04944414,-0.01874157,-0.38455572,0.05153185,0.25250576,-0.11672746,-0.35029809,-0.47784434,0.01729982,0.31402234,0.33481607,-0.22408197,-0.26869318,-0.18213491,0.42440372,0.21561747,0.02420270,-0.61248972,-0.15632541,0.13442727,0.78291735,0.09252641,-0.28918165,-0.93077311,-0.02191694,0.00197848,-0.99975784,-0.02242943,-0.00564460,0.06629587,0.05705552,0.00000000,-0.03183742
10010580000000,synthetic_50hz_01,529,0.02,101.98859242,100.90011948,18.96871246,19.01341740,18.99692965,5.72664632,123.00330207,1,1,0,0,1,0.59627549,0.00000000,0.06557100,-0.03624599,-0.12825629,-0.17393735,0.04328516,0.13406867,0.16513968,-0.04907639,-0.13601579,-0.15158095,0.05345273,0.13404151,0.13365207,-0.05628801,-0.12820275,-0.11186994,0.05750047,0.11866785,0.08686255,-0.03734814,-0.01551936,-0.42068371,0.04325808,0.26078577,-0.06757472,-0.04792063,-0.02205247,-0.39925998,0.05119142,0.25927696,-0.09842917,-0.05296640,-0.01253217,-0.35986993,0.05318506,0.24200459,-0.14521634,-0.30812748,-0.31218463,0.25632236,0.26141078,0.15809460,-0.45549665,-0.20715748,0.00055336,0.64153875,0.14693174,-0.15918537,-0.80908500,-0.08246988,0.31322799,0.95330494,0.01563038,-0.45824011,-1.07004067,-0.02195611,0.00242672,-0.99975599,-0.02239375,-0.00516047,0.06557100,0.05741523,0.00000000,-0.03271859
10010600000000,synthetic_50hz_01,530,0.02,102.27220719,101.17453702,18.98056368,18.99692965,18.96663440,5.73973543,122.99432581,1,1,0,0,1,0.59745907,0.00000000,0.06482935,-0.04434319,-0.13479122,-0.16348045,0.04992617,0.13611785,0.14918195,-0.05406974,-0.13352014,-0.13058247,0.05665447,0.12707299,0.10821823,-0.05760581,-0.11696225,-0.08273401,0.05689636,0.10347945,0.05486453,-0.04549444,-0.02207494,-0.41020002,0.04994868,0.26286176,-0.08355307,-0.05296308,-0.01958926,-0.37824744,0.05444077,0.25234583,-0.12387021,-0.05432939,-0.00133330,-0.33073380,0.05262279,0.22686120,-0.17720756,-0.25375099,-0.13334277,0.48700959,0.19833224,-0.02591832,-0.67081647,-0.13719549,0.18443217,0.83528341,0.07210332,-0.33762876,-0.97566874,-0.00493238,0.48109135,1.08792508,-0.06238076,-0.61068385,-1.16881604,-0.02199960,0.00287418,-0.99975385,-0.02235081,-0.00467534,0.06482935,0.05776800,0.00000000,-0.03359139
10010620000000,synthetic_50hz_01,531,0.02,102.26807921,101.39324546,18.97471338,18.96663440,18.93500886,5.75285931,122.98532380,1,1,0,0,1,0.59864901,0.00000000,0.06407110,-0.05075643,-0.13611724,-0.14661430,0.05465885,0.13288417,0.12734356,-0.05698543,-0.12581998,-0.10440145,0.05766909,0.11512835,0.07844939,-0.05669013,-0.10111751,-0.05023561,0.05407676,0.08419140,0.02057350,-0.05195674,-0.02342133,-0.39330683,0.05473097,0.25965463,-0.10541237,-0.05592791,-0.01192129,-0.35205207,0.05550310,0.24043839,-0.15364656,-0.05345902,0.01446999,-0.29823488,0.04984521,0.20761805,-0.21149210,-0.18913904,0.05187196,0.70026943,0.12711750,-0.21014010,-0.86145372,-0.06143111,0.36234980,0.99780190,-0.00602638,-0.50411279,-1.10538298,0.07331012,0.63134197,1.18109535,-0.13848029,-0.74036927,-1.22275620,-0.02204743,0.00332070,-0.99975141,-0.02230063,-0.00418929,0.06407110,0.05811379,0.00000000,-0.03445558
10010640000000,synthetic_50hz_01,532,0.02,102.43464083,101.60152453,18.95803748,18.93500886,18.89481741,5.76600960,122.97629404,1,1,0,0,1,0.59984516,0.00000000,0.06329645,-0.05521704,-0.13212798,-0.12393220,0.05727799,0.12443898,0.10041800,-0.05768759,-0.11316236,-0.07400870,0.05643403,0.09862321,0.04546569,-0.05355345,-0.08124070,-0.01561189,0.04912890,0.06151599,-0.01469201,-0.05646636,-0.01945216,-0.37059743,0.05739970,0.25123573,-0.13235911,-0.05667925,0.00070437,-0.32164468,0.05431583,0.22397025,-0.18663807,-0.05036778,0.03430551,-0.26361035,0.04493952,0.18498739,-0.24675143,-0.11669962,0.23627907,0.88753452,0.05045865,-0.38735458,-1.01963968,0.01723705,0.52726246,1.12234815,-0.08443581,-0.65196913,-1.19269881,0.14920024,0.75787922,1.22866340,-0.20966316,-0.84193931,-1.22920506,-0.02209958,0.00376615,-0.99974868,-0.02224322,-0.00370242,0.06329645,0.05845254,0.00000000,-0.03531096
10010660000000,synthetic_50hz_01,533,0.02,102.70567057,101.82235374,18.93148505,18.89481741,18.84291870,5.77917821,122.96723452,1,1,0,0,1,0.60104738,0.00000000,0.06250560,-0.05752920,-0.12292540,-0.09626670,0.05765859,0.11106073,0.06941238,-0.05612565,-0.09599413,-0.04055686,0.05297459,0.07815998,0.01053207,-0.04829624,-0.05807243,0.01979636,0.04222549,0.03631063,-0.04955406,-0.05882750,-0.01026940,-0.34290437,0.05782989,0.23788351,-0.16338620,-0.05516654,0.01784086,-0.28817790,0.05090426,0.20354381,-0.22157980,-0.04515613,0.05743266,-0.22820096,0.03807844,0.15982665,-0.28160760,-0.03919247,0.41260411,1.04111528,-0.02868969,-0.55049619,-1.13875284,0.09574472,0.67251720,1.20355961,-0.16003938,-0.77514923,-1.23366720,0.21972003,0.85543335,1.22820759,-0.27306605,-0.91105493,-1.18733819,-0.02215605,0.00421038,-0.99974566,-0.02217861,-0.00321482,0.06250560,0.05878422,0.00000000,-0.03615729
10010680000000,synthetic_50hz_01,534,0.02,102.64665845,101.98721468,18.89428718,18.84291870,18.79339254,5.79235715,122.95814320,1,1,0,0,1,0.60225552,0.00000000,0.06169875,-0.05757941,-0.10882015,-0.06466134,0.05576263,0.09322815,0.03551167,-0.05233820,-0.07494835,-0.00533818,0.04740483,0.05450774,-0.02498921,-0.04110475,-0.03249566,0.05459616,0.03361961,0.00954670,-0.08262907,-0.05892662,0.00381632,-0.31127120,0.05598352,0.22007670,-0.19730865,-0.05142835,0.03885516,-0.25294399,0.04538245,0.17992816,-0.25710951,-0.03801032,0.08296849,-0.19339974,0.02951506,0.13310720,-0.31467703,0.04037321,0.57376754,1.15452781,-0.10722262,-0.69293612,-1.21361010,0.17098075,0.79212702,1.23770344,-0.22980943,-0.86848053,-1.22611321,0.28201259,0.91979535,1.17917356,-0.32608520,-0.94459203,-1.09823780,-0.02221684,0.00465324,-0.99974235,-0.02210681,-0.00272659,0.06169875,0.05910878,0.00000000,-0.03699437
10010700000000,synthetic_50hz_01,535,0.02,102.50657581,102.09108691,18.85191143,18.79339254,18.74809170,5.80553922,122.94901807,1,1,0,0,1,0.60346944,0.00000000,0.06087610,-0.05534267,-0.09032344,-0.03033318,0.05164240,0.07160527,0.00003485,-0.04645326,-0.05082269,0.03026448,0.03992485,0.02857486,-0.05969128,-0.03224538,-0.00550321,0.08739715,0.02363627,-0.01772710,-0.11258332,-0.05673874,0.02229378,-0.27691497,0.05191286,0.19847933,-0.23280748,-0.04559270,0.06294956,-0.21732581,0.03795049,0.15403166,-0.29182029,-0.02919675,0.10992017,-0.16059700,0.01957437,0.10587775,-0.34462601,0.11885416,0.71317393,1.22278191,-0.18200635,-0.80875880,-1.24070785,0.23991122,0.88102678,1.22286361,-0.29089933,-0.92789435,-1.16976364,0.33350068,0.94801029,1.08293883,-0.36648705,-0.94079465,-0.96489240,-0.02228194,0.00509459,-0.99973875,-0.02202785,-0.00223783,0.06087610,0.05942620,0.00000000,-0.03782198
10010720000000,synthetic_50hz_01,536,0.02,102.78369878,102.22960928,18.80830715,18.74809170,18.68959437,5.81871837,122.93985706,1,1,0,0,1,0.60468899,0.00000000,0.06003787,-0.05088539,-0.06813058,0.00537274,0.04544022,0.04701843,-0.03561558,-0.03868500,-0.02455071,0.06483160,0.03081446,0.00137518,-0.09217850,-0.02205554,0.02184000,0.11686785,0.01266074,-0.04442552,-0.13818785,-0.05233027,0.04446768,-0.24118072,0.04576026,0.17391772,-0.26848020,-0.03787377,0.08919053,-0.18274287,0.02888821,0.12686814,-0.32431654,-0.01905282,0.13722278,-0.13112425,0.00864165,0.07922354,-0.37022557,0.19309710,0.82498938,1.24261632,-0.25000430,-0.89301705,-1.21840126,0.29970376,0.93529863,1.15905913,-0.34076261,-0.95061511,-1.06630078,0.37199712,0.93852491,0.94280048,-0.39250679,-0.89937660,-0.79211880,-0.02235134,0.00553429,-0.99973487,-0.02194176,-0.00174863,0.06003787,0.05973643,0.00000000,-0.03863990
10010740000000,synthetic_50hz_01,537,0.02,103.11315161,102.40631775,18.75844778,18.68959437,18.61784765,5.83188883,122.93065814,1,1,0,0,1,0.60591401,0.00000000,0.05918426,-0.04436456,-0.04309651,0.04103540,0.03738459,0.02042605,-0.07000883,-0.02932681,0.00283331,0.09696387,0.02042352,-0.02601098,-0.12112339,-0.01093141,0.04843874,0.14179088,0.00112415,-0.06946999,-0.15837046,-0.04585820,0.06948307,-0.20548949,0.03775418,0.14735032,-0.30289602,-0.02856494,0.11654378,-0.15059450,0.01854545,0.09951793,-0.35327075,-0.00797473,0.16378111,-0.10619887,-0.00285198,0.05422313,-0.39040353,0.26006666,0.90439547,1.21266964,-0.30840259,-0.94195454,-1.14701236,0.34784713,0.95235662,1.04828619,-0.37726308,-0.93530182,-0.91933743,0.39580235,0.89128183,0.76388375,-0.40293046,-0.82156576,-0.58640694,-0.02242505,0.00597220,-0.99973070,-0.02184855,-0.00125909,0.05918426,0.06003943,0.00000000,-0.03944794
10010760000000,synthetic_50hz_01,538,0.02,103.60292227,102.64563865,18.69939573,18.61784765,18.52871902,5.84504473,122.92141923,1,1,0,0,1,0.60714438,0.00000000,0.05831551,-0.03602316,-0.01620418,0.07521418,0.02778253,-0.00711774,-0.10174357,-0.01874093,0.03023445,0.12533964,0.00915901,-0.05247949,-0.14532212,0.00068697,0.07321153,0.16111489,-0.01051314,-0.09183283,-0.17226264,-0.03756550,0.09635701,-0.17128189,0.02820166,0.11983124,-0.33465360,-0.01802845,0.14391439,-0.12220233,0.00732919,0.07308516,-0.37747910,0.00359751,0.18851366,-0.08687219,-0.01444614,0.03190422,-0.40429136,0.31697183,0.94780824,1.13357753,-0.35472982,-0.95318528,-1.02886006,0.38226080,0.93108155,0.89448008,-0.39877101,-0.88213429,-0.73431182,0.40378447,0.80775470,0.55297301,-0.39715664,-0.71008716,-0.35569173,-0.02250304,0.00640817,-0.99972625,-0.02174827,-0.00076930,0.05831551,0.06033516,0.00000000,-0.04024587
10010780000000,synthetic_50hz_01,539,0.02,103.19662497,102.75583592,18.62771151,18.52871902,18.45905565,5.85817967,122.91213827,1,1,0,0,1,0.60837992,0.00000000,0.05743183,-0.02618194,0.01147318,0.10650751,0.01700864,-0.03450442,-0.12950596,-0.00734498,0.05654088,0.14877069,-0.00253045,-0.07694724,-0.16374629,0.01233292,0.09513517,0.17400101,-0.02177982,-0.11058031,-0.17923920,-0.02777292,0.12401627,-0.13995949,0.01747729,0.09246900,-0.36243910,-0.00668191,0.17019053,-0.09875459,-0.00431195,0.04865295,-0.39591321,0.01519720,0.21039725,-0.07398310,-0.02566956,0.01320053,-0.41126387,0.36138578,0.95305207,1.00799008,-0.38696590,-0.92582130,-0.86820839,0.40138960,0.87189868,0.70339585,-0.40424106,-0.79283881,-0.51830409,0.39543806,0.69092103,0.31826937,-0.37523440,-0.56908368,-0.10905880,-0.02258531,0.00684207,-0.99972152,-0.02164094,-0.00027935,0.05743183,0.06062360,0.00000000,-0.04103351
10010800000000,synthetic_50hz_01,540,0.02,103.37799849,102.88026843,18.55687605,18.45905565,18.38196280,5.87128848,122.90281317,1,1,0,0,1,0.60962051,0.00000000,0.05653345,-0.01522774,0.03881447,0.13361138,0.00549095,-0.06061564,-0.15212548,0.00440414,0.08066923,0.16625373,-0.01417226,-0.09839708,-0.17558880,0.02353179,0.11328811,0.17986157,-0.03221288,-0.12491298,-0.17894884,-0.01686730,0.15133974,-0.11282629,0.00600911,0.06638196,-0.38508200,0.00501776,0.19428883,-0.08125458,-0.01590537,0.02723841,-0.40776595,0.02634970,0.22851031,-0.06811926,-0.03605920,-0.00108851,-0.41096977,0.39135377,0.91947951,0.84050573,-0.40363497,-0.86054136,-0.67113246,0.40427919,0.77679341,0.48241013,-0.39326785,-0.67065013,-0.27977969,0.37091842,0.54517170,0.06908307,-0.33787523,-0.40397571,0.14360525,-0.02267185,0.00727374,-0.99971651,-0.02152660,0.00021064,0.05653345,0.06090470,0.00000000,-0.04181064
10010820000000,synthetic_50hz_01,541,0.02,103.41237628,102.98669000,18.48341249,18.38196280,18.30385164,5.88436661,122.89344185,1,1,0,0,1,0.61086597,0.00000000,0.05562059,-0.00359878,0.06469615,0.15537518,-0.00630569,-0.08436929,-0.16862615,0.01602837,0.10161002,0.17701555,-0.02528894,-0.11592129,-0.18030151,0.03382042,0.12689049,0.17838929,-0.04137684,-0.13420138,-0.17133403,-0.00528685,0.17720389,-0.09103292,-0.00573805,0.04265221,-0.40160633,0.01659253,0.21519983,-0.07047549,-0.02697360,0.00974930,-0.41248919,0.03659186,0.24207300,-0.06958795,-0.04517960,-0.01033342,-0.40335153,0.40548405,0.84803064,0.63752221,-0.40387815,-0.75959612,-0.44530529,0.39062825,0.64926210,0.24025000,-0.36611635,-0.52020954,-0.02826819,0.33104915,0.37615910,-0.18452860,-0.28643765,-0.22126381,0.39200535,-0.02276266,0.00770306,-0.99971124,-0.02140528,0.00070060,0.05562059,0.06117844,0.00000000,-0.04257706
10010840000000,synthetic_50hz_01,542,0.02,103.08773478,103.00689896,18.40799693,18.30385164,18.23791823,5.89741009,122.88402221,1,1,0,0,1,0.61211618,0.00000000,0.05469350,0.00823258,0.08803893,0.17085246,-0.01789829,-0.10476520,-0.17827084,0.02704799,0.11847105,0.18054960,-0.03541788,-0.12876131,-0.17762303,0.04276665,0.13533933,0.16957550,-0.04888244,-0.13801545,-0.15663903,0.00649605,0.20052942,-0.07552583,-0.01728119,0.02227993,-0.41127494,0.02756265,0.23203130,-0.06692389,-0.03705401,-0.00305584,-0.40982153,0.04549151,0.25048233,-0.07839786,-0.05264149,-0.01410414,-0.38865340,0.40301765,0.74122715,0.40700807,-0.38750215,-0.62674745,-0.19971204,0.36081477,0.49419832,-0.01334178,-0.32372494,-0.34740122,0.22601095,0.27730196,0.19058839,-0.43216413,-0.22288424,-0.02828080,0.62585780,-0.02285771,0.00812988,-0.99970569,-0.02127703,0.00119041,0.05469350,0.06144477,0.00000000,-0.04333259
10010860000000,synthetic_50hz_01,543,0.02,103.30119840,103.06575885,18.33656388,18.23791823,18.16063975,5.91041615,122.87455214,1,1,0,0,1,0.61337096,0.00000000,0.05375240,0.01977888,0.10785364,0.17934433,-0.02880547,-0.12092843,-0.18059658,0.03700157,0.13051680,0.17664215,-0.04413091,-0.13634231,-0.16759505,0.04998793,0.13823701,0.15371610,-0.05440377,-0.13614627,-0.13540544,0.01799398,0.22032718,-0.06700390,-0.02813892,0.00614006,-0.41362487,0.03746673,0.24404775,-0.07081350,-0.04571846,-0.01060219,-0.39980468,0.05266610,0.25334070,-0.09425306,-0.05811896,-0.01219177,-0.36741700,0.38387317,0.60309976,0.15820211,-0.35500117,-0.46714247,0.05569834,0.31589432,0.31771724,-0.26799299,-0.26768009,-0.15913208,0.47256127,0.21174851,-0.00404093,-0.66350540,-0.14971213,0.16709745,0.83532035,-0.02295700,0.00855407,-0.99969988,-0.02114188,0.00168000,0.05375240,0.06170367,0.00000000,-0.04407702
10010880000000,synthetic_50hz_01,544,0.02,103.22091871,103.09679082,18.26267574,18.16063975,18.08482009,5.92338222,122.86502954,1,1,0,0,1,0.61463018,0.00000000,0.05279755,0.03055778,0.12328442,0.18043342,-0.03856772,-0.13214832,-0.17543910,0.04546573,0.13720233,0.16538679,-0.05105294,-0.13830073,-0.15056630,0.05516827,0.13541186,0.13140492,-0.05769308,-0.12861899,-0.10845507,0.02872456,0.23574128,-0.06588450,-0.03785176,-0.00505673,-0.40849186,0.04588136,0.25070422,-0.08205073,-0.05259185,-0.01252616,-0.38278737,0.05779966,0.25047641,-0.11655973,-0.06136428,-0.00462145,-0.34046411,0.34866409,0.43904986,-0.09874851,-0.30755024,-0.28712586,0.31041120,0.25756958,0.12692388,-0.51312459,-0.20016307,0.03693738,0.70104435,0.13698576,-0.19973371,-0.86875268,-0.06985909,0.35677162,1.01141447,-0.02306052,0.00897548,-0.99969380,-0.02099989,0.00216925,0.05279755,0.06195510,0.00000000,-0.04481017
10010900000000,synthetic_50hz_01,545,0.02,103.12969626,103.10337191,18.18797637,18.08482009,18.00996872,5.93630608,122.85545228,1,1,0,0,1,0.61589367,0.00000000,0.05182918,0.04011240,0.13364722,0.17400668,-0.04676716,-0.13791146,-0.16294531,0.05207360,0.13819964,0.14718615,-0.05587873,-0.13450347,-0.12718355,0.05807286,0.12692950,0.10351418,-0.05859271,-0.11569609,-0.07686045,0.03823093,0.24608771,-0.07228070,-0.04600182,-0.01079705,-0.39602279,0.05243970,0.25167273,-0.10023296,-0.05736894,-0.00869469,-0.35941634,0.06065735,0.24195511,-0.14444566,-0.06221977,0.00834434,-0.30886729,0.29868693,0.25564942,-0.35319788,-0.24696940,-0.09399640,0.55377812,0.18813163,-0.07036657,-0.73839268,-0.12386994,0.23270085,0.90171904,0.05603702,-0.38832625,-1.03904841,0.01341148,0.53275602,1.14642153,-0.02316824,0.00939398,-0.99968747,-0.02085109,0.00265808,0.05182918,0.06219904,0.00000000,-0.04553185
10010920000000,synthetic_50hz_01,546,0.02,103.23149163,103.12899585,18.11321316,18.00996872,17.92795626,5.94918591,122.84581823,1,1,0,0,1,0.61716130,0.00000000,0.05084754,0.04803119,0.13846191,0.16026566,-0.05304599,-0.13792701,-0.14357270,0.05653144,0.13341560,0.12274048,-0.05838707,-0.12505776,-0.09836959,0.05855938,0.11309445,0.07116266,-0.05704339,-0.09787057,-0.04190408,0.04610155,0.25088632,-0.08599093,-0.05223128,-0.01079005,-0.37667518,0.05684799,0.24686013,-0.12465993,-0.05982852,0.00078501,-0.33061441,0.06109688,0.22808131,-0.17679206,-0.06062616,0.02621259,-0.27390902,0.23588001,0.06038597,-0.59444230,-0.17565950,0.10428306,0.77546536,0.11037465,-0.26594556,-0.93413139,-0.04190765,0.41994073,1.06586598,-0.02776757,-0.56182881,-1.16687116,0.09664224,0.68751910,1.23423489,-0.02328017,0.00980944,-0.99968088,-0.02069553,0.00314639,0.05084754,0.06243545,0.00000000,-0.04624187
10010940000000,synthetic_50hz_01,547,0.02,102.92654598,103.08850588,18.03540526,17.92795626,17.85508428,5.96201983,122.83612528,1,1,0,0,1,0.61843289,0.00000000,0.04985288,0.05396616,0.13747632,0.13972363,-0.05712272,-0.13214306,-0.11807553,0.05863241,0.12300005,0.09302326,-0.05845169,-0.11031090,-0.06528909,0.05658579,0.09444143,0.03567260,-0.05308849,-0.07584917,-0.00502765,0.05198842,0.24988493,-0.10650192,-0.05625869,-0.00498383,-0.35120327,0.05889938,0.23641628,-0.15435817,-0.05984432,0.01556564,-0.29754623,0.05907621,0.20938974,-0.21227671,-0.05662685,0.04827657,-0.23703100,0.16275359,-0.13863783,-0.81217449,-0.09651152,0.29941132,0.96589961,0.02748697,-0.45155263,-1.09177739,0.04233004,0.59067548,1.18617872,-0.11092665,-0.71276887,-1.24638196,0.17632519,0.81431280,1.27065143,-0.02339627,0.01022172,-0.99967404,-0.02053327,0.00363408,0.04985288,0.06266431,0.00000000,-0.04694006
10010960000000,synthetic_50hz_01,548,0.02,102.75742231,103.02228916,17.95967045,17.85508428,17.78379150,5.97480656,122.82637126,1,1,0,0,1,0.61970830,0.00000000,0.04884546,0.05764892,0.13068101,0.11318921,-0.05880560,-0.12075307,-0.08747787,0.05826689,0.10734376,0.05924451,-0.05604833,-0.09083968,-0.02930309,0.05221386,0.07171665,-0.00148314,-0.04687404,-0.05052599,0.03222662,0.05562316,0.24307412,-0.13300507,-0.05789228,0.00642816,-0.32063113,0.05848429,0.22073194,-0.18811766,-0.05739209,0.03507041,-0.26157286,0.05465709,0.18662659,-0.24942672,-0.05036785,0.07364216,-0.19977545,0.08229379,-0.33303844,-0.99693163,-0.01279257,0.48309683,1.11669177,-0.05707748,-0.61922731,-1.20425716,0.12530195,0.73750518,1.25710326,-0.18991391,-0.83452043,-1.27370648,0.24905056,0.90747607,1.25358816,-0.02351653,0.01063069,-0.99966696,-0.02036436,0.00412106,0.04884546,0.06288559,0.00000000,-0.04762623
10010980000000,synthetic_50hz_01,549,0.02,102.20964014,102.85975936,17.88580129,17.78379150,17.72759442,5.98754529,122.81655405,1,1,0,0,1,0.62098738,0.00000000,0.04782554,0.05890350,0.11831396,0.08173684,-0.05800236,-0.10419185,-0.05303443,0.05542897,0.08706585,0.02280302,-0.05125755,-0.06742969,0.00808582,0.04560834,0.04584951,-0.03874153,-0.03864423,-0.02294746,0.06828031,0.05682980,0.23069185,-0.16442594,-0.05703978,0.02301109,-0.28621348,0.05559679,0.20042623,-0.22453959,-0.05255239,0.05851370,-0.22419688,0.04800430,0.16072129,-0.28667907,-0.04209335,0.10126294,-0.16372078,-0.00215635,-0.51450559,-1.14051748,0.07198699,0.64741357,1.22101955,-0.13974220,-0.76165631,-1.26631905,0.20346858,0.85394015,1.27510998,-0.26132887,-0.92160450,-1.24713890,0.31165492,0.96269856,1.18321222,-0.02364095,0.01103621,-0.99965963,-0.02018885,0.00460723,0.04782554,0.06309926,0.00000000,-0.04830021
10011000000000,synthetic_50hz_01,550,0.02,102.49854390,102.78751627,17.81935441,17.72759442,17.65113883,6.00023629,122.80667150,1,1,0,0,1,0.62226997,0.00000000,0.04679338,0.05765558,0.10085453,0.04666513,-0.05472587,-0.08312103,-0.01618055,0.05021839,0.06299110,-0.01477051,-0.04426309,-0.04104512,0.04529574,0.03703167,0.01791578,-0.07451507,-0.02873260,0.00573008,0.10158609,0.05553401,0.21321751,-0.19946591,-0.05371407,0.04410336,-0.24938565,0.05033661,0.17632394,-0.26209330,-0.04550897,0.08493137,-0.18700017,0.03938026,0.13274959,-0.32244627,-0.03213690,0.12998258,-0.13041433,-0.08703416,-0.67516162,-1.23637935,0.15422013,0.78514931,1.27395092,-0.21695987,-0.87250078,-1.27479390,0.27344455,0.93469765,1.23888397,-0.32204570,-0.96994675,-1.16725644,0.36136212,0.97723184,1.06197636,-0.02376949,0.01143815,-0.99965207,-0.02000680,0.00509250,0.04679338,0.06330529,0.00000000,-0.04896182
10011020000000,synthetic_50hz_01,551,0.02,102.46942013,102.72389704,17.74870386,17.65113883,17.57003629,6.01287925,122.79672144,1,1,0,0,1,0.62355591,0.00000000,0.04574923,0.05393735,0.07900688,0.00944458,-0.04909543,-0.05840426,0.02152673,0.04283807,0.03611781,-0.05187742,-0.03534566,-0.01279007,0.08073246,0.02683422,-0.01090641,-0.10725994,-0.01754914,0.03428845,0.13069507,0.05176800,0.19135524,-0.23665447,-0.04803445,0.06884129,-0.21170467,0.04290669,0.14942337,-0.29918009,-0.03654252,0.11321927,-0.15157696,0.02913536,0.10388963,-0.35518450,-0.02090850,0.15858288,-0.10130499,-0.16870722,-0.80791020,-1.27992214,0.23035740,0.89013084,1.27269273,-0.28536626,-0.94668859,-1.22877099,0.33214788,0.97595287,1.14942321,-0.36935353,-0.97707997,-1.03693702,0.39591054,0.95003740,0.89455546,-0.02390215,0.01183638,-0.99964427,-0.01981827,0.00557677,0.04574923,0.06350367,0.00000000,-0.04961090
10011040000000,synthetic_50hz_01,552,0.02,102.63604322,102.70632627,17.67366348,17.57003629,17.47726855,6.02547335,122.78670172,1,1,0,0,1,0.62484506,0.00000000,0.04469338,0.04788793,0.05367316,-0.02834330,-0.04133329,-0.03107320,0.05847418,0.03358700,0.00757739,-0.08691921,-0.02487238,0.01613688,0.11285833,0.01544067,-0.03938592,-0.13554368,-0.00556380,0.06149944,0.15432125,0.04567088,0.16600718,-0.27441014,-0.04022317,0.09619324,-0.17478380,0.03360602,0.12085592,-0.33420149,-0.02602017,0.14217885,-0.11946490,0.01769425,0.07537255,-0.38346130,-0.00887808,0.18583563,-0.07767876,-0.24362982,-0.90675878,-1.26874386,0.29706196,0.95751105,1.21675125,-0.34192967,-0.98065783,-1.12967914,0.37693939,0.97553178,1.01003785,-0.40108177,-0.94228070,-0.86127670,0.41366077,0.88186323,0.68768454,-0.02403890,0.01223078,-0.99963625,-0.01962331,0.00605995,0.04469338,0.06369436,0.00000000,-0.05024727
10011060000000,synthetic_50hz_01,553,0.02,102.43450492,102.65196200,17.59117761,17.47726855,17.38866531,6.03801701,122.77661017,1,1,0,0,1,0.62613724,0.00000000,0.04362608,0.03974905,0.02591746,-0.06507307,-0.03175672,-0.00228532,0.09306162,0.02284884,-0.02141271,-0.11836717,-0.01328221,0.04449341,0.14026013,0.00333265,-0.06629133,-0.15810933,0.00671300,0.08617805,0.17140017,0.03748438,0.13823745,-0.31110746,-0.03059750,0.12500173,-0.14022318,0.02281826,0.09183905,-0.36562877,-0.01438089,0.17056777,-0.09207720,0.00553860,0.04842976,-0.40601969,0.00344393,0.21055584,-0.06060010,-0.30849899,-0.96709971,-1.20278007,0.35135894,0.98400421,1.10799550,-0.38408904,-0.97253941,-0.98126690,0.40574568,0.93303585,0.82624791,-0.41570448,-0.86663243,-0.64740782,0.41367833,0.77524359,0.44990265,-0.02417972,0.01262121,-0.99962800,-0.01942200,0.00654194,0.04362608,0.06387735,0.00000000,-0.05087079
10011080000000,synthetic_50hz_01,554,0.02,102.58140110,102.63784982,17.50612245,17.38866531,17.28967509,6.05050858,122.76644463,1,1,0,0,1,0.62743232,0.00000000,0.04254761,0.02985614,-0.00307800,-0.09914558,-0.02076565,0.02672464,0.12377211,0.01107647,-0.04960079,-0.14483024,-0.00106796,0.07104693,0.16171284,-0.00897135,-0.09044475,-0.17393319,0.01875201,0.10723501,0.18113896,0.02754395,0.10922825,-0.34514729,-0.01955737,0.15403202,-0.10953978,0.01099630,0.06362446,-0.39207089,-0.00211749,0.19715345,-0.07063889,-0.00681312,0.02423918,-0.42183599,0.01552827,0.23165423,-0.05086188,-0.36040337,-0.98593654,-1.08434847,0.39077196,0.96805760,0.95061760,-0.40987441,-0.92226910,-0.78947999,0.41715999,0.84989116,0.60558130,-0.41241866,-0.75301046,-0.40422342,0.39578710,0.63442011,0.19121159,-0.02432459,0.01300756,-0.99961954,-0.01921440,0.00702265,0.04254761,0.06405260,0.00000000,-0.05148128
10011100000000,synthetic_50hz_01,555,0.02,102.27791044,102.56586195,17.41521456,17.28967509,17.19902674,6.06294598,122.75620292,1,1,0,0,1,0.62873012,0.00000000,0.04145826,0.01862513,-0.03206290,-0.12905857,-0.00882644,0.05469754,0.14923972,-0.00122671,-0.07575522,-0.16511822,0.01124450,0.09462884,0.17623628,-0.02093810,-0.11077427,-0.18227337,0.03002804,0.12372603,0.18305543,0.01626549,0.08022990,-0.37502737,-0.00756916,0.18202497,-0.08409951,-0.00135648,0.03744378,-0.41233764,0.01024416,0.22076729,-0.05613015,-0.01882767,0.00387269,-0.43016831,0.02684977,0.24818651,-0.04894627,-0.39695785,-0.96204396,-0.91808910,0.41344066,0.90995017,0.75098976,-0.41800379,-0.83162209,-0.56223904,0.41051567,0.72931796,0.35727870,-0.39119220,-0.60598726,-0.14201786,0.36059047,0.46518565,-0.07733743,-0.02447349,0.01338968,-0.99961086,-0.01900057,0.00750198,0.04145826,0.06422011,0.00000000,-0.05207860
10011120000000,synthetic_50hz_01,556,0.02,102.26955772,102.50660110,17.32441567,17.19902674,17.10338725,6.07532753,122.74588287,1,1,0,0,1,0.63003049,0.00000000,0.04035829,0.00653535,-0.05977276,-0.15347425,0.00354757,0.08040493,0.16831200,-0.01352821,-0.09871899,-0.17829724,0.02311882,0.11418694,0.18314209,-0.03204291,-0.12636282,-0.18270687,0.04004318,0.13489560,0.17700412,0.00412837,0.05250690,-0.39940991,0.00485381,0.20775212,-0.06505483,-0.01370757,0.01445403,-0.42549515,0.02216771,0.24035707,-0.04923932,-0.02998037,-0.01175261,-0.43059365,0.03691049,0.25939718,-0.05499876,-0.41641784,-0.89605246,-0.71080014,0.41821335,0.81181203,0.51742120,-0.40795158,-0.70416668,-0.30912477,0.38592838,0.57621988,0.09191613,-0.35277868,-0.43166039,0.12794250,0.30945821,0.27465593,-0.34411249,-0.02462640,0.01376747,-0.99960198,-0.01878058,0.00797984,0.04035829,0.06437985,0.00000000,-0.05266258
10011140000000,synthetic_50hz_01,557,0.02,102.43846035,102.49297295,17.23158373,17.10338725,16.99658229,6.08765158,122.73548230,1,1,0,0,1,0.63133329,0.00000000,0.03924798,-0.00589062,-0.08498453,-0.17128089,0.01581807,0.10270372,0.18010417,-0.02528947,-0.11746191,-0.18373496,0.03403177,0.12883362,0.18206858,-0.04179292,-0.13649100,-0.17515309,0.04834915,0.14021328,0.16318785,-0.00834485,0.02728228,-0.41718318,0.01717322,0.23007039,-0.05329052,-0.02551842,-0.00431462,-0.43091108,0.03312993,0.25503521,-0.05032811,-0.03977833,-0.02191734,-0.42303140,0.04526215,0.26475577,-0.06881652,-0.41776728,-0.79045210,-0.47117419,0.40470999,0.67756180,0.25982390,-0.37998472,-0.54513708,-0.04098277,0.34430431,0.39699581,-0.17903992,-0.29869746,-0.23740895,0.39390080,0.24447901,0.07097749,-0.59740533,-0.02478329,0.01414079,-0.99959289,-0.01855451,0.00845614,0.03924798,0.06453180,0.00000000,-0.05323308
10011160000000,synthetic_50hz_01,558,0.02,102.20413947,102.43520625,17.13288313,16.99658229,16.89574127,6.09991604,122.72499902,1,1,0,0,1,0.63263834,0.00000000,0.03812764,-0.01810946,-0.10657146,-0.18164550,0.02744519,0.12058813,0.18404229,-0.03598966,-0.13112818,-0.18113305,0.04349654,0.13788775,0.17300166,-0.04974938,-0.14067196,-0.15988256,0.05456793,0.13940052,0.14215396,-0.02061086,0.00568279,-0.42751419,0.02884920,0.24797400,-0.04938051,-0.03626818,-0.01800636,-0.42828711,0.04264399,0.26412056,-0.05941060,-0.04778284,-0.02613464,-0.40775210,0.05152675,0.26398375,-0.08985220,-0.40077599,-0.64951331,-0.20944437,0.37335201,0.51276285,-0.01070031,-0.33516412,-0.36122919,0.23053650,0.28731329,0.19928113,-0.44372621,-0.23117909,-0.03158770,0.64412308,0.16837988,-0.13701641,-0.82594959,-0.02494415,0.01450954,-0.99958361,-0.01832243,0.00893078,0.03812764,0.06467594,0.00000000,-0.05378995
10011180000000,synthetic_50hz_01,559,0.02,101.76616282,102.30139757,17.03328355,16.89574127,16.80699233,6.11211909,122.71443085,1,1,0,0,1,0.63394549,0.00000000,0.03699753,-0.02958100,-0.12355457,-0.18405493,0.03791155,0.13323643,0.17989339,-0.04514909,-0.13907701,-0.17054543,0.05108496,0.14090794,0.15628058,-0.05554803,-0.13867643,-0.13751008,0.05840962,0.13244681,0.11477510,-0.03212946,-0.01131258,-0.42988980,0.03936436,0.26064122,-0.05355777,-0.04547717,-0.02598038,-0.41767716,0.05028175,0.26717172,-0.07614755,-0.05362960,-0.02417524,-0.38537055,0.05541438,0.25707060,-0.11723316,-0.36602288,-0.47912611,0.06304576,0.32535683,0.32440271,-0.28233429,-0.27531059,-0.16032663,0.49348299,0.21732701,-0.00837174,-0.69040435,-0.15307780,0.17682876,0.86742103,0.08441529,-0.34018772,-1.01942956,-0.02510893,0.01487358,-0.99957414,-0.01808441,0.00940366,0.03699753,0.06481226,0.00000000,-0.05433305
10011200000000,synthetic_50hz_01,560,0.02,101.65449526,102.17201710,16.93824124,16.80699233,16.71510424,6.12425981,122.70377561,1,1,0,0,1,0.63525458,0.00000000,0.03585795,-0.03979231,-0.13514849,-0.17834342,0.04674559,0.14005025,0.16778079,-0.05235118,-0.14091429,-0.15238096,0.05644746,0.13771571,0.13258791,-0.05891634,-0.13054671,-0.10897229,0.05968663,0.11961400,0.08221495,-0.04238773,-0.02291846,-0.42414425,0.04824715,0.26747367,-0.06569898,-0.05272882,-0.02784259,-0.39949007,0.05569362,0.26401022,-0.09985637,-0.05704610,-0.01608145,-0.35682339,0.05673743,0.24427818,-0.14979572,-0.31488321,-0.28656343,0.33433077,0.26269634,0.12060423,-0.54306174,-0.20293581,0.04883206,0.73613598,0.13732455,-0.21686049,-0.90798709,-0.06775415,0.37863674,1.05366050,-0.00376963,-0.52949671,-1.16895639,-0.02527763,0.01523279,-0.99956448,-0.01784053,0.00987471,0.03585795,0.06494073,0.00000000,-0.05486225
10011220000000,synthetic_50hz_01,561,0.02,101.60172933,102.05795955,16.84452370,16.71510424,16.61805416,6.13633762,122.69303111,1,1,0,0,1,0.63656546,0.00000000,0.03470919,-0.04828107,-0.14079932,-0.16470495,0.05354340,0.14068453,0.14818363,-0.05726205,-0.13651375,-0.12739012,0.05932980,0.12840720,0.10292388,-0.05968705,-0.11659862,-0.07549031,0.05832350,0.10142845,0.04588031,-0.05092337,-0.02858094,-0.41047151,0.05509365,0.26812630,-0.08532501,-0.05768922,-0.02346671,-0.37447635,0.05862535,0.25473221,-0.12953684,-0.05786508,-0.00216906,-0.32333173,0.05542046,0.22613284,-0.18613307,-0.24947973,-0.08017724,0.59234960,0.18802066,-0.08972037,-0.78120243,-0.12114086,0.25703131,0.94753284,0.05076852,-0.41693191,-1.08654543,0.02106750,0.56481217,1.19423241,-0.09229614,-0.69640864,-1.26748911,-0.02545021,0.01558708,-0.99955464,-0.01759088,0.01034382,0.03470919,0.06506135,0.00000000,-0.05537740
10011240000000,synthetic_50hz_01,562,0.02,101.17550472,101.88146858,16.74940649,16.61805416,16.53064864,6.14835184,122.68219515,1,1,0,0,1,0.63787796,0.00000000,0.03355154,-0.05465704,-0.14021271,-0.14368947,0.05798772,0.13506654,0.12192031,-0.05964659,-0.12602633,-0.09663614,0.05958582,0.11335272,0.06856589,-0.05780716,-0.09741110,-0.03851887,0.05436189,0.07866108,0.00736132,-0.05734610,-0.02800570,-0.38942155,0.05958660,0.26252637,-0.11161744,-0.06012328,-0.01300369,-0.34369922,0.05893079,0.23970797,-0.16391156,-0.05603351,0.01698296,-0.28635031,0.05150513,0.20340549,-0.22465508,-0.17259892,0.13095988,0.82548613,0.10454960,-0.29725760,-0.98594248,-0.03348606,0.45498525,1.11797365,-0.03854290,-0.59959546,-1.21777311,0.10946065,0.72691905,1.28246361,-0.17722260,-0.83328523,-1.31018008,-0.02562665,0.01593631,-0.99954463,-0.01733552,0.01081090,0.03355154,0.06517410,0.00000000,-0.05587837
10011260000000,synthetic_50hz_01,563,0.02,101.27972745,101.76112036,16.65752819,16.53064864,16.43037252,6.16030235,122.67126555,1,1,0,0,1,0.63919193,0.00000000,0.03238531,-0.05862056,-0.13337069,-0.11618309,0.05986345,0.12340282,0.09011626,-0.05938044,-0.10987718,-0.06145135,0.05718547,0.09318373,0.03101476,-0.05334182,-0.07380376,0.00031600,0.04796030,0.05229598,-0.03163765,-0.06135628,-0.02117474,-0.36188045,0.06151089,0.25088042,-0.14345085,-0.05990664,0.00312132,-0.30849100,0.05657989,0.21956899,-0.20147972,-0.05161658,0.04055503,-0.24750517,0.04514992,0.17708024,-0.26365738,-0.08757567,0.33745267,1.02309975,0.01593632,-0.49270644,-1.14783518,0.05616249,0.63375526,1.23947798,-0.12664210,-0.75653261,-1.29538605,0.19347057,0.85749878,1.31394754,-0.25472119,-0.93374286,-1.29462731,-0.02580692,0.01628037,-0.99953446,-0.01707455,0.01127587,0.03238531,0.06527896,0.00000000,-0.05636504
10011280000000,synthetic_50hz_01,564,0.02,101.04507078,101.61791044,16.56212281,16.43037252,16.33222707,6.17218860,122.66024011,1,1,0,0,1,0.64050720,0.00000000,0.03121078,-0.05997733,-0.12053612,-0.08337244,0.05906869,0.10617363,0.05415721,-0.05645708,-0.08875011,-0.02338061,0.05221778,0.06876788,-0.00807007,-0.04647301,-0.04680304,0.03928808,0.03938841,0.02348885,-0.06937340,-0.06275961,-0.00835092,-0.32903488,0.06076464,0.23366872,-0.17943951,-0.05703276,0.02422453,-0.27039656,0.05166166,0.19518289,-0.24058186,-0.04479623,0.06752069,-0.20852250,0.03662453,0.14831277,-0.30139677,0.00184929,0.53000315,1.17602121,-0.07389132,-0.66719911,-1.25924882,0.14380304,0.78515940,1.30617171,-0.20956885,-0.88048319,-1.31543705,0.26929269,0.95042223,1.28677774,-0.32125270,-0.99296015,-1.22102002,-0.02599098,0.01661916,-0.99952412,-0.01680804,0.01173862,0.03121078,0.06537592,0.00000000,-0.05683728
10011300000000,synthetic_50hz_01,565,0.02,100.73999741,101.44232784,16.46556660,16.33222707,16.23797918,6.18400998,122.64911664,1,1,0,0,1,0.64182362,0.00000000,0.03002827,-0.05864859,-0.10224447,-0.04669494,0.05562089,0.08411476,0.01562984,-0.05098962,-0.06355999,0.01588587,0.04488829,0.04117275,-0.04694359,-0.03749281,-0.01759848,0.07664790,0.02901640,-0.00648316,-0.10414242,-0.06147732,0.00993027,-0.29232223,0.05736528,0.21162705,-0.21799674,-0.05161476,0.04939107,-0.23110611,0.04438166,0.16761727,-0.27947298,-0.03586456,0.09669041,-0.17115181,0.02629911,0.11838023,-0.33616972,0.09169297,0.69983371,1.27699025,-0.16090483,-0.81270960,-1.31473973,0.22547773,0.90215469,1.31458466,-0.28355000,-0.96559024,-1.27652949,0.33344740,1.00118737,1.20167138,-0.37373134,-1.00791980,-1.09216853,-0.02617882,0.01695256,-0.99951362,-0.01653609,0.01219908,0.03002827,0.06546497,0.00000000,-0.05729497
10011320000000,synthetic_50hz_01,566,0.02,100.86781969,101.32742621,16.36997988,16.23797918,16.12986946,6.19576613,122.63789295,1,1,0,0,1,0.64314104,0.00000000,0.02883807,-0.05467614,-0.07928298,-0.00777666,0.04965752,0.05818735,-0.02374773,-0.04320724,-0.03541415,0.05458747,0.03551128,0.01161994,-0.08385342,-0.02679152,0.01250928,0.11070183,0.01729934,-0.03627785,-0.13435866,-0.05755121,0.03288159,-0.25336858,0.05145028,0.18571654,-0.25740442,-0.04388182,0.07751359,-0.19238028,0.03505417,0.13809373,-0.31640069,-0.02521186,0.12676354,-0.13708669,0.01462876,0.08862484,-0.36639022,0.17790776,0.83909382,1.32101360,-0.24115679,-0.92243092,-1.31133163,0.29745315,0.97917390,1.26384336,-0.34517380,-1.00768685,-1.17991789,0.38294293,1.00714771,1.06197485,-0.40967163,-0.97757204,-0.91341457,-0.02637040,0.01728047,-0.99950297,-0.01625878,0.01265714,0.02883807,0.06554610,0.00000000,-0.05773799
10011340000000,synthetic_50hz_01,567,0.02,100.87904465,101.23774989,16.26913350,16.12986946,16.01450594,6.20745609,122.62656684,1,1,0,0,1,0.64445928,0.00000000,0.02764048,-0.04822199,-0.05265798,0.03163935,0.04143134,0.02953696,-0.06220254,-0.03344620,-0.00556437,0.09097240,0.02449680,-0.01856864,-0.11711948,-0.01484114,0.04216631,0.13988996,0.00475760,-0.06454830,-0.15862734,-0.05114329,0.05949673,-0.21391700,0.04327240,0.15708277,-0.29588956,-0.03417018,0.10734031,-0.15597085,0.02408921,0.10793416,-0.34968493,-0.01331013,0.15638617,-0.10788709,0.00213383,0.06039348,-0.39066345,0.25656502,0.94123127,1.30562491,-0.31096201,-0.99110289,-1.24868653,0.35639381,1.01240056,1.15574793,-0.39155061,-1.00451024,-1.02948858,0.41541882,0.96765943,0.87354860,-0.42731032,-0.90291055,-0.69242380,-0.02656569,0.01760278,-0.99949218,-0.01597621,0.01311272,0.02764048,0.06561930,0.00000000,-0.05816623
10011360000000,synthetic_50hz_01,568,0.02,101.03402058,101.19700403,16.16218993,16.01450594,15.88719418,6.21907829,122.61513613,1,1,0,0,1,0.64577819,0.00000000,0.02643582,-0.03956235,-0.02355156,0.06977120,0.03130025,-0.00055650,-0.09798704,-0.02213574,0.02464851,0.12337786,0.01233306,-0.04802990,-0.14521164,-0.00217480,0.07002657,0.16285890,-0.00804616,-0.09000433,-0.17581087,-0.04252977,0.08859360,-0.17574936,0.03318955,0.12700565,-0.33170465,-0.02290911,0.13753042,-0.12354062,0.01197501,0.07850167,-0.37779555,-0.00069251,0.18421225,-0.08490637,-0.01062303,0.03497636,-0.40785184,0.32403644,1.00130986,1.23103293,-0.36706971,-1.01527425,-1.12915710,0.39952020,0.99996781,0.99472714,-0.42045233,-0.95583184,-0.83161874,0.42926263,0.88413878,0.64453438,-0.42569708,-0.78695559,-0.43886780,-0.02676466,0.01791939,-0.99948125,-0.01568845,0.01356573,0.02643582,0.06568456,0.00000000,-0.05857958
10011380000000,synthetic_50hz_01,569,0.02,100.68831400,101.09526602,16.04669171,15.88719418,15.76855205,6.23063038,122.60359861,1,1,0,0,1,0.64709761,0.00000000,0.02522439,-0.02907646,0.00673041,0.10487933,0.01971219,-0.03073575,-0.12945945,-0.00977961,0.05385496,0.15030719,-0.00043492,-0.07542151,-0.16682150,0.01063691,0.09481362,0.17852627,-0.02053223,-0.11147221,-0.18508404,-0.03208988,0.11886631,-0.14060522,0.02164965,0.09684244,-0.36320789,-0.01060233,0.16671437,-0.09658625,-0.00074341,0.05113858,-0.39942415,0.01207043,0.20896535,-0.06922693,-0.02306210,0.01354720,-0.41713018,0.37716438,1.01625782,1.10014843,-0.40681848,-0.99348561,-0.95771558,0.42474382,0.94207075,0.78767134,-0.43042359,-0.86349555,-0.59491817,0.42369405,0.76002538,0.38501323,-0.40474921,-0.63464332,-0.16400818,-0.02696728,0.01823019,-0.99947019,-0.01539562,0.01401609,0.02522439,0.06574188,0.00000000,-0.05897794
10011400000000,synthetic_50hz_01,570,0.02,100.57996930,100.99220668,15.92987306,15.76855205,15.64688022,6.24211025,122.59195211,1,1,0,0,1,0.64841739,0.00000000,0.02400651,-0.01723026,0.03681678,0.13534678,0.00718559,-0.05962754,-0.15516030,0.00306625,0.08071921,0.17050047,-0.01322968,-0.09948370,-0.18092503,0.02301169,0.11538003,0.18613344,-0.03213027,-0.12794990,-0.18597554,-0.02028957,0.14894374,-0.11010155,0.00917113,0.06796639,-0.38893981,0.00219421,0.19355639,-0.07636767,-0.01348860,0.02710465,-0.41354671,0.02439639,0.22949802,-0.06160738,-0.03461303,-0.00289196,-0.41802714,0.41341336,0.98503387,0.91848674,-0.42826643,-0.92636319,-0.74176044,0.43077237,0.84098502,0.54364883,-0.42085895,-0.73136086,-0.32986357,0.39881197,0.60065123,0.10656820,-0.36526706,-0.45262455,0.11979959,-0.02717350,0.01853508,-0.99945901,-0.01509779,0.01446369,0.02400651,0.06579124,0.00000000,-0.05936120
10011420000000,synthetic_50hz_01,571,0.02,100.40132063,100.87402947,15.81101606,15.64688022,15.52432424,6.25351594,122.58019443,1,1,0,0,1,0.64973735,0.00000000,0.02278248,-0.00455602,0.06533349,0.15975499,-0.00571367,-0.08590565,-0.17388164,0.01581864,0.10400112,0.18299520,-0.02546754,-0.11909818,-0.18683292,0.03438221,0.13076159,0.18528416,-0.04230562,-0.13865508,-0.17839358,-0.00766110,0.17745179,-0.08565692,-0.00368012,0.04170373,-0.40769246,0.01489731,0.21681635,-0.06384737,-0.02567688,0.00751817,-0.41947392,0.03571803,0.24484608,-0.06244399,-0.04474118,-0.01355881,-0.41045096,0.43099495,0.90870188,0.69394775,-0.43029010,-0.81661730,-0.49080730,0.41717978,0.70098927,0.27351665,-0.39204197,-0.56515139,-0.04834039,0.35560141,0.41301993,-0.17822955,-0.30890870,-0.24898092,0.39966105,-0.02738331,0.01883396,-0.99944770,-0.01479508,0.01490846,0.02278248,0.06583264,0.00000000,-0.05972926
10011440000000,synthetic_50hz_01,572,0.02,100.41923031,100.78306964,15.69060550,15.52432424,15.39223037,6.26484561,122.56832338,1,1,0,0,1,0.65105735,0.00000000,0.02155262,0.00837148,0.09096682,0.17695138,-0.01839781,-0.10835255,-0.18472552,0.02789372,0.12261443,0.18717393,-0.03658544,-0.13334127,-0.18422603,0.04422239,0.14022382,0.17596681,-0.05058438,-0.14306365,-0.16263438,0.00522075,0.20307678,-0.06842390,-0.01631632,0.01927200,-0.41856788,0.02692314,0.23540798,-0.05964281,-0.03674519,-0.00669716,-0.41688662,0.04550928,0.25427503,-0.07174837,-0.05297265,-0.01792925,-0.39469785,0.42895994,0.79040861,0.43648171,-0.41264681,-0.66894391,-0.21607678,0.38443687,0.52819325,-0.01055776,-0.34514345,-0.37221453,0.23688791,0.29589937,0.20550469,-0.45638846,-0.23812438,-0.03287006,0.66273113,-0.02759667,0.01912674,-0.99943628,-0.01448757,0.01535031,0.02155262,0.06586607,0.00000000,-0.06008203
10011460000000,synthetic_50hz_01,573,0.02,100.15322783,100.65710128,15.56528795,15.39223037,15.26165837,6.27609718,122.55633679,1,1,0,0,1,0.65237722,0.00000000,0.02031724,0.02096109,0.11252484,0.18610549,-0.03028409,-0.12591682,-0.18714880,0.03873398,0.13567856,0.18279652,-0.04606715,-0.14152863,-0.17317413,0.05207218,0.14329836,0.15855905,-0.05657595,-0.14093673,-0.13937264,0.01776483,0.22462675,-0.05923296,-0.02815475,0.00172260,-0.42102294,0.03771418,0.24845072,-0.06399413,-0.04617731,-0.01485702,-0.40585459,0.05331009,0.25731652,-0.08914287,-0.05891683,-0.01576439,-0.37144249,0.40725274,0.63526425,0.15765448,-0.37599691,-0.48983217,0.07000350,0.33390090,0.33027800,-0.29564324,-0.28217838,-0.16120177,0.51275945,0.22232053,-0.01252199,-0.71509257,-0.15605307,0.18588473,0.89680924,-0.02781354,0.01941333,-0.99942475,-0.01417537,0.01578915,0.02031724,0.06589154,0.00000000,-0.06041942
10011480000000,synthetic_50hz_01,574,0.02,99.92229638,100.51014030,15.43776352,15.26165837,15.12901561,6.28726862,122.54423246,1,1,0,0,1,0.65369680,0.00000000,0.01907666,0.03263248,0.12899380,0.18675080,-0.04082186,-0.13776361,-0.18099204,0.04783432,0.14256162,0.17001519,-0.05346770,-0.14324952,-0.15413672,0.05755958,0.13980747,0.13381442,-0.05999199,-0.13233470,-0.10963419,0.02939081,0.24108798,-0.05855060,-0.03864475,-0.01010961,-0.41489820,0.04676535,0.25531265,-0.07674911,-0.05352826,-0.01655067,-0.38683735,0.05874846,0.25379281,-0.11387393,-0.06228540,-0.00712461,-0.34171074,0.36672491,0.45012935,-0.12986916,-0.32188418,-0.28728539,0.35436040,0.26776338,0.11615885,-0.56863526,-0.20592284,0.05831660,0.76651611,0.13814545,-0.23111076,-0.94229793,-0.06638525,0.39724188,1.09091287,-0.02803388,0.01969362,-0.99941311,-0.01385857,0.01622490,0.01907666,0.06590903,0.00000000,-0.06074134
10011500000000,synthetic_50hz_01,575,0.02,99.71599015,100.35131027,15.30808940,15.12901561,14.99147145,6.29835802,122.53200822,1,1,0,0,1,0.65501593,0.00000000,0.01783119,0.04284317,0.13958707,0.17881009,-0.04951843,-0.14331555,-0.16649078,0.05476606,0.14291218,0.14937146,-0.05843475,-0.13838859,-0.12794569,0.06041874,0.12987518,0.10283119,-0.06066084,-0.11761742,-0.07475202,0.03955621,0.25167380,-0.06645407,-0.04729364,-0.01564727,-0.40042919,0.05364795,0.25564237,-0.09736623,-0.05844572,-0.01166275,-0.36066676,0.06155856,0.24382794,-0.14484330,-0.06290669,0.00763020,-0.30683557,0.30910635,0.24331691,-0.41290090,-0.25267463,-0.07046715,0.62387516,0.18895819,-0.10441422,-0.81686282,-0.11979399,0.27628527,0.98629994,0.04717607,-0.44019089,-1.12730157,0.02680195,0.59140561,1.23580257,-0.02825766,0.01996753,-0.99940138,-0.01353729,0.01665746,0.01783119,0.06591855,0.00000000,-0.06104772
10011520000000,synthetic_50hz_01,576,0.02,99.49121573,100.17929136,15.17510986,14.99147145,14.84803241,6.30936339,122.51966188,1,1,0,0,1,0.65633445,0.00000000,0.01658116,0.05111413,0.14378387,0.16260283,-0.05596256,-0.14228218,-0.14426847,0.05919757,0.13667843,0.12177479,-0.06072588,-0.12713417,-0.09577029,0.06050344,0.11392458,0.06700468,-0.05853665,-0.09743049,-0.03630730,0.04778202,0.25586348,-0.08262388,-0.05369017,-0.01459992,-0.37823938,0.05803037,0.24938806,-0.12493602,-0.06068725,-0.00038161,-0.32851207,0.06159414,0.22784498,-0.18065566,-0.06073485,0.02785447,-0.26839815,0.23693501,0.02422213,-0.67833699,-0.17145588,0.15071190,0.86599376,0.10103359,-0.32130084,-1.02868353,-0.02769846,0.48262652,1.16171587,-0.04643524,-0.63003786,-1.26125541,0.11923018,0.75928491,1.32443236,-0.02848485,0.02023497,-0.99938956,-0.01321162,0.01708676,0.01658116,0.06592009,0.00000000,-0.06133846
10011540000000,synthetic_50hz_01,577,0.02,98.86287989,99.91600907,15.03773733,14.84803241,14.71219586,6.32028255,122.50719129,1,1,0,0,1,0.65765221,0.00000000,0.01532689,0.05705274,0.14135617,0.13883413,-0.05984439,-0.13467620,-0.11531117,0.06091071,0.12411344,0.08846374,-0.06022094,-0.10997244,-0.05906586,0.05779497,0.09266088,0.02796507,-0.05370274,-0.07267786,0.00394195,0.05367560,0.25342895,-0.10635492,-0.05752449,-0.00698024,-0.34931480,0.05969447,0.23680279,-0.15821995,-0.06013270,0.01680659,-0.29182864,0.05883651,0.20654915,-0.21968082,-0.05585321,0.05264423,-0.22815650,0.15344759,-0.19710363,-0.91377049,-0.08190125,0.36604795,1.06931893,0.00799366,-0.52443894,-1.19403842,0.06614440,0.66771010,1.28433322,-0.13837548,-0.79173087,-1.33760009,0.20661713,0.89292568,1.35230333,-0.02871540,0.02049586,-0.99937765,-0.01288167,0.01751272,0.01532689,0.06591366,0.00000000,-0.06161351
10011560000000,synthetic_50hz_01,578,0.02,99.17568536,99.76794432,14.90100991,14.71219586,14.54340351,6.33111379,122.49459427,1,1,0,0,1,0.65896905,0.00000000,0.01406869,0.06037187,0.13238197,0.10856541,-0.06097085,-0.12081566,-0.08092484,0.05981202,0.10576618,0.05095118,-0.05692877,-0.08766741,-0.01950857,0.05240425,0.06704115,-0.01249648,-0.04636888,-0.04448206,0.04414125,0.05694983,0.24444822,-0.13658580,-0.05860352,0.00689369,-0.31496141,0.05854677,0.21843552,-0.19570512,-0.05679094,0.03913783,-0.25229263,0.05339659,0.18089754,-0.26012764,-0.04847154,0.08087696,-0.18796511,0.06243598,-0.41041547,-1.10807888,0.01189543,0.56551776,1.22415569,-0.08588388,-0.70431592,-1.30493952,0.15739625,0.82280832,1.34810134,-0.22437083,-0.91757877,-1.35239676,0.28487668,0.98589500,1.31770196,-0.02894927,0.02075011,-0.99936567,-0.01254754,0.01793524,0.01406869,0.06589925,0.00000000,-0.06187278
10011580000000,synthetic_50hz_01,579,0.02,99.20671501,99.65569846,14.75081523,14.54340351,14.35558549,6.34185400,122.48186865,1,1,0,0,1,0.66028479,0.00000000,0.01280689,0.06090428,0.11724442,0.07316788,-0.05927573,-0.10131189,-0.04267716,0.05593823,0.08245849,0.01095604,-0.05098800,-0.06122778,0.02108096,0.04456777,0.03823184,-0.05251017,-0.03686262,-0.01413365,0.08242550,0.05743747,0.22930446,-0.17194527,-0.05686106,0.02641056,-0.27674691,0.05462403,0.19510811,-0.23567262,-0.05080058,0.06560341,-0.21172465,0.04551087,0.15205657,-0.30012630,-0.03891738,0.11126209,-0.14968907,-0.03192437,-0.60575249,-1.25195860,0.10560702,0.73974988,1.32298347,-0.17624496,-0.85241993,-1.35586611,0.24180168,0.94051432,1.34965850,-0.30038715,-1.00149324,-1.30453960,0.35031231,1.03359864,1.22181022,-0.02918643,0.02099763,-0.99935360,-0.01220935,0.01835424,0.01280689,0.06587687,0.00000000,-0.06211621
10011600000000,synthetic_50hz_01,580,0.02,98.94020162,99.51259909,14.58481874,14.35558549,14.16064728,6.35249867,122.46901227,1,1,0,0,1,0.66159929,0.00000000,0.01154182,0.05861149,0.09661654,0.03426112,-0.05482387,-0.07704335,-0.00232638,0.04945566,0.05524897,-0.02967544,-0.04266161,-0.03186173,0.06082171,0.03463761,0.00755591,-0.09021445,-0.02561499,0.01696776,0.11700627,0.05510005,0.20867066,-0.21081379,-0.05236197,0.05069191,-0.23642953,0.04809256,0.16787915,-0.27627620,-0.04242461,0.09499513,-0.17200573,0.03553145,0.12134923,-0.33781525,-0.02762177,0.14240002,-0.11511682,-0.12526623,-0.77390799,-1.33838028,0.19487359,0.88047094,1.36083147,-0.25886265,-0.96164949,-1.34404926,0.31538858,1.01510324,1.28851748,-0.36282171,-1.03929109,-1.19583714,0.39979452,1.03351570,1.06868026,-0.02942684,0.02123835,-0.99934148,-0.01186720,0.01876965,0.01154182,0.06584652,0.00000000,-0.06234374
10011620000000,synthetic_50hz_01,581,0.02,98.67608774,99.34529682,14.40666673,14.16064728,13.95722135,6.36304254,122.45602297,1,1,0,0,1,0.66291239,0.00000000,0.01027379,0.05358665,0.07143204,-0.00636091,-0.04780925,-0.04911668,0.03825960,0.04065350,0.02538527,-0.06905524,-0.03232568,-0.00092199,0.09785998,0.02306590,-0.02356787,-0.12384338,-0.01314111,0.04737826,0.14625632,0.05003071,0.18348055,-0.25139738,-0.04530021,0.07863108,-0.19587719,0.03924155,0.13799631,-0.31562785,-0.03203910,0.12596029,-0.13498956,0.02391043,0.09019428,-0.37142856,-0.01509984,0.17284682,-0.08587560,-0.21323384,-0.90686952,-1.36294197,0.27550688,0.98090540,1.33553796,-0.32983693,-1.02666133,-1.26962976,0.37465763,1.04281813,1.16711755,-0.40867678,-1.02891000,-1.03095679,0.43091358,0.98533791,0.86507306,-0.02967046,0.02147218,-0.99932928,-0.01152121,0.01918138,0.01027379,0.06580820,0.00000000,-0.06255531
10011640000000,synthetic_50hz_01,582,0.02,98.40894028,99.15802551,14.21789967,13.95722135,13.74532016,6.37347996,122.44289862,1,1,0,0,1,0.66422393,0.00000000,0.00900312,0.04605123,0.04284357,-0.04681273,-0.03854688,-0.01881655,0.07719003,0.02993122,-0.00575295,-0.10534191,-0.02045261,0.03015660,0.13045673,0.01038436,-0.05369082,-0.15181042,-0.00001671,0.07567711,0.16878734,0.04245093,0.15488679,-0.29181057,-0.03599079,0.10894342,-0.15698061,0.02847048,0.10683921,-0.35188612,-0.02011648,0.15706404,-0.10241520,0.01117955,0.06004040,-0.39937969,-0.00192731,0.20118177,-0.06335369,-0.29168793,-0.99820752,-1.32410198,0.34368904,1.03610901,1.24787946,-0.38578143,-1.04413899,-1.13568000,0.41675156,1.02206597,0.99073835,-0.43570656,-0.97052630,-0.81723326,0.44209993,0.89100591,0.62016695,-0.02991724,0.02169906,-0.99931703,-0.01117149,0.01958934,0.00900312,0.06576192,0.00000000,-0.06275087
10011660000000,synthetic_50hz_01,583,0.02,98.46854116,99.02012864,14.01941627,13.74532016,13.51369373,6.38380510,122.42963705,1,1,0,0,1,0.66553374,0.00000000,0.00773016,0.03634560,0.01217019,-0.08520531,-0.02745893,0.01245341,0.11264019,0.01778062,-0.03671798,-0.13682760,-0.00758967,0.05992396,0.15707021,-0.00282008,-0.08140230,-0.17278442,0.01314853,0.10053377,0.18351716,0.03270108,0.12420841,-0.33016432,-0.02485589,0.14022529,-0.12156453,0.01627114,0.07585559,-0.38334316,-0.00720399,0.18685628,-0.07582437,-0.00207426,0.03229822,-0.42033749,0.01128613,0.22607432,-0.04863329,-0.35690279,-1.04339330,-1.22327860,0.39615597,1.04321906,1.10156208,-0.42398779,-1.01296833,-0.94808702,0.43959584,0.95351325,0.76727817,-0.44253015,-0.86656794,-0.56434833,0.43270610,0.75463907,0.34514807,-0.03016715,0.02191891,-0.99930473,-0.01081815,0.01999347,0.00773016,0.06570768,0.00000000,-0.06293036
10011680000000,synthetic_50hz_01,584,0.02,98.13570435,98.84324378,13.80701280,13.51369373,13.28219346,6.39401139,122.41623614,1,1,0,0,1,0.66684168,0.00000000,0.00645521,0.02491387,-0.01916353,-0.11973504,-0.01505564,0.04323587,0.14293776,0.00476336,-0.06606169,-0.16201951,0.00566626,0.08698293,0.17643017,-0.01593251,-0.10539641,-0.18575426,0.02573943,0.12077126,0.18972297,0.02122526,0.09287000,-0.36465504,-0.01240575,0.17101936,-0.09130126,0.00320521,0.04649358,-0.40850616,0.00610148,0.21393988,-0.05648734,-0.01523609,0.00827366,-0.43329084,0.02392530,0.24634748,-0.04243721,-0.40574580,-1.04003010,-1.06481043,0.43035643,1.00160859,0.90307357,-0.44255968,-0.93431025,-0.71530068,0.44200374,0.84007531,0.50690533,-0.42870462,-0.72162060,-0.28389567,0.40304574,0.58236123,0.05270117,-0.03042014,0.02213166,-0.99929238,-0.01046130,0.02039368,0.00645521,0.06564549,0.00000000,-0.06309374
10011700000000,synthetic_50hz_01,585,0.02,97.42204403,98.55900383,13.58658868,13.28219346,13.06781942,6.40409246,122.40269374,1,1,0,0,1,0.66814757,0.00000000,0.00517861,0.01228369,-0.04969400,-0.14876946,-0.00191189,0.07208810,0.16664283,-0.00851504,-0.09240388,-0.17971181,0.01869648,0.11005560,0.18759962,-0.02833888,-0.12453437,-0.19007884,0.03716426,0.13542276,0.18707799,0.00855114,0.06233515,-0.39365025,0.00078476,0.19988290,-0.06763072,-0.01012181,0.02013339,-0.42616931,0.01918121,0.23703691,-0.04534109,-0.02769188,-0.01089452,-0.43759863,0.03539848,0.26103444,-0.04509221,-0.43583069,-0.98798519,-0.85577732,0.44457885,0.91293583,0.66140152,-0.44050959,-0.81156609,-0.44795720,0.42374024,0.68679853,0.22159807,-0.39475425,-0.54223025,0.01114983,0.35438732,0.38202922,-0.24357628,-0.03067617,0.02233724,-0.99927999,-0.01010106,0.02078990,0.00517861,0.06557536,0.00000000,-0.06324098
10011720000000,synthetic_50hz_01,586,0.02,96.72765091,98.19273325,13.36870559,13.06781942,12.87031156,6.41404340,122.38900774,1,1,0,0,1,0.66945128,0.00000000,0.00390069,-0.00095809,-0.07798737,-0.17092547,0.01135954,0.09765027,0.18261750,-0.02143350,-0.11449787,-0.18904457,0.03088951,0.12804444,0.19002140,-0.03945497,-0.13789944,-0.18551983,0.04688292,0.14377872,0.17566963,-0.00473444,0.03403770,-0.41576687,0.01410284,0.22545608,-0.05169080,-0.02308883,-0.00197833,-0.43547266,0.03142375,0.25504983,-0.04294278,-0.03885742,-0.02428954,-0.43302255,0.04516555,0.26942565,-0.05651091,-0.44563674,-0.88941558,-0.60568905,0.43803944,0.78108529,0.38762980,-0.41781325,-0.65023595,-0.15839500,0.38554132,0.50064000,-0.07540640,-0.34215404,-0.33661037,0.30703380,0.28890231,0.16287610,-0.52980928,-0.03093520,0.02253558,-0.99926756,-0.00973755,0.02118204,0.00390069,0.06549729,0.00000000,-0.06337202
10011740000000,synthetic_50hz_01,587,0.02,95.83987313,97.72216122,13.15938010,12.87031156,12.69845130,6.42386125,122.37517601,1,1,0,0,1,0.67075262,0.00000000,0.00262177,-0.01419280,-0.10270759,-0.18513637,0.02413664,0.11871023,0.19008159,-0.03338462,-0.13129039,-0.18954666,0.04167010,0.14008538,0.18354701,-0.04875422,-0.14484165,-0.17225562,0.05443272,0.14542207,0.15599802,-0.01801280,0.00931371,-0.42993819,0.02692648,0.24652675,-0.04426167,-0.03508845,-0.01878829,-0.43594510,0.04225382,0.26711459,-0.04944091,-0.04820614,-0.03126148,-0.41974099,0.05276382,0.27110402,-0.07619314,-0.43458795,-0.74868473,-0.32605517,0.41092698,0.61200232,0.09443110,-0.37541879,-0.45767559,0.13991547,0.32908711,0.29015386,-0.37022821,-0.27326769,-0.11426686,0.58986709,0.20956983,-0.06491450,-0.79249984,-0.03119718,0.02272662,-0.99925509,-0.00937089,0.02157002,0.00262177,0.06541130,0.00000000,-0.06348684
10011760000000,synthetic_50hz_01,588,0.02,95.32151117,97.24203121,12.96579000,12.69845130,12.53824281,6.43354557,122.36119643,1,1,0,0,1,0.67205146,0.00000000,0.00134217,-0.02679900,-0.12268022,-0.19070430,0.03581759,0.13426179,0.18865185,-0.04380355,-0.14197253,-0.18116047,0.05052662,0.14559014,0.16844616,-0.05579300,-0.14501032,-0.15087546,0.05945083,0.14024978,0.12895495,-0.03066251,-0.01066238,-0.43546636,0.03865386,0.26208873,-0.04572659,-0.04555580,-0.02948759,-0.42752902,0.05115980,0.27264290,-0.06456577,-0.05529441,-0.03145961,-0.39834318,0.05783047,0.26596653,-0.10324714,-0.40308776,-0.57217330,-0.02985547,0.36440155,0.41342761,-0.20452097,-0.31520946,-0.24276261,0.43300098,0.25692975,0.06509865,-0.64899736,-0.19124263,0.11444213,0.84628285,0.12004189,-0.29068350,-1.01916961,-0.03146206,0.02291030,-0.99924260,-0.00900118,0.02195378,0.00134217,0.06531740,0.00000000,-0.06358540
10011780000000,synthetic_50hz_01,589,0.02,95.10938138,96.81550125,12.78622018,12.53824281,12.38074053,6.44309778,122.34706691,1,1,0,0,1,0.67334762,0.00000000,0.00006224,-0.03818193,-0.13694899,-0.18733548,0.04584936,0.14355365,0.17836242,-0.05219494,-0.14601960,-0.16424709,0.05703571,0.14427573,0.14539645,-0.06023212,-0.13837233,-0.12235395,0.06169200,0.12847959,0.09578393,-0.04208879,-0.02493431,-0.43205758,0.04873195,0.27139070,-0.05605142,-0.05399556,-0.03355151,-0.41058550,0.05771832,0.27135176,-0.08763977,-0.05978305,-0.02485085,-0.36980374,0.06012025,0.25423093,-0.13642938,-0.35250745,-0.36799188,0.26906451,0.30054692,0.19454382,-0.49519284,-0.23992149,-0.01548697,0.70704452,0.17237900,-0.16401638,-0.89851178,-0.09986675,0.33879105,1.06407453,0.02447530,-0.50379823,-1.19895951,-0.03172981,0.02308655,-0.99923009,-0.00862857,0.02233324,0.00006224,0.06521559,0.00000000,-0.06366769
10011800000000,synthetic_50hz_01,590,0.02,94.79239779,96.41088056,12.61591873,12.38074053,12.23387963,6.45252020,122.33278534,1,1,0,0,1,0.67464097,0.00000000,-0.00121772,-0.04780182,-0.14482236,-0.17515636,0.05375423,0.14612637,0.15966555,-0.05815687,-0.14321749,-0.13957151,0.06088282,0.13617957,0.11545355,-0.06185349,-0.12521554,-0.08800702,0.06104090,0.11064149,0.05802320,-0.05175190,-0.03281053,-0.41983834,0.05668303,0.27397323,-0.07478390,-0.06000577,-0.03076597,-0.38587953,0.06161483,0.26327861,-0.11760721,-0.06145395,-0.01172304,-0.33543859,0.05951780,0.23642720,-0.17420164,-0.28512805,-0.14560861,0.55664433,0.22227840,-0.03444985,-0.76385445,-0.15302035,0.21351512,0.94904228,0.07935066,-0.38642464,-1.10686879,-0.00339326,0.54819336,1.23278375,-0.07266198,-0.69415741,-1.32315698,-0.03200038,0.02325533,-0.99921755,-0.00825315,0.02270832,-0.00121772,0.06510589,0.00000000,-0.06373368
10011820000000,synthetic_50hz_01,591,0.02,94.47653376,96.02401120,12.45546231,12.23387963,12.09925250,6.46181598,122.31834964,1,1,0,0,1,0.67593133,0.00000000,-0.00249736,-0.05519983,-0.14590777,-0.15470992,0.05915279,0.14183575,0.13341236,-0.06140035,-0.13367453,-0.10826846,0.06187771,0.12165942,0.08000314,-0.06057111,-0.10613681,-0.04943129,0.05751821,0.08755422,0.01743430,-0.05919296,-0.03389848,-0.39935159,0.06212769,0.26969211,-0.10107292,-0.06329748,-0.02123930,-0.35454586,0.06265910,0.24878118,-0.15308244,-0.06022111,0.00732697,-0.29684435,0.05604384,0.21337407,-0.21480237,-0.20403836,0.08459113,0.81927512,0.13321009,-0.26281508,-0.99773366,-0.05854131,0.43346194,1.14742708,-0.01781524,-0.59161190,-1.26403964,0.09365817,0.73270541,1.34420935,-0.16680089,-0.85267468,-1.38562488,-0.03227372,0.02341657,-0.99920501,-0.00787507,0.02307895,-0.00249736,0.06498832,0.00000000,-0.06378336
10011840000000,synthetic_50hz_01,592,0.02,94.13709059,95.64662708,12.30585419,12.09925250,11.97830800,6.47098905,122.30375772,1,1,0,0,1,0.67721855,0.00000000,-0.00377636,-0.06002017,-0.14013169,-0.12693186,0.06178252,0.13086122,0.10081441,-0.06176366,-0.11781796,-0.07179043,0.05996412,0.10137795,0.04069671,-0.05643578,-0.08201517,-0.00842967,0.05128038,0.06028786,-0.02408039,-0.06405620,-0.02812464,-0.37153305,0.06480341,0.25872679,-0.13370691,-0.06370894,-0.00539872,-0.31803696,0.06079485,0.22852217,-0.19241395,-0.05613535,0.03142013,-0.25582395,0.04985479,0.18614163,-0.25632919,-0.11299349,0.31179228,1.04444947,0.03748780,-0.47978122,-1.18562975,0.03909868,0.63393784,1.29262776,-0.11455792,-0.76981773,-1.36235872,0.18671440,0.88350343,1.39281224,-0.25348783,-0.97171730,-1.38311034,-0.03254977,0.02357023,-0.99919245,-0.00749443,0.02344505,-0.00377636,0.06486288,0.00000000,-0.06381671
10011860000000,synthetic_50hz_01,593,0.02,93.73093740,95.26348914,12.16828479,11.97830800,11.87315841,6.48004417,122.28900752,1,1,0,0,1,0.67850248,0.00000000,-0.00505439,-0.06202755,-0.12774463,-0.09310808,0.06151075,0.11369884,0.06338784,-0.05922057,-0.09637506,-0.03184010,0.05522303,0.07627274,-0.00062561,-0.04963339,-0.05397144,0.03307327,0.04261279,0.03011412,-0.06456742,-0.06610633,-0.01573951,-0.33766860,0.06457751,0.24157331,-0.17116973,-0.06121392,0.01602848,-0.27805552,0.05610308,0.20343914,-0.23376160,-0.04938252,0.05943564,-0.21430193,0.04123603,0.15600159,-0.29682864,-0.01624050,0.52526178,1.22136333,-0.06040478,-0.67505744,-1.31845607,0.13530856,0.80539089,1.37753712,-0.20631133,-0.91250454,-1.39690312,0.27136605,0.99331026,1.37599576,-0.32859716,-1.04547838,-1.31541780,-0.03282851,0.02371625,-0.99917988,-0.00711136,0.02380656,-0.00505439,0.06472959,0.00000000,-0.06383372
10011880000000,synthetic_50hz_01,594,0.02,93.50094377,94.91098007,12.04433171,11.87315841,11.77571136,6.48898695,122.27409696,1,1,0,0,1,0.67978296,0.00000000,-0.00633114,-0.06111883,-0.10931067,-0.05481502,0.05834152,0.09113910,0.02288264,-0.05388221,-0.07033995,0.00970947,0.04786944,0.04751286,-0.04202164,-0.04047658,-0.02331596,0.07312231,0.03191676,-0.00155315,-0.10211483,-0.06524020,0.00269283,-0.29933471,0.06145403,0.21902217,-0.21171139,-0.05592356,0.04204818,-0.23647460,0.04879878,0.17470118,-0.27518325,-0.04027530,0.09006316,-0.17423353,0.03058889,0.12436778,-0.33438877,0.08168076,0.71485974,1.34144032,-0.15585743,-0.83932527,-1.38968522,0.22554065,0.93959266,1.39786485,-0.28872144,-1.01277116,-1.36574339,0.34357825,1.05675099,1.29424691,-0.38852954,-1.07026419,-1.18543668,-0.03310987,0.02385459,-0.99916731,-0.00672599,0.02416341,-0.00633114,0.06458847,0.00000000,-0.06383439
10011900000000,synthetic_50hz_01,595,0.02,93.32956820,94.59469769,11.93151116,11.77571136,11.68354920,6.49782341,122.25902400,1,1,0,0,1,0.68105983,0.00000000,-0.00760626,-0.05732848,-0.08568184,-0.01384594,0.05241599,0.06423050,-0.01879962,-0.04599232,-0.04092737,0.05090317,0.03824267,0.01644428,-0.08153916,-0.02939047,0.00851291,0.10982434,0.01969093,-0.03322466,-0.13494323,-0.06149228,0.02632035,-0.25832461,0.05557413,0.19212187,-0.25343031,-0.04808159,0.07144565,-0.19524932,0.03922125,0.14365422,-0.31472664,-0.02923878,0.12186431,-0.13751186,0.01841200,0.09272951,-0.36723018,0.17615208,0.87152561,1.39875272,-0.24435211,-0.96468772,-1.39567429,0.30550736,1.03003744,1.35235791,-0.35785469,-1.06569071,-1.27005242,0.39988490,1.07061961,1.15113074,-0.43038624,-1.04468205,-0.99902141,-0.03339382,0.02398520,-0.99915475,-0.00633844,0.02451551,-0.00760626,0.06443954,0.00000000,-0.06381872
10011920000000,synthetic_50hz_01,596,0.02,92.91360618,94.25847939,11.82736714,11.68354920,11.60597585,6.50655955,122.24378658,1,1,0,0,1,0.68233295,0.00000000,-0.00887943,-0.05082744,-0.05795872,0.02787361,0.04400616,0.03423067,-0.05969561,-0.03591616,-0.00951574,0.08979655,0.02679068,-0.01547354,-0.11730861,-0.01689282,0.04001671,0.14143862,0.00650793,-0.06340618,-0.16149088,-0.05503351,0.05404246,-0.21656387,0.04720981,0.16213004,-0.29436317,-0.03805327,0.10284246,-0.15632412,0.02781847,0.11175775,-0.35052223,-0.01679072,0.15334066,-0.10587766,0.00527798,0.06258100,-0.39379115,0.26269639,0.98771532,1.39031795,-0.32167863,-1.04505299,-1.33585383,0.37138673,1.07226129,1.24287641,-0.41038758,-1.06855580,-1.11406629,0.43755676,1.03404335,0.95313712,-0.45211097,-0.96971895,-0.76472856,-0.03368029,0.02410804,-0.99914218,-0.00594884,0.02486282,-0.00887943,0.06428280,0.00000000,-0.06378671
10011940000000,synthetic_50hz_01,597,0.02,92.77226014,93.96123554,11.73438280,11.60597585,11.53052087,6.51520172,122.22838269,1,1,0,0,1,0.68360216,0.00000000,-0.01015033,-0.04191546,-0.02743892,0.06837687,0.03350245,0.00254726,-0.09787346,-0.02412355,0.02241785,0.12454831,0.01404915,-0.04673664,-0.14763237,-0.00356971,0.06970799,0.16646013,-0.00701265,-0.09066963,-0.18048876,-0.04616365,0.08456156,-0.17601926,0.03675149,0.13045431,-0.33257810,-0.02630841,0.13476151,-0.12154030,0.01512611,0.08051573,-0.38087238,-0.00351721,0.18300474,-0.08083595,-0.00819356,0.03535034,-0.41280263,0.33719170,1.05776833,1.31625548,-0.38413670,-1.07643367,-1.21277050,0.42000685,1.06406493,1.07432079,-0.44376801,-1.02101870,-0.90489791,0.45473513,0.94853602,0.70938640,-0.45259202,-0.84870661,-0.49342295,-0.03396924,0.02422307,-0.99912963,-0.00555731,0.02520525,-0.01015033,0.06411830,0.00000000,-0.06373837
10011960000000,synthetic_50hz_01,598,0.02,91.92609997,93.55420843,11.64876079,11.53052087,11.48431485,6.52375604,122.21281028,1,1,0,0,1,0.68486730,0.00000000,-0.01141863,-0.03100724,0.00444405,0.10574935,0.02139544,-0.02932860,-0.13152475,-0.01116681,0.05336759,0.15350823,0.00061624,-0.07586797,-0.17106599,0.00995210,0.09618104,0.18369185,-0.02023352,-0.11372116,-0.19102178,-0.03529737,0.11644414,-0.13860525,0.02468974,0.09858584,-0.36626667,-0.01339935,0.16569702,-0.09254809,0.00174232,0.05140520,-0.40433266,0.00995501,0.20945084,-0.06358374,-0.02136536,0.01233136,-0.42334956,0.39606915,1.07818611,1.17979575,-0.42871459,-1.05714667,-1.03198045,0.44899999,1.00562920,0.85441268,-0.45634051,-0.92511897,-0.65221179,0.45052452,0.81793713,0.43120733,-0.43171970,-0.68717378,-0.19777096,-0.03426063,0.02433026,-0.99911708,-0.00516398,0.02554274,-0.01141863,0.06394603,0.00000000,-0.06367371
10011980000000,synthetic_50hz_01,599,0.02,91.59180619,93.16172798,11.57969349,11.48431485,11.44276639,6.53222962,122.19706736,1,1,0,0,1,0.68612822,0.00000000,-0.01268401,-0.01861297,0.03618862,0.13822002,0.00825284,-0.05989295,-0.15905086,0.00234522,0.08187053,0.17529618,-0.01287567,-0.10148776,-0.18648763,0.02303491,0.11817904,0.19230256,-0.03253005,-0.13146316,-0.19257331,-0.02294489,0.14818862,-0.10609289,0.01159228,0.06802858,-0.39383025,0.00006510,0.19418602,-0.07072762,-0.01170051,0.02580593,-0.41978121,0.02298822,0.23142216,-0.05495227,-0.03361276,-0.00537833,-0.42491529,0.43648540,1.04780828,0.98713996,-0.45323567,-0.98790344,-0.80179781,0.45691895,0.89951689,0.59333945,-0.44742904,-0.78519684,-0.36777484,0.42503954,0.64823920,0.13160710,-0.39039595,-0.49259253,0.10835492,-0.03455440,0.02442956,-0.99910455,-0.00476897,0.02587522,-0.01268401,0.06376602,0.00000000,-0.06359276
