timestamp_ns,trajectory_id,sample_index,control_dt_s,force_raw_n,force_filtered_n,torque_actual_nm,torque_command_prev_nm,torque_command_issued_nm,motor_position_rad,force_reference_n,imu_valid,tension_sensor_valid,saturation_flag,emergency_flag,data_valid_flag,velocity_command_0,velocity_command_1,velocity_command_2,policy_action_0,policy_action_1,policy_action_2,policy_action_3,policy_action_4,policy_action_5,policy_action_6,policy_action_7,policy_action_8,policy_action_9,policy_action_10,policy_action_11,policy_action_12,policy_action_13,policy_action_14,policy_action_15,policy_action_16,policy_action_17,joint_position_0,joint_position_1,joint_position_2,joint_position_3,joint_position_4,joint_position_5,joint_position_6,joint_position_7,joint_position_8,joint_position_9,joint_position_10,joint_position_11,joint_position_12,joint_position_13,joint_position_14,joint_position_15,joint_position_16,joint_position_17,joint_velocity_0,joint_velocity_1,joint_velocity_2,joint_velocity_3,joint_velocity_4,joint_velocity_5,joint_velocity_6,joint_velocity_7,joint_velocity_8,joint_velocity_9,joint_velocity_10,joint_velocity_11,joint_velocity_12,joint_velocity_13,joint_velocity_14,joint_velocity_15,joint_velocity_16,joint_velocity_17,body_gravity_vector_0,body_gravity_vector_1,body_gravity_vector_2,body_angular_velocity_0,body_angular_velocity_1,body_angular_velocity_2,body_linear_acceleration_filtered_0,body_linear_acceleration_filtered_1,body_linear_acceleration_filtered_2
10100000000000,synthetic_50hz_02,0,0.02,84.56787189,84.11357438,8.00000000,8.00000000,19.28005940,0.08100800,115.19418342,1,1,0,0,1,0.35000000,0.00000000,0.00000000,0.00000000,0.05435947,0.12120420,-0.00744402,-0.06857601,-0.12989372,0.01467343,0.08081546,0.13483834,-0.02147980,-0.09072497,-0.13589550,0.02766689,0.09801884,0.13303474,-0.03305634,-0.10248677,-0.12633852,0.00000000,0.18109124,-0.11152142,-0.00631506,0.04536957,-0.37756511,0.01243811,0.20607135,-0.09724680,-0.01818285,0.02492286,-0.38389542,0.02337431,0.22138017,-0.09904040,-0.02785404,0.01521000,-0.37402970,0.25226989,0.50833845,0.35368854,-0.24863336,-0.44828242,-0.23102302,0.23782862,0.37530221,0.10169701,-0.22016716,-0.29150185,0.03056097,0.19615818,0.19929736,-0.16193787,-0.16649388,-0.10134704,0.28864602,-0.01858853,-0.00000000,-0.99982722,0.02250000,-0.03343678,0.00000000,3.50000000,0.00000000,0.00000000
10100020000000,synthetic_50hz_02,1,0.02,86.48528716,84.58791693,12.73762495,19.28005940,19.32936415,0.08343950,115.30019053,1,1,0,0,1,0.35251992,0.00251997,0.00223998,0.00506071,0.06436934,0.12788078,-0.01240607,-0.07733200,-0.13407953,0.01939376,0.08806514,0.13641269,-0.02582231,-0.09625932,-0.13481302,0.03150640,0.10167831,0.12932662,-0.03628214,-0.10416586,-0.12011168,0.00511031,0.19112777,-0.10486562,-0.01132624,0.03658128,-0.38173670,0.01720610,0.21335833,-0.09567981,-0.02257062,0.01934697,-0.38281257,0.02725575,0.22508459,-0.10274189,-0.03111762,0.01348346,-0.36781636,0.25192105,0.47171449,0.27310706,-0.24337050,-0.40234715,-0.14486909,0.22780346,0.32137995,0.01245448,-0.20566875,-0.23114721,0.12031920,0.17760451,0.13425040,-0.24962402,-0.14441984,-0.03348308,0.37173207,-0.01849803,-0.00058857,-0.99982872,0.02249636,-0.03328870,0.00223998,2.82519918,0.02519966,0.02239985
10100040000000,synthetic_50hz_02,2,0.02,88.73546676,85.41742690,15.50615541,19.32936415,19.30854066,0.08738711,115.40611093,1,1,0,0,1,0.35503934,0.00503973,0.00447988,0.01010727,0.07362685,0.13292361,-0.01725505,-0.08514970,-0.13652276,0.02390536,0.09421765,0.13618589,-0.02986646,-0.10056926,-0.13192271,0.03496650,0.10402141,0.12385615,-0.03905844,-0.10447458,-0.11221875,0.01020647,0.20041169,-0.09984385,-0.01622438,0.02873150,-0.38416542,0.02176545,0.21954793,-0.09591429,-0.02666015,0.01499567,-0.37992158,0.03075795,0.22747251,-0.10820604,-0.03393189,0.01312737,-0.35993664,0.24819900,0.42824393,0.18768619,-0.23477629,-0.35035540,-0.05550809,0.21458487,0.26236595,-0.07827034,-0.18820687,-0.16681237,0.20979219,0.15640278,0.06644952,-0.33526564,-0.12008952,0.03582911,0.45107322,-0.01840871,-0.00117699,-0.99982985,0.02248542,-0.03313410,0.00447988,2.28535358,0.04535735,0.04031881
10100060000000,synthetic_50hz_02,3,0.02,90.69999200,86.47393992,17.10315721,19.30854066,19.24197710,0.09277914,115.51193334,1,1,0,0,1,0.35755778,0.00755908,0.00671959,0.01507136,0.08199280,0.13623344,-0.02192341,-0.09190577,-0.13715713,0.02814340,0.09916906,0.13412652,-0.03355200,-0.10357325,-0.12722898,0.03799328,0.10499138,0.11666337,-0.04133919,-0.10338257,-0.10273430,0.01522016,0.20880379,-0.09655536,-0.02094195,0.02194360,-0.38478499,0.02605133,0.22453621,-0.09798163,-0.03039119,0.01195048,-0.37522686,0.03382700,0.22848716,-0.11539279,-0.03625083,0.01417211,-0.35046509,0.24107503,0.37835510,0.09846960,-0.22288902,-0.29286946,0.03592465,0.19827701,0.19894027,-0.16928317,-0.16794858,-0.09927553,0.29776118,0.13277812,-0.00325137,-0.41765459,-0.09377960,0.10568453,0.52550683,-0.01832058,-0.00176509,-0.99983061,0.02246720,-0.03297300,0.00671959,1.85346722,0.06147941,0.05465214
10100080000000,synthetic_50hz_02,4,0.02,92.99016783,87.77718550,18.00146157,19.24197710,19.12593099,0.09946879,115.61764644,1,1,0,0,1,0.36007473,0.01007782,0.00895902,0.01988387,0.08933624,0.13773196,-0.02634418,-0.09748789,-0.13593929,0.03204498,0.10282892,0.13022743,-0.03682190,-0.10520535,-0.12076105,0.04053724,0.10454866,0.10781308,-0.04308387,-0.10087778,-0.09175680,0.02008225,0.21617312,-0.09507845,-0.02541196,0.01632988,-0.38355206,0.03000082,0.22823276,-0.10188900,-0.03370672,0.01027737,-0.36875764,0.03641338,0.22808898,-0.12423738,-0.03803387,0.01662973,-0.33950020,0.23056645,0.32257890,0.00658762,-0.20779367,-0.23054588,0.12822789,0.17903009,0.13186612,-0.25934654,-0.14510499,-0.02938460,0.38298810,0.10699645,-0.07394410,-0.49558794,-0.06580315,0.17514095,0.59389974,-0.01823366,-0.00235272,-0.99983099,0.02244171,-0.03280545,0.00895902,1.50794333,0.07437094,0.06611605
10100100000000,synthetic_50hz_02,5,0.02,95.00521360,89.22279112,18.47373872,19.12593099,18.98021505,0.10728200,115.72323895,1,1,0,0,1,0.36258971,0.01259575,0.01119809,0.02447580,0.09553667,0.13736370,-0.03045189,-0.10179682,-0.13285026,0.03555005,0.10512213,0.12450668,-0.03962328,-0.10541671,-0.11257351,0.04255416,0.10267208,0.09739480,-0.04425817,-0.09696736,-0.07940816,0.02472376,0.22239918,-0.09546860,-0.02956896,0.01198959,-0.38044763,0.03355388,0.23056243,-0.10761834,-0.03655384,0.01002516,-0.36056850,0.03847288,0.22625681,-0.13465024,-0.03924674,0.02049305,-0.32716387,0.21673827,0.26154576,-0.08675505,-0.18962269,-0.16413021,0.22014873,0.15704021,0.06198271,-0.34719542,-0.11993018,0.04195178,0.46423231,0.07936251,-0.14467679,-0.56788516,-0.03650678,0.24323069,0.65516562,-0.01814797,-0.00293973,-0.99983099,0.02240894,-0.03263146,0.01119809,1.23150446,0.08467601,0.07528352
10100120000000,synthetic_50hz_02,6,0.02,96.66190899,90.71061470,18.68645878,18.98021505,18.82381948,0.11604332,115.82869959,1,1,0,0,1,0.36510223,0.01511265,0.01343670,0.02877929,0.10048612,0.13509767,-0.03418361,-0.10474827,-0.12789664,0.03860240,0.10599048,0.11700829,-0.04190827,-0.10417694,-0.10274653,0.04400590,0.09935993,0.08552255,-0.04483483,-0.09167832,-0.06583291,0.02907682,0.22737399,-0.09775680,-0.03334999,0.00900702,-0.37547833,0.03665431,0.23146705,-0.11512561,-0.03888469,0.01122425,-0.35073961,0.03996736,0.22298893,-0.14651739,-0.03986215,0.02573511,-0.31360064,0.19970434,0.19598089,-0.18029339,-0.16855621,-0.09445020,0.31039827,0.13254853,-0.00980354,-0.43155421,-0.09271942,0.11377463,0.54026825,0.05021716,-0.21446554,-0.63340610,-0.00626711,0.30897332,0.70828255,-0.01806353,-0.00352594,-0.99983063,0.02236891,-0.03245107,0.01343670,1.01032870,0.09290985,0.08261290
10100140000000,synthetic_50hz_02,7,0.02,97.83779179,92.13605012,18.74415027,18.82381948,18.67656813,0.12558937,115.93401708,1,1,0,0,1,0.36761178,0.01762833,0.01567476,0.03272862,0.10409118,0.13092878,-0.03747990,-0.10627469,-0.12111155,0.04115061,0.10539426,0.10780262,-0.04363494,-0.10147526,-0.09138568,0.04486125,0.09463069,0.07233406,-0.04479419,-0.08505786,-0.05119701,0.03307571,0.23100414,-0.10194813,-0.03669562,0.00744971,-0.36867726,0.03925066,0.23090688,-0.12434047,-0.04065734,0.01388543,-0.33937654,0.04086560,0.21830382,-0.15970108,-0.03986047,0.03230869,-0.29897645,0.17962787,0.12669786,-0.27271779,-0.14482146,-0.02240735,0.39766874,0.10583977,-0.08252917,-0.51115471,-0.06380668,0.18508634,0.60990385,0.01993401,-0.28230738,-0.69106918,0.02451337,0.37138937,0.75231067,-0.01798035,-0.00411122,-0.99982989,0.02232163,-0.03226433,0.01567476,0.83335848,0.09948469,0.08847090
10100160000000,synthetic_50hz_02,8,0.02,98.93465997,93.49577209,18.71576577,18.67656813,18.53903028,0.13577532,116.03918017,1,1,0,0,1,0.37011788,0.02014259,0.01791217,0.03626122,0.10627492,0.12487888,-0.04028582,-0.10632691,-0.11255512,0.04314896,0.10331344,0.09698633,-0.04476810,-0.09732140,-0.07862139,0.04509655,0.08852353,0.05798975,-0.04412485,-0.07717349,-0.03568625,0.03665786,0.23321271,-0.10802074,-0.03955092,0.00736686,-0.36010457,0.04129723,0.22886189,-0.13516625,-0.04183660,0.01799898,-0.32660972,0.04114395,0.21224066,-0.17404090,-0.03923027,0.04014627,-0.28347711,0.15672112,0.05459057,-0.36269126,-0.11869146,0.05103306,0.48065186,0.07723986,-0.15518538,-0.58475505,-0.03356141,0.25486363,0.67199948,-0.01108464,-0.34719404,-0.73986984,0.05541111,0.42951469,0.78640942,-0.01789844,-0.00469540,-0.99982879,0.02226712,-0.03207126,0.01791217,0.69174780,0.10473028,0.09315088
10100180000000,synthetic_50hz_02,9,0.02,99.65316461,94.72725059,18.64153686,18.53903028,18.42301555,0.14647663,116.14417762,1,1,0,0,1,0.37262004,0.02265521,0.02014885,0.03931874,0.10697867,0.11699750,-0.04255194,-0.10487553,-0.10231465,0.04455834,0.09974878,0.08468203,-0.04528011,-0.09174622,-0.06460798,0.04469643,0.08109858,0.04267125,-0.04282413,-0.06811283,-0.01950429,0.03976491,0.23394103,-0.11592511,-0.04186644,0.00878784,-0.34984755,0.04275489,0.22533286,-0.14748034,-0.04239481,0.02353402,-0.31259347,0.04078703,0.20485956,-0.18935522,-0.03796887,0.04916025,-0.26730627,0.13124441,-0.01937657,-0.44886808,-0.09048302,0.12485355,0.55805819,0.04711296,-0.22673094,-0.65115922,-0.00238462,0.32207158,0.72548703,-0.04241248,-0.40812674,-0.77889871,0.08598681,0.48241542,0.80985438,-0.01781783,-0.00527832,-0.99982732,0.02220540,-0.03187191,0.02014885,0.57841981,0.10891044,0.09688753
10100200000000,synthetic_50hz_02,10,0.02,100.12834042,95.80746856,18.54975791,18.42301555,18.33281951,0.15758897,116.24899819,1,1,0,0,1,0.37511776,0.02516599,0.02238471,0.04184806,0.10616356,0.10736216,-0.04423522,-0.10191217,-0.09050441,0.04534707,0.09472260,0.07103738,-0.04515153,-0.08480214,-0.04952231,0.04365426,0.07243679,0.02657949,-0.04089841,-0.05798306,-0.00287037,0.04234374,0.23315021,-0.12558371,-0.04359916,0.01172105,-0.33802046,0.04359198,0.22034209,-0.16113508,-0.04231255,0.03043814,-0.29750467,0.03978820,0.19624147,-0.20544310,-0.03608267,0.05924345,-0.25068316,0.10350429,-0.09417998,-0.52991353,-0.06055385,0.19799739,0.62863718,0.01585762,-0.29610644,-0.70923692,0.02929580,0.38567860,0.76938904,-0.07360460,-0.46413147,-0.80735931,0.11579135,0.52920322,0.82205304,-0.01773852,-0.00585984,-0.99982549,0.02213648,-0.03166631,0.02238471,0.48771309,0.11223621,0.09986860
10100220000000,synthetic_50hz_02,11,0.02,100.88990656,96.82395616,18.45864378,18.33281951,18.25172871,0.16902688,116.35363067,1,1,0,0,1,0.37761056,0.02767474,0.02461965,0.04380228,0.10381185,0.09607830,-0.04529997,-0.09745034,-0.07726491,0.04549165,0.08827928,0.05622395,-0.04437178,-0.07656309,-0.03356201,0.04197265,0.06263955,0.00993247,-0.03836343,-0.04691009,0.01398342,0.04434746,0.23082253,-0.13689111,-0.04471336,0.01615297,-0.32476383,0.04378499,0.21393396,-0.17595891,-0.04157923,0.03863741,-0.28154093,0.03815010,0.18648779,-0.22208654,-0.03358739,0.07026995,-0.23383989,0.07385091,-0.16874987,-0.60452457,-0.02929893,0.26938287,0.69119782,-0.01609774,-0.36224944,-0.75794352,0.06103031,0.44467220,0.80283735,-0.10420335,-0.51427484,-0.82458501,0.14437215,0.56905070,0.82255949,-0.01766054,-0.00643979,-0.99982331,0.02206039,-0.03145450,0.02461965,0.41509849,0.11487645,0.10224428
10100240000000,synthetic_50hz_02,12,0.02,101.26408159,97.71198124,18.37173945,18.25172871,18.19195558,0.18072081,116.45806389,1,1,0,0,1,0.38009795,0.03018125,0.02685358,0.04514167,0.09992806,0.08327874,-0.04571861,-0.09152611,-0.06276181,0.04497747,0.08048542,0.04043543,-0.04293960,-0.06712429,-0.01694327,0.03966376,0.05182795,-0.00703737,-0.03524440,-0.03503738,0.03081511,0.04573632,0.22696249,-0.14971446,-0.04518148,0.02204753,-0.31024330,0.04331929,0.20617508,-0.19175812,-0.04019357,0.04803662,-0.26491843,0.03588485,0.17571960,-0.23905312,-0.03050824,0.08209630,-0.21701842,0.04267452,-0.24198456,-0.67145108,0.00285393,0.33791878,0.74462936,-0.04830009,-0.42411065,-0.79633963,0.09235375,0.49807521,0.82509107,-0.13374480,-0.55768004,-0.83005474,0.17127993,0.60120668,0.81108754,-0.01758391,-0.00701802,-0.99982077,0.02197716,-0.03123653,0.02685358,0.35695269,0.11696622,0.10413474
10100260000000,synthetic_50hz_02,13,0.02,101.48224477,98.46603395,18.29623022,18.19195558,18.15445709,0.19261515,116.56228666,1,1,0,0,1,0.38257944,0.03268531,0.02908642,0.04583456,0.09453967,0.06912272,-0.04547242,-0.08419841,-0.04718434,0.04379930,0.07142967,0.02388562,-0.04086342,-0.05660158,0.00010174,0.03674943,0.04014164,-0.02408617,-0.03157594,-0.02252439,0.04737618,0.04647866,0.22159760,-0.16389455,-0.04498479,0.02934581,-0.29464813,0.04218968,0.19715409,-0.20831893,-0.03816404,0.05851993,-0.24786935,0.03301431,0.16407655,-0.25609897,-0.02687984,0.09456303,-0.20046726,0.01040121,-0.31276612,-0.72951741,0.03544928,0.40252080,0.78792188,-0.08027775,-0.48067061,-0.82361020,0.12279177,0.54496247,0.83555345,-0.16176565,-0.59354280,-0.82340731,0.19607575,0.62501102,0.78752194,-0.01750862,-0.00759438,-0.99981788,0.02188680,-0.03101244,0.02908642,0.31037706,0.11861359,0.10563612
10100280000000,synthetic_50hz_02,14,0.02,101.61102836,99.09503283,18.23668551,18.15445709,18.13744605,0.20466633,116.66628786,1,1,0,0,1,0.38505455,0.03518672,0.03131806,0.04585810,0.08769766,0.05379444,-0.04455218,-0.07554900,-0.03074331,0.04196180,0.06122223,0.00680584,-0.03816165,-0.04513040,0.01732785,0.03326127,0.02773743,-0.04096197,-0.02740195,-0.00954478,0.06341514,0.04655163,0.21477880,-0.17924717,-0.04411406,0.03796605,-0.27818910,0.04040080,0.18698119,-0.22541000,-0.03550900,0.06995190,-0.23063888,0.02957008,0.15171545,-0.27297212,-0.02274610,0.10749650,-0.18443792,-0.02251223,-0.37997711,-0.77764392,0.06800993,0.46212869,0.82018636,-0.11154688,-0.53095689,-0.83908244,0.15186788,0.58447736,0.83378738,-0.18781046,-0.62114707,-0.80445385,0.21833837,0.63990882,0.75192753,-0.01743471,-0.00816871,-0.99981464,0.02178935,-0.03078226,0.03131806,0.27305270,0.11990501,0.10682530
10100300000000,synthetic_50hz_02,15,0.02,101.74227441,99.62448115,18.19500494,18.13744605,18.13598151,0.21684088,116.77005636,1,1,0,0,1,0.38752278,0.03768529,0.03354841,0.04519901,0.07947652,0.03750113,-0.04295865,-0.06568204,-0.01366861,0.03947978,0.04999393,-0.01055798,-0.03486269,-0.03286446,0.03448018,0.02924049,0.01478750,-0.05740830,-0.02277527,0.00371579,0.07868131,0.04594194,0.20658060,-0.19556509,-0.04257007,0.04780409,-0.26109612,0.03796745,0.17578720,-0.24278541,-0.03225689,0.08217880,-0.21348189,0.02559338,0.13880848,-0.28941610,-0.01815984,0.12071104,-0.16918106,-0.05558417,-0.44251814,-0.81486801,0.10004357,0.51572404,0.84067377,-0.14161866,-0.57406138,-0.84224252,0.17911081,0.61584826,0.81952902,-0.21143912,-0.63987995,-0.77318811,0.23767154,0.64546360,0.70455584,-0.01736218,-0.00874087,-0.99981107,0.02168485,-0.03054606,0.03354841,0.24312450,0.12090965,0.10776382
10100320000000,synthetic_50hz_02,16,0.02,101.92957456,100.08549983,18.17021510,18.13598151,18.14405231,0.22911345,116.87358107,1,1,0,0,1,0.38998366,0.04018080,0.03577740,0.04385407,0.06997402,0.02047069,-0.04070295,-0.05472333,0.00379364,0.03637835,0.03789494,-0.02794859,-0.03100494,-0.01997403,0.05129777,0.02473764,0.00147725,-0.07316802,-0.01775715,0.01706212,0.09292880,0.04464637,0.19710077,-0.21262041,-0.04036391,0.05873413,-0.24361530,0.03491476,0.16372231,-0.26018792,-0.02844609,0.09503041,-0.19665931,0.02113475,0.12554103,-0.30517378,-0.01318232,0.13401146,-0.15494258,-0.08831478,-0.49932616,-0.84036437,0.13104989,0.56234819,0.84879295,-0.17000676,-0.60915745,-0.83275043,0.20406227,0.63840442,0.79269933,-0.23223456,-0.64924589,-0.72979434,0.25371142,0.64136930,0.64584904,-0.01729105,-0.00931069,-0.99980716,0.02157331,-0.03030387,0.03577740,0.21910840,0.12168283,0.10850089
10100340000000,synthetic_50hz_02,17,0.02,102.16994491,100.50238885,18.15922673,18.14405231,18.15693996,0.24146502,116.97685094,1,1,0,0,1,0.39243671,0.04267306,0.03800492,0.04183062,0.05931054,0.00294883,-0.03780677,-0.04281910,0.02138441,0.03269292,0.02509317,-0.04510112,-0.02663652,-0.00664379,0.06751755,0.01981218,-0.01199713,-0.08798742,-0.01241665,0.03029217,0.10592057,0.04267226,0.18645969,-0.23016740,-0.03751729,0.07060995,-0.22600567,0.03127812,0.15095441,-0.27735264,-0.02412472,0.10832200,-0.18043425,0.01625364,0.11210929,-0.31999146,-0.00788260,0.14719572,-0.14195951,-0.12019321,-0.54939300,-0.85346406,0.16052832,0.60112010,0.84412672,-0.19623533,-0.63551662,-0.81045282,0.22628479,0.65159090,0.75341318,-0.24981035,-0.64887952,-0.67465230,0.26613376,0.62746063,0.57644087,-0.01722133,-0.00987803,-0.99980292,0.02145479,-0.03005573,0.03800492,0.19981716,0.12226883,0.10907590
10100360000000,synthetic_50hz_02,18,0.02,102.66655710,100.93522250,18.15826628,18.15693996,18.16312463,0.25388125,117.07985494,1,1,0,0,1,0.39488143,0.04516186,0.04023088,0.03914680,0.04762794,-0.01480416,-0.03430239,-0.03013445,0.03883539,0.02846902,0.01177218,-0.06174699,-0.02181489,0.00692950,0.08287839,0.01453182,-0.02543139,-0.10162037,-0.00682979,0.04320008,0.11743258,0.04003774,0.17479921,-0.24794579,-0.03406248,0.08326643,-0.20853555,0.02710307,0.13766706,-0.29401099,-0.01935022,0.12185683,-0.16506782,0.01101777,0.09871752,-0.33362298,-0.00233669,0.16005796,-0.13045591,-0.15070544,-0.59178400,-0.85367184,0.18798612,0.63125393,0.82644596,-0.21984707,-0.65252452,-0.77539325,0.24536973,0.65498252,0.70198560,-0.26381826,-0.63855707,-0.60833938,0.27466079,0.60372173,0.49715444,-0.01715303,-0.01044274,-0.99979836,0.02132932,-0.02980171,0.04023088,0.18430099,0.12270307,0.10952033
10100380000000,synthetic_50hz_02,19,0.02,102.61761877,101.27170175,18.16030679,18.16312463,18.18383198,0.26635076,117.18258207,1,1,0,0,1,0.39731736,0.04764700,0.04245519,0.03583164,0.03508811,-0.03251710,-0.03023260,-0.01685139,0.05587303,0.02376195,-0.00187116,-0.07761811,-0.01660622,0.02053977,0.09712542,0.00897173,-0.03861620,-0.11383256,-0.00107858,0.05557931,0.12725786,0.03677186,0.16228123,-0.26568441,-0.03004228,0.09652158,-0.19147850,0.02244489,0.12405714,-0.30989490,-0.01418879,0.13542885,-0.15081490,0.00550231,0.08557504,-0.34583406,0.00337339,0.17239164,-0.12063873,-0.17934257,-0.62565635,-0.84068156,0.21294671,0.65207582,0.79572117,-0.24041150,-0.65969564,-0.72781976,0.26094512,0.64829613,0.63893497,-0.27395556,-0.61820594,-0.53162939,0.27906774,0.57029258,0.40899668,-0.01708618,-0.01100466,-0.99979348,0.02119693,-0.02954185,0.04245519,0.17180009,0.12301388,0.10985940
10100400000000,synthetic_50hz_02,20,0.02,102.71901678,101.56116476,18.17018737,18.18383198,18.20956935,0.27886520,117.28502137,1,1,0,0,1,0.39974402,0.05012828,0.04467777,0.03192505,0.02187107,-0.04991194,-0.02565037,-0.00316649,0.07222271,0.01863619,-0.01562938,-0.09245127,-0.01108471,0.03397465,0.11001441,0.00321366,-0.05134041,-0.12440579,0.00475005,0.06722601,0.13521049,0.03291451,0.14908576,-0.28310517,-0.02550964,0.11017882,-0.17510911,0.01736808,0.11033211,-0.32474114,-0.00871460,0.14882567,-0.13791970,-0.00021101,0.07289299,-0.35640649,0.00916073,0.18399290,-0.11269389,-0.20560936,-0.65027681,-0.81438904,0.23495826,0.66303964,0.75213128,-0.25753320,-0.65668672,-0.66818922,0.27268333,0.63140121,0.56498295,-0.27997188,-0.58791212,-0.44548796,0.27918871,0.52747324,0.31314935,-0.01702078,-0.01156365,-0.99978828,0.02105768,-0.02927619,0.04467777,0.16170662,0.12322393,0.11011327
10100420000000,synthetic_50hz_02,21,0.02,102.63572710,101.77607723,18.18672780,18.20956935,18.24544027,0.29141856,117.38716193,1,1,0,0,1,0.40216092,0.05260550,0.04689851,0.02747750,0.00817266,-0.06670802,-0.02061834,0.01071181,0.08761331,0.01316474,-0.02928745,-0.10599266,-0.00533160,0.04701873,0.12131619,-0.00265525,-0.06339443,-0.13314212,0.01056555,0.07794244,0.14112950,0.02851616,0.13540864,-0.29992745,-0.02052720,0.12402972,-0.15969853,0.01194563,0.09670700,-0.33829591,-0.00300891,0.16183188,-0.12661143,-0.00603503,0.06088099,-0.36514231,0.01493477,0.19466402,-0.10678239,-0.22903309,-0.66503844,-0.77490212,0.25360217,0.66374136,0.69606924,-0.27085978,-0.64330830,-0.59716836,0.28030838,0.60432836,0.48105084,-0.28167556,-0.54792535,-0.35106440,0.27492190,0.47572541,0.21095660,-0.01695685,-0.01211957,-0.99978279,0.02091160,-0.02900480,0.04689851,0.15353436,0.12335137,0.11029806
10100440000000,synthetic_50hz_02,22,0.02,102.24190899,101.86924358,18.21138704,18.24544027,18.30027122,0.30400696,117.48899285,1,1,0,0,1,0.40456760,0.05507846,0.04911733,0.02254960,-0.00579812,-0.08262672,-0.01520813,0.02456622,0.10178175,0.00742820,-0.04262607,-0.11800238,0.00056588,0.05945699,0.13082094,-0.00854365,-0.07457373,-0.13986787,0.01627511,0.08754048,0.14488234,0.02363742,0.12145888,-0.31587259,-0.01516659,0.13785699,-0.14550981,0.00625813,0.08340112,-0.35031930,0.00284106,0.17423248,-0.11709987,-0.01187841,0.04974352,-0.37186787,0.02060269,0.20421689,-0.10303673,-0.24917238,-0.66947592,-0.72254755,0.26850152,0.65393165,0.62814422,-0.28008963,-0.61953422,-0.51563120,0.28360262,0.56727534,0.38825229,-0.27893922,-0.49866165,-0.24967989,0.26623387,0.41567130,0.10390909,-0.01689439,-0.01267225,-0.99977699,0.02075875,-0.02872772,0.04911733,0.14689431,0.12341071,0.11042669
10100460000000,synthetic_50hz_02,23,0.02,102.18047950,101.93149076,18.24871839,18.30027122,18.35664771,0.31662878,117.59050330,1,1,0,0,1,0.40696359,0.05754696,0.05133415,0.01721147,-0.01982213,-0.09739607,-0.00949951,0.03817393,0.11447776,0.00151368,-0.05542516,-0.12825899,0.00651579,0.07107845,0.13834246,-0.01435740,-0.08468252,-0.14443745,0.02178509,0.09584515,0.14636824,0.01834840,0.10745560,-0.33066866,-0.00950757,0.15143781,-0.13279327,0.00039270,0.07063453,-0.36058989,0.00874337,0.18581649,-0.10957123,-0.01764701,0.03967641,-0.37643757,0.02607087,0.21247651,-0.10155771,-0.26562596,-0.66327920,-0.65787436,0.27932907,0.63352639,0.54918006,-0.28497900,-0.58550872,-0.42465264,0.28241285,0.52061057,0.28788228,-0.27170460,-0.44070296,-0.14281215,0.25316298,0.34808969,-0.00637532,-0.01683342,-0.01322156,-0.99977091,0.02059918,-0.02844502,0.05133415,0.14147532,0.12341357,0.11050947
10100480000000,synthetic_50hz_02,24,0.02,101.95339467,101.93587154,18.29404871,18.35664771,18.41951051,0.32928373,117.69168247,1,1,0,0,1,0.40934841,0.06001080,0.05354886,0.01154183,-0.03367343,-0.11075571,-0.00357930,0.05131014,0.12546846,-0.00448643,-0.06746756,-0.13656389,0.01242281,0.08167985,0.14372213,-0.02000103,-0.09353728,-0.14673678,0.02700262,0.10269798,0.14552095,0.01272785,0.09362476,-0.34405527,-0.00363696,0.16454739,-0.12178174,-0.00555828,0.05862440,-0.36890905,0.01460271,0.19638063,-0.10418415,-0.02324536,0.03086316,-0.37873732,0.03124643,0.21928441,-0.10241159,-0.27804111,-0.64630510,-0.58165346,0.28581493,0.60261479,0.46020989,-0.28534858,-0.54155082,-0.32549825,0.27665549,0.46487368,0.18140235,-0.25998629,-0.37479401,-0.03207653,0.23582157,0.27390886,-0.11817406,-0.01677396,-0.01376736,-0.99976455,0.02043293,-0.02815673,0.05354886,0.13702848,0.12336924,0.11055467
10100500000000,synthetic_50hz_02,25,0.02,102.08279226,101.96525569,18.34674266,18.41951051,18.47290682,0.34197247,117.79251962,1,1,0,0,1,0.41172161,0.06246978,0.05576137,0.00562707,-0.04712285,-0.12246161,0.00245983,0.06375183,0.13454303,-0.01047582,-0.07854282,-0.14274550,0.01818978,0.09106938,0.14683256,-0.02537932,-0.10097037,-0.14668637,0.03183717,0.10796033,0.14231115,0.00686211,0.08019551,-0.35578840,0.00235258,0.17696272,-0.11268607,-0.01149850,0.04758117,-0.37510522,0.02032192,0.20573310,-0.10106598,-0.02857825,0.02347141,-0.37868765,0.03603886,0.22450197,-0.10562767,-0.28612173,-0.61858644,-0.49487327,0.28775346,0.56146478,0.36246674,-0.28108913,-0.48815583,-0.21961013,0.26632086,0.40077313,0.07042206,-0.24387444,-0.30183594,0.08079631,0.21439701,0.19419669,-0.22968529,-0.01671601,-0.01430949,-0.99975791,0.02026006,-0.02786293,0.05576137,0.13335469,0.12328517,0.11056890
10100520000000,synthetic_50hz_02,26,0.02,102.20302046,102.01280864,18.39973161,18.47290682,18.51789118,0.35469561,117.89300402,1,1,0,0,1,0.41408270,0.06492370,0.05797160,-0.00044006,-0.05994184,-0.13229090,0.00852076,0.07528165,0.14151704,-0.01635581,-0.08845105,-0.14666318,0.02371930,0.09907037,0.14758095,-0.03039896,-0.10683344,-0.14424390,0.03620221,0.11151645,0.13674822,0.00084396,0.06739641,-0.36564517,0.00836392,0.18846643,-0.10569067,-0.01732927,0.03770473,-0.37903775,0.02580360,0.21369723,-0.10030957,-0.03355237,0.01764950,-0.37624621,0.04036161,0.22801343,-0.11119656,-0.28963568,-0.58033844,-0.39873118,0.28500940,0.51052548,0.25737007,-0.27216616,-0.42599383,-0.10858886,0.25147625,0.32918058,-0.04332302,-0.22353616,-0.22287691,0.19398587,0.18915142,0.11014758,-0.33905602,-0.01665958,-0.01484781,-0.99975100,0.02008063,-0.02756367,0.05797160,0.13029469,0.12316732,0.11055744
10100540000000,synthetic_50hz_02,27,0.02,102.53627163,102.11750124,18.44935863,18.51789118,18.54676848,0.36745320,117.99312502,1,1,0,0,1,0.41643123,0.06737236,0.06017946,-0.00656178,-0.07190643,-0.14004643,0.01450342,0.08569185,0.14623660,-0.02202693,-0.09700674,-0.14821070,0.02891539,0.10552488,0.14591182,-0.03497021,-0.11100069,-0.13940623,0.04001681,0.11327629,0.12888149,-0.00522882,0.05545144,-0.37342845,0.01429699,0.19885079,-0.10094945,-0.02295114,0.02918060,-0.38060042,0.03095176,0.22011510,-0.10197037,-0.03807797,0.01352325,-0.37140989,0.04413377,0.22972874,-0.11906895,-0.28842139,-0.53196217,-0.29462086,0.27752301,0.45042645,0.14650825,-0.25862351,-0.35590473,0.00582827,0.23226777,0.25112211,-0.15799675,-0.19921565,-0.13909952,0.30561011,0.16042005,0.02306663,-0.44441259,-0.01660469,-0.01538219,-0.99974384,0.01989469,-0.02725901,0.06017946,0.12772108,0.12302045,0.11052453
10100560000000,synthetic_50hz_02,28,0.02,102.42386526,102.17877404,18.49027077,18.54676848,18.57829538,0.38024420,118.09287200,1,1,0,0,1,0.41876674,0.06981556,0.06238485,-0.01263679,-0.08280127,-0.14556114,0.02030645,0.09478828,0.14858209,-0.02739067,-0.10404249,-0.14731934,0.03368520,0.11029711,0.14180931,-0.03900857,-0.11337181,-0.13221085,0.04320731,0.11317795,0.11880070,-0.01125495,0.04457592,-0.37897115,0.02005043,0.20792163,-0.09858203,-0.02826560,0.02217617,-0.37972450,0.03567356,0.22485090,-0.10606425,-0.04207057,0.01119294,-0.36421616,0.04728165,0.22958602,-0.12915511,-0.28239347,-0.47404474,-0.18411531,0.26531410,0.38197369,0.03161716,-0.24058559,-0.27889015,0.12179253,0.20892089,0.16776609,-0.27169088,-0.17123291,-0.05180524,0.41375626,0.12860820,-0.06564917,-0.54389285,-0.01655135,-0.01591248,-0.99973642,0.01970230,-0.02694900,0.06238485,0.12553199,0.12284838,0.11047355
10100580000000,synthetic_50hz_02,29,0.02,102.44521658,102.23206255,18.52724111,18.57829538,18.60531566,0.39306725,118.19223440,1,1,0,0,1,0.42108878,0.07225311,0.06458769,-0.01856198,-0.09242375,-0.14870196,0.02582892,0.10239419,0.14847140,-0.03235120,-0.10941256,-0.14396034,0.03794078,0.11327652,0.13529883,-0.04243651,-0.11387466,-0.12273660,0.04570878,0.11118974,0.10663582,-0.01713132,0.03497249,-0.38214021,0.02552333,0.21550223,-0.09867051,-0.03317681,0.01683718,-0.37638122,0.03988106,0.22779408,-0.11256579,-0.04545263,0.01073074,-0.35474387,0.04974036,0.22755356,-0.14132504,-0.27154717,-0.40735605,-0.06894583,0.24848472,0.30614206,-0.08544498,-0.21825833,-0.19610186,0.23737238,0.18173946,0.08040794,-0.38245621,-0.13998095,0.03760417,0.51651366,0.09418673,-0.15453214,-0.63567977,-0.01649956,-0.01643855,-0.99972877,0.01950353,-0.02663371,0.06458769,0.12364595,0.12265417,0.11040721
10100600000000,synthetic_50hz_02,30,0.02,102.39039961,102.26372996,18.56003242,18.60531566,18.62990577,0.40592072,118.29120172,1,1,0,0,1,0.42339688,0.07468480,0.06678788,-0.02423416,-0.10058797,-0.14937336,0.03097215,0.10835405,0.14586271,-0.03681719,-0.11299623,-0.13814677,0.04160078,0.11438067,0.12644799,-0.04518500,-0.11246746,-0.11110366,0.04746652,0.10731177,0.09255616,-0.02275472,0.02682703,-0.38284011,0.03061701,0.22143703,-0.10125671,-0.03759345,0.01328436,-0.37058368,0.04349291,0.22886222,-0.12140740,-0.04815512,0.01217840,-0.34311320,0.05145518,0.22363148,-0.15540944,-0.25596155,-0.33284198,0.04902293,0.22722051,0.22406435,-0.20272623,-0.19192859,-0.10882684,0.35058485,0.15110329,-0.00954819,-0.48833593,-0.10592160,0.12764795,0.61200807,0.05768615,-0.24206756,-0.71803573,-0.01644935,-0.01696025,-0.99972088,0.01929845,-0.02631320,0.06678788,0.12199777,0.12244028,0.11032769
10100620000000,synthetic_50hz_02,31,0.02,102.55629590,102.32224315,18.58937923,18.62990577,18.64223209,0.41880282,118.38976349,1,1,0,0,1,0.42569060,0.07711045,0.06898534,-0.02955191,-0.10712866,-0.14752032,0.03564153,0.11253693,0.14075657,-0.04070359,-0.11470071,-0.12993473,0.04459214,0.11355761,0.11536682,-0.04719508,-0.10914059,-0.09747283,0.04843737,0.10157700,0.07676865,-0.02802376,0.02030481,-0.38101583,0.03523684,0.22559513,-0.10634009,-0.04143047,0.01161048,-0.36238795,0.04643604,0.22800335,-0.13247903,-0.05011909,0.01554557,-0.32948494,0.05238296,0.21785274,-0.17120140,-0.23580123,-0.25161400,0.16782158,0.20179050,0.13701676,-0.31821262,-0.16196205,-0.01846926,0.45942944,0.11746416,-0.10061072,-0.58740069,-0.06957972,0.21679004,0.69843691,0.01968927,-0.32671920,-0.78933687,-0.01640071,-0.01747745,-0.99971278,0.01908711,-0.02598753,0.06898534,0.12053538,0.12220868,0.11023671
10100640000000,synthetic_50hz_02,32,0.02,102.63179367,102.38415325,18.61157743,18.64223209,18.64599446,0.43171121,118.48790933,1,1,0,0,1,0.42796948,0.07952985,0.07117997,-0.03441745,-0.11190481,-0.14313066,0.03974836,0.11483976,0.13319728,-0.04393332,-0.11446382,-0.11942376,0.04685165,0.11078785,0.10220719,-0.04841923,-0.10391780,-0.08204395,0.04859087,0.09405176,0.05951534,-0.03284064,0.01554686,-0.37665516,0.03929415,0.22787344,-0.11387635,-0.04461079,0.01187772,-0.35189358,0.04864725,0.22519800,-0.14562882,-0.05129702,0.02080846,-0.31405894,0.05249323,0.21028367,-0.18845884,-0.21131664,-0.16493519,0.28540793,0.17254536,0.04640110,-0.42986246,-0.12879952,0.07347076,0.56192386,0.08134033,-0.19122441,-0.67778473,-0.03153606,0.30346498,0.77410475,-0.01917741,-0.40695651,-0.84810697,-0.01635365,-0.01799001,-0.99970446,0.01886958,-0.02565677,0.07117997,0.11921712,0.12196094,0.11013567
10100660000000,synthetic_50hz_02,33,0.02,103.04170298,102.51566320,18.62603258,18.64599446,18.62770972,0.44464296,118.58562889,1,1,0,0,1,0.43023308,0.08194280,0.07337169,-0.03873853,-0.11480301,-0.13623664,0.04321167,0.11519005,0.12327356,-0.04643899,-0.11225610,-0.10675644,0.04832745,0.10608576,0.08716148,-0.04882262,-0.09685692,-0.06505361,0.04791020,0.08483564,0.04107022,-0.03711313,0.01266656,-0.36979040,0.04270794,0.22819947,-0.12377677,-0.04706702,0.01411556,-0.33924315,0.05007468,0.22046054,-0.16066439,-0.05165406,0.02790928,-0.29707179,0.05176919,0.20102387,-0.20690779,-0.18284259,-0.07420267,0.39970164,0.13991402,-0.04627625,-0.53564274,-0.09295167,0.16542101,0.65614100,0.04330949,-0.27979660,-0.75772242,0.00758134,0.38610552,0.83745835,-0.05825358,-0.48128284,-0.89304996,-0.01630820,-0.01849781,-0.99969594,0.01864594,-0.02532099,0.07337169,0.11800969,0.12169832,0.11002569
10100680000000,synthetic_50hz_02,34,0.02,103.28100729,102.66873202,18.62673698,18.62770972,18.59543874,0.45759397,118.68291190,1,1,0,0,1,0.43248095,0.08434912,0.07556040,-0.04243032,-0.11574046,-0.12691587,0.04595989,0.11354824,0.11111834,-0.04816441,-0.10808237,-0.09211722,0.04898033,0.09950043,0.07046032,-0.04838412,-0.08804985,-0.04677201,0.04639298,0.07406075,0.02173525,-0.04075638,0.01174672,-0.36049912,0.04540667,0.22653368,-0.13590840,-0.04874299,0.01831917,-0.32462112,0.05067912,0.21384005,-0.17735511,-0.05116913,0.03675609,-0.27879369,0.05020846,0.19020544,-0.22624629,-0.15079517,0.01907321,0.50862130,0.10439859,-0.13942830,-0.63356696,-0.05499215,0.25576360,0.74024660,0.00400026,-0.36472513,-0.82558458,0.04710696,0.46317145,0.88712057,-0.09685606,-0.54826433,-0.92308047,-0.01626435,-0.01900070,-0.99968722,0.01841626,-0.02498023,0.07556040,0.11688649,0.12142186,0.10990765
10100700000000,synthetic_50hz_02,35,0.02,103.20396087,102.77577779,18.61359172,18.59543874,18.56079187,0.47055911,118.77974814,1,1,0,0,1,0.43471266,0.08674861,0.07774601,-0.04541717,-0.11466743,-0.11529129,0.04793254,0.10990947,0.09690779,-0.04906599,-0.10198277,-0.07573039,0.04878484,0.09111586,0.05236965,-0.04709721,-0.07762204,-0.02749907,0.04405174,0.06189034,0.00183568,-0.04369476,0.01283708,-0.34890429,0.04732985,0.22287120,-0.15009511,-0.04959508,0.02444838,-0.30825176,0.05043513,0.20542054,-0.19543503,-0.04983566,0.04722346,-0.25952455,0.04782355,0.17799165,-0.24614907,-0.11566702,0.11329287,0.61012305,0.06656770,-0.23141402,-0.72173382,-0.01554920,0.34286340,0.81253666,-0.03591760,-0.44442787,-0.87991369,0.08634887,0.53317927,0.92192240,-0.13429066,-0.60655887,-0.93735166,-0.01622211,-0.01949856,-0.99967832,0.01818062,-0.02463459,0.07774601,0.11582627,0.12113237,0.10978227
10100720000000,synthetic_50hz_02,36,0.02,103.43397418,102.90741707,18.59141578,18.56079187,18.50897918,0.48353304,118.87612745,1,1,0,0,1,0.43692776,0.08914107,0.07992844,-0.04763430,-0.11156925,-0.10153036,0.04908164,0.10430479,0.08085937,-0.04911393,-0.09403318,-0.05785715,0.04773024,0.08105054,0.03318689,-0.04497047,-0.06573119,-0.00755984,0.04091418,0.04851677,-0.01828517,-0.04586349,0.01595231,-0.33517335,0.04842951,0.21724308,-0.16611942,-0.04959353,0.03242736,-0.29039628,0.04933197,0.19532050,-0.21460675,-0.04766227,0.05915369,-0.23958943,0.04464217,0.16457484,-0.26627282,-0.07802083,0.20679427,0.70224023,0.02704826,-0.32056718,-0.79836578,0.02470413,0.42509799,0.87147407,-0.07574428,-0.51737303,-0.91945736,0.12460069,0.59473197,0.94093227,-0.16986481,-0.65494450,-0.93527966,-0.01618149,-0.01999125,-0.99966925,0.01793908,-0.02428411,0.07992844,0.11481206,0.12083050,0.10965012
10100740000000,synthetic_50hz_02,37,0.02,103.58528604,103.04299086,18.55679241,18.50897918,18.44246518,0.49650982,118.97203974,1,1,0,0,1,0.43912583,0.09152631,0.08210760,-0.04902940,-0.10646765,-0.08584334,0.04937304,0.09680166,0.06322910,-0.04829324,-0.08434483,-0.03879194,0.04582112,0.06945630,0.01323638,-0.04202795,-0.05256531,0.01270078,0.03702310,0.03415884,-0.03827178,-0.04721025,0.02107065,-0.31951656,0.04867148,0.20971678,-0.18372530,-0.04872331,0.04214483,-0.27134910,0.04737422,0.18369175,-0.23454591,-0.04467299,0.07235875,-0.21933322,0.04070714,0.15017383,-0.28626203,-0.03848117,0.29788197,0.78312313,-0.01348433,-0.40522679,-0.86184704,0.06506108,0.50088874,0.91572349,-0.11476208,-0.58210983,-0.94319921,0.16115443,0.64654842,0.94348206,-0.20290063,-0.69234672,-0.91656388,-0.01614251,-0.02047866,-0.99966002,0.01769173,-0.02392887,0.08210760,0.11383032,0.12051681,0.10951166
10100760000000,synthetic_50hz_02,38,0.02,103.72016115,103.17842492,18.50877497,18.44246518,18.36057794,0.50948289,119.06747500,1,1,0,0,1,0.44130643,0.09390414,0.08428339,-0.04956391,-0.09942155,-0.06848065,0.04878745,0.08750386,0.04430799,-0.04660443,-0.07306341,-0.01885791,0.04307779,0.05651649,-0.00713585,-0.03830919,-0.03834019,0.03292388,0.03243611,0.01905851,-0.05776270,-0.04769650,0.02813322,-0.30218434,0.04803650,0.20039608,-0.20262176,-0.04698497,0.05345514,-0.25143341,0.04458220,0.17071766,-0.25490651,-0.04090736,0.08662287,-0.19911484,0.03607605,0.13503057,-0.30575525,0.00227512,0.38485820,0.85107826,-0.05431726,-0.48376887,-0.91075982,0.10479342,0.56873226,0.94418375,-0.15224833,-0.63729883,-0.95038642,0.19531385,0.68749179,0.92918901,-0.23274838,-0.71786403,-0.88120264,-0.01610516,-0.02096065,-0.99965063,0.01743865,-0.02356895,0.08428339,0.11287024,0.12019172,0.10936726
10100780000000,synthetic_50hz_02,39,0.02,103.83091331,103.30892260,18.44653222,18.36057794,18.26295906,0.52244507,119.16242327,1,1,0,0,1,0.44346913,0.09627436,0.08645573,-0.04921425,-0.09052697,-0.04972937,0.04732129,0.07655062,0.02441754,-0.04406404,-0.06036728,0.00159826,0.03953640,0.04244352,-0.02756798,-0.03386891,-0.02329609,0.05274290,0.02722496,0.00347703,-0.07639722,-0.04729864,0.03704396,-0.28346379,0.04652097,0.18942021,-0.22248729,-0.04439503,0.06617989,-0.23099585,0.04099207,0.15661063,-0.27532669,-0.03642012,0.10170577,-0.17930085,0.03082066,0.11940631,-0.32439175,0.04353009,0.46605515,0.90460607,-0.09471267,-0.55463871,-0.94391833,0.14316463,0.62723177,0.95601698,-0.18748909,-0.68174145,-0.94055322,0.22640815,0.71659620,0.89797287,-0.25879976,-0.73079116,-0.82950354,-0.01606946,-0.02143710,-0.99964111,0.01717993,-0.02320440,0.08645573,0.11192322,0.11985559,0.10921722
10100800000000,synthetic_50hz_02,40,0.02,103.93811319,103.43476072,18.36943149,18.26295906,18.14868463,0.53538860,119.25687467,1,1,0,0,1,0.44561352,0.09863679,0.08862453,-0.04797266,-0.07991644,-0.02990892,0.04498719,0.06411502,0.00390461,-0.04070473,-0.04646513,0.02221226,0.03524872,0.02747563,-0.04768874,-0.02877648,-0.00769400,0.07179034,0.02147460,-0.01230945,-0.09382219,-0.04600893,0.04767038,-0.26367429,0.04413754,0.17696225,-0.24297504,-0.04098615,0.08011042,-0.21040075,0.03665559,0.14160891,-0.29543522,-0.03128064,0.11734647,-0.16025875,0.02502593,0.10357721,-0.34181840,0.08453711,0.53986814,0.94243640,-0.13392094,-0.61638316,-0.96039944,0.17944377,0.67512756,0.95067372,-0.21979315,-0.71440773,-0.91353963,0.25380579,0.73309118,0.85006777,-0.28050109,-0.73063928,-0.76208806,-0.01603541,-0.02190789,-0.99963145,0.01691563,-0.02283531,0.08862453,0.11098241,0.11950870,0.10906177
10100820000000,synthetic_50hz_02,41,0.02,103.81716423,103.51124142,18.27671781,18.14868463,18.02603948,0.54830516,119.35081939,1,1,0,0,1,0.44773916,0.10099122,0.09078970,-0.04584784,-0.06775744,-0.00936585,0.04181428,0.05040170,-0.01686448,-0.03657518,-0.03159286,0.04260861,0.03028161,0.01187318,-0.06712431,-0.02311500,0.00818881,0.08970479,0.01528198,-0.02801471,-0.10969903,-0.04383608,0.05984497,-0.24316243,0.04091532,0.16322686,-0.26371869,-0.03680703,0.09501081,-0.19002358,0.03163963,0.12597285,-0.31485825,-0.02557200,0.13326770,-0.14234993,0.01878879,0.08782949,-0.35769662,0.12453431,0.60478869,0.96356073,-0.17119487,-0.66768213,-0.95956938,0.21291981,0.71132598,0.92791320,-0.24850617,-0.73446197,-0.86950484,0.27692798,0.73642308,0.78602826,-0.29736583,-0.71715277,-0.67989011,-0.01600302,-0.02237289,-0.99962167,0.01664585,-0.02246174,0.09078970,0.11004236,0.11915129,0.10890112
10100840000000,synthetic_50hz_02,42,0.02,103.94426204,103.59784554,18.17143291,18.02603948,17.88444075,0.56118635,119.44424768,1,1,0,0,1,0.44984565,0.10333747,0.09295115,-0.04286528,-0.05425028,0.01153196,0.03784805,0.03564387,-0.03751047,-0.03173963,-0.01600983,0.06240754,0.02471615,-0.00408578,-0.08550537,-0.01698009,0.02406360,0.10613804,0.00875449,-0.04334765,-0.12371070,-0.04080554,0.07336742,-0.22229606,0.03689982,0.14844722,-0.28433897,-0.03192190,0.11062171,-0.17024412,0.02602526,0.10998051,-0.33322647,-0.01938985,0.14918071,-0.12592263,0.01221665,0.07245425,-0.37170935,0.16275892,0.65943719,0.96726057,-0.20580424,-0.70737874,-0.94110569,0.24291613,0.73492624,0.88781830,-0.27302463,-0.74128546,-0.80893469,0.29526171,0.72627308,0.70672912,-0.30898625,-0.69032191,-0.58414822,-0.01597229,-0.02283199,-0.99961178,0.01637068,-0.02208377,0.09295115,0.10909875,0.11878357,0.10873541
10100860000000,synthetic_50hz_02,43,0.02,103.41245339,103.56076711,18.05089620,17.88444075,17.75114388,0.57402333,119.53714989,1,1,0,0,1,0.45193256,0.10567535,0.09510880,-0.03906720,-0.03962510,0.03240188,0.03314999,0.02009955,-0.05764805,-0.02627705,0.00000549,0.08123220,0.01864653,-0.02011036,-0.10247439,-0.01047842,0.03963545,0.12076220,0.00200822,-0.05801783,-0.13556837,-0.03695958,0.08800760,-0.20145781,0.03215253,0.13288138,-0.30445058,-0.02640973,0.12666464,-0.15143921,0.01990668,0.09392277,-0.35018237,-0.01284083,0.16479059,-0.11130472,0.00542560,0.05774193,-0.38356778,0.19846220,0.70259404,0.95313092,-0.23705069,-0.73450728,-0.90501369,0.26880491,0.74524433,0.83080449,-0.29280934,-0.73449564,-0.73264282,0.30837195,0.70257110,0.61335870,-0.31504406,-0.65039110,-0.47639118,-0.01594323,-0.02328507,-0.99960180,0.01609021,-0.02170147,0.09510880,0.10814817,0.11840568,0.10856476
10100880000000,synthetic_50hz_02,44,0.02,103.44829535,103.53827276,17.92500023,17.75114388,17.60285347,0.58680821,119.62951642,1,1,0,0,1,0.45399950,0.10800468,0.09726254,-0.03451224,-0.02413830,0.05285353,0.02779683,0.00404731,-0.07689326,-0.02028002,0.01616036,0.09871613,0.01217853,-0.03590212,-0.11769296,-0.00372593,0.05460881,0.13327665,-0.00483410,-0.07174110,-0.14501792,-0.03235681,0.10350911,-0.18103807,0.02675018,0.11680790,-0.32366955,-0.02036310,0.14284688,-0.13397531,0.01338968,0.07809809,-0.36538751,-0.00604090,0.17980179,-0.09879682,-0.00146163,0.04397667,-0.39301777,0.23092463,0.73322888,0.92109839,-0.26428253,-0.74831838,-0.85163690,0.29002104,0.74183352,0.75762233,-0.30739812,-0.71396125,-0.64176515,0.31591276,0.66550514,0.50740558,-0.31531948,-0.59786221,-0.35841727,-0.01591585,-0.02373202,-0.99959173,0.01580452,-0.02131492,0.09726254,0.10718793,0.11801778,0.10838929
10100900000000,synthetic_50hz_02,45,0.02,103.36793142,103.50420449,17.78969859,17.60285347,17.44846825,0.59953331,119.72133778,1,1,0,0,1,0.45604606,0.11032525,0.09941231,-0.02927476,-0.00806817,0.07249619,0.02187944,-0.01221864,-0.09487102,-0.01385333,0.03215318,0.11451066,0.00542782,-0.05116073,-0.13084891,0.00315418,0.06869329,0.14341473,-0.01164524,-0.08424539,-0.15184583,-0.02707161,0.11959366,-0.16142755,0.02078364,0.10052098,-0.34162082,-0.01388681,0.15886680,-0.11820109,0.00658991,0.06280679,-0.37852974,0.00088673,0.19392389,-0.08866560,-0.00831782,0.03143057,-0.39984583,0.25947108,0.75052698,0.87143311,-0.28690909,-0.74830076,-0.78166097,0.30607537,0.72450068,0.66935317,-0.31641736,-0.67981290,-0.53774761,0.31763689,0.61552581,0.39063854,-0.30969879,-0.53349281,-0.23226718,-0.01589016,-0.02417271,-0.99958158,0.01551371,-0.02092419,0.09941231,0.10621589,0.11761997,0.10820908
10100920000000,synthetic_50hz_02,46,0.02,103.38627782,103.48061916,17.64638185,17.44846825,17.28827325,0.61219133,119.81260452,1,1,0,0,1,0.45807183,0.11263689,0.10155800,-0.02344380,0.00828994,0.09094656,0.01550146,-0.02839384,-0.11122275,-0.00711220,0.04767913,0.12829234,-0.00148210,-0.06558980,-0.14166320,0.01003367,0.08160949,0.15094985,-0.01829597,-0.09527634,-0.15588454,-0.02119300,0.13596589,-0.14300957,0.01435654,0.08432509,-0.35794580,-0.00709608,0.17441959,-0.10444000,-0.00036910,0.04834526,-0.38933001,0.00781383,0.20687753,-0.08113765,-0.01501371,0.02035797,-0.40388437,0.28348570,0.75391222,0.80475409,-0.30441443,-0.73419877,-0.69611064,0.31656675,0.69331804,0.56739798,-0.31959230,-0.63244862,-0.42232698,0.31340386,0.55334542,0.26508010,-0.29817984,-0.45828901,-0.10019083,-0.01586615,-0.02460705,-0.99957136,0.01521788,-0.02052936,0.10155800,0.10523042,0.11721236,0.10802419
10100940000000,synthetic_50hz_02,47,0.02,103.01393228,103.38728178,17.49597624,17.28827325,17.14199325,0.62477541,119.90330731,1,1,0,0,1,0.46007642,0.11493941,0.10369953,-0.01712169,0.02462904,0.10783645,0.00877754,-0.04416930,-0.12561396,-0.00018033,0.06243613,0.13976996,-0.00842208,-0.07890290,-0.14989632,0.01678167,0.09309487,0.15570111,-0.02465744,-0.10460287,-0.15701696,-0.01482334,0.15231882,-0.12615229,0.00758356,0.06852922,-0.37230999,-0.00011462,0.18920318,-0.09298326,-0.00735821,0.03499992,-0.39754882,0.01460952,0.21840013,-0.07639386,-0.02142048,0.01098997,-0.40501632,0.30242602,0.74306590,0.72202748,-0.31636996,-0.70602542,-0.59633962,0.32119281,0.64862989,0.45345900,-0.31675552,-0.57253406,-0.29750495,0.30318602,0.47993181,0.13297370,-0.28087553,-0.37349290,0.03539125,-0.01584383,-0.02503491,-0.99956110,0.01491712,-0.02013050,0.10369953,0.10423022,0.11679504,0.10783468
10100960000000,synthetic_50hz_02,48,0.02,102.72497559,103.25482054,17.34730338,17.14199325,17.00775050,0.63728011,119.99343688,1,1,0,0,1,0.46205943,0.11723261,0.10583682,-0.01042241,0.04063628,0.12282061,0.00183141,-0.05923755,-0.13774149,0.00681239,0.07613098,0.14869122,-0.01525978,-0.09082951,-0.15535411,0.02326723,0.10290939,0.15753807,-0.03060387,-0.11202234,-0.15518014,-0.00807660,0.16833959,-0.11120098,0.00058841,0.05344084,-0.38441025,0.00692770,0.20292435,-0.08408315,-0.01424510,0.02304132,-0.40299200,0.02114285,0.22825167,-0.07456466,-0.02741233,0.00352919,-0.40317872,0.31583613,0.71794099,0.62455754,-0.32244571,-0.66407013,-0.48401320,0.31975903,0.59105382,0.32951452,-0.30785354,-0.50099716,-0.16551579,0.28707250,0.39649651,-0.00325484,-0.25801502,-0.28056469,0.17193163,-0.01582321,-0.02545620,-0.99955078,0.01461152,-0.01972770,0.10583682,0.10321432,0.11636808,0.10764059
10100980000000,synthetic_50hz_02,49,0.02,102.44277718,103.09241187,17.20469117,17.00775050,16.88679821,0.64970176,120.08298404,1,1,0,0,1,0.46402048,0.11951632,0.10796977,-0.00346956,0.05599911,0.13558416,-0.00520641,-0.07329887,-0.14734044,0.01373228,0.08848538,0.15484881,-0.02186224,-0.10112083,-0.15789283,0.02936191,0.11084091,0.15638472,-0.03601505,-0.11736540,-0.15036796,-0.00107638,0.18371565,-0.09847049,-0.00649839,0.03935968,-0.39398167,0.01389719,0.21530482,-0.07794698,-0.02089678,0.01271825,-0.40551581,0.02728540,0.23622001,-0.07572609,-0.03286906,-0.00185501,-0.39836545,0.32335847,0.67877104,0.51397026,-0.32241991,-0.60890112,-0.36108373,0.31218584,0.52147630,0.19778699,-0.29295130,-0.41901708,-0.02878796,0.26527084,0.30447740,-0.14104105,-0.22994250,-0.18115949,0.30680377,-0.01580428,-0.02587080,-0.99954044,0.01430119,-0.01932103,0.10796977,0.10218196,0.11593156,0.10744197
10101000000000,synthetic_50hz_02,50,0.02,102.17833242,102.90959598,17.07117613,16.88679821,16.77918607,0.66203847,120.17193971,1,1,0,0,1,0.46595918,0.12179035,0.11009830,0.00360585,0.07041153,0.14584978,-0.01220106,-0.08606744,-0.15419043,0.02044451,0.09924199,0.15808571,-0.02809854,-0.10955535,-0.15742330,0.03494247,0.11671018,0.15222230,-0.04077899,-0.12050020,-0.14263266,0.00604632,0.19814101,-0.08823818,-0.01354196,0.02657153,-0.40080389,0.02065901,0.22608723,-0.07473179,-0.02718233,0.00425220,-0.40503109,0.03291390,0.24212589,-0.07989689,-0.03767866,-0.00503078,-0.39062876,0.32474396,0.62607366,0.39218957,-0.31618669,-0.54136191,-0.22975924,0.29851362,0.44104245,0.06070485,-0.27223427,-0.32800753,0.11009970,0.23810627,0.20551600,-0.27773001,-0.19711355,-0.07709935,0.43735325,-0.01578707,-0.02627862,-0.99953008,0.01398622,-0.01891058,0.11009830,0.10113260,0.11548553,0.10723886
10101020000000,synthetic_50hz_02,51,0.02,101.83834627,102.69534604,16.94854031,16.77918607,16.68776618,0.67429010,120.26029487,1,1,0,0,1,0.46787516,0.12405451,0.11222231,0.01066790,0.08358047,0.15338416,-0.01901595,-0.09727757,-0.15812123,0.02681576,0.10817011,0.15829959,-0.03384246,-0.11594405,-0.15391410,0.03989347,0.12037528,0.14509120,-0.04479433,-0.12133602,-0.13208525,0.01315556,0.21132259,-0.08073733,-0.02040572,0.01534212,-0.40470665,0.02707983,0.23504089,-0.07453989,-0.03297555,-0.00216778,-0.40150641,0.03791292,0.24582739,-0.08703667,-0.04173978,-0.00590739,-0.38007964,0.31986020,0.56064796,0.26140647,-0.30376154,-0.46256190,-0.09246550,0.27890529,0.35113997,-0.07914131,-0.24600807,-0.22959450,0.24846643,0.20601833,0.10142973,-0.41062814,-0.16008898,0.02965932,0.56095126,-0.01577156,-0.02667954,-0.99951970,0.01366673,-0.01849642,0.11222231,0.10006584,0.11503006,0.10703126
10101040000000,synthetic_50hz_02,52,0.02,101.77984921,102.51224667,16.83901517,16.68776618,16.60048668,0.68645815,120.34804061,1,1,0,0,1,0.46976803,0.12630863,0.11434174,0.01757838,0.09523209,0.15800388,-0.02551549,-0.10668951,-0.15901735,0.03271698,0.11507102,0.15544627,-0.03897523,-0.12013497,-0.14739360,0.04410980,0.12173538,0.13509151,-0.04797266,-0.11982610,-0.11889466,0.02011313,0.22298656,-0.07615136,-0.02695408,0.00591118,-0.40557448,0.03303062,0.24196707,-0.07741546,-0.03815763,-0.00638974,-0.39497013,0.04217734,0.24722368,-0.09704534,-0.04496401,-0.00443809,-0.36688705,0.30869746,0.48356602,0.12404146,-0.28528435,-0.37386099,0.04819777,0.25364635,0.25337738,-0.21904745,-0.21469561,-0.12558878,0.38358188,0.16955509,-0.00582061,-0.53705747,-0.11952623,0.13706218,0.67504944,-0.01575776,-0.02707348,-0.99950933,0.01334280,-0.01807863,0.11434174,0.09898139,0.11456520,0.10681923
10101060000000,synthetic_50hz_02,53,0.02,101.30328594,102.27045452,16.73883321,16.60048668,16.53360186,0.69854504,120.43516809,1,1,0,0,1,0.47163743,0.12855251,0.11645647,0.02419955,0.10511778,0.15958035,-0.03156790,-0.11409501,-0.15682179,0.03802614,0.11978282,0.14954197,-0.04338806,-0.12201724,-0.13795079,0.04749909,0.12073385,0.12238243,-0.05024069,-0.11596964,-0.10328572,0.02678130,0.23288429,-0.07460887,-0.03305526,-0.00151303,-0.40335038,0.03838933,0.24670388,-0.08334229,-0.04261982,-0.00830282,-0.38551125,0.04561479,0.24625813,-0.10976371,-0.04727806,-0.00062207,-0.35127578,0.29137225,0.39615825,-0.01729921,-0.26101998,-0.27684840,0.18950582,0.22314238,0.14955688,-0.35624890,-0.17883148,-0.01795357,0.51272115,0.12936479,-0.11416735,-0.65441141,-0.07616845,0.24299678,0.77723468,-0.01574567,-0.02746033,-0.99949897,0.01301456,-0.01765731,0.11645647,0.09787910,0.11409101,0.10660276
10101080000000,synthetic_50hz_02,54,0.02,100.84273112,101.98490984,16.65263604,16.53360186,16.48306697,0.71055452,120.52166858,1,1,0,0,1,0.47348299,0.13078598,0.11856644,0.03039702,0.11301988,0.15804370,-0.03704800,-0.11932231,-0.15153851,0.04263087,0.12218463,0.14066441,-0.04698468,-0.12152430,-0.12573488,0.04998389,0.11736037,0.10718036,-0.05154204,-0.10981289,-0.08553578,0.03302566,0.24079814,-0.07617973,-0.03858406,-0.00675876,-0.39803832,0.04304361,0.24913043,-0.09224266,-0.04626582,-0.00784044,-0.37327898,0.04814784,0.24292043,-0.12497537,-0.04862554,0.00549442,-0.33352322,0.26812828,0.29999266,-0.15987265,-0.23135612,-0.17331577,0.32866211,0.18791385,0.04164210,-0.48797609,-0.13905393,0.09123214,0.63322149,0.08618503,-0.22147610,-0.76021082,-0.03083137,0.34533481,0.86528291,-0.01573530,-0.02784000,-0.99948863,0.01268209,-0.01723252,0.11856644,0.09675885,0.11360752,0.10638189
10101100000000,synthetic_50hz_02,55,0.02,100.72964915,101.73385770,16.58141703,16.48306697,16.43264130,0.72249156,120.60753345,1,1,0,0,1,0.47530434,0.13300886,0.12067155,0.03604255,0.11875688,0.15338554,-0.04183993,-0.12224055,-0.14323381,0.04643105,0.12219996,0.12895259,-0.04968354,-0.11863629,-0.11095360,0.05150363,0.11165228,0.08975576,-0.05183884,-0.10144928,-0.06597023,0.03871799,0.24654659,-0.08087231,-0.04342464,-0.00969514,-0.38970457,0.04689331,0.24917024,-0.10397756,-0.04901410,-0.00498275,-0.35848105,0.04971589,0.23724789,-0.14240985,-0.04896858,0.01381795,-0.31395474,0.23933473,0.19684846,-0.30085290,-0.19679838,-0.06522516,0.46285470,0.14858825,-0.06827861,-0.61151218,-0.09609425,0.19981388,0.74253948,0.04082980,-0.32558842,-0.85215903,0.01561179,0.44197609,0.93721043,-0.01572665,-0.02821239,-0.99947833,0.01234552,-0.01680435,0.12067155,0.09562064,0.11311480,0.10615662
10101120000000,synthetic_50hz_02,56,0.02,100.58607631,101.50430143,16.51893122,16.43264130,16.38341355,0.73436131,120.69275412,1,1,0,0,1,0.47710114,0.13522097,0.12277172,0.04101689,0.12218799,0.14566057,-0.04583979,-0.12276333,-0.13203626,0.04934111,0.11979935,0.11460528,-0.05141989,-0.11338149,-0.09387018,0.05201622,0.10369480,0.07042875,-0.05111290,-0.09101853,-0.04495684,0.04373902,0.24998884,-0.08863192,-0.04747308,-0.01023578,-0.37847773,0.04985287,0.24679384,-0.11834821,-0.05079989,0.00024197,-0.34138069,0.05027686,0.22932575,-0.16174705,-0.04828899,0.02420880,-0.29293811,0.20548175,0.08868422,-0.43738803,-0.15796283,0.04532762,0.58931480,0.10588976,-0.17803265,-0.72425136,-0.05076384,0.30560491,0.83830741,-0.00582563,-0.42436644,-0.92819467,0.06224714,0.53089328,0.99132164,-0.01571971,-0.02857742,-0.99946807,0.01200495,-0.01637289,0.12277172,0.09446447,0.11261288,0.10592699
10101140000000,synthetic_50hz_02,57,0.02,100.27160553,101.25776225,16.46201380,16.38341355,16.34140991,0.74616873,120.77732217,1,1,0,0,1,0.47887302,0.13742212,0.12486686,0.04521242,0.12321692,0.13498677,-0.04895801,-0.12085154,-0.11813544,0.05129212,0.11500195,0.09787821,-0.05214746,-0.10583680,-0.07479911,0.05149936,0.09362033,0.04956351,-0.04936651,-0.07870474,-0.02289897,0.04798114,0.25102862,-0.09934059,-0.05063983,-0.00834156,-0.36454737,0.05185338,0.24202038,-0.13509890,-0.05157692,0.00775683,-0.32229239,0.04980844,0.21928641,-0.18262279,-0.04658906,0.03648288,-0.27087670,0.16717322,-0.02239884,-0.56665945,-0.11556572,0.15615381,0.70537609,0.06062640,-0.28540681,-0.82375640,-0.00393920,0.40643139,0.91838744,-0.05286158,-0.51573836,-0.98654093,0.10813832,0.61017635,1.02625199,-0.01571450,-0.02893500,-0.99945787,0.01166049,-0.01593822,0.12486686,0.09329042,0.11210182,0.10569299
10101160000000,synthetic_50hz_02,58,0.02,100.30106349,101.06642250,16.41136017,16.34140991,16.29178144,0.75791864,120.86122922,1,1,0,0,1,0.48061965,0.13961214,0.12695689,0.04853565,0.12179488,0.12154427,-0.05112158,-0.11651514,-0.10177925,0.05223365,0.10787620,0.07907989,-0.05183980,-0.09612715,-0.05410062,0.04995138,0.08160670,0.02756161,-0.04662284,-0.06473350,-0.00022798,0.05135085,0.24961713,-0.11281817,-0.05285186,-0.00402244,-0.34816140,0.05284437,0.23491830,-0.15392111,-0.05131874,0.01743691,-0.30157639,0.04830898,0.20730768,-0.20463548,-0.04389197,0.05041460,-0.24820185,0.12511675,-0.13419766,-0.68594226,-0.07041090,0.26501558,0.80853350,0.01367507,-0.38819298,-0.90781433,0.04345502,0.50017859,0.98092246,-0.09933228,-0.59774382,-1.02575013,0.15234574,0.67807582,1.04100495,-0.01571100,-0.02928504,-0.99944773,0.01131225,-0.01550042,0.12695689,0.09209860,0.11158166,0.10545465
10101180000000,synthetic_50hz_02,59,0.02,99.85842549,100.82482310,16.36113710,16.29178144,16.25360215,0.76961506,120.94446701,1,1,0,0,1,0.48234067,0.14179085,0.12904171,0.05090951,0.11792256,0.10557287,-0.05227589,-0.10981396,-0.08326992,0.05213513,0.09853937,0.05856627,-0.05049129,-0.08442384,-0.03217412,0.04739177,0.06787434,0.00485437,-0.04292592,-0.04936798,0.02260532,0.05377108,0.24575506,-0.12882487,-0.05405456,0.00266174,-0.32962204,0.05279530,0.22560487,-0.17445889,-0.05001974,0.02911087,-0.27963208,0.04579794,0.19361001,-0.22735381,-0.04024171,0.06574076,-0.22536439,0.08011121,-0.24445165,-0.79266530,-0.02337485,0.36967230,0.89650028,-0.03403542,-0.48423511,-0.97448873,0.09046443,0.58483721,1.02438222,-0.14428531,-0.66857817,-1.04474229,0.19394637,0.73304371,1.03498195,-0.01570923,-0.02962745,-0.99943767,0.01096034,-0.01505959,0.12904171,0.09088913,0.11105245,0.10521197
10101200000000,synthetic_50hz_02,60,0.02,99.76263222,100.61238492,16.31597242,16.25360215,16.21098872,0.78126195,121.02702741,1,1,0,0,1,0.48403576,0.14395808,0.13112125,0.05227524,0.11165112,0.08736820,-0.05238625,-0.10085749,-0.06295874,0.05098694,0.08715610,0.03673415,-0.04811766,-0.07094195,-0.00945050,0.04386112,0.05268252,-0.01810561,-0.03834004,-0.03290422,0.04513973,0.05518307,0.23949356,-0.14706506,-0.05421325,0.01160151,-0.30928059,0.05169653,0.21424472,-0.19631543,-0.04769563,0.04256368,-0.25689038,0.04231593,0.17845265,-0.25032518,-0.03570261,0.08216538,-0.20282552,0.03303184,-0.35088947,-0.88446947,0.02461029,0.46792820,0.96726176,-0.08154289,-0.57147634,-1.02216743,0.13612457,0.65854855,1.04760355,-0.18678171,-0.72663449,-1.04283676,0.23205385,0.77377123,1.00800451,-0.01570919,-0.02996215,-0.99942769,0.01060489,-0.01461581,0.13112125,0.08966217,0.11051423,0.10496498
10101220000000,synthetic_50hz_02,61,0.02,99.94462111,100.47883216,16.27187927,16.21098872,16.15385688,0.79286265,121.10890233,1,1,0,0,1,0.48570458,0.14611364,0.13319542,0.05259406,0.10308207,0.06727654,-0.05143905,-0.08980349,-0.04123958,0.04880103,0.07393583,0.01401366,-0.04475605,-0.05593656,0.01361628,0.03942073,0.03632461,-0.04085366,-0.03294890,-0.01566541,0.06691320,0.05554804,0.23093416,-0.16719245,-0.05331429,0.02263910,-0.28753091,0.04956000,0.20104731,-0.21906062,-0.04438356,0.05754023,-0.23380522,0.03792424,0.16212899,-0.27308492,-0.03035835,0.09936521,-0.18104728,-0.01518670,-0.45127727,-0.95926299,0.07257533,0.55768031,1.01912462,-0.12787158,-0.64800516,-1.04960442,0.17948123,0.71964772,1.04982363,-0.22591635,-0.77054251,-1.01977593,0.26583821,0.79922219,0.96032762,-0.01571086,-0.03028908,-0.99941781,0.01024600,-0.01416916,0.13319542,0.08841790,0.10996705,0.10471367
10101240000000,synthetic_50hz_02,62,0.02,99.73226281,100.32951829,16.22230986,16.15385688,16.09969061,0.80441924,121.19008384,1,1,0,0,1,0.48734680,0.14825738,0.13526414,0.05184832,0.09236614,0.04568847,-0.04944239,-0.07685557,-0.01854136,0.04561102,0.05912922,-0.00914030,-0.04046466,-0.03969815,0.03655845,0.03415169,0.01912256,-0.06292259,-0.02685411,0.00200435,0.08747265,0.05484834,0.22022757,-0.18881646,-0.05136582,0.03557089,-0.26480193,0.04641936,0.18626328,-0.24223954,-0.04014173,0.07375005,-0.21084439,0.03270394,0.14496096,-0.29516585,-0.02431053,0.11699620,-0.16048275,-0.06356902,-0.54346746,-1.01527221,0.11953401,0.63696559,1.05076038,-0.17205278,-0.71209971,-1.05595464,0.21961119,0.76670367,1.03070524,-0.26083811,-0.79920319,-0.97574012,0.29454494,0.80866132,0.89264396,-0.01571426,-0.03060814,-0.99940804,0.00988379,-0.01371973,0.13526414,0.08715650,0.10941095,0.10445807
10101260000000,synthetic_50hz_02,63,0.02,99.50364889,100.16434441,16.17080978,16.09969061,16.04812731,0.81593316,121.27056408,1,1,0,0,1,0.48896209,0.15038910,0.13732731,0.05004229,0.07970091,0.02303133,-0.04642637,-0.06225974,0.00468043,0.04147197,0.04302359,-0.03225725,-0.03532190,-0.02254705,0.05890408,0.02815349,0.00142048,-0.08385268,-0.02017340,0.01974706,0.10638376,0.05308823,0.20757138,-0.21150975,-0.04839791,0.05015089,-0.24154914,0.04232963,0.17017996,-0.26538171,-0.03504853,0.09087281,-0.18847981,0.02675456,0.12729267,-0.31610822,-0.01767690,0.13470033,-0.14156626,-0.11111914,-0.62544676,-1.05108668,0.16450384,0.70400624,1.06124187,-0.21314583,-0.76226889,-1.04080096,0.25564272,0.79855497,0.99035327,-0.29076931,-0.81181834,-0.91135324,0.31751288,0.80167661,0.80607846,-0.01571938,-0.03091926,-0.99939839,0.00951837,-0.01326762,0.13732731,0.08587819,0.10884599,0.10419819
10101280000000,synthetic_50hz_02,64,0.02,99.19653419,99.97078237,16.11928314,16.04812731,16.00126398,0.82740561,121.35033530,1,1,0,0,1,0.49055016,0.15250864,0.13938486,0.04720246,0.06532746,-0.00023922,-0.04244281,-0.04629986,0.02795301,0.03645950,0.02593741,-0.05486091,-0.02942506,-0.00482717,0.08018714,0.02154227,-0.01642224,-0.10320154,-0.01303841,0.03719819,0.12324059,0.05029421,0.19320667,-0.23481666,-0.04446237,0.06609523,-0.21824532,0.03736647,0.15311581,-0.28801086,-0.02920126,0.10856462,-0.16717752,0.02019220,0.10948353,-0.33546967,-0.01058908,0.15211307,-0.12470374,-0.15684154,-0.69538253,-1.06569725,0.20652740,0.75725194,1.05007172,-0.25025898,-0.79728942,-1.00417212,0.28677548,0.81434068,0.92932178,-0.31502411,-0.80791411,-0.82767866,0.33419045,0.77819500,0.70217317,-0.01572622,-0.03122238,-0.99938886,0.00914987,-0.01281291,0.13938486,0.08458318,0.10827220,0.10393403
10101300000000,synthetic_50hz_02,65,0.02,99.10231333,99.79708856,16.06971509,16.00126398,15.94972911,0.83883780,121.42938987,1,1,0,0,1,0.49211067,0.15461583,0.14143670,0.04337737,0.04952596,-0.02364847,-0.03756449,-0.02929224,0.05079613,0.03066862,0.00821400,-0.07647931,-0.02288855,0.01310104,0.09995756,0.01444860,-0.03403838,-0.12055398,-0.00559208,0.05399438,0.13767478,0.04651481,0.17741361,-0.25826249,-0.03963202,0.08308760,-0.19537073,0.03162484,0.13541416,-0.30965501,-0.02271434,0.12646500,-0.14738760,0.01314744,0.09190073,-0.35283499,-0.00319002,0.16887107,-0.11026356,-0.19976273,-0.75166613,-1.05852615,0.24469357,0.79541813,1.01720194,-0.28256978,-0.81623785,-0.94655132,0.31229937,0.81352505,0.84861119,-0.33302522,-0.78735795,-0.72620520,0.34414980,0.73849095,0.58286238,-0.01573478,-0.03151742,-0.99937947,0.00877841,-0.01235568,0.14143670,0.08327170,0.10768964,0.10366562
10101320000000,synthetic_50hz_02,66,0.02,98.49479964,99.53663078,16.01932098,15.94972911,15.91364558,0.85023063,121.50772026,1,1,0,0,1,0.49364334,0.15671049,0.14348274,0.03863689,0.03261031,-0.04671259,-0.03188402,-0.01157940,0.07273225,0.02421191,-0.00978536,-0.09665501,-0.01584176,0.03086799,0.11779116,0.00701488,-0.05106069,-0.13553134,0.00201424,0.06978129,0.14936408,0.04181990,0.16050608,-0.28136338,-0.03399941,0.10078549,-0.17340289,0.02521736,0.11743628,-0.32985673,-0.01571714,0.14420437,-0.12953420,0.00576269,0.07491154,-0.36782552,0.00436894,0.18461998,-0.09856796,-0.23895282,-0.79295232,-1.02944809,0.27815824,0.81751916,0.96304390,-0.30934422,-0.81851654,-0.86887469,0.33161167,0.79591570,0.74965543,-0.34431859,-0.75036825,-0.60882325,0.34709865,0.68318733,0.45043841,-0.01574505,-0.03180431,-0.99937022,0.00840411,-0.01189603,0.14348274,0.08194398,0.10709835,0.10339295
10101340000000,synthetic_50hz_02,67,0.02,97.98527185,99.22635899,15.97493731,15.91364558,15.88590858,0.86158559,121.58531904,1,1,0,0,1,0.49514784,0.15879246,0.14552291,0.03307114,0.01492189,-0.06894885,-0.02551206,0.00647693,0.09329693,0.01721746,-0.02768901,-0.11495521,-0.00842647,0.04810280,0.13329928,-0.00060746,-0.06712977,-0.14780026,0.00962387,0.08422135,0.15804010,0.03629959,0.14282549,-0.30363663,-0.02767525,0.11882715,-0.15280626,0.01827210,0.09955383,-0.34818320,-0.00835145,0.16141186,-0.11400600,-0.00181064,0.05887535,-0.38010793,0.01193113,0.19902225,-0.08988533,-0.27354666,-0.81819366,-0.97880178,0.30616402,0.82289556,0.88846821,-0.32995453,-0.80387300,-0.77251970,0.34423230,0.76167440,0.63429907,-0.34858569,-0.69751638,-0.47779132,0.34288919,0.61324863,0.30750861,-0.01575705,-0.03208299,-0.99936112,0.00802708,-0.01143405,0.14552291,0.08060027,0.10649839,0.10311605
10101360000000,synthetic_50hz_02,68,0.02,97.86771302,98.95462980,15.93754525,15.88590858,15.84968868,0.87290479,121.66217891,1,1,0,0,1,0.49662390,0.16086157,0.14755712,0.02678876,-0.00317737,-0.08988615,-0.01857530,0.02450328,0.11204902,0.00982631,-0.04512274,-0.13098147,-0.00079401,0.06444129,0.14613766,-0.00826117,-0.08190197,-0.15708063,0.01707818,0.09700138,0.16349490,0.03006253,0.12473375,-0.32461112,-0.02078620,0.13683913,-0.13402198,0.01093009,0.08214102,-0.36423600,-0.00076859,0.17772330,-0.10114726,-0.00941529,0.04413580,-0.38940207,0.01933790,0.21176468,-0.08442363,-0.30276388,-0.82666892,-0.90739112,0.32805838,0.81123450,0.79479432,-0.34389480,-0.77241181,-0.65928323,0.34981657,0.71132013,0.50476470,-0.34565297,-0.62972075,-0.33569356,0.33152403,0.52996624,0.15694422,-0.01577075,-0.03235340,-0.99935219,0.00764745,-0.01096983,0.14755712,0.07924082,0.10588980,0.10283492
10101380000000,synthetic_50hz_02,69,0.02,98.20675551,98.80505494,15.90064549,15.84968868,15.78909215,0.88419002,121.73829265,1,1,0,0,1,0.49807123,0.16291765,0.14958528,0.01991493,-0.02131253,-0.10907535,-0.01121390,0.04212242,0.12858065,0.00218958,-0.06171789,-0.14437891,0.00689788,0.07953401,0.15601465,-0.01578646,-0.09505713,-0.16315242,0.02421991,0.10783971,0.16558643,0.02323389,0.10660582,-0.34383771,-0.01347243,0.15444420,-0.11745794,0.00334247,0.06556652,-0.37766023,0.00687370,0.19278921,-0.09124963,-0.01689148,0.03101307,-0.39548792,0.02643201,0.22256561,-0.08232488,-0.32592758,-0.81800481,-0.81647604,0.34330983,0.78258292,0.68376966,-0.35079429,-0.72459881,-0.53134987,0.34816519,0.64572418,0.36361102,-0.33549833,-0.54823302,-0.18538910,0.31315889,0.43493604,0.00182232,-0.01578617,-0.03261548,-0.99934343,0.00726534,-0.01050346,0.14958528,0.07786587,0.10527263,0.10254958
10101400000000,synthetic_50hz_02,70,0.02,97.92657459,98.62935887,15.85379309,15.78909215,15.73231135,0.89544148,121.81365318,1,1,0,0,1,0.49948953,0.16496053,0.15160732,0.01258881,-0.03910360,-0.12609938,-0.00357867,0.05896146,0.14252650,-0.00553465,-0.07711943,-0.15484451,0.01448840,0.09305401,0.16269828,-0.02302445,-0.10630580,-0.16586138,0.03089669,0.11649274,0.16424262,0.01595284,0.08882166,-0.36089933,-0.00588473,0.17126946,-0.10347944,-0.00433270,0.05018534,-0.38815289,0.01441463,0.20628267,-0.08454509,-0.02408033,0.01979659,-0.39821124,0.03306108,0.23118145,-0.08366118,-0.34248095,-0.79219019,-0.70775276,0.35152171,0.73735279,0.55753876,-0.35042794,-0.66125716,-0.39125065,0.33923116,0.56609718,0.21368260,-0.31825419,-0.45461635,-0.02995399,0.28810181,0.33002873,-0.15463821,-0.01580329,-0.03286917,-0.99933485,0.00688088,-0.01003503,0.15160732,0.07647571,0.10464693,0.10226004
10101420000000,synthetic_50hz_02,71,0.02,97.46219887,98.39592687,15.80277076,15.73231135,15.68539517,0.90665883,121.88825353,1,1,0,0,1,0.50087853,0.16699005,0.15362315,0.00496077,-0.05617377,-0.14058280,0.00417211,0.07466007,0.15357242,-0.01318470,-0.09099388,-0.16213448,0.02181717,0.10470430,0.16602213,-0.02982065,-0.11539604,-0.16512328,0.03696438,0.12276086,0.15946385,0.00836973,0.07175810,-0.37542054,0.00181859,0.18695459,-0.09240064,-0.01193374,0.03633097,-0.39547017,0.02169380,0.21790667,-0.08120005,-0.03082734,0.01073830,-0.39748779,0.03908098,0.23741258,-0.08843213,-0.35200157,-0.74958245,-0.58332381,0.35244320,0.67631811,0.41860275,-0.34272373,-0.58355520,-0.24181318,0.32312338,0.47396813,0.05805203,-0.29420723,-0.35071633,0.12738280,0.25680895,0.21735321,-0.30914511,-0.01582212,-0.03311441,-0.99932646,0.00649419,-0.00956464,0.15362315,0.07507058,0.10401275,0.10196630
10101440000000,synthetic_50hz_02,72,0.02,97.05698031,98.12813756,15.75347301,15.68539517,15.64396162,0.91784199,121.96208684,1,1,0,0,1,0.50223796,0.16900605,0.15563268,-0.00281081,-0.07215766,-0.15220049,0.01187599,0.08887849,0.16146295,-0.02059877,-0.10303691,-0.16607036,0.02872769,0.11422473,0.16588988,-0.03602837,-0.12211940,-0.16092672,0.04229033,0.12649331,0.15132397,0.00064296,0.05578052,-0.38707623,0.00947511,0.20115983,-0.08447700,-0.01929884,0.02430775,-0.39943362,0.02855472,0.22740109,-0.08131082,-0.03698583,0.00404666,-0.39330618,0.04435906,0.24110825,-0.09656388,-0.35421288,-0.69090558,-0.44565821,0.34597719,0.60060380,0.26976995,-0.32776682,-0.49298633,-0.08610410,0.30010677,0.37115584,-0.10004418,-0.26379451,-0.23862475,0.28330813,0.21987693,0.09921400,-0.45840418,-0.01584265,-0.03335116,-0.99931826,0.00610540,-0.00909237,0.15563268,0.07365076,0.10337015,0.10166839
10101460000000,synthetic_50hz_02,73,0.02,96.69106399,97.84072284,15.70747823,15.64396162,15.60528604,0.92899133,122.03514635,1,1,0,0,1,0.50356755,0.17100835,0.15763584,-0.01056285,-0.08670947,-0.16068550,0.01936989,0.10130525,0.16600767,-0.02761849,-0.11298036,-0.16654376,0.03507083,0.12139819,0.16227831,-0.04151206,-0.12631605,-0.15333430,0.04675648,0.12759216,0.13996960,-0.00706441,0.04123472,-0.39559942,0.01692175,0.21357370,-0.07989894,-0.02626964,0.01438382,-0.39993484,0.03484828,0.23454878,-0.08490064,-0.04242026,-0.00011851,-0.38572901,0.04877726,0.24217052,-0.10790982,-0.34899261,-0.61723985,-0.29754264,0.33218483,0.51166622,0.11409856,-0.30580002,-0.39134100,0.07263503,0.27059884,0.25973325,-0.25727452,-0.22759617,-0.12063726,0.43449666,0.17803181,-0.02193676,-0.59919206,-0.01586487,-0.03357936,-0.99931027,0.00571462,-0.00861831,0.15763584,0.07221652,0.10271918,0.10136632
10101480000000,synthetic_50hz_02,74,0.02,96.26037280,97.52465283,15.66455751,15.60528604,15.57117041,0.94010752,122.10742543,1,1,0,0,1,0.50486704,0.17299681,0.15963255,-0.01813113,-0.09951082,-0.16583554,0.02649368,0.11166435,0.16708615,-0.03409240,-0.12059854,-0.16351958,0.04070823,0.12605583,0.15523867,-0.04615041,-0.12787886,-0.14248216,0.05026206,0.12601509,0.12561781,-0.01458815,0.02843906,-0.40078785,0.02399837,0.22392020,-0.07878690,-0.03269470,0.00678487,-0.39693874,0.04043610,0.23918093,-0.09191826,-0.04700932,-0.00165008,-0.37489239,0.05223481,0.24055709,-0.12225288,-0.33637772,-0.53000325,-0.14202442,0.31128655,0.41126589,-0.04516730,-0.27722084,-0.28067154,0.23105684,0.23516272,0.14198529,-0.41028489,-0.18632475,0.00079445,0.57768424,0.13211496,-0.14355129,-0.72842869,-0.01588879,-0.03379897,-0.99930249,0.00532200,-0.00814257,0.15963255,0.07076814,0.10205988,0.10106009
10101500000000,synthetic_50hz_02,75,0.02,95.86682949,97.19308817,15.62533493,15.57117041,15.53921031,0.95119159,122.17891759,1,1,0,0,1,0.50613618,0.17497125,0.16162271,-0.02535386,-0.11027804,-0.16751823,0.03309370,0.11972171,0.16465144,-0.03987943,-0.12571375,-0.15703768,0.04551542,0.12808140,0.14489645,-0.04983918,-0.12675640,-0.12857779,0.05272605,0.12177696,0.10855217,-0.02176647,0.01767723,-0.40250911,0.03055130,0.23196527,-0.08118781,-0.03843291,0.00168862,-0.39048517,0.04519373,0.24118127,-0.10223817,-0.05064875,-0.00049661,-0.36100385,0.05465069,0.23628280,-0.13930949,-0.31656594,-0.43092481,0.01765231,0.28365942,0.30143279,-0.20466695,-0.24257486,-0.16325032,0.38578095,0.19449676,0.02036127,-0.55577271,-0.14081123,0.12311480,0.70974128,0.08306605,-0.26304142,-0.84324767,-0.01591439,-0.03400994,-0.99929493,0.00492765,-0.00766523,0.16162271,0.06930591,0.10139232,0.10074972
10101520000000,synthetic_50hz_02,76,0.02,95.56955212,96.86838096,15.58916259,15.53921031,15.50526321,0.96224476,122.24961642,1,1,0,0,1,0.50737472,0.17693152,0.16360626,-0.03207526,-0.11876883,-0.16567473,0.03902621,0.12529083,0.15873191,-0.04485203,-0.12820063,-0.14721278,0.04938474,0.12741435,0.13144944,-0.05249366,-0.12295465,-0.11189635,0.05408917,0.11495012,0.08911723,-0.02844361,0.00919152,-0.40070438,0.03643684,0.23752239,-0.08707332,-0.04335676,-0.00077960,-0.38068885,0.04901349,0.24048925,-0.11566261,-0.05325387,0.00333590,-0.34433852,0.05596562,0.22942001,-0.15873509,-0.28991349,-0.32201048,0.17811607,0.24983094,0.18442494,-0.36099621,-0.20254564,-0.04152234,0.53346866,0.14942086,-0.10257737,-0.69056096,-0.09198820,0.24371973,0.82774406,0.03190349,-0.37783553,-0.94106292,-0.01594168,-0.03421224,-0.99928759,0.00453171,-0.00718639,0.16360626,0.06783009,0.10071654,0.10043523
10101540000000,synthetic_50hz_02,77,0.02,95.56148448,96.60700166,15.55392485,15.50526321,15.45871124,0.97326815,122.31951565,1,1,0,0,1,0.50858241,0.17887745,0.16558310,-0.03814910,-0.12478801,-0.16032187,0.04416073,0.12823735,0.14943139,-0.04889919,-0.12798955,-0.13423273,0.05222787,0.12405176,0.11516408,-0.05405079,-0.11653749,-0.09277520,0.05431540,0.10566340,0.06771156,-0.03447332,0.00317713,-0.39539048,0.04152448,0.24045722,-0.09633961,-0.04735522,-0.00055014,-0.36773763,0.05180708,0.23710196,-0.13192512,-0.05476161,0.00978359,-0.32523378,0.05614360,0.22009755,-0.18013113,-0.25692929,-0.20550206,0.33594135,0.21046924,0.06268107,-0.51078259,-0.15794127,0.08194704,0.67089773,0.10085977,-0.22421258,-0.81167057,-0.04087044,0.36001397,0.92904257,-0.02029721,-0.48543598,-1.01962985,-0.01597064,-0.03440581,-0.99928048,0.00413429,-0.00670615,0.16558310,0.06634100,0.10003260,0.10011662
10101560000000,synthetic_50hz_02,78,0.02,95.23261479,96.33212429,15.51393513,15.45871124,15.41426922,0.98426209,122.38860913,1,1,0,0,1,0.50975902,0.18080890,0.16755316,-0.04344198,-0.12819228,-0.15155248,0.04838296,0.12848258,0.13692763,-0.05192904,-0.12506867,-0.11835509,0.05397799,0.11804897,0.09637032,-0.05447072,-0.10762586,-0.07160714,0.05339303,0.09409985,0.04477950,-0.03972222,-0.00022267,-0.38666025,0.04569993,0.24069104,-0.10880891,-0.05033644,0.00238885,-0.35188907,0.05350768,0.23107473,-0.15069577,-0.05513213,0.01872550,-0.30408242,0.05517292,0.20849848,-0.20305325,-0.21826547,-0.08383015,0.48772435,0.16636996,-0.06123144,-0.65076090,-0.10967793,0.20452769,0.79503572,0.04982383,-0.34192733,-0.91638928,0.01146671,0.46946903,1.01132292,-0.07242666,-0.58347573,-1.07709964,-0.01600128,-0.03459063,-0.99927361,0.00373554,-0.00622458,0.16755316,0.06483890,0.09934057,0.09979391
10101580000000,synthetic_50hz_02,79,0.02,94.54845834,95.97539110,15.47207545,15.41426922,15.38504886,0.99522660,122.45689083,1,1,0,0,1,0.51090432,0.18272571,0.16951636,-0.04783643,-0.12889391,-0.13953406,0.05159753,0.12600570,0.12146907,-0.05387105,-0.11948469,-0.09990206,0.05459144,0.10951888,0.07545484,-0.05373793,-0.09639559,-0.04883222,0.05133514,0.08049317,0.02080174,-0.04407283,-0.00092014,-0.37468116,0.04886782,0.23820307,-0.12423279,-0.05222986,0.00799063,-0.33346538,0.05407163,0.22252049,-0.17158785,-0.05434990,0.02998580,-0.28132448,0.05306663,0.19485650,-0.22702077,-0.17470451,0.04043783,0.63015914,0.11843996,-0.18467237,-0.77784735,-0.05876073,0.32358273,0.90310986,-0.00261260,-0.45316405,-1.00233529,0.06391060,0.56968043,1.07266292,-0.12336604,-0.66977266,-1.11206519,-0.01603358,-0.03476666,-0.99926699,0.00333558,-0.00574180,0.16951636,0.06332410,0.09864048,0.09946711
10101600000000,synthetic_50hz_02,80,0.02,94.93132268,95.76657742,15.43552428,15.38504886,15.32752231,1.00616238,122.52435483,1,1,0,0,1,0.51201808,0.18462771,0.17147262,-0.05123362,-0.12686314,-0.12450569,0.05373022,0.12084479,0.10336992,-0.05467775,-0.11134242,-0.07925395,0.05404890,0.09863000,0.05285305,-0.05186180,-0.08307403,-0.02492837,0.04817949,0.06512300,-0.00371500,-0.04742633,0.00111449,-0.35969231,0.05095394,0.23303135,-0.14229703,-0.05298806,0.01615043,-0.31284684,0.05347961,0.21160771,-0.19416598,-0.05242430,0.04333715,-0.25743791,0.04986253,0.17945124,-0.25152697,-0.12714319,0.16465353,0.76011266,0.06767830,-0.30498687,-0.88921044,-0.00626221,0.43652729,0.99267188,-0.05533443,-0.55548243,-1.06751412,0.11533574,0.65842275,1.11157943,-0.17201187,-0.74238043,-1.12359738,-0.01606754,-0.03493387,-0.99926061,0.00293453,-0.00525789,0.17147262,0.06179690,0.09793241,0.09913624
10101620000000,synthetic_50hz_02,81,0.02,95.08328410,95.62991875,15.39016345,15.32752231,15.25622011,1.01706887,122.59099536,1,1,0,0,1,0.51310009,0.18651476,0.17342185,-0.05355572,-0.12212930,-0.10677335,0.05472982,0.11309638,0.08300377,-0.05432604,-0.10080283,-0.05684116,0.05235601,0.08560309,0.02903979,-0.04887654,-0.06793538,-0.00040119,0.04398793,0.04830906,-0.02824898,-0.04970488,0.00585188,-0.34199969,0.05190708,0.22527245,-0.16262806,-0.05258790,0.02670725,-0.29046387,0.05173726,0.19855718,-0.21795531,-0.04938955,0.05850535,-0.23292829,0.04562245,0.16260242,-0.27605011,-0.07657378,0.28614604,0.87469655,0.01515489,-0.41956460,-0.98233697,0.04670093,0.54088692,1.06165616,-0.10721034,-0.64661522,-1.11036731,0.16462882,0.73370130,1.12706605,-0.21730098,-0.79963443,-1.11127095,-0.01610315,-0.03509224,-0.99925449,0.00253254,-0.00477295,0.17342185,0.06025758,0.09721640,0.09880131
10101640000000,synthetic_50hz_02,82,0.02,95.18391227,95.54071746,15.33390725,15.25622011,15.17597638,1.02794427,122.65680675,1,1,0,0,1,0.51415013,0.18838670,0.17536398,-0.05474777,-0.11478062,-0.08670362,0.05456942,0.10291382,0.06079572,-0.05281781,-0.08807997,-0.03313506,0.04954343,0.07070672,0.00451910,-0.04484069,-0.05129498,0.02422715,0.03884518,0.03040437,-0.05227492,-0.05085353,0.01320381,-0.32196984,0.05170032,0.21507969,-0.18480078,-0.05103128,0.03944706,-0.26678784,0.04887523,0.18363745,-0.24245179,-0.04530420,0.07517505,-0.20831780,0.04043111,0.14466309,-0.30006491,-0.02406271,0.40228139,0.97133423,-0.03801279,-0.52589866,-1.05509137,0.09899237,0.63435402,1.10842975,-0.15711796,-0.72452067,-1.12981157,0.21071376,0.79379904,1.11862040,-0.25823458,-0.84019182,-1.07517889,-0.01614041,-0.03524172,-0.99924863,0.00212972,-0.00428708,0.17536398,0.05870646,0.09649252,0.09846233
10101660000000,synthetic_50hz_02,83,0.02,95.13776680,95.46012733,15.26757628,15.17597638,15.09432056,1.03878582,122.72178347,1,1,0,0,1,0.51516799,0.19024338,0.17729892,-0.05477908,-0.10496265,-0.06471592,0.05324716,0.09050422,0.03721329,-0.05018009,-0.07343652,-0.00863778,0.04566632,0.05425160,-0.02018675,-0.03983596,-0.03350258,0.04842930,0.03285711,0.01178767,-0.07527561,-0.05084158,0.02302472,-0.30002223,0.05033182,0.20266020,-0.20834766,-0.04834526,0.05410717,-0.24232088,0.04494871,0.16715924,-0.26713318,-0.04024994,0.09299649,-0.18413379,0.03439439,0.12601196,-0.32305415,0.02927260,0.51052197,1.04782145,-0.09068427,-0.62164265,-1.10576704,0.14948148,0.71484108,1.13183285,-0.20396907,-0.78743031,-1.12526739,0.25257613,0.83731756,1.08625995,-0.29390131,-0.86306455,-1.01593513,-0.01617930,-0.03538231,-0.99924304,0.00172622,-0.00380036,0.17729892,0.05714383,0.09576082,0.09811932
10101680000000,synthetic_50hz_02,84,0.02,95.11451089,95.39100404,15.19480888,15.09432056,15.01086699,1.04959043,122.78592011,1,1,0,0,1,0.51615349,0.19208465,0.17922660,-0.05364402,-0.09287541,-0.04127360,0.05078644,0.07612421,0.01275632,-0.04646466,-0.05717831,0.01612873,0.04080328,0.03658394,-0.04454878,-0.03396552,-0.01493483,0.07168446,0.02614853,-0.00714486,-0.09675346,-0.04966343,0.03511459,-0.27662016,0.04782497,0.18827059,-0.23276887,-0.04458158,0.07038174,-0.21758493,0.04003628,0.14946877,-0.29147046,-0.03432996,0.11159304,-0.16089705,0.02763711,0.10704522,-0.34452026,0.08228834,0.60848415,1.10237887,-0.14172145,-0.70466463,-1.13312819,0.19706866,0.78052930,1.13120890,-0.24673429,-0.83389095,-1.09667632,0.28928645,0.86321113,1.03052606,-0.32349835,-0.86764453,-0.93466525,-0.01621983,-0.03551399,-0.99923771,0.00132216,-0.00331290,0.17922660,0.05557000,0.09502137,0.09777229
10101700000000,synthetic_50hz_02,85,0.02,95.21608875,95.35602098,15.11755328,15.01086699,14.92147464,1.06035502,122.84921138,1,1,0,0,1,0.51710641,0.19391036,0.18114695,-0.05136234,-0.07876924,-0.01687381,0.04723556,0.06007449,-0.01205396,-0.04174695,-0.03964776,0.04063421,0.03505475,0.01807798,-0.06804296,-0.02735191,0.00401301,0.09348999,0.01886050,-0.02598830,-0.11624167,-0.04733880,0.04922309,-0.25226081,0.04422806,0.17221157,-0.25754317,-0.03981570,0.08792837,-0.19311024,0.03423840,0.13094027,-0.31493964,-0.02766679,0.13056943,-0.13911023,0.02030032,0.08816780,-0.36399644,0.13383980,0.69399298,1.13369529,-0.19001413,-0.77309662,-1.13644131,0.24071026,0.82991153,1.10642320,-0.28446661,-0.86279970,-1.04450640,0.32002165,0.87081296,0.95247598,-0.34635032,-0.85372027,-0.83298525,-0.01626198,-0.03563672,-0.99923266,0.00091766,-0.00282480,0.18114695,0.05398529,0.09427422,0.09742125
10101720000000,synthetic_50hz_02,86,0.02,95.01869254,95.28855529,15.03520025,14.92147464,14.83898105,1.07107642,122.91165212,1,1,0,0,1,0.51802659,0.19572037,0.18305987,-0.04797882,-0.06293948,0.00796330,0.04266673,0.04269340,-0.03668640,-0.03612454,-0.02121644,0.06435181,0.02854086,-0.00087220,-0.09016193,-0.02013434,0.02293569,0.11337264,0.01114733,-0.04433794,-0.13331477,-0.04391249,0.06505486,-0.22746430,0.03961334,0.15482149,-0.28213942,-0.03414519,0.10637548,-0.16942367,0.02767518,0.11196783,-0.33703335,-0.02039965,0.14952041,-0.11924657,0.01253833,0.06978439,-0.38105720,0.18280694,0.76513241,1.14096042,-0.23450512,-0.82537836,-1.11549521,0.27944241,0.86182827,1.05786975,-0.31632324,-0.87343126,-0.96974541,0.34408433,0.85985283,0.85366286,-0.36192530,-0.82148444,-0.71296881,-0.01630574,-0.03575050,-0.99922788,0.00051287,-0.00233613,0.18305987,0.05238999,0.09351943,0.09706623
10101740000000,synthetic_50hz_02,87,0.02,94.91046034,95.21293630,14.95278819,14.83898105,14.75895812,1.08175202,122.97323732,1,1,0,0,1,0.51891383,0.19751452,0.18496529,-0.04356239,-0.04572015,0.03270612,0.03717462,0.02434954,-0.06061172,-0.02971509,-0.00227692,0.08676985,0.02139886,-0.01986134,-0.11042636,-0.01246569,0.04142699,0.13089923,0.00317313,-0.06179828,-0.14759822,-0.03945342,0.08227591,-0.20276227,0.03407544,0.13646894,-0.30602834,-0.02768773,0.12533049,-0.14703692,0.02048389,0.09295670,-0.35727224,-0.01268143,0.16803975,-0.10173925,0.00451526,0.05229052,-0.39532802,0.22811979,0.82029003,1.12388637,-0.27421431,-0.86029435,-1.07060918,0.31240311,0.87549597,0.98646583,-0.34158518,-0.86545664,-0.87388220,0.36091920,0.83046580,0.73610415,-0.36984774,-0.77153223,-0.57710387,-0.01635111,-0.03585532,-0.99922339,0.00010792,-0.00184701,0.18496529,0.05078443,0.09275707,0.09670723
10101760000000,synthetic_50hz_02,88,0.02,94.35147927,95.04064490,14.87137956,14.75895812,14.69843820,1.09237981,123.03396208,1,1,0,0,1,0.51976797,0.19929267,0.18686314,-0.03820471,-0.02747659,0.05682329,0.03087431,0.00543371,-0.08331423,-0.02265378,0.01676582,0.10740319,0.01378014,-0.03848199,-0.12839566,-0.00450920,0.05908871,0.14568642,-0.00489173,-0.07799187,-0.15877698,-0.03405326,0.10052087,-0.17868606,0.02772946,0.11754473,-0.32869426,-0.02057847,0.14438843,-0.12643509,0.01281591,0.07431434,-0.37521575,-0.00467536,0.18572925,-0.08697162,-0.00359852,0.03606362,-0.40649385,0.26878261,0.85819498,1.08271714,-0.30826107,-0.87700312,-1.00262897,0.33885221,0.87052685,0.89363453,-0.35967408,-0.83895289,-0.75887619,0.37012638,0.78319153,0.60223910,-0.36990777,-0.70485038,-0.42823917,-0.01639807,-0.03595117,-0.99921918,-0.00029707,-0.00135753,0.18686314,0.04916891,0.09198719,0.09634426
10101780000000,synthetic_50hz_02,89,0.02,94.18001104,94.86851812,14.79874419,14.69843820,14.63926025,1.10295923,123.09382162,1,1,0,0,1,0.52058883,0.20105468,0.18875334,-0.03201818,-0.00859753,0.07979555,0.02389878,-0.01364971,-0.10430342,-0.01509036,0.03550342,0.12580418,0.00584688,-0.05633355,-0.14367794,0.00356517,0.07553956,0.15740940,-0.01287443,-0.09256773,-0.16660268,-0.02782441,0.11940102,-0.15575494,0.02070838,0.09845323,-0.34964663,-0.01296719,0.16314093,-0.10806586,0.00483344,0.05644135,-0.39047197,0.00344860,0.20220763,-0.07526849,-0.01163019,0.02145469,-0.41430632,0.30389674,0.87794823,1.01822598,-0.33588453,-0.87505809,-0.91291057,0.35818860,0.84693962,0.78127551,-0.37016594,-0.79440348,-0.62711592,0.37147121,0.71896432,0.45487628,-0.36206680,-0.62279709,-0.26952235,-0.01644663,-0.03603803,-0.99921525,-0.00070197,-0.00086778,0.18875334,0.04754376,0.09120987,0.09597735
10101800000000,synthetic_50hz_02,90,0.02,94.01148666,94.69711183,14.73176093,14.63926025,14.58158736,1.11349056,123.15281130,1,1,0,0,1,0.52137626,0.20280041,0.19063580,-0.02513352,0.01051355,0.10112728,0.01639605,-0.03249172,-0.12312483,-0.00718588,0.05353314,0.14157264,-0.00223147,-0.07303117,-0.15593884,0.01158448,0.09042368,0.16580925,-0.02060351,-0.10520923,-0.17089930,-0.02089760,0.13851290,-0.13446451,0.01316023,0.07960343,-0.36843103,-0.00501493,0.18118527,-0.09232938,-0.00329409,0.03972257,-0.40270655,0.01151752,0.21711903,-0.06688876,-0.01940829,0.00878033,-0.41858942,0.33268110,0.87904448,0.93170044,-0.35646122,-0.85441937,-0.80329215,0.36996439,0.80516095,0.65172457,-0.37280132,-0.73268936,-0.48136747,0.36489022,0.63909400,0.29713231,-0.34645915,-0.52707326,-0.10433070,-0.01649676,-0.03611591,-0.99921162,-0.00110664,-0.00037786,0.19063580,0.04590929,0.09042515,0.09560651
10101820000000,synthetic_50hz_02,91,0.02,93.48079793,94.45384905,14.66868803,14.58158736,14.53951661,1.12397451,123.21092663,1,1,0,0,1,0.52213010,0.20452971,0.19251045,-0.01769689,0.02944735,0.12035761,0.00852590,-0.05068779,-0.13937031,0.00089089,0.07046687,0.15436489,-0.01028199,-0.08821437,-0.16490906,0.01937666,0.10341860,0.17069883,-0.02791269,-0.11564122,-0.17156727,-0.01341897,0.15744717,-0.11527566,0.00524478,0.06139989,-0.38463928,0.00310953,0.19813332,-0.07956935,-0.01139376,0.02451850,-0.41165020,0.01935930,0.23014097,-0.06201958,-0.02676655,-0.00168428,-0.41924357,0.35449017,0.86138498,0.82491557,-0.36951953,-0.81545623,-0.67605478,0.37389547,0.74601749,0.50770301,-0.36749183,-0.65507073,-0.32471393,0.35049323,0.54523796,0.13236320,-0.32338975,-0.41968574,0.06380363,-0.01654845,-0.03618480,-0.99920827,-0.00151094,0.00011213,0.19251045,0.04426582,0.08963312,0.09523176
10101840000000,synthetic_50hz_02,92,0.02,93.11482045,94.18604333,14.61443603,14.53951661,14.50441473,1.13441277,123.26816323,1,1,0,0,1,0.52285020,0.20624244,0.19437722,-0.00986665,0.04779778,0.13707064,0.00045632,-0.06784680,-0.15268706,0.00896716,0.08593976,0.16390143,-0.01813212,-0.10155503,-0.17039045,0.02677432,0.11424243,0.17196703,-0.03464460,-0.12363617,-0.16858572,-0.00554690,0.17579778,-0.09860427,-0.00286997,0.04423371,-0.39791860,0.01123342,0.21362023,-0.07006527,-0.01929298,0.01115723,-0.41710474,0.02680655,0.24099156,-0.06077207,-0.03354756,-0.00971161,-0.41624791,0.36882891,0.82528109,0.70009570,-0.37475080,-0.75894019,-0.53387274,0.36986846,0.67071870,0.35225797,-0.35432263,-0.56316007,-0.16048744,0.32856151,0.43936528,-0.03591001,-0.29332782,-0.30290338,0.23127217,-0.01660171,-0.03624470,-0.99920522,-0.00191476,0.00060210,0.19437722,0.04261367,0.08883382,0.09485310
10101860000000,synthetic_50hz_02,93,0.02,93.14676124,93.97818691,14.56822709,14.50441473,14.46064557,1.14480773,123.32451685,1,1,0,0,1,0.52353643,0.20793847,0.19623603,-0.00180988,0.06517105,0.15090474,-0.00764020,-0.08359978,-0.16278556,0.01687001,0.09961829,0.16997319,-0.02561346,-0.11276476,-0.17226041,0.03361845,0.12266017,0.16958129,-0.04065421,-0.12901923,-0.16201306,0.00255153,0.19317092,-0.08481198,-0.01101154,0.02847386,-0.40797948,0.01918379,0.22731250,-0.06402620,-0.02682337,-0.00007281,-0.41894761,0.03370028,0.24943580,-0.06317877,-0.03960632,-0.01512682,-0.40966084,0.37536424,0.77144837,0.55986590,-0.37201665,-0.68602881,-0.37975472,0.35794365,0.58083071,0.18869504,-0.33355097,-0.45888699,0.00780480,0.29954186,0.32371335,-0.20407963,-0.25689682,-0.17920690,0.39447075,-0.01665652,-0.03629562,-0.99920246,-0.00231796,0.00109195,0.19623603,0.04095318,0.08802732,0.09447056
10101880000000,synthetic_50hz_02,94,0.02,92.89761310,93.76207215,14.52304285,14.46064557,14.42166180,1.15516151,123.37998338,1,1,0,0,1,0.52418864,0.20961765,0.19808680,0.00630131,0.08119433,0.16156056,-0.01559048,-0.09760807,-0.16944598,0.02443016,0.11120773,0.17244619,-0.03256552,-0.12160122,-0.17047469,0.03976199,0.12848889,0.16358834,-0.04581211,-0.13167216,-0.15198565,0.01070422,0.20919375,-0.07419814,-0.01900673,0.01445901,-0.41460208,0.02679138,0.23891537,-0.06158612,-0.03382444,-0.00892931,-0.41713454,0.03989342,0.25529076,-0.06919296,-0.04481342,-0.01781167,-0.39961873,0.37393274,0.70099135,0.40719395,-0.36135237,-0.59824047,-0.21697719,0.33835404,0.47824203,0.02050487,-0.30560081,-0.34445565,0.17655861,0.26403696,0.20073846,-0.36853182,-0.21486081,-0.05123388,0.54988009,-0.01671286,-0.03633756,-0.99920000,-0.00272041,0.00158159,0.19808680,0.03928465,0.08721370,0.09408414
10101900000000,synthetic_50hz_02,95,0.02,92.84945392,93.57954850,14.48046281,14.42166180,14.38009824,1.16547614,123.43455886,1,1,0,0,1,0.52480671,0.21127986,0.19992946,0.01429365,0.09552404,0.16880762,-0.02322449,-0.10957081,-0.17252300,0.03148576,0.12045861,0.17126446,-0.03883928,-0.12787352,-0.16506828,0.04507305,0.13160179,0.15411311,-0.05000734,-0.13153591,-0.13871479,0.01873789,0.22352271,-0.06699321,-0.02668553,0.00249001,-0.41764108,0.03389432,0.24817938,-0.06280099,-0.04014716,-0.01522137,-0.41170052,0.04525407,0.25842963,-0.07868970,-0.04905787,-0.01770710,-0.38633287,0.36454457,0.61537934,0.24532458,-0.34296637,-0.49742099,-0.04901151,0.31150029,0.36512175,-0.14871458,-0.27105351,-0.22229589,0.34215316,0.22279213,0.07306113,-0.52572731,-0.16810755,0.07828002,0.69414449,-0.01677072,-0.03637054,-0.99919783,-0.00312198,0.00207092,0.19992946,0.03760843,0.08639301,0.09369388
10101920000000,synthetic_50hz_02,96,0.02,92.11107994,93.28585479,14.43830969,14.38009824,14.36415792,1.17575337,123.48823943,1,1,0,0,1,0.52539052,0.21292495,0.20176392,0.02199649,0.10785340,0.17248938,-0.03037914,-0.11923154,-0.17194897,0.03788594,0.12717217,0.16645119,-0.04430048,-0.13144638,-0.15615455,0.04943781,0.13193092,0.14135590,-0.05314982,-0.12861183,-0.12248189,0.02648188,0.23585102,-0.06335376,-0.03388483,-0.00717667,-0.41702883,0.04034175,0.25490579,-0.06764764,-0.04565726,-0.01881370,-0.40275893,0.04966841,0.25878448,-0.09146871,-0.05224963,-0.01481447,-0.37008469,0.34738333,0.51641387,0.07770714,-0.31723564,-0.38570259,0.12055338,0.27794191,0.24387132,-0.31533828,-0.23063497,-0.09500912,0.50103184,0.17667873,-0.05659223,-0.67228042,-0.11762875,0.20656200,0.82414684,-0.01683011,-0.03639456,-0.99919596,-0.00352253,0.00255984,0.20176392,0.03592484,0.08556532,0.09329978
10101940000000,synthetic_50hz_02,97,0.02,92.31556030,93.09179589,14.40716595,14.36415792,14.33461852,1.18599600,123.54102139,1,1,0,0,1,0.52593995,0.21455279,0.20359013,0.02924560,0.11791917,0.17252649,-0.03690182,-0.12638381,-0.16773523,0.04349414,0.13120474,0.15810810,-0.04883251,-0.13224298,-0.14392263,0.05276301,0.12946860,0.12558781,-0.05517233,-0.12296157,-0.10363223,0.03377197,0.24591543,-0.06335910,-0.04045202,-0.01433459,-0.41277668,0.04599711,0.25895091,-0.07602433,-0.05023815,-0.01962950,-0.39049889,0.05304319,0.25634762,-0.10725887,-0.05432144,-0.00919541,-0.35121944,0.32280193,0.40618851,-0.09208121,-0.28469733,-0.26545636,0.28809095,0.23838477,0.11707098,-0.47579489,-0.18519947,0.03468961,0.64978144,0.12667478,-0.18545008,-0.80503448,-0.06449800,0.33086394,0.93707801,-0.01689099,-0.03640963,-0.99919438,-0.00392195,0.00304826,0.20359013,0.03423420,0.08473071,0.09290185
10101960000000,synthetic_50hz_02,98,0.02,92.42477005,92.95839072,14.37669603,14.33461852,14.29986789,1.19620642,123.59290118,1,1,0,0,1,0.52645490,0.21616326,0.20540799,0.03588675,0.12550732,0.16891843,-0.04265378,-0.13087561,-0.15997172,0.04819108,0.13247070,0.14641296,-0.05233901,-0.13024660,-0.12863304,0.05497798,0.12426742,0.10714458,-0.05603192,-0.11470556,-0.08256708,0.04045393,0.25350190,-0.06700978,-0.04624836,-0.01883173,-0.40497456,0.05074111,0.26022911,-0.08775330,-0.05379345,-0.01765202,-0.37518093,0.05530773,0.25117163,-0.12572445,-0.05523036,-0.00097037,-0.33013842,0.29131463,0.28704206,-0.26041526,-0.24603665,-0.13923933,0.45001783,0.19366531,-0.01257774,-0.62664617,-0.13571050,0.16403218,0.78520802,0.07384311,-0.31075749,-0.92113195,-0.00984678,0.44852353,1.03049922,-0.01695337,-0.03641578,-0.99919310,-0.00432009,0.00353609,0.20540799,0.03253686,0.08388923,0.09250012
10101980000000,synthetic_50hz_02,99,0.02,92.43084829,92.85288224,14.34442821,14.29986789,14.26727511,1.20638636,123.64387535,1,1,0,0,1,0.52693527,0.21775622,0.20721744,0.04177910,0.13045761,0.16174326,-0.04751313,-0.13261256,-0.14882473,0.05187734,0.13094422,0.13161552,-0.05474590,-0.12550071,-0.11061176,0.05603610,0.11643894,0.08641902,-0.05571077,-0.10402019,-0.05973478,0.04638693,0.25845022,-0.07422772,-0.05115196,-0.02057371,-0.39378876,0.05447433,0.25871458,-0.10258480,-0.05624908,-0.01292475,-0.35713103,0.05641540,0.24336807,-0.14647262,-0.05495857,0.00968428,-0.30728995,0.25358541,0.16150623,-0.42370231,-0.20207146,-0.00973735,0.60287335,0.14473170,-0.14231225,-0.76466326,-0.08321926,0.29025893,0.90440758,0.01930757,-0.42983731,-1.01807740,0.04516076,0.55702328,1.10239558,-0.01701722,-0.03641302,-0.99919212,-0.00471683,0.00402322,0.20721744,0.03083314,0.08304095,0.09209460
10102000000000,synthetic_50hz_02,100,0.02,92.20666235,92.72363826,14.31202391,14.26727511,14.24796019,1.21653722,123.69394060,1,1,0,0,1,0.52738095,0.21933153,0.20901840,0.04679826,0.13266696,0.15115562,-0.05137749,-0.13155977,-0.13453297,0.05447547,0.12665964,0.11403168,-0.05600291,-0.11810787,-0.09024280,0.05591575,0.10615098,0.06385217,-0.05421652,-0.09113372,-0.03562066,0.05144654,0.26065728,-0.08485828,-0.05506041,-0.01952565,-0.37945802,0.05711933,0.25444165,-0.12020291,-0.05755478,-0.00555024,-0.33673319,0.05634458,0.23310477,-0.16906236,-0.05351372,0.02254027,-0.28315938,0.21041285,0.03224910,-0.57846184,-0.15373387,0.12029469,0.74339603,0.09262268,-0.26937032,-0.88689776,-0.02884112,0.41067989,1.00482982,-0.03577193,-0.54014936,-1.09379217,0.09935367,0.65404607,1.15121998,-0.01708254,-0.03640138,-0.99919143,-0.00511205,0.00450956,0.20901840,0.02912337,0.08218595,0.09168531
10102020000000,synthetic_50hz_02,101,0.02,91.71883882,92.52267837,14.28511715,14.24796019,14.25249325,1.22666086,123.74309378,1,1,0,0,1,0.52779187,0.22088909,0.21081081,0.05083892,0.13209140,0.13738301,-0.05416609,-0.12774235,-0.11740205,0.05593162,0.11971043,0.09403634,-0.05608462,-0.10822720,-0.06795951,0.05462067,0.09362373,0.03992338,-0.05158198,-0.07632104,-0.01073625,0.05552748,0.26007912,-0.09867398,-0.05789297,-0.01571265,-0.36228791,0.05862224,0.24750378,-0.14023275,-0.05768512,0.00431237,-0.31442078,0.05509902,0.22060190,-0.19301432,-0.05092861,0.03732270,-0.25825822,0.16271217,-0.09798434,-0.72140220,-0.10204924,0.24809410,0.86859526,0.03844418,-0.39105119,-0.99074631,0.02626924,0.52273409,1.08433368,-0.09022530,-0.63934633,-1.14665921,0.15158013,0.73752591,1.17592602,-0.01714931,-0.03638088,-0.99919103,-0.00550561,0.00499502,0.21081081,0.02740790,0.08132429,0.09127226
10102040000000,synthetic_50hz_02,102,0.02,91.59577910,92.33729852,14.27141511,14.25249325,14.26583093,1.23676044,123.79133185,1,1,0,0,1,0.52816795,0.22242875,0.21259457,0.05381707,0.12874681,0.12072044,-0.05582150,-0.12124459,-0.09779742,0.05621656,0.11024684,0.07205485,-0.05499087,-0.09607062,-0.04423491,0.05217977,0.07912465,0.01513966,-0.04786431,-0.05989747,0.01439208,0.05854573,0.25673163,-0.11537978,-0.05959220,-0.00921901,-0.34264391,0.05895384,0.23805125,-0.16224895,-0.05663994,0.01645118,-0.29066681,0.05270763,0.20612694,-0.21782148,-0.04726038,0.05371628,-0.23311287,0.11149454,-0.22643310,-0.84949273,-0.04811323,0.37095142,0.97581641,-0.01665520,-0.50477504,-1.07400685,0.08094346,0.62404576,1.14123317,-0.14289808,-0.72532495,-1.17555721,0.20073288,0.80569269,1.17598938,-0.01721753,-0.03635155,-0.99919093,-0.00589738,0.00547949,0.21259457,0.02568705,0.08045604,0.09085548
10102060000000,synthetic_50hz_02,103,0.02,91.40457110,92.15075303,14.26906976,14.26583093,14.29268424,1.24684000,123.83865193,1,1,0,0,1,0.52850910,0.22395039,0.21436963,0.05567175,0.12270820,0.10152363,-0.05631072,-0.11220779,-0.07613608,0.05532623,0.09847237,0.04855348,-0.05274665,-0.08189795,-0.01957106,0.04864637,0.06296237,-0.00997560,-0.04314358,-0.04221156,0.03923465,0.06044033,0.25068982,-0.13461997,-0.06012510,-0.00018602,-0.32094301,0.05811006,0.22628753,-0.18578526,-0.05444423,0.03060638,-0.26597334,0.04922370,0.18998852,-0.24296044,-0.04258912,0.07137244,-0.20825297,0.05784442,-0.35038115,-0.96002950,0.00693264,0.48626997,1.06279803,-0.07150983,-0.60813941,-1.13492559,0.13402536,0.71247590,1.17433271,-0.19267688,-0.79627138,-1.17988328,0.24577343,0.85710999,1.15141726,-0.01728717,-0.03631341,-0.99919111,-0.00628725,0.00596290,0.21436963,0.02396118,0.07958128,0.09043497
10102080000000,synthetic_50hz_02,104,0.02,91.14389838,91.94938210,14.27898784,14.29268424,14.33700255,1.25690439,123.88505126,1,1,0,0,1,0.52881526,0.22545390,0.21613591,0.05636622,0.11410776,0.08020089,-0.05562579,-0.10082678,-0.05287715,0.05328165,0.08463893,0.02402894,-0.04940138,-0.06601089,0.00551204,0.04409683,0.04547972,-0.03489410,-0.03752096,-0.02363736,0.06327015,0.06117452,0.24208586,-0.15598625,-0.05948369,0.01119148,-0.29764435,0.05611193,0.21246454,-0.21034495,-0.05114738,0.04647626,-0.24086038,0.04472363,0.17252946,-0.26790292,-0.03701599,0.08991713,-0.18419987,0.00289533,-0.46721692,-1.05069321,0.06192636,0.59162240,1.12771962,-0.12496268,-0.69897114,-1.17223336,0.18439627,0.78616822,1.18295106,-0.23851363,-0.85069970,-1.15956373,0.28575454,0.89070511,1.10274564,-0.01735822,-0.03626651,-0.99919159,-0.00667507,0.00644514,0.21613591,0.02223060,0.07870007,0.09001076
10102100000000,synthetic_50hz_02,105,0.02,91.23164990,91.80583566,14.30335402,14.33700255,14.38593878,1.26695941,123.93052724,1,1,0,0,1,0.52908638,0.22693914,0.21789334,0.05588856,0.10313154,0.05720382,-0.05378374,-0.08734541,-0.02851162,0.05012830,0.06904106,-0.00100259,-0.04502765,-0.04874623,0.03048789,0.03862882,0.02704603,-0.05909420,-0.03111631,-0.00456607,0.08599681,0.06073642,0.23110582,-0.17902699,-0.05768502,0.02466966,-0.27323889,0.05300492,0.19687682,-0.23541185,-0.04682203,0.06372401,-0.21585442,0.03930505,0.15411907,-0.29212727,-0.03066085,0.10895916,-0.16145531,-0.05219525,-0.57449006,-1.11959796,0.11571097,0.68480306,1.16923928,-0.17589069,-0.77537287,-1.18517088,0.23099940,0.84358832,1.16693346,-0.27944829,-0.88748272,-1.11505280,0.31984055,0.90579059,1.03102465,-0.01743067,-0.03621088,-0.99919235,-0.00706074,0.00692611,0.21789334,0.02049567,0.07781249,0.08958286
10102120000000,synthetic_50hz_02,106,0.02,91.51080422,91.74682938,14.33803962,14.38593878,14.43471054,1.27701112,123.97507738,1,1,0,0,1,0.52932240,0.22840600,0.21964184,0.05425183,0.09001505,0.03301725,-0.05082606,-0.07205078,-0.00355142,0.04593496,0.05200926,-0.02601681,-0.03971953,-0.03046828,0.05483496,0.03235897,0.00804888,-0.08207219,-0.02406548,0.01460256,0.10694325,0.05913905,0.21798521,-0.20325738,-0.05477057,0.03996140,-0.24823858,0.04885780,0.17985486,-0.26046166,-0.04156221,0.08198536,-0.19147699,0.03308460,0.13514497,-0.31512977,-0.02365955,0.12809879,-0.14049069,-0.10627141,-0.66996408,-1.16532992,0.16715993,0.76387488,1.18652003,-0.22322915,-0.83576281,-1.17350221,0.27286257,0.88355530,1.12665178,-0.31462923,-0.90587449,-1.04731945,0.34732498,0.90207689,0.93779242,-0.01750451,-0.03614654,-0.99919338,-0.00744411,0.00740572,0.21964184,0.01875672,0.07691860,0.08915130
10102140000000,synthetic_50hz_02,107,0.02,91.41991652,91.68144680,14.37864141,14.43471054,14.49995994,1.28706524,124.01869936,1,1,0,0,1,0.52952327,0.22985436,0.22138134,0.05149350,0.07503778,0.00814847,-0.04681764,-0.05526681,0.02148181,0.04079201,0.03390247,-0.05049276,-0.03359032,-0.01156070,0.07804797,0.02542021,-0.01111436,-0.10335303,-0.01651723,0.03346899,0.12567837,0.05641989,0.20300350,-0.22817013,-0.05080522,0.05674279,-0.22316507,0.04376097,0.16175762,-0.28497340,-0.03548123,0.10087661,-0.16823339,0.02619523,0.11600449,-0.33643539,-0.01616084,0.14693647,-0.12173710,-0.15820403,-0.75166372,-1.18697492,0.21520147,0.82720986,1.17924470,-0.26599455,-0.87890715,-1.13751631,0.30911888,0.90526514,1.06299280,-0.34333117,-0.90552391,-0.95782270,0.36764506,0.87967601,0.82503814,-0.01757972,-0.03607355,-0.99919470,-0.00782508,0.00788389,0.22138134,0.01701409,0.07601849,0.08871608
10102160000000,synthetic_50hz_02,108,0.02,91.73954639,91.69306672,14.42959519,14.49995994,14.56409966,1.29712774,124.06139097,1,1,0,0,1,0.52968896,0.23128411,0.22311178,0.04767449,0.05851673,-0.01688397,-0.04184511,-0.03734679,0.04606805,0.03480932,0.01510013,-0.07392397,-0.02676995,0.00758187,0.09964863,0.01795880,-0.03004528,-0.12250036,-0.00862989,0.05164247,0.14182036,0.05263987,0.18647771,-0.25324668,-0.04587562,0.07466053,-0.19853837,0.03782428,0.14296453,-0.30844063,-0.02870902,0.12000315,-0.14660190,0.01878317,0.09709606,-0.35560777,-0.00832305,0.16508144,-0.10557635,-0.20691512,-0.81791596,-1.18413463,0.25884150,0.87352217,1.14761894,-0.30330536,-0.90394432,-1.07801685,0.33902478,0.90830533,0.97733504,-0.36496995,-0.88647948,-0.84847620,0.38039288,0.83909602,0.69515539,-0.01765629,-0.03599195,-0.99919630,-0.00820351,0.00836051,0.22311178,0.01526813,0.07511221,0.08827723
10102180000000,synthetic_50hz_02,109,0.02,91.41183125,91.63681963,14.48608707,14.56409966,14.65176704,1.30720423,124.10315015,1,1,0,0,1,0.52981943,0.23269511,0.22483307,0.04287762,0.04079929,-0.04156146,-0.03601481,-0.01866564,0.06970013,0.02811369,-0.00400616,-0.09582930,-0.01940203,0.02656246,0.11919567,0.01013100,-0.04835295,-0.13912557,-0.00056789,0.06874940,0.15504442,0.04788179,0.16875523,-0.27796841,-0.04008809,0.09333972,-0.17486565,0.03117453,0.12386718,-0.33038217,-0.02138918,0.13896801,-0.12702378,0.01100469,0.07881061,-0.37225829,-0.00031063,0.18216011,-0.09233325,-0.25140083,-0.86738388,-1.15693096,0.29718457,0.90189324,1.09236239,-0.33440034,-0.91040059,-0.99630051,0.36197519,0.89266067,0.87151481,-0.37911412,-0.84918492,-0.72160294,0.38532302,0.78122678,0.55088692,-0.01773419,-0.03590178,-0.99919816,-0.00857928,0.00883549,0.22483307,0.01351918,0.07419985,0.08783476
10102200000000,synthetic_50hz_02,110,0.02,91.49943928,91.60934356,14.55567266,14.65176704,14.74075980,1.31730098,124.14397499,1,1,0,0,1,0.52991465,0.23408727,0.22654516,0.03720560,0.02225550,-0.06537650,-0.02945031,0.00038847,0.09189440,0.02084596,-0.02302124,-0.11576295,-0.01164061,0.04499029,0.13629400,0.00209966,-0.06566225,-0.15289563,0.00750183,0.08444114,0.16508921,0.04224837,0.15020608,-0.30182783,-0.03356620,0.11239216,-0.15263056,0.02395257,0.10486075,-0.35035226,-0.01367577,0.15738039,-0.10989413,0.00302263,0.06152325,-0.38605392,0.00770951,0.19782385,-0.08226915,-0.29075249,-0.89909260,-1.10599882,0.32945235,0.91178841,1.01468867,-0.35865394,-0.89819693,-0.89412458,0.37751537,0.85871002,0.74778246,-0.38549285,-0.79446610,-0.57988142,0.38235640,0.70731735,0.39526213,-0.01781342,-0.03580310,-0.99920029,-0.00895227,0.00930874,0.22654516,0.01176758,0.07328149,0.08738869
10102220000000,synthetic_50hz_02,111,0.02,91.45639232,91.57875331,14.63340926,14.74075980,14.83274812,1.32742412,124.18386371,1,1,0,0,1,0.52997461,0.23546047,0.22824797,0.03077865,0.00326981,-0.08784339,-0.02228957,0.01942247,0.11220093,0.01315788,-0.04155479,-0.13332367,-0.00364683,0.06248907,0.15060262,-0.00596935,-0.08162175,-0.16353962,0.01541344,0.09840125,0.17176171,0.03585984,0.13121474,-0.32433925,-0.02644791,0.13142481,-0.13228304,0.01631014,0.08633553,-0.36794961,-0.00572992,0.17486402,-0.09555396,-0.00499713,0.04558541,-0.39672375,0.01557153,0.21175621,-0.07557704,-0.32417533,-0.91244682,-1.03246752,0.35499931,0.90306476,0.91627440,-0.37558850,-0.86764692,-0.77366467,0.38534929,0.80721442,0.60874983,-0.38400029,-0.72350955,-0.42628444,0.37158038,0.61894556,0.23152907,-0.01789396,-0.03569594,-0.99920269,-0.00932237,0.00978016,0.22824797,0.01001367,0.07235718,0.08693905
10102240000000,synthetic_50hz_02,112,0.02,91.81210673,91.62542399,14.71713158,14.83274812,14.90806849,1.33757945,124.22281466,1,1,0,0,1,0.52999930,0.23681460,0.22994143,0.02373175,-0.01576717,-0.10850842,-0.01468186,0.03804687,0.13021264,0.00520869,-0.05922967,-0.14816277,0.00441465,0.07870484,0.16184130,-0.01391071,-0.09591092,-0.17085387,0.02300572,0.11035184,0.17494064,0.02885115,0.11217179,-0.34504893,-0.01888249,0.15004817,-0.11423017,0.00840648,0.06866868,-0.38282556,0.00228371,0.19106493,-0.08428348,-0.01288927,0.03131764,-0.40406410,0.02311423,0.22367932,-0.07237822,-0.35100435,-0.90723980,-0.93793146,0.37332524,0.87597022,0.79921848,-0.38488299,-0.81944601,-0.63746367,0.38534438,0.73929680,0.45733048,-0.37469612,-0.63783331,-0.26401223,0.35324519,0.51798079,0.06308240,-0.01797580,-0.03558037,-0.99920534,-0.00968944,0.01024967,0.22994143,0.00825779,0.07142702,0.08648584
10102260000000,synthetic_50hz_02,113,0.02,91.69326854,91.63899290,14.79732508,14.90806849,14.98383605,1.34777128,124.26082636,1,1,0,0,1,0.52998870,0.23814955,0.23162547,0.01621155,-0.03446711,-0.12695905,-0.00678444,0.05588399,0.14557348,-0.00283827,-0.07568972,-0.15999096,0.01237916,0.09331327,0.16979583,-0.02156315,-0.10824656,-0.17470541,0.03012546,0.12005905,0.17457815,0.02136897,0.09346559,-0.36354435,-0.01102720,0.16788455,-0.09882800,0.00040491,0.05221637,-0.39469080,0.01020045,0.20565879,-0.07629693,-0.02049253,0.01900311,-0.40794200,0.03018436,0.23335929,-0.07272055,-0.37071718,-0.88365345,-0.82441090,0.38408435,0.83113394,0.66599251,-0.38637819,-0.75465245,-0.48837326,0.37753256,0.65641398,0.29667397,-0.35780250,-0.53925079,-0.09642144,0.32775682,0.40654074,-0.10661097,-0.01805891,-0.03545643,-0.99920825,-0.01005337,0.01071716,0.23162547,0.00650030,0.07049107,0.08602909
10102280000000,synthetic_50hz_02,114,0.02,91.79922666,91.67103965,14.87565969,14.98383605,15.04734162,1.35800292,124.29789742,1,1,0,0,1,0.52994283,0.23946520,0.23330003,0.00837319,-0.05245211,-0.14283215,0.00124087,0.07257578,0.15798532,-0.01081915,-0.09060706,-0.16858369,0.02008551,0.10602609,0.17432172,-0.02877279,-0.11838834,-0.17503397,0.03663054,0.12733740,0.17069992,0.01356842,0.07547402,-0.37946237,-0.00304386,0.18457590,-0.08637466,-0.00753068,0.03730645,-0.40332079,0.01785912,0.21835734,-0.07173878,-0.02765305,0.00888216,-0.40829718,0.03663985,0.24061067,-0.07657833,-0.38294357,-0.84225005,-0.69430392,0.38709089,0.76954850,0.51938376,-0.38007820,-0.67466050,-0.32948953,0.36210768,0.56032173,0.13009597,-0.33369742,-0.42982862,0.07304833,0.29566651,0.28694335,-0.27408660,-0.01814329,-0.03532420,-0.99921141,-0.01041405,0.01118256,0.23330003,0.00474154,0.06954941,0.08556882
10102300000000,synthetic_50hz_02,115,0.02,91.69517224,91.67586617,14.94776610,15.04734162,15.10549288,1.36827628,124.33402665,1,1,0,0,1,0.52986169,0.24076146,0.23496503,0.00037684,-0.06936255,-0.15582105,0.00923113,0.08779112,0.16721347,-0.01857297,-0.10368863,-0.17378505,0.02737934,0.11659675,0.17534633,-0.03539635,-0.12614333,-0.17185229,0.04239287,0.13205313,0.16340367,0.00560969,0.05855670,-0.39249632,0.00490460,0.19979112,-0.07710483,-0.01523935,0.02423200,-0.40855960,0.02510535,0.22891402,-0.07068168,-0.03422751,0.00114773,-0.40514238,0.04235257,0.24529968,-0.08385385,-0.38747138,-0.78395555,-0.55033083,0.38232112,0.69254431,0.36243204,-0.36614837,-0.58116669,-0.16408416,0.33941939,0.45303377,-0.03899434,-0.30290479,-0.31183968,0.24094861,0.25765730,0.16165510,-0.43595622,-0.01822891,-0.03518372,-0.99921480,-0.01077135,0.01164577,0.23496503,0.00298185,0.06860211,0.08510504
10102320000000,synthetic_50hz_02,116,0.02,91.58780260,91.65825346,15.01401135,15.10549288,15.15671143,1.37859221,124.36921294,1,1,0,0,1,0.52974530,0.24203822,0.23662040,-0.00761565,-0.08486440,-0.16568114,0.01702577,0.10123242,0.17309077,-0.02594502,-0.11468187,-0.17551011,0.03411628,0.12482499,0.17286942,-0.04130394,-0.13136935,-0.16524482,0.04730079,0.13412626,0.15285613,-0.00234538,0.04304767,-0.40240158,0.01265760,0.21323261,-0.07118570,-0.02256638,0.01324557,-0.41032232,0.03179478,0.23712858,-0.07312586,-0.04008606,-0.00405802,-0.39856204,0.04721090,0.24734635,-0.09438038,-0.38424902,-0.71003529,-0.39547237,0.36991171,0.60175711,0.19836205,-0.34490968,-0.47613000,0.00446715,0.30996373,0.33677583,-0.20716756,-0.26608140,-0.18771226,0.40389522,0.21452781,0.03323686,-0.58897841,-0.01831576,-0.03503506,-0.99921844,-0.01112516,0.01210669,0.23662040,0.00122157,0.06764926,0.08463778
10102340000000,synthetic_50hz_02,117,0.02,91.98549836,91.72370244,15.07394538,15.15671143,15.18119936,1.38895058,124.40345538,1,1,0,0,1,0.52959368,0.24329537,0.23826608,-0.01544421,-0.09865579,-0.17223415,0.02446984,0.11264136,0.17552008,-0.03278999,-0.12337942,-0.17374568,0.04016480,0.13056040,0.16696211,-0.04638163,-0.13397727,-0.15536495,0.05126126,0.13353150,0.13928855,-0.01013673,0.02924879,-0.40899990,0.02006020,0.22464203,-0.06871439,-0.02936646,0.00455454,-0.40859575,0.03779588,0.24285061,-0.07900021,-0.04511475,-0.00664594,-0.38870957,0.05112178,0.24672539,-0.10792668,-0.37338437,-0.62206271,-0.23290336,0.35015468,0.49908930,0.03051292,-0.31682987,-0.36172692,0.17275723,0.27437071,0.21393577,-0.37104671,-0.22400131,-0.05997676,0.55863873,0.16717385,-0.09571141,-0.73012494,-0.01840382,-0.03487829,-0.99922231,-0.01147537,0.01256524,0.23826608,-0.00053895,0.06669093,0.08416705
10102360000000,synthetic_50hz_02,118,0.02,91.80100717,91.73916338,15.11899205,15.18119936,15.20513795,1.39934944,124.43675314,1,1,0,0,1,0.52940686,0.24453281,0.23990201,-0.02295385,-0.11047287,-0.17537084,0.03141723,0.12180363,0.17447527,-0.03897484,-0.12962274,-0.16854950,0.04540878,0.13370477,0.15776437,-0.05053357,-0.13393203,-0.14243081,0.05420146,0.13029796,0.12299092,-0.01760936,0.01742392,-0.41218202,0.02696629,0.23380511,-0.06971704,-0.03550654,-0.00168258,-0.40343762,0.04299254,0.24598189,-0.08816477,-0.04921774,-0.00658100,-0.37580308,0.05401238,0.24346591,-0.12420275,-0.35514022,-0.52188189,-0.06592322,0.32348905,0.38666618,-0.13773357,-0.28251153,-0.24030271,0.33741945,0.23338908,0.08701120,-0.52737736,-0.17753792,0.06878889,0.70213074,0.11656825,-0.22260576,-0.85664136,-0.01849308,-0.03471347,-0.99922640,-0.01182185,0.01302133,0.23990201,-0.00229936,0.06572720,0.08369287
10102380000000,synthetic_50hz_02,119,0.02,91.81237925,91.75380656,15.15517333,15.20513795,15.22047612,1.40978606,124.46910558,1,1,0,0,1,0.52918488,0.24575045,0.24152811,-0.02999777,-0.12009465,-0.17505219,0.03773350,0.12855278,0.17000067,-0.04438136,-0.13330467,-0.16004794,0.04974968,0.13421333,0.14548096,-0.05368370,-0.13125255,-0.12671969,0.05606998,0.12450770,0.10430504,-0.02461648,0.00779405,-0.41190892,0.03324144,0.24055536,-0.07414931,-0.04086843,-0.00535860,-0.39497431,0.04728620,0.24647765,-0.10041477,-0.05231897,-0.00388209,-0.36011987,0.05583133,0.23764998,-0.14286678,-0.32992645,-0.41156491,0.10211482,0.29048944,0.26678818,-0.30302430,-0.24267747,-0.11431981,0.49519745,0.18786900,-0.04144444,-0.67309383,-0.12764418,0.19601384,0.83158460,0.06373932,-0.34493206,-0.96610040,-0.01858351,-0.03454067,-0.99923071,-0.01216451,0.01347487,0.24152811,-0.00405932,0.06475814,0.08321527
10102400000000,synthetic_50hz_02,120,0.02,91.95871883,91.79478901,15.18260050,15.22047612,15.22351250,1.42025709,124.50051217,1,1,0,0,1,0.52892778,0.24694819,0.24314431,-0.03644030,-0.12734689,-0.17130909,0.04329852,0.13277278,0.16220898,-0.04890841,-0.13437077,-0.14843230,0.05310826,0.13209479,0.13037625,-0.05577697,-0.12601045,-0.10856140,0.05683760,0.11629318,0.08361666,-0.03102241,0.00053341,-0.40821150,0.03876549,0.24477678,-0.08189852,-0.04535099,-0.00641911,-0.38339712,0.05059763,0.24434662,-0.11548583,-0.05436339,0.00137915,-0.34198973,0.05654937,0.22941005,-0.16353305,-0.29828922,-0.29336525,0.26787439,0.25185200,0.14188025,-0.46210415,-0.19815377,0.01369521,0.64301124,0.13874268,-0.16887584,-0.80538001,-0.07533157,0.31918770,0.94452930,0.00974861,-0.46029723,-1.05644738,-0.01867510,-0.03435997,-0.99923523,-0.01250323,0.01392576,0.24314431,-0.00581849,0.06378384,0.08273425
10102420000000,synthetic_50hz_02,121,0.02,91.98107935,91.83204708,15.19978354,15.22351250,15.22142328,1.43075851,124.53097253,1,1,0,0,1,0.52863560,0.24812592,0.24475055,-0.04215944,-0.13210486,-0.16424050,0.04800861,0.13439963,0.15127783,-0.05247367,-0.13281959,-0.13395376,0.05542589,0.12741030,0.11276774,-0.05678016,-0.11832771,-0.08833056,0.05649743,0.10583368,0.06134678,-0.03670516,-0.00423326,-0.40118869,0.04343481,0.24640534,-0.09278702,-0.04887189,-0.00486263,-0.36895722,0.05286822,0.23964993,-0.13306049,-0.05531779,0.00908075,-0.32178731,0.05615963,0.21892541,-0.18578054,-0.26089738,-0.16966804,0.42810475,0.20837803,0.01443963,-0.61188180,-0.14985104,0.14120509,0.77801802,0.08700377,-0.29277879,-0.92172361,-0.02164814,0.43591154,1.03885548,-0.04433161,-0.56647676,-1.12603667,-0.01876783,-0.03417144,-0.99923996,-0.01283790,0.01437393,0.24475055,-0.00757651,0.06280438,0.08224985
10102440000000,synthetic_50hz_02,122,0.02,92.53405905,91.97244947,15.20887223,15.22142328,15.19527055,1.44128599,124.56048641,1,1,0,0,1,0.52830842,0.24928355,0.24634677,-0.04704916,-0.13429504,-0.15401023,0.05177849,0.13342169,0.13744501,-0.05501501,-0.12870173,-0.11691720,0.05666543,0.12027123,0.09301861,-0.05668216,-0.10837326,-0.06643824,0.05506471,0.09335084,0.03794244,-0.04155870,-0.00643244,-0.39100432,0.04716408,0.24542944,-0.10657704,-0.05136901,-0.00073978,-0.35195949,0.05406081,0.23249896,-0.15277553,-0.05517106,0.01905378,-0.29992365,0.05467737,0.20641768,-0.20916222,-0.21852664,-0.04293873,0.57970638,0.16095560,-0.11301693,-0.74949067,-0.09874413,0.26571426,0.89766679,0.03368583,-0.41075093,-1.01996276,0.03234366,0.54394545,1.11285273,-0.09744066,-0.66145778,-1.17365864,-0.01886169,-0.03397515,-0.99924488,-0.01316840,0.01481927,0.24634677,-0.00933305,0.06181982,0.08176208
10102460000000,synthetic_50hz_02,123,0.02,92.74163171,92.12628592,15.20315952,15.19527055,15.16331479,1.45183412,124.58905373,1,1,0,0,1,0.52794629,0.25042099,0.24793290,-0.05102125,-0.13389571,-0.14084246,0.05454256,0.12987904,0.12100253,-0.05649138,-0.12211789,-0.09767405,0.05681153,0.11083604,0.07152957,-0.05549377,-0.09635872,-0.04332287,0.05257611,0.07910334,0.01386714,-0.04549482,-0.00604241,-0.37788258,0.04988772,0.24188912,-0.12297657,-0.05280130,0.00584873,-0.33275536,0.05416006,0.22305216,-0.17423025,-0.05393399,0.03108661,-0.27683719,0.05213923,0.19214558,-0.23321457,-0.17204175,0.08432891,0.71979186,0.11053988,-0.23800506,-0.87234372,-0.04585109,0.38481940,0.99974551,-0.02015960,-0.52053923,-1.09832416,0.08558908,0.64125166,1.16523762,-0.14855100,-0.74347651,-1.19855673,-0.01895665,-0.03377119,-0.99925000,-0.01349465,0.01526172,0.24793290,-0.01108776,0.06083026,0.08127096
10102480000000,synthetic_50hz_02,124,0.02,93.09457655,92.31994405,15.18642473,15.16331479,15.12158559,1.46239708,124.61667451,1,1,0,0,1,0.52754928,0.25153814,0.24950888,-0.05400678,-0.13093635,-0.12501606,0.05625596,0.12386163,0.10228969,-0.05688325,-0.11321592,-0.07661427,0.05587057,0.09930614,0.04873002,-0.05324712,-0.08253333,-0.01944086,0.04908853,0.06338103,-0.01040879,-0.04844459,-0.00309266,-0.36210232,0.05156087,0.23587435,-0.14164631,-0.05314923,0.01475507,-0.31173479,0.05317236,0.21151097,-0.19699527,-0.05163872,0.04493001,-0.25298435,0.04860213,0.17639892,-0.25746730,-0.12237720,0.20966425,0.84574089,0.05813236,-0.35812290,-0.97818113,0.00778847,0.49625670,1.08241995,-0.07348475,-0.62008319,-1.15545210,0.13706244,0.72603240,1.19517203,-0.19668855,-0.81104975,-1.20043459,-0.01905269,-0.03355964,-0.99925530,-0.01381651,0.01570117,0.24950888,-0.01284030,0.05983577,0.08077651
10102500000000,synthetic_50hz_02,125,0.02,92.93164502,92.44228424,15.15919229,15.12158559,15.09207151,1.47296877,124.64334893,1,1,0,0,1,0.52711747,0.25263493,0.25107463,-0.05595708,-0.12549613,-0.10685791,0.05689498,0.11550655,0.08168537,-0.05619258,-0.10218686,-0.05415780,0.05387012,0.08592108,0.02506883,-0.04999455,-0.06717815,0.00474288,0.04467762,0.04649844,-0.03441785,-0.05035935,0.00233765,-0.34399042,0.05215983,0.22752223,-0.16220737,-0.05241477,0.02578820,-0.28931772,0.05112527,0.19811490,-0.22062171,-0.04833760,0.06030290,-0.22883002,0.04414173,0.15949225,-0.28145288,-0.07051695,0.33066944,0.95524835,0.00475964,-0.47109831,-1.06510987,0.06113489,0.59794519,1.14426376,-0.12526687,-0.70755304,-1.19042801,0.18578735,0.79676180,1.20227165,-0.24095149,-0.86299954,-1.17945325,-0.01914980,-0.03334057,-0.99926078,-0.01413391,0.01613754,0.25107463,-0.01459032,0.05883643,0.08027875
10102520000000,synthetic_50hz_02,126,0.02,92.78197318,92.51022203,15.13100156,15.09207151,15.07227253,1.48354405,124.66907730,1,1,0,0,1,0.52665095,0.25371124,0.25263010,-0.05684436,-0.11770129,-0.08673542,0.05645720,0.10499432,0.05959960,-0.05444236,-0.08926031,-0.03074551,0.05085792,0.07095289,0.00100500,-0.04580722,-0.05059986,0.02876447,0.03943588,0.02878802,-0.05770466,-0.05121130,0.01012228,-0.32391428,0.05168216,0.21701325,-0.18424973,-0.05062090,0.03871851,-0.26594502,0.04806653,0.18313601,-0.24465056,-0.04410177,0.07689862,-0.20483808,0.03885051,0.14175802,-0.30471594,-0.01747353,0.44506647,1.04636470,-0.04854777,-0.57483215,-1.13163474,0.11316941,0.68802515,1.18427922,-0.17452833,-0.78138206,-1.20278037,0.23085551,0.85221136,1.18660481,-0.28052703,-0.89847101,-1.13621888,-0.01924797,-0.03311408,-0.99926642,-0.01444672,0.01657076,0.25263010,-0.01633748,0.05783233,0.07977770
10102540000000,synthetic_50hz_02,127,0.02,92.73559510,92.55529664,15.10633537,15.07227253,15.05677081,1.49411919,124.69386009,1,1,0,0,1,0.52614980,0.25476701,0.25417522,-0.05666179,-0.10772165,-0.06504832,0.05496103,0.09254440,0.03646481,-0.05167571,-0.07469905,-0.00683001,0.04690056,0.05470009,-0.02300170,-0.04077324,-0.03312410,0.05217027,0.03347042,0.01059312,-0.07983474,-0.05099362,0.02009141,-0.30227365,0.05014628,0.20456689,-0.20734097,-0.04781075,0.05328323,-0.24206929,0.04406274,0.16687281,-0.26862208,-0.03901937,0.09439152,-0.18146219,0.03283559,0.12353959,-0.32682200,0.03573279,0.55074040,1.11752777,-0.10077624,-0.66743691,-1.17668023,0.16291425,0.76489091,1.20190844,-0.22035538,-0.84029274,-1.19248508,0.27144355,0.89146854,1.14868181,-0.31470588,-0.91694289,-1.07176151,-0.01934716,-0.03288025,-0.99927223,-0.01475485,0.01700072,0.25417522,-0.01808144,0.05682355,0.07927339
10102560000000,synthetic_50hz_02,128,0.02,92.98420057,92.64107743,15.08551825,15.05677081,15.03394371,1.50469157,124.71769788,1,1,0,0,1,0.52561413,0.25580214,0.25570994,-0.05542321,-0.09576634,-0.04222013,0.05244491,0.07841002,0.01272675,-0.04795460,-0.05879309,0.01713355,0.04208173,0.03748114,-0.04649988,-0.03499563,-0.01508859,0.07452560,0.02690059,-0.00773898,-0.10040271,-0.04972015,0.03203591,-0.27949204,0.04759065,0.19043638,-0.23103533,-0.04404629,0.06919233,-0.21814568,0.03919760,0.14964376,-0.29208485,-0.03319340,0.11244388,-0.15913701,0.02621633,0.10518422,-0.34736568,0.08809465,0.64577818,1.16758584,-0.15094891,-0.74726995,-1.19960313,0.20945125,0.82721757,1.19703531,-0.26191501,-0.88331613,-1.15995640,0.30682763,0.91394827,1.08943541,-0.34289428,-0.91823085,-0.98750548,-0.01944735,-0.03263917,-0.99927818,-0.01505820,0.01742735,0.25570994,-0.01982186,0.05581016,0.07876583
10102580000000,synthetic_50hz_02,129,0.02,93.05696177,92.72425430,15.06385694,15.03394371,15.01237595,1.51525898,124.74059141,1,1,0,0,1,0.52504404,0.25681656,0.25723417,-0.05316241,-0.08207880,-0.01868925,0.04896617,0.06287245,-0.01116457,-0.04335821,-0.04185345,0.04069652,0.03650022,0.01962780,-0.06905516,-0.02858991,0.00316373,0.09542292,0.01985534,-0.02586405,-0.11903959,-0.04742467,0.04571234,-0.25600784,0.04407257,0.17490299,-0.25488281,-0.03940670,0.08613481,-0.19462285,0.03356988,0.13178062,-0.31460452,-0.02673939,0.13071277,-0.13827008,0.01912168,0.08703615,-0.36597800,0.13863720,0.72850222,1.19581150,-0.19814429,-0.81296072,-1.20019589,0.25193878,0.87398118,1.16997808,-0.29846975,-0.90980435,-1.10602926,0.33639571,0.91939744,1.01019309,-0.36462322,-0.90248388,-0.88523259,-0.01954854,-0.03239094,-0.99928429,-0.01535668,0.01785057,0.25723417,-0.02155839,0.05479225,0.07825504
10102600000000,synthetic_50hz_02,130,0.02,93.21479226,92.82236189,15.04223493,15.01237595,14.98900943,1.52581957,124.76254154,1,1,0,0,1,0.52443964,0.25781017,0.25874788,-0.04993197,-0.06693126,0.00509991,0.04459940,0.04623487,-0.03476376,-0.03798101,-0.02420550,0.06342535,0.03026762,0.00147828,-0.09025836,-0.02168159,0.02129156,0.11448917,0.01247047,-0.04344755,-0.13541922,-0.04415978,0.06084847,-0.23226546,0.03966666,0.15826990,-0.27843800,-0.03398645,0.10378529,-0.17193433,0.02729118,0.11362161,-0.33577188,-0.01978285,0.14885687,-0.11923446,0.01168743,0.06942992,-0.38233281,0.18643672,0.79749823,1.20190652,-0.24151316,-0.86343177,-1.17868091,0.28962666,0.90447216,1.12147338,-0.32939009,-0.91943621,-1.03193325,0.35965705,0.90789248,0.91264200,-0.37955494,-0.87017378,-0.76703886,-0.01965070,-0.03213565,-0.99929052,-0.01565017,0.01827029,0.25874788,-0.02329070,0.05376990,0.07774105
10102620000000,synthetic_50hz_02,131,0.02,93.09869174,92.87762786,15.01988022,14.98900943,14.97502696,1.53637176,124.78354928,1,1,0,0,1,0.52380106,0.25878290,0.26025098,-0.04580187,-0.05061878,0.02870576,0.03943467,0.02881598,-0.05763859,-0.03193055,-0.00618239,0.08490968,0.02350586,-0.01662943,-0.10973279,-0.01440349,0.03896182,0.13139225,0.00488585,-0.06017093,-0.14926360,-0.03999545,0.07714924,-0.20870650,0.03446298,0.14085579,-0.30126871,-0.02789309,0.12181063,-0.15049049,0.02048344,0.09550469,-0.35521026,-0.01245660,0.16654311,-0.10236226,0.00405347,0.05268410,-0.39615211,0.23063747,0.85163682,1.18599771,-0.28029362,-0.89791303,-1.13569619,0.32186877,0.91830198,1.05265202,-0.35416429,-0.91221586,-0.93925940,0.37624909,0.87983013,0.79878750,-0.38748645,-0.82207849,-0.63528618,-0.01975381,-0.03187338,-0.99929689,-0.01593860,0.01868642,0.26025098,-0.02501844,0.05274320,0.07722387
10102640000000,synthetic_50hz_02,132,0.02,93.18735370,92.93957303,15.00104185,14.97502696,14.96117081,1.54691468,124.80361577,1,1,0,0,1,0.52312840,0.25973466,0.26174342,-0.04085769,-0.03345299,0.05169794,0.03357538,0.01094343,-0.07937810,-0.02532508,0.01188164,0.10476975,0.01634464,-0.03436415,-0.12714084,-0.00689298,0.05585592,0.14584640,-0.00275740,-0.07573735,-0.16034714,-0.03501726,0.09430303,-0.18576129,0.02856492,0.12298834,-0.32296395,-0.02124487,0.13987657,-0.13067109,0.01327636,0.07776109,-0.37258206,-0.00489803,0.18345291,-0.08793923,-0.00363910,0.03709551,-0.40721029,0.27046683,0.89008878,1.14862435,-0.31382381,-0.91594953,-1.07227304,0.34813311,0.91540303,0.96500759,-0.37240557,-0.88846503,-0.82992053,0.38594140,0.83591217,0.67090647,-0.38835036,-0.75925958,-0.49254987,-0.01985785,-0.03160425,-0.99930337,-0.01622187,0.01909890,0.26174342,-0.02674127,0.05171222,0.07670353
10102660000000,synthetic_50hz_02,133,0.02,93.27365967,93.00639035,14.98429601,14.96117081,14.94789090,1.55744790,124.82274230,1,1,0,0,1,0.52242182,0.26066539,0.26322515,-0.03519856,-0.01575571,0.07366537,0.02713595,-0.00705264,-0.09959988,-0.01829100,0.02965765,0.12266288,0.00891871,-0.05140762,-0.14218945,0.00071071,0.07167549,0.15761663,-0.01031964,-0.08987691,-0.16849965,-0.02932435,0.11198801,-0.16384094,0.02208692,0.10499767,-0.34314132,-0.01416821,0.15765420,-0.11281881,0.00580467,0.06070902,-0.38759420,0.00275366,0.19928787,-0.07620035,-0.01125062,0.02293405,-0.41533718,0.30524815,0.91233375,1.09071761,-0.34155232,-0.91740249,-0.98980639,0.36800937,0.89602209,0.86035860,-0.38385655,-0.84880896,-0.70610626,0.38863696,0.77712427,0.53149656,-0.38221279,-0.68303472,-0.34156356,-0.01996279,-0.03132835,-0.99930997,-0.01649987,0.01950763,0.26322515,-0.02845887,0.05067706,0.07618005
10102680000000,synthetic_50hz_02,134,0.02,93.05767767,93.01664782,14.96900586,14.94789090,14.94692961,1.56797124,124.84093029,1,1,0,0,1,0.52168144,0.26157500,0.26469609,-0.02893498,0.00214746,0.09422355,0.02023939,-0.02484599,-0.11795670,-0.01096028,0.04682821,0.13828911,0.00136518,-0.06746034,-0.15463458,0.00826928,0.08614756,0.16652186,-0.01766533,-0.10235110,-0.17360824,-0.02302721,0.12987857,-0.14332995,0.01515198,0.08721003,-0.36145360,-0.00679506,0.17482606,-0.09723359,-0.00179448,0.04464802,-0.40000266,0.01036015,0.21377504,-0.06732671,-0.01864555,0.01043823,-0.42041989,0.33441143,0.91816248,1.01357273,-0.36304598,-0.90244402,-0.89001883,0.38121374,0.86070768,0.74080526,-0.38839093,-0.79415673,-0.57023394,0.38437063,0.70470988,0.38322250,-0.36926875,-0.59494591,-0.18516258,-0.02006863,-0.03104579,-0.99931667,-0.01677253,0.01991254,0.26469609,-0.03017089,0.04963779,0.07565345
10102700000000,synthetic_50hz_02,135,0.02,93.32651780,93.07862181,14.95973384,14.94692961,14.93775511,1.57848530,124.85818128,1,1,0,0,1,0.52090741,0.26246343,0.26615619,-0.02218640,0.01993337,0.11302118,0.01301470,-0.04212037,-0.13414218,-0.00346778,0.06309302,0.15139581,-0.00617912,-0.08224668,-0.16428462,0.01564788,0.09902912,0.17243702,-0.02466550,-0.11295650,-0.17561799,-0.01624530,0.14765158,-0.12457958,0.00788911,0.06994166,-0.37759440,0.00073971,0.19109187,-0.08416809,-0.00938429,0.02985370,-0.40961582,0.01778658,0.22667141,-0.06144338,-0.02569493,-0.00018851,-0.42240350,0.35750145,0.90767276,0.91881488,-0.37799514,-0.87154576,-0.77491912,0.38759105,0.81029169,0.60868208,-0.38601254,-0.72567654,-0.42489645,0.37330510,0.62013979,0.22886086,-0.34983510,-0.49672413,-0.02622711,-0.02017533,-0.03075666,-0.99932346,-0.01703976,0.02031354,0.26615619,-0.03187699,0.04859450,0.07512375
10102720000000,synthetic_50hz_02,136,0.02,93.37131604,93.13716066,14.95050277,14.93775511,14.93086260,1.58899060,124.87449697,1,1,0,0,1,0.52009989,0.26333060,0.26760538,-0.01507875,0.03728737,0.12974593,0.00559434,-0.05857517,-0.14789547,0.00405135,0.07817423,0.16178112,-0.01358024,-0.09551948,-0.17100255,0.02271760,0.11011086,0.17529389,-0.03120000,-0.12152769,-0.17453143,-0.00910454,0.16499239,-0.10790220,0.00043077,0.05349317,-0.39130288,0.00830094,0.20617376,-0.07382413,-0.01683079,0.01657322,-0.41629667,0.02490406,0.23776767,-0.05861858,-0.03227860,-0.00878076,-0.42129053,0.37418332,0.88125941,0.80835944,-0.38621622,-0.82546200,-0.64675648,0.38711433,0.74586613,0.46650723,-0.37685176,-0.64476660,-0.27280836,0.35572437,0.52507814,0.07124429,-0.32434128,-0.39025144,0.13237378,-0.02028288,-0.03046107,-0.99933033,-0.01730147,0.02071056,0.26760538,-0.03357685,0.04754728,0.07459097
10102740000000,synthetic_50hz_02,137,0.02,93.48947154,93.20762284,14.94225390,14.93086260,14.92333023,1.59948766,124.88987917,1,1,0,0,1,0.51925902,0.26417644,0.26904362,-0.00774188,0.05390898,0.14412917,-0.00188838,-0.07393067,-0.15900490,0.01146419,0.09182091,0.16929643,-0.02070948,-0.10706390,-0.17470708,0.02935771,0.11922020,0.17508083,-0.03715954,-0.12793932,-0.17040693,-0.00173480,0.18160050,-0.09356641,-0.00708973,0.03814430,-0.40236736,0.01575572,0.21982082,-0.06635035,-0.02400529,0.00502141,-0.41996391,0.03159183,0.24689124,-0.05886393,-0.03828726,-0.01521318,-0.41713937,0.38424558,0.83959878,0.68436805,-0.38765179,-0.76520774,-0.50797159,0.37988181,0.66875539,0.31693007,-0.36115966,-0.55302252,-0.11675131,0.33202511,0.42134575,-0.08679344,-0.29331812,-0.27752139,0.28783590,-0.02039126,-0.03015913,-0.99933728,-0.01755757,0.02110353,0.26904362,-0.03527012,0.04649620,0.07405514
10102760000000,synthetic_50hz_02,138,0.02,93.45867451,93.25783317,14.93430596,14.92333023,14.92125074,1.60997698,124.90432986,1,1,0,0,1,0.51838498,0.26500088,0.27047083,-0.00030708,0.06951700,0.15594980,-0.00930179,-0.08793259,-0.16731053,0.01864248,0.10381305,0.17384761,-0.02744571,-0.11670052,-0.17537258,0.03545766,0.12622347,0.17184149,-0.04244735,-0.13210733,-0.16335612,0.00573263,0.19719473,-0.08179332,-0.01454073,0.02414931,-0.41062792,0.02297579,0.23181304,-0.06184087,-0.03078665,-0.00462228,-0.42059193,0.03773937,0.25390844,-0.06213581,-0.04362416,-0.01940170,-0.41006164,0.38760070,0.78362817,0.54920114,-0.38236806,-0.69203237,-0.36114548,0.36611157,0.58048496,0.16267782,-0.33929992,-0.45220189,0.04047991,0.30270609,0.31088163,-0.24247059,-0.25738510,-0.16059851,0.43747073,-0.02050044,-0.02985095,-0.99934430,-0.01780798,0.02149236,0.27047083,-0.03695648,0.04544136,0.07351627
10102780000000,synthetic_50hz_02,139,0.02,93.27084570,93.26043568,14.92882277,14.92125074,14.92978699,1.62045925,124.91785111,1,1,0,0,1,0.51747794,0.26580385,0.27188697,0.00709537,0.08385424,0.16503694,-0.01651822,-0.10035613,-0.17270567,0.02546485,0.11396470,0.17539521,-0.03367732,-0.12428761,-0.17302803,0.04091885,0.13102726,0.16567236,-0.04698067,-0.13398933,-0.15354029,0.01316749,0.21151789,-0.07275381,-0.02179455,0.01173300,-0.41597787,0.02983977,0.24196445,-0.06033513,-0.03706326,-0.01221614,-0.41820968,0.04324805,0.25872586,-0.06833769,-0.04820651,-0.02130393,-0.40021863,0.38428316,0.71452094,0.40536841,-0.37055020,-0.60738977,-0.20894753,0.34613412,0.48274727,0.00650260,-0.31173882,-0.34418693,0.19612981,0.26835595,0.19570353,-0.39310770,-0.21723626,-0.04157791,0.57875212,-0.02061040,-0.02953663,-0.99935137,-0.01805263,0.02187697,0.27188697,-0.03863560,0.04438283,0.07297439
10102800000000,synthetic_50hz_02,140,0.02,93.38719589,93.28578772,14.92922774,14.92978699,14.93552406,1.63093579,124.93044516,1,1,0,0,1,0.51653807,0.26658530,0.27329197,0.01433862,0.09669147,0.17127164,-0.02341627,-0.11100916,-0.17513728,0.03181883,0.12212640,0.17395364,-0.03930403,-0.12972268,-0.16775483,0.04565608,0.13357899,0.15671957,-0.05069184,-0.13358416,-0.14116601,0.02044292,0.22434075,-0.06656682,-0.02872978,0.00108750,-0.41836416,0.03623518,0.25012561,-0.06181873,-0.04273485,-0.01765767,-0.41289859,0.04803269,0.26129094,-0.07732348,-0.05196667,-0.02091870,-0.38781691,0.37444523,0.63365797,0.25547804,-0.35249538,-0.51290543,-0.05408357,0.32038292,0.37736558,-0.14887016,-0.27903367,-0.23094611,0.34753189,0.22963974,0.07786835,-0.53617411,-0.17362520,0.07745439,0.70935818,-0.02072113,-0.02921630,-0.99935850,-0.01829142,0.02225730,0.27329197,-0.04030715,0.04332072,0.07242953
10102820000000,synthetic_50hz_02,141,0.02,93.38353982,93.30533814,14.93187219,14.93552406,14.94382887,1.64140798,124.94211437,1,1,0,0,1,0.51556557,0.26734515,0.27468578,0.02130138,0.10783078,0.17458746,-0.02988276,-0.11973480,-0.17460534,0.03760261,0.12818681,0.16958926,-0.04423836,-0.13294314,-0.15968385,0.04959869,0.13386665,0.14517468,-0.05352907,-0.13093072,-0.12648005,0.02743762,0.23546538,-0.06329879,-0.03523324,-0.00763030,-0.41778677,0.04206024,0.25618518,-0.06622530,-0.04771392,-0.02088428,-0.40478953,0.05202262,0.26159163,-0.08890160,-0.05485285,-0.01828493,-0.37310326,0.35835071,0.54259609,0.10218593,-0.32860396,-0.41034153,0.10075487,0.28938341,0.26625662,-0.30079087,-0.24181980,-0.11449542,0.49215492,0.18728441,-0.04056675,-0.66932992,-0.12734952,0.19445935,0.82720782,-0.02083259,-0.02889006,-0.99936566,-0.01852429,0.02263326,0.27468578,-0.04197080,0.04225509,0.07188169
10102840000000,synthetic_50hz_02,142,0.02,93.22088667,93.28844785,14.93689400,14.94382887,14.96045545,1.65187722,124.95286122,1,1,0,0,1,0.51456061,0.26808334,0.27606834,0.02786999,0.11710820,0.17497015,-0.03581457,-0.12641316,-0.17116125,0.04272661,0.13207357,0.16241769,-0.04840681,-0.13392625,-0.14899155,0.05269143,0.13191776,0.13126992,-0.05545692,-0.12610603,-0.10976371,0.03403794,0.24472783,-0.06296398,-0.04120183,-0.01430052,-0.41429711,0.04722534,0.26007078,-0.07343922,-0.05192698,-0.02187324,-0.39405895,0.05516257,0.25965549,-0.10283980,-0.05682959,-0.01347961,-0.35635898,0.33636664,0.44303436,-0.05185407,-0.29936911,-0.30156066,0.25293906,0.25374062,0.15139283,-0.44673170,-0.20079667,0.00313973,0.62764486,0.14206366,-0.15758177,-0.79046272,-0.07923489,0.30748066,0.93049118,-0.02094478,-0.02855804,-0.99937286,-0.01875116,0.02300479,0.27606834,-0.04362622,0.04118604,0.07133092
10102860000000,synthetic_50hz_02,143,0.02,93.43577789,93.31791385,14.94678981,14.96045545,14.96959601,1.66234529,124.96268835,1,1,0,0,1,0.51352340,0.26879983,0.27743959,0.03394018,0.12439556,0.17245623,-0.04112017,-0.13096233,-0.16490534,0.04711464,0.13375340,0.15260014,-0.05175078,-0.13268830,-0.13589542,0.05489492,0.12779773,0.11527276,-0.05645641,-0.11922269,-0.09132674,0.04013960,0.25199994,-0.06552586,-0.04654399,-0.01884124,-0.40799550,0.05165430,0.26174915,-0.08329928,-0.05531542,-0.02064084,-0.38092433,0.05741319,0.25554790,-0.11887064,-0.05787792,-0.00661537,-0.33789381,0.30895351,0.33677894,-0.20403809,-0.26536492,-0.18848907,0.39994863,0.21412574,0.03476497,-0.58432847,-0.15671322,0.11996142,0.75186185,0.09478258,-0.27122927,-0.89771869,-0.03011932,0.41467745,1.01769389,-0.02105766,-0.02822034,-0.99938008,-0.01897195,0.02337181,0.27743959,-0.04527309,0.04011365,0.07077722
10102880000000,synthetic_50hz_02,144,0.02,93.55830605,93.36599229,14.95636841,14.96959601,14.97643710,1.67281361,124.97159850,1,1,0,0,1,0.51245414,0.26949454,0.27879947,0.03941865,0.12960170,0.16713079,-0.04572085,-0.13333868,-0.15598353,0.05070490,0.13323144,0.14033919,-0.05422710,-0.12928308,-0.12064881,0.05618590,0.12160743,0.09748007,-0.05652485,-0.11042578,-0.07150094,0.04564930,0.25719053,-0.07089934,-0.05118103,-0.02120884,-0.39902789,0.05528531,0.26122542,-0.09560289,-0.05783607,-0.01724087,-0.36563906,0.05875121,0.24936976,-0.13669723,-0.05799513,0.00216272,-0.31803955,0.27665396,0.22570731,-0.35185728,-0.22723360,-0.07308007,0.53941328,0.17126199,-0.08165411,-0.71141775,-0.11035282,0.23403416,0.86291171,0.04626213,-0.37966689,-0.98952752,0.01916233,0.51435365,1.08761479,-0.02117121,-0.02787709,-0.99938731,-0.01918659,0.02373425,0.27879947,-0.04691108,0.03903802,0.07022062
10102900000000,synthetic_50hz_02,145,0.02,93.48011117,93.38881607,14.96479726,14.97643710,14.98922035,1.68328319,124.97959456,1,1,0,0,1,0.51135303,0.27016742,0.28014793,0.04422436,0.13267284,0.15912442,-0.04955175,-0.13353636,-0.14458334,0.05345053,0.13054997,0.12587387,-0.05580831,-0.12379976,-0.10353539,0.05655711,0.11348035,0.07821193,-0.05567534,-0.09988925,-0.05063360,0.05048600,0.26024582,-0.07895382,-0.05504807,-0.02139747,-0.38758178,0.05807152,0.25854186,-0.11011105,-0.05946148,-0.01176248,-0.34848677,0.05916934,0.24125453,-0.15599949,-0.05719435,0.01268072,-0.29714351,0.24008051,0.11173250,-0.49293935,-0.18567178,0.04272159,0.66915004,0.12591005,-0.19594399,-0.82606882,-0.06251827,0.34351724,0.95917165,-0.00267594,-0.48118673,-1.06462111,0.06779300,0.60498337,1.13937705,-0.02128542,-0.02752840,-0.99939455,-0.01939502,0.02409204,0.28014793,-0.04853989,0.03795922,0.06966114
10102920000000,synthetic_50hz_02,146,0.02,93.86092130,93.48323712,14.97505496,14.98922035,14.98944230,1.69375511,124.98667954,1,1,0,0,1,0.51022031,0.27081841,0.28148492,0.04828953,0.13359229,0.14860944,-0.05256247,-0.13158619,-0.13092923,0.05532000,0.12578640,0.10947426,-0.05648264,-0.11636013,-0.08486311,0.05601685,0.10357915,0.05780531,-0.05393607,-0.08781193,-0.02908095,0.05458192,0.26114914,-0.08951698,-0.05809472,-0.01943795,-0.37388162,0.05998139,0.25377591,-0.12655363,-0.06017987,-0.00432749,-0.32977544,0.05867592,0.23136488,-0.17644047,-0.05550376,0.02473980,-0.27556191,0.19990237,-0.00323179,-0.62508591,-0.14141643,0.15701371,0.78719557,0.07885338,-0.30626885,-0.92661002,-0.01401695,0.44669413,1.03930986,-0.05122359,-0.57424100,-1.12204592,0.11498734,0.68523223,1.17243288,-0.02140025,-0.02717441,-0.99940178,-0.01959716,0.02444511,0.28148492,-0.05015917,0.03687735,0.06909882
10102940000000,synthetic_50hz_02,147,0.02,93.83934615,93.55445892,14.98109764,14.98944230,14.99500374,1.70422970,124.99285659,1,1,0,0,1,0.50905618,0.27144747,0.28281039,0.05156038,0.13237956,0.13579555,-0.05471752,-0.12755391,-0.11527746,0.05629714,0.11905083,0.09143586,-0.05625368,-0.10711545,-0.06495813,0.05458840,0.09209189,0.03660762,-0.05134931,-0.07441328,-0.00720170,0.05788327,0.25991998,-0.10237913,-0.06028550,-0.01539601,-0.35818369,0.06099875,0.24703764,-0.14463516,-0.05999482,0.00491287,-0.30983122,0.05729419,0.21988887,-0.19767272,-0.05296560,0.03812049,-0.25365345,0.15683186,-0.11730473,-0.74630499,-0.09523058,0.26796855,0.89183306,0.03088376,-0.41090671,-1.01164918,0.03435345,0.54199823,1.10229897,-0.09860024,-0.65746370,-1.16116897,0.16000434,0.75397418,1.18656193,-0.02151569,-0.02681522,-0.99940900,-0.01979296,0.02479338,0.28281039,-0.05176863,0.03579249,0.06853366
10102960000000,synthetic_50hz_02,148,0.02,94.03458150,93.65048344,14.98693820,14.99500374,14.99666403,1.71470722,124.99812898,1,1,0,0,1,0.50786087,0.27205455,0.28412426,0.05399757,0.12908874,0.12092492,-0.05599641,-0.12153785,-0.09791065,0.05638084,0.11048298,0.07207357,-0.05513979,-0.09624283,-0.04415858,0.05230904,0.07922796,0.01497047,-0.04797019,-0.05992890,0.01464924,0.06035073,0.25661245,-0.11729808,-0.06159989,-0.00937000,-0.34077062,0.06112249,0.23846680,-0.16404073,-0.05892471,0.01578148,-0.28899224,0.05506146,0.20703589,-0.21934466,-0.04963502,0.05258720,-0.23177306,0.11161051,-0.22866991,-0.85483855,-0.04788922,0.37386194,0.98161353,-0.01721274,-0.50827536,-1.08008814,0.08181845,0.62803496,1.14742330,-0.14406529,-0.72968803,-1.18167772,0.20215867,0.81030384,1.18186382,-0.02163172,-0.02645098,-0.99941620,-0.01998234,0.02513680,0.28412426,-0.05336794,0.03470473,0.06796569
10102980000000,synthetic_50hz_02,149,0.02,93.89811555,93.70000986,14.99102305,14.99666403,15.00783903,1.72518766,125.00250010,1,1,0,0,1,0.50663463,0.27263959,0.28542650,0.05557641,0.12380641,0.10426699,-0.05639345,-0.11366615,-0.07913206,0.05558464,0.10024884,0.05171571,-0.05317331,-0.08394132,-0.02280838,0.04922896,0.06521372,-0.00675653,-0.04386532,-0.04460599,0.03612665,0.06195959,0.25131311,-0.13400441,-0.06203223,-0.00148804,-0.32194565,0.06036615,0.22822935,-0.18444202,-0.05700184,0.02807928,-0.26760242,0.05202790,0.19303231,-0.24110667,-0.04557864,0.06789273,-0.21026596,0.06499526,-0.33560429,-0.94918444,-0.00016544,0.47309935,1.05537130,-0.06466915,-0.59695474,-1.13113130,0.12763929,0.70359964,1.17428027,-0.18692954,-0.78995944,-1.18357418,0.24083052,0.85354434,1.15874510,-0.02174831,-0.02608180,-0.99942337,-0.02016525,0.02547528,0.28542650,-0.05495679,0.03361416,0.06739494
10103000000000,synthetic_50hz_02,150,0.02,93.98668687,93.75734526,14.99808576,15.00783903,15.01806647,1.73567137,125.00597349,1,1,0,0,1,0.50537769,0.27320254,0.28671705,0.05628669,0.11664903,0.08611291,-0.05591736,-0.10409351,-0.05925968,0.05393591,0.08853693,0.03069797,-0.05039946,-0.07042778,-0.00125123,0.04540997,0.05028817,-0.02823159,-0.03911129,-0.02869872,0.05690048,0.06269965,0.24413845,-0.15220695,-0.06159121,0.00809516,-0.30202679,0.05875709,0.21651382,-0.20550334,-0.05427147,0.04158942,-0.24600547,0.04825532,0.17811711,-0.26261695,-0.04087302,0.08378290,-0.18946218,0.01774502,-0.43650429,-1.02811292,0.04718260,0.56423842,1.11223373,-0.11074992,-0.67570529,-1.16428832,0.17112427,0.76769127,1.18277594,-0.22656502,-0.83754434,-1.16716357,0.27547381,0.88325063,1.11790134,-0.02186543,-0.02570780,-0.99943050,-0.02034162,0.02580878,0.28671705,-0.05653487,0.03252087,0.06682144
10103020000000,synthetic_50hz_02,151,0.02,94.29719235,93.86531468,15.00647766,15.01806647,15.01905065,1.74615884,125.00855280,1,1,0,0,1,0.50409029,0.27374336,0.28799585,0.05613242,0.10775995,0.06676993,-0.05459061,-0.09299770,-0.03862047,0.05147492,0.07555429,0.00935756,-0.04687519,-0.05593262,0.02017514,0.04092402,0.03469838,-0.04912617,-0.03379300,-0.01246377,0.07666087,0.06257491,0.23523178,-0.17159846,-0.06029932,0.01920183,-0.28134098,0.05633559,0.20352727,-0.22688748,-0.05079053,0.05608148,-0.22453913,0.04381568,0.16253737,-0.28354697,-0.03560308,0.10000104,-0.16967160,-0.02939227,-0.52990857,-1.09067745,0.09342401,0.64600783,1.15162530,-0.15476230,-0.74348239,-1.17937126,0.21163871,0.81952200,1.17311539,-0.26241349,-0.87193441,-1.13303806,0.30562276,0.89920855,1.06029472,-0.02198307,-0.02532913,-0.99943759,-0.02051141,0.02613722,0.28799585,-0.05810187,0.03142494,0.06624519
10103040000000,synthetic_50hz_02,152,0.02,94.54564446,94.00138064,15.01175831,15.01905065,15.01489677,1.75665004,125.01024179,1,1,0,0,1,0.50277269,0.27426202,0.28926286,0.05513117,0.09730598,0.04655571,-0.05244851,-0.08057574,-0.01754452,0.04825373,0.06152247,-0.01197249,-0.04266777,-0.04069548,0.04114432,0.03585168,0.01869521,-0.06912995,-0.02800197,0.00384404,0.09512252,0.06160294,0.22475995,-0.19186127,-0.05819185,0.03163495,-0.26021834,0.05315370,0.18949122,-0.24826139,-0.04662629,0.07131583,-0.20352978,0.03878952,0.14654396,-0.30358640,-0.02986033,0.11629234,-0.15117952,-0.07569179,-0.61451724,-1.13622004,0.13786644,0.71732228,1.17326616,-0.19606633,-0.79944658,-1.17648646,0.24861354,0.85852246,1.14578811,-0.29399310,-0.89284674,-1.08205615,0.33089671,0.90142984,0.98712801,-0.02210121,-0.02494591,-0.99944462,-0.02067455,0.02646053,0.28926286,-0.05965748,0.03032647,0.06566623
10103060000000,synthetic_50hz_02,153,0.02,94.49058758,94.09922203,15.01307646,15.01489677,15.01800696,1.76714447,125.01104438,1,1,0,0,1,0.50142515,0.27475845,0.29051802,0.05331332,0.08547386,0.02579268,-0.04953819,-0.06703995,0.00364043,0.04433484,0.04667324,-0.03296859,-0.03785330,-0.02496093,0.06134624,0.03028044,0.00252898,-0.08795526,-0.02183457,0.01997588,0.11202848,0.05981412,0.21290967,-0.21267295,-0.05531595,0.04518220,-0.23898659,0.04927392,0.17463746,-0.26930150,-0.04185485,0.08704789,-0.18328751,0.03326435,0.13038717,-0.32244758,-0.02374114,0.13240796,-0.13424289,-0.12046302,-0.68920737,-1.16437132,0.17986607,0.77729344,1.17716560,-0.23408350,-0.84296978,-1.15602165,0.28155219,0.88434291,1.10154905,-0.32090360,-0.90022002,-1.01531828,0.35100321,0.89014336,0.89981542,-0.02221981,-0.02455826,-0.99945158,-0.02083099,0.02677866,0.29051802,-0.06120140,0.02922554,0.06508458
10103080000000,synthetic_50hz_02,154,0.02,94.54998429,94.18937448,15.01514727,15.01800696,15.02235363,1.77764181,125.01096458,1,1,0,0,1,0.50004793,0.27523263,0.29176128,0.05072107,0.07246641,0.00480264,-0.04591737,-0.05261390,0.02461428,0.03978985,0.03124451,-0.05332155,-0.03251517,-0.00897433,0.08049155,0.02430306,-0.01355459,-0.10534093,-0.01539028,0.03569272,0.12715329,0.05725066,0.19988379,-0.23371169,-0.05172933,0.05962000,-0.21796584,0.04476786,0.15920389,-0.28969862,-0.03655959,0.10303232,-0.16410169,0.02733294,0.11431275,-0.33986933,-0.01734498,0.14810886,-0.11908717,-0.16305977,-0.75304470,-1.17504542,0.21883641,0.82523709,1.16361077,-0.26830390,-0.87363750,-1.11862868,0.31003606,0.89685054,1.04139601,-0.34282974,-0.89420696,-0.93413940,0.36573947,0.86578298,0.79995112,-0.02233886,-0.02416633,-0.99945848,-0.02098068,0.02709154,0.29176128,-0.06273333,0.02812225,0.06450026
10103100000000,synthetic_50hz_02,155,0.02,94.51307670,94.25411492,15.01817394,15.02235363,15.03104492,1.78814192,125.01000655,1,1,0,0,1,0.49864130,0.27568452,0.29299259,0.04740732,0.05849867,-0.01609842,-0.04165304,-0.03752842,0.04506942,0.03469789,0.01547621,-0.07274104,-0.02674238,0.00702219,0.09831550,0.01801587,-0.02931814,-0.12105549,-0.00876996,0.05076883,0.14030538,0.05396544,0.18589733,-0.25466152,-0.04749897,0.07471754,-0.19746371,0.03971463,0.14343044,-0.30916240,-0.03082952,0.11902697,-0.14623703,0.02109160,0.09855804,-0.35562018,-0.01077272,0.16316933,-0.10590391,-0.20288906,-0.80529149,-1.16843032,0.25425563,0.86067621,1.13315107,-0.29829190,-0.89124723,-1.06520256,0.33372827,0.89612318,0.96654375,-0.35954311,-0.87516348,-0.84001904,0.37499214,0.82897241,0.68927619,-0.02245833,-0.02377025,-0.99946530,-0.02112357,0.02739911,0.29299259,-0.06425295,0.02701668,0.06391331
10103120000000,synthetic_50hz_02,156,0.02,94.28335248,94.25996244,15.02357975,15.03104492,15.05014155,1.79864499,125.00817454,1,1,0,0,1,0.49720554,0.27611408,0.29421190,0.04343438,0.04379398,-0.03660517,-0.03682001,-0.02201756,0.06471519,0.02914410,-0.00039363,-0.09095944,-0.02062796,0.02279347,0.11458128,0.01151710,-0.04453617,-0.13489969,-0.00207419,0.06499487,0.15132888,0.05002078,0.17117363,-0.27521709,-0.04269969,0.09024075,-0.17777084,0.03419938,0.12755515,-0.32742522,-0.02475765,0.13479670,-0.12993038,0.01463855,0.08334855,-0.36950088,-0.00412494,0.17738002,-0.09484902,-0.23941854,-0.84541065,-1.14497387,0.28567241,0.88334052,1.08657883,-0.32369021,-0.89580327,-0.99685720,0.35237587,0.88243960,0.87839573,-0.37090237,-0.84363478,-0.73460969,0.37873558,0.78050758,0.56964451,-0.02257820,-0.02337014,-0.99947203,-0.02125962,0.02770131,0.29421190,-0.06575999,0.02590891,0.06332373
10103140000000,synthetic_50hz_02,157,0.02,94.06620114,94.22121018,15.03473571,15.05014155,15.07657569,1.80915187,125.00547296,1,1,0,0,1,0.49574092,0.27652127,0.29541916,0.03887264,0.02858009,-0.05642735,-0.03149941,-0.00631480,0.08328182,0.02321804,-0.01613254,-0.10773523,-0.01426728,0.03811478,0.12908259,0.00490519,-0.05899815,-0.14670844,0.00459832,0.07818057,0.16010462,0.04548706,0.15594044,-0.29508814,-0.03741261,0.10595616,-0.15915702,0.02831166,0.11181048,-0.34424558,-0.01843937,0.15011674,-0.11538802,0.00807225,0.06889482,-0.38134634,0.00249968,0.19055066,-0.08604166,-0.27218261,-0.87306620,-1.10536611,0.31271032,0.89316239,1.02490672,-0.34422244,-0.88750829,-0.91489878,0.36581047,0.85626692,0.77851389,-0.37685202,-0.80033897,-0.61968408,0.37702874,0.72133687,0.44298849,-0.02269845,-0.02296615,-0.99947867,-0.02138878,0.02799808,0.29541916,-0.06725413,0.02479905,0.06273156
10103160000000,synthetic_50hz_02,158,0.02,94.22352214,94.22167257,15.05230850,15.07657569,15.09400674,1.81966411,125.00190630,1,1,0,0,1,0.49424774,0.27690607,0.29661431,0.03379912,0.01308543,-0.07529369,-0.02577718,0.00935062,0.10052380,0.01701207,-0.03151708,-0.12285575,-0.00775650,0.05277489,0.14164572,-0.00172270,-0.07251118,-0.15635198,0.01115223,0.09015693,0.16655054,0.04044131,0.14042620,-0.31400341,-0.03172367,0.12163453,-0.14186775,0.02214384,0.09641988,-0.35941081,-0.01197083,0.16477591,-0.10278367,0.00148985,0.05538972,-0.39102679,0.00900576,0.20251225,-0.07956387,-0.30078710,-0.88812040,-1.05051829,0.33507078,0.89026962,0.94934263,-0.35969421,-0.86675196,-0.82079699,0.37394749,0.81824543,0.66858738,-0.37741969,-0.74614851,-0.49710209,0.37001071,0.65253978,0.31128512,-0.02281905,-0.02255841,-0.99948520,-0.02151102,0.02828936,0.29661431,-0.06873510,0.02368719,0.06213682
10103180000000,synthetic_50hz_02,159,0.02,94.48438195,94.27421445,15.06982176,15.09400674,15.09949612,1.83018295,124.99747920,1,1,0,0,1,0.49272629,0.27726843,0.29779732,0.02829601,-0.00246449,-0.09295542,-0.01974253,0.02475708,0.11622274,0.01061987,-0.04633592,-0.13613930,-0.00119102,0.06657888,0.15213090,-0.00827216,-0.08490233,-0.16373649,0.01749685,0.10077801,0.17062149,0.03496573,0.12485643,-0.33171411,-0.02572209,0.13705424,-0.12612143,0.01578959,0.08159467,-0.37273918,-0.00544744,0.17857926,-0.09225711,-0.00501424,0.04300620,-0.39844842,0.01530264,0.21311886,-0.07546081,-0.32491241,-0.89062756,-0.98153930,0.35253443,0.87497523,0.86126249,-0.36999271,-0.83409697,-0.71615508,0.37678394,0.76917130,0.55040059,-0.37271231,-0.68207006,-0.36877779,0.35789521,0.57530443,0.17652295,-0.02293998,-0.02214706,-0.99949163,-0.02162628,0.02857510,0.29779732,-0.07020259,0.02257340,0.06153954
10103200000000,synthetic_50hz_02,160,0.02,94.33451091,94.28627374,15.08228499,15.09949612,15.11004077,1.84070876,124.99219640,1,1,0,0,1,0.49117687,0.27760834,0.29896813,0.02244921,-0.01785038,-0.10918912,-0.01348645,0.03969369,0.13018959,0.00413486,-0.06039261,-0.14743665,0.00533594,0.07935039,0.16043303,-0.01465290,-0.09602045,-0.16880405,0.02354741,0.10992220,0.17230838,0.02914619,0.10945040,-0.34799683,-0.01949884,0.15200439,-0.11210711,0.00934233,0.06753131,-0.38408149,0.00103761,0.19135044,-0.08391342,-0.01134975,0.03189540,-0.40355330,0.02130555,0.22224888,-0.07374159,-0.34431541,-0.88082509,-0.89971003,0.36496124,0.84776474,0.76218166,-0.37508507,-0.79026295,-0.60267924,0.37439503,0.70997750,0.42580130,-0.36291100,-0.60922307,-0.23664730,0.34096407,0.49090445,0.04067065,-0.02306121,-0.02173223,-0.99949794,-0.02173453,0.02885524,0.29896813,-0.07165632,0.02145778,0.06093974
10103220000000,synthetic_50hz_02,161,0.02,94.16701071,94.26242113,15.09394242,15.11004077,15.12406774,1.85124176,124.98606275,1,1,0,0,1,0.48959977,0.27792576,0.30012670,0.01634683,-0.03286234,-0.12379907,-0.00710020,0.05396303,0.14226634,-0.00235114,-0.07350794,-0.15663199,0.01173470,0.09093359,0.16648188,-0.02077993,-0.10573757,-0.17153201,0.02922607,0.11749309,0.17163680,0.02307081,0.09441802,-0.36265586,-0.01314519,0.16628757,-0.09998281,0.00289389,0.05440900,-0.39332193,0.00739462,0.20293361,-0.07782285,-0.01743167,0.02218531,-0.40631878,0.02693664,0.22980589,-0.07438060,-0.35882987,-0.85912195,-0.80645612,0.37228926,0.80928123,0.65372553,-0.37501538,-0.73610856,-0.48214774,0.36692963,0.64171354,0.29666940,-0.34826513,-0.52881761,-0.10263794,0.31955998,0.40067563,-0.09435261,-0.02318273,-0.02131407,-0.99950413,-0.02183575,0.02912972,0.30012670,-0.07309601,0.02034043,0.06033744
10103240000000,synthetic_50hz_02,162,0.02,94.05071970,94.22008085,15.10659505,15.12406774,15.13742714,1.86178225,124.97908325,1,1,0,0,1,0.48799531,0.27822067,0.30127297,0.01007779,-0.04730256,-0.13661907,-0.00067397,0.06738360,0.15232700,-0.00874928,-0.08552193,-0.16364326,0.01792028,0.10119463,0.17024162,-0.02657464,-0.11394983,-0.17193183,0.03446283,0.12341981,0.16866516,0.01682851,0.07995710,-0.37552497,-0.00675134,0.17972226,-0.08987451,-0.00346690,0.04238774,-0.40037842,0.01353862,0.21319494,-0.07402122,-0.02318139,0.01397976,-0.40675632,0.03212591,0.23571902,-0.07731943,-0.36836563,-0.82608487,-0.70331984,0.37453211,0.76030862,0.53759986,-0.36990066,-0.67261232,-0.35638062,0.35460479,0.56552430,0.16488677,-0.32908551,-0.44213194,0.03136085,0.29407854,0.30599272,-0.22670432,-0.02330450,-0.02089272,-0.99951020,-0.02192989,0.02939849,0.30127297,-0.07452137,0.01922143,0.05973266
10103260000000,synthetic_50hz_02,163,0.02,94.09556480,94.19517764,15.11954453,15.13742714,15.14230078,1.87233052,124.97126297,1,1,0,0,1,0.48636381,0.27849304,0.30240690,0.00373042,-0.06098778,-0.14751360,0.00570445,0.07979179,0.16027819,-0.01497485,-0.09629536,-0.16842189,0.02381353,0.11002270,0.17170990,-0.03196565,-0.12057803,-0.17004744,0.03919618,0.12765703,0.16348243,0.01050763,0.06625090,-0.38646865,-0.00040506,0.19214488,-0.08187559,-0.00965533,0.03160672,-0.40520239,0.01939045,0.22202360,-0.07251088,-0.02852755,0.00735798,-0.40490985,0.03681188,0.23994295,-0.08246913,-0.37290662,-0.78242279,-0.59193159,0.37177547,0.70175356,0.41556135,-0.35992586,-0.60085245,-0.22721027,0.33769942,0.48262848,0.03230862,-0.30573695,-0.35049010,0.16352450,0.26495993,0.20824694,-0.35464314,-0.02342650,-0.02046831,-0.99951612,-0.02201692,0.02966150,0.30240690,-0.07593213,0.01810087,0.05912545
10103280000000,synthetic_50hz_02,164,0.02,94.36031555,94.22820522,15.12910215,15.14230078,15.12983613,1.88288636,124.96260712,1,1,0,0,1,0.48470558,0.27874285,0.30352844,-0.00260875,-0.07375136,-0.15637850,0.01195084,0.09104358,0.16605906,-0.02094838,-0.10571097,-0.17095205,0.02934197,0.11733066,0.17091642,-0.03688962,-0.12556766,-0.16595319,0.04337372,0.13018448,0.15620545,0.00419468,0.05346606,-0.39538275,0.00580943,0.20341139,-0.07604691,-0.01559191,0.02218322,-0.40777802,0.02487765,0.22933247,-0.07326215,-0.03340680,0.00237446,-0.40085372,0.04094211,0.24245741,-0.08971285,-0.37250776,-0.72896983,-0.47398147,0.36417254,0.63462630,0.28938904,-0.34533805,-0.52198619,-0.09645339,0.31654731,0.39429698,-0.09926305,-0.27863036,-0.25524000,0.29211770,0.23268036,0.10882434,-0.47655045,-0.02354872,-0.02004099,-0.99952191,-0.02209682,0.02991870,0.30352844,-0.07732800,0.01697884,0.05851581
10103300000000,synthetic_50hz_02,165,0.02,94.55154307,94.29287279,15.12941042,15.12983613,15.10370272,1.89344846,124.95312102,1,1,0,0,1,0.48302095,0.27897009,0.30463756,-0.00885625,-0.08544500,-0.16314113,0.01798566,0.10101575,0.16964072,-0.02659653,-0.11367416,-0.17124949,0.03444062,0.12305530,0.16792106,-0.04129176,-0.12888869,-0.15975139,0.04695245,0.13100616,0.14697601,-0.00202685,0.04175089,-0.40219461,0.01181258,0.21339857,-0.07241736,-0.02120332,0.01421184,-0.40812105,0.02993522,0.23505830,-0.07621513,-0.03776436,-0.00094077,-0.39469023,0.04447364,0.24326639,-0.09890882,-0.36729089,-0.66666720,-0.35119144,0.35193867,0.56002097,0.16085687,-0.32643988,-0.43722908,0.03411528,0.29152969,0.30183168,-0.22810386,-0.24821456,-0.15773232,0.41551611,0.19774329,0.00908547,-0.59094884,-0.02367112,-0.01961089,-0.99952754,-0.02216957,0.03017003,0.30463756,-0.07870872,0.01585544,0.05790377
10103320000000,synthetic_50hz_02,166,0.02,94.42456983,94.31921220,15.11861319,15.10370272,15.07572257,1.90401433,124.94281010,1,1,0,0,1,0.48131025,0.27917473,0.30573419,-0.01493270,-0.09594006,-0.16775997,0.02373496,0.10960672,0.17102527,-0.03185293,-0.12011337,-0.16935983,0.03905256,0.12715710,0.16281166,-0.04512629,-0.13053483,-0.15156956,0.04989901,0.13014918,0.13595764,-0.00807760,0.03123402,-0.40686272,0.01753045,0.22200485,-0.07098484,-0.02642319,0.00776413,-0.40627710,0.03450627,0.23916162,-0.08128199,-0.04155444,-0.00258141,-0.38654692,0.04737309,0.24239701,-0.10989347,-0.35743990,-0.59654440,-0.22528859,0.33534533,0.47909565,0.03170783,-0.30358260,-0.34783436,0.16278707,0.26306744,0.20654484,-0.35258875,-0.21496793,-0.05930053,0.53222513,0.16067078,-0.08965344,-0.69651722,-0.02379368,-0.01917817,-0.99953302,-0.02223513,0.03041545,0.30573419,-0.08007401,0.01473076,0.05728936
10103340000000,synthetic_50hz_02,167,0.02,94.46375785,94.34812133,15.10059913,15.07572257,15.03656184,1.91458102,124.93167989,1,1,0,0,1,0.47957381,0.27935676,0.30681830,-0.02076379,-0.10512848,-0.17022385,0.02913121,0.11673706,0.17024432,-0.03665876,-0.12498006,-0.16535657,0.04312943,0.12961982,0.15570151,-0.04835665,-0.13052258,-0.14155751,0.05218973,0.12766232,0.12333234,-0.01388326,0.02202351,-0.40937590,0.02289551,0.22915079,-0.07171774,-0.03119270,0.00288865,-0.40231967,0.03854241,0.24162617,-0.08834945,-0.04474049,-0.00256397,-0.37657357,0.04961680,0.23989805,-0.12248483,-0.34319516,-0.51970014,-0.09797971,0.31471357,0.39305249,-0.09636994,-0.27715864,-0.25507296,0.28794120,0.23161310,0.10973956,-0.47121098,-0.17939004,0.03875769,0.64089553,0.12199508,-0.18613753,-0.79210276,-0.02391638,-0.01874296,-0.99953835,-0.02229348,0.03065491,0.30681830,-0.08142361,0.01360488,0.05667260
10103360000000,synthetic_50hz_02,168,0.02,94.62764779,94.40402662,15.07370346,15.03656184,14.98002768,1.92514499,124.91973604,1,1,0,0,1,0.47781197,0.27951616,0.30788985,-0.02628107,-0.11292343,-0.17055064,0.03411395,0.12234957,0.16735720,-0.04096330,-0.12824831,-0.15933878,0.04663166,0.13044959,0.14672655,-0.05095561,-0.12888995,-0.12988412,0.05381049,0.12361436,0.10929707,-0.01937537,0.01420620,-0.40975203,0.02784730,0.23477918,-0.07455673,-0.03546113,-0.00038870,-0.39634782,0.04200410,0.24245806,-0.09728157,-0.04729527,-0.00092646,-0.36493907,0.05119064,0.23583828,-0.13648594,-0.32484735,-0.43728320,0.02907225,0.29040697,0.30311832,-0.22176485,-0.24759403,-0.16021440,0.40806387,0.19764283,0.01269142,-0.58259821,-0.14199349,0.13519745,0.74033598,0.08225042,-0.27918852,-0.87672951,-0.02403919,-0.01830541,-0.99954351,-0.02234461,0.03088836,0.30788985,-0.08275724,0.01247790,0.05605353
10103380000000,synthetic_50hz_02,169,0.02,94.45629750,94.41448080,15.03435963,14.98002768,14.91850644,1.93570177,124.90698431,1,1,0,0,1,0.47602508,0.27965292,0.30894878,-0.03142268,-0.11925946,-0.16878571,0.03863031,0.12640902,0.16244884,-0.04472420,-0.12991416,-0.15142849,0.04952868,0.12967380,0.13604239,-0.05290522,-0.12569489,-0.11673412,0.05475647,0.11809214,0.09406035,-0.02449207,0.00784754,-0.40803647,0.03233295,0.23885482,-0.07941690,-0.03918613,-0.00206395,-0.38848359,0.04486074,0.24168471,-0.10792273,-0.04920084,0.00227318,-0.35182815,0.05208981,0.23030456,-0.15168828,-0.30273093,-0.35047368,0.15426981,0.26282449,0.21052599,-0.34296114,-0.21534070,-0.06450873,0.52176473,0.16164853,-0.08336834,-0.68552560,-0.10329597,0.22884186,0.82952245,0.04196533,-0.36771777,-0.94960378,-0.02416210,-0.01786566,-0.99954850,-0.02238851,0.03111575,0.30894878,-0.08407466,0.01134991,0.05543216
10103400000000,synthetic_50hz_02,170,0.02,94.39104947,94.40979453,14.98570129,14.91850644,14.84525603,1.94624653,124.89343055,1,1,0,0,1,0.47421350,0.27976702,0.30999506,-0.03613386,-0.12409247,-0.16499997,0.04263539,0.12890169,0.15562735,-0.04790772,-0.12999461,-0.14176791,0.05179885,0.12733972,0.12382124,-0.05419659,-0.12101358,-0.10230475,0.05503183,0.11119855,0.07783876,-0.02917860,0.00299162,-0.40430013,0.03630755,0.24136396,-0.08619013,-0.04233396,-0.00215410,-0.37886919,0.04709072,0.23935337,-0.12010072,-0.05044833,0.00695877,-0.33743805,0.05231845,0.22339977,-0.16787526,-0.27721727,-0.26046482,0.27610030,0.23239307,0.11649669,-0.45855557,-0.18086887,0.03083010,0.62779047,0.12413013,-0.17726805,-0.77892588,-0.06381267,0.31859527,0.90760449,0.00165545,-0.45073724,-1.01011645,-0.02428506,-0.01742386,-0.99955331,-0.02242515,0.03133705,0.30999506,-0.08537560,0.01022100,0.05480851
10103420000000,synthetic_50hz_02,171,0.02,94.47956067,94.42374776,14.92671428,14.84525603,14.75353604,1.95677400,124.87908073,1,1,0,0,1,0.47237756,0.27985847,0.31102864,-0.04036736,-0.12739925,-0.15928767,0.04609249,0.12983442,0.14702145,-0.05048875,-0.12852639,-0.13051654,0.05342940,0.12351289,0.11024877,-0.05482965,-0.11493846,-0.08680247,0.05464914,0.10305030,0.06085362,-0.03338773,-0.00033835,-0.39863725,0.03973443,0.24231345,-0.09474768,-0.04487952,-0.00069590,-0.36766410,0.04868126,0.23552959,-0.13362989,-0.05103764,0.01303785,-0.32197524,0.05188915,0.21524061,-0.18482557,-0.24870765,-0.16844573,0.39315275,0.19956030,0.02222349,-0.56727150,-0.14465954,0.12463946,0.72503555,0.08558818,-0.26790900,-0.86189648,-0.02404927,0.40345459,0.97390854,-0.03818299,-0.52736840,-1.05784237,-0.02440807,-0.01698014,-0.99955795,-0.02245452,0.03155221,0.31102864,-0.08665981,0.00909127,0.05418262
10103440000000,synthetic_50hz_02,172,0.02,94.26010940,94.39102009,14.85397942,14.75353604,14.65635884,1.96727813,124.86394093,1,1,0,0,1,0.47051765,0.27992725,0.31204948,-0.04408376,-0.12917681,-0.15176400,0.04897322,0.12923360,0.13677774,-0.05245076,-0.12556452,-0.11784811,0.05441612,0.11827536,0.09552087,-0.05481264,-0.10757626,-0.07043971,0.05362888,0.09377569,0.04332775,-0.03708003,-0.00213936,-0.39116302,0.04258518,0.24172968,-0.10494299,-0.04680627,0.00225567,-0.35504207,0.04962815,0.23029541,-0.14831433,-0.05097703,0.02040371,-0.30565213,0.05082239,0.20595540,-0.20231641,-0.21762624,-0.07558513,0.50413230,0.16478725,-0.07114372,-0.66797012,-0.10719738,0.21582146,0.81255004,0.04651695,-0.35427697,-0.93370377,0.01550458,0.48251850,1.02793839,-0.07707910,-0.59684881,-1.09253706,-0.02453110,-0.01653467,-0.99956240,-0.02247662,0.03176118,0.31204948,-0.08792703,0.00796079,0.05355452
10103460000000,synthetic_50hz_02,173,0.02,94.05054314,94.32292470,14.77097878,14.65635884,14.55328792,1.97775266,124.84801731,1,1,0,0,1,0.46863411,0.27997335,0.31305754,-0.04725158,-0.12944140,-0.14256251,0.05125747,0.12714382,0.12505780,-0.05378558,-0.12118063,-0.10394762,0.05476303,0.11172374,0.07984058,-0.05416164,-0.09904580,-0.05343170,0.05199874,0.08351233,0.02548236,-0.04022401,-0.00242767,-0.38201100,0.04483970,0.23965724,-0.11661446,-0.04810605,0.00662896,-0.34118807,0.04993542,0.22374746,-0.16395102,-0.05028257,0.02893753,-0.28868394,0.04914586,0.19568173,-0.22012654,-0.18441314,0.01698352,0.60787205,0.12854145,-0.16251176,-0.75965909,-0.06896386,0.30335471,0.88954481,0.00739800,-0.43545181,-0.99378453,0.05438114,0.55499462,1.06937298,-0.11459245,-0.65853669,-1.11413091,-0.02465412,-0.01608757,-0.99956667,-0.02249144,0.03196392,0.31305754,-0.08917701,0.00682967,0.05292422
10103480000000,synthetic_50hz_02,174,0.02,94.36153784,94.33064733,14.67954862,14.55328792,14.42605179,1.98819139,124.83131615,1,1,0,0,1,0.46672732,0.27999678,0.31405278,-0.04984733,-0.12822739,-0.13183242,0.05293327,0.12362641,0.11203535,-0.05449312,-0.11546123,-0.08900825,0.05448191,0.10396725,0.06341500,-0.05289996,-0.08947584,-0.03599347,0.04979289,0.07240480,0.00753422,-0.04279620,-0.00123765,-0.37133040,0.04648601,0.23615746,-0.12958838,-0.04877877,0.01233745,-0.32629531,0.04961485,0.21599494,-0.18033285,-0.04897760,0.03851054,-0.27128572,0.04689372,0.18456421,-0.23803920,-0.14951763,0.10817555,0.70334223,0.09129026,-0.25085603,-0.84149845,-0.03043095,0.38630421,0.95539387,-0.03130571,-0.51061506,-1.04174485,0.09213980,0.62020464,1.09806184,-0.15031746,-0.71191343,-1.12272119,-0.02477711,-0.01563900,-0.99957074,-0.02249896,0.03216041,0.31405278,-0.09040952,0.00569800,0.05229175
10103500000000,synthetic_50hz_02,175,0.02,94.18268056,94.30105397,14.57307995,14.42605179,14.29995121,1.99858736,124.81384382,1,1,0,0,1,0.46479765,0.27999753,0.31503515,-0.05185539,-0.12558583,-0.11973588,0.05399654,0.11875774,0.09789332,-0.05458094,-0.10850581,-0.07322845,0.05359175,0.09512560,0.04645237,-0.05105749,-0.07900288,-0.01833704,0.04705121,0.06060247,-0.01030695,-0.04478096,0.00137964,-0.35928338,0.04752003,0.23130670,-0.14368180,-0.04883199,0.01928166,-0.31056223,0.04868541,0.20715757,-0.19725159,-0.04709197,0.04898624,-0.25366949,0.04410588,0.17275217,-0.25584468,-0.11339170,0.19696707,0.78965688,0.05349463,-0.33523063,-0.91280392,0.00794471,0.46382934,1.00963440,-0.06915500,-0.57905563,-1.07735664,0.12837152,0.67758747,1.11401819,-0.18388703,-0.75658415,-1.11856208,-0.02490004,-0.01518910,-0.99957462,-0.02249920,0.03235058,0.31503515,-0.09162431,0.00456587,0.05165714
10103520000000,synthetic_50hz_02,176,0.02,94.03873557,94.24859029,14.45836588,14.29995121,14.17659219,2.00893381,124.79560680,1,1,0,0,1,0.46284548,0.27997559,0.31600462,-0.05326783,-0.12158305,-0.10644522,0.05445072,0.11262751,0.08282104,-0.05406377,-0.10042487,-0.05680909,0.05211814,0.08532694,0.02915931,-0.04866992,-0.06776899,-0.00066885,0.04381852,0.04825723,-0.02784089,-0.04617038,0.00535790,-0.34604224,0.04794522,0.22519467,-0.15870543,-0.04828043,0.02735109,-0.29418968,0.04717272,0.19736349,-0.21450061,-0.04466139,0.06022256,-0.23604167,0.04082712,0.16039753,-0.27334272,-0.07648389,0.28240529,0.86607806,0.01560336,-0.41477678,-0.97304785,0.04572703,0.53519006,1.05196422,-0.10573908,-0.64017356,-1.10055198,0.16270263,0.72670056,1.11741030,-0.21497539,-0.79227644,-1.10205317,-0.02502290,-0.01473802,-0.99957830,-0.02249216,0.03253442,0.31600462,-0.09282114,0.00343337,0.05102041
10103540000000,synthetic_50hz_02,177,0.02,94.26901505,94.25267524,14.34002093,14.17659219,14.04523857,2.01922474,124.77661166,1,1,0,0,1,0.46087119,0.27993098,0.31696115,-0.05408413,-0.11629890,-0.09214016,0.05430638,0.10533690,0.06701144,-0.05296296,-0.09133799,-0.03995074,0.05009260,0.07470576,0.01173824,-0.04577803,-0.05591973,0.01681268,0.04014367,0.03552150,-0.04487888,-0.04696393,0.01061725,-0.33178674,0.04777215,0.21792255,-0.17446631,-0.04714547,0.03642617,-0.27737825,0.04510828,0.18674720,-0.23187751,-0.04172666,0.07207395,-0.21860069,0.03710633,0.14765271,-0.29034459,-0.03923369,0.36361722,0.93201763,-0.02195214,-0.48872938,-1.02185781,0.08250509,0.59975125,1.08223736,-0.14067937,-0.69348201,-1.11141549,0.19479780,0.76721936,1.10855100,-0.24330012,-0.81883741,-1.07372647,-0.02514565,-0.01428590,-0.99958178,-0.02247782,0.03271188,0.31696115,-0.09399978,0.00230059,0.05038160
10103560000000,synthetic_50hz_02,178,0.02,94.04284790,94.21070977,14.21621234,14.04523857,13.92919774,2.02945455,124.75686506,1,1,0,0,1,0.45887517,0.27986370,0.31790470,-0.05431078,-0.10982515,-0.07700522,0.05358070,0.09699668,0.05065843,-0.05130588,-0.08137175,-0.02285114,0.04755187,0.06340084,-0.00561497,-0.04242693,-0.04360205,0.03391919,0.03607880,0.02254619,-0.06124551,-0.04716810,0.01706594,-0.31670135,0.04701798,0.20960110,-0.19077054,-0.04545445,0.04638030,-0.26032566,0.04252886,0.17544747,-0.24918640,-0.03833287,0.08439344,-0.20153490,0.03299563,0.13466860,-0.30667490,-0.00206626,0.43981669,0.98703687,-0.05876250,-0.55642195,-1.05901309,0.11789710,0.65698531,1.10045747,-0.17363268,-0.73860748,-1.11017515,0.22436234,0.79893525,1.08788596,-0.26862354,-0.83622934,-1.03423251,-0.02526827,-0.01383289,-0.99958506,-0.02245620,0.03288293,0.31790470,-0.09516000,0.00116762,0.04974072
10103580000000,synthetic_50hz_02,179,0.02,93.97791831,94.16415148,14.09566621,13.92919774,13.82346030,2.03961905,124.73637376,1,1,0,0,1,0.45685782,0.27977374,0.31883522,-0.05396084,-0.10226364,-0.06122708,0.05229690,0.08772534,0.03395444,-0.04912521,-0.07065788,-0.00570287,0.04453722,0.05155332,-0.02271312,-0.03866520,-0.03096245,0.05047427,0.03167844,0.00947892,-0.07678023,-0.04679596,0.02460213,-0.30097278,0.04570593,0.20034881,-0.20742571,-0.04324007,0.05708178,-0.24322450,0.03947570,0.16360545,-0.26624010,-0.03452860,0.09703456,-0.18502073,0.02854957,0.12159284,-0.32217309,0.03461218,0.51030969,1.03084397,-0.09444439,-0.61728977,-1.08443932,0.15155373,0.70647309,1.10676978,-0.20429370,-0.77528847,-1.09719156,0.25114379,0.82175192,1.05598079,-0.29075329,-0.84452388,-0.98432560,-0.02539074,-0.01337914,-0.99958813,-0.02242730,0.03304754,0.31883522,-0.09630156,0.00003456,0.04909780
10103600000000,synthetic_50hz_02,180,0.02,93.88908426,94.10913804,13.98133973,13.82346030,13.73049231,2.04971558,124.71514463,1,1,0,0,1,0.45481952,0.27966113,0.31975268,-0.05305344,-0.09372448,-0.04499219,0.05048361,0.07764716,0.01708804,-0.04645831,-0.05933124,0.01130877,0.04109360,0.03930477,-0.03937954,-0.03454414,-0.01814513,0.06631498,0.02699876,-0.00353765,-0.09133852,-0.04586664,0.03311569,-0.28478747,0.04386466,0.19028997,-0.22424322,-0.04053969,0.06839571,-0.22626007,0.03599377,0.15136271,-0.28286193,-0.03036517,0.10985308,-0.16922109,0.02382429,0.10856808,-0.33669464,0.07041844,0.57449812,1.06328972,-0.12864400,-0.67087146,-1.09820143,0.18316070,0.74790325,1.10145149,-0.23239679,-0.80337264,-1.07294618,0.27493277,0.83568043,1.01350734,-0.30954231,-0.84389516,-0.92484861,-0.02551304,-0.01292479,-0.99959099,-0.02239114,0.03320566,0.31975268,-0.09742425,-0.00109851,0.04845287
10103620000000,synthetic_50hz_02,181,0.02,93.84187309,94.05568505,13.87598381,13.73049231,13.64901697,2.05974312,124.69318460,1,1,0,0,1,0.45276067,0.27952586,0.32065705,-0.05161321,-0.08432432,-0.02848446,0.04817430,0.06689045,0.00024190,-0.04334650,-0.04752811,0.02800765,0.03726900,0.02679550,-0.05544971,-0.03011702,-0.00529037,0.08129314,0.02209675,-0.01636729,-0.10479285,-0.04440476,0.04249000,-0.26832933,0.04152761,0.17955288,-0.24104043,-0.03739462,0.08018585,-0.20960850,0.03213105,0.13885955,-0.29888739,-0.02589583,0.12270874,-0.15428418,0.01887682,0.09573055,-0.35011202,0.10499590,0.63188196,1.08436148,-0.16103978,-0.71680905,-1.10049513,0.21244081,0.78107020,1.08490099,-0.25771707,-0.82281273,-1.03802865,0.29556323,0.84083318,0.96122946,-0.32488816,-0.83461203,-0.85671757,-0.02563514,-0.01246998,-0.99959364,-0.02234773,0.03335728,0.32065705,-0.09852784,-0.00223148,0.04780596
10103640000000,synthetic_50hz_02,182,0.02,93.53246340,93.95104072,13.78065774,13.64901697,13.58876496,2.06970206,124.67050072,1,1,0,0,1,0.45068169,0.27936795,0.32154828,-0.04966968,-0.07418451,-0.01188322,0.04540653,0.05558571,-0.01640915,-0.03983430,-0.03538435,0.04422844,0.03311362,0.01416284,-0.07077260,-0.02543827,0.00746699,0.09527635,0.01702951,-0.02888154,-0.11703324,-0.04243985,0.05260370,-0.25177768,0.03873238,0.16826804,-0.25764250,-0.03384939,0.09231631,-0.19343510,0.02793775,0.12623331,-0.31416542,-0.02117503,0.13546668,-0.14034238,0.01376424,0.08320872,-0.36231527,0.13801745,0.68205995,1.09417573,-0.19134464,-0.75484664,-1.09163719,0.23915529,0.80587074,1.05762623,-0.28007097,-0.83366121,-0.99312342,0.31291208,0.83741684,0.89998839,-0.33673179,-0.81702936,-0.78090628,-0.02575701,-0.01201487,-0.99959608,-0.02229707,0.03350236,0.32154828,-0.09961213,-0.00336428,0.04715709
10103660000000,synthetic_50hz_02,183,0.02,93.34392212,93.82961700,13.70006277,13.58876496,13.54225038,2.07959459,124.64710012,1,1,0,0,1,0.44858297,0.27918741,0.32242634,-0.04725666,-0.06342943,0.00463875,0.04222135,0.04386397,-0.03269977,-0.03596878,-0.02303389,0.05981803,0.02867921,0.00153973,-0.08521171,-0.02056280,0.01999881,0.10814870,0.01185356,-0.04096079,-0.12796772,-0.04000574,0.06333240,-0.23530531,0.03551997,0.15656649,-0.27388408,-0.02995107,0.10465319,-0.17789299,0.02346562,0.11361692,-0.32855955,-0.01625768,0.14799879,-0.12751161,0.00854307,0.07112220,-0.37321239,0.16918775,0.72472896,1.09296938,-0.21930750,-0.78482773,-1.07205477,0.26310452,0.82229956,1.02023233,-0.29931611,-0.83606410,-0.93899611,0.32689828,0.82572452,0.83068819,-0.34505582,-0.79157892,-0.69843115,-0.02587864,-0.01155960,-0.99959830,-0.02223919,0.03364088,0.32242634,-0.10067688,-0.00449680,0.04650628
10103680000000,synthetic_50hz_02,184,0.02,93.23066564,93.70982673,13.63378157,13.54225038,13.50463689,2.08942433,124.62299000,1,1,0,0,1,0.44646493,0.27898426,0.32329120,-0.04441162,-0.05218483,0.02091685,0.03866255,0.03185520,-0.04847553,-0.03179882,-0.01060718,0.07463664,0.02401831,-0.01094665,-0.09864594,-0.01554534,0.03218489,0.11981124,0.00662420,-0.05249522,-0.13752231,-0.03713989,0.07455036,-0.21907681,0.03193421,0.14457819,-0.28961077,-0.02574855,0.11706601,-0.16312194,0.01876720,0.10113756,-0.34194867,-0.01119850,0.16018484,-0.11589083,0.00326862,0.05958079,-0.38272943,0.19824506,0.75968204,1.08109001,-0.24471427,-0.80669152,-1.04227399,0.28412826,0.83044371,0.97340872,-0.31535069,-0.83025382,-0.87647962,0.33748142,0.80612732,0.75428120,-0.34988240,-0.75875980,-0.61033651,-0.02599999,-0.01110431,-0.99960031,-0.02217410,0.03377280,0.32329120,-0.10172191,-0.00562896,0.04585358
10103700000000,synthetic_50hz_02,185,0.02,93.31646618,93.63115462,13.57954080,13.50463689,13.46691654,2.09919574,124.59817767,1,1,0,0,1,0.44432798,0.27875851,0.32414281,-0.04117504,-0.04057630,0.03679616,0.03477606,0.01968689,-0.06359418,-0.02737446,0.00177010,0.08855874,0.01918365,-0.02317606,-0.11097011,-0.01043977,0.04391384,0.13018216,0.00139490,-0.06338557,-0.14564100,-0.03388276,0.08613200,-0.20324710,0.02802101,0.13243062,-0.30468029,-0.02129186,0.12942911,-0.14924751,0.01389522,0.08891548,-0.35422760,-0.00605136,0.17191345,-0.10556182,-0.00200564,0.04868378,-0.39081037,0.22496241,0.78680536,1.05898544,-0.26738829,-0.82046806,-1.00290792,0.30210525,0.83047628,0.91791610,-0.32811237,-0.81654149,-0.80646033,0.34465985,0.77906542,0.67175394,-0.35127064,-0.71912853,-0.51768056,-0.02612105,-0.01064915,-0.99960210,-0.02210183,0.03389810,0.32414281,-0.10274700,-0.00676066,0.04519899
10103720000000,synthetic_50hz_02,186,0.02,93.15344242,93.53561218,13.53223861,13.46691654,13.43859508,2.10891336,124.57267051,1,1,0,0,1,0.44217255,0.27851018,0.32498114,-0.03758974,-0.02872780,0.05213268,0.03060924,0.00748264,-0.07792650,-0.02274626,0.01397826,0.10147366,0.01422749,-0.03503616,-0.12209529,-0.00529854,0.05508394,0.13919686,-0.00378317,-0.07354363,-0.15228531,-0.03027721,0.09795334,-0.18796017,0.02382776,0.12024739,-0.31896346,-0.01663155,0.14162280,-0.13638032,0.00890195,0.07706302,-0.36530741,-0.00086875,0.18308291,-0.09658921,-0.00722854,0.03851934,-0.39741672,0.24914822,0.80607416,1.02719255,-0.28719023,-0.82627267,-0.95464437,0.31695241,0.82264935,0.85457334,-0.33757670,-0.79530867,-0.72986457,0.34846850,0.74503887,0.58411346,-0.34931379,-0.67328925,-0.42152209,-0.02624179,-0.01019426,-0.99960368,-0.02202240,0.03401676,0.32498114,-0.10375195,-0.00789182,0.04454255
10103740000000,synthetic_50hz_02,187,0.02,92.77289431,93.38306860,13.49290833,13.43859508,13.42588166,2.11858191,124.54647600,1,1,0,0,1,0.43999905,0.27823930,0.32580617,-0.03370032,-0.01676038,0.06679436,0.02621032,-0.00463898,-0.09135716,-0.01796466,0.02590459,0.11328608,0.00920108,-0.04642337,-0.13194892,-0.00017222,0.06560373,0.14680760,-0.00886161,-0.08289271,-0.15743376,-0.02636782,0.10989335,-0.17334809,0.01940265,0.10814708,-0.33234491,-0.01181809,0.15353436,-0.12461573,0.00383862,0.06568375,-0.37511555,0.00429879,0.19360176,-0.08902070,-0.01235168,0.02916421,-0.40252702,0.27064651,0.81754783,0.98632588,-0.30401751,-0.82429960,-0.89823345,0.32862355,0.80728644,0.78424452,-0.34375522,-0.76699883,-0.64764546,0.34897626,0.70459829,0.49237447,-0.34413616,-0.62188385,-0.32290810,-0.02636219,-0.00973979,-0.99960504,-0.02193584,0.03412875,0.32580617,-0.10473657,-0.00902233,0.04388429
10103760000000,synthetic_50hz_02,188,0.02,92.92868659,93.29219220,13.46475713,13.42588166,13.40496485,2.12820668,124.51960169,1,1,0,0,1,0.43780791,0.27794587,0.32661785,-0.02955251,-0.00479092,0.08066190,0.02162775,-0.01656548,-0.10378512,-0.01307946,0.03744428,0.12391617,0.00415408,-0.05724355,-0.14047465,0.00489106,0.07539246,0.15298319,-0.01379520,-0.09136777,-0.16108114,-0.02220031,0.12183515,-0.15953014,0.01479417,0.09624216,-0.34472364,-0.00690126,0.16505899,-0.11403355,-0.00124508,0.05487181,-0.38359567,0.00940311,0.20338922,-0.08288752,-0.01732983,0.02068340,-0.40613606,0.28933656,0.82136421,0.93706594,-0.31780337,-0.81481512,-0.83447527,0.33710775,0.78477454,0.70782629,-0.34669316,-0.73210853,-0.56077035,0.34628325,0.65833550,0.39754714,-0.33588983,-0.56558235,-0.22286246,-0.02648223,-0.00928588,-0.99960618,-0.02184217,0.03423405,0.32661785,-0.10570066,-0.01015212,0.04322423
10103780000000,synthetic_50hz_02,189,0.02,92.81926062,93.19760589,13.43964437,13.40496485,13.38717375,2.13779239,124.49205520,1,1,0,0,1,0.43559956,0.27762993,0.32741615,-0.02519259,0.00706889,0.09362936,0.01690968,-0.02819137,-0.11512402,-0.00813926,0.04850108,0.13329959,-0.00086581,-0.06741248,-0.14763208,0.00984593,0.08438035,0.15770827,-0.01854218,-0.09891549,-0.16323765,-0.01782097,0.13366704,-0.14661226,0.01005044,0.08463812,-0.35601326,-0.00192967,0.17610044,-0.10469810,-0.00630147,0.04471142,-0.39070738,0.01439885,0.21237555,-0.07820500,-0.02212124,0.01313022,-0.40825403,0.30513221,0.81773341,0.88014751,-0.32851541,-0.79815020,-0.76420789,0.34242735,0.75555594,0.62623579,-0.34646696,-0.69117865,-0.47020902,0.34051776,0.60687436,0.30062590,-0.32475127,-0.50507360,-0.12237561,-0.02660187,-0.00883268,-0.99960711,-0.02174142,0.03433264,0.32741615,-0.10664403,-0.01128108,0.04256241
10103800000000,synthetic_50hz_02,190,0.02,92.30360638,93.01880599,13.41760671,13.38717375,13.38688256,2.14734329,124.46384425,1,1,0,0,1,0.43337443,0.27729151,0.32820104,-0.02066687,0.01871350,0.10560452,0.01210343,-0.03941894,-0.12530220,-0.00319104,0.05898792,0.14138735,-0.00581335,-0.07685624,-0.15339625,0.01465014,0.09250877,0.16098265,-0.02306456,-0.10549423,-0.16392785,-0.01327613,0.14528347,-0.13468667,0.00521879,0.07343268,-0.36614213,0.00304971,0.18657163,-0.09665840,-0.01128530,0.03527650,-0.39642569,0.01924376,0.22050210,-0.07497333,-0.02668791,0.00654635,-0.40890549,0.31798071,0.80693105,0.81634816,-0.33615395,-0.77469288,-0.68829553,0.34463572,0.72011994,0.54039902,-0.34318147,-0.64478562,-0.37692255,0.33183315,0.55086183,0.20257924,-0.31091792,-0.44105643,-0.02239546,-0.02672110,-0.00838032,-0.99960782,-0.02163362,0.03442451,0.32820104,-0.10756650,-0.01240913,0.04189883
10103820000000,synthetic_50hz_02,191,0.02,92.35814659,92.88667411,13.40470257,13.38688256,13.37846022,2.15686402,124.43497663,1,1,0,0,1,0.43113296,0.27693062,0.32897249,-0.01602120,0.03004425,0.11650913,0.00725503,-0.05015880,-0.13426268,0.00172031,0.06882725,0.14814538,-0.01064606,-0.08551138,-0.15775698,0.01926487,0.09973018,0.16282038,-0.02732827,-0.11107371,-0.16318958,-0.00861162,0.15658579,-0.12383163,0.00034526,0.06271523,-0.37505327,0.00799197,0.19639502,-0.08994850,-0.01615407,0.02663052,-0.40074047,0.02389901,0.22772133,-0.07317848,-0.03099577,0.00096203,-0.40812830,0.32786131,0.78929122,0.74647696,-0.34075002,-0.74488052,-0.60761748,0.34381476,0.67899455,0.45124010,-0.33696715,-0.59353286,-0.28185326,0.32040462,0.49095935,0.10434045,-0.29460467,-0.37423124,0.07618053,-0.02683990,-0.00792895,-0.99960832,-0.02151882,0.03450962,0.32897249,-0.10846788,-0.01353617,0.04123354
10103840000000,synthetic_50hz_02,192,0.02,92.01072185,92.71148365,13.39368078,13.37846022,13.37833054,2.16635862,124.40546020,1,1,0,0,1,0.42887559,0.27654730,0.32973046,-0.01130047,0.04097008,0.12627885,0.00240881,-0.06033041,-0.14196288,0.00655230,0.07795138,0.15355405,-0.01532450,-0.09332499,-0.16071818,0.02365488,0.10600798,0.16324873,-0.03130329,-0.11563472,-0.16107275,-0.00387232,0.16748295,-0.11411145,-0.00452583,0.05256630,-0.38270409,0.01285463,0.20550293,-0.08458805,-0.02086838,0.01882636,-0.40365558,0.02832936,0.23399665,-0.07279315,-0.03501480,-0.00360351,-0.40597235,0.33478352,0.76519928,0.67136375,-0.34236314,-0.70919197,-0.52305746,0.34007227,0.63273832,0.35967119,-0.32797697,-0.53804253,-0.18591543,0.30642593,0.42783473,0.00679964,-0.27604049,-0.30529225,0.17251219,-0.02695824,-0.00747871,-0.99960860,-0.02139705,0.03458797,0.32973046,-0.10934801,-0.01466212,0.04056657
10103860000000,synthetic_50hz_02,193,0.02,92.06619876,92.58242668,13.38723368,13.37833054,13.36904197,2.17583098,124.37530289,1,1,0,0,1,0.42660276,0.27614158,0.33047493,-0.00654818,0.05140800,0.13486318,-0.00239299,-0.06986237,-0.14837417,0.01126516,0.08630257,0.15760747,-0.01981256,-0.10025463,-0.16229688,0.02778875,0.11131630,0.16230718,-0.03496378,-0.11916868,-0.15763810,0.00089824,0.17789194,-0.10557666,-0.00935222,0.04305729,-0.38906599,0.01759792,0.21383760,-0.08058290,-0.02539210,0.01190647,-0.40518809,0.03250339,0.23930218,-0.07377788,-0.03871916,-0.00714169,-0.40249840,0.33878512,0.73508446,0.59184876,-0.34107890,-0.66813982,-0.43549381,0.33353922,0.58193240,0.26658336,-0.31638344,-0.47894760,-0.08998719,0.29010618,0.36215451,-0.08920335,-0.25546503,-0.23492034,0.26582212,-0.02707609,-0.00702974,-0.99960868,-0.02126834,0.03465955,0.33047493,-0.11020671,-0.01578688,0.03989793
10103880000000,synthetic_50hz_02,194,0.02,91.91482991,92.44890732,13.37959316,13.36904197,13.35980258,2.18528415,124.34451272,1,1,0,0,1,0.42431492,0.27571350,0.33120586,-0.00180612,0.06128349,0.14222508,-0.00711051,-0.07869263,-0.15348141,0.01582213,0.09383303,0.16031281,-0.02407760,-0.10626818,-0.16252230,0.03163890,0.11563956,0.16004621,-0.03828803,-0.12167700,-0.15295590,0.00565828,0.18773825,-0.09826427,-0.01409407,0.03425025,-0.39412380,0.02218508,0.22135125,-0.07792592,-0.02969257,0.00590298,-0.40536721,0.03639352,0.24362234,-0.07608219,-0.04208713,-0.00965394,-0.39777671,0.33993004,0.69941259,0.50877308,-0.33700645,-0.62226282,-0.34579036,0.32436681,0.52717293,0.17283835,-0.30237552,-0.41688439,0.00509667,0.27166661,0.29457688,-0.18288475,-0.23312542,-0.16377658,0.35540018,-0.02719344,-0.00658218,-0.99960854,-0.02113274,0.03472433,0.33120586,-0.11104380,-0.01691036,0.03922765
10103900000000,synthetic_50hz_02,195,0.02,91.73110054,92.30534597,13.37128112,13.35980258,13.35134997,2.19472053,124.31309777,1,1,0,0,1,0.42201251,0.27526308,0.33192323,0.00288600,0.07053076,0.14834062,-0.01170656,-0.08676858,-0.15728223,0.02018961,0.10050483,0.16168933,-0.02809058,-0.11134348,-0.16143484,0.03518169,0.11897204,0.15652611,-0.04125849,-0.12317058,-0.14710467,0.01036810,0.19695609,-0.09219823,-0.01871418,0.02619780,-0.39787517,0.02658249,0.22800595,-0.07659782,-0.03374078,0.00083804,-0.40423334,0.03997611,0.24695141,-0.07964576,-0.04510117,-0.01115112,-0.39188580,0.33830600,0.65867882,0.42296960,-0.33027585,-0.57211851,-0.25478829,0.31272370,0.46906376,0.07926131,-0.28615558,-0.35248567,0.09855080,0.25133746,0.22574527,-0.27352165,-0.20927317,-0.09249652,0.44060675,-0.02731026,-0.00613618,-0.99960819,-0.02099030,0.03478230,0.33192323,-0.11185913,-0.01803247,0.03855577
10103920000000,synthetic_50hz_02,196,0.02,91.78653170,92.20158311,13.36291003,13.35134997,13.33395972,2.20414209,124.28106619,1,1,0,0,1,0.41969598,0.27479036,0.33262700,0.00749081,0.07909287,0.15319833,-0.01614682,-0.09404698,-0.15978628,0.02433731,0.10628968,0.16176752,-0.03182614,-0.11546800,-0.15908492,0.03839741,0.12131732,0.15181583,-0.04386167,-0.12366901,-0.14016982,0.01499032,0.20548853,-0.08738999,-0.02317823,0.01894316,-0.40032974,0.03075989,0.23377342,-0.07656811,-0.03751135,-0.00327583,-0.40183690,0.04323145,0.24929298,-0.08439968,-0.04774778,-0.01165285,-0.38491109,0.33402210,0.61340064,0.33525490,-0.32103540,-0.51827623,-0.16329868,0.29879309,0.40820968,-0.01336553,-0.26793645,-0.28637425,0.18964439,0.22935507,0.15628252,-0.36045573,-0.18416128,-0.02168509,0.52087495,-0.02742652,-0.00569186,-0.99960763,-0.02084105,0.03483346,0.33262700,-0.11265254,-0.01915312,0.03788231
10103940000000,synthetic_50hz_02,197,0.02,91.52914772,92.06709604,13.35075090,13.33395972,13.32083181,2.21354996,124.24842619,1,1,0,0,1,0.41736580,0.27429539,0.33331714,0.01197353,0.08692178,0.15679863,-0.02040004,-0.10049385,-0.16101441,0.02823841,0.11116863,0.16058806,-0.03526265,-0.11863836,-0.15553189,0.04127025,0.12268770,0.14599165,-0.04608802,-0.12319989,-0.13224242,0.01949016,0.21328753,-0.08383915,-0.02745497,0.01252034,-0.40150837,0.03469044,0.23863469,-0.07779611,-0.04098264,-0.00643524,-0.39823724,0.04614371,0.25065934,-0.09026762,-0.05001741,-0.01118674,-0.37694364,0.32720635,0.56411108,0.24642183,-0.30944891,-0.46131050,-0.07209610,0.28276992,0.34521012,-0.10430819,-0.24793854,-0.21915717,0.27770522,0.20595897,0.08678582,-0.44309589,-0.15804151,0.04808760,0.59571189,-0.02754222,-0.00524937,-0.99960687,-0.02068505,0.03487779,0.33331714,-0.11342387,-0.02027222,0.03720730
10103960000000,synthetic_50hz_02,198,0.02,91.25880876,91.90543858,13.33818489,13.32083181,13.31113687,2.22294503,124.21518607,1,1,0,0,1,0.41502241,0.27377820,0.33399363,0.01630213,0.09397827,0.15915303,-0.02443811,-0.10608418,-0.16099774,0.03186954,0.11513163,0.15820081,-0.03838215,-0.12085979,-0.15084287,0.04378818,0.12310350,0.13913607,-0.04793178,-0.12179808,-0.12341790,0.02383560,0.22031386,-0.08153418,-0.03151630,0.00695431,-0.40144220,0.03835077,0.24257974,-0.08023197,-0.04413670,-0.00864541,-0.39350150,0.04870088,0.25107081,-0.09716712,-0.05190430,-0.00978761,-0.36807891,0.31800314,0.51135229,0.15723294,-0.29569311,-0.40179478,0.01808692,0.26485811,0.28065334,-0.19288532,-0.22638713,-0.15142054,0.36212275,0.18138930,0.01782221,-0.52092001,-0.13116193,0.11628994,0.66469891,-0.02765731,-0.00480885,-0.99960591,-0.02052236,0.03491528,0.33399363,-0.11417297,-0.02138968,0.03653077
10103980000000,synthetic_50hz_02,199,0.02,91.28465861,91.78128259,13.32682472,13.31113687,13.29247011,2.23232816,124.18135417,1,1,0,0,1,0.41266628,0.27323883,0.33465645,0.02044750,0.10023177,0.16028336,-0.02823620,-0.11080170,-0.15977675,0.03521084,0.11817716,0.15466371,-0.04117033,-0.12214552,-0.14509164,0.04594286,0.12259237,0.13133651,-0.04939083,-0.11950483,-0.11379488,0.02799752,0.22653695,-0.08045325,-0.03533736,0.00226136,-0.40017168,0.04172102,0.24560702,-0.08381774,-0.04695923,-0.00991959,-0.38770343,0.05089461,0.25055505,-0.10501074,-0.05340633,-0.00749674,-0.35841549,0.30657070,0.45566949,0.06841478,-0.27995494,-0.34029583,0.10656461,0.24526794,0.21511128,-0.27847169,-0.20350976,-0.08372498,0.44235030,0.15588430,-0.05007516,-0.59347574,-0.10376462,0.18243160,0.72749100,-0.02777179,-0.00437042,-0.99960474,-0.02035301,0.03494593,0.33465645,-0.11489969,-0.02250540,0.03585274
10104000000000,synthetic_50hz_02,200,0.02,91.18050803,91.66112768,13.31239578,13.29247011,13.27110985,2.24169969,124.14693890,1,1,0,0,1,0.41029787,0.27267734,0.33530555,0.02438354,0.10566010,0.16022087,-0.03177273,-0.11463840,-0.15740026,0.03824591,0.12031162,0.15004173,-0.04361643,-0.12251620,-0.13835743,0.04772948,0.12118858,0.12268422,-0.05046646,-0.11636703,-0.10347396,0.03194981,0.23193463,-0.08056512,-0.03889660,-0.00155050,-0.39774564,0.04478479,0.24772294,-0.08848844,-0.04943946,-0.01027841,-0.38092229,0.05272009,0.24914632,-0.11370723,-0.05452477,-0.00436103,-0.34805399,0.29307867,0.39760537,-0.01934699,-0.26242910,-0.27736847,0.19270167,0.22421357,0.14913492,-0.36050068,-0.17953385,-0.01660173,0.51790629,0.12967810,-0.11641009,-0.66038042,-0.07608366,0.24606576,0.78381547,-0.02788562,-0.00393423,-0.99960338,-0.02017706,0.03496973,0.33530555,-0.11560388,-0.02361930,0.03517324
10104020000000,synthetic_50hz_02,201,0.02,91.10885565,91.55067327,13.29505569,13.27110985,13.24591170,2.25105953,124.11194874,1,1,0,0,1,0.40791764,0.27209375,0.33594092,0.02808720,0.11024919,0.15900537,-0.03502944,-0.11759414,-0.15392444,0.04096176,0.12154881,0.14440581,-0.04571314,-0.12199916,-0.13072389,0.04914658,0.11893223,0.11327313,-0.05116311,-0.11243642,-0.09255666,0.03566944,0.23649282,-0.08182997,-0.04217574,-0.00448114,-0.39422026,0.04752910,0.24894132,-0.09417315,-0.05157006,-0.00974922,-0.37324171,0.05417586,0.24688472,-0.12316265,-0.05526409,-0.00043218,-0.33709593,0.27770567,0.33769488,-0.10541162,-0.24331559,-0.21355092,0.27591625,0.20191061,0.08325020,-0.43846608,-0.15468446,0.04945066,0.58837474,0.10299868,-0.18072584,-0.72132027,-0.04834340,0.30679061,0.83346981,-0.02799879,-0.00350041,-0.99960183,-0.01999458,0.03498668,0.33594092,-0.11628543,-0.02473129,0.03449230
10104040000000,synthetic_50hz_02,202,0.02,90.77799065,91.39613675,13.27441521,13.24591170,13.22705392,2.26040717,124.07639222,1,1,0,0,1,0.40552605,0.27148813,0.33656253,0.03153854,0.11399263,0.15668427,-0.03799128,-0.11967613,-0.14941182,0.04334872,0.12190932,0.13783177,-0.04745639,-0.12062780,-0.12227795,0.05019587,0.11586852,0.10319881,-0.05148818,-0.10776871,-0.08114440,0.03913645,0.24020514,-0.08420038,-0.04515974,-0.00653776,-0.38965807,0.04994425,0.24928272,-0.10079603,-0.05334698,-0.00836541,-0.36474865,0.05526363,0.24381547,-0.13328144,-0.05563167,0.00423407,-0.32564274,0.26063694,0.27646058,-0.18918658,-0.22281745,-0.14936069,0.35568201,0.17857403,0.01795466,-0.51192296,-0.12918224,0.11396901,0.65340493,0.07606606,-0.24260691,-0.77604893,-0.02075687,0.36425033,0.87631908,-0.02811128,-0.00306909,-0.99960009,-0.01980563,0.03499677,0.33656253,-0.11694418,-0.02584128,0.03380994
10104060000000,synthetic_50hz_02,203,0.02,90.92790896,91.30249119,13.25452347,13.22705392,13.19456909,2.26974230,124.04027794,1,1,0,0,1,0.40312359,0.27086051,0.33717036,0.03472068,0.11689130,0.15331169,-0.04064640,-0.12089837,-0.14393029,0.04540028,0.12141989,0.13039932,-0.04884524,-0.11844081,-0.11310887,0.05088196,0.11204703,0.09255744,-0.05145174,-0.10242288,-0.06933754,0.04233397,0.24307244,-0.08762224,-0.04783674,-0.00773437,-0.38412695,0.05202375,0.24877391,-0.10827737,-0.05476928,-0.00616567,-0.35553235,0.05598800,0.23998812,-0.14396742,-0.05563758,0.00957874,-0.31379478,0.24206217,0.21440848,-0.27012996,-0.20113857,-0.08529097,0.43152950,0.15441605,-0.04628552,-0.58048784,-0.10324164,0.17652757,0.71271045,0.04909073,-0.30168026,-0.82438528,0.00647549,0.41813536,0.91229269,-0.02822305,-0.00264040,-0.99959817,-0.01961025,0.03500000,0.33717036,-0.11758000,-0.02694917,0.03312620
10104080000000,synthetic_50hz_02,204,0.02,91.12265006,91.26652296,13.22934263,13.19456909,13.14906068,2.27906401,124.00361453,1,1,0,0,1,0.40071071,0.27021096,0.33776437,0.03761977,0.11895286,0.14894747,-0.04298603,-0.12128112,-0.13755211,0.04711299,0.12011278,0.12219106,-0.04988165,-0.11548154,-0.10330718,0.05121220,0.10752091,0.08144491,-0.05106628,-0.09646040,-0.05723455,0.04524815,0.24510240,-0.09203569,-0.05019798,-0.00809121,-0.37769919,0.05376415,0.24744714,-0.11653457,-0.05583891,-0.00319336,-0.34568335,0.05635633,0.23545584,-0.15512469,-0.05529431,0.01554038,-0.30165051,0.22217340,0.15202432,-0.34775226,-0.17848174,-0.02180764,0.50304679,0.12964438,-0.10903776,-0.64383826,-0.07706931,0.23673956,0.76606756,0.02227229,-0.35761604,-0.86621078,0.03316685,0.46818229,0.94138074,-0.02833409,-0.00221448,-0.99959606,-0.01940852,0.03499637,0.33776437,-0.11819279,-0.02805488,0.03244111
10104100000000,synthetic_50hz_02,205,0.02,91.00645450,91.21450927,13.19562421,13.14906068,13.10454242,2.28837046,123.96641070,1,1,0,0,1,0.39828789,0.26953952,0.33834455,0.04022494,0.12019124,0.14365632,-0.04500435,-0.12085026,-0.13035300,0.04848626,0.11802512,0.11329155,-0.05057030,-0.11179725,-0.09296385,0.05119637,0.10234622,0.06995596,-0.05034642,-0.08994450,-0.04493121,0.04786811,0.24630892,-0.09737605,-0.05223762,-0.00763420,-0.37045048,0.05516486,0.24533952,-0.12548307,-0.05656055,0.00050427,-0.33529261,0.05637838,0.23027469,-0.16665852,-0.05461647,0.02205574,-0.28930573,0.20116304,0.08977044,-0.42161736,-0.15504684,0.04065327,0.56987943,0.10446056,-0.16990492,-0.70171160,-0.05086264,0.29425813,0.81331311,-0.00420168,-0.41012774,-0.90146642,0.05914486,0.51417318,0.96363003,-0.02844439,-0.00179145,-0.99959377,-0.01920051,0.03498588,0.33834455,-0.11878241,-0.02915831,0.03175468
10104120000000,synthetic_50hz_02,206,0.02,91.41991286,91.25558999,13.15736986,13.10454242,13.04029623,2.29765957,123.92867520,1,1,0,0,1,0.39585561,0.26884624,0.33891087,0.04252816,0.12062608,0.13750684,-0.04669836,-0.11963674,-0.12241121,0.04952222,0.11519821,0.10378640,-0.05091834,-0.10743846,-0.08216939,0.05084645,0.09658122,0.05818339,-0.04930864,-0.08293949,-0.03251994,0.05018583,0.24671169,-0.10357470,-0.05395268,-0.00639425,-0.36245909,0.05622800,0.24249238,-0.13503725,-0.05694135,0.00487670,-0.32445065,0.05606615,0.22450291,-0.17847609,-0.05362056,0.02906052,-0.27685285,0.17922211,0.02808307,-0.49134300,-0.13102913,0.10168756,0.63172979,0.07905852,-0.22852648,-0.75390352,-0.02480863,0.34877688,0.85434187,-0.03015652,-0.45897188,-0.93014913,0.08425224,0.55593450,0.97913977,-0.02855390,-0.00137145,-0.99959131,-0.01898627,0.03496853,0.33891087,-0.11934874,-0.03025939,0.03106696
10104140000000,synthetic_50hz_02,207,0.02,91.17748527,91.23996905,13.10819894,13.04029623,12.98481296,2.30692828,123.89041685,1,1,0,0,1,0.39341434,0.26813119,0.33946331,0.04452415,0.12028223,0.13057072,-0.04806771,-0.11767591,-0.11380664,0.05022546,0.11167694,0.09376146,-0.05093518,-0.10245826,-0.07101309,0.05017641,0.09028567,0.04621739,-0.04797104,-0.07551010,-0.02008921,0.05219603,0.24633553,-0.11055994,-0.05534281,-0.00440675,-0.35380492,0.05695815,0.23895060,-0.14511128,-0.05699072,0.00987083,-0.31324677,0.05543360,0.21820029,-0.19048723,-0.05232465,0.03648998,-0.26438034,0.15653855,-0.03262983,-0.55660050,-0.10661788,0.16092437,0.68835595,0.05362336,-0.28457939,-0.80026577,0.00091714,0.40002985,0.88910357,-0.05543121,-0.50394727,-0.95230809,0.10834716,0.59333565,0.98805713,-0.02866263,-0.00095459,-0.99958869,-0.01876588,0.03494433,0.33946331,-0.11989169,-0.03135801,0.03037796
10104160000000,synthetic_50hz_02,208,0.02,90.79822903,91.15162104,13.05637682,12.98481296,12.94117743,2.31617373,123.85164449,1,1,0,0,1,0.39096456,0.26739442,0.34000185,0.04621027,0.11918915,0.12292188,-0.04911456,-0.11500699,-0.10462008,0.05060286,0.10750911,0.08330204,-0.05063225,-0.09691170,-0.05958236,0.04920189,0.08352029,0.03414489,-0.04635302,-0.06772094,-0.00772300,0.05389606,0.24520990,-0.11825786,-0.05641014,-0.00171089,-0.34456877,0.05736221,0.23476199,-0.15561983,-0.05672009,0.01543162,-0.30176836,0.05449637,0.21142752,-0.20260499,-0.05074816,0.04427953,-0.25197220,0.13329581,-0.09199029,-0.61711408,-0.08199500,0.21802724,0.73956997,0.02833024,-0.33777836,-0.84070371,0.02615129,0.44779118,0.91759957,-0.07987887,-0.54489397,-0.96804060,0.13130350,0.62628721,0.99057258,-0.02877053,-0.00054100,-0.99958590,-0.01853941,0.03491328,0.34000185,-0.12041114,-0.03245410,0.02968772
10104180000000,synthetic_50hz_02,209,0.02,91.28303294,91.17790342,13.00799308,12.94117743,12.87384184,2.32539400,123.81236703,1,1,0,0,1,0.38850675,0.26663600,0.34052646,0.04758628,0.11738035,0.11463568,-0.04984334,-0.11167239,-0.09493242,0.05066339,0.10274487,0.07249221,-0.05002279,-0.09085517,-0.04796202,0.04794001,0.07634607,0.02204906,-0.04447510,-0.05963588,0.00449958,0.05528569,0.24336832,-0.12659310,-0.05715914,0.00165090,-0.33483150,0.05744915,0.22997668,-0.16647883,-0.05614269,0.02150267,-0.29010027,0.05327156,0.20424562,-0.21474620,-0.04891159,0.05236528,-0.23970750,0.10967145,-0.14965164,-0.67265966,-0.05733400,0.27269467,0.78523590,0.00334358,-0.38787579,-0.87517341,0.05074324,0.49187428,0.93987927,-0.10336710,-0.58169179,-0.97748797,0.15301084,0.65473886,0.98691524,-0.02887760,-0.00013081,-0.99958295,-0.01830694,0.03487539,0.34052646,-0.12090698,-0.03354755,0.02899626
10104200000000,synthetic_50hz_02,210,0.02,91.34570879,91.21146449,12.95164956,12.87384184,12.80326307,2.33458653,123.77259342,1,1,0,0,1,0.38604140,0.26585597,0.34103712,0.04865429,0.11489282,0.10578816,-0.05026060,-0.10771722,-0.08482393,0.05041787,0.09743608,0.06141418,-0.04912157,-0.08434581,-0.03623383,0.04640907,0.06882382,0.01000885,-0.04235858,-0.05131760,0.01650470,0.05636702,0.24084779,-0.13548960,-0.05759632,0.00563353,-0.32467342,0.05722977,0.22464654,-0.17760606,-0.05527330,0.02802684,-0.27832425,0.05177750,0.19671539,-0.22683192,-0.04683626,0.06068456,-0.22766012,0.08583606,-0.20529934,-0.72306319,-0.03279898,0.32466039,0.82526729,-0.02118370,-0.43466132,-0.90367855,0.07455565,0.53213077,0.95603634,-0.12577812,-0.61425864,-0.98083116,0.17337436,0.67867714,0.97734815,-0.02898381,0.00027585,-0.99957984,-0.01806853,0.03483067,0.34103712,-0.12137913,-0.03463829,0.02830362
10104220000000,synthetic_50hz_02,211,0.02,91.17786909,91.20474541,12.88932723,12.80326307,12.73854765,2.34374846,123.73233265,1,1,0,0,1,0.38356898,0.26505441,0.34153381,0.04941850,0.11176652,0.09645543,-0.05037479,-0.10318864,-0.07437369,0.04987876,0.09163579,0.05014773,-0.04794470,-0.07744103,-0.02447598,0.04462837,0.06101361,-0.00190142,-0.04002538,-0.04282715,0.02822401,0.05714425,0.23768825,-0.14487127,-0.05773017,0.01018981,-0.31417359,0.05671654,0.21882462,-0.18892176,-0.05412802,0.03494673,-0.26651848,0.05003347,0.18889689,-0.23878782,-0.04454408,0.06917632,-0.21589838,0.06195224,-0.25865148,-0.76819865,-0.00854396,0.37369313,0.85962453,-0.04511064,-0.47796103,-0.92626703,0.09746469,0.56844910,0.96620482,-0.14700878,-0.64254851,-0.97828648,0.19231455,0.69812295,0.96216368,-0.02908914,0.00067888,-0.99957659,-0.01782427,0.03477911,0.34153381,-0.12182749,-0.03572622,0.02760981
10104240000000,synthetic_50hz_02,212,0.02,91.00206801,91.16420993,12.82599981,12.73854765,12.67854855,2.35287732,123.69159376,1,1,0,0,1,0.38108998,0.26423138,0.34201651,0.04988505,0.10804382,0.08671293,-0.05019609,-0.09813541,-0.06365896,0.04905995,0.08539771,0.03876968,-0.04650939,-0.07019796,-0.01276265,0.04261794,0.05297437,-0.01361233,-0.03749780,-0.03422350,0.03959486,0.05762353,0.23393209,-0.15466266,-0.05757083,0.01527100,-0.30340929,0.05592334,0.21256465,-0.20034909,-0.05272406,0.04220521,-0.25475716,0.04805951,0.18084905,-0.25054447,-0.04205735,0.07778158,-0.20448494,0.03817380,-0.30945885,-0.80798581,0.01528780,0.41959620,0.88831185,-0.06830865,-0.51763639,-0.94302744,0.11936012,0.60075288,0.97055512,-0.16697039,-0.66654939,-0.97010124,0.20976682,0.71312897,0.94167888,-0.02919357,0.00107814,-0.99957320,-0.01757424,0.03472074,0.34201651,-0.12225198,-0.03681126,0.02691488
10104260000000,synthetic_50hz_02,213,0.02,91.33544340,91.19845663,12.76407028,12.67854855,12.60272479,2.36197126,123.65038582,1,1,0,0,1,0.37860489,0.26338695,0.34248521,0.05006185,0.10376898,0.07663493,-0.04973616,-0.09260732,-0.05275470,0.04797654,0.07877574,0.02735353,-0.04483374,-0.06267303,-0.00116375,0.04039837,0.04476342,-0.02505959,-0.03479828,-0.02556326,0.05056045,0.05781276,0.22962356,-0.16478949,-0.05712998,0.02082731,-0.29245545,0.05486528,0.20592050,-0.21181455,-0.05107953,0.04974583,-0.24311018,0.04587618,0.17262921,-0.26203760,-0.03939850,0.08644374,-0.19347661,0.01464505,-0.35750477,-0.84238758,0.03856422,0.46220664,0.91137420,-0.09066166,-0.55358288,-0.95408547,0.14014528,0.62899907,0.96929002,-0.18558845,-0.68628092,-0.95654948,0.22568102,0.72377697,0.91623118,-0.02929708,0.00147352,-0.99956966,-0.01731851,0.03465557,0.34248521,-0.12265250,-0.03789332,0.02621884
10104280000000,synthetic_50hz_02,214,0.02,91.46139542,91.25104438,12.69630517,12.60272479,12.52190588,2.37102802,123.60871795,1,1,0,0,1,0.37611419,0.26252119,0.34293987,0.04995838,0.09898768,0.06629399,-0.04900797,-0.08665474,-0.04173310,0.04664464,0.07182350,0.01596903,-0.04293653,-0.05492155,0.01025544,0.03799053,0.03643620,-0.03618424,-0.03194925,-0.01690036,0.06106983,0.05772142,0.22480835,-0.17517921,-0.05642059,0.02680836,-0.28138430,0.05355847,0.19894581,-0.22324840,-0.04921319,0.05751329,-0.23164285,0.04350439,0.16429278,-0.27320823,-0.03658995,0.09510887,-0.18292433,-0.00849971,-0.40260456,-0.87140732,0.06116469,0.50139424,0.92889398,-0.11206626,-0.58572849,-0.95960019,0.15973692,0.65317592,0.96264068,-0.20280228,-0.70179198,-0.93792779,0.24002076,0.73017505,0.88617401,-0.02939965,0.00186490,-0.99956600,-0.01705717,0.03458360,0.34293987,-0.12302898,-0.03897231,0.02552173
10104300000000,synthetic_50hz_02,215,0.02,91.10339825,91.22151516,12.62305747,12.52190588,12.45529927,2.38004507,123.56659930,1,1,0,0,1,0.37361837,0.26163416,0.34338049,0.04958550,0.09374656,0.05576050,-0.04802564,-0.08032819,-0.03066322,0.04508118,0.06459392,0.00468191,-0.04083700,-0.04699737,0.02143438,0.03541548,0.02804588,-0.04693271,-0.02897291,-0.00828580,0.07107795,0.05736038,0.21953309,-0.18576142,-0.05545677,0.03316363,-0.27026487,0.05201983,0.19169350,-0.23458489,-0.04714429,0.06545375,-0.22041568,0.04096517,0.15589296,-0.28400281,-0.03365393,0.10372597,-0.17287316,-0.03113654,-0.44460476,-0.89508590,0.08298026,0.53706020,0.94098770,-0.13243161,-0.61403195,-0.95976039,0.17806491,0.67330087,0.95086273,-0.21856450,-0.71315822,-0.91455126,0.25276278,0.73245488,0.85187285,-0.02950125,0.00225217,-0.99956221,-0.01679030,0.03450485,0.34338049,-0.12338135,-0.04004814,0.02482357
10104320000000,synthetic_50hz_02,216,0.02,91.04269308,91.18575074,12.55259903,12.45529927,12.38862489,2.38902068,123.52403906,1,1,0,0,1,0.37111793,0.26072594,0.34380704,0.04895529,0.08809275,0.04510227,-0.04680418,-0.07367790,-0.01961065,0.04330368,0.05713889,-0.00644634,-0.03855472,-0.03895253,0.03231749,0.03269421,0.01964315,-0.05725691,-0.02589111,0.00023255,0.08054558,0.05674170,0.21384492,-0.19646832,-0.05425353,0.03984288,-0.25916277,0.05026689,0.18421547,-0.24576256,-0.04489240,0.07351516,-0.20948428,0.03827952,0.14748043,-0.29437321,-0.03061226,0.11224716,-0.16336232,-0.05315219,-0.48338213,-0.91349864,0.10391367,0.56913572,0.94780255,-0.15167927,-0.63848087,-0.95478087,0.19507189,0.68941831,0.93423240,-0.23284050,-0.72047950,-0.88674959,0.26389620,0.73076894,0.81370137,-0.02960188,0.00263521,-0.99955830,-0.01651799,0.03441934,0.34380704,-0.12370953,-0.04112072,0.02412440
10104340000000,synthetic_50hz_02,217,0.02,90.74307814,91.09721622,12.48372989,12.38862489,12.33088200,2.39795363,123.48104644,1,1,0,0,1,0.36861334,0.25979660,0.34421952,0.04808084,0.08207353,0.03438418,-0.04535936,-0.06675349,-0.00863725,0.04133014,0.04950891,-0.01735870,-0.03610936,-0.03083697,0.04285419,0.02984753,0.01127599,-0.06711417,-0.02272519,0.00861009,0.08943922,0.05587848,0.20779112,-0.20723502,-0.05282665,0.04679651,-0.24813985,0.04831763,0.17656223,-0.25672435,-0.04247719,0.08164757,-0.19889922,0.03546825,0.13910317,-0.30427680,-0.02748629,0.12062785,-0.15442533,-0.07444417,-0.51884247,-0.92675227,0.12387930,0.59758036,0.94951303,-0.16974294,-0.65908974,-0.94489889,0.21071281,0.70159725,0.91304287,-0.24560773,-0.72387738,-0.85486340,0.27342167,0.72528779,0.77203782,-0.02970151,0.00301392,-0.99955427,-0.01624033,0.03432709,0.34421952,-0.12401347,-0.04218998,0.02342424
10104360000000,synthetic_50hz_02,218,0.02,90.83804448,91.04538187,12.41953378,12.33088200,12.26525303,2.40684351,123.43763072,1,1,0,0,1,0.36610511,0.25884621,0.34461789,0.04697610,0.07573589,0.02366791,-0.04370751,-0.05960357,0.00219909,0.03917881,0.04175284,-0.02800269,-0.03352057,-0.02269836,0.05299895,0.02689591,0.00298948,-0.07646723,-0.01949583,0.01680560,0.09773093,0.05478468,0.20141868,-0.21799983,-0.05119246,0.05397590,-0.23725402,0.04619031,0.16878261,-0.26741778,-0.03991829,0.08980332,-0.18870603,0.03255181,0.13080625,-0.31367629,-0.02429670,0.12882681,-0.14609012,-0.09492081,-0.55091924,-0.93498176,0.14280299,0.62238032,0.94631759,-0.18656809,-0.67589788,-0.93037064,0.22495435,0.70992899,0.88760067,-0.25685507,-0.72349251,-0.81924077,0.28135054,0.71619741,0.72726176,-0.02980011,0.00338817,-0.99955014,-0.01595741,0.03422811,0.34461789,-0.12429310,-0.04325582,0.02272312
10104380000000,synthetic_50hz_02,219,0.02,90.21301035,90.87890757,12.35473587,12.26525303,12.22070360,2.41568991,123.39380116,1,1,0,0,1,0.36359372,0.25787487,0.34500215,0.04565573,0.06912625,0.01301169,-0.04186539,-0.05227548,0.01284454,0.03686805,0.03391758,-0.03833046,-0.03080779,-0.01458182,0.06271129,0.02385933,-0.00517434,-0.08528412,-0.01622299,0.02478132,0.10539817,0.05347494,0.19477402,-0.22870453,-0.04936770,0.06133370,-0.22655910,0.04390330,0.16092355,-0.27779503,-0.03723517,0.09793729,-0.17894521,0.02955020,0.12263174,-0.32253971,-0.02106344,0.13680629,-0.13837922,-0.11450118,-0.57957206,-0.93834724,0.16062176,0.64354656,0.93843532,-0.20211155,-0.68896731,-0.91146787,0.23777437,0.71452482,0.85822238,-0.26658204,-0.71948223,-0.78023394,0.28770403,0.70369664,0.67975099,-0.02989768,0.00375787,-0.99954591,-0.01566932,0.03412242,0.34500215,-0.12454837,-0.04431815,0.02202106
10104400000000,synthetic_50hz_02,220,0.02,89.83425790,90.66997763,12.29844231,12.22070360,12.18376536,2.42449356,123.34956709,1,1,0,0,1,0.36107967,0.25688263,0.34537227,0.04413489,0.06229013,0.00247010,-0.03984999,-0.04481504,0.02324952,0.03441621,0.02604792,-0.04829884,-0.02799018,-0.00652983,0.07195568,0.02075719,-0.01317652,-0.09353801,-0.01292576,0.03250299,0.11242360,0.05196444,0.18790265,-0.23929453,-0.04736938,0.06882409,-0.21610467,0.04147494,0.15302981,-0.28781291,-0.03444698,0.10600701,-0.16965225,0.02648281,0.11461855,-0.33084025,-0.01780561,0.14453204,-0.13131001,-0.13311491,-0.60478512,-0.93703090,0.17728353,0.66111297,0.92610277,-0.21634099,-0.69838063,-0.88847466,0.24916123,0.71551365,0.82523141,-0.27479804,-0.71201808,-0.73819635,0.29251230,0.68799469,0.62987875,-0.02999418,0.00412290,-0.99954158,-0.01537616,0.03401004,0.34537227,-0.12477924,-0.04537690,0.02131811
10104420000000,synthetic_50hz_02,221,0.02,89.74903923,90.48578995,12.25027799,12.18376536,12.14196118,2.43325608,123.30493783,1,1,0,0,1,0.35856344,0.25586958,0.34572825,0.04242913,0.05527186,-0.00790606,-0.03767843,-0.03726630,0.03336870,0.03184145,0.01818634,-0.05786931,-0.02508646,0.00141794,0.08070152,0.01760821,-0.02098135,-0.10120707,-0.00962232,0.03993985,0.11879477,0.05026872,0.18084894,-0.24971903,-0.04521461,0.07640304,-0.20593606,0.03892339,0.14514388,-0.29743290,-0.03157241,0.11397279,-0.16085780,0.02336836,0.10680242,-0.33855605,-0.01454138,0.15197327,-0.12489489,-0.15070198,-0.62656545,-0.93123403,0.19274666,0.67513436,0.90957085,-0.22923436,-0.70423883,-0.86168433,0.25911313,0.71303977,0.78895505,-0.28152155,-0.70128344,-0.69347982,0.29581357,0.66930878,0.57801125,-0.03008961,0.00448317,-0.99953716,-0.01507801,0.03389099,0.34572825,-0.12498564,-0.04643197,0.02061428
10104440000000,synthetic_50hz_02,222,0.02,89.67782074,90.32419611,12.20478493,12.14196118,12.09604357,2.44197916,123.25992276,1,1,0,0,1,0.35604554,0.25483581,0.34607007,0.04055427,0.04811440,-0.01806986,-0.03536780,-0.02967134,0.04316108,0.02916167,0.01037285,-0.06700794,-0.02211479,0.00922470,0.08892293,0.01443033,-0.02855630,-0.10827424,-0.00632984,0.04706460,0.12450394,0.04840358,0.17365581,-0.25993110,-0.04292048,0.08402844,-0.19609429,0.03626654,0.13730577,-0.30662107,-0.02862966,0.12179783,-0.15258771,0.02022479,0.09921586,-0.34567006,-0.01128792,0.15910270,-0.11914164,-0.16721236,-0.64494122,-0.92117401,0.20697950,0.68568453,0.88910193,-0.24077932,-0.70665923,-0.83139662,0.26763736,0.70726062,0.74972176,-0.28677929,-0.68747135,-0.64643208,0.29765324,0.64786197,0.52450545,-0.03018395,0.00483856,-0.99953266,-0.01477498,0.03376530,0.34607007,-0.12516755,-0.04748328,0.01990961
10104460000000,synthetic_50hz_02,223,0.02,89.45817397,90.15099168,12.15911356,12.09604357,12.05292181,2.45066413,123.21453127,1,1,0,0,1,0.35352645,0.25378140,0.34639771,0.03852619,0.04085907,-0.02797832,-0.03293505,-0.02207013,0.05258991,0.02639437,0.00264491,-0.07568530,-0.01909273,0.01685657,0.09659866,0.01124064,-0.03587207,-0.11472702,-0.00306448,0.05385336,0.12954776,0.04638494,0.16636460,-0.26988777,-0.04050393,0.09166034,-0.18661608,0.03352190,0.12955294,-0.31534798,-0.02563626,0.12944829,-0.14486325,0.01706919,0.09188818,-0.35216980,-0.00806139,0.16589646,-0.11405360,-0.18260568,-0.65995994,-0.90708161,0.21995991,0.69285430,0.86496697,-0.25097259,-0.70577335,-0.79791493,0.27474961,0.69834463,0.70785864,-0.29060548,-0.67078230,-0.59739444,0.29808305,0.62388101,0.46970709,-0.03027717,0.00518898,-0.99952808,-0.01446716,0.03363300,0.34639771,-0.12532492,-0.04853074,0.01920412
10104480000000,synthetic_50hz_02,224,0.02,89.12988777,89.94677090,12.11451302,12.05292181,12.01677430,2.45931224,123.16877275,1,1,0,0,1,0.35100667,0.25270643,0.34671117,0.03636080,0.03354541,-0.03759241,-0.03039686,-0.01450039,0.06162269,0.02355656,-0.00496268,-0.08387637,-0.01603712,0.02428267,0.10371184,0.00805532,-0.04290258,-0.12055726,0.00015872,0.06028559,0.13392695,0.04422867,0.15901485,-0.27954999,-0.03798166,0.09926101,-0.17753396,0.03070648,0.12192021,-0.32358860,-0.02260905,0.13689325,-0.13770127,0.01391773,0.08484548,-0.35804708,-0.00487682,0.17233398,-0.10963005,-0.19685076,-0.67168667,-0.88919822,0.23167467,0.69674961,0.83744299,-0.25981930,-0.70172493,-0.76154388,0.28047321,0.68646919,0.66368911,-0.29304095,-0.65142223,-0.54669987,0.29716018,0.59759446,0.41394902,-0.03036925,0.00553432,-0.99952344,-0.01415465,0.03349410,0.34671117,-0.12545773,-0.04957427,0.01849785
10104500000000,synthetic_50hz_02,225,0.02,89.18402204,89.79422113,12.07346276,12.01677430,11.97247981,2.46792494,123.12265663,1,1,0,0,1,0.34848670,0.25161100,0.34701042,0.03407387,0.02621103,-0.04687704,-0.02776959,-0.00699750,0.07023109,0.02066469,-0.01241778,-0.09156033,-0.01296402,0.03147504,0.11024986,0.00488959,-0.04962486,-0.12576082,0.00332581,0.06634398,0.13764604,0.04195057,0.15164417,-0.28888267,-0.03537001,0.10679508,-0.16887626,0.02783672,0.11443970,-0.33132215,-0.01956411,0.14410476,-0.13111441,0.01078564,0.07811069,-0.36329779,-0.00174818,0.17839797,-0.10586646,-0.20992518,-0.68020225,-0.86777338,0.24211895,0.69748957,0.80681055,-0.26733232,-0.69466794,-0.72258700,0.28483837,0.67181871,0.61753092,-0.29413240,-0.62960064,-0.49467114,0.29494646,0.56923089,0.35754976,-0.03046019,0.00587449,-0.99951873,-0.01383755,0.03334864,0.34701042,-0.12556596,-0.05061379,0.01779082
10104520000000,synthetic_50hz_02,226,0.02,88.66086751,89.56755040,12.03104992,11.97247981,11.94464537,2.47650327,123.07619237,1,1,0,0,1,0.34596702,0.25049518,0.34729546,0.03168097,0.01889149,-0.05580101,-0.02506914,0.00040560,0.07839078,0.01773455,-0.01969099,-0.09872049,-0.00988867,0.03840869,0.11620406,0.00175770,-0.05601904,-0.13033740,0.00642395,0.07201434,0.14071306,0.03956619,0.14428811,-0.29785462,-0.03268490,0.11422958,-0.16066730,0.02492842,0.10714081,-0.33853189,-0.01651667,0.15105784,-0.12511131,0.00768716,0.07170372,-0.36792160,0.00131171,0.18407423,-0.10275482,-0.22181476,-0.68560149,-0.84306236,0.25129566,0.69520466,0.77335155,-0.27353160,-0.68476476,-0.68134466,0.28788149,0.65458277,0.56969428,-0.29393162,-0.60552885,-0.44161936,0.29150757,0.53901725,0.30081234,-0.03054995,0.00620940,-0.99951397,-0.01351598,0.03319664,0.34729546,-0.12564957,-0.05164920,0.01708306
10104540000000,synthetic_50hz_02,227,0.02,88.52970898,89.35998212,11.99476001,11.94464537,11.91640231,2.48504883,123.02938942,1,1,0,0,1,0.34344813,0.24935907,0.34756628,0.02919732,0.01162020,-0.06433694,-0.02231091,0.00767840,0.08608137,0.01478126,-0.02675564,-0.10534402,-0.00682545,0.04506150,0.12156956,-0.00132713,-0.06206821,-0.13429019,0.00944145,0.07728547,0.14313917,0.03709077,0.13698011,-0.30643845,-0.02994171,0.12153403,-0.15292747,0.02199669,0.10005022,-0.34520500,-0.01348110,0.15773037,-0.11969686,0.00463551,0.06564146,-0.37192173,0.00429115,0.18935157,-0.10028394,-0.23251305,-0.68799153,-0.81532392,0.25921490,0.69003495,0.73734710,-0.27844347,-0.67218435,-0.63811222,0.28964439,0.63495436,0.52048027,-0.29249472,-0.57941834,-0.38784262,0.28691229,0.50717742,0.24402330,-0.03063853,0.00653895,-0.99950916,-0.01319002,0.03303813,0.34756628,-0.12570855,-0.05268043,0.01637460
10104560000000,synthetic_50hz_02,228,0.02,88.41782085,89.17154986,11.96184978,11.91640231,11.88874384,2.49356339,122.98225726,1,1,0,0,1,0.34093052,0.24820277,0.34782286,0.02663781,0.00442838,-0.07246117,-0.01950971,0.01479292,0.09328622,0.01181915,-0.03358773,-0.11142178,-0.00378783,0.05141419,0.12634500,-0.00435269,-0.06775835,-0.13762563,0.01236773,0.08214901,0.14493845,0.03453917,0.12975136,-0.31461050,-0.02715526,0.12868042,-0.14567342,0.01905586,0.09319194,-0.35133236,-0.01047086,0.16410305,-0.11487242,0.00164290,0.05993793,-0.37530458,0.00717958,0.19422163,-0.09843977,-0.24202077,-0.68749007,-0.78481831,0.26589331,0.68212840,0.69907567,-0.28210002,-0.65710065,-0.59317835,0.29017365,0.61312838,0.47017942,-0.28988144,-0.55147934,-0.33362500,0.28123181,0.47393089,0.18745202,-0.03072591,0.00686304,-0.99950431,-0.01285979,0.03287315,0.34782286,-0.12574290,-0.05370740,0.01566547
10104580000000,synthetic_50hz_02,229,0.02,88.35793281,89.00882645,11.93114528,11.88874384,11.86158943,2.50204866,122.93480538,1,1,0,0,1,0.33841469,0.24702636,0.34806519,0.02401682,-0.00265502,-0.08015365,-0.01667975,0.02172362,0.09999229,0.00886179,-0.04016592,-0.11694811,-0.00078834,0.05745021,0.13053226,-0.00730783,-0.07307819,-0.14035310,0.01519332,0.08659929,0.14612750,0.03192579,0.12263083,-0.32235070,-0.02433975,0.13564324,-0.13891819,0.01611951,0.08658729,-0.35690828,-0.00749851,0.17015935,-0.11063611,-0.00127951,0.05460441,-0.37807957,0.00996751,0.19867872,-0.09720569,-0.25034529,-0.68422383,-0.75180534,0.27135345,0.67163922,0.65881137,-0.28453836,-0.63969094,-0.54682357,0.28951990,0.58930007,0.41907059,-0.28615445,-0.52191940,-0.27923561,0.27453903,0.43949155,0.13135013,-0.03081206,0.00718159,-0.99949942,-0.01252539,0.03270173,0.34806519,-0.12575260,-0.05473002,0.01495570
10104600000000,synthetic_50hz_02,230,0.02,88.14648845,88.83635885,11.90193182,11.86158943,11.84301305,2.51050622,122.88704326,1,1,0,0,1,0.33590113,0.24582994,0.34829326,0.02134823,-0.00960331,-0.08739776,-0.01383451,0.02844747,0.10618994,0.00592192,-0.04647147,-0.12192060,0.00216139,0.06315568,0.13413624,-0.01018240,-0.07801907,-0.14248467,0.01790984,0.09063315,0.14672520,0.02926452,0.11564521,-0.32964247,-0.02150867,0.14239944,-0.13267143,0.01320036,0.08025501,-0.36193038,-0.00457565,0.17588537,-0.10698304,-0.00412159,0.04964954,-0.38025874,0.01264658,0.20271971,-0.09656284,-0.25750002,-0.67832699,-0.71654265,0.27562322,0.65872641,0.61682246,-0.28580008,-0.62013444,-0.49931899,0.28773719,0.56366371,0.36741992,-0.28137870,-0.49094229,-0.22492797,0.26690794,0.40406677,0.07595124,-0.03089698,0.00749452,-0.99949450,-0.01218694,0.03252390,0.34829326,-0.12573766,-0.05574820,0.01424531
10104620000000,synthetic_50hz_02,231,0.02,87.86324536,88.64173615,11.87718594,11.84301305,11.83685941,2.51893794,122.83898043,1,1,0,0,1,0.33339034,0.24461361,0.34850707,0.01864538,-0.01639208,-0.09418025,-0.01098679,0.03494385,0.11187274,0.00301144,-0.05248817,-0.12633989,0.00505072,0.06851923,0.13716460,-0.01296727,-0.08257485,-0.14403480,0.02050997,0.09424980,0.14675240,0.02656866,0.10881891,-0.33647252,-0.01867481,0.14892840,-0.12693955,0.01031033,0.07421133,-0.36639927,-0.00171294,0.18126976,-0.10390554,-0.00687421,0.04507949,-0.38185655,0.01520946,0.20634379,-0.09649036,-0.26350391,-0.66993969,-0.67928419,0.27873527,0.64355228,0.57336997,-0.28593056,-0.59861096,-0.45092523,0.28488235,0.53641141,0.31548010,-0.27562084,-0.45874686,-0.17093953,0.25841305,0.36785643,0.02147069,-0.03098064,0.00780173,-0.99948957,-0.01184454,0.03233969,0.34850707,-0.12569807,-0.05676187,0.01353434
10104640000000,synthetic_50hz_02,232,0.02,87.53700917,88.42079076,11.86024880,11.83685941,11.84550087,2.52734634,122.79062639,1,1,0,0,1,0.33088280,0.24337746,0.34870661,0.01592095,-0.02299916,-0.10049096,-0.00814864,0.04119452,0.11703730,0.00014141,-0.05820223,-0.13020939,0.00786990,0.07353194,0.13962749,-0.01565432,-0.08674168,-0.14502006,0.02298742,0.09745063,0.14623164,0.02385093,0.10217409,-0.34283071,-0.01585024,0.15521189,-0.12172597,0.00746046,0.06847004,-0.37031836,0.00107988,0.18630358,-0.10139348,-0.00952924,0.04089809,-0.38288958,0.01764986,0.20955235,-0.09696571,-0.26838085,-0.65920670,-0.64027886,0.28072637,0.62628117,0.52870661,-0.28497841,-0.57529966,-0.40189150,0.28101439,0.50773199,0.26348967,-0.26894860,-0.42552617,-0.11749132,0.24912889,0.33105223,-0.03189437,-0.03106304,0.00810314,-0.99948461,-0.01149830,0.03214914,0.34870661,-0.12563384,-0.05777093,0.01282282
10104660000000,synthetic_50hz_02,233,0.02,87.43438145,88.22350890,11.85405467,11.84550087,11.86101168,2.53573485,122.74199066,1,1,0,0,1,0.32837901,0.24212161,0.34889186,0.01318701,-0.02940463,-0.10632274,-0.00533136,0.04718358,0.12168300,-0.00267800,-0.06360221,-0.13353509,0.01061015,0.07818716,0.14153729,-0.01823640,-0.09051793,-0.14545891,0.02533689,0.10023903,0.14518688,0.02112339,0.09573069,-0.34870988,-0.01304622,0.16123400,-0.11703128,0.00466094,0.06304256,-0.37369365,0.00379403,0.19098019,-0.09943447,-0.01207953,0.03710698,-0.38337628,0.01996249,0.21234879,-0.09796494,-0.27215919,-0.64627608,-0.59976922,0.28163691,0.60707818,0.48307571,-0.28299490,-0.55037793,-0.35245491,0.27619401,0.47781004,0.21167267,-0.26143032,-0.39146665,-0.06478781,0.23912948,0.29383710,-0.08396492,-0.03114414,0.00839868,-0.99947965,-0.01114833,0.03195230,0.34889186,-0.12554499,-0.05877532,0.01211077
10104680000000,synthetic_50hz_02,234,0.02,86.96643777,87.97209467,11.85697661,11.86101168,11.89957404,2.54410740,122.69308277,1,1,0,0,1,0.32587946,0.24084614,0.34906282,0.01045495,-0.03559073,-0.11167123,-0.00254545,0.05289734,0.12581187,-0.00543744,-0.06867890,-0.13632530,0.01326357,0.08248041,0.14290840,-0.02070730,-0.09390398,-0.14537139,0.02755403,0.10262025,0.14364326,0.01839743,0.08950646,-0.35410565,-0.01027329,0.16698103,-0.11285348,0.00192110,0.05793812,-0.37653345,0.00642162,0.19529512,-0.09801410,-0.01451887,0.03370577,-0.38333669,0.02214299,0.21473835,-0.09946292,-0.27487115,-0.63129800,-0.55799049,0.28151032,0.58610811,0.43671046,-0.28003341,-0.52402045,-0.30283986,0.27048300,0.44682503,0.16023825,-0.25313445,-0.35674744,-0.01301689,0.22848791,0.25638466,-0.13457974,-0.03122394,0.00868825,-0.99947469,-0.01079475,0.03174919,0.34906282,-0.12543153,-0.05977495,0.01139823
10104700000000,synthetic_50hz_02,235,0.02,86.56444724,87.69056518,11.87486753,11.89957404,11.95763266,2.55246912,122.64391222,1,1,0,0,1,0.32338463,0.23955116,0.34921948,0.00773549,-0.04154183,-0.11653465,0.00019935,0.05832428,0.12942829,-0.00812843,-0.07342521,-0.13859045,0.01582317,0.08640926,0.14375698,-0.02306172,-0.09690209,-0.14477893,0.02963539,0.10460119,0.14162683,0.01568374,0.08351703,-0.35901628,-0.00754117,0.17244147,-0.10918818,-0.00075057,0.05316381,-0.37884818,0.00895564,0.19924591,-0.09711624,-0.01684198,0.03069221,-0.38279223,0.02418792,0.21672793,-0.10143358,-0.27655236,-0.61442364,-0.51516962,0.28039258,0.56353441,0.38983316,-0.27614896,-0.49639822,-0.25325762,0.26394383,0.41495064,0.10938055,-0.24412908,-0.32153984,0.03765001,0.21727598,0.21885889,-0.18359511,-0.03130243,0.00897180,-0.99946973,-0.01043768,0.03153985,0.34921948,-0.12529349,-0.06076974,0.01068522
10104720000000,synthetic_50hz_02,236,0.02,86.87517780,87.52748771,11.90962889,11.95763266,12.00730936,2.56082635,122.59448856,1,1,0,0,1,0.32089502,0.23823678,0.34936184,0.00503861,-0.04724437,-0.12091369,0.00289407,0.06345493,0.13253884,-0.01074331,-0.07783605,-0.14034284,0.01828282,0.08997312,0.14410069,-0.02529523,-0.09951623,-0.14370405,0.03157836,0.10619024,0.13916436,0.01299235,0.07777597,-0.36344242,-0.00485883,0.17760584,-0.10602880,-0.00334642,0.04872471,-0.38065014,0.01138999,0.20283200,-0.09672321,-0.01904441,0.02806233,-0.38176544,0.02609467,0.21832593,-0.10385017,-0.27724133,-0.59580414,-0.47152452,0.27833174,0.53951827,0.34265474,-0.27139771,-0.46767785,-0.20390606,0.25663916,0.38235405,0.05927867,-0.23448159,-0.28600681,0.08705775,0.20556380,0.18141386,-0.23088425,-0.03137958,0.00924923,-0.99946479,-0.01007722,0.03132434,0.34936184,-0.12513089,-0.06175961,0.00997177
10104740000000,synthetic_50hz_02,237,0.02,86.82292804,87.38657577,11.95065469,12.00730936,12.06632695,2.56918506,122.54482130,1,1,0,0,1,0.31841111,0.23690310,0.34948989,0.00237363,-0.05268674,-0.12481122,0.00553054,0.06828177,0.13515209,-0.01327525,-0.08190821,-0.14159646,0.02063723,0.09317319,0.14395854,-0.02740423,-0.10175194,-0.14217023,0.03338116,0.10739714,0.13628308,0.01033254,0.07229488,-0.36738696,-0.00223445,0.18246664,-0.10336679,-0.00585961,0.04462405,-0.38195332,0.01371935,0.20605455,-0.09681601,-0.02112258,0.02581059,-0.38027977,0.02786146,0.21954208,-0.10668544,-0.27697905,-0.57558967,-0.42726345,0.27537743,0.51421782,0.29537435,-0.26583655,-0.43802083,-0.15496947,0.24863148,0.34919550,0.01009675,-0.22425825,-0.25030270,0.13506707,0.19341955,0.14419355,-0.27633684,-0.03145538,0.00952048,-0.99945986,-0.00971350,0.03110269,0.34948989,-0.12494377,-0.06274447,0.00925791
10104760000000,synthetic_50hz_02,238,0.02,87.01781084,87.31282279,11.99923704,12.06632695,12.12445602,2.57755111,122.49491995,1,1,0,0,1,0.31593340,0.23555023,0.34960363,-0.00025087,-0.05785926,-0.12823218,0.00810132,0.07279915,0.13727835,-0.01571819,-0.08564022,-0.14236672,0.02288191,0.09601223,0.14335060,-0.02938593,-0.10361617,-0.14020160,0.03504274,0.10823280,0.13301054,0.00771291,0.06708346,-0.37085483,0.00032455,0.18701819,-0.10119181,-0.00828409,0.04086328,-0.38277312,0.01593926,0.20891637,-0.09737457,-0.02307369,0.02393004,-0.37835938,0.02948725,0.22038729,-0.10991187,-0.27580846,-0.55392865,-0.38258449,0.27158046,0.48778740,0.24817907,-0.25952266,-0.40758301,-0.10661853,0.23998271,0.31562781,-0.03801588,-0.21352394,-0.21457291,0.18155427,0.18090918,0.10733178,-0.31985836,-0.03152982,0.00978549,-0.99945496,-0.00934663,0.03087494,0.34960363,-0.12473216,-0.06372425,0.00854368
10104780000000,synthetic_50hz_02,239,0.02,86.61732931,87.17372409,12.05182901,12.12445602,12.20405344,2.58592980,122.44479403,1,1,0,0,1,0.31346236,0.23417828,0.34970304,-0.00282699,-0.06275402,-0.13118336,0.01059973,0.07700315,0.13892954,-0.01806687,-0.08903224,-0.14267032,0.02501313,0.09849450,0.14229784,-0.03123826,-0.10511711,-0.13782285,0.03656277,0.10870915,0.12937437,0.00514135,0.06214961,-0.37385282,0.00281147,0.19125658,-0.09949196,-0.01061458,0.03744224,-0.38312625,0.01804597,0.21142168,-0.09837792,-0.02489566,0.02241248,-0.37602893,0.03097169,0.22087349,-0.11350181,-0.27377412,-0.53096694,-0.33767518,0.26699242,0.46037693,0.20124373,-0.25251319,-0.37651405,-0.05901034,0.23075389,0.28179608,-0.08492435,-0.20234185,-0.17895381,0.22641063,0.16809620,0.07095221,-0.36136939,-0.03160288,0.01004417,-0.99945009,-0.00897674,0.03064114,0.34970304,-0.12449610,-0.06469887,0.00782909
10104800000000,synthetic_50hz_02,240,0.02,86.87261015,87.11350130,12.11576327,12.20405344,12.27394895,2.59432691,122.39445304,1,1,0,0,1,0.31099849,0.23278737,0.34978813,-0.00534754,-0.06736483,-0.13367324,0.01301982,0.08089146,0.14011896,-0.02031673,-0.09208596,-0.14252499,0.02702791,0.10062557,0.14082196,-0.03295986,-0.10626410,-0.13505897,0.03794156,0.10883899,0.12540216,0.00262506,0.05749951,-0.37638940,0.00522038,0.19517952,-0.09825395,-0.01284655,0.03435927,-0.38303043,0.02003650,0.21357606,-0.09980436,-0.02658715,0.02124859,-0.37331342,0.03231511,0.22101347,-0.11742768,-0.27092177,-0.50684719,-0.29271222,0.26166529,0.43213140,0.15473090,-0.24486488,-0.34495706,-0.01228861,0.22100490,0.24783745,-0.13050797,-0.19077325,-0.14357257,0.26954194,0.15504151,0.03516843,-0.40080489,-0.03167454,0.01029647,-0.99944525,-0.00860393,0.03040133,0.34978813,-0.12423564,-0.06566824,0.00711418
10104820000000,synthetic_50hz_02,241,0.02,86.55074834,87.00095071,12.18220126,12.27394895,12.35476010,2.60274749,122.34390647,1,1,0,0,1,0.30854225,0.23137760,0.34985890,-0.00780598,-0.07168713,-0.13571176,0.01535633,0.08446331,0.14086111,-0.02246395,-0.09480438,-0.14194937,0.02892392,0.10241220,0.13894517,-0.03455001,-0.10706743,-0.13193511,0.03918000,0.10863585,0.12112130,0.00017057,0.05313774,-0.37847452,0.00754600,0.19878620,-0.09746327,-0.01497616,0.03161134,-0.38250430,0.02190854,0.21538628,-0.10163170,-0.02814745,0.02042808,-0.37023799,0.03351841,0.22082079,-0.12166210,-0.26729798,-0.48170829,-0.24786137,0.25565116,0.40319039,0.10879085,-0.23663380,-0.31304831,0.03341616,0.21079418,0.21388091,-0.17465977,-0.17887726,-0.10854722,0.31086785,0.14180323,0.00008406,-0.43811347,-0.03174480,0.01054232,-0.99944046,-0.00822834,0.03015557,0.34985890,-0.12395083,-0.06663230,0.00639899
10104840000000,synthetic_50hz_02,242,0.02,86.68762941,86.93828645,12.25467597,12.35476010,12.42275461,2.61119646,122.29316381,1,1,0,0,1,0.30609415,0.22994909,0.34991533,-0.01019645,-0.07571784,-0.13731021,0.01760468,0.08771932,0.14117152,-0.02450535,-0.09719181,-0.14096278,0.03069952,0.10386222,0.13669003,-0.03600861,-0.10753823,-0.12847644,0.04027956,0.10811387,0.11655881,-0.00221627,0.04906738,-0.38011947,0.00978376,0.20207726,-0.09710440,-0.01700024,0.02919416,-0.38156718,0.02366044,0.21686015,-0.10383735,-0.02957644,0.01993979,-0.36682783,0.03458303,0.22030956,-0.12617803,-0.26294980,-0.45568486,-0.20327728,0.24900185,0.37368770,0.06356174,-0.22787505,-0.28091694,0.07798632,0.20017852,0.18004722,-0.21728600,-0.16671074,-0.07398666,0.35032122,0.12843662,-0.03420698,-0.47325651,-0.03181364,0.01078166,-0.99943572,-0.00785008,0.02990389,0.34991533,-0.12364173,-0.06759096,0.00568353
10104860000000,synthetic_50hz_02,243,0.02,86.17175445,86.78498005,12.32526900,12.42275461,12.50086343,2.61967760,122.24223453,1,1,0,0,1,0.30365465,0.22850195,0.34995743,-0.01251374,-0.07945531,-0.13848103,0.01976093,0.09066138,0.14106658,-0.02643841,-0.09925365,-0.13958511,0.03235365,0.10498439,0.13407934,-0.03733612,-0.10768837,-0.12470800,0.04124218,0.10728765,0.11174127,-0.00453022,0.04529006,-0.38133668,0.01192973,0.20505460,-0.09716093,-0.01891627,0.02710232,-0.38023896,0.02529113,0.21800644,-0.10639854,-0.03087457,0.01977188,-0.36310796,0.03551093,0.21949440,-0.13094891,-0.25792448,-0.42890680,-0.15910358,0.24176867,0.34375107,0.01916975,-0.21864255,-0.24868484,0.12131676,0.18921287,0.14644891,-0.25830564,-0.15432809,-0.03999079,0.38784746,0.11499396,-0.06762029,-0.50620745,-0.03188105,0.01101444,-0.99943104,-0.00746928,0.02964635,0.34995743,-0.12330839,-0.06854415,0.00496783
10104880000000,synthetic_50hz_02,244,0.02,85.62126639,86.55223732,12.39901866,12.50086343,12.58413627,2.62819442,122.19112808,1,1,0,0,1,0.30122423,0.22703630,0.34998520,-0.01475325,-0.08289919,-0.13923767,0.02182179,0.09329259,0.14056341,-0.02826119,-0.10099632,-0.13783663,0.03388582,0.10578827,0.13113596,-0.03853350,-0.10753030,-0.12065458,0.04207024,0.10617219,0.10669468,-0.00676670,0.04180616,-0.38213960,0.01398060,0.20772129,-0.09761578,-0.02072232,0.02532941,-0.37853990,0.02680013,0.21883472,-0.10929240,-0.03204283,0.01991190,-0.35910317,0.03630450,0.21839029,-0.13594874,-0.25226919,-0.40149898,-0.11547291,0.23400220,0.31350195,-0.02427063,-0.20898881,-0.21646652,0.16331444,0.17795017,0.11319025,-0.29764981,-0.14178115,-0.00665066,0.42340380,0.10152451,-0.10008067,-0.53695086,-0.03194701,0.01124059,-0.99942642,-0.00708605,0.02938301,0.34998520,-0.12295089,-0.06949179,0.00425194
10104900000000,synthetic_50hz_02,245,0.02,85.69652266,86.38109439,12.47676805,12.58413627,12.64409256,2.63675027,122.13985391,1,1,0,0,1,0.29880337,0.22555227,0.34999863,-0.01691097,-0.08605034,-0.13959441,0.02378452,0.09561707,0.13967966,-0.02997234,-0.10242712,-0.13573787,0.03529605,0.10628415,0.12788269,-0.03960216,-0.10707695,-0.11634060,0.04276652,0.10478268,0.10144436,-0.00892170,0.03861481,-0.38254251,0.01593365,0.21008148,-0.09845126,-0.02241701,0.02386812,-0.37649053,0.02818748,0.21935525,-0.11249613,-0.03308263,0.02034691,-0.35483788,0.03696651,0.21701243,-0.14115219,-0.24603073,-0.37358092,-0.07250710,0.22575201,0.28305531,-0.06665629,-0.19896475,-0.18436909,0.20389796,0.16644124,0.08036742,-0.33526115,-0.12911916,0.02595128,0.45695861,0.08807451,-0.13152179,-0.56548173,-0.03201150,0.01146007,-0.99942187,-0.00670054,0.02911390,0.34999863,-0.12256928,-0.07043379,0.00353587
10104920000000,synthetic_50hz_02,246,0.02,85.84749176,86.27437386,12.54704435,12.64409256,12.67962047,2.64534701,122.08842143,1,1,0,0,1,0.29639255,0.22404996,0.34999773,-0.01898346,-0.08891071,-0.13956625,0.02564694,0.09763994,0.13843341,-0.03157101,-0.10355417,-0.13330948,0.03658487,0.10648287,0.12434217,-0.04054398,-0.10634163,-0.11179001,0.04333418,0.10313451,0.09601490,-0.01099177,0.03571405,-0.38256040,0.01778669,0.21214026,-0.09964931,-0.02399952,0.02271035,-0.37411150,0.02945368,0.21957890,-0.11598711,-0.03399582,0.02106361,-0.35033603,0.03750011,0.21537621,-0.14653469,-0.23925532,-0.34526659,-0.03031739,0.21706651,0.25251956,-0.10789517,-0.18861958,-0.15249228,0.24299706,0.15473465,0.04806857,-0.37109323,-0.11638865,0.05774098,0.48849060,0.07468711,-0.16188583,-0.59180457,-0.03207453,0.01167282,-0.99941739,-0.00631285,0.02883909,0.34999773,-0.12216366,-0.07137009,0.00281965
10104940000000,synthetic_50hz_02,247,0.02,85.87090479,86.19368005,12.60272632,12.67962047,12.69836003,2.65398427,122.03684005,1,1,0,0,1,0.29399223,0.22252951,0.34998249,-0.02096783,-0.09148328,-0.13916875,0.02740742,0.09936715,0.13684306,-0.03305684,-0.10438622,-0.13057212,0.03775322,0.10639579,0.12053673,-0.04136116,-0.10533792,-0.10702621,0.04377664,0.10124311,0.09043007,-0.01297403,0.03310092,-0.38220883,0.01953809,0.21390360,-0.10119155,-0.02546948,0.02184732,-0.37142349,0.03059969,0.21951701,-0.11974298,-0.03478464,0.02204841,-0.34562103,0.03790875,0.21349706,-0.15207245,-0.23198842,-0.31666424,0.01099535,0.20799279,0.22199648,-0.14790580,-0.17800064,-0.12092847,0.28055206,0.14287664,0.01637403,-0.40510987,-0.10363344,0.08865249,0.51798817,0.06140244,-0.19112310,-0.61593264,-0.03213607,0.01187879,-0.99941298,-0.00592311,0.02855862,0.34998249,-0.12173409,-0.07230061,0.00210332
10104960000000,synthetic_50hz_02,248,0.02,85.91806573,86.13855719,12.64289248,12.69836003,12.70140015,2.66265983,121.98511915,1,1,0,0,1,0.29160289,0.22099103,0.34995291,-0.02286169,-0.09377191,-0.13841791,0.02906479,0.10080541,0.13492715,-0.03442994,-0.10493265,-0.12754637,0.03880246,0.10603463,0.11648838,-0.04205628,-0.10407958,-0.10207196,0.04409761,0.09912387,0.08471277,-0.01486609,0.03077156,-0.38150382,0.02118668,0.21537820,-0.10305942,-0.02682700,0.02126969,-0.36844704,0.03162686,0.21918131,-0.12374176,-0.03545164,0.02328756,-0.34071564,0.03819612,0.21139037,-0.15774260,-0.22427450,-0.28787626,0.05134028,0.19857643,0.19158123,-0.18661695,-0.16715331,-0.08976283,0.31651336,0.13091108,-0.01464349,-0.43728454,-0.09089463,0.11862762,0.54544861,0.04825764,-0.21919166,-0.63788714,-0.03219611,0.01207794,-0.99940867,-0.00553146,0.02827256,0.34995291,-0.12128066,-0.07322528,0.00138690
10104980000000,synthetic_50hz_02,249,0.02,86.17411757,86.14566926,12.66746570,12.70140015,12.68316918,2.67136989,121.93326807,1,1,0,0,1,0.28922500,0.21943465,0.34990900,-0.02466314,-0.09578130,-0.13733008,0.03061834,0.10196210,0.13270430,-0.03569080,-0.10520329,-0.12425259,0.03973428,0.10541141,0.11221863,-0.04263220,-0.10258048,-0.09694934,0.04430101,0.09679210,0.07888497,-0.01666605,0.02872125,-0.38046168,0.02273176,0.21657143,-0.10523430,-0.02807258,0.02096761,-0.36520252,0.03253689,0.21858381,-0.12796192,-0.03599970,0.02476718,-0.33564193,0.03836615,0.20907145,-0.16352315,-0.21615693,-0.25899919,0.09063623,0.18886142,0.16136239,-0.22396706,-0.15612095,-0.05907344,0.35084082,0.11887944,-0.04491862,-0.46759967,-0.07821058,0.14761566,0.57087741,0.03528687,-0.24605687,-0.65769648,-0.03225465,0.01227023,-0.99940444,-0.00513802,0.02798096,0.34990900,-0.12080346,-0.07414401,0.00067043
10105000000000,synthetic_50hz_02,250,0.02,86.02898497,86.12233240,12.67406116,12.68316918,12.66284136,2.68010907,121.88129617,1,1,0,0,1,0.28685902,0.21786050,0.34985076,-0.02637074,-0.09751686,-0.13592180,0.03206779,0.10284515,0.13019310,-0.03684032,-0.10520837,-0.12071087,0.04055072,0.10453838,0.10774849,-0.04309202,-0.10085449,-0.09167967,0.04439097,0.09426293,0.07296769,-0.01837247,0.02694460,-0.37909898,0.02417304,0.21749123,-0.10769762,-0.02920710,0.02093084,-0.36171003,0.03333181,0.21773675,-0.13238247,-0.03643192,0.02647341,-0.33042121,0.03842296,0.20655542,-0.16939308,-0.20767782,-0.23012361,0.12881137,0.17889006,0.13142204,-0.25990387,-0.14494481,-0.02893151,0.38350323,0.10682073,-0.07439313,-0.49604601,-0.06561696,0.17557299,0.59428755,0.02252142,-0.27169099,-0.67539550,-0.03231166,0.01245560,-0.99940031,-0.00474291,0.02768387,0.34985076,-0.12030258,-0.07505674,-0.00004607
10105020000000,synthetic_50hz_02,251,0.02,86.58896975,86.21565987,12.66934884,12.66284136,12.61403751,2.68887154,121.82921273,1,1,0,0,1,0.28450541,0.21626870,0.34977819,-0.02798346,-0.09898466,-0.13420973,0.03341325,0.10346300,0.12741200,-0.03787972,-0.10495844,-0.11694092,0.04125410,0.10342789,0.10309838,-0.04343910,-0.09891546,-0.08628347,0.04437173,0.09155125,0.06698096,-0.01998432,0.02543555,-0.37743238,0.02551063,0.21814603,-0.11043091,-0.03023180,0.02114885,-0.35798928,0.03401395,0.21665251,-0.13698298,-0.03675164,0.02839240,-0.32507402,0.03837081,0.20385717,-0.17533237,-0.19887792,-0.20133423,0.16580276,0.16870284,0.10183585,-0.29438384,-0.13366399,0.00059850,0.41447769,0.09477153,-0.10301560,-0.52262197,-0.05314677,0.20246271,0.61569880,0.00998976,-0.29607273,-0.69102475,-0.03236715,0.01263403,-0.99939628,-0.00434626,0.02738136,0.34977819,-0.11977813,-0.07596338,-0.00076257
10105040000000,synthetic_50hz_02,252,0.02,86.49028901,86.27058570,12.64611808,12.61403751,12.56769779,2.69765017,121.77702705,1,1,0,0,1,0.28216464,0.21465938,0.34969129,-0.02950068,-0.10019131,-0.13221058,0.03465517,0.10382445,0.12437927,-0.03881053,-0.10446429,-0.11296205,0.04184697,0.10209237,0.09828809,-0.04367694,-0.09677709,-0.08078043,0.04424768,0.08867167,0.06094384,-0.02150097,0.02418748,-0.37547856,0.02674499,0.21854465,-0.11341592,-0.03114821,0.02161084,-0.35405956,0.03458587,0.21534350,-0.14174368,-0.03696239,0.03051045,-0.31962003,0.03821407,0.20099133,-0.18132197,-0.18979650,-0.17270992,0.20155596,0.15833846,0.07267328,-0.32737166,-0.12231545,0.02945856,0.44374908,0.08276602,-0.13074110,-0.54733301,-0.04083042,0.22825432,0.63513708,-0.00228235,-0.31918685,-0.70462985,-0.03242109,0.01280548,-0.99939235,-0.00394820,0.02707348,0.34969129,-0.11923019,-0.07686388,-0.00147904
10105060000000,synthetic_50hz_02,253,0.02,86.52011215,86.32049099,12.61318156,12.56769779,12.51880785,2.70643791,121.72474835,1,1,0,0,1,0.27983717,0.21303267,0.34959007,-0.03092213,-0.10114389,-0.12994096,0.03579434,0.10393868,0.12111289,-0.03963458,-0.10373686,-0.10879307,0.04233213,0.10054426,0.09333670,-0.04380923,-0.09445292,-0.07518939,0.04402329,0.08563846,0.05487433,-0.02292215,0.02319330,-0.37325415,0.02787690,0.21869624,-0.11663467,-0.03195814,0.02230589,-0.34993969,0.03505035,0.21382214,-0.14664546,-0.03706784,0.03281402,-0.31407809,0.03795723,0.19797214,-0.18734386,-0.18047130,-0.14432379,0.23602458,0.14783370,0.04399769,-0.35883977,-0.11093398,0.05759689,0.47130944,0.07083598,-0.15753092,-0.57019104,-0.02869575,0.25292326,0.65263376,-0.01427180,-0.34102371,-0.71626075,-0.03247348,0.01296991,-0.99938853,-0.00354887,0.02676029,0.34959007,-0.11865889,-0.07775815,-0.00219545
10105080000000,synthetic_50hz_02,254,0.02,86.19918632,86.29623006,12.57354460,12.51880785,12.48166303,2.71522812,121.67238586,1,1,0,0,1,0.27752345,0.21138871,0.34947453,-0.03224789,-0.10184992,-0.12741739,0.03683183,0.10381507,0.11763049,-0.04035390,-0.10278718,-0.10445224,0.04271254,0.09879589,0.08826260,-0.04383976,-0.09195627,-0.06952829,0.04370306,0.08246551,0.04878946,-0.02424795,0.02244552,-0.37077566,0.02890744,0.21861020,-0.12006952,-0.03266365,0.02322295,-0.34564792,0.03541036,0.21210080,-0.15166997,-0.03707180,0.03528979,-0.30846613,0.03760478,0.19481352,-0.19338104,-0.17093845,-0.11624333,0.26916985,0.13722344,0.01586657,-0.38876781,-0.09955220,0.08496764,0.49715741,0.05901083,-0.18335218,-0.59121373,-0.01676815,0.27645060,0.66822508,-0.02595796,-0.36157882,-0.72597120,-0.03252430,0.01312728,-0.99938482,-0.00314839,0.02644186,0.34947453,-0.11806434,-0.07864612,-0.00291177
10105100000000,synthetic_50hz_02,255,0.02,86.17636757,86.27225756,12.53495434,12.48166303,12.44310504,2.72401550,121.61994876,1,1,0,0,1,0.27522393,0.20972763,0.34934467,-0.03347832,-0.10231721,-0.12465614,0.03776899,0.10346322,0.11394930,-0.04097076,-0.10162633,-0.09995726,0.04299132,0.09685951,0.08308340,-0.04377243,-0.08930019,-0.06381421,0.04329156,0.07916630,0.04270522,-0.02547874,0.02193630,-0.36805936,0.02983794,0.21829612,-0.12370324,-0.03326699,0.02435094,-0.34120196,0.03566902,0.21019170,-0.15679957,-0.03697815,0.03792471,-0.30280123,0.03716129,0.19152893,-0.19941750,-0.16123245,-0.08853054,0.30096013,0.12654065,-0.01166826,-0.41714212,-0.08820062,0.11153065,0.52129770,0.04731772,-0.20817757,-0.61042403,-0.00507063,0.29882263,0.68195155,-0.03732265,-0.38085249,-0.73381809,-0.03257355,0.01327759,-0.99938124,-0.00274688,0.02611824,0.34934467,-0.11744664,-0.07952772,-0.00362796
10105120000000,synthetic_50hz_02,256,0.02,86.10991542,86.23978913,12.49637763,12.44310504,12.40563442,2.73279570,121.56744620,1,1,0,0,1,0.27293907,0.20804956,0.34920051,-0.03461409,-0.10255386,-0.12167325,0.03860738,0.10289284,0.11008614,-0.04148761,-0.10026536,-0.09532519,0.04317173,0.09474719,0.07781597,-0.04361119,-0.08649741,-0.05806328,0.04279332,0.07575387,0.03663660,-0.02661516,0.02165755,-0.36512130,0.03066999,0.21776370,-0.12751904,-0.03377062,0.02567883,-0.33661886,0.03582959,0.20810691,-0.16201741,-0.03679086,0.04070605,-0.29709952,0.03663130,0.18813141,-0.20543825,-0.15138611,-0.06124208,0.33137050,0.11581638,-0.03856040,-0.44395524,-0.07690760,0.13725117,0.54374054,0.03578155,-0.23198493,-0.62784955,0.00637611,0.32003045,0.69385736,-0.04834994,-0.39884934,-0.73986094,-0.03262122,0.01342078,-0.99937777,-0.00234449,0.02578951,0.34920051,-0.11680592,-0.08040287,-0.00434401
10105140000000,synthetic_50hz_02,257,0.02,85.71731651,86.13529461,12.45826548,12.40563442,12.38201540,2.74156520,121.51488728,1,1,0,0,1,0.27066931,0.20635464,0.34904204,-0.03565610,-0.10256819,-0.11848443,0.03934880,0.10211371,0.10605728,-0.04190706,-0.09871525,-0.09057246,0.04325712,0.09247078,0.07247639,-0.04336005,-0.08356033,-0.05229079,0.04221289,0.07224080,0.03059762,-0.02765814,0.02160097,-0.36197717,0.03140537,0.21702274,-0.13150061,-0.03417714,0.02719564,-0.33191505,0.03589542,0.20585829,-0.16730740,-0.03651392,0.04362142,-0.29137628,0.03601936,0.18463354,-0.21142929,-0.14143055,-0.03442948,0.36038228,0.10507976,-0.06476868,-0.46920541,-0.06569948,0.16209954,0.56450113,0.02442504,-0.25475698,-0.64352202,0.01755357,0.34006967,0.70398987,-0.05902612,-0.41557798,-0.74416136,-0.03266730,0.01355685,-0.99937443,-0.00194134,0.02545572,0.34904204,-0.11614231,-0.08127152,-0.00505989
10105160000000,synthetic_50hz_02,258,0.02,85.36664254,85.98156419,12.42624045,12.38201540,12.36849334,2.75032190,121.46228107,1,1,0,0,1,0.26841510,0.20464300,0.34886928,-0.03660549,-0.10236865,-0.11510502,0.03999520,0.10113564,0.10187853,-0.04223183,-0.09698685,-0.08571483,0.04325090,0.09004188,0.06707993,-0.04302302,-0.08050096,-0.04651109,0.04155477,0.06863916,0.02460131,-0.02860881,0.02175811,-0.35864231,0.03204604,0.21608303,-0.13563218,-0.03448928,0.02889050,-0.32710629,0.03586993,0.20345743,-0.17265428,-0.03615137,0.04665880,-0.28564588,0.03532997,0.18104740,-0.21737758,-0.13139519,-0.00813930,0.38798256,0.09435806,-0.09025686,-0.49289607,-0.05460054,0.18605088,0.58359915,0.01326887,-0.27648096,-0.65747680,0.02844535,0.35893996,0.71239908,-0.06933948,-0.43105056,-0.74678257,-0.03271177,0.01368577,-0.99937122,-0.00153755,0.02511695,0.34886928,-0.11545594,-0.08213358,-0.00577555
10105180000000,synthetic_50hz_02,259,0.02,84.74629804,85.73451096,12.40198666,12.36849334,12.37392144,2.75906504,121.40963660,1,1,0,0,1,0.26617689,0.20291479,0.34868222,-0.03746360,-0.10196378,-0.11154996,0.04054871,0.09996839,0.09756509,-0.04246478,-0.09509086,-0.08076737,0.04315657,0.08747182,0.06164109,-0.04260414,-0.07733093,-0.04073767,0.04082341,0.06496055,0.01865976,-0.02946850,0.02212040,-0.35513168,0.03259411,0.21495433,-0.13989853,-0.03470990,0.03075272,-0.32220765,0.03575661,0.20091567,-0.17804355,-0.03570722,0.04980656,-0.27992178,0.03456757,0.17738457,-0.22327103,-0.12130775,0.01758665,0.41416382,0.08367667,-0.11499340,-0.51503541,-0.04363315,0.20908484,0.60105829,0.00233167,-0.29714827,-0.66975238,0.03903704,0.37664478,0.71913720,-0.07928029,-0.44528244,-0.74778896,-0.03275464,0.01380752,-0.99936815,-0.00113327,0.02477325,0.34868222,-0.11474693,-0.08298899,-0.00649098
10105200000000,synthetic_50hz_02,260,0.02,84.69521929,85.52665263,12.39019927,12.37392144,12.37351639,2.76779558,121.35696286,1,1,0,0,1,0.26395510,0.20117014,0.34848089,-0.03823194,-0.10136219,-0.10783376,0.04101157,0.09862165,0.09313163,-0.04260882,-0.09303780,-0.07574447,0.04297764,0.08477162,0.05617356,-0.04210740,-0.07406144,-0.03498315,0.04002317,0.06121604,0.01278415,-0.03023873,0.02267926,-0.35145975,0.03305185,0.21364633,-0.14428500,-0.03484190,0.03277180,-0.31723351,0.03555898,0.19824402,-0.18346153,-0.03518547,0.05305351,-0.27421662,0.03373654,0.17365614,-0.22909847,-0.11119429,0.04271107,0.43892343,0.07305918,-0.13895119,-0.53563591,-0.03281774,0.23118529,0.61690576,-0.00836984,-0.31675420,-0.68038993,0.04931612,0.39319095,0.72425814,-0.08884060,-0.45829181,-0.74724565,-0.03279589,0.01392208,-0.99936521,-0.00072862,0.02442469,0.34848089,-0.11401544,-0.08383768,-0.00720614
10105220000000,synthetic_50hz_02,261,0.02,84.41977378,85.30527686,12.38319246,12.37351639,12.37762170,2.77651491,121.30426879,1,1,0,0,1,0.26175017,0.19940920,0.34826528,-0.03891217,-0.10057249,-0.10397043,0.04138615,0.09710500,0.08859220,-0.04266695,-0.09083792,-0.07065980,0.04271764,0.08195195,0.05069026,-0.04153676,-0.07070327,-0.02925928,0.03915836,0.05741618,0.00698475,-0.03092116,0.02342609,-0.34764057,0.03342161,0.21216862,-0.14877754,-0.03488829,0.03493746,-0.31219755,0.03528055,0.19545315,-0.18889530,-0.03459010,0.05638887,-0.26854214,0.03284116,0.16987265,-0.23484963,-0.10107919,0.06720100,0.46226326,0.06252742,-0.16210730,-0.55471389,-0.02217296,0.25233997,0.63117185,-0.01882076,-0.33529756,-0.68943284,0.05927187,0.40858837,0.72781716,-0.09801414,-0.47009938,-0.74521816,-0.03283551,0.01402945,-0.99936240,-0.00032374,0.02407135,0.34826528,-0.11326160,-0.08467958,-0.00792101
10105240000000,synthetic_50hz_02,262,0.02,84.22201709,85.08862490,12.38085274,12.37762170,12.38304513,2.78522474,121.25156330,1,1,0,0,1,0.25956254,0.19763210,0.34803540,-0.03950610,-0.09960323,-0.09997353,0.04167489,0.09542786,0.08396025,-0.04264218,-0.08850127,-0.06552635,0.04238008,0.07902314,0.04520330,-0.04089614,-0.06726674,-0.02357702,0.03823315,0.05357101,0.00127100,-0.03151759,0.02435231,-0.34368767,0.03370584,0.21053061,-0.15336270,-0.03485209,0.03723969,-0.30711274,0.03492487,0.19255339,-0.19433273,-0.03392502,0.05980231,-0.26290929,0.03188564,0.16604414,-0.24051507,-0.09098521,0.09102754,0.48418927,0.05210150,-0.18444269,-0.57228907,-0.01171567,0.27254027,0.64388952,-0.02900793,-0.35278038,-0.69692632,0.06889521,0.42284968,0.72987042,-0.10679622,-0.48072802,-0.74177202,-0.03287349,0.01412960,-0.99935975,0.00008125,0.02371329,0.34803540,-0.11248556,-0.08551461,-0.00863555
10105260000000,synthetic_50hz_02,263,0.02,84.12235602,84.89537113,12.38177354,12.38304513,12.38646763,2.79392691,121.19885523,1,1,0,0,1,0.25739264,0.19583900,0.34779127,-0.04001563,-0.09846292,-0.09585608,0.04188032,0.09359950,0.07924862,-0.04253759,-0.08603758,-0.06035640,0.04196848,0.07599514,0.03972407,-0.04018939,-0.06376174,-0.01794647,0.03725163,0.04969005,-0.00434853,-0.03202993,0.02544943,-0.33961407,0.03390707,0.20874156,-0.15802763,-0.03473636,0.03966873,-0.30199137,0.03449541,0.18955469,-0.19976245,-0.03319407,0.06328396,-0.25732818,0.03087406,0.16218013,-0.24608621,-0.08093355,0.11416566,0.50471108,0.04179987,-0.20594198,-0.58838422,-0.00146108,0.29178090,0.65509397,-0.03891983,-0.36920764,-0.70291705,0.07817867,0.43598995,0.73047470,-0.11518358,-0.49020247,-0.73697243,-0.03290984,0.01422254,-0.99935723,0.00048621,0.02335058,0.34779127,-0.11168748,-0.08634272,-0.00934974
10105280000000,synthetic_50hz_02,264,0.02,84.03063439,84.72242378,12.38374506,12.38646763,12.38866932,2.80262304,121.14615340,1,1,0,0,1,0.25524089,0.19403003,0.34753290,-0.04044277,-0.09715993,-0.09163057,0.04200501,0.09162896,0.07446955,-0.04235623,-0.08345629,-0.05516153,0.04148629,0.07287753,0.03426318,-0.03942029,-0.06019768,-0.01237701,0.03621778,0.04578230,-0.00986600,-0.03246019,0.02670907,-0.33543228,0.03402786,0.20681052,-0.16276012,-0.03454416,0.04221514,-0.29684503,0.03399567,0.18646662,-0.20517385,-0.03240103,0.06682439,-0.25180818,0.02981039,0.15828962,-0.25155524,-0.07094383,0.13659393,0.52384164,0.03163941,-0.22659318,-0.60302471,0.00857719,0.31005964,0.66482230,-0.04854651,-0.38458693,-0.70745276,0.08711621,0.44802640,0.72968702,-0.12317431,-0.49854907,-0.73088406,-0.03294454,0.01430825,-0.99935487,0.00089101,0.02298330,0.34753290,-0.11086750,-0.08716384,-0.01006355
10105300000000,synthetic_50hz_02,265,0.02,83.89762681,84.55746439,12.38581325,12.38866932,12.39215348,2.81131448,121.09346654,1,1,0,0,1,0.25310771,0.19220535,0.34726029,-0.04078961,-0.09570253,-0.08730899,0.04205156,0.08952506,0.06963462,-0.04210115,-0.08076654,-0.04995266,0.04093694,0.06967948,0.02883054,-0.03859250,-0.05658353,-0.00687722,0.03513542,0.04185625,-0.01527437,-0.03281046,0.02812299,-0.33115427,0.03407082,0.20474631,-0.16754857,-0.03427855,0.04486980,-0.29168461,0.03342905,0.18329837,-0.21055702,-0.03154959,0.07041464,-0.24635788,0.02869846,0.15438110,-0.25691509,-0.06103420,0.15829433,0.54159680,0.02163546,-0.24638741,-0.61623820,0.01838704,0.32737702,0.67311316,-0.05787944,-0.39892820,-0.71058196,0.09570314,0.45897810,0.72756434,-0.13076768,-0.50579544,-0.72357071,-0.03297758,0.01438673,-0.99935265,0.00129553,0.02261151,0.34726029,-0.11002580,-0.08797790,-0.01077694
10105320000000,synthetic_50hz_02,266,0.02,83.79444742,84.40486099,12.38847614,12.39215348,12.39622812,2.82000241,121.04080337,1,1,0,0,1,0.25099352,0.19036510,0.34697345,-0.04105828,-0.09409879,-0.08290275,0.04202260,0.08729636,0.06475485,-0.04177540,-0.07797713,-0.04474004,0.04032379,0.06640978,0.02343534,-0.03770963,-0.05292780,-0.00145500,0.03400828,0.03791990,-0.02056729,-0.03308285,0.02968309,-0.32679146,0.03403857,0.20255747,-0.17238197,-0.03394256,0.04762391,-0.28652038,0.03279891,0.18005870,-0.21590278,-0.03064333,0.07404620,-0.24098516,0.02754199,0.15046255,-0.26215944,-0.05122136,0.17925197,0.55799502,0.01180191,-0.26531868,-0.62805424,0.02795780,0.34373612,0.68000637,-0.06691147,-0.41224350,-0.71235360,0.10393605,0.46886570,0.72416335,-0.13796411,-0.51197028,-0.71509512,-0.03300896,0.01445799,-0.99935059,0.00169963,0.02223529,0.34697345,-0.10916253,-0.08878483,-0.01148989
10105340000000,synthetic_50hz_02,267,0.02,84.18323170,84.36053513,12.39173197,12.39622812,12.38278528,2.82868786,120.98817253,1,1,0,0,1,0.24889874,0.18850943,0.34667241,-0.04125095,-0.09235663,-0.07842276,0.04192076,0.08495116,0.05984062,-0.04138197,-0.07509651,-0.03953325,0.03965013,0.06307680,0.01808611,-0.03677515,-0.04923855,0.00388246,0.03283993,0.03398073,-0.02573909,-0.03327956,0.03138148,-0.32235473,0.03393374,0.20025233,-0.17724995,-0.03353919,0.05046899,-0.28136191,0.03210856,0.17675601,-0.22120260,-0.02968573,0.07771101,-0.23569723,0.02634455,0.14654149,-0.26728260,-0.04152062,0.19945491,0.57305698,0.00215125,-0.28338363,-0.63850401,0.03728013,0.35914227,0.68554268,-0.07563671,-0.42454667,-0.71281682,0.11181265,0.47771120,0.71954013,-0.14476498,-0.51710308,-0.70551876,-0.03303867,0.01452201,-0.99934868,0.00210317,0.02185471,0.34667241,-0.10827786,-0.08958457,-0.01220237
10105360000000,synthetic_50hz_02,268,0.02,83.91078383,84.27058487,12.38797436,12.38278528,12.38116573,2.83737083,120.93558262,1,1,0,0,1,0.24682377,0.18663849,0.34635716,-0.04136983,-0.09048373,-0.07387935,0.04174864,0.08249750,0.05490172,-0.04092383,-0.07213282,-0.03434125,0.03891916,0.05968853,0.01279070,-0.03579243,-0.04552338,0.00912860,0.03163379,0.03004578,-0.03078473,-0.03340279,0.03321045,-0.31785444,0.03375896,0.19783890,-0.18214270,-0.03307142,0.05339695,-0.27621816,0.03136118,0.17339826,-0.22644861,-0.02868017,0.08140148,-0.23050063,0.02510959,0.14262492,-0.27227953,-0.03194596,0.21889391,0.58680532,-0.00730531,-0.30058132,-0.64761995,0.04634596,0.37360282,0.68976341,-0.08405044,-0.43585319,-0.71202066,0.11933170,0.48553770,0.71375003,-0.15117257,-0.52122393,-0.69490164,-0.03306671,0.01457882,-0.99934693,0.00250604,0.02146984,0.34635716,-0.10737197,-0.09037705,-0.01291436
10105380000000,synthetic_50hz_02,269,0.02,83.56304880,84.12907766,12.38511474,12.38116573,12.39258073,2.84605138,120.88304218,1,1,0,0,1,0.24476902,0.18475243,0.34602773,-0.04141714,-0.08848758,-0.06928233,0.04150887,0.07994310,0.04994736,-0.04040387,-0.06909382,-0.02917239,0.03813401,0.05625254,0.00755637,-0.03476473,-0.04178947,0.01427751,0.03039317,0.02612159,-0.03569976,-0.03345475,0.03516254,-0.31330038,0.03351682,0.19532491,-0.18705102,-0.03254212,0.05640000,-0.27109749,0.03055992,0.16999304,-0.23163359,-0.02762989,0.08511043,-0.22540127,0.02384039,0.13871940,-0.27714581,-0.02251010,0.23756221,0.59926426,-0.01655783,-0.31691293,-0.65543551,0.05514840,0.38712691,0.69271025,-0.09214901,-0.44617984,-0.71001383,0.12649292,0.49236919,0.70684739,-0.15718998,-0.52436331,-0.68330220,-0.03309307,0.01462840,-0.99934533,0.00290809,0.02108077,0.34602773,-0.10644504,-0.09116222,-0.01362581
10105400000000,synthetic_50hz_02,270,0.02,83.35188357,83.97363884,12.38825045,12.39258073,12.40995194,2.85473035,120.83055968,1,1,0,0,1,0.24273490,0.18285141,0.34568413,-0.04139510,-0.08637541,-0.06464098,0.04120398,0.07729540,0.04498619,-0.03982494,-0.06598692,-0.02403444,0.03729772,0.05277602,0.00238975,-0.03369519,-0.03804355,0.01932383,0.02912121,0.02221427,-0.04048029,-0.03343767,0.03723050,-0.30870185,0.03320988,0.19271780,-0.19196627,-0.03195416,0.05947074,-0.26600764,0.02970780,0.16654752,-0.23675087,-0.02653805,0.08883111,-0.22040452,0.02254010,0.13483104,-0.28187754,-0.01322457,0.25545531,0.61045941,-0.02559752,-0.33238162,-0.66198487,0.06368163,0.39972522,0.69442501,-0.09992976,-0.45554455,-0.70684454,0.13329687,0.49823032,0.69888542,-0.16282098,-0.52655188,-0.67077710,-0.03311774,0.01467078,-0.99934389,0.00330920,0.02068757,0.34568413,-0.10549724,-0.09193999,-0.01433670
10105420000000,synthetic_50hz_02,271,0.02,83.70803009,83.92051709,12.39736508,12.40995194,12.41125036,2.86340918,120.77814355,1,1,0,0,1,0.24072180,0.18093558,0.34532636,-0.04130592,-0.08415421,-0.05996407,0.04083653,0.07456152,0.04002630,-0.03918979,-0.06281919,-0.01893456,0.03641320,0.04926575,-0.00270307,-0.03258680,-0.03429195,0.02426277,0.02782090,0.01832950,-0.04512296,-0.03335375,0.03940735,-0.30406759,0.03284067,0.19002469,-0.19688036,-0.03131029,0.06260210,-0.26095580,0.02880776,0.16306850,-0.24179440,-0.02540764,0.09255721,-0.21551516,0.02121172,0.13096551,-0.28647134,-0.00409974,0.27257079,0.62041743,-0.03441669,-0.34699227,-0.66730270,0.07194086,0.41140980,0.69494933,-0.10739095,-0.46396619,-0.70256025,0.13974491,0.50314622,0.68991602,-0.16806995,-0.52782031,-0.65738120,-0.03314073,0.01470596,-0.99934262,0.00370924,0.02029031,0.34532636,-0.10452877,-0.09271033,-0.01504701
10105440000000,synthetic_50hz_02,272,0.02,83.08469412,83.75335250,12.40319690,12.41125036,12.43763125,2.87208862,120.72580215,1,1,0,0,1,0.23873012,0.17900509,0.34495445,-0.04115179,-0.08183072,-0.05525984,0.04040897,0.07174829,0.03507525,-0.03850114,-0.05959733,-0.01387943,0.03548330,0.04572814,-0.00771654,-0.03144246,-0.03054060,0.02909004,0.02649512,0.01447255,-0.04962486,-0.03320519,0.04168636,-0.29940586,0.03241167,0.18725240,-0.20178573,-0.03061321,0.06578739,-0.25594861,0.02786262,0.15956238,-0.24675861,-0.02424155,0.09628281,-0.21073747,0.01985811,0.12712808,-0.29092432,0.00485508,0.28890806,0.62916580,-0.04300863,-0.36075126,-0.67142392,0.07992223,0.42219382,0.69432458,-0.11453163,-0.47146434,-0.69720753,0.14583903,0.50714233,0.67998967,-0.17294182,-0.52819916,-0.64316739,-0.03316202,0.01473396,-0.99934150,0.00410807,0.01988908,0.34495445,-0.10353981,-0.09347315,-0.01575670
10105460000000,synthetic_50hz_02,273,0.02,83.16866283,83.63641456,12.41765932,12.43763125,12.45791948,2.88077038,120.67354377,1,1,0,0,1,0.23676025,0.17706010,0.34456841,-0.04093486,-0.07941141,-0.05053604,0.03992372,0.06886222,0.03014008,-0.03776157,-0.05632771,-0.00887517,0.03451072,0.04216924,-0.01264562,-0.03026492,-0.02679501,0.03380183,0.02514657,0.01064827,-0.05398352,-0.03299414,0.04406106,-0.29472441,0.03192529,0.18440744,-0.20667534,-0.02986552,0.06902022,-0.25099222,0.02687510,0.15603520,-0.25163847,-0.02304254,0.10000237,-0.20607526,0.01848200,0.12332360,-0.29523402,0.01363158,0.30446822,0.63673259,-0.05136762,-0.37366631,-0.67438348,0.08762271,0.43209142,0.69259158,-0.12135159,-0.47805914,-0.69083194,0.15158185,0.51024419,0.66915529,-0.17744194,-0.52771866,-0.62818658,-0.03318161,0.01475479,-0.99934054,0.00450558,0.01948395,0.34456841,-0.10253056,-0.09422840,-0.01646575
10105480000000,synthetic_50hz_02,274,0.02,83.30650204,83.57043206,12.43456859,12.45791948,12.47200210,2.88945619,120.62137665,1,1,0,0,1,0.23481258,0.17510077,0.34416826,-0.04065726,-0.07690246,-0.04579996,0.03938315,0.06590950,0.02522735,-0.03697360,-0.05301634,-0.00392742,0.03349809,0.03859470,-0.01748575,-0.02905681,-0.02306035,0.03839479,0.02377782,0.00686116,-0.05819689,-0.03272271,0.04652525,-0.29003051,0.03138388,0.18149601,-0.21154263,-0.02906973,0.07229459,-0.24609226,0.02584781,0.15249262,-0.25642941,-0.02181325,0.10371074,-0.20153191,0.01708594,0.11955658,-0.29939837,0.02222241,0.31925382,0.64314627,-0.05948878,-0.38574628,-0.67621619,0.09504006,0.44111750,0.68979049,-0.12785129,-0.48377110,-0.68347781,0.15697651,0.51247735,0.65746014,-0.18157602,-0.52640864,-0.61248759,-0.03319950,0.01476848,-0.99933974,0.00490163,0.01907500,0.34416826,-0.10150121,-0.09497602,-0.01717412
10105500000000,synthetic_50hz_02,275,0.02,82.90623083,83.43759181,12.45029066,12.47200210,12.50227855,2.89814728,120.56930896,1,1,0,0,1,0.23288748,0.17312726,0.34375401,-0.04032104,-0.07430981,-0.04105841,0.03878951,0.06289603,0.02034314,-0.03613967,-0.04966893,0.00095864,0.03244790,0.03500984,-0.02223277,-0.02782064,-0.01934141,0.04286593,0.02239130,0.00311536,-0.06226324,-0.03239297,0.04907302,-0.28533097,0.03078973,0.17852399,-0.21638153,-0.02822828,0.07560482,-0.24125392,0.02478326,0.14893995,-0.26112729,-0.02055616,0.10740314,-0.19711036,0.01567237,0.11583114,-0.30341566,0.03062107,0.33326869,0.64843542,-0.06736802,-0.39700098,-0.67695652,0.10217272,0.44928755,0.68596065,-0.13403173,-0.48862094,-0.67518821,0.16202655,0.51386717,0.64494978,-0.18535006,-0.52429836,-0.59611714,-0.03321569,0.01477504,-0.99933911,0.00529608,0.01866231,0.34375401,-0.10045197,-0.09571594,-0.01788179
10105520000000,synthetic_50hz_02,276,0.02,83.12490038,83.37505353,12.47212558,12.50227855,12.52269246,2.90684547,120.51734880,1,1,0,0,1,0.23098533,0.17113972,0.34332568,-0.03992822,-0.07163911,-0.03631775,0.03814503,0.05982739,0.01549309,-0.03526209,-0.04629081,0.00577824,0.03136253,0.03141965,-0.02688298,-0.02655878,-0.01564265,0.04721267,0.02098932,-0.00058534,-0.06618120,-0.03200695,0.05169871,-0.28063216,0.03014503,0.17549697,-0.22118639,-0.02734350,0.07894553,-0.23648194,0.02368383,0.14538219,-0.26572839,-0.01927366,0.11107509,-0.19281322,0.01424360,0.11215110,-0.30728452,0.03882190,0.34651779,0.65262865,-0.07500201,-0.40744099,-0.67663844,0.10901978,0.45661748,0.68114042,-0.13989445,-0.49262947,-0.66600481,0.16673590,0.51443872,0.63166796,-0.18877028,-0.52141647,-0.57911984,-0.03323016,0.01477450,-0.99933864,0.00568882,0.01824596,0.34332568,-0.09938304,-0.09644812,-0.01858872
10105540000000,synthetic_50hz_02,277,0.02,83.03186131,83.30641508,12.49336367,12.52269246,12.54775264,2.91555214,120.46550420,1,1,0,0,1,0.22910651,0.16913832,0.34288329,-0.03948077,-0.06889572,-0.03158392,0.03745181,0.05670886,0.01068243,-0.03434311,-0.04288705,0.01052704,0.03024427,0.02782879,-0.03143301,-0.02527348,-0.01196821,0.05143276,0.01957404,-0.00423742,-0.06994967,-0.03156659,0.05439696,-0.27594002,0.02945191,0.17242023,-0.22595199,-0.02641761,0.08231170,-0.23178067,0.02255180,0.14182398,-0.27022937,-0.01796801,0.11472247,-0.18864274,0.01280178,0.10851994,-0.31100384,0.04681995,0.35900700,0.65575434,-0.08238804,-0.41707751,-0.67529526,0.11558084,0.46312349,0.67536710,-0.14544139,-0.49581740,-0.65596779,0.17110880,0.51421666,0.61765662,-0.19184306,-0.51779082,-0.56153813,-0.03324293,0.01476689,-0.99933832,0.00607972,0.01782604,0.34288329,-0.09829463,-0.09717248,-0.01929490
10105560000000,synthetic_50hz_02,278,0.02,82.93029165,83.23119040,12.51620704,12.54775264,12.57753125,2.92426866,120.41378313,1,1,0,0,1,0.22725138,0.16712323,0.34242685,-0.03898056,-0.06608476,-0.02686246,0.03671191,0.05354544,0.00591598,-0.03338484,-0.03946237,0.01520107,0.02909527,0.02424158,-0.03587986,-0.02396686,-0.00832190,0.05552422,0.01814748,-0.00783770,-0.07356779,-0.03107378,0.05716265,-0.27126008,0.02871242,0.16929876,-0.23067351,-0.02545274,0.08569858,-0.22715409,0.02138933,0.13826967,-0.27462720,-0.01664132,0.11834146,-0.18460087,0.01134895,0.10494086,-0.31457278,0.05461097,0.37074299,0.65784051,-0.08952400,-0.42592222,-0.67295951,0.12185601,0.46882192,0.66867678,-0.15067486,-0.49820527,-0.64511578,0.17514968,0.51322512,0.60295580,-0.19457486,-0.51344846,-0.54341231,-0.03325398,0.01475224,-0.99933817,0.00646865,0.01740262,0.34242685,-0.09718695,-0.09788896,-0.02000028
10105580000000,synthetic_50hz_02,279,0.02,82.75398442,83.13574920,12.54196321,12.57753125,12.61458389,2.93299649,120.36219348,1,1,0,0,1,0.22542032,0.16509459,0.34195639,-0.03842943,-0.06321106,-0.02215853,0.03592728,0.05034183,0.00119819,-0.03238932,-0.03602122,0.01979669,0.02791757,0.02066210,-0.04022083,-0.02264095,-0.00470728,0.05948538,0.01671157,-0.01138325,-0.07703494,-0.03053034,0.05999097,-0.26659750,0.02792849,0.16613726,-0.23534649,-0.02445093,0.08910173,-0.22260582,0.02019846,0.13472330,-0.27891920,-0.01529561,0.12192850,-0.18068930,0.00988703,0.10141680,-0.31799070,0.06219131,0.38173305,0.65891468,-0.09640831,-0.43398710,-0.66966284,0.12784581,0.47372911,0.66110430,-0.15559746,-0.49981328,-0.63348581,0.17886317,0.51148760,0.58760364,-0.19697216,-0.50841550,-0.52478057,-0.03326332,0.01473057,-0.99933818,0.00685548,0.01697579,0.34195639,-0.09606023,-0.09859752,-0.02070485
10105600000000,synthetic_50hz_02,280,0.02,82.86859823,83.08231901,12.57246390,12.61458389,12.64703734,2.94173744,120.31074308,1,1,0,0,1,0.22361367,0.16305258,0.34147192,-0.03782910,-0.06027917,-0.01747693,0.03509977,0.04710246,-0.00346680,-0.03135849,-0.03256775,0.02431058,0.02671313,0.01709411,-0.04445348,-0.02129762,-0.00112763,0.06331476,0.01526809,-0.01487136,-0.08035065,-0.02993802,0.06287733,-0.26195707,0.02710200,0.16294017,-0.23996682,-0.02341410,0.09251700,-0.21813919,0.01898114,0.13118865,-0.28310294,-0.01393277,0.12548032,-0.17690950,0.00841780,0.09795045,-0.32125714,0.06955788,0.39198495,0.65900373,-0.10303983,-0.44128431,-0.66543584,0.13355110,0.47786125,0.65268312,-0.16021203,-0.50066122,-0.62111324,0.18225397,0.50902690,0.57163638,-0.19904145,-0.50271709,-0.50567898,-0.03327094,0.01470192,-0.99933835,0.00724010,0.01654563,0.34147192,-0.09491468,-0.09929810,-0.02140856
10105620000000,synthetic_50hz_02,281,0.02,83.31777874,83.12941095,12.60378474,12.64703734,12.66370616,2.95049310,120.25943966,1,1,0,0,1,0.22183179,0.16099737,0.34097347,-0.03718126,-0.05729343,-0.01282210,0.03423116,0.04383149,-0.00807521,-0.03029416,-0.02910587,0.02873972,0.02548377,0.01354112,-0.04857564,-0.01993866,0.00241403,0.06701111,0.01381872,-0.01829958,-0.08351462,-0.02929848,0.06581744,-0.25734325,0.02623471,0.15971165,-0.24453069,-0.02234409,0.09594049,-0.21375723,0.01773919,0.12766924,-0.28717625,-0.01255459,0.12899390,-0.17326273,0.00694294,0.09454426,-0.32437182,0.07670808,0.40150678,0.65813376,-0.10941784,-0.44782607,-0.66030802,0.13897303,0.48123432,0.64344530,-0.16452157,-0.50076836,-0.60803175,0.18532687,0.50586502,0.55508836,-0.20078911,-0.49637735,-0.48614152,-0.03327683,0.01466633,-0.99933868,0.00762236,0.01611224,0.34097347,-0.09375052,-0.09999063,-0.02211140
10105640000000,synthetic_50hz_02,282,0.02,83.51324429,83.20617762,12.62895174,12.66370616,12.67796155,2.95926399,120.20829090,1,1,0,0,1,0.22007503,0.15892911,0.34046105,-0.03648747,-0.05425787,-0.00819821,0.03332313,0.04053284,-0.01262352,-0.02919807,-0.02563923,0.03308131,0.02423121,0.01000642,-0.05258535,-0.01856575,0.00591488,0.07057333,0.01236504,-0.02166564,-0.08652665,-0.02861331,0.06880724,-0.25276019,0.02532832,0.15645559,-0.24903460,-0.02124261,0.09936855,-0.20946271,0.01647435,0.12416834,-0.29113715,-0.01116274,0.13246640,-0.16975007,0.00546404,0.09120051,-0.32733452,0.08363973,0.41030684,0.65632998,-0.11554191,-0.45362449,-0.65430769,0.14411296,0.48386392,0.63342141,-0.16852918,-0.50015334,-0.59427330,0.18808661,0.50202310,0.53799200,-0.20222142,-0.48941930,-0.46620015,-0.03328101,0.01462384,-0.99933916,0.00800216,0.01567568,0.34046105,-0.09256800,-0.10067506,-0.02281334
10105660000000,synthetic_50hz_02,283,0.02,83.18190431,83.20132296,12.64953586,12.67796155,12.71083436,2.96804996,120.15730440,1,1,0,0,1,0.21834374,0.15684798,0.33993468,-0.03574926,-0.05117633,-0.00360912,0.03237727,0.03721017,-0.01710846,-0.02807184,-0.02217121,0.03733280,0.02295708,0.00649305,-0.05648082,-0.01718045,0.00937231,0.07400046,0.01090851,-0.02496746,-0.08938664,-0.02788401,0.07184291,-0.24821176,0.02438440,0.15317567,-0.25347529,-0.02011131,0.10279779,-0.20525820,0.01518823,0.12068900,-0.29498386,-0.00975878,0.13589524,-0.16637250,0.00398255,0.08792128,-0.33014515,0.09035102,0.41839350,0.65361664,-0.12141191,-0.45869151,-0.64746189,0.14897244,0.48576523,0.62264051,-0.17223803,-0.49883411,-0.57986812,0.19053791,0.49752137,0.52037786,-0.20334450,-0.48186486,-0.44588486,-0.03328347,0.01457449,-0.99933980,0.00837936,0.01523605,0.33993468,-0.09136732,-0.10135134,-0.02351434
10105680000000,synthetic_50hz_02,284,0.02,83.43848415,83.24875520,12.67528123,12.71083436,12.73673586,2.97685154,120.10648768,1,1,0,0,1,0.21663825,0.15475415,0.33939439,-0.03496803,-0.04805239,0.00094157,0.03139509,0.03386690,-0.02152701,-0.02691701,-0.01870502,0.04149182,0.02166290,0.00300387,-0.06026040,-0.01578424,0.01278389,0.07729164,0.00945052,-0.02820309,-0.09209453,-0.02711200,0.07492086,-0.24370155,0.02340446,0.14987531,-0.25784972,-0.01895171,0.10622501,-0.20114605,0.01388237,0.11723406,-0.29871474,-0.00834419,0.13927799,-0.16313086,0.00249987,0.08470851,-0.33280364,0.09684045,0.42577505,0.65001689,-0.12702791,-0.46303876,-0.63979631,0.15355310,0.48695285,0.61113010,-0.17565129,-0.49682785,-0.56484473,0.19268536,0.49237908,0.50227462,-0.20416423,-0.47373480,-0.42522370,-0.03328421,0.01451832,-0.99934059,0.00875385,0.01479344,0.33939439,-0.09014874,-0.10201941,-0.02421437
10105700000000,synthetic_50hz_02,285,0.02,83.20181093,83.23936634,12.70109217,12.73673586,12.77621307,2.98566917,120.05584817,1,1,0,0,1,0.21495890,0.15264778,0.33884020,-0.03414512,-0.04488940,0.00545049,0.03037798,0.03050628,-0.02587634,-0.02573502,-0.01524364,0.04555616,0.02035011,-0.00045847,-0.06392258,-0.01437849,0.01614737,0.08044607,0.00799234,-0.03137073,-0.09465027,-0.02629861,0.07803775,-0.23923293,0.02238990,0.14655775,-0.26215506,-0.01776526,0.10964724,-0.19712849,0.01255818,0.11380619,-0.30232829,-0.00692036,0.14261237,-0.16002595,0.00101727,0.08156400,-0.33530997,0.10310676,0.43245963,0.64555275,-0.13239014,-0.46667746,-0.63133527,0.15785665,0.48744075,0.59891611,-0.17877208,-0.49415091,-0.54922992,0.19453342,0.48661446,0.48370917,-0.20468628,-0.46504869,-0.40424286,-0.03328322,0.01445538,-0.99934153,0.00912550,0.01434792,0.33884020,-0.08891250,-0.10267921,-0.02491342
10105720000000,synthetic_50hz_02,286,0.02,83.24124190,83.23974145,12.73264295,12.77621307,12.81638579,2.99450394,120.00539323,1,1,0,0,1,0.21330602,0.15052905,0.33827213,-0.03328179,-0.04169053,0.00991447,0.02932726,0.02713131,-0.03015378,-0.02452722,-0.01178988,0.04952374,0.01902004,-0.00389145,-0.06746592,-0.01296451,0.01946060,0.08346301,0.00653520,-0.03446868,-0.09705384,-0.02544510,0.08119041,-0.23480907,0.02134205,0.14322599,-0.26638867,-0.01655331,0.11306165,-0.19320758,0.01121703,0.11040789,-0.30582305,-0.00548857,0.14589626,-0.15705851,-0.00046402,0.07848944,-0.33766409,0.10914891,0.43845509,0.64024498,-0.13749892,-0.46961831,-0.62210167,0.16188477,0.48724222,0.58602288,-0.18160341,-0.49081870,-0.53304878,0.19608634,0.48024466,0.46470663,-0.20491601,-0.45582493,-0.38296677,-0.03328051,0.01438572,-0.99934263,0.00949420,0.01389960,0.33827213,-0.08765882,-0.10333070,-0.02561144
10105740000000,synthetic_50hz_02,287,0.02,83.78547647,83.34888846,12.76781494,12.81638579,12.83815783,3.00335720,119.95513014,1,1,0,0,1,0.21167993,0.14839812,0.33769020,-0.03237919,-0.03845872,0.01433051,0.02824417,0.02374483,-0.03435681,-0.02329487,-0.00834637,0.05339259,0.01767396,-0.00729272,-0.07088904,-0.01154350,0.02272156,0.08634172,0.00508024,-0.03749533,-0.09930513,-0.02455262,0.08437589,-0.23043297,0.02026213,0.13988288,-0.27054801,-0.01531711,0.11646564,-0.18938530,0.00986016,0.10704153,-0.30919766,-0.00405005,0.14912765,-0.15422929,-0.00194288,0.07548647,-0.33986591,0.11496595,0.44376887,0.63411306,-0.14235460,-0.47187143,-0.61211692,0.16563911,0.48636971,0.57247315,-0.18414816,-0.48684573,-0.51632472,0.19734814,0.47328576,0.44529041,-0.20485848,-0.44608074,-0.36141817,-0.03327608,0.01430938,-0.99934387,0.00985982,0.01344855,0.33769020,-0.08638797,-0.10397381,-0.02630842
10105760000000,synthetic_50hz_02,288,0.02,83.78059756,83.43523028,12.79735896,12.83815783,12.86617604,3.01222934,119.90506609,1,1,0,0,1,0.21008095,0.14625518,0.33709444,-0.03143841,-0.03519675,0.01869578,0.02712986,0.02034952,-0.03848303,-0.02203915,-0.00491560,0.05716079,0.01631304,-0.01066004,-0.07419058,-0.01011661,0.02592834,0.08908142,0.00362852,-0.04044912,-0.10140400,-0.02362226,0.08759141,-0.22610746,0.01915129,0.13653108,-0.27463068,-0.01405785,0.11985669,-0.18566356,0.00848875,0.10370935,-0.31245076,-0.00260594,0.15230459,-0.15153905,-0.00341821,0.07255662,-0.34191530,0.12055704,0.44840793,0.62717514,-0.14695755,-0.47344623,-0.60140095,0.16912120,0.48483486,0.55828809,-0.18640902,-0.48224547,-0.49907953,0.19832257,0.46575272,0.42548227,-0.20451839,-0.43583210,-0.33961815,-0.03326993,0.01422642,-0.99934526,0.01022225,0.01299486,0.33709444,-0.08510018,-0.10460851,-0.02700431
10105780000000,synthetic_50hz_02,289,0.02,83.84093001,83.51637022,12.82626213,12.86617604,12.89666013,3.02112060,119.85520819,1,1,0,0,1,0.20850939,0.14410038,0.33648488,-0.03046044,-0.03190724,0.02300754,0.02598539,0.01694790,-0.04253008,-0.02076116,-0.00149995,0.06082645,0.01493838,-0.01399124,-0.07736917,-0.00868493,0.02907906,0.09168130,0.00218108,-0.04332852,-0.10335022,-0.02265502,0.09083439,-0.22183527,0.01801060,0.13317312,-0.27863434,-0.01277662,0.12323243,-0.18204425,0.00710391,0.10041348,-0.31558097,-0.00115731,0.15542523,-0.14898861,-0.00488900,0.06970143,-0.34381201,0.12592134,0.45237864,0.61944796,-0.15130803,-0.47435139,-0.58997221,0.17233244,0.48264837,0.54348729,-0.18838842,-0.47703038,-0.48133337,0.19901308,0.45765937,0.40530239,-0.20390010,-0.42509384,-0.31758635,-0.03326206,0.01413690,-0.99934679,0.01058136,0.01253863,0.33648488,-0.08379571,-0.10523473,-0.02769910
10105800000000,synthetic_50hz_02,290,0.02,83.74867933,83.56283205,12.85582929,12.89666013,12.93467477,3.03003127,119.80556348,1,1,0,0,1,0.20696557,0.14193392,0.33586153,-0.02944621,-0.02859263,0.02726316,0.02481174,0.01354238,-0.04649568,-0.01946194,0.00189831,0.06438771,0.01355104,-0.01728427,-0.08042341,-0.00724946,0.03217191,0.09414047,0.00073887,-0.04613202,-0.10514341,-0.02165181,0.09410235,-0.21761904,0.01684104,0.12981140,-0.28255669,-0.01147447,0.12659061,-0.17852923,0.00570668,0.09715602,-0.31858690,0.00029480,0.15848776,-0.14657885,-0.00635428,0.06692241,-0.34555568,0.13105801,0.45568666,0.61094684,-0.15540622,-0.47459472,-0.57784761,0.17527401,0.47981998,0.52808877,-0.19008856,-0.47121182,-0.46310488,0.19942277,0.44901839,0.38476946,-0.20300753,-0.41387956,-0.29534096,-0.03325248,0.01404088,-0.99934846,0.01093704,0.01207993,0.33586153,-0.08247482,-0.10585243,-0.02839276
10105820000000,synthetic_50hz_02,291,0.02,83.81068879,83.61240340,12.88894439,12.93467477,12.97238510,3.03896203,119.75613888,1,1,0,0,1,0.20544977,0.13975596,0.33522442,-0.02839655,-0.02525525,0.03146004,0.02360984,0.01013523,-0.05037755,-0.01814244,0.00527699,0.06784265,0.01215199,-0.02053708,-0.08335182,-0.00581119,0.03520508,0.09645791,-0.00069714,-0.04885809,-0.10678308,-0.02061347,0.09739297,-0.21346136,0.01564353,0.12644820,-0.28639547,-0.01015235,0.12992904,-0.17512042,0.00429804,0.09393897,-0.32146707,0.00174942,0.16149036,-0.14431080,-0.00781310,0.06422108,-0.34714580,0.13596608,0.45833691,0.60168563,-0.15925212,-0.47418312,-0.56504256,0.17794685,0.47635841,0.51210905,-0.19151129,-0.46480007,-0.44441120,0.19955437,0.43984132,0.36390077,-0.20184420,-0.40220175,-0.27289891,-0.03324117,0.01393841,-0.99935027,0.01128919,0.01161888,0.33522442,-0.08113777,-0.10646156,-0.02908526
10105840000000,synthetic_50hz_02,292,0.02,83.80352450,83.65062762,12.92398949,12.97238510,13.01174314,3.04791367,119.70694124,1,1,0,0,1,0.20396231,0.13756668,0.33457359,-0.02731223,-0.02189732,0.03559562,0.02238052,0.00672867,-0.05417338,-0.01680357,0.00863397,0.07118930,0.01074217,-0.02374769,-0.08615280,-0.00437106,0.03817675,0.09863248,-0.00212606,-0.05150516,-0.10826853,-0.01954078,0.10070405,-0.20936479,0.01441892,0.12308573,-0.29014836,-0.00881117,0.13324557,-0.17181978,0.00287894,0.09076435,-0.32421989,0.00320562,0.16443123,-0.14218559,-0.00926454,0.06159903,-0.34858170,0.14064447,0.46033341,0.59167672,-0.16284550,-0.47312253,-0.55157098,0.18035162,0.47227131,0.49556319,-0.19265813,-0.45780428,-0.42526808,0.19941021,0.43013855,0.34271230,-0.20041319,-0.39007172,-0.25027596,-0.03322816,0.01382956,-0.99935221,0.01163767,0.01115554,0.33457359,-0.07978481,-0.10706206,-0.02977656
10105860000000,synthetic_50hz_02,293,0.02,83.62787358,83.64607681,12.96084602,13.01174314,13.05776733,3.05688708,119.65797733,1,1,0,0,1,0.20250348,0.13536625,0.33390905,-0.02619395,-0.01852096,0.03966731,0.02112458,0.00332484,-0.05788082,-0.01544618,0.01196713,0.07442560,0.00932246,-0.02691408,-0.08882465,-0.00292997,0.04108508,0.10066285,-0.00354699,-0.05407159,-0.10959889,-0.01843441,0.10403346,-0.20533191,0.01316798,0.11972613,-0.29381301,-0.00745177,0.13653811,-0.16862938,0.00145025,0.08763416,-0.32684364,0.00466248,0.16730852,-0.14020454,-0.01070772,0.05905788,-0.34986249,0.14509188,0.46167928,0.58093101,-0.16618587,-0.47141785,-0.53744530,0.18248865,0.46756523,0.47846479,-0.19353020,-0.45023249,-0.40568992,0.19899218,0.41991933,0.32121882,-0.19871712,-0.37749971,-0.22748683,-0.03321343,0.01371438,-0.99935429,0.01198239,0.01069002,0.33390905,-0.07841621,-0.10765389,-0.03046664
10105880000000,synthetic_50hz_02,294,0.02,83.57711754,83.63228496,13.00155297,13.05776733,13.10296219,3.06588348,119.60925382,1,1,0,0,1,0.20107355,0.13315486,0.33323083,-0.02504232,-0.01512820,0.04367249,0.01984273,-0.00007415,-0.06149742,-0.01407107,0.01527436,0.07754934,0.00789373,-0.03003421,-0.09136548,-0.00148881,0.04392816,0.10254751,-0.00495903,-0.05655564,-0.11077305,-0.01729500,0.10737916,-0.20136536,0.01189145,0.11637150,-0.29738697,-0.00607496,0.13980456,-0.16555143,0.00001284,0.08455042,-0.32933645,0.00611913,0.17012031,-0.13836917,-0.01214174,0.05659936,-0.35098707,0.14930678,0.46237659,0.56945793,-0.16927243,-0.46907290,-0.52267653,0.18435788,0.46224561,0.46082612,-0.19412821,-0.44209157,-0.38568988,0.19830173,0.40919182,0.29943402,-0.19675811,-0.36449489,-0.20454534,-0.03319700,0.01359296,-0.99935649,0.01232322,0.01022240,0.33323083,-0.07703225,-0.10823700,-0.03115548
10105900000000,synthetic_50hz_02,295,0.02,83.40422847,83.58667366,13.04414485,13.10296219,13.15032148,3.07490409,119.56077729,1,1,0,0,1,0.19967281,0.13093269,0.33253897,-0.02385793,-0.01172108,0.04760844,0.01853566,-0.00346621,-0.06502059,-0.01267901,0.01855356,0.08055816,0.00645681,-0.03310600,-0.09377320,-0.00004846,0.04670399,0.10428471,-0.00636129,-0.05895547,-0.11178965,-0.01612313,0.11073914,-0.19746784,0.01059000,0.11302395,-0.30086767,-0.00468151,0.14304278,-0.16258827,-0.00143246,0.08151524,-0.33169623,0.00757467,0.17286461,-0.13668122,-0.01356570,0.05422534,-0.35195409,0.15328733,0.46242637,0.55726542,-0.17210401,-0.46609035,-0.50727426,0.18595885,0.45631673,0.44265815,-0.19445242,-0.43338728,-0.36528000,0.19733983,0.39796308,0.27737065,-0.19453784,-0.35106541,-0.18146458,-0.03317886,0.01346535,-0.99935882,0.01266006,0.00975278,0.33253897,-0.07563318,-0.10881134,-0.03184303
10105920000000,synthetic_50hz_02,296,0.02,83.22199049,83.51373702,13.08873903,13.15032148,13.19754387,3.08395016,119.51255422,1,1,0,0,1,0.19830154,0.12869991,0.33183348,-0.02264128,-0.00830155,0.05147232,0.01720401,-0.00684922,-0.06844759,-0.01127074,0.02180254,0.08344949,0.00501253,-0.03612727,-0.09604550,0.00139020,0.04941044,0.10587247,-0.00775284,-0.06126908,-0.11264709,-0.01491929,0.11411142,-0.19364220,0.00926426,0.10968557,-0.30425236,-0.00327215,0.14625062,-0.15974248,-0.00288481,0.07853080,-0.33392067,0.00902822,0.17553930,-0.13514268,-0.01497868,0.05193780,-0.35276193,0.15703132,0.46182847,0.54435995,-0.17467902,-0.46247171,-0.49124673,0.18729065,0.44978168,0.42397063,-0.19450260,-0.42412424,-0.34447127,0.19610695,0.38623909,0.25504063,-0.19205745,-0.33721849,-0.15825706,-0.03315902,0.01333163,-0.99936127,0.01299279,0.00928125,0.33183348,-0.07421930,-0.10937687,-0.03252929
10105940000000,synthetic_50hz_02,297,0.02,83.66943873,83.54487737,13.13443707,13.19754387,13.21811896,3.09302289,119.46459102,1,1,0,0,1,0.19695999,0.12645671,0.33111440,-0.02139283,-0.00487163,0.05526113,0.01584836,-0.01022104,-0.07177549,-0.00984698,0.02501903,0.08622053,0.00356170,-0.03909571,-0.09817979,0.00282626,0.05204524,0.10730849,-0.00913275,-0.06349429,-0.11334343,-0.01368396,0.11749400,-0.18989144,0.00791485,0.10635853,-0.30753811,-0.00184761,0.14942580,-0.15701686,-0.00434341,0.07559938,-0.33600719,0.01047890,0.17814211,-0.13375584,-0.01637973,0.04973891,-0.35340868,0.16053613,0.46058153,0.53074661,-0.17699543,-0.45821728,-0.47460091,0.18835186,0.44264241,0.40477224,-0.19427803,-0.41430596,-0.32327380,0.19460306,0.37402487,0.23245522,-0.18931760,-0.32296047,-0.13493485,-0.03313748,0.01319187,-0.99936383,0.01332132,0.00880789,0.33111440,-0.07279086,-0.10993353,-0.03321421
10105960000000,synthetic_50hz_02,298,0.02,83.72988021,83.58187793,13.16958346,13.21811896,13.22917014,3.10212189,119.41689397,1,1,0,0,1,0.19564845,0.12420326,0.33038176,-0.02011302,-0.00143334,0.05897165,0.01446932,-0.01357941,-0.07500108,-0.00840845,0.02820067,0.08886821,0.00210517,-0.04200888,-0.10017322,0.00425881,0.05460596,0.10859019,-0.01050001,-0.06562872,-0.11387645,-0.01241755,0.12088487,-0.18621876,0.00654233,0.10304506,-0.31072171,-0.00040861,0.15256596,-0.15441448,-0.00580741,0.07272344,-0.33795292,0.01192575,0.18067060,-0.13252328,-0.01776786,0.04763107,-0.35389210,0.16379870,0.45868295,0.51642908,-0.17905069,-0.45332611,-0.45734255,0.18914056,0.43489968,0.38507063,-0.19377742,-0.40393488,-0.30169694,0.19282759,0.36132445,0.20962518,-0.18631845,-0.30829687,-0.11150984,-0.03311425,0.01304615,-0.99936652,0.01364553,0.00833282,0.33038176,-0.07134816,-0.11048130,-0.03389777
10105980000000,synthetic_50hz_02,299,0.02,83.23936462,83.51337527,13.19460987,13.22917014,13.25048653,3.11124559,119.36946929,1,1,0,0,1,0.19436715,0.12193975,0.32963559,-0.01880225,0.00201122,0.06260043,0.01306743,-0.01692201,-0.07812091,-0.00695588,0.03134493,0.09138913,0.00064378,-0.04486415,-0.10202256,0.00568687,0.05708992,0.10971463,-0.01185357,-0.06766977,-0.11424358,-0.01112048,0.12428192,-0.18262762,0.00514729,0.09974749,-0.31379971,0.00104412,0.15566857,-0.15193872,-0.00727595,0.06990560,-0.33975466,0.01336783,0.18312210,-0.13144793,-0.01914202,0.04561687,-0.35420963,0.16681542,0.45612879,0.50140973,-0.18084171,-0.44779601,-0.43947632,0.18965425,0.42655307,0.36487260,-0.19299897,-0.39301240,-0.27974943,0.19077943,0.34814100,0.18656096,-0.18305964,-0.29323253,-0.08799385,-0.03308932,0.01289454,-0.99936931,0.01396532,0.00785610,0.32963559,-0.06989148,-0.11102011,-0.03457995
10106000000000,synthetic_50hz_02,300,0.02,83.37675731,83.48605168,13.21807806,13.25048653,13.25321880,3.12039250,119.32232309,1,1,0,0,1,0.19311636,0.11966637,0.32887592,-0.01746088,0.00545985,0.06614372,0.01164329,-0.02024633,-0.08113117,-0.00549001,0.03444910,0.09377957,-0.00082154,-0.04765868,-0.10372426,0.00710941,0.05949424,0.11067853,-0.01319232,-0.06961455,-0.11444189,-0.00979311,0.12768294,-0.17912177,0.00373029,0.09646833,-0.31676832,0.00250984,0.15873092,-0.14959332,-0.00874813,0.06714871,-0.34140884,0.01480409,0.18549371,-0.13053308,-0.02050107,0.04369919,-0.35435834,0.16958213,0.45291380,0.48568968,-0.18236481,-0.44162352,-0.42100585,0.18988984,0.41760103,0.34418423,-0.19194025,-0.38153891,-0.25743961,0.18845694,0.33447684,0.16327289,-0.17954032,-0.27777165,-0.06439894,-0.03306272,0.01273712,-0.99937220,0.01428059,0.00737785,0.32887592,-0.06842109,-0.11154994,-0.03526070
10106020000000,synthetic_50hz_02,301,0.02,83.51424140,83.49168962,13.23283717,13.25321880,13.23860403,3.12956031,119.27546137,1,1,0,0,1,0.19189632,0.11738329,0.32810277,-0.01608929,0.00891021,0.06959745,0.01019746,-0.02354970,-0.08402771,-0.00401162,0.03751025,0.09603541,-0.00228986,-0.05038936,-0.10527436,0.00852534,0.06181572,0.11147821,-0.01451502,-0.07145991,-0.11446809,-0.00843582,0.13108560,-0.17570529,0.00229190,0.09321025,-0.31962336,0.00398778,0.16175010,-0.14738240,-0.01022301,0.06445585,-0.34291151,0.01623344,0.18778227,-0.12978241,-0.02184380,0.04188120,-0.35433494,0.17209402,0.44903130,0.46926892,-0.18361569,-0.43480390,-0.40193394,0.18984363,0.40804090,0.32301103,-0.19059829,-0.36951388,-0.23477555,0.18585791,0.32033361,0.13977139,-0.17575916,-0.26191797,-0.04073755,-0.03303444,0.01257397,-0.99937520,0.01459123,0.00689816,0.32810277,-0.06693730,-0.11207073,-0.03594002
10106040000000,synthetic_50hz_02,302,0.02,83.35366115,83.46408393,13.23525925,13.23860403,13.21981528,3.13874555,119.22889005,1,1,0,0,1,0.19070726,0.11509070,0.32731619,-0.01468786,0.01235976,0.07295712,0.00873056,-0.02682923,-0.08680594,-0.00252155,0.04052520,0.09815210,-0.00376015,-0.05305282,-0.10666849,0.00993345,0.06405089,0.11210958,-0.01582036,-0.07320235,-0.11431849,-0.00704897,0.13448738,-0.17238264,0.00083275,0.08997614,-0.32236027,0.00547709,0.16472291,-0.14531048,-0.01169954,0.06183043,-0.34425829,0.01765468,0.18998429,-0.12920000,-0.02316889,0.04016637,-0.35413576,0.17434565,0.44447325,0.45214637,-0.18458935,-0.42733117,-0.38226265,0.18951126,0.39786893,0.30135813,-0.18896947,-0.35693594,-0.21176531,0.18297960,0.30571233,0.11606720,-0.17171435,-0.24567488,-0.01702281,-0.03300448,0.01240519,-0.99937830,0.01489714,0.00641711,0.32731619,-0.06544039,-0.11258243,-0.03661786
10106060000000,synthetic_50hz_02,303,0.02,83.16075125,83.40341739,13.22877279,13.21981528,13.19851794,3.14794428,119.18261493,1,1,0,0,1,0.18954943,0.11278880,0.32651619,-0.01325697,0.01580575,0.07621785,0.00724324,-0.03008174,-0.08946085,-0.00102069,0.04349046,0.10012465,-0.00523129,-0.05564533,-0.10790180,0.01133245,0.06619591,0.11256810,-0.01710689,-0.07483804,-0.11398901,-0.00563296,0.13788553,-0.16915875,-0.00064651,0.08676916,-0.32497403,0.00697689,0.16764586,-0.14338258,-0.01317662,0.05927614,-0.34544436,0.01906651,0.19209593,-0.12879038,-0.02447488,0.03855855,-0.35375669,0.17633080,0.43923018,0.43432005,-0.18528011,-0.41919812,-0.36199349,0.18888771,0.38708039,0.27923050,-0.18704958,-0.34380296,-0.18841716,0.17981873,0.29061352,0.09217166,-0.16740362,-0.22904556,0.00673119,-0.03297286,0.01223084,-0.99938149,0.01519823,0.00593480,0.32651619,-0.06393065,-0.11308503,-0.03729420
10106080000000,synthetic_50hz_02,304,0.02,83.18842708,83.36041933,13.21606575,13.19851794,13.16790891,3.15715246,119.13664174,1,1,0,0,1,0.18842304,0.11047775,0.32570283,-0.01179706,0.01924519,0.07937424,0.00573623,-0.03330377,-0.09198690,0.00048997,0.04640219,0.10194754,-0.00670205,-0.05816281,-0.10896899,0.01272091,0.06824657,0.11284881,-0.01837302,-0.07636275,-0.11347515,-0.00418822,0.14127702,-0.16603899,-0.00214516,0.08359279,-0.32745911,0.00848617,0.17051512,-0.14160420,-0.01465302,0.05679708,-0.34646439,0.02046750,0.19411297,-0.12855852,-0.02576019,0.03706197,-0.35319325,0.17804252,0.43329119,0.41578723,-0.18568153,-0.41039636,-0.34112762,0.18796725,0.37566961,0.25663315,-0.18483379,-0.33011213,-0.16473982,0.17637148,0.27503736,0.06809697,-0.16282430,-0.21203314,0.03050915,-0.03293958,0.01205103,-0.99938477,0.01549439,0.00545133,0.32570283,-0.06240838,-0.11357846,-0.03796901
10106100000000,synthetic_50hz_02,305,0.02,82.78434161,83.24520378,13.19583988,13.16790891,13.14884807,3.16636584,119.09097608,1,1,0,0,1,0.18732833,0.10815776,0.32487612,-0.01030861,0.02267472,0.08242034,0.00421033,-0.03649147,-0.09437803,0.00200935,0.04925616,0.10361475,-0.00817109,-0.06060077,-0.10986422,0.01409725,0.07019824,0.11294624,-0.01961699,-0.07777185,-0.11277198,-0.00271524,0.14465854,-0.16302930,-0.00366240,0.08045086,-0.32980943,0.01000386,0.17332648,-0.13998136,-0.01612738,0.05439773,-0.34731256,0.02185608,0.19603080,-0.12850989,-0.02702306,0.03568125,-0.35244052,0.17947303,0.42664401,0.39654461,-0.18578640,-0.40091634,-0.31966607,0.18674347,0.36363007,0.23357141,-0.18231664,-0.31586017,-0.14074278,0.17263353,0.25898387,0.04385647,-0.15797332,-0.19464095,0.05429424,-0.03290464,0.01186584,-0.99938813,0.01578553,0.00496679,0.32487612,-0.06087388,-0.11406269,-0.03864227
10106120000000,synthetic_50hz_02,306,0.02,82.80320387,83.15680380,13.17610332,13.14884807,13.12684062,3.17558100,119.04562346,1,1,0,0,1,0.18626549,0.10582901,0.32403611,-0.00879219,0.02609064,0.08534964,0.00266643,-0.03964061,-0.09662756,0.00353620,0.05204772,0.10511967,-0.00963689,-0.06295427,-0.11058112,0.01545973,0.07204582,0.11285446,-0.02083687,-0.07906026,-0.11187417,-0.00121458,0.14802638,-0.16013620,-0.00519733,0.07734761,-0.33201834,0.01152873,0.17607526,-0.13852069,-0.01759821,0.05208304,-0.34798250,0.02323050,0.19784433,-0.12865041,-0.02826155,0.03442147,-0.35149316,0.18061365,0.41927501,0.37658851,-0.18558672,-0.39074749,-0.29760998,0.18520924,0.35095454,0.21005122,-0.17949209,-0.30104341,-0.11643658,0.16860010,0.24245305,0.01946503,-0.15284729,-0.17687266,0.07806772,-0.03286805,0.01167535,-0.99939158,0.01607156,0.00448128,0.32403611,-0.05932745,-0.11453768,-0.03931394
10106140000000,synthetic_50hz_02,307,0.02,82.68563902,83.06257084,13.15541298,13.12684062,13.11240857,3.18479502,119.00058929,1,1,0,0,1,0.18523475,0.10349168,0.32318283,-0.00724846,0.02948883,0.08815497,0.00110558,-0.04274648,-0.09872820,0.00506916,0.05477172,0.10645506,-0.01109777,-0.06521787,-0.11111276,0.01680641,0.07378376,0.11256704,-0.02203052,-0.08022242,-0.11077595,0.00031311,0.15137641,-0.15736687,-0.00674892,0.07428775,-0.33407852,0.01305940,0.17875633,-0.13722939,-0.01906381,0.04985844,-0.34846728,0.02458882,0.19954798,-0.12898652,-0.02947353,0.03328819,-0.35034540,0.18145485,0.41116923,0.35591517,-0.18507366,-0.37987827,-0.27496092,0.18335671,0.33763523,0.18607942,-0.17635350,-0.28565801,-0.09183316,0.16426594,0.22544514,-0.00506069,-0.14744252,-0.15873258,0.10180864,-0.03282983,0.01147967,-0.99939510,0.01635238,0.00399489,0.32318283,-0.05776939,-0.11500339,-0.03998401
10106160000000,synthetic_50hz_02,308,0.02,82.67325964,82.98470860,13.13735113,13.11240857,13.10510675,3.19400582,118.95587886,1,1,0,0,1,0.18423630,0.10114597,0.32231630,-0.00567818,0.03286468,0.09082844,-0.00047104,-0.04580385,-0.10067197,0.00660668,0.05742247,0.10761307,-0.01255185,-0.06738558,-0.11145164,0.01813514,0.07540594,0.11207701,-0.02319558,-0.08125230,-0.10947115,0.00186704,0.15470401,-0.15472919,-0.00831597,0.07127651,-0.33598201,0.01459431,0.18136399,-0.13611533,-0.02052230,0.04772992,-0.34875941,0.02592888,0.20113565,-0.12952517,-0.03065663,0.03228744,-0.34899108,0.18198613,0.40231054,0.33452099,-0.18423756,-0.36829631,-0.25172118,0.18117734,0.32366393,0.16166414,-0.17289369,-0.26970017,-0.06694625,0.15962544,0.20796082,-0.02970173,-0.14175511,-0.14022587,0.12549340,-0.03278997,0.01127888,-0.99939869,0.01662790,0.00350772,0.32231630,-0.05620001,-0.11545979,-0.04065244
10106180000000,synthetic_50hz_02,309,0.02,82.83540602,82.95484809,13.12380849,13.10510675,13.10174735,3.20321227,118.91149738,1,1,0,0,1,0.18327034,0.09879207,0.32143658,-0.00408230,0.03621300,0.09336142,-0.00206206,-0.04880692,-0.10245015,0.00814698,0.05999371,0.10858518,-0.01399701,-0.06945085,-0.11158966,0.01944351,0.07690570,0.11137695,-0.02432944,-0.08214331,-0.10795319,0.00344629,0.15800404,-0.15223177,-0.00989713,0.06831967,-0.33772010,0.01613170,0.18389199,-0.13518704,-0.02197157,0.04570402,-0.34885076,0.02724829,0.20260069,-0.13027380,-0.03180824,0.03142581,-0.34742363,0.18219602,0.39268163,0.31240284,-0.18306792,-0.35598859,-0.22789416,0.17866189,0.30903223,0.13681518,-0.16910495,-0.25316633,-0.04179176,0.15467264,0.19000153,-0.05443654,-0.13578104,-0.12135889,0.14909540,-0.03274848,0.01107309,-0.99940235,0.01689803,0.00301985,0.32143658,-0.05461961,-0.11590684,-0.04131920
10106200000000,synthetic_50hz_02,310,0.02,82.67710715,82.89929990,13.11454281,13.10174735,13.11801281,3.21241400,118.86744994,1,1,0,0,1,0.18233706,0.09643017,0.32054369,-0.00246193,0.03952804,0.09574447,-0.00366591,-0.05174926,-0.10405327,0.00968806,0.06247852,0.10936216,-0.01543090,-0.07140649,-0.11151809,0.02072886,0.07827579,0.11045890,-0.02542919,-0.08288835,-0.10621513,0.00504974,0.16127070,-0.14988408,-0.01149080,0.06542368,-0.33928332,0.01766956,0.18633341,-0.13445372,-0.02340926,0.04378794,-0.34873265,0.02854438,0.20393584,-0.13124035,-0.03292546,0.03071040,-0.34563609,0.18207210,0.38226426,0.28955849,-0.18155342,-0.34294159,-0.20348474,0.17580047,0.29373176,0.11154443,-0.16497911,-0.23605351,-0.01638825,0.14940133,0.17156973,-0.07924042,-0.12951624,-0.10213950,0.17258455,-0.03270538,0.01086239,-0.99940607,0.01716269,0.00253140,0.32054369,-0.05302850,-0.11634450,-0.04198427
10106220000000,synthetic_50hz_02,311,0.02,82.45400231,82.81024038,13.11600021,13.11801281,13.15595968,3.22161203,118.82374152,1,1,0,0,1,0.18143664,0.09406046,0.31963767,-0.00081839,0.04280333,0.09796728,-0.00528076,-0.05462372,-0.10547107,0.01122765,0.06486929,0.10993407,-0.01685085,-0.07324464,-0.11122763,0.02198823,0.07950832,0.10931444,-0.02649168,-0.08347973,-0.10424967,0.00667608,0.16449755,-0.14769641,-0.01309518,0.06259566,-0.34066138,0.01920563,0.18868065,-0.13392533,-0.02483270,0.04198954,-0.34839574,0.02981420,0.20513321,-0.13243324,-0.03400513,0.03014889,-0.34362116,0.18160090,0.37103935,0.26598698,-0.17968189,-0.32914156,-0.17849980,0.17258257,0.27775445,0.08586638,-0.16050761,-0.21835956,0.00924260,0.14380515,0.15266926,-0.10408512,-0.12295671,-0.08257743,0.19592681,-0.03266067,0.01064689,-0.99940985,0.01742179,0.00204245,0.31963767,-0.05142701,-0.11677273,-0.04264762
10106240000000,synthetic_50hz_02,312,0.02,82.30121571,82.70843545,13.13278319,13.15595968,13.21128895,3.23080914,118.78037700,1,1,0,0,1,0.18056925,0.09168313,0.31871855,0.00084675,0.04603166,0.10001862,-0.00690450,-0.05742242,-0.10669243,0.01276318,0.06715767,0.11029025,-0.01825390,-0.07495673,-0.11070835,0.02321835,0.08059476,0.10793467,-0.02751340,-0.08390920,-0.10204919,0.00832372,0.16767737,-0.14567999,-0.01470815,0.05984353,-0.34184321,0.02073733,0.19092535,-0.13361253,-0.02623893,0.04031738,-0.34783013,0.03105445,0.20618427,-0.13386138,-0.03504374,0.02974954,-0.34137126,0.18076799,0.35898727,0.24168913,-0.17744040,-0.31457473,-0.15294867,0.16899713,0.26109285,0.05979863,-0.15568158,-0.20008355,0.03507543,0.13787767,0.13330574,-0.12893825,-0.11609867,-0.06268467,0.21908372,-0.03261436,0.01042667,-0.99941368,0.01767524,0.00155310,0.31871855,-0.04981543,-0.11719151,-0.04330922
10106260000000,synthetic_50hz_02,313,0.02,82.39449740,82.64564784,13.16575561,13.21128895,13.27315151,3.24000966,118.73736114,1,1,0,0,1,0.17973508,0.08929837,0.31778639,0.00253163,0.04920498,0.10188630,-0.00853471,-0.06013663,-0.10770539,0.01429173,0.06933451,0.11041928,-0.01963672,-0.07653344,-0.10994974,0.02441557,0.08152589,0.10631029,-0.02849051,-0.08416790,-0.09960587,0.00999081,0.17080211,-0.14384701,-0.01632729,0.05717599,-0.34281681,0.02226174,0.19305836,-0.13352672,-0.02762463,0.03878078,-0.34702529,0.03226151,0.20707981,-0.13553406,-0.03603744,0.02952120,-0.33887852,0.17955796,0.34608801,0.21666802,-0.17481528,-0.29922770,-0.12684372,0.16503260,0.24374051,0.03336246,-0.15049195,-0.18122617,0.06108066,0.13161255,0.11348699,-0.15376279,-0.10893869,-0.04247593,0.24201187,-0.03256646,0.01020185,-0.99941756,0.01792297,0.00106345,0.31778639,-0.04819409,-0.11760079,-0.04396905
10106280000000,synthetic_50hz_02,314,0.02,82.19364429,82.55524713,13.21086188,13.27315151,13.35279757,3.24921866,118.69469862,1,1,0,0,1,0.17893428,0.08690637,0.31684120,0.00423405,0.05231433,0.10355715,-0.01016861,-0.06275672,-0.10849711,0.01581002,0.07138980,0.11030905,-0.02099561,-0.07796468,-0.10894073,0.02557589,0.08229180,0.10443159,-0.02941880,-0.08424641,-0.09691165,0.01167516,0.17386284,-0.14221065,-0.01794982,0.05460266,-0.34356936,0.02377558,0.19506968,-0.13368002,-0.02898610,0.03738984,-0.34597017,0.03343137,0.20780991,-0.13746099,-0.03698205,0.02947329,-0.33613492,0.17795444,0.33232159,0.19092966,-0.17179217,-0.28308776,-0.10020099,0.16067706,0.22569237,0.00658347,-0.14492956,-0.16179017,0.08722385,0.12500366,0.09322348,-0.17851647,-0.10147385,-0.02196912,0.26466237,-0.03251698,0.00997254,-0.99942148,0.01816489,0.00057359,0.31684120,-0.04656331,-0.11800055,-0.04462708
10106300000000,synthetic_50hz_02,315,0.02,82.33282304,82.51076231,13.27047487,13.35279757,13.43467407,3.25844211,118.65239398,1,1,0,0,1,0.17816700,0.08450734,0.31588304,0.00595144,0.05534979,0.10501694,-0.01180303,-0.06527213,-0.10905385,0.01731433,0.07331264,0.10994669,-0.02232645,-0.07923952,-0.10766972,0.02669488,0.08288188,0.10228858,-0.03029370,-0.08413472,-0.09395841,0.01337420,0.17684961,-0.14078512,-0.01957257,0.05213412,-0.34408712,0.02527514,0.19694841,-0.13408530,-0.03031920,0.03615546,-0.34465317,0.03455960,0.20836398,-0.13965216,-0.03787296,0.02961583,-0.33313233,0.17594016,0.31766836,0.16448361,-0.16835613,-0.26614334,-0.07304084,0.15591833,0.20694527,-0.02050774,-0.13898532,-0.14178088,0.11346506,0.11804530,0.07252887,-0.20315114,-0.09370198,-0.00118583,0.28698027,-0.03246593,0.00973883,-0.99942544,0.01840093,0.00008361,0.31588304,-0.04492340,-0.11839075,-0.04528328
10106320000000,synthetic_50hz_02,316,0.02,82.33070035,82.47474992,13.33943854,13.43467407,13.52430149,3.26768612,118.61045166,1,1,0,0,1,0.17743340,0.08210147,0.31491194,0.00768082,0.05830036,0.10625040,-0.01343432,-0.06767128,-0.10936100,0.01880050,0.07509121,0.10931868,-0.02362465,-0.08034622,-0.10612466,0.02776770,0.08328481,0.09987100,-0.03111019,-0.08382226,-0.09073802,0.01508494,0.17975143,-0.13958570,-0.02119189,0.04978194,-0.34435549,0.02675626,0.19868272,-0.13475607,-0.03161936,0.03508941,-0.34306223,0.03564134,0.20873068,-0.14211781,-0.03870518,0.02995937,-0.32986263,0.17349704,0.30210947,0.13734372,-0.16449175,-0.24838448,-0.04538873,0.15074409,0.18749845,-0.04787483,-0.13265041,-0.12120675,0.13975814,0.11073235,0.05142060,-0.22761216,-0.08562182,0.01984803,0.30890402,-0.03241331,0.00950083,-0.99942944,0.01863100,-0.00040638,0.31491194,-0.04327468,-0.11877136,-0.04593762
10106340000000,synthetic_50hz_02,317,0.02,82.70944612,82.52168916,13.41708098,13.52430149,13.60602653,3.27695675,118.56887599,1,1,0,0,1,0.17673363,0.07968894,0.31392794,0.00941873,0.06115391,0.10724119,-0.01505837,-0.06994151,-0.10940309,0.02026388,0.07671267,0.10841086,-0.02488518,-0.08127217,-0.10429308,0.02878902,0.08348856,0.09716849,-0.03186286,-0.08329793,-0.08724249,0.01680392,0.18255617,-0.13862872,-0.02280368,0.04755878,-0.34435898,0.02821428,0.20025980,-0.13570650,-0.03288153,0.03420428,-0.34118489,0.03667129,0.20889799,-0.14486833,-0.03947328,0.03051503,-0.32631781,0.17060629,0.28562737,0.10952897,-0.16018328,-0.22980344,-0.01727604,0.14514212,0.16735416,-0.07547496,-0.12591644,-0.10007998,0.16604999,0.10306054,0.02992046,-0.25183772,-0.07723335,0.04110169,0.33036485,-0.03235915,0.00925866,-0.99943347,0.01885504,-0.00089629,0.31392794,-0.04161748,-0.11914235,-0.04659009
10106360000000,synthetic_50hz_02,318,0.02,82.65835096,82.54902152,13.49643811,13.60602653,13.69797948,3.28625922,118.52767120,1,1,0,0,1,0.17606782,0.07726996,0.31293108,0.01116115,0.06389708,0.10797191,-0.01667052,-0.07206905,-0.10916381,0.02169928,0.07816324,0.10720847,-0.02610243,-0.08200394,-0.10216226,0.02975304,0.08348043,0.09417066,-0.03254586,-0.08255014,-0.08346408,0.01852713,0.18525048,-0.13793158,-0.02440326,0.04547841,-0.34408130,0.02964401,0.20166584,-0.13695133,-0.03410013,0.03351351,-0.33900842,0.03764364,0.20885321,-0.14791409,-0.04017143,0.03129438,-0.32249015,0.16724852,0.26820640,0.08106435,-0.15541483,-0.21039527,0.01125909,0.13910046,0.14651835,-0.10325792,-0.11877576,-0.07841724,0.19227978,0.09502670,0.00805532,-0.27575812,-0.06853798,0.06253884,0.35128623,-0.03230344,0.00901242,-0.99943752,0.01907297,-0.00138602,0.31293108,-0.03995213,-0.11950369,-0.04724064
10106380000000,synthetic_50hz_02,319,0.02,82.46628482,82.53247418,13.58108548,13.69797948,13.80358360,3.29559847,118.48684138,1,1,0,0,1,0.17543609,0.07484472,0.31192141,0.01290352,0.06651527,0.10842412,-0.01826552,-0.07403896,-0.10862608,0.02310091,0.07942806,0.10569630,-0.02727030,-0.08252722,-0.09971925,0.03065347,0.08324709,0.09086725,-0.03315288,-0.08156690,-0.07939550,0.02025001,0.18781976,-0.13751273,-0.02598540,0.04355576,-0.34350536,0.03103967,0.20288600,-0.13850579,-0.03526903,0.03303139,-0.33651989,0.03855209,0.20858302,-0.15126534,-0.04079330,0.03230942,-0.31837236,0.16340395,0.24983346,0.05198181,-0.15017056,-0.19015861,0.04017080,0.13260769,0.12500140,-0.13116526,-0.11122168,-0.05624034,0.21837816,0.08662909,-0.01414216,-0.29929513,-0.05953895,0.08411693,0.37158327,-0.03224620,0.00876224,-0.99944159,0.01928472,-0.00187549,0.31192141,-0.03827894,-0.11985535,-0.04788926
10106400000000,synthetic_50hz_02,320,0.02,82.29173135,82.48432561,13.67453469,13.80358360,13.91948389,3.30497964,118.44639054,1,1,0,0,1,0.17483858,0.07241342,0.31089896,0.01464062,0.06899252,0.10857838,-0.01983747,-0.07583510,-0.10777213,0.02446240,0.08049131,0.10385877,-0.02838207,-0.08282693,-0.09695111,0.03148346,0.08277460,0.08724831,-0.03367718,-0.08033585,-0.07503010,0.02196733,0.19024805,-0.13739161,-0.02754419,0.04180697,-0.34261341,0.03239488,0.20390446,-0.14038544,-0.03638153,0.03277303,-0.33370636,0.03938981,0.20807347,-0.15493205,-0.04133215,0.03357251,-0.31395778,0.15905259,0.23049880,0.02232136,-0.14443496,-0.16909642,0.06940448,0.12565320,0.10281892,-0.15912936,-0.10324880,-0.03357711,0.24426646,0.07786769,-0.03663276,-0.32236125,-0.05024162,0.10578648,0.39116221,-0.03218745,0.00850821,-0.99944567,0.01949022,-0.00236458,0.31089896,-0.03659825,-0.12019731,-0.04853592
10106420000000,synthetic_50hz_02,321,0.02,82.49147979,82.48575645,13.77741335,13.91948389,14.02938739,3.31440815,118.40632256,1,1,0,0,1,0.17427540,0.06997625,0.30986377,0.01636652,0.07131148,0.10841433,-0.02137980,-0.07744012,-0.10658363,0.02577670,0.08133613,0.10168008,-0.02943043,-0.08288718,-0.09384504,0.03223568,0.08204855,0.08330441,-0.03411156,-0.07884442,-0.07036207,0.02367318,0.19251800,-0.13758856,-0.02907307,0.04024938,-0.34138709,0.03370259,0.20470435,-0.14260610,-0.03743032,0.03275429,-0.33055501,0.04014944,0.20731016,-0.15892363,-0.04178079,0.03509620,-0.30924063,0.15417452,0.21019683,-0.00786784,-0.13819311,-0.14721693,0.09889577,0.11822753,0.07999269,-0.18707249,-0.09485340,-0.01046222,0.26985582,0.06874460,-0.05936987,-0.34485908,-0.04065386,0.12749030,0.40991990,-0.03212718,0.00825045,-0.99944977,0.01968941,-0.00285322,0.30986377,-0.03491039,-0.12052952,-0.04918059
10106440000000,synthetic_50hz_02,322,0.02,82.54537705,82.49768057,13.88324245,14.02938739,14.13998686,3.32388882,118.36664121,1,1,0,0,1,0.17374667,0.06753341,0.30881590,0.01807454,0.07345341,0.10791079,-0.02288520,-0.07883549,-0.10504178,0.02703607,0.08194470,0.09914438,-0.03040748,-0.08269141,-0.09038860,0.03290222,0.08105409,0.07902687,-0.03444838,-0.07707994,-0.06538676,0.02536086,0.19461087,-0.13812477,-0.03056472,0.03890155,-0.33980764,0.03495508,0.20526787,-0.14518360,-0.03840748,0.03299173,-0.32705342,0.04082309,0.20627824,-0.16324876,-0.04213159,0.03689318,-0.30421622,0.14875018,0.18892716,-0.03852627,-0.13143110,-0.12453457,0.12856940,0.11032279,0.05655158,-0.21490582,-0.08603382,0.01306182,0.29504640,0.05926446,-0.08229864,-0.36668066,-0.03078648,0.14916275,0.42774334,-0.03206542,0.00798909,-0.99945388,0.01988222,-0.00334129,0.30881590,-0.03321569,-0.12085198,-0.04982325
10106460000000,synthetic_50hz_02,323,0.02,82.74201689,82.54654784,13.99107510,14.13998686,14.24563817,3.33342585,118.32735013,1,1,0,0,1,0.17325247,0.06508511,0.30775537,0.01975720,0.07539810,0.10704589,-0.02434559,-0.08000144,-0.10312756,0.02823209,0.08229830,0.09623601,-0.03130465,-0.08222247,-0.08656994,0.03347467,0.07977612,0.07440802,-0.03467961,-0.07502979,-0.06010088,0.02702290,0.19650646,-0.13902211,-0.03201106,0.03778322,-0.33785600,0.03614390,0.20557629,-0.14813359,-0.03930445,0.03350251,-0.32318974,0.04140235,0.20496261,-0.16791512,-0.04237649,0.03897606,-0.29888130,0.14276078,0.16669564,-0.06958276,-0.12413637,-0.10107110,0.15833807,0.10193305,0.03253263,-0.24252843,-0.07679095,0.03694376,0.31972658,0.04943493,-0.10535505,-0.38770686,-0.02065367,0.17072890,0.44450937,-0.03200218,0.00772424,-0.99945798,0.02006858,-0.00382871,0.30775537,-0.03151447,-0.12116464,-0.05046387
10106480000000,synthetic_50hz_02,324,0.02,82.83355840,82.60394995,14.09799159,14.24563817,14.35121610,3.34302256,118.28845287,1,1,0,0,1,0.17279292,0.06263153,0.30668224,0.02140612,0.07712392,0.10579725,-0.02575207,-0.08091710,-0.10082188,0.02935558,0.08237739,0.09293976,-0.03211275,-0.08146271,-0.08237815,0.03394409,0.07819942,0.06944154,-0.03479681,-0.07268161,-0.05450290,0.02865092,0.19818314,-0.14030295,-0.03340320,0.03691526,-0.33551311,0.03725989,0.20561007,-0.15147131,-0.04011205,0.03430428,-0.31895306,0.04187827,0.20334804,-0.17292902,-0.04250707,0.04135722,-0.29323432,0.13618868,0.14351551,-0.10095322,-0.11629823,-0.07685676,0.18810132,0.09305485,0.00798218,-0.26982637,-0.06712866,0.06112252,0.34377221,0.03926711,-0.12846504,-0.40780692,-0.01027347,0.19210384,0.46008438,-0.03193747,0.00745601,-0.99946209,0.02024845,-0.00431538,0.30668224,-0.02980708,-0.12146749,-0.05110241
10106500000000,synthetic_50hz_02,325,0.02,83.11463887,82.70608773,14.20434588,14.35121610,14.44939842,3.35268160,118.24995285,1,1,0,0,1,0.17236811,0.06017288,0.30559654,0.02301204,0.07860786,0.10414222,-0.02709491,-0.08156051,-0.09810590,0.03039662,0.08216173,0.08924114,-0.03282198,-0.08039419,-0.07780352,0.03430107,0.07630885,0.06412279,-0.03479125,-0.07002349,-0.04859337,0.03023566,0.19961790,-0.14198995,-0.03473140,0.03631963,-0.33276014,0.03829314,0.20534898,-0.15521122,-0.04082047,0.03541496,-0.31433368,0.04224145,0.20141941,-0.17829509,-0.04251458,0.04404852,-0.28727584,0.12901791,0.11940880,-0.13253928,-0.10790837,-0.05193150,0.21774435,0.08368777,-0.01704300,-0.29667174,-0.05705442,0.08552615,0.36704595,0.02877617,-0.15154354,-0.42683805,0.00033172,0.21319186,0.47432421,-0.03187130,0.00718453,-0.99946619,0.02042175,-0.00480120,0.30559654,-0.02809385,-0.12176050,-0.05173887
10106520000000,synthetic_50hz_02,326,0.02,82.90544351,82.74595889,14.30726795,14.44939842,14.56013550,3.36240474,118.21185339,1,1,0,0,1,0.17197810,0.05770935,0.30449833,0.02456471,0.07982556,0.10205813,-0.02836350,-0.08190879,-0.09496135,0.03134456,0.08163055,0.08512678,-0.03342194,-0.07899886,-0.07283797,0.03453575,0.07408960,0.05844921,-0.03465388,-0.06704430,-0.04237533,0.03176688,0.20078638,-0.14410578,-0.03598507,0.03601922,-0.32957878,0.03923297,0.20477224,-0.15936670,-0.04141931,0.03685262,-0.30932350,0.04248202,0.19916190,-0.18401590,-0.04238999,0.04706113,-0.28100891,0.12123475,0.09440761,-0.16422689,-0.09896143,-0.02634635,0.24713687,0.07383501,-0.04247448,-0.32292179,-0.04657989,0.11007075,0.38939671,0.01798186,-0.17449363,-0.44464515,0.01113461,0.23388578,0.48707426,-0.03180368,0.00690992,-0.99947027,0.02058844,-0.00528608,0.30449833,-0.02637511,-0.12204365,-0.05237321
10106540000000,synthetic_50hz_02,327,0.02,83.76352075,82.94947126,14.41347232,14.56013550,14.64017657,3.37219381,118.17415767,1,1,0,0,1,0.17162299,0.05524116,0.30338765,0.02605292,0.08075144,0.09952264,-0.02954639,-0.08193825,-0.09137085,0.03218802,0.08076274,0.08058480,-0.03390165,-0.07725881,-0.06747545,0.03463789,0.07152747,0.05242076,-0.03437550,-0.06373395,-0.03585475,0.03323336,0.20166300,-0.14667277,-0.03715273,0.03603771,-0.32595170,0.04006802,0.20385876,-0.16394964,-0.04189760,0.03863517,-0.30391649,0.04258974,0.19656131,-0.19009150,-0.04212410,0.05040513,-0.27443948,0.11282837,0.06855568,-0.19588502,-0.08945574,-0.00016479,0.27613213,0.06350406,-0.06823086,-0.34841821,-0.03572152,0.13465938,0.41065924,0.00690912,-0.19720560,-0.46106076,0.02210247,0.25406630,0.49816970,-0.03173464,0.00663230,-0.99947435,0.02074845,-0.00576993,0.30338765,-0.02465120,-0.12231691,-0.05300540
10106560000000,synthetic_50hz_02,328,0.02,83.73449422,83.10647585,14.50868811,14.64017657,14.72916340,3.38204894,118.13686877,1,1,0,0,1,0.17130284,0.05276848,0.30226454,0.02746443,0.08135885,0.09651412,-0.03063123,-0.08162463,-0.08731842,0.03291492,0.07953714,0.07560530,-0.03424966,-0.07515655,-0.06171243,0.03459696,0.06860916,0.04604037,-0.03394682,-0.06008374,-0.02904094,0.03462286,0.20222112,-0.14971255,-0.03822206,0.03639935,-0.32186289,0.04078622,0.20258736,-0.16896992,-0.04224388,0.04078008,-0.29810912,0.04255410,0.19360436,-0.19651893,-0.04170761,0.05408922,-0.26757689,0.10379153,0.04190999,-0.22736436,-0.07939395,0.02653582,0.30456584,0.05270739,-0.09421658,-0.37298654,-0.02450126,0.15918104,0.43065387,-0.00441125,-0.21955623,-0.47590525,0.03319659,0.27360151,0.50743606,-0.03166417,0.00635179,-0.99947840,0.02090175,-0.00625264,0.30226454,-0.02292246,-0.12258027,-0.05363542
10106580000000,synthetic_50hz_02,329,0.02,83.84998296,83.25517727,14.60128773,14.72916340,14.81958428,3.39196991,118.09998964,1,1,0,0,1,0.17101771,0.05029153,0.30112905,0.02878600,0.08162027,0.09301214,-0.03160487,-0.08094334,-0.08278993,0.03351256,0.07793277,0.07018084,-0.03445406,-0.07267537,-0.05554841,0.03440224,0.06532271,0.03931449,-0.03335859,-0.05608676,-0.02194712,0.03592215,0.20243320,-0.15324555,-0.03917989,0.03712875,-0.31729822,0.04137484,0.20093708,-0.17443497,-0.04244624,0.04330406,-0.29190088,0.04236435,0.19027907,-0.20329175,-0.04113127,0.05812029,-0.26043433,0.09412144,0.01454233,-0.25849609,-0.06878390,0.05366272,0.33225545,0.04146329,-0.12032064,-0.39643574,-0.01294728,0.18350966,0.44918659,-0.01594202,-0.24140802,-0.48898719,0.04437169,0.29234647,0.51469006,-0.03159230,0.00606851,-0.99948243,0.02104827,-0.00673413,0.30112905,-0.02118923,-0.12283370,-0.05426324
10106600000000,synthetic_50hz_02,330,0.02,84.05746565,83.41563495,14.69297228,14.81958428,14.90740238,3.40195642,118.06352314,1,1,0,0,1,0.17076767,0.04781051,0.29998122,0.03000339,0.08150756,0.08899798,-0.03245335,-0.07986977,-0.07777365,0.03396766,0.07592931,0.06430708,-0.03450267,-0.06979977,-0.04898650,0.03404295,0.06165786,0.03225362,-0.03260175,-0.05173834,-0.01459085,0.03711699,0.20227113,-0.15729050,-0.04001228,0.03825048,-0.31224598,0.04182063,0.19888759,-0.18034916,-0.04249250,0.04622262,-0.28529490,0.04200972,0.18657520,-0.21039946,-0.04038602,0.06250303,-0.25302939,0.08382057,-0.01345893,-0.28909087,-0.05763947,0.08110634,0.35899950,0.02979659,-0.14641541,-0.41855801,-0.00109467,0.20750326,0.46604930,-0.02763882,-0.26260870,-0.50010416,0.05557546,0.31014300,0.51974080,-0.03151904,0.00578260,-0.99948644,0.02118797,-0.00721430,0.29998122,-0.01945184,-0.12307717,-0.05488884
10106620000000,synthetic_50hz_02,331,0.02,84.43725172,83.61995830,14.78303293,14.90740238,14.98631364,3.41200802,118.02747198,1,1,0,0,1,0.17055275,0.04532562,0.29882111,0.03110142,0.08099232,0.08445524,-0.03316200,-0.07837973,-0.07226094,0.03426650,0.07350741,0.05798334,-0.03438308,-0.06651584,-0.04203404,0.03350838,0.05760659,0.02487288,-0.03166762,-0.04703652,-0.00699463,0.03819219,0.20170651,-0.16186378,-0.04070454,0.03978878,-0.30669752,0.04210985,0.19641955,-0.18671314,-0.04237026,0.04954965,-0.27829850,0.04147952,0.18248471,-0.21782694,-0.03946318,0.06723939,-0.24538455,0.07289765,-0.04198716,-0.31893794,-0.04598144,0.10873885,0.38457724,0.01773956,-0.17235555,-0.43912900,0.01101376,0.23100316,0.48102047,-0.03944955,-0.28299084,-0.50904390,0.06674799,0.32681976,0.52239135,-0.03144440,0.00549417,-0.99949042,0.02132081,-0.00769305,0.29882111,-0.01771065,-0.12331068,-0.05551219
10106640000000,synthetic_50hz_02,332,0.02,85.04605084,83.90517681,14.86841083,14.98631364,15.04909751,3.42212375,117.99183877,1,1,0,0,1,0.17037301,0.04283705,0.29764876,0.03206402,0.08004627,0.07937053,-0.03371555,-0.07644981,-0.06624689,0.03439504,0.07064928,0.05121331,-0.03408290,-0.06281189,-0.03470323,0.03278814,0.05316360,0.01719264,-0.03054808,-0.04198259,0.00081362,0.03913169,0.20071104,-0.16697877,-0.04124141,0.04176701,-0.30064793,0.04222847,0.19351516,-0.19352323,-0.04206712,0.05329687,-0.27092391,0.04076333,0.17800231,-0.22555382,-0.03835463,0.07232808,-0.23752774,0.06136869,-0.07091582,-0.34780459,-0.03383850,0.13641286,0.40874867,0.00533273,-0.19797704,-0.45790833,0.02332679,0.25383346,0.49386628,-0.05131378,-0.30237174,-0.51558584,0.07782137,0.34219250,0.52244081,-0.03136840,0.00520336,-0.99949436,0.02144674,-0.00817030,0.29764876,-0.01596598,-0.12353420,-0.05613327
10106660000000,synthetic_50hz_02,333,0.02,85.14635881,84.15341321,14.94429923,15.04909751,15.11798105,3.43230163,117.95662601,1,1,0,0,1,0.17022847,0.04034502,0.29646422,0.03287434,0.07864173,0.07373426,-0.03409824,-0.07405802,-0.05973107,0.03433908,0.06733917,0.04400580,-0.03358990,-0.05867891,-0.02701183,0.03187231,0.04832691,0.00923909,-0.02923583,-0.03658161,0.00880002,0.03991863,0.19925707,-0.17264510,-0.04160714,0.04420719,-0.29409679,0.04216229,0.19015870,-0.20077062,-0.04157085,0.05747326,-0.26318886,0.03985126,0.17312602,-0.23355391,-0.03705307,0.07776403,-0.22949286,0.04925800,-0.10009685,-0.37543589,-0.02124818,0.16396018,0.43125485,-0.00737423,-0.22309645,-0.47464052,0.03578404,0.27580076,0.50434209,-0.06316218,-0.32055360,-0.51950324,0.08871932,0.35606473,0.51968687,-0.03129106,0.00491029,-0.99949827,0.02156572,-0.00864595,0.29646422,-0.01421818,-0.12374771,-0.05675205
10106680000000,synthetic_50hz_02,334,0.02,85.27472674,84.37767592,15.01724560,15.11798105,15.19033606,3.44253967,117.92183605,1,1,0,0,1,0.17011916,0.03784971,0.29526753,0.03351488,0.07675222,0.06754141,-0.03429404,-0.07118429,-0.05271839,0.03408450,0.06356409,0.03637547,-0.03289228,-0.05411131,-0.01898383,0.03075176,0.04309847,0.00104488,-0.02772466,-0.03084308,0.01692420,0.04053552,0.19731809,-0.17886776,-0.04178569,0.04712937,-0.28704901,0.04189719,0.18633715,-0.20844065,-0.04086965,0.06208442,-0.25511737,0.03873415,0.16785781,-0.24179454,-0.03555229,0.08353776,-0.22132025,0.03659938,-0.12935920,-0.40155492,-0.00825790,0.19119089,0.45181883,-0.02032167,-0.24751046,-0.48905659,0.04831535,0.29669419,0.51219462,-0.07491607,-0.33732409,-0.52056584,0.09935694,0.36822877,0.51392890,-0.03121238,0.00461509,-0.99950213,0.02167772,-0.00911990,0.29526753,-0.01246759,-0.12395120,-0.05736851
10106700000000,synthetic_50hz_02,335,0.02,85.77108632,84.65635800,15.08994359,15.19033606,15.25112255,3.45283619,117.88747115,1,1,0,0,1,0.17004511,0.03535134,0.29405875,0.03396768,0.07435306,0.06079247,-0.03428683,-0.06781126,-0.04521990,0.03361747,0.05931444,0.02834363,-0.03197891,-0.04910755,-0.01065019,0.02941838,0.03748487,-0.00735029,-0.02600970,-0.02478148,0.02513887,0.04096442,0.19486944,-0.18564626,-0.04176093,0.05055092,-0.27951564,0.04141935,0.18204091,-0.21651200,-0.03995240,0.06713189,-0.24674038,0.03740390,0.16220425,-0.25023603,-0.03384742,0.08963478,-0.21305723,0.02343720,-0.15850764,-0.42586348,0.00507414,0.21789265,0.47014707,-0.03343919,-0.27099571,-0.50087609,0.06084017,0.31628584,0.51716463,-0.08648710,-0.35245730,-0.51854306,0.10964057,0.37846725,0.50497166,-0.03113238,0.00431789,-0.99950595,0.02178269,-0.00959206,0.29405875,-0.01071456,-0.12414465,-0.05798261
10106720000000,synthetic_50hz_02,336,0.02,85.64684555,84.85445551,15.15763875,15.25112255,15.32585609,3.46318920,117.85353345,1,1,0,0,1,0.17000633,0.03285011,0.29283792,0.03421458,0.07142216,0.05349439,-0.03406068,-0.06392497,-0.03725373,0.03292479,0.05458479,0.01993904,-0.03083967,-0.04367090,-0.00204949,0.02786543,0.03149796,-0.01589915,-0.02408781,-0.01841692,0.03338940,0.04118712,0.19188904,-0.19297365,-0.04151695,0.05448579,-0.27151480,0.04071555,0.17726458,-0.22495592,-0.03880898,0.07261239,-0.23809648,0.03585378,0.15617721,-0.25883109,-0.03193533,0.09603496,-0.20475840,0.00982751,-0.18732176,-0.44804345,0.01867796,0.24383029,0.48593153,-0.04664494,-0.29330908,-0.50980998,0.07326713,0.33433163,0.51899037,-0.09777698,-0.36571525,-0.51320802,0.11946789,0.38655512,0.49262965,-0.03105109,0.00401881,-0.99950973,0.02188060,-0.01006235,0.29283792,-0.00895944,-0.12432805,-0.05859434
10106740000000,synthetic_50hz_02,337,0.02,85.72297447,85.02815930,15.22829003,15.32585609,15.40373450,3.47359743,117.82002496,1,1,0,0,1,0.17000283,0.03034622,0.29160510,0.03423742,0.06794084,0.04566156,-0.03360015,-0.05951571,-0.02884595,0.03199418,0.04937471,0.01119869,-0.02946580,-0.03781022,0.00677143,0.02608791,0.02515564,-0.02454633,-0.02195789,-0.01177581,0.04161355,0.04118551,0.18835819,-0.20083554,-0.04103830,0.05894369,-0.26307257,0.03977351,0.17200772,-0.23373540,-0.03743061,0.07851706,-0.22923251,0.03407878,0.14979456,-0.26752436,-0.02981489,0.10271191,-0.19648605,-0.00416083,-0.21555547,-0.46775887,0.03247101,0.26874603,0.49885257,-0.05984504,-0.31418851,-0.51556412,0.08549370,0.35057280,0.51741172,-0.10867755,-0.37684990,-0.50434209,0.12872816,0.39226225,0.47673205,-0.03096851,0.00371800,-0.99951345,0.02197143,-0.01053066,0.29160510,-0.00720255,-0.12450137,-0.05920367
10106760000000,synthetic_50hz_02,338,0.02,86.18114833,85.25875711,15.30197671,15.40373450,15.46919603,3.48406023,117.78694757,1,1,0,0,1,0.17003461,0.02783987,0.29036034,0.03401845,0.06389475,0.03731687,-0.03289069,-0.05457897,-0.02003148,0.03081467,0.04368965,0.00216857,-0.02785026,-0.03154074,0.01575687,0.02408291,0.01848250,-0.03322802,-0.01962123,-0.00489140,0.04974119,0.04094183,0.18426256,-0.20920905,-0.04031044,0.06392914,-0.25422388,0.03858229,0.16627577,-0.24280448,-0.03581027,0.08483067,-0.22020419,0.03207600,0.14308092,-0.27625203,-0.02748742,0.10963238,-0.18831025,-0.01844521,-0.24293685,-0.48465884,0.04635742,0.29236004,0.50858261,-0.07293313,-0.33335436,-0.51784371,0.09740614,0.36473791,0.51217514,-0.11907088,-0.38560590,-0.49174031,0.13730276,0.39535670,0.45712839,-0.03088466,0.00341557,-0.99951712,0.02205513,-0.01099691,0.29036034,-0.00544425,-0.12466461,-0.05981058
10106780000000,synthetic_50hz_02,339,0.02,86.87986460,85.58297861,15.37220883,15.46919603,15.51515362,3.49457663,117.75430306,1,1,0,0,1,0.17010166,0.02533126,0.28910368,0.03354070,0.05927484,0.02849266,-0.03191900,-0.04911634,-0.01085496,0.02937707,0.03754179,-0.00709570,-0.02598818,-0.02488489,0.02484178,0.02185004,0.01151055,-0.04187166,-0.01708195,0.00219565,0.05769436,0.04043909,0.17959310,-0.21806182,-0.03932006,0.06944052,-0.24501336,0.03713267,0.16008092,-0.25210749,-0.03394309,0.09153080,-0.21107654,0.02984504,0.13606830,-0.28494153,-0.02495702,0.11675569,-0.18030902,-0.03292837,-0.26916871,-0.49838137,0.06022748,0.31437184,0.51479078,-0.08579020,-0.35051148,-0.51635854,0.10887956,0.37654571,0.50303943,-0.12882986,-0.39172395,-0.47521746,0.14506594,0.39560860,0.43369476,-0.03079957,0.00311167,-0.99952074,0.02213169,-0.01146100,0.28910368,-0.00368489,-0.12481775,-0.06041503
10106800000000,synthetic_50hz_02,340,0.02,86.71496359,85.80937560,15.43224564,15.51515362,15.57788281,3.50514453,117.72209308,1,1,0,0,1,0.17020397,0.02282060,0.28783518,0.03278838,0.05407848,0.01923177,-0.03067354,-0.04313654,-0.00137156,0.02767436,0.03095096,-0.01652820,-0.02387731,-0.01787305,0.03395144,0.01939188,0.00427985,-0.05039584,-0.01434736,0.00943675,0.06538731,0.03966153,0.17434717,-0.22735102,-0.03805563,0.07546913,-0.23549618,0.03541764,0.15344301,-0.26157856,-0.03182681,0.09858705,-0.20192430,0.02738847,0.12879674,-0.29351146,-0.02223101,0.12403326,-0.17256807,-0.04749770,-0.29392983,-0.50855823,0.07395729,0.33446231,0.51714851,-0.09828465,-0.36535208,-0.51082915,0.11977841,0.38570859,0.48978236,-0.13781891,-0.39494494,-0.45461490,0.15188603,0.39279484,0.40634069,-0.03071323,0.00280641,-0.99952430,0.02220108,-0.01192284,0.28783518,-0.00192480,-0.12496079,-0.06101701
10106820000000,synthetic_50hz_02,341,0.02,87.18279500,86.08405948,15.49341325,15.57788281,15.62953207,3.51576239,117.69031917,1,1,0,0,1,0.17034152,0.02030810,0.28655490,0.03174746,0.04831051,0.00958844,-0.02914499,-0.03665645,0.00835236,0.02570225,0.02394557,-0.02605236,-0.02151850,-0.01054433,0.04300125,0.01671436,-0.00316091,-0.05871040,-0.01142835,0.01677502,0.07272690,0.03859509,0.16852963,-0.23702241,-0.03650782,0.08199809,-0.22573872,0.03343292,0.14639044,-0.27114109,-0.02946228,0.10596032,-0.19283206,0.02471226,0.12131496,-0.30187164,-0.01932027,0.13140821,-0.16518057,-0.06202484,-0.31687693,-0.51482085,0.08740874,0.35229664,0.51533613,-0.11027260,-0.37755947,-0.50099403,0.12995725,0.39193708,0.47220804,-0.14589517,-0.39501497,-0.42980807,0.15762686,0.38670438,0.37501653,-0.03062568,0.00249995,-0.99952780,0.02226328,-0.01238235,0.28655490,-0.00016434,-0.12509370,-0.06161650
10106840000000,synthetic_50hz_02,342,0.02,87.61977615,86.39120281,15.55058316,15.62953207,15.67302824,3.52642840,117.65898275,1,1,0,0,1,0.17051429,0.01779394,0.28526287,0.03040615,0.04198441,-0.00037088,-0.02732684,-0.02970207,0.01823866,0.02345967,0.01656341,-0.03558062,-0.01891616,-0.00294722,0.05189677,0.01382728,-0.01075394,-0.06671671,-0.00833976,0.02414506,0.07961318,0.03722800,0.16215393,-0.24700954,-0.03467013,0.08900139,-0.21581909,0.03117743,0.13896101,-0.28070752,-0.02685391,0.11360211,-0.18389429,0.02182616,0.11368074,-0.30992345,-0.01623966,0.13881513,-0.15824646,-0.07636549,-0.33764776,-0.51680749,0.10042983,0.36752820,0.50905064,-0.12159872,-0.38681264,-0.48661762,0.13926187,0.39494509,0.45015519,-0.15291003,-0.39169108,-0.40071458,0.16214973,0.37714444,0.33972117,-0.03053693,0.00219240,-0.99953124,0.02231826,-0.01283944,0.28526287,0.00159616,-0.12521647,-0.06221345
10106860000000,synthetic_50hz_02,343,0.02,88.04484422,86.72193110,15.60201009,15.67302824,15.70998820,3.53714038,117.62808511,1,1,0,0,1,0.17072223,0.01527835,0.28395916,0.02875555,0.03512340,-0.01056686,-0.02521595,-0.02230952,0.02819712,0.02094936,0.00885245,-0.04501444,-0.01607879,0.00485984,0.06053397,0.01074467,-0.01843202,-0.07430828,-0.00510077,0.03147279,0.08594024,0.03555136,0.15524333,-0.25723307,-0.03253942,0.09644291,-0.20582754,0.02865391,0.13120268,-0.29017932,-0.02401022,0.12145398,-0.17521499,0.01874422,0.10596129,-0.31756040,-0.01300833,0.14617996,-0.15187165,-0.09035966,-0.35586502,-0.51417144,0.11285535,0.37980345,0.49801434,-0.13209737,-0.39279198,-0.46749927,0.14753096,0.39445613,0.42350596,-0.15871116,-0.38474792,-0.36730279,0.16531565,0.36394725,0.30051010,-0.03044699,0.00188390,-0.99953461,0.02236602,-0.01329400,0.28395916,0.00335634,-0.12532911,-0.06280786
10106880000000,synthetic_50hz_02,344,0.02,88.04953472,86.98745182,15.64736090,15.70998820,15.75722583,3.54789578,117.59762743,1,1,0,0,1,0.17096531,0.01276152,0.28264382,0.02679025,0.02776156,-0.02090686,-0.02281316,-0.01452591,0.03812526,0.01817835,0.00087148,-0.05424449,-0.01301945,0.01280807,0.06879983,0.00748519,-0.02611837,-0.08137164,-0.00173514,0.03867566,0.09159746,0.03355976,0.14783190,-0.26760036,-0.03011653,0.10427553,-0.19586653,0.02586940,0.12317426,-0.29944715,-0.02094424,0.12944716,-0.16690719,0.01548512,0.09823341,-0.32466901,-0.00965007,0.15342012,-0.14616676,-0.10383234,-0.37114161,-0.50659051,0.12450811,0.38876793,0.48198465,-0.14159425,-0.39518590,-0.44348295,0.15459816,0.39021047,0.39219543,-0.16314494,-0.37398509,-0.32960073,0.16698817,0.34697755,0.25750349,-0.03035588,0.00157459,-0.99953791,0.02240652,-0.01374596,0.28264382,0.00511586,-0.12543159,-0.06339970
10106900000000,synthetic_50hz_02,345,0.02,88.00879870,87.19172120,15.69350417,15.75722583,15.81394732,3.55869258,117.56761078,1,1,0,0,1,0.17124348,0.01024366,0.28131690,0.02450905,0.01994481,-0.03128470,-0.02012389,-0.00641012,0.04790860,0.01515855,-0.00730938,-0.06315127,-0.00975618,0.02081814,0.07657326,0.00407254,-0.03372671,-0.08778760,0.00172851,0.04566292,0.09647099,0.03125200,0.13996555,-0.27800524,-0.02740688,0.11244039,-0.18605056,0.02283580,0.11494586,-0.30839151,-0.01767404,0.13750231,-0.15909199,0.01207253,0.09058336,-0.33113011,-0.00619348,0.16044488,-0.14124565,-0.11659469,-0.38308697,-0.49377760,0.13520060,0.39407343,0.46076467,-0.14990862,-0.39369856,-0.41446768,0.16029471,0.38197318,0.35622140,-0.16605942,-0.35923533,-0.28770509,0.16703656,0.32614057,0.21089410,-0.03026363,0.00126460,-0.99954115,0.02243977,-0.01419523,0.28131690,0.00687438,-0.12552391,-0.06398894
10106920000000,synthetic_50hz_02,346,0.02,88.46588767,87.44655449,15.74409029,15.81394732,15.85888281,3.56952972,117.53803608,1,1,0,0,1,0.17155668,0.00772496,0.27997846,0.02191557,0.01173183,-0.04158083,-0.01715876,0.00196663,0.05742113,0.01190725,-0.01560839,-0.07160595,-0.00631245,0.02880016,0.08372634,0.00053567,-0.04116160,-0.09343286,0.00525657,0.05233633,0.10044567,0.02863170,0.13170297,-0.28832814,-0.02442108,0.12086625,-0.17650563,0.01957041,0.10659921,-0.31688357,-0.01422307,0.14552952,-0.15189730,0.00853541,0.08310661,-0.33682037,-0.00267219,0.16715598,-0.13722348,-0.12844580,-0.39131478,-0.47549225,0.14473737,0.39538626,0.43421460,-0.15685609,-0.38805857,-0.38041834,0.16445257,0.36954296,0.31565443,-0.16730781,-0.34037327,-0.24179007,0.16533949,0.30139045,0.16095478,-0.03017025,0.00095406,-0.99954432,0.02246575,-0.01464171,0.27997846,0.00863156,-0.12560607,-0.06457556
10106940000000,synthetic_50hz_02,347,0.02,89.04430720,87.76610503,15.79230315,15.85888281,15.88933863,3.58040600,117.50890415,1,1,0,0,1,0.17190486,0.00520564,0.27862855,0.01901897,0.00319468,-0.05166279,-0.01393413,0.01052042,0.06652628,0.00844756,-0.02393221,-0.07947179,-0.00271744,0.03665402,0.09012608,-0.00309102,-0.04831908,-0.09818200,0.00881036,0.05859107,0.10340729,0.02570802,0.12311622,-0.29843662,-0.02117551,0.12946918,-0.16736831,0.01609633,0.09822768,-0.32478657,-0.01062051,0.15342871,-0.14545613,0.00490817,0.07590710,-0.34161438,0.00087515,0.17344862,-0.13421446,-0.13917514,-0.39545183,-0.45155314,0.15291788,0.39239671,0.40226364,-0.16225192,-0.37802860,-0.34137669,0.16690817,0.35276176,0.27064769,-0.16675238,-0.31732463,-0.19211580,0.16178903,0.27273888,0.10804511,-0.03007575,0.00064311,-0.99954742,0.02248445,-0.01508533,0.27862855,0.01038704,-0.12567805,-0.06515953
10106960000000,synthetic_50hz_02,348,0.02,88.73230686,87.95934540,15.83305805,15.88933863,15.94163008,3.59131952,117.48021571,1,1,0,0,1,0.17228795,0.00268590,0.27726723,0.01583454,-0.00558067,-0.06138623,-0.01047262,0.01915450,0.07507832,0.00480878,-0.03217609,-0.08660586,0.00099371,0.04427004,0.09563653,-0.00676755,-0.05508765,-0.10190994,0.01234627,0.06431707,0.10524524,0.02249626,0.11429128,-0.30818632,-0.01769278,0.13815246,-0.15878434,0.01244286,0.08993599,-0.33195762,-0.00690151,0.16109018,-0.13990442,0.00123078,0.06909632,-0.34538705,0.00440492,0.17921271,-0.13232919,-0.14856561,-0.39514823,-0.42185111,0.15954017,0.38482946,0.36492219,-0.16591511,-0.36341587,-0.29747240,0.16750664,0.33152484,0.22144634,-0.16426888,-0.29007579,-0.13903588,0.15629517,0.24026372,0.05261695,-0.02998017,0.00033188,-0.99955044,0.02249586,-0.01552598,0.27726723,0.01214049,-0.12573985,-0.06574084
10106980000000,synthetic_50hz_02,349,0.02,88.61831598,88.09113951,15.87865830,15.94163008,16.00348305,3.60226931,117.45197132,1,1,0,0,1,0.17270586,0.00016594,0.27589455,0.01238431,-0.01449423,-0.07059629,-0.00680357,0.02775959,0.08292421,0.00102668,-0.04022463,-0.09286139,0.00477982,0.05152997,0.10012134,-0.01044850,-0.06134968,-0.10449474,0.01581596,0.06940064,0.10585551,0.01901844,0.10532812,-0.31742238,-0.01400223,0.14680678,-0.15090674,0.00864579,0.08183958,-0.33824992,-0.00310725,0.16839569,-0.13537851,-0.00245134,0.06279194,-0.34801645,0.00786876,0.18433458,-0.13167171,-0.15639744,-0.39008873,-0.38636259,0.16440511,0.37245497,0.32229397,-0.16767290,-0.34408315,-0.24893346,0.16610661,0.30579126,0.16839608,-0.15975138,-0.25868326,-0.08300377,0.14879045,0.20411730,-0.00478158,-0.02988350,0.00002051,-0.99955339,0.02249998,-0.01596360,0.27589455,0.01389156,-0.12579147,-0.06631945
10107000000000,synthetic_50hz_02,350,0.02,88.84605535,88.24212268,15.93108470,16.00348305,16.06681976,3.61325546,117.46183591,1,1,0,0,1,0.17315853,-0.00235403,0.27451057,0.00869753,-0.02343222,-0.07912962,-0.00296330,0.03621451,0.08990606,-0.00285636,-0.04795272,-0.09809046,0.00859367,0.05830844,0.10344688,-0.01408322,-0.06698309,-0.10582087,0.01916674,0.07372659,0.10514400,0.01530381,0.09634055,-0.32598144,-0.01014019,0.15531096,-0.14389344,0.00474749,0.07406352,-0.34351555,0.00071506,0.17521985,-0.13201205,-0.00608753,0.05711602,-0.34938705,0.01121401,0.18869901,-0.13233610,-0.16245271,-0.38000507,-0.34516295,0.16732132,0.35510151,0.27458759,-0.16736597,-0.31996021,-0.19609574,0.16258538,0.27559431,0.11195035,-0.15311738,-0.22328290,-0.02457739,0.13923494,0.16453413,-0.06350416,-0.02978578,-0.00029088,-0.99955626,0.02249682,-0.01639808,0.27451057,0.01563990,-0.12583290,-0.06689534
10107020000000,synthetic_50hz_02,351,0.02,88.73989343,88.34167683,15.98809342,16.06681976,16.13853684,3.62427860,117.47479740,1,1,0,0,1,0.17364586,-0.00487381,0.27311535,0.00481101,-0.03226765,-0.08681691,0.00100466,0.04438725,0.09586401,-0.00679137,-0.05522714,-0.10214731,0.01238228,0.06447481,0.10548565,-0.01761620,-0.07186363,-0.10578279,0.02234224,0.07718060,0.10303017,0.01138919,0.08745554,-0.33369421,-0.00615017,0.16353300,-0.13790426,0.00079691,0.06674107,-0.34760874,0.00451243,0.18143204,-0.12993253,-0.00962230,0.05219280,-0.34939330,0.01438428,0.19219170,-0.13440290,-0.16652072,-0.36468908,-0.29843936,0.16811076,0.33266770,0.22212727,-0.16485409,-0.29105536,-0.13941115,0.15684460,0.24105175,0.05267574,-0.14431321,-0.18409851,0.03557833,0.12762119,0.12183762,-0.12280666,-0.02968703,-0.00060213,-0.99955906,0.02248637,-0.01682936,0.27311535,0.01738518,-0.12586414,-0.06746850
10107040000000,synthetic_50hz_02,352,0.02,89.13767696,88.50087686,16.05127966,16.13853684,16.19721174,3.63534004,117.48819765,1,1,0,0,1,0.17416775,-0.00739320,0.27170894,0.00076934,-0.04086154,-0.09348608,0.00504965,0.05213657,0.10063981,-0.01072306,-0.06190847,-0.10489205,0.01608732,0.06989553,0.10612021,-0.02098777,-0.07586747,-0.10428887,0.02528313,0.07965211,0.09945083,0.00731916,0.07881210,-0.34038858,-0.00208285,0.17133165,-0.13309748,-0.00315063,0.06001162,-0.35038962,0.00822653,0.18689869,-0.12925740,-0.01299595,0.04814613,-0.34794357,0.01732024,0.19470208,-0.13793531,-0.16840397,-0.34400635,-0.24650256,0.16661488,0.30513506,0.16536194,-0.16002221,-0.25746659,-0.07945386,0.14881603,0.20237523,-0.00874491,-0.13331941,-0.14144931,0.09669156,0.11397913,0.07644533,-0.18185055,-0.02958726,-0.00091313,-0.99956178,0.02246863,-0.01725733,0.27170894,0.01912705,-0.12588518,-0.06803889
10107060000000,synthetic_50hz_02,353,0.02,89.40768651,88.68223879,16.11257113,16.19721174,16.25022027,3.64644060,117.50203351,1,1,0,0,1,0.17472410,-0.00991199,0.27029140,-0.00337508,-0.04906448,-0.09896598,0.00911402,0.05931409,0.10408079,-0.01459020,-0.06785364,-0.10619490,0.01964573,0.07443695,0.10524737,-0.02413487,-0.07887420,-0.10126550,0.02792819,0.08103748,0.09436411,0.00314614,0.07055960,-0.34589342,0.00200412,0.17855853,-0.12962576,-0.00703391,0.05401826,-0.35172840,0.01179431,0.19148616,-0.13008985,-0.01614545,0.04509642,-0.34496425,0.01996068,0.19612650,-0.14297521,-0.16792476,-0.31790995,-0.18979713,0.16270116,0.27258033,0.10487230,-0.15278681,-0.21939210,-0.01692395,0.13846754,0.15987870,-0.07151232,-0.12015619,-0.09575592,0.15788686,0.09838068,0.02887244,-0.23970945,-0.02948649,-0.00122373,-0.99956443,0.02244361,-0.01768192,0.27029140,0.02086518,-0.12589602,-0.06860650
10107080000000,synthetic_50hz_02,354,0.02,90.24415089,88.99462121,16.17038377,16.25022027,16.27721576,3.65758053,117.51630169,1,1,0,0,1,0.17531481,-0.01242997,0.26886279,-0.00756228,-0.05671893,-0.10309072,0.01313364,0.06576696,0.10604436,-0.01832634,-0.07291889,-0.10594069,0.02299069,0.07796854,0.10278270,-0.02699221,-0.08077031,-0.09666144,0.03021553,0.08124344,0.08775338,-0.00106992,0.06285561,-0.35004284,0.00604661,0.18506080,-0.12763169,-0.01078649,0.04890476,-0.35150990,0.01514893,0.19506390,-0.13251430,-0.01900549,0.04315717,-0.34040410,0.02224371,0.19637172,-0.14953921,-0.16493239,-0.28645391,-0.12890938,0.15627004,0.23518699,0.04137513,-0.14310235,-0.17713952,0.04735199,0.12580895,0.11398504,-0.13471393,-0.10488842,-0.04754431,0.21819200,0.08094391,-0.02026714,-0.29537950,-0.02938474,-0.00153380,-0.99956700,0.02241132,-0.01810304,0.26886279,0.02259921,-0.12589667,-0.06917129
10107100000000,synthetic_50hz_02,355,0.02,90.32178957,89.26005488,16.21525321,16.27721576,16.31244887,3.66875839,117.53099879,1,1,0,0,1,0.17593975,-0.01494695,0.26742317,-0.01172516,-0.06366205,-0.10570457,0.01703858,0.07134106,0.10640298,-0.02186078,-0.07696327,-0.10403374,0.02605271,0.08036659,0.09866516,-0.02949354,-0.08145290,-0.09045202,0.03208405,0.08019089,0.07963111,-0.00526190,0.05586297,-0.35268109,0.00997470,0.19068431,-0.12724281,-0.01433765,0.04481205,-0.34963845,0.01822092,0.19750822,-0.13659180,-0.02150983,0.04243130,-0.33423845,0.02410822,0.19535860,-0.15761486,-0.15931058,-0.24980582,-0.06457240,0.14726195,0.19325540,-0.02427571,-0.13096770,-0.13113333,0.11242394,0.11089758,0.06523064,-0.19733093,-0.08763024,0.00255269,0.27654878,0.06183647,-0.07026242,-0.34779360,-0.02928203,-0.00184321,-0.99956949,0.02237177,-0.01852062,0.26742317,0.02432882,-0.12588712,-0.06973326
10107120000000,synthetic_50hz_02,356,0.02,90.58027229,89.52409836,16.25607539,16.31244887,16.34781934,3.67997251,117.54612132,1,1,0,0,1,0.17659881,-0.01746272,0.26597260,-0.01579028,-0.06972907,-0.10666716,0.02075418,0.07588472,0.10504932,-0.02511973,-0.07985259,-0.10040286,0.02876107,0.08151826,0.09286174,-0.03157321,-0.08083372,-0.08264337,0.03347508,0.07781871,0.07004236,-0.00935637,0.04974645,-0.35366783,0.01371371,0.19527743,-0.12856646,-0.01761362,0.04187434,-0.34604286,0.02093954,0.19870628,-0.14235537,-0.02359282,0.04300704,-0.32647342,0.02549555,0.19302604,-0.16715709,-0.15098510,-0.20825798,0.00233266,0.13566426,0.14721110,-0.09109233,-0.11643216,-0.08192005,0.17722576,0.09384326,0.01426721,-0.25824969,-0.06854882,0.05379696,0.33182816,0.04127808,-0.12031014,-0.39583987,-0.02917839,-0.00215182,-0.99957191,0.02232497,-0.01893457,0.26597260,0.02605365,-0.12586737,-0.07029236
10107140000000,synthetic_50hz_02,357,0.02,90.41990407,89.70325950,16.29460785,16.34781934,16.39988614,3.69122120,117.56166563,1,1,0,0,1,0.17729186,-0.01997707,0.26451113,-0.01967891,-0.07475735,-0.10585920,0.02420229,0.07925301,0.10190173,-0.02802791,-0.08146377,-0.09500638,0.03104547,0.08132589,0.08537196,-0.03316797,-0.07884335,-0.07327622,0.03433423,0.07408772,0.05906790,-0.01327461,0.04466869,-0.35288373,0.01718551,0.19869518,-0.13168429,-0.02053910,0.04021469,-0.34068144,0.02323451,0.19856040,-0.14980549,-0.02519121,0.04495383,-0.31714974,0.02635131,0.18933486,-0.17808515,-0.13993134,-0.16223657,0.07077948,0.12151785,0.09761055,-0.15796038,-0.09960095,-0.03017037,0.24058721,0.07481250,-0.03813963,-0.31627780,-0.04786718,0.10535005,0.38284995,0.01954182,-0.16952318,-0.43838435,-0.02907382,-0.00245950,-0.99957424,0.02227093,-0.01934480,0.26451113,0.02777338,-0.12583743,-0.07084859
10107160000000,synthetic_50hz_02,358,0.02,90.67019553,89.89664671,16.33882473,16.39988614,16.45067251,3.70250382,117.57762798,1,1,0,0,1,0.17801875,-0.02248980,0.26303882,-0.02330845,-0.07859089,-0.10318822,0.02730293,0.08131233,0.09690958,-0.03051025,-0.08168950,-0.08783700,0.03283795,0.07971153,0.07623203,-0.03421892,-0.07543543,-0.06242926,0.03461334,0.06898450,0.04682663,-0.01693399,0.04078568,-0.35023635,0.02031011,0.20080399,-0.13664691,-0.02303903,0.03994043,-0.33354691,0.02503787,0.19699263,-0.15890594,-0.02624609,0.04831802,-0.30634610,0.02662734,0.18427162,-0.19028012,-0.12618140,-0.11230794,0.13960452,0.10492306,0.04514366,-0.22365175,-0.08063975,0.02332213,0.30125100,0.05403155,-0.09111553,-0.37016505,-0.02586560,0.15628203,0.42840706,-0.00304607,-0.21694285,-0.47429790,-0.02896836,-0.00276612,-0.99957650,0.02220969,-0.01975125,0.26303882,0.02948767,-0.12579729,-0.07140191
10107180000000,synthetic_50hz_02,359,0.02,90.81250914,90.07981919,16.38580080,16.45067251,16.50584751,3.71382018,117.59400452,1,1,0,0,1,0.17877936,-0.02500072,0.26155574,-0.02659409,-0.08108537,-0.09859446,0.02997615,0.08194548,0.09005859,-0.03249399,-0.08044307,-0.07892629,0.03407501,0.07662144,0.06551850,-0.03467363,-0.07059078,-0.05022179,0.03427259,0.06252496,0.03347716,-0.02024973,0.03824177,-0.34566593,0.02300756,0.20148665,-0.14346863,-0.02504064,0.04113827,-0.32467083,0.02628609,0.19394924,-0.16958017,-0.02670503,0.05311879,-0.29418180,0.02628380,0.17785225,-0.20358340,-0.10983059,-0.05918158,0.20752041,0.08604469,-0.00936744,-0.28684270,-0.05977809,0.07764639,0.35789519,0.03178805,-0.14368675,-0.41862939,-0.00288155,0.20558456,0.46729431,-0.02610802,-0.26155527,-0.50248692,-0.02886203,-0.00307154,-0.99957869,0.02214124,-0.02015382,0.26155574,0.03119617,-0.12574697,-0.07195231
10107200000000,synthetic_50hz_02,360,0.02,90.86256813,90.23636898,16.43622042,16.50584751,16.56972653,3.72517056,117.61079126,1,1,0,0,1,0.17957352,-0.02750961,0.26006195,-0.02945095,-0.08211347,-0.09205652,0.03214428,0.08105680,0.08137563,-0.03391089,-0.07766323,-0.06834864,0.03469982,0.07203059,0.05335112,-0.03448835,-0.06432127,-0.03681547,0.03328256,0.05475754,0.01921842,-0.02313692,0.03716426,-0.33915104,0.02520018,0.20064750,-0.15212257,-0.02647570,0.04386946,-0.31412759,0.02692237,0.18940519,-0.18170844,-0.02652429,0.05934429,-0.28081851,0.02529130,0.17012519,-0.21779607,-0.09104279,-0.00370892,0.27313530,0.06511563,-0.06497403,-0.34613776,-0.03731116,0.13178374,0.40916090,0.00843098,-0.19479407,-0.46038775,0.02069226,0.25218839,0.49834140,-0.04921893,-0.30231200,-0.52192764,-0.02875484,-0.00337563,-0.99958080,0.02206562,-0.02055245,0.26006195,0.03289857,-0.12568646,-0.07249977
10107220000000,synthetic_50hz_02,361,0.02,91.05843070,90.40078133,16.49229299,16.56972653,16.63710710,3.73655590,117.62798413,1,1,0,0,1,0.18040109,-0.03001627,0.25855751,-0.03179629,-0.08157045,-0.08359650,0.03373428,0.07857744,0.07093292,-0.03469969,-0.07331901,-0.05622431,0.03466469,0.06594675,0.03989473,-0.03363029,-0.05667323,-0.02241496,0.03162631,0.04576578,0.00428896,-0.02551284,0.03765790,-0.33071381,0.02681494,0.19821768,-0.16253650,-0.02728295,0.04816497,-0.30203745,0.02689900,0.18336826,-0.19512592,-0.02567109,0.06694818,-0.26646086,0.02363289,0.16117396,-0.23267956,-0.07005447,0.05312259,0.33497836,0.04243891,-0.12061131,-0.40009937,-0.01359981,0.18462276,0.45368534,-0.01563138,-0.24331144,-0.49419135,0.04441191,0.29498534,0.52044959,-0.07191202,-0.33815467,-0.53170302,-0.02864681,-0.00367826,-0.99958283,0.02198286,-0.02094704,0.25855751,0.03459451,-0.12561576,-0.07304425
10107240000000,synthetic_50hz_02,362,0.02,91.32888104,90.58640127,16.55311491,16.63710710,16.70690060,3.74797757,117.64557892,1,1,0,0,1,0.18126189,-0.03252049,0.25704247,-0.03355221,-0.07937977,-0.07328460,0.03468036,0.07447046,0.05885142,-0.03480865,-0.06741413,-0.04272153,0.03393340,0.05841422,0.02535995,-0.03207982,-0.04773020,-0.00726723,0.02930138,0.03567010,-0.01103500,-0.02729958,0.03979922,-0.32042442,0.02778605,0.19416025,-0.17458948,-0.02741065,0.05402108,-0.28856863,0.02617978,0.17588273,-0.20962198,-0.02412578,0.07584690,-0.25135584,0.02130610,0.15111898,-0.24795769,-0.04717682,0.11020069,0.39153150,0.01838767,-0.17511424,-0.44728324,0.01093162,0.23497917,0.49013960,-0.03993574,-0.28806953,-0.51886500,0.06778849,0.33285472,0.53263129,-0.09368687,-0.36804354,-0.53104157,-0.02853797,-0.00397929,-0.99958480,0.02189297,-0.02133753,0.25704247,0.03628367,-0.12553490,-0.07358574
10107260000000,synthetic_50hz_02,363,0.02,91.16948622,90.70301826,16.61770490,16.70690060,16.79768858,3.75943717,117.66357132,1,1,0,0,1,0.18215577,-0.03502209,0.25551691,-0.03464835,-0.07549853,-0.06124263,0.03492672,0.06873556,0.04530294,-0.03419814,-0.05999091,-0.02805716,0.03248361,0.04951670,0.01000247,-0.02983256,-0.03761489,0.00834060,0.02632143,0.02462863,-0.02644320,-0.02842678,0.04363113,-0.30840468,0.02805771,0.18847492,-0.18810968,-0.02681916,0.06139548,-0.27393800,0.02474236,0.16703230,-0.22494092,-0.02188398,0.08591778,-0.23579057,0.01832460,0.14011839,-0.26332016,-0.02279583,0.16630520,0.44126714,-0.00659708,-0.22723881,-0.48627874,0.03579980,0.28162102,0.51727069,-0.06397040,-0.32788396,-0.53334948,0.09029669,0.36469386,0.53405156,-0.11401969,-0.39098946,-0.51935669,-0.02842834,-0.00427860,-0.99958668,0.02179599,-0.02172384,0.25551691,0.03796573,-0.12544386,-0.07412422
10107280000000,synthetic_50hz_02,364,0.02,91.99976294,90.96236720,16.69329805,16.79768858,16.87051598,3.77093740,117.68195691,1,1,0,0,1,0.18308255,-0.03752085,0.25398088,-0.03502482,-0.06992254,-0.04764631,0.03443030,0.06141327,0.03051097,-0.03284314,-0.05113342,-0.01249598,0.03030910,0.03937938,-0.00587927,-0.02690123,-0.02649001,0.02408502,0.02271778,0.01283692,-0.04159639,-0.02883455,0.04915784,-0.29483033,0.02758684,0.18120221,-0.20287364,-0.02548346,0.07020409,-0.25841034,0.02258050,0.15694218,-0.24078432,-0.01895841,0.09699810,-0.22008854,0.01471971,0.12836772,-0.27842775,0.00263020,0.22013082,0.48269147,-0.03201137,-0.27568898,-0.51575386,0.06046963,0.32329890,0.53394682,-0.08718452,-0.36158796,-0.53674584,0.11138584,0.38945227,0.52407024,-0.13237586,-0.40608849,-0.49628544,-0.02831793,-0.00457606,-0.99958850,0.02169194,-0.02210589,0.25398088,0.03964034,-0.12534267,-0.07465966
10107300000000,synthetic_50hz_02,365,0.02,92.38407682,91.24670912,16.76772958,16.87051598,16.94863858,3.78248032,117.70073115,1,1,0,0,1,0.18404204,-0.04001657,0.25243445,-0.03463513,-0.06269070,-0.03272614,0.03316343,0.05258824,0.01474978,-0.03073561,-0.04096963,0.00365183,0.02742167,0.02816985,-0.02194815,-0.02331715,-0.01455792,0.03961169,0.01854038,0.00052628,-0.05613321,-0.02847640,0.05634042,-0.27993184,0.02634579,0.17242677,-0.21860707,-0.02339551,0.08031896,-0.24229582,0.01970603,0.14577994,-0.25681506,-0.01538040,0.10888548,-0.20460411,0.01054138,0.11609831,-0.29291909,0.02857589,0.27031592,0.51439241,-0.05729588,-0.31914897,-0.53450357,0.08436400,0.35878081,0.53920475,-0.10899987,-0.38806882,-0.52836041,0.13049323,0.40616864,0.50228318,-0.14822440,-0.41255842,-0.46172490,-0.02820678,-0.00487153,-0.99959025,0.02158087,-0.02248360,0.25243445,0.04130718,-0.12523132,-0.07519204
10107320000000,synthetic_50hz_02,366,0.02,92.67407469,91.53218224,16.84371136,16.94863858,17.03682114,3.79406782,117.71988939,1,1,0,0,1,0.18503406,-0.04250904,0.25087768,-0.03344903,-0.05388858,-0.01676635,0.03111636,0.04239155,-0.00165826,-0.02788658,-0.02967234,0.02003506,0.02385282,0.01609767,-0.03783425,-0.01913138,-0.00205890,0.05454265,0.01385836,-0.01203923,-0.06967857,-0.02732208,0.06509333,-0.26399346,0.02432480,0.16227967,-0.23498760,-0.02056635,0.09156726,-0.22594563,0.01615044,0.13375515,-0.27266321,-0.01120100,0.12133966,-0.18971522,0.00585873,0.10357419,-0.30641908,0.05445697,0.31547707,0.53509122,-0.08184656,-0.35632052,-0.54150029,0.10687648,0.38689109,0.53229766,-0.12882510,-0.40630741,-0.50774864,0.14705963,0.41400970,0.46856099,-0.16105437,-0.40977590,-0.41586451,-0.02809490,-0.00516489,-0.99959193,0.02146281,-0.02285691,0.25087768,0.04296593,-0.12510983,-0.07572135
10107340000000,synthetic_50hz_02,367,0.02,92.94062491,91.81387077,16.92481747,17.03682114,17.13531161,3.80570210,117.73942689,1,1,0,0,1,0.18605841,-0.04499808,0.24931063,-0.03145518,-0.04365073,-0.00010203,0.02829946,0.03100162,-0.01834738,-0.02432785,-0.01745872,0.03626783,0.01965486,0.00341247,-0.05314266,-0.01441520,0.01073216,0.06848537,0.00875996,-0.02456738,-0.08185361,-0.02536024,0.07528200,-0.24735027,0.02153424,0.15093934,-0.25164947,-0.01702777,0.10373187,-0.20974570,0.01196603,0.12111741,-0.28793388,-0.00649152,0.13408576,-0.17581441,0.00076000,0.09108761,-0.31854889,0.07964164,0.35424878,0.54369617,-0.10502807,-0.38596442,-0.53594474,0.12738650,0.40655253,0.51274177,-0.14607231,-0.41541953,-0.47475621,0.16054678,0.41230980,0.42308321,-0.17039262,-0.39731299,-0.35921253,-0.02798232,-0.00545601,-0.99959354,0.02133779,-0.02322574,0.24931063,0.04461625,-0.12497821,-0.07624755
10107360000000,synthetic_50hz_02,368,0.02,92.96602236,92.04430109,17.01322501,17.13531161,17.25133918,3.81738588,117.75933878,1,1,0,0,1,0.18711489,-0.04748347,0.24773337,-0.02866345,-0.03216164,0.01688597,0.02474500,0.01864364,-0.03491522,-0.02011315,-0.00458814,0.05193784,0.01490143,-0.00959964,-0.06746308,-0.00926009,0.02351066,0.08104332,0.00335177,-0.03674386,-0.09228705,-0.02260074,0.08672196,-0.23038313,0.01800639,0.13863096,-0.26819031,-0.01283350,0.11655338,-0.19410828,0.00722644,0.10815286,-0.30221676,-0.00134338,0.14681916,-0.16329820,-0.00464819,0.07895286,-0.32893723,0.10346500,0.38532780,0.53935661,-0.12619009,-0.40694526,-0.51731540,0.14527707,0.41683029,0.48035975,-0.16017564,-0.41469792,-0.42955510,0.17045628,0.40060960,0.36636617,-0.17582258,-0.37497153,-0.29261474,-0.02786905,-0.00574475,-0.99959509,0.02120586,-0.02359002,0.24773337,0.04625783,-0.12483646,-0.07677063
10107380000000,synthetic_50hz_02,369,0.02,93.65913350,92.36726757,17.11323296,17.25133918,17.35465825,3.82912284,117.77962008,1,1,0,0,1,0.18820330,-0.04996501,0.24614597,-0.02510675,-0.01965501,0.03377833,0.02050836,0.00558724,-0.05093171,-0.01531870,0.00864160,0.06661671,0.00968740,-0.02262130,-0.08038112,-0.00377680,0.03594882,0.09182810,-0.00224268,-0.04823992,-0.10062763,-0.01907653,0.09917950,-0.21351134,0.01379661,0.12562416,-0.28418007,-0.00805976,0.12973400,-0.17946178,0.00202656,0.09517885,-0.31509745,0.00413261,0.15921210,-0.15255500,-0.01024235,0.06749870,-0.33723283,0.12524643,0.40752069,0.52151520,-0.14468621,-0.41827817,-0.48541435,0.15995462,0.41697650,0.43531878,-0.17061146,-0.40365320,-0.37267277,0.17634949,0.37869239,0.29928242,-0.17700328,-0.34281370,-0.21726362,-0.02775512,-0.00603100,-0.99959657,0.02106706,-0.02394968,0.24614597,0.04789034,-0.12468460,-0.07729056
10107400000000,synthetic_50hz_02,370,0.02,94.22537900,92.73888986,17.21463158,17.35465825,17.44973684,3.84091620,117.80026573,1,1,0,0,1,0.18932342,-0.05244251,0.24454848,-0.02084235,-0.00641123,0.05012682,0.01566855,-0.00785764,-0.06595008,-0.01004302,0.02189997,0.07987198,0.00412795,-0.03531091,-0.09149113,0.00190614,0.04770383,0.10047255,-0.00788527,-0.05872142,-0.10655729,-0.01484484,0.11237422,-0.19718314,0.00898392,0.11222888,-0.29917197,-0.00280507,0.14294321,-0.16623864,-0.00351846,0.08253697,-0.32617032,0.00980795,0.17092175,-0.14395196,-0.01588434,0.05705926,-0.34311764,0.14430976,0.41979332,0.48995621,-0.15989496,-0.41917591,-0.44040715,0.17087031,0.40647345,0.37816093,-0.17691939,-0.38205218,-0.30501217,0.17786780,0.34661617,0.22306975,-0.17368820,-0.30118704,-0.13469614,-0.02764055,-0.00631463,-0.99959800,0.02092143,-0.02430464,0.24454848,0.04951347,-0.12452264,-0.07780733
10107420000000,synthetic_50hz_02,371,0.02,94.31122571,93.05335703,17.31337579,17.44973684,17.55227152,3.85276823,117.82127054,1,1,0,0,1,0.19047503,-0.05491575,0.24294098,-0.01595232,0.00724713,0.06546596,0.01032800,-0.02134690,-0.07951965,-0.00440592,0.03483122,0.09128076,-0.00164319,-0.04731135,-0.10041019,0.00764492,0.05842747,0.10664476,-0.01342625,-0.06785909,-0.10980470,-0.00998775,0.12598359,-0.18186401,0.00367075,0.09878921,-0.31271532,0.00281077,0.15582527,-0.15486175,-0.00927487,0.07058434,-0.33505245,0.01553884,0.18159992,-0.13782099,-0.02142441,0.04796380,-0.34632034,0.16000565,0.42132070,0.44484721,-0.17124257,-0.40909448,-0.38285437,0.17754249,0.38507388,0.30982366,-0.17872377,-0.34995142,-0.22786059,0.17475237,0.30473970,0.13932820,-0.16574277,-0.25074219,-0.04677890,-0.02752537,-0.00659551,-0.99959936,0.02076903,-0.02465483,0.24294098,0.05112689,-0.12435059,-0.07832091
10107440000000,synthetic_50hz_02,372,0.02,94.65018421,93.37272246,17.41371200,17.55227152,17.64606904,3.86468103,117.84262922,1,1,0,0,1,0.19165791,-0.05738455,0.24132352,-0.01054325,0.02096198,0.07932672,0.00461138,-0.03451031,-0.09120029,0.00145344,0.04706370,0.10044451,-0.00747636,-0.05826022,-0.10679287,0.01328373,0.06777707,0.11006234,-0.01870812,-0.07533987,-0.11015867,-0.00461184,0.13964948,-0.16802298,-0.00201824,0.08567539,-0.32437000,0.00864858,0.16800851,-0.14572966,-0.01509301,0.05968336,-0.34139839,0.02116944,0.19090393,-0.13444447,-0.02670506,0.04052541,-0.34662972,0.17173563,0.41153489,0.38677169,-0.17822657,-0.38777530,-0.31373252,0.17957916,0.35283598,0.23164830,-0.17575440,-0.30772423,-0.14288554,0.16686256,0.25374065,0.05000333,-0.15315999,-0.19244160,0.04432050,-0.02740959,-0.00687352,-0.99960067,0.02060989,-0.02500020,0.24132352,0.05273030,-0.12416847,-0.07883129
10107460000000,synthetic_50hz_02,373,0.02,94.88238951,93.67465587,17.51130196,17.64606904,17.73151616,3.87665595,117.86433638,1,1,0,0,1,0.19287182,-0.05984871,0.23969618,-0.00474495,0.03434824,0.09125178,-0.00133646,-0.04696143,-0.10057807,0.00737934,0.05822070,0.10700464,-0.01320947,-0.06780144,-0.11034623,0.01865876,0.07542744,0.11050648,-0.02357011,-0.08087882,-0.10748078,0.00115306,0.15298684,-0.15611737,-0.00793819,0.07327385,-0.33372209,0.01455266,0.17911625,-0.13920095,-0.02081080,0.05019011,-0.34491523,0.02653597,0.19850858,-0.13404123,-0.03156553,0.03502900,-0.34390739,0.17897711,0.39016914,0.31675016,-0.18043959,-0.35528166,-0.23444190,0.17669991,0.31015126,0.14537456,-0.16786588,-0.25607904,-0.05211601,0.15419221,0.19462395,-0.04264507,-0.13607311,-0.12755776,0.13617668,-0.02729324,-0.00714854,-0.99960193,0.02044408,-0.02534066,0.23969618,0.05432336,-0.12397630,-0.07933843
10107480000000,synthetic_50hz_02,374,0.02,94.88506957,93.91673861,17.60379192,17.73151616,17.81376978,3.88869346,117.88638653,1,1,0,0,1,0.19411653,-0.06230801,0.23805902,0.00129179,0.04700449,0.10081214,-0.00735354,-0.05830920,-0.10728170,0.01320328,0.06793282,0.11065829,-0.01867236,-0.07559791,-0.11084454,0.02360311,0.08108347,0.10783510,-0.02785337,-0.08423136,-0.10171672,0.00715618,0.16559424,-0.14657617,-0.01392713,0.06197566,-0.34040029,0.02035450,0.18877906,-0.13557849,-0.02625808,0.04244170,-0.34537723,0.03147151,0.20411878,-0.13675333,-0.03584695,0.03171916,-0.33809902,0.18130836,0.35729568,0.23624720,-0.17759223,-0.31202733,-0.14679953,0.16875602,0.25776309,0.05311956,-0.15505451,-0.19606742,0.04209188,0.13688270,0.12871903,-0.13608979,-0.11476449,-0.05765961,0.22616416,-0.02717634,-0.00742044,-0.99960313,0.02027165,-0.02567616,0.23805902,0.05590578,-0.12377408,-0.07984232
10107500000000,synthetic_50hz_02,375,0.02,95.12646936,94.15868476,17.69198262,17.81376978,17.87972424,3.90079340,117.90877407,1,1,0,0,1,0.19539179,-0.06476227,0.23641211,0.00739855,0.05852527,0.10762434,-0.01326481,-0.06817096,-0.11099908,0.01874863,0.07585125,0.11117366,-0.02369193,-0.08134472,-0.10814306,0.02795217,0.08449298,0.10199464,-0.03140654,-0.08520527,-0.09290567,0.01322909,0.17706622,-0.13978285,-0.01981000,0.05216346,-0.34409251,0.02587749,0.19664815,-0.13509405,-0.03126175,0.03674301,-0.34263964,0.03581146,0.20748235,-0.14263433,-0.03939799,0.03078810,-0.32924380,0.17843249,0.31335498,0.14716256,-0.16953412,-0.25879510,-0.05301558,0.15574800,0.19677404,-0.04265987,-0.13747159,-0.12907989,0.13710541,0.11523181,0.05766431,-0.22759814,-0.08966985,0.01541377,0.31152911,-0.02705892,-0.00768910,-0.99960429,0.02009264,-0.02600663,0.23641211,0.05747724,-0.12356184,-0.08034295
10107520000000,synthetic_50hz_02,376,0.02,95.19423631,94.36579507,17.77083410,17.87972424,17.93532590,3.91295449,117.93149329,1,1,0,0,1,0.19669736,-0.06721128,0.23475552,0.01339356,0.06851483,0.11136785,-0.01888709,-0.07618656,-0.11149332,0.02383610,0.08166179,0.10840439,-0.02809790,-0.08478267,-0.10219011,0.03154963,0.08545923,0.09302964,-0.03409177,-0.08367195,-0.08118709,0.01919002,0.18700705,-0.13605794,-0.02540364,0.04419741,-0.34456185,0.03094231,0.20240932,-0.13789403,-0.03565154,0.03335326,-0.33665080,0.03939951,0.20840253,-0.15163969,-0.04208077,0.03236442,-0.31748119,0.17019925,0.25917403,0.05180464,-0.15627189,-0.19674321,0.04434790,0.13783915,0.12864020,-0.13922186,-0.11543243,-0.05682842,0.23008199,0.08969775,-0.01662174,-0.31430876,-0.06137704,0.08959270,0.38947385,-0.02694099,-0.00795441,-0.99960540,0.01990713,-0.02633199,0.23475552,0.05903744,-0.12333959,-0.08084028
10107540000000,synthetic_50hz_02,377,0.02,95.87397778,94.66743161,17.83992066,17.93532590,17.95627520,3.92517440,117.95453841,1,1,0,0,1,0.19803297,-0.06965485,0.23308931,0.01908703,0.07660203,0.11180170,-0.02403488,-0.08203295,-0.10861756,0.02828979,0.08509883,0.10230193,-0.03172910,-0.08571126,-0.09303689,0.03425364,0.08385260,0.08108955,-0.03579063,-0.07957643,-0.06680436,0.02484920,0.19504556,-0.13564239,-0.03052253,0.03840055,-0.34166146,0.03537308,0.20579696,-0.14402695,-0.03926625,0.03247294,-0.32746190,0.04209380,0.20674973,-0.16361997,-0.04377688,0.03650311,-0.30305457,0.15662352,0.19597181,-0.04715472,-0.13798304,-0.12739803,0.14243624,0.11536444,0.05515132,-0.23361125,-0.08941984,0.01868544,0.31805114,0.06089722,-0.09198349,-0.39332146,-0.03061890,0.16262961,0.45725215,-0.02682259,-0.00821624,-0.99960647,0.01971517,-0.02665220,0.23308931,0.06058607,-0.12310734,-0.08133431
10107560000000,synthetic_50hz_02,378,0.02,96.55390585,95.04472646,17.88878957,17.95627520,17.94709923,3.93744872,117.97790352,1,1,0,0,1,0.19939836,-0.07209277,0.23141356,0.02428726,0.08245560,0.10877985,-0.02852677,-0.08543893,-0.10232776,0.03194384,0.08595900,0.09292552,-0.03443996,-0.08400084,-0.08084419,0.03594315,0.07962090,0.06643208,-0.03641009,-0.07294545,-0.05010471,0.03001491,0.20085051,-0.13868227,-0.03498528,0.03504410,-0.33534729,0.03900394,0.20660771,-0.15343358,-0.04196034,0.03423170,-0.31523373,0.04377330,0.20247174,-0.17831744,-0.04439328,0.04317740,-0.28631119,0.13789933,0.12534982,-0.14674436,-0.11502455,-0.05263148,0.23817911,0.08883357,-0.02160426,-0.32274705,-0.06008147,0.09521713,0.39801005,0.02959720,-0.16608484,-0.46179822,0.00174038,0.23216426,0.51227254,-0.02670373,-0.00847447,-0.99960750,0.01951682,-0.02696718,0.23141356,0.06212282,-0.12286513,-0.08182500
10107580000000,synthetic_50hz_02,379,0.02,96.48510625,95.33280242,17.91327963,17.94709923,17.94046458,3.94977074,118.00158263,1,1,0,0,1,0.20079328,-0.07452486,0.22972832,0.02880747,0.08579953,0.10226417,-0.03219242,-0.08619916,-0.09269266,0.03464925,0.08411364,0.08044878,-0.03610712,-0.07960307,-0.06588553,0.03652400,0.07279752,0.04942276,-0.03588788,-0.06389317,-0.03153511,0.03450038,0.20414588,-0.14521568,-0.03862153,0.03433336,-0.32568810,0.04168588,0.20471290,-0.16594029,-0.04361044,0.03867787,-0.30023982,0.04434383,0.19560195,-0.19536658,-0.04386771,0.05227314,-0.26769800,0.11440818,0.04926665,-0.24377645,-0.08793538,0.02537752,0.32838401,0.05892737,-0.09929004,-0.40352412,-0.02822045,0.17033999,0.46703043,-0.00330008,-0.23647895,-0.51707204,0.03472546,0.29580011,0.55220622,-0.02658444,-0.00872900,-0.99960849,0.01931214,-0.02727688,0.22972832,0.06364739,-0.12261296,-0.08231234
10107600000000,synthetic_50hz_02,380,0.02,96.55177429,95.57659679,17.92469731,17.94046458,17.92934847,3.96213330,118.02556965,1,1,0,0,1,0.20221744,-0.07695091,0.22803368,0.03247306,0.08642759,0.09233454,-0.03487968,-0.08418709,-0.07990032,0.03628070,0.07951944,0.06516253,-0.03663573,-0.07255921,-0.04854608,0.03593454,0.06350707,0.03053002,-0.03419734,-0.05262398,-0.01163376,0.03813101,0.20472544,-0.15516276,-0.04127915,0.03639491,-0.31287193,0.04329361,0.20006923,-0.18125627,-0.04412171,0.04577021,-0.28286534,0.04374375,0.18626500,-0.21429896,-0.04217348,0.06358593,-0.24775320,0.08672078,-0.03000434,-0.33494613,-0.05743184,0.10419767,0.40984400,0.02648711,-0.17538693,-0.47292589,0.00522126,0.24151971,0.52237310,-0.03677910,-0.30068935,-0.55676005,0.06727657,0.35118999,0.57509535,-0.02646473,-0.00897970,-0.99960944,0.01910121,-0.02758123,0.22803368,0.06515950,-0.12235087,-0.08279630
10107620000000,synthetic_50hz_02,381,0.02,96.55754939,95.77278731,17.92665079,17.92934847,17.91591116,3.97452936,118.04985838,1,1,0,0,1,0.20367056,-0.07937072,0.22632970,0.03512908,0.08421651,0.07919503,-0.03646172,-0.07936575,-0.06426033,0.03674314,0.07222684,0.04747298,-0.03596525,-0.06300559,-0.02931697,0.03415045,0.05196786,0.01031573,-0.03135109,-0.03943188,0.00898292,0.04075186,0.20246593,-0.16831944,-0.04283130,0.04126571,-0.29720839,0.04373205,0.19272713,-0.19897530,-0.04343358,0.05537237,-0.26360141,0.04194875,0.17467918,-0.23455270,-0.03932326,0.07682179,-0.22709322,0.05559126,-0.10993430,-0.41694579,-0.02439538,0.18121570,0.47945685,-0.00750383,-0.24727258,-0.52814494,0.03918671,0.30620046,0.56160636,-0.06973981,-0.35630045,-0.57887641,0.09828228,0.39612813,0.57945719,-0.02634464,-0.00922646,-0.99961037,0.01888409,-0.02788018,0.22632970,0.06665882,-0.12207886,-0.08327688
10107640000000,synthetic_50hz_02,382,0.02,97.13035864,96.04430158,17.92214015,17.91591116,17.87823646,3.98695232,118.07444255,1,1,0,0,1,0.20515236,-0.08178411,0.22461644,0.03664764,0.07913702,0.06317567,-0.03684376,-0.07179605,-0.04620147,0.03597765,0.06238516,0.02789526,-0.03407430,-0.05117568,-0.00878481,0.03118856,0.03849078,-0.01057890,-0.02740365,-0.02469618,0.02963763,0.04223503,0.19733808,-0.18435566,-0.04318321,0.04888485,-0.27912624,0.04294229,0.18283594,-0.21858225,-0.04152471,0.06725088,-0.24303466,0.03897564,0.16115538,-0.25548660,-0.03537153,0.09160139,-0.20639536,0.02194338,-0.18781427,-0.48659064,0.01014748,0.25372094,0.53435143,-0.04194579,-0.31231271,-0.56670662,0.07253479,0.36190036,0.58272340,-0.10103257,-0.40105426,-0.58193998,0.12661753,0.42864557,0.56437897,-0.02622419,-0.00946917,-0.99961127,0.01866086,-0.02817366,0.22461644,0.06814509,-0.12179696,-0.08375405
10107660000000,synthetic_50hz_02,383,0.02,96.90197160,96.21583558,17.90370060,17.87823646,17.85092837,3.99939502,118.09931577,1,1,0,0,1,0.20666255,-0.08419087,0.22289399,0.03693478,0.07126194,0.04472925,-0.03596910,-0.06164174,-0.02626409,0.03396642,0.05024437,0.00704172,-0.03098448,-0.03739844,0.01238367,0.02710923,0.02347429,-0.03145204,-0.02245242,-0.00887337,0.04961362,0.04248656,0.18941470,-0.20281866,-0.04227818,0.05908856,-0.25916585,0.04090652,0.17064563,-0.23946478,-0.03841668,0.08107678,-0.22183180,0.03488479,0.14609207,-0.27639881,-0.03041571,0.10746824,-0.18637637,-0.01315161,-0.26084535,-0.54095111,0.04505326,0.31900203,0.57201674,-0.07565602,-0.36796173,-0.58659087,0.10407757,0.40631293,0.58425331,-0.12949852,-0.43294993,-0.56507145,0.15118596,0.44710479,0.52959832,-0.02610340,-0.00970773,-0.99961214,0.01843157,-0.02846162,0.22289399,0.06961800,-0.12150520,-0.08422778
10107680000000,synthetic_50hz_02,384,0.02,97.50962976,96.47459442,17.88153626,17.85092837,17.79954956,4.01185110,118.12447157,1,1,0,0,1,0.20820084,-0.08659082,0.22116240,0.03593665,0.06077086,0.02442264,-0.03382413,-0.04917057,-0.00508729,0.03073646,0.03615267,-0.01439472,-0.02676263,-0.02209247,0.03346173,0.02201723,0.00739533,-0.05156402,-0.01663706,0.00751501,0.06817970,0.04145261,0.17887540,-0.22314157,-0.04010259,0.07160911,-0.23796631,0.03765174,0.15650438,-0.26092995,-0.03417634,0.09643147,-0.20071960,0.02978097,0.12996620,-0.29654968,-0.02459544,0.12390080,-0.16776745,-0.04850530,-0.32624089,-0.57748715,0.07909702,0.37445276,0.59042794,-0.10740833,-0.41186897,-0.58634642,0.13262301,0.43741082,0.56536026,-0.15401411,-0.45034190,-0.52807449,0.17096491,0.45028942,0.47556410,-0.02598230,-0.00994201,-0.99961300,0.01819632,-0.02874400,0.22116240,0.07107726,-0.12120360,-0.08469807
10107700000000,synthetic_50hz_02,385,0.02,97.80465905,96.74060735,17.84710185,17.79954956,17.74026243,4.02431382,118.14990340,1,1,0,0,1,0.20976692,-0.08898375,0.21942176,0.03364448,0.04795069,0.00292264,-0.03044192,-0.03475120,0.01660916,0.02636170,0.02054982,-0.03566210,-0.02152146,-0.00575597,0.05368689,0.01606074,-0.00920382,-0.07016387,-0.01013699,0.02389826,0.08461798,0.03912442,0.16600708,-0.24465757,-0.03668952,0.08607782,-0.21624739,0.03325192,0.14085197,-0.28222581,-0.02891638,0.11281675,-0.18046051,0.02381237,0.11332002,-0.31518822,-0.01809017,0.14032837,-0.15128648,-0.08285023,-0.38133775,-0.59417844,0.11101460,0.41768316,0.58816355,-0.13597837,-0.44198658,-0.56519164,0.15702182,0.45354732,0.52592499,-0.17353826,-0.45203207,-0.47149568,0.18505150,0.43748453,0.40347292,-0.02586090,-0.01017191,-0.99961383,0.01795517,-0.02902075,0.21942176,0.07252259,-0.12089218,-0.08516488
10107720000000,synthetic_50hz_02,386,0.02,97.68223479,96.92893283,17.80222929,17.74026243,17.69002306,4.03677633,118.17560461,1,1,0,0,1,0.21136048,-0.09136947,0.21767213,0.03009812,0.03319173,-0.01902361,-0.02590417,-0.01884553,0.03804793,0.02096339,0.00395600,-0.05597531,-0.01541822,0.01104758,0.07228889,0.00942855,-0.02573265,-0.08651835,-0.00316704,0.03967584,0.09825344,0.03554181,0.15120005,-0.26661953,-0.03212067,0.10203281,-0.19478643,0.02782827,0.12420859,-0.30256725,-0.02279409,0.12966913,-0.16182481,0.01716776,0.09674408,-0.33158120,-0.01111471,0.15615040,-0.13760849,-0.11488472,-0.42371216,-0.58964410,0.13955038,0.44663147,0.56450749,-0.16019274,-0.45667418,-0.52309587,0.17621667,0.45355077,0.46660316,-0.18716019,-0.43735127,-0.39665805,0.19270779,0.40854273,0.31527711,-0.02573924,-0.01039732,-0.99961466,0.01770820,-0.02929181,0.21767213,0.07395371,-0.12057097,-0.08562821
10107740000000,synthetic_50hz_02,387,0.02,97.84900683,97.11294763,17.75510267,17.69002306,17.63557494,4.04923274,118.20156844,1,1,0,0,1,0.21298122,-0.09374779,0.21591358,0.02538768,0.01697899,-0.04061332,-0.02034126,-0.00199644,0.05842156,0.01470839,-0.01304366,-0.07454548,-0.00865148,0.02770770,0.08852022,0.00234514,-0.04157292,-0.09994288,0.00402882,0.05423957,0.10848415,0.03079492,0.13493930,-0.28822466,-0.02652642,0.11893118,-0.17439088,0.02154768,0.10715935,-0.32116540,-0.01600799,0.14637813,-0.14556000,0.01007164,0.08085660,-0.34504404,-0.00391303,0.17075872,-0.12733542,-0.14332321,-0.45129567,-0.56324571,0.16350881,0.45967177,0.51952987,-0.17898038,-0.45479533,-0.46083575,0.18929186,0.43680692,0.38885551,-0.19414597,-0.40622517,-0.30566439,0.19340276,0.36393176,0.21366083,-0.02561733,-0.01061815,-0.99961547,0.01745550,-0.02955713,0.21591358,0.07537034,-0.12023999,-0.08608803
10107760000000,synthetic_50hz_02,388,0.02,98.06549673,97.30345745,17.70490103,17.63557494,17.57543794,4.06167781,118.22778808,1,1,0,0,1,0.21462881,-0.09611852,0.21414619,0.01965331,-0.00012133,-0.06101712,-0.01393019,0.01518896,0.07692346,0.00780545,-0.02981869,-0.09061206,-0.00145568,0.04358874,0.10168828,-0.00493606,-0.05610210,-0.10983277,0.01118549,0.06699801,0.11481074,0.02502390,0.11779106,-0.30864359,-0.02008377,0.13616584,-0.15586734,0.01461887,0.09033472,-0.33725970,-0.00879256,0.16230811,-0.13235869,0.00277744,0.06628012,-0.35497204,0.00324976,0.18356188,-0.12096662,-0.16695023,-0.46248565,-0.51516679,0.18180789,0.45571223,0.45414057,-0.19142394,-0.43580041,-0.38002126,0.19552115,0.40332427,0.29494576,-0.19398139,-0.35922010,-0.20136684,0.18684906,0.30475944,0.10198242,-0.02549520,-0.01083428,-0.99961627,0.01719713,-0.02981665,0.21414619,0.07677219,-0.11989927,-0.08654432
10107780000000,synthetic_50hz_02,389,0.02,98.07625513,97.45801699,17.65052653,17.57543794,17.51815668,4.07410673,118.25425661,1,1,0,0,1,0.21630294,-0.09848146,0.21237003,0.01308261,-0.01747988,-0.07941170,-0.00689026,0.03206031,0.09278137,0.00049925,-0.04571642,-0.10347611,0.00590615,0.05805451,0.11118758,-0.01214127,-0.06871886,-0.11569347,0.01802636,0.07740201,0.11686385,0.01841633,0.10038467,-0.32705300,-0.01301203,0.15308639,-0.13998807,0.00728655,0.07438740,-0.35015122,-0.00141082,0.17682287,-0.12282637,-0.00444107,0.05361596,-0.36087065,0.01009705,0.19401075,-0.11887146,-0.18467592,-0.45624478,-0.44646316,0.19353214,0.43427803,0.37011058,-0.19680874,-0.39979085,-0.28308754,0.19441125,0.35377751,0.18790296,-0.18640880,-0.29756460,-0.08730104,0.17303209,0.23277276,-0.01581780,-0.02537288,-0.01104562,-0.99961707,0.01693320,-0.03007033,0.21237003,0.07815899,-0.11954884,-0.08699707
10107800000000,synthetic_50hz_02,390,0.02,97.51798961,97.47001151,17.59493119,17.51815668,17.48439223,4.08651541,118.28096702,1,1,0,0,1,0.21800326,-0.10083643,0.21058517,0.00590586,-0.03442656,-0.09501467,0.00052335,0.04794839,0.10529191,-0.00693748,-0.06008785,-0.11253354,0.01315159,0.07049495,0.11653077,-0.01898654,-0.07886965,-0.11716837,0.02427410,0.08497050,0.11442795,0.01120251,0.08339024,-0.34267050,-0.00556637,0.16902364,-0.12745644,-0.00017657,0.05996637,-0.35923585,0.00585482,0.18931234,-0.11745039,-0.01129994,0.04341769,-0.36238326,0.01635153,0.20162422,-0.12126548,-0.19559055,-0.43218378,-0.35907871,0.19798269,0.39557409,0.27005696,-0.19466689,-0.34755981,-0.17324935,0.18573875,0.28952523,0.07144687,-0.17145568,-0.22314349,0.03241545,0.15222946,0.15032843,-0.13534322,-0.02525038,-0.01125207,-0.99961787,0.01666378,-0.03031812,0.21058517,0.07953048,-0.11918872,-0.08744626
10107820000000,synthetic_50hz_02,391,0.02,97.48037651,97.47208451,17.54850483,17.48439223,17.44928552,4.09890163,118.30791224,1,1,0,0,1,0.21972946,-0.10318323,0.20879169,-0.00161109,-0.05027629,-0.10712026,0.00802817,0.06219238,0.11385473,-0.01421379,-0.07231543,-0.11730671,0.01998962,0.08035359,0.11737668,-0.02518913,-0.08607513,-0.11406262,0.02966244,0.08931507,0.10746009,0.00364828,0.06749283,-0.35479035,0.00197073,0.18331676,-0.11887282,-0.00747952,0.04768919,-0.36403597,0.01271331,0.19922006,-0.11657193,-0.01751643,0.03616464,-0.35931503,0.02174690,0.20601391,-0.12819162,-0.19901553,-0.39062193,-0.25582280,0.19472168,0.34052234,0.15738865,-0.18481392,-0.28060533,-0.05441692,0.16957789,0.21259833,-0.05012367,-0.14945284,-0.13846203,0.15321918,0.12501900,0.06033381,-0.25189731,-0.02512774,-0.01145351,-0.99961868,0.01638897,-0.03055997,0.20879169,0.08088638,-0.11881896,-0.08789186
10107840000000,synthetic_50hz_02,392,0.02,97.41535089,97.46073779,17.50683272,17.44928552,17.41379570,4.11126420,118.33508510,1,1,0,0,1,0.22148120,-0.10552167,0.20698965,-0.00917604,-0.06435755,-0.11513440,0.01532486,0.07416867,0.11800460,-0.02103186,-0.08184147,-0.11747267,0.02613251,0.08715474,0.11355394,-0.03047974,-0.08995531,-0.10636141,0.03394822,0.09016242,0.09610242,-0.00395414,0.05336398,-0.36281844,0.00929994,0.19534213,-0.11470242,-0.01432450,0.03811355,-0.36422863,0.01887696,0.20607033,-0.12036233,-0.02282122,0.03223680,-0.35165112,0.02604003,0.20690650,-0.13950774,-0.19454800,-0.33262037,-0.14030665,0.18360856,0.27076965,0.03621217,-0.16737561,-0.20111252,0.06892633,0.14631714,0.12565722,-0.17207765,-0.12104028,-0.04657917,0.27026789,0.09227377,-0.03384179,-0.36066618,-0.02500497,-0.01164987,-0.99961949,0.01610884,-0.03079582,0.20698965,0.08222642,-0.11843956,-0.08833387
10107860000000,synthetic_50hz_02,393,0.02,97.59842317,97.48827487,17.46775717,17.41379570,17.36824083,4.12360244,118.36247834,1,1,0,0,1,0.22325812,-0.10785156,0.20517913,-0.01648147,-0.07604226,-0.11860714,0.02210922,0.08332019,0.11743975,-0.02709954,-0.08819596,-0.11288651,0.03130857,0.09052899,0.10507871,-0.03461496,-0.09025204,-0.09424143,0.03692338,0.08737307,0.08068714,-0.01129725,0.04163176,-0.36630482,0.01611704,0.20454270,-0.11524703,-0.02041934,0.03170947,-0.35966891,0.02407405,0.20949374,-0.12880548,-0.02697092,0.03189232,-0.33956826,0.02902283,0.20416252,-0.15488164,-0.18209638,-0.25998425,-0.01683820,0.16482554,0.18866333,-0.08880199,-0.14280271,-0.11190317,0.19188197,0.11666280,0.03191679,-0.28942990,-0.08715945,0.04898977,0.37863344,0.05514326,-0.12848393,-0.45692080,-0.02488210,-0.01184105,-0.99962031,0.01582349,-0.03102564,0.20517913,0.08355035,-0.11805058,-0.08877225
10107880000000,synthetic_50hz_02,394,0.02,97.67576399,97.52577269,17.42596031,17.36824083,17.31834139,4.13591547,118.39008464,1,1,0,0,1,0.22505988,-0.11017271,0.20336021,-0.02321723,-0.08477597,-0.11726090,0.02808518,0.08918477,0.11204470,-0.03214343,-0.09102233,-0.10359821,0.03527497,0.09023568,0.09216492,-0.03738951,-0.08684749,-0.07807448,0.03842610,0.08095545,0.06173312,-0.01807088,0.03285064,-0.36497194,0.02212598,0.21045627,-0.12062210,-0.02549065,0.02883350,-0.35040678,0.02806177,0.20924963,-0.14168740,-0.02976026,0.03524905,-0.32343821,0.03053349,0.19779039,-0.17379445,-0.16190434,-0.17523067,0.10972336,0.13889022,0.09719237,-0.21258921,-0.11187183,-0.01635197,0.30932601,0.08162813,-0.06495986,-0.39714480,-0.04903105,0.14439887,0.47351372,0.01502038,-0.21967480,-0.53623102,-0.02475916,-0.01202695,-0.99962114,0.01553302,-0.03124938,0.20336021,0.08485790,-0.11765203,-0.08920700
10107900000000,synthetic_50hz_02,395,0.02,97.57192568,97.53500329,17.38076036,17.31834139,17.27156156,4.14820213,118.41789659,1,1,0,0,1,0.22688613,-0.11248495,0.20153296,-0.02908405,-0.09010664,-0.11101279,0.03297851,0.09142112,0.10190622,-0.03592218,-0.09009987,-0.08986164,0.03783021,0.08618101,0.07522631,-0.03864756,-0.07977751,-0.05842217,0.03835070,0.07107399,0.03993369,-0.02397577,0.02747265,-0.35873690,0.02705251,0.21274156,-0.13074090,-0.02929708,0.02970637,-0.33669612,0.03063859,0.20524420,-0.15859440,-0.03103338,0.04227112,-0.30382260,0.03046634,0.18795454,-0.19555284,-0.13456095,-0.08152114,0.23414964,0.10665357,-0.00010559,-0.32989193,-0.07567133,0.08172927,0.41612327,0.04250744,-0.16099666,-0.49035759,-0.00811804,0.23562244,0.55045467,-0.02650540,-0.30345512,-0.59468188,-0.02463617,-0.01220747,-0.99962199,0.01523751,-0.03146700,0.20153296,0.08614882,-0.11724395,-0.08963810
10107920000000,synthetic_50hz_02,396,0.02,97.35038959,97.49808055,17.33489686,17.27156156,17.23148139,4.16046139,118.44590671,1,1,0,0,1,0.22873651,-0.11478807,0.19969746,-0.03380764,-0.09171077,-0.09998929,0.03655024,0.08983095,0.08732078,-0.03823907,-0.08536126,-0.07213477,0.03882546,0.07843057,0.05486907,-0.03829248,-0.06923868,-0.03602148,0.03665552,0.05805061,0.01613538,-0.02873763,0.02582129,-0.34772616,0.03065767,0.21120029,-0.14530695,-0.03164189,0.03439540,-0.31899489,0.03165571,0.19754303,-0.17892025,-0.03069367,0.05276196,-0.28145840,0.02877973,0.17497690,-0.21931029,-0.10099542,0.01744126,0.35105608,0.06928211,-0.09926990,-0.43548476,-0.03557136,0.17823654,0.50735821,0.00083508,-0.25206454,-0.56460428,0.03392529,0.31862540,0.60557255,-0.06770757,-0.37600015,-0.62908189,-0.02451314,-0.01238254,-0.99962286,0.01493707,-0.03167844,0.19969746,0.08742286,-0.11682638,-0.09006552
10107940000000,synthetic_50hz_02,397,0.02,97.41875337,97.48221511,17.29146237,17.23148139,17.18549731,4.17269271,118.47410743,1,1,0,0,1,0.23061066,-0.11708189,0.19785378,-0.03715250,-0.08941514,-0.08453210,0.03860952,0.08437594,0.06879277,-0.03895341,-0.07690413,-0.05107012,0.03817426,0.06721515,0.03187508,-0.03629452,-0.05558832,-0.01176108,0.03336839,0.04235886,-0.00869200,-0.03212096,0.02806979,-0.33228144,0.03275062,0.20579412,-0.16381583,-0.03238442,0.04280296,-0.29795563,0.03102665,0.18637693,-0.20188310,-0.02871136,0.06636426,-0.25723427,0.02550145,0.15933100,-0.24409698,-0.06245530,0.11754793,0.45513788,0.02822377,-0.19607190,-0.52441460,0.00682147,0.26894302,0.57857221,-0.04167004,-0.33406039,-0.61604932,0.07531724,0.38954664,0.63576543,-0.10679301,-0.43380208,-0.63715213,-0.02439012,-0.01255207,-0.99962376,0.01463179,-0.03188368,0.19785378,0.08867976,-0.11639934,-0.09048926
10107960000000,synthetic_50hz_02,398,0.02,97.72228814,97.53022972,17.24695704,17.18549731,17.12562720,4.18489551,118.50249112,1,1,0,0,1,0.23250820,-0.11936623,0.19600199,-0.03893479,-0.08321290,-0.06519418,0.03902497,0.07518808,0.04702267,-0.03799004,-0.06499555,-0.02749548,0.03585984,0.05292917,0.00717558,-0.03269578,-0.03933681,0.01335120,0.02858909,0.02461036,-0.03349305,-0.03394191,0.03422500,-0.31295569,0.03319996,0.19665504,-0.18556710,-0.03144948,0.05466198,-0.27440611,0.02873465,0.17214029,-0.22655170,-0.02512856,0.08256763,-0.23215807,0.02073131,0.14162847,-0.26885751,-0.02046790,0.21444994,0.54141905,-0.01484206,-0.28619375,-0.59224490,0.04972411,0.34968647,0.62599606,-0.08317259,-0.40309756,-0.64169946,0.11422316,0.44488715,0.63890237,-0.14198063,-0.47385045,-0.61768542,-0.02426711,-0.01271596,-0.99962468,0.01432177,-0.03208267,0.19600199,0.08991928,-0.11596288,-0.09090929
10107980000000,synthetic_50hz_02,399,0.02,97.74684388,97.57355255,17.19599851,17.12562720,17.06504400,4.19706849,118.53105007,1,1,0,0,1,0.23442878,-0.12164091,0.19414217,-0.03903361,-0.07327273,-0.04272536,0.03773388,0.06257267,0.02288501,-0.03534627,-0.05006862,-0.00238488,0.03193960,0.03612106,-0.01818402,-0.02761211,-0.02113212,0.03822865,0.02248854,0.00553393,-0.05717114,-0.03407958,0.04411823,-0.29049874,0.03194298,0.18408837,-0.20968621,-0.02883439,0.06953936,-0.24932037,0.02483710,0.15538156,-0.25188063,-0.02006113,0.10072411,-0.20731647,0.01464022,0.12259812,-0.29249527,0.02321450,0.30374637,0.60550314,-0.05806921,-0.36542419,-0.63529218,0.09124975,0.41656665,0.64676546,-0.12179952,-0.45569931,-0.63959218,0.14883775,0.48169394,0.61397916,-0.17158492,-0.49380112,-0.57066484,-0.02414415,-0.01287413,-0.99962564,0.01400711,-0.03227537,0.19414217,0.09114118,-0.11551702,-0.09132559
10108000000000,synthetic_50hz_02,400,0.02,98.14704562,97.68825116,17.14099762,17.06504400,16.98943093,4.20921011,118.55977649,1,1,0,0,1,0.23637201,-0.12390572,0.19227440,-0.03739989,-0.05994008,-0.01804751,0.03474874,0.04700305,-0.00260347,-0.03109578,-0.03271090,0.02317938,0.02654630,0.01747568,-0.04308703,-0.02123149,-0.00173663,0.06175246,0.01530456,-0.01405249,-0.07863753,-0.03248490,0.05740404,-0.26583246,0.02899217,0.16856743,-0.23515642,-0.02461284,0.08684754,-0.22378069,0.01946676,0.13678558,-0.27675322,-0.01369704,0.12007132,-0.18382831,0.00746600,0.10305790,-0.31392151,0.06668415,0.38118825,0.64381300,-0.09952201,-0.42986255,-0.65084223,0.12949061,0.46614370,0.63910738,-0.15572593,-0.48898572,-0.60894676,0.17747160,0.49773005,0.56122992,-0.19410068,-0.49212459,-0.49733257,-0.02402126,-0.01302651,-0.99962662,0.01368790,-0.03246175,0.19227440,0.09234521,-0.11506180,-0.09173816
10108020000000,synthetic_50hz_02,401,0.02,97.78946739,97.70849441,17.07733961,16.98943093,16.93042491,4.22131798,118.58866255,1,1,0,0,1,0.23833750,-0.12616051,0.19039876,-0.03406241,-0.04372987,0.00778023,0.03016049,0.02910677,-0.02832457,-0.02538903,-0.01364451,0.04805231,0.01988560,-0.00221112,-0.06639467,-0.01380885,0.01800301,0.08282284,0.00733399,-0.03327586,-0.09686319,-0.02918665,0.07356752,-0.24001599,0.02443847,0.15071975,-0.26085956,-0.01893529,0.10586442,-0.19893209,0.01282929,0.11714820,-0.30003068,-0.00629122,0.13976261,-0.16279336,-0.00049450,0.08388083,-0.33210719,0.10795970,0.44288886,0.65380660,-0.13726217,-0.47612145,-0.63733335,0.16260731,0.49562724,0.60248548,-0.18326441,-0.50084386,-0.55026768,0.19863790,0.49162092,0.48218540,-0.20828457,-0.46822432,-0.40020149,-0.02389846,-0.01317302,-0.99962765,0.01336427,-0.03264176,0.19039876,0.09353114,-0.11459727,-0.09214696
10108040000000,synthetic_50hz_02,402,0.02,97.22162835,97.61112120,17.01563544,16.93042491,16.89254937,4.23339040,118.61770031,1,1,0,0,1,0.24032489,-0.12840507,0.18851532,-0.02913029,-0.02531033,0.03360513,0.02413807,0.00964337,-0.05310696,-0.01844994,0.00630162,0.07107769,0.01222989,-0.02206493,-0.08699921,-0.00565725,0.03719210,0.10041251,-0.00107849,-0.05124700,-0.11093086,-0.02429394,0.09194042,-0.21420207,0.01845082,0.13130490,-0.28562425,-0.01202563,0.12576106,-0.17593077,0.00519709,0.09734385,-0.32060529,0.00184327,0.15890328,-0.14523891,-0.00889662,0.06595611,-0.34613507,0.14507717,0.48552999,0.63415592,-0.16944157,-0.50151745,-0.59449470,0.18892089,0.50304593,0.53769393,-0.20295353,-0.49007137,-0.46539118,0.21113492,0.46296781,0.37967099,-0.21322920,-0.42251668,-0.28300471,-0.02377578,-0.01331357,-0.99962871,0.01303630,-0.03281537,0.18851532,0.09469874,-0.11412345,-0.09255200
10108060000000,synthetic_50hz_02,403,0.02,96.79800202,97.44849736,16.96393929,16.89254937,16.86597179,4.24542725,118.64688179,1,1,0,0,1,0.24233376,-0.13063923,0.18662415,-0.02279164,-0.00547841,0.05823179,0.01692410,-0.01052574,-0.07577989,-0.01056864,0.02622642,0.09114323,0.00390848,-0.04117098,-0.10387886,0.00286436,0.05492857,0.11361962,-0.00955463,-0.06710254,-0.12008467,-0.01799489,0.11172582,-0.18958608,0.01127185,0.11118428,-0.30827978,-0.00417401,0.14563638,-0.15588900,-0.00310054,0.07828727,-0.33745526,0.01034749,0.17659127,-0.13206679,-0.01736208,0.05014710,-0.35524927,0.17618594,0.50655331,0.58487683,-0.19439658,-0.50423898,-0.52342917,0.20700269,0.48738721,0.44689080,-0.21364080,-0.45648384,-0.35746837,0.21411956,0.41241983,0.25773995,-0.20842515,-0.35646556,-0.15058078,-0.02365324,-0.01344809,-0.99962982,0.01270411,-0.03298256,0.18662415,0.09584779,-0.11364039,-0.09295324
10108080000000,synthetic_50hz_02,404,0.02,97.01806755,97.36241140,16.92279294,16.86597179,16.82386374,4.25742973,118.67619894,1,1,0,0,1,0.24436375,-0.13286281,0.18472534,-0.01530824,0.01487290,0.08047818,0.00882665,-0.03047426,-0.09523022,-0.00209059,0.04519703,0.10723673,-0.00470574,-0.05861675,-0.11615156,0.01136641,0.07034653,0.12171768,-0.01769937,-0.08004818,-0.12377462,-0.01055128,0.13203071,-0.16735007,0.00320961,0.09128418,-0.32771300,0.00427411,0.16455754,-0.13981901,-0.01169072,0.06089099,-0.34969851,0.01883185,0.19196067,-0.12400351,-0.02549587,0.03724809,-0.35889980,0.19964519,0.50432572,0.50739960,-0.21073919,-0.48348115,-0.42663234,0.21575749,0.44869760,0.33356507,-0.21455539,-0.40097788,-0.23088096,0.20716756,0.34169778,0.12154045,-0.19380700,-0.27256638,-0.00869587,-0.02353087,-0.01357650,-0.99963097,0.01236781,-0.03314327,0.18472534,0.09697804,-0.11314812,-0.09335067
10108100000000,synthetic_50hz_02,405,0.02,97.27022233,97.34397359,16.88124267,16.82386374,16.76801978,4.26939880,118.70564363,1,1,0,0,1,0.24641443,-0.13507563,0.18281897,-0.00700613,0.03479378,0.09923429,0.00020715,-0.04925343,-0.11045965,0.00659779,0.06229307,0.11850040,-0.01321252,-0.07353677,-0.12312473,0.01944633,0.08266038,0.12419932,-0.02511949,-0.08940085,-0.12169319,-0.00228914,0.15190528,-0.14860403,-0.00537447,0.07255337,-0.34292560,0.01293233,0.18160415,-0.12857859,-0.02017319,0.04602049,-0.35664250,0.02689380,0.20422592,-0.12155643,-0.03290471,0.02794215,-0.35677913,0.21411579,0.47826808,0.40457211,-0.21743977,-0.43953787,-0.30794201,0.21449487,0.38813558,0.20243380,-0.20536598,-0.32554316,-0.09108933,0.19031629,0.25356517,-0.02288129,-0.16977970,-0.17427679,0.13619223,-0.02340868,-0.01369875,-0.99963217,0.01202750,-0.03329750,0.18281897,0.09808929,-0.11264669,-0.09374428
10108120000000,synthetic_50hz_02,406,0.02,97.21730852,97.31864057,16.83368906,16.76801978,16.71270241,4.28133449,118.73520769,1,1,0,0,1,0.24848542,-0.13727751,0.18090511,0.00173759,0.05332205,0.11352035,-0.00853502,-0.06593792,-0.12063943,0.01508639,0.07665276,0.12428042,-0.02120281,-0.08515767,-0.12433835,0.02670794,0.09120744,0.12081155,-0.03144307,-0.09462766,-0.11380169,0.00641443,0.17038735,-0.13432774,-0.01408100,0.05591716,-0.35308885,0.02139051,0.19591443,-0.12282153,-0.02813889,0.03444913,-0.35782717,0.03413716,0.21272430,-0.12497854,-0.03921673,0.02276218,-0.34884859,0.21864230,0.42893788,0.28059052,-0.21389667,-0.37384339,-0.17241579,0.20298429,0.30797081,0.05927024,-0.18621978,-0.23321930,0.05558410,0.16408647,0.15174397,-0.16883593,-0.13722246,-0.06589378,0.27722014,-0.02328671,-0.01381475,-0.99963343,0.01168329,-0.03344519,0.18090511,0.09918131,-0.11213614,-0.09413406
10108140000000,synthetic_50hz_02,407,0.02,97.41160657,97.33723377,16.78287467,16.71270241,16.64834773,4.29323639,118.76488287,1,1,0,0,1,0.25057630,-0.13946827,0.17898383,0.01051127,0.06953062,0.12254162,-0.01698080,-0.07967312,-0.12515940,0.02296077,0.08751860,0.12416877,-0.02827877,-0.09284088,-0.11959830,0.03278148,0.09548651,0.11157976,-0.03633908,-0.09537923,-0.10034431,0.01514778,0.18654983,-0.12531594,-0.02249093,0.04223017,-0.35759257,0.02923423,0.20673090,-0.12295588,-0.03519000,0.02681546,-0.35305843,0.04019215,0.21695465,-0.13424445,-0.04410088,0.02205754,-0.33535236,0.21272028,0.35805835,0.14085633,-0.19998786,-0.28895755,-0.02613844,0.18148970,0.21152597,-0.08933304,-0.15775911,-0.12799600,0.20222900,0.12948025,0.04077584,-0.30929461,-0.09746841,0.04761990,0.40744310,-0.02316497,-0.01392444,-0.99963473,0.01133529,-0.03358633,0.17898383,0.10025389,-0.11161650,-0.09451997
10108160000000,synthetic_50hz_02,408,0.02,97.07077062,97.28394114,16.72637335,16.64834773,16.59704399,4.30510348,118.79466087,1,1,0,0,1,0.25268668,-0.14164773,0.17705523,0.01888794,0.08257574,0.12573655,-0.02471164,-0.08972128,-0.12366827,0.02982289,0.09428011,0.11803457,-0.03407434,-0.09612080,-0.10899788,0.03734341,0.09519028,0.09681874,-0.03953585,-0.09151538,-0.08184826,0.02348393,0.19954899,-0.12213017,-0.03018570,0.03223015,-0.35608548,0.03606546,0.21344307,-0.12911250,-0.04096046,0.02358510,-0.34242957,0.04473526,0.21660963,-0.14903936,-0.04728548,0.02596842,-0.31681764,0.19634397,0.26848863,-0.00823776,-0.17610082,-0.18849164,0.12403567,0.15078059,0.10306034,-0.23625758,-0.12111330,-0.01465777,0.34166807,0.08795425,-0.07416740,-0.43722811,-0.05225944,0.16085428,0.52018266,-0.02304350,-0.01402775,-0.99963610,0.01098363,-0.03372089,0.17705523,0.10130683,-0.11108782,-0.09490201
10108180000000,synthetic_50hz_02,409,0.02,97.03633603,97.23442012,16.67205502,16.59704399,16.54449049,4.31693516,118.82453333,1,1,0,0,1,0.25481612,-0.14381572,0.17511937,0.02644632,0.09174348,0.12281539,-0.03133081,-0.09550404,-0.11610271,0.03531203,0.09651118,0.10604273,-0.03827518,-0.09473586,-0.09292548,0.04013485,0.09022925,0.07712916,-0.04083740,-0.08312130,-0.05910916,0.03100163,0.20867087,-0.12506020,-0.03676860,0.02649545,-0.34850426,0.04152345,0.21562483,-0.14112649,-0.04513592,0.02501962,-0.32632898,0.04750759,0.21159977,-0.16876260,-0.04857458,0.03440963,-0.29404007,0.17003076,0.16413266,-0.15958638,-0.14313729,-0.07697475,0.27079535,0.11211712,-0.01240239,-0.37419716,-0.07786455,0.10142195,0.46681069,0.04136711,-0.18751747,-0.54596585,-0.00367704,0.26820678,0.60938057,-0.02292231,-0.01412463,-0.99963752,0.01062840,-0.03384884,0.17511937,0.10233991,-0.11055014,-0.09528017
10108200000000,synthetic_50hz_02,410,0.02,96.19897801,97.02733170,16.61847792,16.54449049,16.52140408,4.32873108,118.85449183,1,1,0,0,1,0.25696422,-0.14597206,0.17317635,0.03279265,0.09649171,0.11378648,-0.03648466,-0.09663876,-0.10270269,0.03912481,0.09399968,0.08865793,-0.04063696,-0.08865053,-0.07205713,0.04097753,0.08074555,0.05337888,-0.04013670,-0.07051264,-0.03316169,0.03730710,0.21337337,-0.13409767,-0.04188597,0.02540871,-0.33508888,0.04530485,0.21306405,-0.15853316,-0.04747206,0.03115452,-0.30543269,0.04833088,0.20206717,-0.19254632,-0.04786112,0.04706552,-0.26805433,0.13481936,0.04978779,-0.30570356,-0.10249137,0.04033580,0.40672740,0.06720850,-0.12929649,-0.49602510,-0.02998798,0.21452950,0.57102216,-0.00809711,-0.29357753,-0.62955639,0.04594875,0.36416158,0.66994021,-0.02280143,-0.01421501,-0.99963900,0.01026973,-0.03397016,0.17317635,0.10335293,-0.11000351,-0.09565442
10108220000000,synthetic_50hz_02,411,0.02,95.96917938,96.81570123,16.57770691,16.52140408,16.49875796,4.34049252,118.88452790,1,1,0,0,1,0.25913055,-0.14811658,0.17122622,0.03758218,0.09648528,0.09896816,-0.03988263,-0.09296639,-0.08401168,0.04103324,0.08676723,0.06663310,-0.04100085,-0.07806654,-0.04733346,0.03978638,0.06711515,0.02666918,-0.03742486,-0.05422880,-0.00523601,0.04205559,0.21332132,-0.14892425,-0.04524724,0.02912900,-0.31638278,0.04718168,0.20578236,-0.18057959,-0.04781004,0.04178810,-0.28068134,0.04712005,0.18838783,-0.21928923,-0.04513622,0.06339668,-0.24009057,0.09224019,-0.06906261,-0.43909354,-0.05599997,0.15769344,0.52469667,0.01814525,-0.24177790,-0.59517254,0.02023261,0.31889178,0.64848931,-0.05802716,-0.38681187,-0.68310983,0.09414875,0.44357999,0.69803598,-0.02268088,-0.01429883,-0.99964055,0.00990774,-0.03408481,0.17122622,0.10434569,-0.10944797,-0.09602476
10108240000000,synthetic_50hz_02,412,0.02,95.81067975,96.61469694,16.54454835,16.49875796,16.47370045,4.35222151,118.91463301,1,1,0,0,1,0.26131470,-0.15024910,0.16926909,0.04053903,0.09162175,0.07898471,-0.04131491,-0.08456876,-0.06086059,0.04089968,0.07507761,0.04098182,-0.03930528,-0.06342193,-0.01992154,0.03657769,0.04993777,-0.00171310,-0.03279556,-0.03501388,0.02329834,0.04497123,0.20841230,-0.16891566,-0.04664263,0.03757446,-0.29321691,0.04701626,0.19404353,-0.20625218,-0.04608831,0.05648231,-0.25324199,0.04389140,0.17116146,-0.24770449,-0.04049357,0.08265900,-0.21151834,0.04425778,-0.18650472,-0.55264253,-0.00586707,0.26914069,0.61823206,-0.03269280,-0.34401721,-0.66599766,0.07031011,0.40897555,0.69456224,-0.10590035,-0.46214293,-0.70310227,0.13843744,0.50198652,0.69137153,-0.02256068,-0.01437604,-0.99964216,0.00954253,-0.03419279,0.16926909,0.10531800,-0.10888356,-0.09639116
10108260000000,synthetic_50hz_02,413,0.02,95.74997293,96.44175213,16.51479223,16.47370045,16.44292748,4.36392015,118.94479858,1,1,0,0,1,0.26351623,-0.15236944,0.16730502,0.04147344,0.08204606,0.05474580,-0.04066671,-0.07177387,-0.03433563,0.03868754,0.05943241,0.01293555,-0.03559299,-0.04537748,0.00883746,0.03147228,0.03001430,-0.03035569,-0.02644421,-0.01378580,0.05099875,0.04586427,0.19879123,-0.19316222,-0.04595732,0.05041709,-0.26667746,0.04477204,0.17834917,-0.23431949,-0.04234959,0.07457635,-0.22445583,0.03876575,0.15118895,-0.27637983,-0.03412858,0.10393459,-0.18378025,-0.00681333,-0.29648669,-0.64001092,0.04543611,0.36881373,0.68189754,-0.08274895,-0.43050770,-0.70412473,0.11767609,0.47978993,0.70605168,-0.14921058,-0.51523960,-0.68762282,0.17644326,0.53583466,0.64936949,-0.02244087,-0.01444659,-0.99964384,0.00917423,-0.03429406,0.16730502,0.10626967,-0.10831033,-0.09675362
10108280000000,synthetic_50hz_02,414,0.02,95.82933975,96.31926966,16.48460904,16.44292748,16.40216340,4.37559009,118.97501598,1,1,0,0,1,0.26573470,-0.15447745,0.16533410,0.04029512,0.06815239,0.02740943,-0.03792792,-0.05514810,-0.00573082,0.03446724,0.04055385,-0.01611301,-0.03001285,-0.02479042,0.03749229,0.02469318,0.00831228,-0.05779066,-0.01866159,0.00840552,0.07642289,0.04464441,0.18485232,-0.22050593,-0.04318122,0.06709053,-0.23805846,0.04051941,0.15942149,-0.26338882,-0.03674276,0.09521301,-0.19577409,0.03196613,0.12943784,-0.30384732,-0.02633201,0.12617349,-0.15831863,-0.05841612,-0.39313410,-0.69600413,0.09529055,0.45125808,0.71162648,-0.12941771,-0.49637208,-0.70673231,0.15981369,0.52717545,0.68146271,-0.18560217,-0.54278009,-0.63654623,0.20603965,0.54273614,0.57327782,-0.02232146,-0.01451042,-0.99964559,0.00880296,-0.03438862,0.16533410,0.10720051,-0.10772833,-0.09711211
10108300000000,synthetic_50hz_02,415,0.02,95.87888605,96.23119294,16.44998187,16.40216340,16.35440574,4.38723214,119.00527654,1,1,0,0,1,0.26796970,-0.15657295,0.16335640,0.03702185,0.05057270,-0.00167026,-0.03319770,-0.03547506,0.02351304,0.02841644,0.01935466,-0.04467794,-0.02281592,-0.00267625,0.06455475,0.01655761,-0.01407931,-0.08257042,-0.00982193,0.03042897,0.09820554,0.04132942,0.16722751,-0.24959266,-0.03841349,0.08681114,-0.20880069,0.03443606,0.13817322,-0.29197423,-0.02951888,0.11737678,-0.16868498,0.02380976,0.10699712,-0.32865937,-0.01747811,0.14824461,-0.13649870,-0.10787747,-0.47107197,-0.71690007,0.14106323,0.51173815,0.70499845,-0.17018208,-0.53765068,-0.67277138,0.19439449,0.54806249,0.62114801,-0.21300242,-0.54267340,-0.55161665,0.22546939,0.52163879,0.46618192,-0.02220247,-0.01456748,-0.99964741,0.00842884,-0.03447643,0.16335640,0.10811034,-0.10713761,-0.09746662
10108320000000,synthetic_50hz_02,416,0.02,95.90659339,96.16627303,16.40983990,16.35440574,16.30169608,4.39884627,119.03557153,1,1,0,0,1,0.27022077,-0.15865576,0.16137202,0.03178249,0.03015163,-0.03100830,-0.02668315,-0.01372172,0.05188016,0.02081453,-0.00310380,-0.07125629,-0.01434581,0.01983983,0.08857808,0.00746350,-0.03600387,-0.10334611,-0.00036602,0.05112991,0.11513463,0.03604818,0.14676145,-0.27893745,-0.03186124,0.10861197,-0.18041996,0.02680137,0.11566573,-0.31857279,-0.02102158,0.13994246,-0.14463526,0.01469457,0.08502339,-0.34946712,-0.00800767,0.16899331,-0.11953254,-0.15254728,-0.52573563,-0.70071218,0.18024846,0.54652294,0.66143940,-0.20275298,-0.55155374,-0.60309703,0.21941205,0.54068298,0.52736708,-0.22974536,-0.51422409,-0.43643290,0.23345501,0.47293987,0.33291615,-0.02208394,-0.01461774,-0.99964930,0.00805199,-0.03455749,0.16137202,0.10899898,-0.10653821,-0.09781714
10108340000000,synthetic_50hz_02,417,0.02,95.51400405,96.03581923,16.36441949,16.30169608,16.26073711,4.41043176,119.06589218,1,1,0,0,1,0.27248748,-0.16072572,0.15938103,0.02481409,0.00790865,-0.05906434,-0.01869212,0.00900721,0.07785883,0.01203125,-0.02566339,-0.09440862,-0.00502351,0.04157968,0.10823656,-0.00212906,-0.05629720,-0.11894399,0.00922025,0.06939166,0.12622221,0.02903774,0.12447360,-0.30699992,-0.02383230,0.13138829,-0.15442798,0.01798507,0.09305715,-0.34174503,-0.01167181,0.16173190,-0.12495064,0.00508065,0.06468085,-0.36509682,0.00159342,0.18730290,-0.10840808,-0.18994330,-0.55365211,-0.64736931,0.21060912,0.55313029,0.58232963,-0.22520298,-0.53666146,-0.50050112,0.23330413,0.50472042,0.40424293,-0.23467902,-0.45822807,-0.29633022,0.22928800,0.39852478,0.17987418,-0.02196587,-0.01466113,-0.99965127,0.00767253,-0.03463177,0.15938103,0.10986626,-0.10593017,-0.09816366
10108360000000,synthetic_50hz_02,418,0.02,95.49793005,95.92824140,16.32087289,16.26073711,16.21451702,4.42198830,119.09622968,1,1,0,0,1,0.27476938,-0.16278266,0.15738350,0.01645285,-0.01501117,-0.08432437,-0.00961998,0.03152439,0.10002378,0.00250977,-0.04712874,-0.11283945,0.00467281,0.06137435,0.12240191,-0.01172066,-0.07385051,-0.12843546,0.01843061,0.08419752,0.13076616,0.02063430,0.10150905,-0.33226609,-0.01472206,0.15395278,-0.13225002,0.00843035,0.07154286,-0.36019550,-0.00194778,0.18157616,-0.11075943,-0.00453258,0.04707830,-0.37461987,0.01081890,0.20215668,-0.10382747,-0.21789357,-0.55267449,-0.55879780,0.23030991,0.53051344,0.47100797,-0.23608631,-0.49305744,-0.36963876,0.23505623,0.44138636,0.25761269,-0.22724937,-0.37698991,-0.13815953,0.21289081,0.30172466,0.01472317,-0.02184830,-0.01469763,-0.99965331,0.00729058,-0.03469926,0.15738350,0.11071201,-0.10531356,-0.09850615
10108380000000,synthetic_50hz_02,419,0.02,95.61587156,95.86576743,16.27620342,16.21451702,16.15851811,4.43351546,119.12657516,1,1,0,0,1,0.27706602,-0.16482642,0.15537953,0.00711916,-0.03739543,-0.10538451,0.00006890,0.05262196,0.11711712,-0.00725498,-0.06633137,-0.12547319,0.01423190,0.07812841,0.13021181,-0.02079850,-0.08767298,-0.13119637,0.02676547,0.09468989,0.12839847,0.01125825,0.07908020,-0.35333205,-0.00499487,0.17509756,-0.11514396,-0.00136787,0.05229135,-0.37284860,0.00763928,0.19837981,-0.10292391,-0.01363233,0.03320655,-0.37741212,0.01916918,0.21269705,-0.10615871,-0.23466832,-0.52215293,-0.43889524,0.23803433,0.47917598,0.33266641,-0.23453769,-0.42238417,-0.21684665,0.22427922,0.35341482,0.09477511,-0.20755467,-0.27425636,0.03002885,0.18484623,0.18719096,-0.15396706,-0.02173126,-0.01472719,-0.99965542,0.00690627,-0.03475996,0.15537953,0.11153605,-0.10468841,-0.09884461
10108400000000,synthetic_50hz_02,420,0.02,95.50069003,95.79275195,16.22677559,16.15851811,16.10292075,4.44501231,119.15691973,1,1,0,0,1,0.27937696,-0.16685682,0.15336920,-0.00270270,-0.05802888,-0.12103203,0.00986446,0.07113736,0.12812336,-0.01674183,-0.08219491,-0.13152083,0.02313652,0.09088274,0.13112650,-0.02886418,-0.09695038,-0.12695173,0.03375966,0.10022289,0.11911688,0.00139386,0.05840228,-0.36898508,0.00483919,0.19366008,-0.10412531,-0.01088842,0.03637898,-0.37891531,0.01657213,0.21118370,-0.10198389,-0.02172019,0.02387983,-0.37319859,0.02617907,0.21827813,-0.11540405,-0.23909308,-0.46302932,-0.29339201,0.23307789,0.40120469,0.17413531,-0.22034295,-0.32781314,-0.04985821,0.20125543,0.24497059,-0.07585633,-0.17636561,-0.15506541,0.19938389,0.14639109,0.06068964,-0.31716313,-0.02161475,-0.01474978,-0.99965762,0.00651972,-0.03481384,0.15336920,0.11233823,-0.10405479,-0.09917902
10108420000000,synthetic_50hz_02,421,0.02,95.46803041,95.72780764,16.17475656,16.10292075,16.04367893,4.45647774,119.18725445,1,1,0,0,1,0.28170174,-0.16887371,0.15135258,-0.01248927,-0.07576071,-0.13031890,0.01923763,0.08601927,0.13233364,-0.02543135,-0.09379785,-0.13053314,0.03089188,0.09887219,0.12496930,-0.03546178,-0.10109600,-0.11580255,0.03900930,0.10040517,0.10329715,-0.00843540,0.04062613,-0.37827717,0.01425104,0.20858901,-0.09990290,-0.01961187,0.02472726,-0.37794640,0.02435597,0.21922271,-0.10811601,-0.02834026,0.01968486,-0.36208027,0.03144471,0.21850856,-0.13118775,-0.23063537,-0.37784595,-0.12960240,0.21541088,0.30021409,0.00356577,-0.19397599,-0.21392693,0.12257366,0.16694868,0.12147215,-0.24517924,-0.13510817,-0.02551527,0.36071618,0.09937242,-0.07117722,-0.46585351,-0.02149881,-0.01476536,-0.99965989,0.00613106,-0.03486090,0.15135258,0.11311840,-0.10341274,-0.09950937
10108440000000,synthetic_50hz_02,422,0.02,95.27812755,95.63787162,16.11970395,16.04367893,15.98642737,4.46791048,119.21757036,1,1,0,0,1,0.28403991,-0.17087693,0.14932977,-0.02170585,-0.08957075,-0.13262325,0.02766925,0.09638981,0.12939525,-0.03283493,-0.10042991,-0.12243672,0.03705397,0.10157456,0.11194829,-0.04020472,-0.09979078,-0.09823233,0.04219635,0.09512998,0.08168429,-0.01769481,0.02677191,-0.38058642,0.02272155,0.21900647,-0.10282947,-0.02704959,0.01804648,-0.36986849,0.03054678,0.22197463,-0.12111221,-0.03310593,0.02094070,-0.34454068,0.03464804,0.21328159,-0.15276478,-0.20945875,-0.27066320,0.04392576,0.18570539,0.18120136,-0.16997752,-0.15659806,-0.08651540,0.29112876,0.12297594,-0.01066483,-0.40388661,-0.08580836,0.10753760,0.50500023,0.04616689,-0.20131001,-0.59155446,-0.02138345,-0.01477390,-0.99966223,0.00574041,-0.03490112,0.14932977,0.11387640,-0.10276231,-0.09983565
10108460000000,synthetic_50hz_02,423,0.02,95.24590449,95.55947820,16.06372779,15.98642737,15.92342082,4.47930936,119.24785843,1,1,0,0,1,0.28639100,-0.17286630,0.14730084,-0.02983610,-0.09863085,-0.12769453,0.03467950,0.10159928,0.11934265,-0.03852309,-0.10163856,-0.10755007,0.04125603,0.09874755,0.09265676,-0.04279954,-0.09300961,-0.07509212,0.04310912,0.08459015,0.05536254,-0.02586805,0.01766777,-0.37566231,0.02977087,0.22426277,-0.11287055,-0.03277211,0.01678916,-0.35500005,0.03477782,0.21919715,-0.14037919,-0.03572376,0.02767247,-0.32143085,0.03557739,0.20279005,-0.17905092,-0.17643923,-0.14688661,0.21784755,0.14532332,0.05031552,-0.33699370,-0.11001768,0.04770619,0.44642416,0.07154018,-0.14435250,-0.54298400,-0.03100014,0.23683707,0.62388937,-0.01043365,-0.32249351,-0.68680771,-0.02126871,-0.01477537,-0.99966466,0.00534791,-0.03493451,0.14730084,0.11461207,-0.10210356,-0.10015783
10108480000000,synthetic_50hz_02,424,0.02,95.24191915,95.49596639,16.00479886,15.92342082,15.85305143,4.49067304,119.27810964,1,1,0,0,1,0.28875457,-0.17484167,0.14526587,-0.03641173,-0.10235753,-0.11567913,0.03985618,0.10126985,0.10260748,-0.04215156,-0.09726252,-0.08657762,0.04323168,0.09045107,0.06805168,-0.04306542,-0.08103186,-0.04756378,0.04165756,0.06927647,0.02570460,-0.03248683,0.01389719,-0.36365119,0.03498681,0.22398005,-0.12959449,-0.03643517,0.02111660,-0.33404553,0.03678270,0.21095018,-0.16495999,-0.03601292,0.03960078,-0.29393265,0.03414269,0.18752474,-0.20867347,-0.13314131,-0.01300888,0.38252206,0.09626402,-0.08544963,-0.48806865,-0.05661140,0.18144459,0.57954398,0.01532664,-0.27220842,-0.65431080,0.02639999,0.35512435,0.71021353,-0.06736550,-0.42780188,-0.74564047,-0.02115460,-0.01476975,-0.99966716,0.00495367,-0.03496104,0.14526587,0.11532528,-0.10143654,-0.10047591
10108500000000,synthetic_50hz_02,425,0.02,95.38551435,95.47387598,15.94106494,15.85305143,15.76913235,4.50199983,119.30831490,1,1,0,0,1,0.29113013,-0.17680287,0.14322496,-0.04104058,-0.10045242,-0.09712401,0.04288011,0.09532517,0.08000606,-0.04348340,-0.08744966,-0.06058150,0.04283303,0.07705293,0.03941034,-0.04094777,-0.06443473,-0.01710297,0.03788197,0.04995885,-0.00569749,-0.03715897,0.01575855,-0.34510006,0.03805019,0.21808199,-0.15218499,-0.03780182,0.03088092,-0.30806705,0.03641352,0.19760154,-0.19357733,-0.03391882,0.05614845,-0.26350173,0.03038425,0.16825554,-0.24004038,-0.08175313,0.12372189,0.52855165,0.04107284,-0.21862446,-0.61441490,0.00079160,0.30722398,0.68256427,-0.04263321,-0.38696610,-0.73103500,0.08324569,0.45555180,0.75842965,-0.12145816,-0.51100373,-0.76395842,-0.02104114,-0.01475700,-0.99966974,0.00455783,-0.03498073,0.14322496,0.11601589,-0.10076130,-0.10078988
10108520000000,synthetic_50hz_02,426,0.02,95.16174026,95.41144884,15.86885325,15.76913235,15.68590305,4.51328728,119.33846511,1,1,0,0,1,0.29351724,-0.17874976,0.14117818,-0.04343111,-0.09292768,-0.07295732,0.04354609,0.08400360,0.05270410,-0.04240562,-0.07265767,-0.03093140,0.04004257,0.05921698,0.00826694,-0.03652508,-0.04406904,0.01463587,0.03195455,0.02765056,-0.03711671,-0.03959295,0.02323968,-0.32093705,0.03875580,0.20680693,-0.17947632,-0.03675907,0.04562444,-0.27843431,0.03365278,0.17981506,-0.22469699,-0.02951994,0.07646467,-0.23179254,0.02447428,0.14599575,-0.27142464,-0.02498257,0.25569155,0.64732908,-0.01728591,-0.34167519,-0.70839700,0.05905603,0.41780818,0.74904152,-0.09912354,-0.48189556,-0.76809081,0.13633327,0.53208967,0.76499569,-0.16961245,-0.56694338,-0.73984539,-0.02092836,-0.01473711,-0.99967240,0.00416050,-0.03499356,0.14117818,0.11668376,-0.10007790,-0.10109971
10108540000000,synthetic_50hz_02,427,0.02,95.06281971,95.34172301,15.79201417,15.68590305,15.59569604,4.52453278,119.36855114,1,1,0,0,1,0.29591541,-0.18068217,0.13912561,-0.04341211,-0.08011419,-0.04444607,0.04177792,0.06785356,0.02215994,-0.03893925,-0.05363669,0.00076507,0.03497795,0.03787344,-0.02366802,-0.03000821,-0.02101829,0.04588862,0.02417333,0.00355717,-0.06678622,-0.03961755,0.03600970,-0.29242918,0.03702745,0.19070329,-0.21001016,-0.03332795,0.06459701,-0.24675491,0.02861813,0.15852097,-0.25660848,-0.02302717,0.09946592,-0.20056919,0.01671078,0.12195091,-0.30105940,0.03408118,0.37534632,0.73156019,-0.07558560,-0.44743592,-0.76401051,0.11491085,0.50662574,0.77443405,-0.15092316,-0.55120929,-0.76253029,0.18258430,0.57990123,0.72864243,-0.20898144,-0.59187434,-0.67374747,-0.02081628,-0.01471006,-0.99967514,0.00376184,-0.03499953,0.13912561,0.11732876,-0.09938639,-0.10140541
10108560000000,synthetic_50hz_02,428,0.02,95.44464334,95.36230708,15.70956055,15.59569604,15.47858218,4.53573349,119.39856382,1,1,0,0,1,0.29832419,-0.18259994,0.13706735,-0.04094585,-0.06265139,-0.01313261,0.03763639,0.04771058,-0.00995137,-0.03324186,-0.03139425,0.03274845,0.02788895,0.01417282,-0.05460137,-0.02173199,0.00345723,0.07488011,0.01494848,-0.02098760,-0.09300003,-0.03719502,0.05342919,-0.26111879,0.03292592,0.17060660,-0.24211144,-0.02766602,0.08679110,-0.21478831,0.02155934,0.13486977,-0.28751863,-0.01477530,0.12389192,-0.17160684,0.00750395,0.09745476,-0.32723869,0.09213391,0.47563221,0.77572986,-0.13051544,-0.52953574,-0.77728366,0.16513414,0.56817251,0.75642801,-0.19499195,-0.59042860,-0.71376418,0.21922804,0.59566236,0.65052221,-0.23714370,-0.58372289,-0.56852537,-0.02070492,-0.01467582,-0.99967796,0.00336195,-0.03499864,0.13706735,0.11795077,-0.09868683,-0.10170695
10108580000000,synthetic_50hz_02,429,0.02,95.54526466,95.39889859,15.61254964,15.47858218,15.34746372,4.54688526,119.42849397,1,1,0,0,1,0.30074309,-0.18450292,0.13500348,-0.03613392,-0.04145863,0.01924718,0.03131949,0.02465673,-0.04182911,-0.02560212,-0.00714396,0.06320508,0.01914662,-0.01057478,-0.08275883,-0.01213912,0.02798864,0.09992659,0.00478164,-0.04459557,-0.11421343,-0.03242697,0.07457878,-0.22874176,0.02664920,0.14759892,-0.27397946,-0.02006195,0.11099313,-0.18434816,0.01284746,0.11017157,-0.31565316,-0.00520705,0.14837379,-0.14658927,-0.00264459,0.07389548,-0.34841779,0.14584174,0.55042168,0.77648040,-0.17887045,-0.58279522,-0.74657425,0.20674224,0.59836649,0.69514403,-0.22865356,-0.59668658,-0.62367248,0.24397269,0.57780392,0.53422015,-0.25225798,-0.54226290,-0.42936602,-0.02059431,-0.01463439,-0.99968085,0.00296097,-0.03499089,0.13500348,0.11854966,-0.09797928,-0.10200433
10108600000000,synthetic_50hz_02,430,0.02,95.27037409,95.37319369,15.50121355,15.34746372,15.21639358,4.55798286,119.45833238,1,1,0,0,1,0.30317165,-0.18639096,0.13293407,-0.02921499,-0.01768913,0.05085979,0.02315452,-0.00003580,-0.07164836,-0.01642651,0.01775970,0.09037127,0.00922490,-0.03497157,-0.10648873,-0.00175734,0.05117520,0.11953608,-0.00576089,-0.06590343,-0.12913714,-0.02555206,0.09830527,-0.19713160,0.01852459,0.12295246,-0.30378929,-0.01092222,0.13584858,-0.15719817,0.00295644,0.08582414,-0.33936042,0.00514983,0.17151081,-0.12700843,-0.01316852,0.05263636,-0.36330742,0.19203505,0.59490120,0.73287614,-0.21774219,-0.60356686,-0.67273935,0.23717172,0.59483141,0.59320718,-0.24976348,-0.56894669,-0.49657256,0.25515444,0.52665897,0.38562153,-0.25318918,-0.46918743,-0.26355285,-0.02048446,-0.01458576,-0.99968382,0.00255904,-0.03497628,0.13293407,0.11912531,-0.09726380,-0.10229753
10108620000000,synthetic_50hz_02,431,0.02,94.63207120,95.22496919,15.38158916,15.21639358,15.09664477,4.56902098,119.48806983,1,1,0,0,1,0.30560939,-0.18826390,0.13085922,-0.02055443,0.00733145,0.07987865,0.01358230,-0.02497414,-0.09766598,-0.00621858,0.04189682,0.11263755,-0.00132441,-0.05761159,-0.12436173,0.00882923,0.07166539,0.13250050,-0.01607949,-0.08365304,-0.13681922,-0.01693567,0.12328299,-0.16811489,0.00899290,0.09806007,-0.32979779,-0.00075040,0.15993757,-0.13494780,-0.00756193,0.06323347,-0.35721104,0.01571124,0.19195143,-0.11407241,-0.02346826,0.03493554,-0.37095564,0.22789976,0.60589451,0.64653313,-0.24469870,-0.58999668,-0.55916207,0.25444287,0.55708897,0.45567010,-0.25685132,-0.50812013,-0.33904095,0.25185464,0.44450195,0.21263709,-0.23959687,-0.36806857,-0.08010281,-0.02037539,-0.01452991,-0.99968686,0.00215627,-0.03495482,0.13085922,0.11967761,-0.09654043,-0.10258653
10108640000000,synthetic_50hz_02,432,0.02,94.08805388,94.99758613,15.26191252,15.09664477,14.98072737,4.57999523,119.51769706,1,1,0,0,1,0.30805582,-0.19012159,0.12877901,-0.01062600,0.03217842,0.10459155,0.00313411,-0.04872348,-0.11832499,0.00444813,0.06386381,0.12864706,-0.01190213,-0.07716292,-0.13526018,0.01901299,0.08823739,0.13797369,-0.02557569,-0.09676794,-0.13670935,-0.00705154,0.14808726,-0.14340383,-0.00141457,0.07435658,-0.35044799,0.00988000,0.18185652,-0.11895390,-0.01810847,0.04373144,-0.36808739,0.02586958,0.20847386,-0.10862737,-0.03294530,0.02186949,-0.37081214,0.25115399,0.58209930,0.52160076,-0.25794233,-0.54218755,-0.41162818,0.25729408,0.48664428,0.28978817,-0.24922792,-0.41707082,-0.15959343,0.23397640,0.33547302,0.02479754,-0.21197923,-0.24420337,0.11071327,-0.02026713,-0.01446683,-0.99968997,0.00175281,-0.03492651,0.12877901,0.12020646,-0.09580925,-0.10287134
10108660000000,synthetic_50hz_02,433,0.02,93.63452551,94.72497401,15.14381475,14.98072737,14.86404906,4.59090224,119.54720480,1,1,0,0,1,0.31051048,-0.19196388,0.12669352,0.00001343,0.05540967,0.12350429,-0.00759737,-0.06989058,-0.13235083,0.01496227,0.08235652,0.13738163,-0.02189580,-0.09244808,-0.13845166,0.02819807,0.09987432,0.13553006,-0.03368738,-0.10442114,-0.12870106,0.00354344,0.17127596,-0.12449262,-0.01210516,0.05323519,-0.36446532,0.02035762,0.20030125,-0.11023466,-0.02807073,0.02849555,-0.37125704,0.03502898,0.22006121,-0.11109890,-0.04103754,0.01426519,-0.36277045,0.26019887,0.52421952,0.36459047,-0.25643486,-0.46225071,-0.23805412,0.24527771,0.38695501,0.10465457,-0.22704909,-0.30050321,0.03176223,0.20227454,0.20538776,-0.16726331,-0.17166832,-0.10435089,0.29794211,-0.02015971,-0.01439653,-0.99969316,0.00134878,-0.03489135,0.12669352,0.12071174,-0.09507030,-0.10315193
10108680000000,synthetic_50hz_02,434,0.02,93.79951589,94.53988239,15.02631316,14.86404906,14.72437641,4.60173930,119.57658377,1,1,0,0,1,0.31297288,-0.19379062,0.12460284,0.01075483,0.07565056,0.13543430,-0.01799171,-0.08720725,-0.13883348,0.02470988,0.09624972,0.13823003,-0.03071566,-0.10251727,-0.13364134,0.03583589,0.10582919,0.12519971,-0.03992295,-0.10609001,-0.11314851,0.01424026,0.19147447,-0.11256384,-0.02245844,0.03596411,-0.37093976,0.03006851,0.21414656,-0.10940129,-0.03685893,0.01847560,-0.36642517,0.04264085,0.22596649,-0.12145688,-0.04725339,0.01264527,-0.34718473,0.25423324,0.43498098,0.18405636,-0.23998101,-0.35423784,-0.04807736,0.21881002,0.26328185,-0.08928773,-0.19133063,-0.16473533,0.22407861,0.15833510,0.06143941,-0.35240921,-0.12077469,0.04362784,0.47057968,-0.02005313,-0.01431900,-0.99969641,0.00094431,-0.03484935,0.12460284,0.12119337,-0.09432365,-0.10342830
10108700000000,synthetic_50hz_02,435,0.02,93.51346046,94.33459800,14.89949973,14.72437641,14.58610912,4.61250303,119.60582467,1,1,0,0,1,0.31544253,-0.19560166,0.12250707,0.02097206,0.09167716,0.13958794,-0.02743697,-0.09960849,-0.13728983,0.03311087,0.10466807,0.13103358,-0.03783016,-0.10671002,-0.12099957,0.04145879,0.10567547,0.10747709,-0.04389214,-0.10159425,-0.09085599,0.02441278,0.20745884,-0.10841111,-0.03186247,0.02360835,-0.36938820,0.03843256,0.22251709,-0.11661248,-0.04394154,0.01433205,-0.35376212,0.04823754,0.22576317,-0.13920689,-0.05120258,0.01719004,-0.32485926,0.23332372,0.31902527,-0.00985830,-0.20926370,-0.22395341,0.14747073,0.17917051,0.12242487,-0.28083152,-0.14391175,-0.01736677,0.40609580,0.10450394,-0.08819203,-0.51965216,-0.06208324,0.19120821,0.61822669,-0.01994742,-0.01423424,-0.99969974,0.00053954,-0.03480053,0.12250707,0.12165124,-0.09356937,-0.10370043
10108720000000,synthetic_50hz_02,436,0.02,93.39523067,94.14672453,14.76787567,14.58610912,14.44657551,4.62319004,119.63491819,1,1,0,0,1,0.31791896,-0.19739686,0.12040627,0.03005876,0.10249249,0.13561652,-0.03536633,-0.10630050,-0.12770194,0.03965427,0.10704382,0.11610566,-0.04279897,-0.10470101,-0.10116199,0.04470974,0.09933963,0.08330178,-0.04533152,-0.09111424,-0.06303994,0.03345464,0.21823211,-0.11238314,-0.03975042,0.01696169,-0.35979271,0.04493883,0.22484511,-0.13155484,-0.04887823,0.01639021,-0.33390355,0.05146203,0.21937774,-0.16340932,-0.05262168,0.02771909,-0.29701050,0.19842442,0.18268382,-0.20598548,-0.16582702,-0.07865478,0.33718128,0.12844875,-0.02764191,-0.45865600,-0.08736724,0.13314167,0.56690744,0.04376690,-0.23480289,-0.65881469,0.00109527,0.32969463,0.73172799,-0.01984261,-0.01414225,-0.99970313,0.00013459,-0.03474488,0.12040627,0.12208527,-0.09280750,-0.10396832
10108740000000,synthetic_50hz_02,437,0.02,92.90780842,93.89894131,14.63292960,14.44657551,14.32493557,4.63379714,119.66385501,1,1,0,0,1,0.32040168,-0.19917607,0.11830054,0.03746507,0.10739111,0.12364665,-0.04129297,-0.10681400,-0.11052817,0.04393038,0.10315740,0.09422311,-0.04530126,-0.09652671,-0.07520155,0.04536608,0.08711312,0.05401190,-0.04412298,-0.07518801,-0.03126506,0.04081597,0.22308884,-0.12435331,-0.04563549,0.01649341,-0.34261164,0.04917761,0.22091104,-0.15345154,-0.05134816,0.02461363,-0.30792240,0.05209163,0.20710163,-0.19272607,-0.05139257,0.04369441,-0.26520313,0.15134303,0.03364207,-0.39277652,-0.11200624,0.07334564,0.50973837,0.06944026,-0.17821875,-0.61200422,-0.02487228,0.27795374,0.69662571,-0.02041278,-0.36967519,-0.76116315,0.06510932,0.45073873,0.80375591,-0.01973870,-0.01404305,-0.99970658,-0.00027041,-0.03468242,0.11830054,0.12249538,-0.09203812,-0.10423194
10108760000000,synthetic_50hz_02,438,0.02,92.17735105,93.55462326,14.50357211,14.32493557,14.23207038,4.64432241,119.69262579,1,1,0,0,1,0.32289020,-0.20093915,0.11618997,0.04273181,0.10600748,0.10428257,-0.04484099,-0.10103915,-0.08668549,0.04565739,0.09315782,0.06658922,-0.04515747,-0.08259070,-0.04457316,0.04335563,0.06964246,0.02127203,-0.04030384,-0.05468639,0.00264238,0.04603761,0.22166346,-0.14371739,-0.04914177,0.02231337,-0.31876196,0.05086707,0.21086390,-0.18109928,-0.05117178,0.03859871,-0.27727357,0.05005420,0.18958136,-0.22549255,-0.04755258,0.06424517,-0.23126345,0.09465388,-0.11948907,-0.55898887,-0.05080739,0.22315445,0.65460393,0.00549610,-0.32038618,-0.73134646,0.03997364,0.40838103,0.78700393,-0.08429093,-0.48460206,-0.81997171,0.12617806,0.54685179,0.82929932,-0.01963573,-0.01393663,-0.99971010,-0.00067531,-0.03461316,0.11618997,0.12288147,-0.09126128,-0.10449130
10108780000000,synthetic_50hz_02,439,0.02,92.03247696,93.25019400,14.38954138,14.23207038,14.14502863,4.65476621,119.72122120,1,1,0,0,1,0.32538403,-0.20268596,0.11407463,0.04551994,0.09834477,0.07857932,-0.04577023,-0.08923935,-0.05750352,0.04470095,0.07756111,0.03476986,-0.04234291,-0.06364676,-0.01103377,0.03876411,0.04789743,-0.01302042,-0.03406772,-0.03076720,0.03669923,0.04878051,0.21395919,-0.16942032,-0.05002911,0.03415814,-0.28957330,0.04987289,0.19521972,-0.21293220,-0.04832440,0.05759168,-0.24371403,0.04543543,0.16778674,-0.25981135,-0.04129534,0.08821353,-0.19717457,0.03156138,-0.26767099,-0.69437388,0.01425779,0.36182076,0.76267479,-0.05966590,-0.44553906,-0.80898744,0.10335382,0.51641226,0.83197660,-0.14406199,-0.57239706,-0.83097949,0.18061679,0.61187938,0.80602485,-0.01953371,-0.01382302,-0.99971367,-0.00108000,-0.03453712,0.11407463,0.12324348,-0.09047705,-0.10474637
10108800000000,synthetic_50hz_02,440,0.02,91.73883796,92.94792279,14.28684603,14.14502863,14.07280581,4.66513027,119.74963190,1,1,0,0,1,0.32788268,-0.20441634,0.11195463,0.04563338,0.08478188,0.04798779,-0.04399342,-0.07204259,-0.02465222,0.04108512,0.05722628,0.00060592,-0.03699230,-0.04076011,0.02345786,0.03183299,0.02311881,-0.04684533,-0.02575591,-0.00481098,0.06888223,0.04884860,0.20035491,-0.20001123,-0.04821023,0.05139973,-0.25671562,0.04621912,0.17483751,-0.24710940,-0.04294074,0.08052730,-0.20920252,0.03847680,0.14295853,-0.29366235,-0.03296213,0.11421897,-0.16495980,-0.03427910,-0.40197545,-0.79032284,0.07937266,0.48087789,0.82686991,-0.12217787,-0.54591640,-0.83957793,0.16146063,0.59521589,0.82808053,-0.19608841,-0.62735502,-0.79270918,0.22506287,0.64140722,0.73448366,-0.01943267,-0.01370221,-0.99971731,-0.00148433,-0.03445431,0.11195463,0.12358133,-0.08968550,-0.10499716
10108820000000,synthetic_50hz_02,441,0.02,91.50631346,92.65960092,14.19694914,14.07280581,14.01387478,4.67541762,119.77784853,1,1,0,0,1,0.33038567,-0.20613017,0.10983003,0.04303353,0.06605746,0.01427424,-0.03958433,-0.05041024,0.00995286,0.03499389,0.03330968,-0.03389302,-0.02939456,-0.01524877,0.05685603,0.02294777,-0.00325176,-0.07817985,-0.01583939,0.02165854,0.09724971,0.04620326,0.18158926,-0.23372386,-0.04375890,0.07307679,-0.22210446,0.04008975,0.15087361,-0.28162131,-0.03530972,0.10608757,-0.17578476,0.02956383,0.11653837,-0.32502270,-0.02302393,0.14073774,-0.13656077,-0.09897291,-0.51413029,-0.84042951,0.14064062,0.57286993,0.84260897,-0.17825360,-0.61509346,-0.82049562,0.21072745,0.63958356,0.77472699,-0.23712592,-0.64563417,-0.70662263,0.25668795,0.63307085,0.61814600,-0.01933262,-0.01357424,-0.99972099,-0.00188819,-0.03436475,0.10983003,0.12389497,-0.08888667,-0.10524364
10108840000000,synthetic_50hz_02,442,0.02,91.37520966,92.40272267,14.12005791,14.01387478,13.96469898,4.68563237,119.80586174,1,1,0,0,1,0.33289251,-0.20782730,0.10770094,0.03784445,0.04323154,-0.02058127,-0.03277614,-0.02558464,0.04426252,0.02676288,0.00720013,-0.06666765,-0.01997804,0.01139196,0.08715073,0.01261722,-0.02965562,-0.10512122,-0.00489264,0.04706430,0.12006100,0.04096858,0.15872228,-0.26857813,-0.03690832,0.09794696,-0.18778903,0.03182041,0.12471687,-0.31440861,-0.02585969,0.13277718,-0.14547075,0.01920527,0.09008493,-0.35198962,-0.01205522,0.16619278,-0.11371817,-0.15861829,-0.59703916,-0.84093129,0.19432105,0.63182969,0.80814904,-0.22442144,-0.64840428,-0.75206747,0.24805166,0.64628507,0.67430344,-0.26453044,-0.62553315,-0.57709894,0.27338267,0.58674683,0.46325640,-0.01923357,-0.01343911,-0.99972473,-0.00229143,-0.03426845,0.10770094,0.12418432,-0.08808065,-0.10548582
10108860000000,synthetic_50hz_02,443,0.02,90.91793991,92.10576612,14.05480716,13.96469898,13.93799182,4.69577937,119.83366219,1,1,0,0,1,0.33540269,-0.20950760,0.10556744,0.03034812,0.01762657,-0.05450169,-0.02395008,0.00098163,0.07621624,0.01686154,-0.01956153,-0.09573344,-0.00928688,0.03757747,0.11249059,0.00144447,-0.05451002,-0.12600460,0.00643959,0.06987103,0.13588583,0.03342653,0.13307642,-0.30249701,-0.02803971,0.12455768,-0.15582984,0.02188054,0.09790810,-0.34348676,-0.01513479,0.15901151,-0.12011186,0.00800425,0.06518096,-0.37289830,-0.00070077,0.18904884,-0.09786229,-0.20954474,-0.64524146,-0.79099792,0.23706142,0.65367660,0.72475404,-0.25774351,-0.64326595,-0.63761516,0.27099473,0.61430964,0.53209354,-0.27643305,-0.56764249,-0.41123142,0.27390167,0.50460995,0.27851330,-0.01913557,-0.01329685,-0.99972851,-0.00269393,-0.03416544,0.10556744,0.12444933,-0.08726749,-0.10572367
10108880000000,synthetic_50hz_02,444,0.02,90.92245635,91.86910417,14.00574472,13.93799182,13.91340862,4.70586464,119.86124054,1,1,0,0,1,0.33791574,-0.21117092,0.10342962,0.02096989,-0.00924890,-0.08543809,-0.01361455,0.02771091,0.10386777,0.00586669,-0.04537400,-0.11930289,0.00205030,0.06172893,0.13129845,-0.00990818,-0.07630419,-0.13950862,0.01748040,0.08867957,0.14369669,0.02400246,0.10616025,-0.33343156,-0.01766147,0.15133125,-0.12817315,0.01084698,0.07204863,-0.36706829,-0.00376366,0.18321174,-0.10128526,-0.00337691,0.04333723,-0.38642736,0.01036255,0.20790673,-0.09002060,-0.24854295,-0.65528204,-0.69284526,0.26611113,0.63650722,0.59668181,-0.27600719,-0.59938160,-0.48331574,0.27794584,0.54497553,0.35601545,-0.27187119,-0.47485757,-0.21845107,0.25795836,0.39104924,0.07458865,-0.01903861,-0.01314748,-0.99973233,-0.00309556,-0.03405573,0.10342962,0.12468994,-0.08644727,-0.10595720
10108900000000,synthetic_50hz_02,445,0.02,90.61152996,91.61758932,13.96696356,13.91340862,13.90377780,4.71589439,119.88858742,1,1,0,0,1,0.34043116,-0.21281715,0.10128755,0.01025468,-0.03578947,-0.11149534,-0.00237611,0.05299484,0.12550586,-0.00557096,-0.06867235,-0.13589798,0.01335742,0.08237000,0.14237211,-0.02075878,-0.09369288,-0.14474158,0.02756166,0.10231455,0.14293808,0.01324130,0.07957914,-0.35948665,-0.00638017,0.17665934,-0.10653020,-0.00062959,0.04870338,-0.38367516,0.00757765,0.20390152,-0.09019315,-0.01425629,0.02589900,-0.39168509,0.02046659,0.22159110,-0.09074862,-0.27307143,-0.62596500,-0.55166236,0.27950286,0.58075726,0.43098465,-0.27787608,-0.51880602,-0.29788146,0.26823801,0.44189736,0.15619020,-0.25086651,-0.35224860,-0.00999591,0.22626241,0.25244434,-0.13648657,-0.01894272,-0.01299104,-0.99973620,-0.00349619,-0.03393934,0.10128755,0.12490612,-0.08562004,-0.10618638
10108920000000,synthetic_50hz_02,446,0.02,90.17644686,91.32936083,13.94042554,13.90377780,13.91178905,4.72587529,119.91569351,1,1,0,0,1,0.34294845,-0.21444613,0.09914134,-0.00116449,-0.06038976,-0.13105049,0.00909619,0.07529249,0.13976263,-0.01676563,-0.08802450,-0.14444536,0.02395172,0.09821871,0.14496366,-0.03044727,-0.10558124,-0.14130259,0.03606501,0.10989981,0.13356770,0.00177605,0.05493850,-0.37903933,0.00513514,0.19900101,-0.09226887,-0.01186337,0.02930443,-0.39223401,0.01820635,0.21979889,-0.08758343,-0.02397379,0.01396111,-0.38827060,0.02899299,0.22922577,-0.10008866,-0.28142623,-0.55847241,-0.37535161,0.27618928,0.48922157,0.23713135,-0.26298967,-0.40586624,-0.09207447,0.24220795,0.31080960,-0.05563695,-0.21444325,-0.20679217,0.20174434,0.18049606,0.09681282,-0.34203534,-0.01884792,-0.01282754,-0.99974010,-0.00389568,-0.03381631,0.09914134,0.12509782,-0.08478588,-0.10641121
10108940000000,synthetic_50hz_02,447,0.02,90.19099331,91.10168733,13.92839821,13.91178905,13.91758588,4.73581460,119.94254948,1,1,0,0,1,0.34546712,-0.21605775,0.09699107,-0.01260413,-0.08154291,-0.14285633,0.02011095,0.09322580,0.14570253,-0.02703797,-0.10222095,-0.14434805,0.03318547,0.10826902,0.13883195,-0.03837621,-0.11119564,-0.12931326,0.04246055,0.11091644,0.11606641,-0.00970977,0.03374518,-0.39084241,0.01619308,0.21697820,-0.08632474,-0.02217499,0.01506127,-0.39214787,0.02747472,0.22989778,-0.09369725,-0.03193200,0.00829721,-0.37630550,0.03541186,0.23029183,-0.11755985,-0.27286208,-0.45633732,-0.17409409,0.25612536,0.36692733,0.02647015,-0.23200443,-0.26693866,0.12191694,0.20119470,0.15925402,-0.26678910,-0.16458443,-0.04697801,0.40396961,0.12322912,-0.06665240,-0.52950349,-0.01875423,-0.01265701,-0.99974403,-0.00429391,-0.03368664,0.09699107,0.12526500,-0.08394485,-0.10663169
10108960000000,synthetic_50hz_02,448,0.02,89.73564523,90.82847891,13.92385703,13.91758588,13.94009298,4.74571924,119.96914599,1,1,0,0,1,0.34798669,-0.21765186,0.09483683,-0.02337154,-0.09793448,-0.14612319,0.02999663,0.10566654,0.14288567,-0.03575690,-0.11035219,-0.13552870,0.04048628,0.11185633,0.12426437,-0.04404842,-0.11013560,-0.10941744,0.04634062,0.10523961,0.09141595,-0.02052348,0.01731362,-0.39410618,0.02612207,0.22946267,-0.08913765,-0.03093340,0.00688343,-0.38333940,0.03481038,0.23353363,-0.10824724,-0.03763372,0.00930775,-0.35643365,0.03931552,0.22466446,-0.14218045,-0.24765622,-0.32526925,0.04023667,0.22028969,0.22086519,-0.18843680,-0.18657210,-0.11009349,0.33120421,0.14747555,-0.00385227,-0.46442285,-0.10412722,0.11768696,0.58425197,0.05777685,-0.22812868,-0.68723682,-0.01866166,-0.01247950,-0.99974800,-0.00469075,-0.03355038,0.09483683,0.12540763,-0.08309702,-0.10684780
10108980000000,synthetic_50hz_02,449,0.02,89.35515461,90.53381405,13.93067613,13.94009298,13.97366683,4.75559631,119.99547375,1,1,0,0,1,0.35050664,-0.21922834,0.09267870,-0.03280735,-0.10852592,-0.14057346,0.03814307,0.11180900,0.13140149,-0.04237910,-0.11186859,-0.11844115,0.04539332,0.10870295,0.10206610,-0.04709883,-0.10240335,-0.08274843,0.04744646,0.09315141,0.06104509,-0.03000569,0.00668237,-0.38855307,0.03431198,0.23564872,-0.10061820,-0.03759526,0.00532054,-0.36626243,0.03975249,0.23042871,-0.13042820,-0.04071390,0.01699054,-0.32978833,0.04044523,0.21262575,-0.17252171,-0.20710942,-0.17284011,0.25477834,0.17064225,0.05959215,-0.39456830,-0.12925539,0.05537389,0.52298268,0.08414203,-0.16874347,-0.63631921,-0.03660282,0.27724809,0.73131037,-0.01199167,-0.37775953,-0.80521751,-0.01857024,-0.01229504,-0.99975198,-0.00508607,-0.03340753,0.09267870,0.12552567,-0.08224246,-0.10705953
10109000000000,synthetic_50hz_02,450,0.02,89.38928842,90.30490892,13.94873223,13.97366683,14.00083056,4.76545304,120.02152344,1,1,0,0,1,0.35302650,-0.22078707,0.09051677,-0.04032653,-0.11262190,-0.12646512,0.04403989,0.11122361,0.11186970,-0.04648356,-0.10661869,-0.09404903,0.04758710,0.09893990,0.07351689,-0.04731867,-0.08840863,-0.05086521,0.04568602,0.07532850,0.02674707,-0.03757138,0.00254676,-0.37444104,0.04025242,0.23510677,-0.12014666,-0.04173957,0.01052406,-0.34188059,0.04198154,0.22071406,-0.15896039,-0.04096374,0.03093581,-0.29792854,0.03870892,0.19485233,-0.20679037,-0.15348304,-0.00804744,0.45645890,0.11001993,-0.10727120,-0.57924201,-0.06338490,0.21949717,0.68532531,0.01492245,-0.32539494,-0.77165037,0.03397022,0.42191141,0.83572838,-0.08188351,-0.50626398,-0.87571195,-0.01847998,-0.01210366,-0.99975599,-0.00547974,-0.03325814,0.09051677,0.12561912,-0.08138123,-0.10726687
10109020000000,synthetic_50hz_02,451,0.02,89.42175355,90.12827785,13.97061353,14.00083056,14.02339035,4.77529587,120.04728579,1,1,0,0,1,0.35554577,-0.22232791,0.08835114,-0.04545532,-0.10991725,-0.10458200,0.04730912,0.10388780,0.08540833,-0.04779897,-0.09486322,-0.06377230,0.04691076,0.08310368,0.04029768,-0.04467009,-0.06894823,-0.01566127,0.04114156,0.05280497,-0.00942667,-0.04274679,0.00521196,-0.35255392,0.04356541,0.22781425,-0.14660502,-0.04309501,0.02223325,-0.31161383,0.04134070,0.20492617,-0.19216286,-0.03834541,0.05034679,-0.26274775,0.03418886,0.17237832,-0.24293500,-0.08987460,0.15921958,0.63280284,0.04197509,-0.26961918,-0.73090556,0.00713457,0.37224554,0.80793593,-0.05603855,-0.46413988,-0.86167313,0.10332690,0.54265286,0.89056789,-0.14763630,-0.60552090,-0.89378717,-0.01839089,-0.01190541,-0.99976001,-0.00587164,-0.03310223,0.08835114,0.12568795,-0.08051342,-0.10746982
10109040000000,synthetic_50hz_02,452,0.02,89.12113749,89.92684978,13.99277979,14.02339035,14.05536464,4.78513007,120.07275153,1,1,0,0,1,0.35806394,-0.22385075,0.08618189,-0.04786174,-0.10052004,-0.07619121,0.04772995,0.09019191,0.05357012,-0.04622209,-0.07726350,-0.02940457,0.04338162,0.06210755,0.00439128,-0.03929044,-0.04516101,0.02074861,0.03406650,0.02691245,-0.04529031,-0.04519993,0.01456992,-0.32415882,0.04403015,0.21416150,-0.17844053,-0.04155834,0.03978681,-0.27725577,0.03784727,0.18397830,-0.22805282,-0.03299626,0.07408462,-0.22636075,0.02713847,0.14653535,-0.27876978,-0.02003888,0.31877928,0.77271399,-0.02943344,-0.41747994,-0.83987039,0.07805717,0.50414445,0.88281293,-0.12443048,-0.57627424,-0.90030357,0.16721641,0.63178978,0.89183803,-0.20518140,-0.66909053,-0.85766038,-0.01830301,-0.01170033,-0.99976405,-0.00626163,-0.03293983,0.08618189,0.12573214,-0.07963908,-0.10766837
10109060000000,synthetic_50hz_02,453,0.02,89.54313040,89.85010590,14.01906543,14.05536464,14.06783786,4.79496052,120.09791140,1,1,0,0,1,0.36058054,-0.22535545,0.08400911,-0.04737751,-0.08494916,-0.04296982,0.04525404,0.07091926,0.01825110,-0.04182587,-0.05484472,0.00699380,0.03719184,0.03718899,-0.03203707,-0.03148555,-0.01846108,0.05615669,0.02487152,-0.00079907,-0.07865729,-0.04476253,0.03010174,-0.29093282,0.04159828,0.19493183,-0.21375714,-0.03720250,0.06215954,-0.24086677,0.03169341,0.15910793,-0.26446502,-0.02522210,0.10073519,-0.19097528,0.01796842,0.11887337,-0.31210815,0.05183527,0.46078479,0.86718431,-0.09988463,-0.54163606,-0.89894051,0.14505428,0.60687171,0.90477984,-0.18604194,-0.65461097,-0.88453395,0.22166593,0.68347749,0.83878653,-0.25089919,-0.69263904,-0.76885650,-0.01821634,-0.01148847,-0.99976809,-0.00664960,-0.03277098,0.08400911,0.12575168,-0.07875830,-0.10786251
10109080000000,synthetic_50hz_02,454,0.02,89.20586939,89.72125860,14.03954985,14.06783786,14.09397717,4.80479047,120.12275618,1,1,0,0,1,0.36309507,-0.22684190,0.08183288,-0.04401004,-0.06410615,-0.00690513,0.04001009,0.04720152,-0.01842327,-0.03485662,-0.02893605,0.04322052,0.02869822,0.00983634,-0.06677170,-0.02171244,0.00954695,0.08839783,0.01410068,-0.02865501,-0.10747540,-0.04144199,0.05090587,-0.25486322,0.03639852,0.17125693,-0.25042941,-0.03027383,0.08802228,-0.20464912,0.02323593,0.13180340,-0.29918380,-0.01547997,0.12869388,-0.15875648,0.00722278,0.09106700,-0.34089790,0.12137872,0.57633983,0.90988251,-0.16505973,-0.63420729,-0.90389438,0.20398199,0.67379026,0.87184655,-0.23702336,-0.69394754,-0.81466297,0.26323123,0.69409799,0.73399229,-0.28185002,-0.67423727,-0.63216026,-0.01813090,-0.01126988,-0.99977213,-0.00703541,-0.03259570,0.08183288,0.12574658,-0.07787113,-0.10805224
10109100000000,synthetic_50hz_02,455,0.02,89.46678878,89.67036464,14.06240932,14.09397717,14.10872366,4.81462290,120.14727666,1,1,0,0,1,0.36560702,-0.22830998,0.07965331,-0.03794351,-0.03922291,0.02982540,0.03229749,0.02045187,-0.05422751,-0.02572033,-0.00109118,0.07706622,0.01840164,-0.01830097,-0.09768307,-0.01055241,0.03716549,0.11548368,0.00239896,-0.05495851,-0.12995483,-0.03542247,0.07575043,-0.21812746,0.02873025,0.14454995,-0.28623186,-0.02117828,0.11582133,-0.17081219,0.01297568,0.10371413,-0.33007960,-0.00435116,0.15626312,-0.13169268,-0.00445347,0.06481308,-0.36334922,0.18431094,0.65806381,0.89758304,-0.22091037,-0.68915766,-0.85378684,0.25114086,0.70038278,0.78537557,-0.27413083,-0.69141553,-0.69432155,0.28921749,0.66251445,0.58324992,-0.29596587,-0.61451277,-0.45536293,-0.01804670,-0.01104460,-0.99977616,-0.00741894,-0.03241404,0.07965331,0.12571684,-0.07697766,-0.10823753
10109120000000,synthetic_50hz_02,456,0.02,89.34193112,89.60467793,14.08186134,14.10872366,14.12941054,4.82445980,120.17146365,1,1,0,0,1,0.36811592,-0.22975956,0.07747047,-0.02952890,-0.01178818,0.06498727,0.02256921,-0.00772017,-0.08697287,-0.01495884,0.02700594,0.10645100,0.00691720,-0.04551312,-0.12286010,0.00132387,0.06270814,0.13572709,-0.00952677,-0.07809525,-0.14468100,-0.02705498,0.10314668,-0.18296006,0.01904643,0.11642043,-0.31897574,-0.01045770,0.14387276,-0.14143586,0.00152780,0.07654993,-0.35524136,0.00749367,0.18175650,-0.11147105,-0.01635348,0.04172592,-0.37804754,0.23670681,0.70056925,0.83040566,-0.26391337,-0.70269363,-0.75104935,0.28351119,0.68455903,0.65003994,-0.29493525,-0.64668828,-0.53028958,0.29785618,0.59017320,0.39525072,-0.29218979,-0.51664315,-0.24881659,-0.01796378,-0.01081269,-0.99978019,-0.00780007,-0.03222602,0.07747047,0.12566245,-0.07607795,-0.10841840
10109140000000,synthetic_50hz_02,457,0.02,89.37290511,89.55832337,14.10183200,14.12941054,14.14931274,4.83430289,120.19530799,1,1,0,0,1,0.37062127,-0.23119053,0.07528446,-0.01926357,0.01654260,0.09642665,0.01140487,-0.03560669,-0.11464293,-0.00321736,0.05364422,0.12955400,-0.00506290,-0.07013516,-0.14072997,0.01319720,0.08460408,0.14784863,-0.02095102,-0.09663382,-0.15070474,-0.01683688,0.13143916,-0.15151485,0.00792669,0.08857627,-0.34664462,0.00124268,0.17046546,-0.11834103,-0.01041554,0.05197577,-0.37309624,0.01933531,0.20360321,-0.09937102,-0.02775174,0.02323694,-0.38404368,0.27524463,0.70081999,0.71184786,-0.29129574,-0.67352633,-0.60137922,0.29894866,0.62681459,0.47357253,-0.29798275,-0.56203149,-0.33211253,0.28842586,0.48104477,0.18107756,-0.27055351,-0.38618930,-0.02482205,-0.01788213,-0.01057421,-0.99978420,-0.00817867,-0.03203169,0.07528446,0.12558344,-0.07517208,-0.10859482
10109160000000,synthetic_50hz_02,458,0.02,89.15725671,89.47811004,14.12177391,14.14931274,14.17833229,4.84415357,120.21880055,1,1,0,0,1,0.37312257,-0.23260278,0.07309537,-0.00776149,0.04404847,0.12220402,-0.00052415,-0.06150636,-0.13551937,0.00879468,0.07719100,0.14492763,-0.01681166,-0.09065019,-0.15015756,0.02434395,0.10149589,0.15105838,-0.03117439,-0.10941542,-0.14760411,-0.00538210,0.15890693,-0.12573134,-0.00395760,0.06271880,-0.36752020,0.01321347,0.19396679,-0.10297525,-0.02212734,0.03150855,-0.38250914,0.03045013,0.22044584,-0.09618250,-0.03794886,0.01050493,-0.38091571,0.29741894,0.65834596,0.54860558,-0.30121513,-0.60297952,-0.41342252,0.29632714,0.53022890,0.26632029,-0.28289590,-0.44219154,-0.11153992,0.26130864,0.34140559,-0.04645620,-0.23218773,-0.23077676,0.20311296,-0.01780178,-0.01032922,-0.99978820,-0.00855462,-0.03183107,0.07309537,0.12547981,-0.07426012,-0.10876679
10109180000000,synthetic_50hz_02,459,0.02,89.08519426,89.39952688,14.14552843,14.17833229,14.20955098,4.85401346,120.24193222,1,1,0,0,1,0.37561935,-0.23399618,0.07090328,0.00428403,0.06904887,0.14071532,-0.01249572,-0.08382958,-0.14828994,0.02034716,0.09619343,0.15158929,-0.02761198,-0.10578398,-0.15051825,0.03408074,0.11232473,0.14510770,-0.03956692,-0.11562711,-0.13551363,0.00661601,0.18386944,-0.10721359,-0.01588430,0.04043762,-0.38029021,0.02472451,0.21292388,-0.09632115,-0.03289049,0.01642248,-0.38285544,0.04015475,0.23122553,-0.10215412,-0.04631488,0.00434284,-0.36879815,0.30170457,0.57529903,0.35019107,-0.29288388,-0.49493473,-0.19826839,0.27561921,0.40030124,0.04062954,-0.25040832,-0.29412687,0.11818068,0.21797803,0.17947269,-0.27358370,-0.17926334,-0.05964422,0.42109917,-0.01772274,-0.01007776,-0.99979217,-0.00892780,-0.03162422,0.07090328,0.12535158,-0.07334214,-0.10893431
10109200000000,synthetic_50hz_02,460,0.02,88.87369221,89.29435995,14.17241790,14.20955098,14.24817660,4.86388430,120.26469394,1,1,0,0,1,0.37811110,-0.23537063,0.06870829,0.01614269,0.09000770,0.15079273,-0.02378124,-0.10119717,-0.15213162,0.03073416,0.10946908,0.14908447,-0.03680100,-0.11458494,-0.14173915,0.04180685,0.11639727,0.13030743,-0.04560739,-0.11485381,-0.11511888,0.01842719,0.20479056,-0.09712943,-0.02712482,0.02311190,-0.38413163,0.03506991,0.22615433,-0.09883322,-0.04204214,0.00766915,-0.37406223,0.04784848,0.23524896,-0.11697507,-0.05232858,0.00516574,-0.34837657,0.28766059,0.45634499,0.12837035,-0.26662804,-0.35561530,0.03121489,0.23790849,0.24463306,-0.18990018,-0.20232992,-0.12659794,0.34311056,0.16091809,0.00491293,-0.48642890,-0.11486691,0.11691371,0.61572328,-0.01764503,-0.00981992,-0.99979611,-0.00929809,-0.03141117,0.06870829,0.12519879,-0.07241823,-0.10909737
10109220000000,synthetic_50hz_02,461,0.02,89.19399942,89.27428784,14.20423655,14.24817660,14.27285468,4.87376812,120.28707665,1,1,0,0,1,0.38059734,-0.23672602,0.06651048,0.02709213,0.10562867,0.15177876,-0.03369056,-0.11252652,-0.14676361,0.03931767,0.11618017,0.13751720,-0.04381124,-0.11648430,-0.12430610,0.04704171,0.11343013,0.10751120,-0.04891594,-0.10710572,-0.08761670,0.02932905,0.22037403,-0.09613634,-0.03698902,0.01182426,-0.37876369,0.04361166,0.23282034,-0.11040743,-0.04901480,0.00581734,-0.35661538,0.05305070,0.23223275,-0.13979169,-0.05561009,0.01296343,-0.32084782,0.25596735,0.30839686,-0.10354565,-0.22387709,-0.19322170,0.26116127,0.18533236,0.07247587,-0.41124749,-0.14144440,0.05035947,0.54947725,0.09347853,-0.17174292,-0.67186533,-0.04281764,0.28817495,0.77488321,-0.01756866,-0.00955574,-0.99980001,-0.00966536,-0.03119197,0.06651048,0.12502146,-0.07148845,-0.10925596
10109240000000,synthetic_50hz_02,462,0.02,89.82071694,89.38357366,14.23305617,14.27285468,14.27505302,4.88366621,120.30907136,1,1,0,0,1,0.38307759,-0.23806223,0.06430995,0.03646246,0.11493617,0.14356868,-0.04161471,-0.11709936,-0.13246676,0.04556718,0.11588651,0.11754576,-0.04820594,-0.11133261,-0.09923587,0.04945489,0.10356893,0.07806496,-0.04927804,-0.09281931,-0.05464339,0.03865171,0.22964423,-0.10433907,-0.04486792,0.00729296,-0.36446719,0.04981924,0.23248173,-0.13038551,-0.05337173,0.01101649,-0.33153163,0.05543102,0.22232254,-0.16925804,-0.05594490,0.02729944,-0.28784821,0.20839350,0.14020536,-0.33151234,-0.16708446,-0.01744009,0.47755706,0.12095830,-0.10582797,-0.60983358,-0.07134486,0.22604497,0.72452831,0.01967451,-0.33974499,-0.81833456,0.03256307,0.44365000,0.88854784,-0.01749365,-0.00928531,-0.99980387,-0.01002950,-0.03096665,0.06430995,0.12481963,-0.07055288,-0.10941007
10109260000000,synthetic_50hz_02,463,0.02,89.88098804,89.48305654,14.25069485,14.27505302,14.28110022,4.89357824,120.33066910,1,1,0,0,1,0.38555135,-0.23937916,0.06210679,0.04367768,0.11733633,0.12661867,-0.04706361,-0.11460717,-0.11006793,0.04909267,0.10857383,0.09034387,-0.04970636,-0.09941026,-0.06801517,0.04888700,0.08738064,0.04372555,-0.04665820,-0.07283179,-0.01817531,0.04581919,0.23200730,-0.12128142,-0.05027144,0.00982652,-0.34206903,0.05330262,0.22512423,-0.15759373,-0.05483418,0.02298621,-0.30029772,0.05483004,0.20608527,-0.20361727,-0.05329752,0.04733655,-0.25135407,0.14769467,-0.03816850,-0.54161432,-0.09958342,0.16114549,0.66710611,0.04860114,-0.27947658,-0.77336491,0.00378233,0.38975022,0.85732724,-0.05605676,-0.48878719,-0.91657243,0.10671505,0.57373220,0.94939241,-0.01742001,-0.00900869,-0.99980769,-0.01039040,-0.03073526,0.06210679,0.12459333,-0.06961159,-0.10955970
10109280000000,synthetic_50hz_02,464,0.02,90.02737318,89.59191986,14.26346510,14.28110022,14.28724732,4.90350330,120.35186092,1,1,0,0,1,0.38801815,-0.24067670,0.05990108,0.04829134,0.11265443,0.10191914,-0.04969651,-0.10517111,-0.08089049,0.04966890,0.09465566,0.05752973,-0.04820931,-0.08141124,-0.03251036,0.04535983,0.06581969,0.00655370,-0.04120261,-0.04833054,0.01959190,0.05038501,0.22728850,-0.14597298,-0.05285884,0.01930378,-0.31289257,0.05383660,0.21116137,-0.19041391,-0.05329896,0.04103250,-0.26477999,0.05126956,0.18447541,-0.24080867,-0.04781413,0.07188739,-0.21356108,0.07744992,-0.21596586,-0.72092532,-0.02538715,0.33170063,0.81805548,-0.02740754,-0.43787231,-0.89160072,0.07941206,0.53141993,0.93944069,-0.12912709,-0.60964647,-0.96019615,0.17511933,0.67029661,0.95326871,-0.01734776,-0.00872594,-0.99981145,-0.01074792,-0.03049784,0.05990108,0.12434261,-0.06866466,-0.10970485
10109300000000,synthetic_50hz_02,465,0.02,90.26196626,89.72592914,14.27345364,14.28724732,14.29040093,4.91344030,120.37263794,1,1,0,0,1,0.39047749,-0.24195474,0.05769292,0.05001412,0.10114630,0.07093474,-0.04934313,-0.08933525,-0.04667386,0.04724955,0.07494863,0.02106734,-0.04379375,-0.05840120,0.00514655,0.03907536,0.04017004,-0.03121206,-0.03323040,-0.02078076,0.05637772,0.05205988,0.21574368,-0.17694911,-0.05245984,0.03518067,-0.27867722,0.05137484,0.19140979,-0.22688202,-0.04884504,0.06408972,-0.22711047,0.04495154,0.15877689,-0.27859370,-0.03981387,0.09948674,-0.17674974,0.00184590,-0.38238918,-0.85831083,0.05105471,0.48380695,0.92092897,-0.10248339,-0.57127633,-0.95699631,0.15095742,0.64227556,0.96547299,-0.19507928,-0.69475768,-0.94611463,0.23357692,0.72720961,0.89947935,-0.01727692,-0.00843716,-0.99981515,-0.01110197,-0.03025445,0.05769292,0.12406752,-0.06771218,-0.10984550
10109320000000,synthetic_50hz_02,466,0.02,90.12424192,89.80559170,14.28057150,14.29040093,14.30557155,4.92338800,120.39299131,1,1,0,0,1,0.39292890,-0.24321319,0.05548239,0.04873174,0.08348303,0.03551502,-0.04601428,-0.06803363,-0.00946724,0.04197021,0.05062280,-0.01685349,-0.03671612,-0.03175248,0.04268833,0.03040348,0.01196672,-0.06729244,-0.02321430,0.00816404,0.08995648,0.05072951,0.19804394,-0.21236026,-0.04908525,0.05652314,-0.24147220,0.04605292,0.16703955,-0.26480827,-0.04172884,0.09078553,-0.18955636,0.03624589,0.13052475,-0.31469305,-0.02976946,0.12848111,-0.14314573,-0.07457768,-0.52726645,-0.94512239,0.12512763,0.60810531,0.96912183,-0.17207010,-0.67141222,-0.96518103,0.21405171,0.71536199,0.93341361,-0.24986210,-0.73868755,-0.87473544,0.27846886,0.74071639,0.79083825,-0.01720748,-0.00814240,-0.99981880,-0.01145242,-0.03000513,0.05548239,0.12376812,-0.06675421,-0.10998165
10109340000000,synthetic_50hz_02,467,0.02,90.08445319,89.86136400,14.29107152,14.30557155,14.32688335,4.93334578,120.41291221,1,1,0,0,1,0.39537190,-0.24445194,0.05326959,0.04451198,0.06070999,-0.00221867,-0.03990121,-0.04253315,0.02849571,0.03414007,0.02313007,-0.05395120,-0.02739465,-0.00306014,0.07785125,0.01985943,-0.01709802,-0.09950682,-0.01175166,0.03676324,0.11829356,0.04646169,0.17523463,-0.25008507,-0.04292632,0.08206430,-0.20351115,0.03818004,0.13950254,-0.30191109,-0.03236862,0.11952486,-0.15438142,0.02566785,0.10141125,-0.34692612,-0.01827827,0.15712986,-0.11478366,-0.14720535,-0.64167869,-0.97573949,0.19233492,0.69687527,0.95931875,-0.23191939,-0.73198060,-0.91524040,0.26481751,0.74598259,0.84477525,-0.29008083,-0.73847756,-0.74995483,0.30698097,0.70968188,0.63351287,-0.01713948,-0.00784176,-0.99982237,-0.01179915,-0.02974993,0.05326959,0.12344445,-0.06579083,-0.11011330
10109360000000,synthetic_50hz_02,468,0.02,90.60653481,90.01039816,14.30611249,14.32688335,14.33199186,4.94331374,120.43239189,1,1,0,0,1,0.39780600,-0.24567088,0.05105461,0.03760040,0.03418273,-0.04000290,-0.03136381,-0.01435602,0.06493335,0.02422298,-0.00588457,-0.08799174,-0.01638379,0.02595552,0.10851329,0.00807225,-0.04527815,-0.12590635,0.00047202,0.06329539,0.13966947,0.03950197,0.14867132,-0.28786012,-0.03434295,0.11028193,-0.16707572,0.02822006,0.11044376,-0.33595644,-0.02131882,0.14858740,-0.12370765,0.01384645,0.07318242,-0.37334407,-0.00602578,0.18371156,-0.09338302,-0.21162854,-0.71851101,-0.94792471,0.24857375,0.74451399,0.89170871,-0.27835247,-0.74905228,-0.80978434,0.30010615,0.73199504,0.70451350,-0.31320764,-0.69383404,-0.57893121,0.31727920,0.63566949,0.43665807,-0.01707292,-0.00753531,-0.99982586,-0.01214207,-0.02948890,0.05105461,0.12309659,-0.06482212,-0.11024043
10109380000000,synthetic_50hz_02,469,0.02,90.40425599,90.08916973,14.31698182,14.33199186,14.35188449,4.95329140,120.45142162,1,1,0,0,1,0.40023073,-0.24686993,0.04883754,0.02840518,0.00548404,-0.07557018,-0.02090848,0.01481331,0.09765515,0.01280897,-0.03468359,-0.11692467,-0.00434018,0.05355392,0.13282320,-0.00425374,-0.07088027,-0.14489238,0.01272502,0.08616311,0.15278424,0.03025853,0.11993678,-0.32341792,-0.02384152,0.13949159,-0.13435644,0.01676302,0.08160075,-0.36489387,-0.00923608,0.17623260,-0.09938632,0.00148602,0.04753165,-0.39234821,0.00625628,0.20662880,-0.08024380,-0.26391571,-0.75289265,-0.86296985,0.29038714,0.74788472,0.76998300,-0.30848657,-0.72131493,-0.65479719,0.31769218,0.67394929,0.52073326,-0.31773859,-0.60715338,-0.37165636,0.30862444,0.52285295,0.21186443,-0.01700781,-0.00722313,-0.99982927,-0.01248105,-0.02922209,0.04883754,0.12272461,-0.06384816,-0.11036305
10109400000000,synthetic_50hz_02,470,0.02,90.22822951,90.11698168,14.33164094,14.35188449,14.38281494,4.96327887,120.46999274,1,1,0,0,1,0.40264562,-0.24804898,0.04661847,0.01747192,-0.02367277,-0.10678682,-0.00915703,0.04323089,0.12469458,0.00057814,-0.06154263,-0.13900734,0.00801742,0.07808008,0.14931245,-0.01638183,-0.09236644,-0.15531282,0.02427395,0.10398984,0.15683544,0.01927699,0.09074434,-0.35462478,-0.01204388,0.16794931,-0.10731982,0.00448899,0.05469785,-0.38698074,0.00316084,0.20080544,-0.08288594,-0.01067673,0.02599690,-0.40278649,0.01783452,0.22450503,-0.07616840,-0.30085313,-0.74249848,-0.72562398,0.31517607,0.70651295,0.60111688,-0.32041234,-0.65015833,-0.45927929,0.31641097,0.57505933,0.30420047,-0.30328733,-0.48338111,-0.14035140,0.28141977,0.37776678,-0.02754406,-0.01694417,-0.00690531,-0.99983260,-0.01281599,-0.02894955,0.04661847,0.12232857,-0.06286903,-0.11048116
10109420000000,synthetic_50hz_02,471,0.02,90.16378815,90.12634298,14.35313402,14.38281494,14.41853166,4.97327709,120.48809663,1,1,0,0,1,0.40505019,-0.24920794,0.04439749,0.00545026,-0.05154804,-0.13178185,0.00319130,0.06919906,0.14442772,-0.01174084,-0.08485504,-0.15290967,0.01995189,0.09806461,0.15698316,-0.02758772,-0.10844693,-0.15653076,0.03442819,0.11570268,0.15156550,0.00720697,0.06283366,-0.37960973,0.00035076,0.19395744,-0.08758982,-0.00787334,0.03134174,-0.40088695,0.01513483,0.22083655,-0.07520440,-0.02191751,0.00986789,-0.40402198,0.02801831,0.23626736,-0.08141443,-0.32014121,-0.68769341,-0.54380855,0.32135865,0.62261834,0.39494899,-0.31331116,-0.53959288,-0.23470287,0.29623078,0.44101071,0.06769015,-0.27060992,-0.32971400,0.10127410,0.23718725,0.20891148,-0.26731858,-0.01688201,-0.00658194,-0.99983583,-0.01314677,-0.02867134,0.04439749,0.12190856,-0.06188481,-0.11059473
10109440000000,synthetic_50hz_02,472,0.02,89.96005242,90.09308487,14.38060103,14.41853166,14.46355651,4.98328759,120.50572472,1,1,0,0,1,0.40744397,-0.25034671,0.04217469,-0.00694586,-0.07648102,-0.14905915,0.01540243,0.09116898,0.15567011,-0.02341494,-0.10322851,-0.15779302,0.03075239,0.11231190,0.15536669,-0.03720324,-0.11815729,-0.14846106,0.04258150,0.12059615,0.13727524,-0.00523757,0.03786547,-0.39687665,0.01260832,0.21596715,-0.07635086,-0.01959093,0.01292471,-0.40577389,0.02597502,0.23513031,-0.07681035,-0.03156812,0.00010908,-0.39596955,0.03620142,0.24121030,-0.09568104,-0.32053436,-0.59151124,-0.32813795,0.30846639,0.50098104,0.16358559,-0.28750519,-0.39600731,0.00568302,0.25825508,0.27961651,-0.17478778,-0.22155936,-0.15516423,0.33885333,0.17847598,0.02623850,-0.49314958,-0.01682134,-0.00625311,-0.99983896,-0.01347330,-0.02838750,0.04217469,0.12146465,-0.06089557,-0.11070378
10109460000000,synthetic_50hz_02,473,0.02,89.58103788,89.99067547,14.41544233,14.46355651,14.52286614,4.99331254,120.52286849,1,1,0,0,1,0.40982649,-0.25146521,0.03995017,-0.01898140,-0.09698962,-0.15758598,0.02675181,0.10783328,0.15774625,-0.03375095,-0.11556806,-0.15335861,0.03977704,0.11997096,0.14454958,-0.04465634,-0.12091505,-0.13157311,0.04824817,0.11837309,0.11480333,-0.01732160,0.01732189,-0.40539279,0.02400423,0.23267105,-0.07427846,-0.02997058,0.00054173,-0.40134275,0.03503954,0.24283574,-0.08761723,-0.03905654,-0.00269706,-0.37909857,0.04189814,0.23903668,-0.11812956,-0.30191586,-0.45946998,-0.09127634,0.27717211,0.34865147,-0.07933274,-0.24443736,-0.22778118,0.24765462,0.20465537,0.10034386,-0.40883651,-0.15897307,0.02998643,0.55823144,0.10870750,-0.15945220,-0.69153230,-0.01676218,-0.00591890,-0.99984199,-0.01379546,-0.02809811,0.03995017,0.12099693,-0.05990141,-0.11080829
10109480000000,synthetic_50hz_02,474,0.02,89.64779682,89.92209974,14.46056033,14.52286614,14.57683624,5.00335503,120.53951949,1,1,0,0,1,0.41219729,-0.25256333,0.03772400,-0.02994457,-0.11185848,-0.15685263,0.03656788,0.11820333,0.15052754,-0.04213692,-0.12114031,-0.13986267,0.04649114,0.12058477,0.12516550,-0.04950500,-0.11655271,-0.10685974,0.05109160,0.10916038,0.08547317,-0.02833332,0.00241826,-0.40464846,0.03386694,0.24308050,-0.08150122,-0.03840034,-0.00507378,-0.38784978,0.04179370,0.24349580,-0.10699139,-0.04394072,0.00161695,-0.35440189,0.04477186,0.22987338,-0.14743661,-0.26530348,-0.29923610,0.15282835,0.22924792,0.17452247,-0.31945529,-0.18658303,-0.04477728,0.47687219,0.13853886,-0.08625886,-0.62054065,-0.08650056,0.21480812,0.74631862,0.03196840,-0.33716436,-0.85057989,-0.01670454,-0.00557942,-0.99984491,-0.01411315,-0.02780320,0.03772400,0.12050550,-0.05890239,-0.11090826
10109500000000,synthetic_50hz_02,475,0.02,89.85088125,89.90785604,14.50939621,14.57683624,14.62152430,5.01341806,120.55566932,1,1,0,0,1,0.41455589,-0.25364100,0.03549630,-0.03918923,-0.12021018,-0.14689983,0.04427196,0.12166654,0.13443677,-0.04807832,-0.11961519,-0.11809783,0.05049855,0.11411527,0.09835407,-0.05146288,-0.10532537,-0.07577473,0.05094352,0.09349888,0.05101076,-0.03762660,-0.00596799,-0.39468437,0.04161776,0.24658293,-0.09759635,-0.04438566,-0.00359177,-0.36608760,0.04584135,0.23707245,-0.13379318,-0.04593435,0.01279605,-0.32333327,0.04465431,0.21426127,-0.18187619,-0.21278603,-0.12015952,0.38978504,0.16745649,-0.01120883,-0.54258489,-0.11729910,0.14225402,0.67974175,0.06375993,-0.26919797,-0.79730134,-0.00838253,0.38838081,0.89187437,-0.04723655,-0.49636645,-0.96073424,-0.01664842,-0.00523475,-0.99984771,-0.01442626,-0.02750285,0.03549630,0.11999045,-0.05789860,-0.11100369
10109520000000,synthetic_50hz_02,476,0.02,89.99860986,89.92600680,14.55649001,14.62152430,14.66106249,5.02350386,120.57130963,1,1,0,0,1,0.41690185,-0.25469812,0.03326713,-0.04617305,-0.12155530,-0.12831265,0.04941217,0.11802042,0.11041917,-0.05122672,-0.11108295,-0.08934225,0.05156437,0.10094291,0.06568955,-0.05041540,-0.08789264,-0.04014299,0.04781293,0.07230838,0.01343909,-0.04465910,-0.00734743,-0.37608561,0.04680481,0.24297585,-0.12161861,-0.04757813,0.00489751,-0.33733437,0.04694759,0.22394612,-0.16644839,-0.04492283,0.03018060,-0.28771763,0.04155450,0.19312013,-0.21942530,-0.14739519,0.06729092,0.60562233,0.09538286,-0.19765513,-0.73552733,-0.04062059,0.32232084,0.84422673,-0.01531279,-0.43769390,-0.92858668,0.07080469,0.54044803,0.98617505,-0.12425526,-0.62762080,-1.01533153,-0.01659384,-0.00488500,-0.99985038,-0.01473471,-0.02719711,0.03326713,0.11945189,-0.05689012,-0.11109457
10109540000000,synthetic_50hz_02,477,0.02,90.22946239,89.98669792,14.60041045,14.66106249,14.69350237,5.03361386,120.58643214,1,1,0,0,1,0.41923469,-0.25573462,0.03103661,-0.05048893,-0.11581860,-0.10218168,0.05168931,0.10748152,0.07988239,-0.05139946,-0.09604569,-0.05528005,0.04962775,0.08184083,0.02908397,-0.04642524,-0.06527645,-0.00204938,0.04188427,0.04683013,-0.02504430,-0.04902370,-0.00164483,-0.34994275,0.04912888,0.23247579,-0.15216036,-0.04779509,0.01989195,-0.30327422,0.04505156,0.20488995,-0.20304495,-0.04096883,0.05274868,-0.24963983,0.03565686,0.16769121,-0.25788639,-0.07292131,0.25215592,0.78762004,0.01721757,-0.37389077,-0.88687454,0.03898256,0.48484617,0.96056003,-0.09405880,-0.58182323,-1.00655213,0.14642329,0.66202605,1.02352486,-0.19456632,-0.72314235,-1.01098889,-0.01654081,-0.00453025,-0.99985293,-0.01503838,-0.02688603,0.03103661,0.11888991,-0.05587703,-0.11118091
10109560000000,synthetic_50hz_02,478,0.02,90.40990526,90.07133939,14.63950906,14.69350237,14.72237480,5.04374865,120.60102863,1,1,0,0,1,0.42155396,-0.25675040,0.02880481,-0.05188795,-0.10334007,-0.07003430,0.05097330,0.09066917,0.04460936,-0.04858906,-0.07538423,-0.01789832,0.04480397,0.05792593,-0.00932875,-0.03972717,-0.03879760,0.03628685,0.03350501,0.01855071,-0.06219880,-0.05047152,0.01079982,-0.31778319,0.04845991,0.21570209,-0.18743866,-0.04502903,0.04051077,-0.26589423,0.04026856,0.18102085,-0.24144894,-0.03430714,0.07917951,-0.21131912,0.02730885,0.13946109,-0.29501888,0.00631520,0.42363884,0.92505915,-0.06249492,-0.52960085,-0.98767407,0.11687288,0.62029423,1.02181388,-0.16788135,-0.69310423,-1.02649432,0.21404971,0.74593171,1.00158045,-0.25404693,-0.77725363,-0.94779055,-0.01648934,-0.00417062,-0.99985535,-0.01533717,-0.02656969,0.02880481,0.11830463,-0.05485942,-0.11126268
10109580000000,synthetic_50hz_02,479,0.02,90.61984921,90.18104135,14.67431267,14.72237480,14.74749248,5.05390813,120.61509094,1,1,0,0,1,0.42385920,-0.25774538,0.02657184,-0.05029270,-0.08485116,-0.03374072,0.04730936,0.06856534,0.00664982,-0.04296206,-0.05030275,0.02063281,0.03737615,0.03058991,-0.04732057,-0.03071266,-0.00999515,0.07264407,0.02316372,-0.01088777,-0.09587320,-0.04892511,0.02925508,-0.28147714,0.04484311,0.19363672,-0.22540378,-0.03944652,0.06554975,-0.22736454,0.03288168,0.15373051,-0.27943236,-0.02532922,0.10793401,-0.17497714,0.01699905,0.11007186,-0.32867154,0.08572220,0.57174342,1.00984507,-0.13912695,-0.65568807,-1.03194549,0.18852061,0.72072892,1.02429444,-0.23247913,-0.76499082,-0.98711251,0.26973517,0.78719769,0.92147166,-0.29921462,-0.78670927,-0.82926435,-0.01643944,-0.00380621,-0.99985762,-0.01563100,-0.02624814,0.02657184,0.11769616,-0.05383736,-0.11133991
10109600000000,synthetic_50hz_02,480,0.02,90.84039567,90.31291222,14.70504819,14.74749248,14.76945998,5.06409175,120.62861098,1,1,0,0,1,0.42614997,-0.25871948,0.02433777,-0.04580005,-0.06142797,0.00459912,0.04091360,0.04245346,-0.03180260,-0.03484759,-0.02225500,0.05808921,0.02777690,0.00141492,-0.08270108,-0.01990540,0.01946596,0.10492863,0.01146001,-0.03978562,-0.12413104,-0.04448136,0.05264484,-0.24312453,0.03849458,0.16756310,-0.26386208,-0.03137667,0.09355517,-0.18990926,0.02332355,0.12460107,-0.31480475,-0.01455875,0.13734725,-0.14270751,0.00532708,0.08122324,-0.35690793,0.16070793,0.68785746,1.03696810,-0.20824066,-0.74480084,-1.01701422,0.24976972,0.78027126,0.96773935,-0.28409780,-0.79324611,-0.89056411,0.31023521,0.78335129,0.78771348,-0.32742840,-0.75087209,-0.66215271,-0.01639112,-0.00343712,-0.99985975,-0.01591977,-0.02592144,0.02433777,0.11706462,-0.05281094,-0.11141257
10109620000000,synthetic_50hz_02,481,0.02,91.34328989,90.51898775,14.73210114,14.76945998,14.77848567,5.07429856,120.64158073,1,1,0,0,1,0.42842582,-0.25967263,0.02210271,-0.03867368,-0.03442476,0.04278066,0.03215859,0.01384023,-0.06854002,-0.02471636,0.00714332,0.09232333,0.01656154,-0.02792093,-0.11344493,-0.00792924,0.04789356,0.13129585,-0.00093166,-0.06648539,-0.14536145,-0.03740393,0.07961486,-0.20492991,0.02978690,0.13898794,-0.30060569,-0.02129019,0.12291132,-0.15567595,0.01214948,0.09531066,-0.34554079,-0.00261959,0.16572706,-0.11635493,-0.00703263,0.05457265,-0.37811715,0.22695014,0.76524794,1.00477541,-0.26584678,-0.79175204,-0.94364508,0.29707893,0.79542956,0.85530902,-0.31974616,-0.77617448,-0.74231400,0.33319496,0.73454192,0.60791773,-0.33703760,-0.67173218,-0.45599490,-0.01634439,-0.00306346,-0.99986173,-0.01620337,-0.02558967,0.02210271,0.11641014,-0.05178024,-0.11148066
10109640000000,synthetic_50hz_02,482,0.02,91.57597300,90.73038480,14.75158264,14.77848567,14.78780280,5.08452684,120.65399222,1,1,0,0,1,0.43068629,-0.26060475,0.01986675,-0.02932685,-0.00539204,0.07862410,0.02154993,-0.01563450,-0.10146881,-0.01315172,0.03621029,0.12138813,0.00437434,-0.05574213,-0.13780778,0.00452915,0.07366689,0.15025436,-0.01330207,-0.08946780,-0.15836904,-0.02810609,0.10861461,-0.16907310,0.01922566,0.10955108,-0.33354098,-0.00977045,0.15193628,-0.12661166,0.00000374,0.06753478,-0.36989614,0.00980160,0.19145268,-0.09741077,-0.01937084,0.03163939,-0.39110384,0.28064610,0.79943897,0.91504112,-0.30863380,-0.79380452,-0.81597066,0.32772344,0.76528431,0.69337538,-0.33736466,-0.71470059,-0.55078977,0.33727950,0.64351173,0.39232464,-0.32747042,-0.55377012,-0.22254860,-0.01629925,-0.00268534,-0.99986355,-0.01648173,-0.02525287,0.01986675,0.11573285,-0.05074535,-0.11154419
10109660000000,synthetic_50hz_02,483,0.02,91.37946260,90.86020036,14.76679511,14.78780280,14.81413132,5.09477465,120.66583757,1,1,0,0,1,0.43293095,-0.26151576,0.01762996,-0.01829663,0.02401552,0.11010015,0.00969535,-0.04429422,-0.12872936,-0.00081454,0.06329591,0.14364725,-0.00808976,-0.08047274,-0.15442371,0.01676082,0.09532950,0.16074808,-0.02494866,-0.10743787,-0.16243799,-0.01712492,0.13798943,-0.13758339,0.00741858,0.08092902,-0.36080832,0.00252172,0.17898005,-0.10435275,-0.01241873,0.04284935,-0.38650488,0.02199586,0.21306768,-0.08693111,-0.03098499,0.01371842,-0.39515217,0.31872882,0.78845198,0.77283343,-0.33415430,-0.75080866,-0.64122213,0.33994596,0.69151918,0.49112410,-0.33593682,-0.61229289,-0.32686673,0.32224247,0.51541390,0.15318564,-0.29925771,-0.40367529,0.02491186,-0.01625572,-0.00230286,-0.99986522,-0.01675475,-0.02491113,0.01762996,0.11503287,-0.04970635,-0.11160316
10109680000000,synthetic_50hz_02,484,0.02,91.70911560,91.02998341,14.78667632,14.81413132,14.83466322,5.10504097,120.67710896,1,1,0,0,1,0.43515935,-0.26240558,0.01539246,-0.00621145,0.05213567,0.13544484,-0.00273160,-0.07052272,-0.14879996,0.01159588,0.08687658,0.15786510,-0.02012586,-0.10072574,-0.16237892,0.02807559,0.11167093,0.16221128,-0.03521589,-0.11939660,-0.15736702,-0.00508882,0.16607706,-0.11222474,-0.00496077,0.05473799,-0.38088603,0.01488700,0.20251904,-0.09013479,-0.02441304,0.02264141,-0.39445319,0.03327303,0.22936157,-0.08548165,-0.04121956,0.00180875,-0.39006085,0.33903704,0.73289601,0.58619053,-0.34095799,-0.66518629,-0.42928210,0.33304895,0.57829894,0.25999726,-0.31553796,-0.47473896,-0.08321658,0.28892986,0.35749203,-0.09596327,-0.25399178,-0.22993845,0.27237646,-0.01621381,-0.00191614,-0.99986671,-0.01702233,-0.02456451,0.01539246,0.11431034,-0.04866332,-0.11165755
10109700000000,synthetic_50hz_02,485,0.02,91.55922611,91.13583195,14.80683082,14.83466322,14.86952160,5.11532502,120.68779866,1,1,0,0,1,0.43737107,-0.26327415,0.01315433,0.00624623,0.07739381,0.15325685,-0.01503095,-0.09285575,-0.16057926,0.02338231,0.10564061,0.16327210,-0.03105955,-0.11537980,-0.16125773,0.03784133,0.12179254,0.15459422,-0.04353213,-0.12469395,-0.14347369,0.00731973,0.19130293,-0.09439847,-0.01721245,0.03244224,-0.39267274,0.02662816,0.22124156,-0.08472738,-0.03530478,0.00803227,-0.39332541,0.04300097,0.23943575,-0.09311218,-0.04950290,-0.00343959,-0.37614746,0.34043000,0.63590582,0.36562801,-0.32866458,-0.54176474,-0.19208941,0.30742361,0.43200434,0.01301279,-0.27731948,-0.30978905,0.16643900,0.23922009,0.17864239,-0.34109227,-0.19422388,-0.04234539,0.50591170,-0.01617352,-0.00152529,-0.99986804,-0.01728441,-0.02421307,0.01315433,0.11356541,-0.04761636,-0.11170737
10109720000000,synthetic_50hz_02,486,0.02,91.42382243,91.19343004,14.83316094,14.86952160,14.91622308,5.12562692,120.69789899,1,1,0,0,1,0.43956566,-0.26412139,0.01091566,0.01837948,0.09839135,0.16257188,-0.02651662,-0.11006212,-0.16344278,0.03388927,0.11855973,0.15960155,-0.04028488,-0.12363922,-0.15115894,0.04551906,0.12515413,0.13835834,-0.04944090,-0.12306079,-0.12156880,0.01940380,0.21226844,-0.08506889,-0.02865036,0.01527293,-0.39554397,0.03708972,0.23411934,-0.08839720,-0.04448798,-0.00018235,-0.38322033,0.05064068,0.24274998,-0.10936123,-0.05537854,-0.00175747,-0.35422278,0.32284095,0.50293433,0.12351036,-0.29797346,-0.38747409,0.05706582,0.26451525,0.26084279,-0.23599677,-0.22343095,-0.12669127,0.40812382,0.17590503,-0.01111281,-0.56848448,-0.12330769,0.14859651,0.71245546,-0.01613487,-0.00113043,-0.99986919,-0.01754088,-0.02385689,0.01091566,0.11279822,-0.04656553,-0.11175261
10109740000000,synthetic_50hz_02,487,0.02,91.30824436,91.21639291,14.86804704,14.91622308,14.97281263,5.13594785,120.70740237,1,1,0,0,1,0.44174269,-0.26494725,0.00867654,0.02951658,0.11398211,0.16291049,-0.03655498,-0.12120977,-0.15727084,0.04253947,0.12494290,0.14709698,-0.04729754,-0.12507387,-0.13268226,0.05069199,0.12159890,0.11444224,-0.05262497,-0.11461817,-0.09290280,0.03049170,0.22782739,-0.08471543,-0.03864087,0.00416213,-0.38938004,0.04569440,0.24046134,-0.10090074,-0.05145835,-0.00157234,-0.36473767,0.05577542,0.23914748,-0.13329019,-0.05852926,0.00673406,-0.32553728,0.28726798,0.34141488,-0.12667344,-0.25061082,-0.21092810,0.30431320,0.20672844,0.07436016,-0.47317948,-0.15688598,0.06435161,0.62840376,0.10252042,-0.20120809,-0.76551088,-0.04519916,0.33226366,0.88054796,-0.01609785,-0.00073168,-0.99987015,-0.01779167,-0.02349603,0.00867654,0.11200893,-0.04551093,-0.11179327
10109760000000,synthetic_50hz_02,488,0.02,91.44838780,91.26279189,14.91204859,14.97281263,15.02904259,5.14628993,120.71630127,1,1,0,0,1,0.44390174,-0.26575164,0.00643707,0.03904843,0.12333263,0.15429712,-0.04459963,-0.12571332,-0.14244701,0.04886501,0.12446963,0.12649008,-0.05172159,-0.11963743,-0.10688639,0.05308701,0.11135602,0.08420112,-0.05292191,-0.09986417,-0.05908829,0.03997429,0.23714635,-0.09331368,-0.04663760,-0.00030477,-0.37456453,0.05197430,0.23994707,-0.12150631,-0.05583996,0.00390863,-0.33893613,0.05813204,0.22885744,-0.16354389,-0.05879262,0.02153692,-0.29170355,0.23570374,0.16031585,-0.37108586,-0.18921888,-0.02191615,0.53599236,0.13727876,-0.11711539,-0.68544595,-0.08138082,0.25277045,0.81513781,0.02313663,-0.38113802,-0.92132887,0.03577459,0.49851720,1.00095758,-0.01606248,-0.00032914,-0.99987094,-0.01803670,-0.02313056,0.00643707,0.11119768,-0.04445265,-0.11182936
10109780000000,synthetic_50hz_02,489,0.02,91.50041366,91.31031624,14.96118607,15.02904259,15.09010533,5.15665554,120.72458828,1,1,0,0,1,0.44604239,-0.26653450,0.00419733,0.04646144,0.12596345,0.13725003,-0.05022048,-0.12336079,-0.11982808,0.05253164,0.11720158,0.09895142,-0.05332829,-0.10766339,-0.07522196,0.05258746,0.09502122,0.04932381,-0.05033050,-0.07963954,-0.02200363,0.04733802,0.23974583,-0.11034534,-0.05221045,0.00208421,-0.35195422,0.05559517,0.23263818,-0.14904333,-0.05740406,0.01592706,-0.30726633,0.05759390,0.21247557,-0.19843347,-0.05616741,0.04181036,-0.25459996,0.17100989,-0.03038359,-0.59632167,-0.11719494,0.16916207,0.73941610,0.06000120,-0.30306353,-0.86119281,-0.00107761,0.42822753,0.95814094,-0.05787706,-0.54104553,-1.02746542,0.11516310,0.63826494,1.06716759,-0.01602876,0.00007705,-0.99987153,-0.01827588,-0.02276056,0.00419733,0.11036463,-0.04339077,-0.11186086
10109800000000,synthetic_50hz_02,490,0.02,91.74606444,91.39746588,15.01533216,15.09010533,15.14980770,5.16704728,120.73225602,1,1,0,0,1,0.44816422,-0.26729578,0.00195742,0.05136444,0.12176930,0.11274368,-0.05312550,-0.11431867,-0.09068789,0.05335493,0.10357218,0.06601753,-0.05204611,-0.08983966,-0.03944385,0.04923678,0.07351702,0.01173299,-0.04500792,-0.05507485,0.01631614,0.05219170,0.23552059,-0.13483597,-0.05506739,0.01116256,-0.32282296,0.05637258,0.21896814,-0.18197527,-0.05607913,0.03379505,-0.27148315,0.05420443,0.19092440,-0.23603627,-0.05081080,0.06642380,-0.21626154,0.09674472,-0.22026454,-0.79014849,-0.03849088,0.35188516,0.90356295,-0.02087268,-0.47336077,-0.99092727,0.07963446,0.58118917,1.04972270,-0.13610035,-0.67226161,-1.07825413,0.18864240,0.74395243,1.07569899,-0.01599670,0.00048678,-0.99987193,-0.01850914,-0.02238610,0.00195742,0.10950996,-0.04232537,-0.11188779
10109820000000,synthetic_50hz_02,491,0.02,92.14805819,91.54758434,15.07181189,15.14980770,15.20498429,5.17746755,120.73929725,1,1,0,0,1,0.45026680,-0.26803540,-0.00028257,0.05350786,0.11101785,0.08214629,-0.05317425,-0.09911558,-0.05663920,0.05130760,0.08435576,0.02949918,-0.04796173,-0.06716393,-0.00150868,0.04323310,0.04803573,-0.02652531,-0.03725804,-0.02752263,0.05379457,0.05428577,0.22473829,-0.16541734,-0.05506799,0.02640167,-0.28878350,0.05427926,0.19971125,-0.21849136,-0.05195183,0.05651489,-0.23354323,0.04816179,0.16539623,-0.27430625,-0.04302666,0.09402471,-0.17876475,0.01695532,-0.39905202,-0.94216547,0.04261426,0.51638715,1.01966106,-0.10095525,-0.61883461,-1.06775935,0.15638566,0.70344078,1.08507364,-0.20730739,-0.76776642,-1.07110476,0.25225236,0.80995699,1.02625542,-0.01596631,0.00089993,-0.99987213,-0.01873640,-0.02200726,-0.00028257,0.10863382,-0.04125654,-0.11191013
10109840000000,synthetic_50hz_02,492,0.02,91.93050434,91.62416834,15.12774430,15.20498429,15.28293408,5.18791827,120.74570476,1,1,0,0,1,0.45234974,-0.26875331,-0.00252255,0.05279465,0.09432773,0.04713714,-0.05038257,-0.07860617,-0.01953862,0.04651794,0.06061836,-0.00862321,-0.04131217,-0.04088289,0.03653643,0.03491536,0.01996875,-0.06339629,-0.02751191,0.00152110,0.08842840,0.05352318,0.20801756,-0.20041019,-0.05222808,0.04694689,-0.25169244,0.04944349,0.17593354,-0.25661119,-0.04525921,0.08283991,-0.19549366,0.03980488,0.13728248,-0.31118860,-0.03324606,0.12311708,-0.14411284,-0.06405309,-0.55717733,-1.04434459,0.12175497,0.65389063,1.08163301,-0.17594659,-0.73175197,-1.08773745,0.22506559,0.78851655,1.06248191,-0.26769585,-0.82254783,-1.00659452,0.30260831,0.83286468,0.92168655,-0.01593759,0.00131636,-0.99987212,-0.01895760,-0.02162410,-0.00252255,0.10773639,-0.04018437,-0.11192788
10109860000000,synthetic_50hz_02,493,0.02,92.24391355,91.74811738,15.19292400,15.28293408,15.36204056,5.19840216,120.75147146,1,1,0,0,1,0.45441261,-0.26944946,-0.00476242,0.04928242,0.07262756,0.00960872,-0.04491851,-0.05391786,0.01861948,0.03925958,0.03365368,-0.04631088,-0.03246878,-0.01241924,0.07266711,0.02474189,-0.00917324,-0.09692832,-0.01630168,0.03050126,0.11839503,0.04996154,0.18628703,-0.23792201,-0.04671572,0.07167080,-0.21354417,0.04213891,0.14892875,-0.29429599,-0.03637260,0.11134738,-0.15935884,0.02959206,0.10809382,-0.34473171,-0.02200112,0.15214580,-0.11412842,-0.14195666,-0.68628807,-1.09142733,0.19471907,0.75716680,1.08638036,-0.24186765,-0.80621606,-1.05001254,0.28204306,0.83202174,0.98337236,-0.31408705,-0.83383984,-0.88838111,0.33707575,0.81161795,0.76777741,-0.01591055,0.00173596,-0.99987191,-0.01917265,-0.02123670,-0.00476242,0.10681784,-0.03910895,-0.11194106
10109880000000,synthetic_50hz_02,494,0.02,92.44811910,91.88811773,15.26395296,15.36204056,15.44943736,5.20892222,120.75659033,1,1,0,0,1,0.45645502,-0.27012378,-0.00700210,0.04317698,0.04709920,-0.02843999,-0.03708997,-0.02638412,0.05581359,0.02993363,0.00490837,-0.08157805,-0.02191430,0.01670889,0.10499058,0.01326317,-0.03784443,-0.12537619,-0.00422965,0.05788889,0.14214714,0.04380667,0.16072854,-0.27595384,-0.03883881,0.09923992,-0.17636020,0.03276663,0.12014351,-0.32955998,-0.02577475,0.14051920,-0.12703153,0.01807380,0.07937607,-0.37319036,-0.00989418,0.17958194,-0.09035881,-0.21264751,-0.77967827,-1.08115856,0.25767314,0.82089864,1.03389663,-0.29526994,-0.83845212,-0.95682698,0.32435396,0.83183263,0.85217156,-0.34408672,-0.80123102,-0.72294764,0.35389929,0.74752955,0.57288080,-0.01588519,0.00215860,-0.99987149,-0.01938149,-0.02084514,-0.00700210,0.10587836,-0.03803035,-0.11194964
10109900000000,synthetic_50hz_02,495,0.02,92.35748146,91.98199047,15.34185641,15.44943736,15.55773004,5.21948174,120.76105445,1,1,0,0,1,0.45847656,-0.27077622,-0.00924150,0.03481804,0.01910868,-0.06501316,-0.02732507,0.00253165,0.09010409,0.01904432,-0.02409899,-0.11259727,-0.01021450,0.04497154,0.13184422,0.00109020,-0.06454754,-0.14729004,0.00806553,0.08226261,0.15848942,0.03539827,0.13270814,-0.31250984,-0.02902548,0.12819086,-0.14208013,0.02183087,0.09109640,-0.36057571,-0.01403143,0.16882539,-0.10017436,0.00586111,0.05262650,-0.39511469,0.00243614,0.20400411,-0.07399931,-0.27245055,-0.83261721,-1.01434965,0.30736135,0.84192986,0.92720778,-0.33341077,-0.82696928,-0.81333408,0.34984781,0.78816680,0.67601158,-0.35619857,-0.72664109,-0.51919935,0.35227997,0.64416599,0.34741836,-0.01586152,0.00258415,-0.99987086,-0.01958405,-0.02044949,-0.00924150,0.10491812,-0.03694868,-0.11195364
10109920000000,synthetic_50hz_02,496,0.02,92.52787353,92.09116709,15.43252333,15.55773004,15.67538077,5.23008504,120.76485698,1,1,0,0,1,0.46047684,-0.27140673,-0.01148051,0.02465797,-0.00987076,-0.09822416,-0.01614660,0.03131699,0.11973454,0.00716973,-0.05186034,-0.13779292,0.00201386,0.07090853,0.15187866,-0.01113938,-0.08791240,-0.16158567,0.01994375,0.10238171,0.16663409,0.02518872,0.10369907,-0.34570339,-0.01779852,0.15701115,-0.11246041,0.00990974,0.06329548,-0.38576757,-0.00175941,0.19480578,-0.08013670,-0.00640838,0.02921530,-0.40942049,0.01434970,0.22417158,-0.06583772,-0.31831082,-0.84256181,-0.89477301,0.34126751,0.81938953,0.77214922,-0.35438530,-0.77259388,-0.62726400,0.35728600,0.70352398,0.46429447,-0.34988597,-0.61417116,-0.28793912,0.33239857,0.50711149,0.10328234,-0.01583955,0.00301248,-0.99987001,-0.01978026,-0.02004983,-0.01148051,0.10393732,-0.03586402,-0.11195306
10109940000000,synthetic_50hz_02,497,0.02,92.86548610,92.24603089,15.53452346,15.67538077,15.79583086,5.24073710,120.76799119,1,1,0,0,1,0.46245547,-0.27201525,-0.01371906,0.01323524,-0.03833898,-0.12639256,-0.00414211,0.05849142,0.14321999,-0.00507045,-0.07695752,-0.15591832,0.01413681,0.09320490,0.16412145,-0.02279561,-0.10676514,-0.16759289,0.03079720,0.11724729,0.16623254,0.01371649,0.07520146,-0.37385403,-0.00574546,0.18422031,-0.08898600,-0.00237709,0.03815892,-0.40388887,0.01040735,0.21714538,-0.06789099,-0.01810470,0.01031632,-0.41543759,0.02523872,0.23908547,-0.06622263,-0.34794205,-0.80924486,-0.72889946,0.35773261,0.75468969,0.57699716,-0.35720957,-0.67837645,-0.40845976,0.34638802,0.58250531,0.22814628,-0.32557994,-0.46984027,-0.04125524,0.29538524,0.34362951,-0.14682522,-0.01581927,0.00344346,-0.99986894,-0.01997007,-0.01964625,-0.01371906,0.10293615,-0.03477645,-0.11194789
10109960000000,synthetic_50hz_02,498,0.02,92.20176389,92.23717749,15.64427257,15.79583086,15.95697384,5.25144296,120.77045041,1,1,0,0,1,0.46441206,-0.27260174,-0.01595704,0.00114407,-0.06484819,-0.14812690,0.00806848,0.08268310,0.15941788,-0.01704841,-0.09813422,-0.16611278,0.02553682,0.11075608,0.16801856,-0.03328900,-0.12018479,-0.16508029,0.04008144,0.12614851,0.15738268,0.00157580,0.04866311,-0.39557034,0.00651375,0.20844650,-0.07279944,-0.01440180,0.01694303,-0.41407892,0.02185131,0.23473965,-0.06399127,-0.02863835,-0.00314945,-0.41293457,0.03455873,0.24803493,-0.07505614,-0.35992974,-0.73463863,-0.52549861,0.35602294,0.65140055,0.35197992,-0.34185184,-0.54938229,-0.16831349,0.31782499,0.43152509,-0.02020550,-0.28463509,-0.30122681,0.20814195,0.24323904,0.16224402,-0.39007758,-0.01580069,0.00387696,-0.99986765,-0.02015340,-0.01923881,-0.01595704,0.10191481,-0.03368606,-0.11193813
10109980000000,synthetic_50hz_02,499,0.02,92.38725725,92.26719344,15.77560710,15.95697384,16.11728846,5.26220950,120.77222809,1,1,0,0,1,0.46634623,-0.27316615,-0.01819437,-0.01099789,-0.08807677,-0.16238949,0.01986585,0.10269731,0.16757856,-0.02816107,-0.11435705,-0.16793626,0.03564439,0.12271981,0.16345228,-0.04210007,-0.12754451,-0.15425589,0.04734198,0.12869204,0.14061224,-0.01061569,0.02540565,-0.40981461,0.01835981,0.22849500,-0.06465039,-0.02556133,0.00068120,-0.41589770,0.03200298,0.24674632,-0.06855524,-0.03748987,-0.01055519,-0.40211944,0.04185527,0.25062662,-0.09181053,-0.35378466,-0.62280035,-0.29512897,0.33634693,0.51501475,0.10870005,-0.30921216,-0.39238103,0.08086274,0.27316266,0.25843478,-0.26809422,-0.22923776,-0.11703774,0.44759641,0.17870382,-0.02773356,-0.61419420,-0.01578381,0.00431285,-0.99986613,-0.02033021,-0.01882761,-0.01819437,0.10087349,-0.03259294,-0.11192379
10110000000000,synthetic_50hz_02,500,0.02,92.43311202,92.30037716,15.91911327,16.11728846,16.27958133,5.27304387,120.77331776,1,1,0,0,1,0.46825759,-0.27370843,-0.02043095,-0.02258196,-0.10689389,-0.16854033,0.03066321,0.11757316,0.16737327,-0.03786043,-0.12486275,-0.16138076,0.04396612,0.12855249,0.15073557,-0.04880424,-0.12853600,-0.13574461,0.05223532,0.12481375,0.11684006,-0.02224931,0.00655990,-0.41594685,0.02920591,0.24340492,-0.06486761,-0.03530765,-0.00986332,-0.40933718,0.04036894,0.25262178,-0.08126995,-0.04423467,-0.01159257,-0.38361713,0.04678481,0.24679643,-0.11556695,-0.32994583,-0.47961253,-0.04954969,0.29982167,0.35261735,-0.14049785,-0.26105352,-0.21545604,0.32649477,0.21475907,0.07208303,-0.50307869,-0.16227301,0.07336816,0.66515862,0.10510855,-0.21670412,-0.80806172,-0.01576865,0.00475098,-0.99986438,-0.02050043,-0.01841271,-0.02043095,0.09981240,-0.03149719,-0.11190487
10110020000000,synthetic_50hz_02,501,0.02,92.65420610,92.37114295,16.07050986,16.27958133,16.43279653,5.28395294,120.77371307,1,1,0,0,1,0.47014577,-0.27422855,-0.02266670,-0.03303925,-0.12041194,-0.16635870,0.03993531,0.12662614,0.15889928,-0.04568002,-0.12918965,-0.14685872,0.05010775,0.12802856,0.13058416,-0.05309085,-0.12317635,-0.11054479,0.05454332,0.11477291,0.08731837,-0.03275617,-0.00698654,-0.41374632,0.03852681,0.25249173,-0.07335383,-0.04317429,-0.01422883,-0.39480982,0.04655494,0.25214048,-0.10141968,-0.04856207,-0.00627870,-0.35842598,0.04912922,0.23680359,-0.14507316,-0.28973481,-0.31243619,0.19891139,0.24839303,0.17248340,-0.38317757,-0.19988996,-0.02755783,0.55639656,0.14562397,-0.11816225,-0.71357438,-0.08715957,0.26047565,0.85017952,0.02618232,-0.39527941,-0.96227358,-0.01575519,0.00519124,-0.99986241,-0.02066401,-0.01799421,-0.02266670,0.09873174,-0.03039888,-0.11188136
10110040000000,synthetic_50hz_02,502,0.02,92.97470916,92.49185619,16.22267026,16.43279653,16.57006986,5.29494243,120.77340774,1,1,0,0,1,0.47201040,-0.27472645,-0.02490151,-0.04186831,-0.12802444,-0.15604232,0.04724324,0.12947479,0.14266273,-0.05125612,-0.12719232,-0.12517010,0.05379127,0.12124284,0.10406876,-0.05477559,-0.11179787,-0.07996707,0.05418070,0.09912972,0.05355989,-0.04163481,-0.01462718,-0.40341078,0.04588359,0.25537400,-0.08960291,-0.04879755,-0.01226994,-0.37311557,0.05028297,0.24539723,-0.12793369,-0.05028779,0.00505412,-0.32785662,0.04880322,0.22120834,-0.17881646,-0.23526573,-0.12969897,0.43799786,0.18471536,-0.01637281,-0.60744448,-0.12883955,0.16197254,0.75937820,0.06924924,-0.30290254,-0.88941869,-0.00766244,0.43509971,0.99381682,-0.05414527,-0.55475275,-1.06956276,-0.01574345,0.00563348,-0.99986020,-0.02082089,-0.01757218,-0.02490151,0.09763174,-0.02929811,-0.11185327
10110060000000,synthetic_50hz_02,503,0.02,93.83687341,92.76085963,16.36857809,16.57006986,16.66874669,5.30601625,120.77239561,1,1,0,0,1,0.47385113,-0.27520209,-0.02713531,-0.04865823,-0.12942812,-0.13818506,0.05225386,0.12605090,0.11954116,-0.05434300,-0.11903957,-0.09745083,0.05486540,0.10859628,0.07255094,-0.05380601,-0.09502211,-0.04555938,0.05119536,0.07870840,0.01725431,-0.04847430,-0.01605873,-0.38553406,0.05094312,0.25198350,-0.11273730,-0.05193167,-0.00415541,-0.34539036,0.05140174,0.23279297,-0.15945044,-0.04935935,0.02178435,-0.29345699,0.04585471,0.20083488,-0.21510715,-0.16931762,0.05955718,0.65613880,0.11199898,-0.20467070,-0.80252875,-0.05145136,0.34388347,0.92578142,-0.01057962,-0.47318192,-1.02234338,0.07230560,0.58883832,1.08943071,-0.13194696,-0.68751823,-1.12510924,-0.01573342,0.00607756,-0.99985776,-0.02097103,-0.01714670,-0.02713531,0.09651260,-0.02819497,-0.11182060
10110080000000,synthetic_50hz_02,504,0.02,94.30547359,93.06978242,16.49464890,16.66874669,16.74639972,5.31717511,120.77067060,1,1,0,0,1,0.47566757,-0.27565545,-0.02936800,-0.05310626,-0.12462865,-0.11373534,0.05475313,0.11659324,0.09072862,-0.05482144,-0.10519639,-0.06510614,0.05330923,0.09076668,0.03760663,-0.05026009,-0.07372013,-0.00902290,0.04576192,0.05454818,-0.01982096,-0.05297192,-0.01128689,-0.36106460,0.05349134,0.24255900,-0.14156297,-0.05245745,0.00964973,-0.31303944,0.04989035,0.21500552,-0.19439398,-0.04585475,0.04304091,-0.25692827,0.04045830,0.17672244,-0.25216783,-0.09517746,0.24614336,0.84300568,0.03383482,-0.38333297,-0.95929002,0.02848330,0.50947092,1.04791759,-0.08998022,-0.62092057,-1.10633321,0.14888297,0.71446880,1.13285272,-0.20349336,-0.78741856,-1.12671156,-0.01572511,0.00652335,-0.99985508,-0.02111437,-0.01671786,-0.02936800,0.09537454,-0.02708955,-0.11178335
10110100000000,synthetic_50hz_02,505,0.02,94.70834694,93.39749533,16.60038424,16.74639972,16.80516697,5.32841703,120.76822676,1,1,0,0,1,0.47745939,-0.27608648,-0.03159948,-0.05502933,-0.11393072,-0.08393833,0.05465284,0.10162623,0.05766697,-0.05270068,-0.08639182,-0.02973305,0.04922914,0.06866668,0.00094191,-0.04433829,-0.04896186,0.02787638,0.03816916,0.02784544,-0.05589099,-0.05494459,-0.00061632,-0.33124756,0.05344005,0.22762492,-0.17463803,-0.05038412,0.02841647,-0.27765980,0.04585516,0.19294751,-0.23105824,-0.03997444,0.06775389,-0.22003645,0.03290277,0.15006739,-0.28822356,-0.01646339,0.42118106,0.98998560,-0.04599372,-0.54392720,-1.07062093,0.10712481,0.65099168,1.12038975,-0.16516744,-0.73928775,-1.13785722,0.21844822,0.80626982,1.12251973,-0.26543103,-0.85000676,-1.07481947,-0.01571852,0.00697071,-0.99985216,-0.02125087,-0.01628575,-0.03159948,0.09421779,-0.02598193,-0.11174152
10110120000000,synthetic_50hz_02,506,0.02,94.92364686,93.70272563,16.68639299,16.80516697,16.85212595,5.33973788,120.76505822,1,1,0,0,1,0.47922622,-0.27649515,-0.03382967,-0.05436905,-0.09791340,-0.05026572,0.05199085,0.08192509,0.02196769,-0.04811374,-0.06357484,0.00696367,0.04284948,0.04339170,-0.03569426,-0.03634985,-0.02195756,0.06339577,0.02880224,-0.00010963,-0.08926956,-0.05433391,0.01537389,-0.29755465,0.05082711,0.20795648,-0.21035102,-0.04584469,0.05119581,-0.24095624,0.03952054,0.16771434,-0.26769426,-0.03202766,0.09471303,-0.18452420,0.02357329,0.12215992,-0.32158812,0.06306185,0.57652628,1.09055040,-0.12370120,-0.67905824,-1.13173310,0.18077419,0.76201264,1.14028740,-0.23263537,-0.82299785,-1.11596668,0.27778957,0.86025566,1.05947212,-0.31493496,-0.87271189,-0.97243249,-0.01571366,0.00741950,-0.99984901,-0.02138049,-0.01585045,-0.03382967,0.09304258,-0.02487220,-0.11169511
10110140000000,synthetic_50hz_02,507,0.02,95.36636121,94.03545275,16.75600083,16.85212595,16.87794099,5.35113224,120.76115922,1,1,0,0,1,0.48096773,-0.27688142,-0.03605848,-0.05119034,-0.07739315,-0.01433724,0.04692505,0.05847011,-0.01467146,-0.04130689,-0.03786135,0.04325717,0.03449784,0.01616103,-0.07059576,-0.02669420,0.00600522,0.09589904,0.01812095,-0.02799834,-0.11843751,-0.05120480,0.03586728,-0.26160559,0.04581041,0.18453397,-0.24700418,-0.03908546,0.07687187,-0.20465558,0.03121407,0.14052532,-0.30259592,-0.02241382,0.12263077,-0.15202778,0.01292964,0.09431873,-0.35074237,0.13967724,0.70514041,1.14050750,-0.19568315,-0.78269345,-1.14031672,0.24604744,0.83768108,1.10725008,-0.28931805,-0.86851796,-1.04226091,0.32424750,0.87431507,0.94722286,-0.34982874,-0.85490527,-0.82487594,-0.01571051,0.00786958,-0.99984562,-0.02150318,-0.01541204,-0.03605848,0.09184912,-0.02376046,-0.11164413
10110160000000,synthetic_50hz_02,508,0.02,95.38183735,94.30472967,16.80721570,16.87794099,16.90071455,5.36259332,120.75652411,1,1,0,0,1,0.48268357,-0.27724526,-0.03828580,-0.04567412,-0.05337667,0.02216168,0.03972168,0.03239286,-0.05055039,-0.03262405,-0.01047516,0.07748171,0.02458585,-0.01174455,-0.10217919,-0.01583883,0.03362565,0.12393081,0.00663517,-0.05453731,-0.14210943,-0.04573817,0.05985717,-0.22508581,0.03865617,0.15848896,-0.28289741,-0.03045030,0.10422082,-0.17042358,0.02134737,0.11266123,-0.33417981,-0.01160044,0.15020629,-0.12400256,0.00148170,0.06782718,-0.37440087,0.20988016,0.80139151,1.13812572,-0.25868274,-0.85040767,-1.09657172,0.30002738,0.87490619,1.02340305,-0.33272209,-0.87418075,-0.92072919,0.35582426,0.84825228,0.79151028,-0.36866786,-0.79786830,-0.63947176,-0.01570909,0.00832081,-0.99984199,-0.02161890,-0.01497060,-0.03828580,0.09063767,-0.02264680,-0.11158857
10110180000000,synthetic_50hz_02,509,0.02,95.83012052,94.60980784,16.84648522,16.90071455,16.90280848,5.37411407,120.75114734,1,1,0,0,1,0.48437340,-0.27758665,-0.04051156,-0.03810465,-0.02700667,0.05756178,0.03073895,0.00491745,-0.08404696,-0.02248703,0.01731355,0.10810902,0.01358679,-0.03904539,-0.12905425,-0.00429485,0.05965153,0.14627878,-0.00512092,-0.07853789,-0.15928603,-0.03821830,0.08620083,-0.18966457,0.02972262,0.13104555,-0.31640858,-0.02036106,0.13197250,-0.13978851,0.01039373,0.08540171,-0.36105564,-0.00009861,0.17618740,-0.10166082,-0.01023635,0.04387394,-0.39156436,0.27054496,0.86127434,1.08413587,-0.30993339,-0.87953952,-1.00311533,0.34038629,0.87244717,0.89317451,-0.36102570,-0.84020177,-0.75748304,0.37125657,0.78373295,0.59995299,-0.37078394,-0.70466874,-0.42512601,-0.01570939,0.00877305,-0.99983812,-0.02172762,-0.01452624,-0.04051156,0.08940845,-0.02153130,-0.11152844
10110200000000,synthetic_50hz_02,510,0.02,96.09168184,94.90618264,16.87014099,16.90280848,16.89407326,5.38568671,120.74502349,1,1,0,0,1,0.48603689,-0.27790555,-0.04273566,-0.02885252,0.00049639,0.09028731,0.02040697,-0.02270003,-0.11368988,-0.01137307,0.04424923,0.13381471,0.00201128,-0.06452269,-0.15008161,0.00740849,0.08293594,0.16202158,-0.01661468,-0.09895810,-0.16929040,-0.02901577,0.11367782,-0.15691762,0.01943985,0.10345983,-0.34606639,-0.00929496,0.15887135,-0.11407475,-0.00113624,0.05996555,-0.38208408,0.01156243,0.19942716,-0.08592395,-0.02169188,0.02350098,-0.40155590,0.31905641,0.88254255,0.98161267,-0.34727160,-0.86925594,-0.86477720,0.36547479,0.83090828,0.72300980,-0.37314117,-0.76860514,-0.56039769,0.37004972,0.68414276,0.38162906,-0.35628956,-0.57995623,-0.19185788,-0.01571141,0.00922615,-0.99983401,-0.02182930,-0.01407902,-0.04273566,0.08816171,-0.02041406,-0.11146375
10110220000000,synthetic_50hz_02,511,0.02,96.40639463,95.20622504,16.88019254,16.89407326,16.87356648,5.39730319,120.73814721,1,1,0,0,1,0.48767372,-0.27820194,-0.04495801,-0.01835429,0.02789361,0.11892527,0.00920519,-0.04923066,-0.13822101,0.00020929,0.06914836,0.15353178,-0.00961775,-0.08707249,-0.16441616,0.01874892,0.10248627,0.17056034,-0.02733955,-0.11494533,-0.17178719,-0.01856713,0.14104923,-0.12825797,0.00828734,0.07696074,-0.37061270,0.00223947,0.18373387,-0.09434932,-0.01271961,0.03745672,-0.39642001,0.02286038,0.21893299,-0.07739082,-0.03237832,0.00756091,-0.40404017,0.35341295,0.86475086,0.83575000,-0.36921602,-0.82052652,-0.68829803,0.37437441,0.75264601,0.52100211,-0.36873943,-0.66306637,-0.33868546,0.35247351,0.55437022,0.14660435,-0.32604561,-0.42969131,0.04970343,-0.01571515,0.00967998,-0.99982966,-0.02192391,-0.01362905,-0.04495801,0.08689769,-0.01929516,-0.11139449
10110240000000,synthetic_50hz_02,512,0.02,96.64527356,95.49403474,16.87740960,16.87356648,16.84562828,5.40895525,120.73051330,1,1,0,0,1,0.48928357,-0.27847580,-0.04717852,-0.00709004,0.05398489,0.14228369,-0.00236134,-0.07352775,-0.15664463,0.01174465,0.09095077,0.16648944,-0.02078935,-0.10575164,-0.17153428,0.02923468,0.11750363,0.17163370,-0.03683717,-0.12586795,-0.16678485,-0.00735246,0.16711497,-0.10487757,-0.00322991,0.05269493,-0.38905180,0.01372681,0.20549987,-0.08138299,-0.02384543,0.01881837,-0.40353982,0.03330352,0.23390598,-0.07632277,-0.04183732,-0.00331466,-0.39902560,0.37229608,0.80921034,0.65354639,-0.37501051,-0.73601391,-0.48195174,0.36691322,0.64159786,0.29646221,-0.34823764,-0.52868424,-0.10242553,0.31952221,0.40052840,-0.09456412,-0.28159481,-0.26082515,0.28882745,-0.01572062,0.01013438,-0.99982508,-0.02201141,-0.01317641,-0.04717852,0.08561663,-0.01817470,-0.11132067
10110260000000,synthetic_50hz_02,513,0.02,96.69805494,95.73483878,16.86406144,16.84562828,16.81804095,5.42063482,120.72211665,1,1,0,0,1,0.49086612,-0.27872710,-0.04939709,0.00444001,0.07766157,0.15943674,-0.01378584,-0.09457540,-0.16826204,0.02273423,0.10876257,0.17223626,-0.03102717,-0.11981407,-0.17124483,0.03842558,0.12741128,0.16531633,-0.04471617,-0.13133515,-0.15462169,0.00412803,0.19076636,-0.08770227,-0.01460509,0.03167834,-0.40068497,0.02466830,0.22327548,-0.07562719,-0.03403735,0.00479656,-0.40325237,0.04245163,0.24376939,-0.08264516,-0.04967751,-0.00873491,-0.38685051,0.37510469,0.71886363,0.44342100,-0.36463148,-0.61989024,-0.25511382,0.34364577,0.50304512,0.05945158,-0.31275259,-0.37169698,0.13792468,0.27284261,0.22963264,-0.33132450,-0.22506645,-0.08094789,0.51517208,-0.01572780,0.01058922,-0.99982025,-0.02209178,-0.01272118,-0.04939709,0.08431880,-0.01705277,-0.11124228
10110280000000,synthetic_50hz_02,514,0.02,96.99889978,95.98765098,16.84473284,16.81804095,16.78060313,5.43233450,120.71295226,1,1,0,0,1,0.49242106,-0.27895582,-0.05161365,0.01573866,0.09795220,0.16975525,-0.02458244,-0.11152849,-0.17269069,0.03271751,0.12188936,0.17064737,-0.03990931,-0.12873611,-0.16368422,0.04595051,0.13187133,0.15200196,-0.05066693,-0.13120464,-0.13593743,0.01537712,0.21103197,-0.07736124,-0.02535233,0.01475606,-0.40512969,0.03460341,0.23636628,-0.07720680,-0.04287348,-0.00408503,-0.39569407,0.04993362,0.24818535,-0.09596423,-0.05558926,-0.00855754,-0.36815462,0.36195440,0.59809071,0.21478245,-0.33876076,-0.47759252,-0.01779954,0.30580049,0.34332511,-0.17969654,-0.26402385,-0.19915949,0.37201189,0.21463528,0.04925200,-0.55360196,-0.15905867,0.10207545,0.71923143,-0.01573671,0.01104436,-0.99981519,-0.02216500,-0.01226346,-0.05161365,0.08300444,-0.01592946,-0.11115934
10110300000000,synthetic_50hz_02,515,0.02,97.40464230,96.27104925,16.81779836,16.78060313,16.73063310,5.44404728,120.70301526,1,1,0,0,1,0.49394809,-0.27916195,-0.05382808,0.02633347,0.11405968,0.17292217,-0.03430673,-0.12374289,-0.16986801,0.04129091,0.12985854,0.16191647,-0.04708466,-0.13223031,-0.14929681,0.05152093,0.13078981,0.13237286,-0.05447183,-0.12557858,-0.11163253,0.02592239,0.22711470,-0.07417153,-0.03502724,0.00257223,-0.40232335,0.04312858,0.24429968,-0.08592812,-0.05000270,-0.00753896,-0.38130928,0.05546095,0.24705988,-0.11559774,-0.05935497,-0.00288473,-0.34383840,0.33364425,0.45245868,-0.02242621,-0.29872776,-0.31553248,0.21980403,0.25519880,0.16950934,-0.41084479,-0.20431235,-0.01859917,0.59004071,0.14753547,-0.13284723,-0.75222548,-0.08650508,0.28046358,0.89272324,-0.01574733,0.01149964,-0.99980989,-0.02223103,-0.01180333,-0.05382808,0.08167381,-0.01480486,-0.11107185
10110320000000,synthetic_50hz_02,516,0.02,97.44927288,96.50669397,16.78118895,16.73063310,16.68371356,5.45576618,120.69230088,1,1,0,0,1,0.49544690,-0.27934547,-0.05604032,0.03579635,0.12538857,0.16893307,-0.04257336,-0.13079497,-0.16004046,0.04812297,0.13243049,0.14653381,-0.05228517,-0.13024797,-0.12880252,0.05493997,0.12431035,0.10735779,-0.05601082,-0.11478880,-0.08281789,0.03533574,0.23841910,-0.07813756,-0.04324446,-0.00444952,-0.39251245,0.04991233,0.24683606,-0.10130091,-0.05515698,-0.00551654,-0.36081791,0.05883675,0.24053661,-0.14061690,-0.06085457,0.00795171,-0.31501273,0.29159410,0.28843040,-0.25818351,-0.24642509,-0.14077696,0.44779006,0.19415153,-0.01093516,-0.62448661,-0.13628048,0.16233200,0.78317893,0.07448041,-0.30904874,-0.91929183,-0.01053303,0.44685546,1.02890111,-0.01575966,0.01195492,-0.99980436,-0.02228986,-0.01134090,-0.05604032,0.08032717,-0.01367906,-0.11097981
10110340000000,synthetic_50hz_02,517,0.02,97.11450893,96.62825696,16.74024929,16.68371356,16.65301387,5.46748496,120.68080447,1,1,0,0,1,0.49691720,-0.27950636,-0.05825025,0.04375997,0.13156191,0.15808279,-0.04907006,-0.13249018,-0.14373953,0.05296544,0.12959870,0.12525219,-0.05533380,-0.12297082,-0.10315377,0.05610686,0.11279764,0.07808138,-0.05526234,-0.09937246,-0.05075787,0.04324986,0.24456822,-0.08896450,-0.04969172,-0.00611465,-0.37622845,0.05470642,0.24396893,-0.12257235,-0.05815926,0.00180051,-0.33517239,0.05996025,0.22898025,-0.16989710,-0.06006653,0.02341460,-0.28294198,0.23775757,0.11304844,-0.48282522,-0.18420353,0.03928430,0.65694777,0.12533882,-0.19048447,-0.81213022,-0.06286054,0.33619287,0.94389857,-0.00143005,-0.47220868,-1.04845389,0.06567940,0.59461050,1.12278179,-0.01577371,0.01241006,-0.99979859,-0.02234147,-0.01087624,-0.05825025,0.07896479,-0.01255215,-0.11088322
10110360000000,synthetic_50hz_02,518,0.02,97.51503673,96.80561292,16.70361041,16.65301387,16.60671391,5.47919901,120.66852150,1,1,0,0,1,0.49835871,-0.27964461,-0.06045781,0.04993074,0.13242749,0.14093949,-0.05356763,-0.12886115,-0.12174640,0.05566014,0.12157968,0.09904329,-0.05614794,-0.11079301,-0.07348473,0.05501697,0.09681213,0.04580756,-0.05229984,-0.08004011,-0.01680975,0.04937114,0.24540986,-0.10608419,-0.05413982,-0.00245578,-0.35425253,0.05735268,0.23591478,-0.14877076,-0.05892694,0.01401804,-0.30550688,0.05882682,0.21295122,-0.20217440,-0.05706427,0.04279339,-0.24898342,0.17451594,-0.06638983,-0.68744094,-0.11475226,0.21726729,0.83912522,0.05168021,-0.36188083,-0.96661712,0.01288179,0.49606118,1.06624101,-0.07707241,-0.61593986,-1.13512467,0.13904100,0.71806070,1.17128215,-0.01578947,0.01286491,-0.99979259,-0.02238584,-0.01040945,-0.06045781,0.07758693,-0.01142422,-0.11078209
10110380000000,synthetic_50hz_02,519,0.02,97.82498826,97.00948799,16.66291388,16.60671391,16.55074020,5.49090406,120.65544756,1,1,0,0,1,0.49977115,-0.27976021,-0.06266288,0.05409768,0.12805399,0.11830836,-0.05592575,-0.12015591,-0.09504776,0.05614146,0.10879367,0.06904689,-0.05473858,-0.09429487,-0.04105537,0.05175756,0.07707750,0.01188020,-0.04728435,-0.05763795,0.01763748,0.05348861,0.24101268,-0.12869145,-0.05644846,0.00627906,-0.32757140,0.05778548,0.22309386,-0.17875638,-0.05747102,0.03055572,-0.27308136,0.05552372,0.19317322,-0.23610494,-0.05200885,0.06524187,-0.21452607,0.10455929,-0.24265042,-0.86421592,-0.04097088,0.38610416,0.98752581,-0.02379874,-0.51842634,-1.08236487,0.08788223,0.63580205,1.14599884,-0.14943203,-0.73484729,-1.17659313,0.20667364,0.81270654,1.17326570,-0.01580694,0.01331933,-0.99978637,-0.02242296,-0.00994061,-0.06266288,0.07619387,-0.01029537,-0.11067643
10110400000000,synthetic_50hz_02,520,0.02,98.10608068,97.22880652,16.61580094,16.55074020,16.48748746,5.50259579,120.64157835,1,1,0,0,1,0.50115422,-0.27985315,-0.06486539,0.05613731,0.11871774,0.09118718,-0.05609465,-0.10681753,-0.06478539,0.05443475,0.09183771,0.03651582,-0.05120547,-0.07421018,-0.00719347,0.04649991,0.05444313,-0.02233626,-0.04045374,-0.03310646,0.05122204,0.05547880,0.23165302,-0.15578848,-0.05656785,0.01964678,-0.29732683,0.05603020,0.20610320,-0.21127638,-0.05389124,0.05067976,-0.23922361,0.05022224,0.17049563,-0.27032427,-0.04513812,0.08981958,-0.18093169,0.03076087,-0.40886024,-1.00670635,0.03416042,0.53932253,1.09692967,-0.09809684,-0.65423591,-1.15552799,0.15920509,0.75028736,1.18081190,-0.21572338,-0.82470768,-1.17205246,0.26602226,0.87535129,1.12950220,-0.01582611,0.01377317,-0.99977992,-0.02245281,-0.00946983,-0.06486539,0.07478587,-0.00916568,-0.11056623
10110420000000,synthetic_50hz_02,521,0.02,98.11628555,97.40630233,16.56190928,16.48748746,16.42806729,5.51426981,120.62690970,1,1,0,0,1,0.50250768,-0.27992342,-0.06706524,0.05601456,0.10488156,0.06071636,-0.05411280,-0.08945671,-0.03220206,0.05065094,0.07145278,0.00275935,-0.04572880,-0.05138884,0.02676291,0.03948827,0.02984333,-0.05551358,-0.03210927,-0.00743743,0.08266377,0.05530663,0.21779370,-0.18623488,-0.05453648,0.03703669,-0.26476157,0.05219776,0.18568380,-0.24502146,-0.04836779,0.07354026,-0.20527169,0.04316662,0.14585277,-0.30350415,-0.03675336,0.11553472,-0.14948043,-0.04394911,-0.55877220,-1.11004023,0.10770675,0.67128331,1.16383486,-0.16835916,-0.76444100,-1.18407558,0.22415770,0.83555950,1.17017885,-0.27349366,-0.88258844,-1.12254532,0.31494468,0.90417194,1.04254828,-0.01584698,0.01422629,-0.99977324,-0.02247539,-0.00899720,-0.06706524,0.07336321,-0.00803526,-0.11045150
10110440000000,synthetic_50hz_02,522,0.02,98.30312722,97.58566731,16.50569564,16.42806729,16.36436247,5.52592223,120.61143756,1,1,0,0,1,0.50383124,-0.27997101,-0.06926235,0.05377976,0.08716692,0.02812596,-0.05010104,-0.06881895,0.00141355,0.04497788,0.04848689,-0.03091231,-0.03855799,-0.02675693,0.05951986,0.03102646,0.00425556,-0.08641142,-0.02260042,0.01836850,0.11081170,0.05302243,0.20005620,-0.21880059,-0.05047518,0.05770330,-0.23116433,0.04647601,0.16268365,-0.27868145,-0.04115011,0.09821114,-0.17251950,0.03466069,0.12022209,-0.33440425,-0.02720403,0.14138664,-0.12132327,-0.11670465,-0.68698825,-1.17104017,0.17689509,0.77736933,1.18651783,-0.23198556,-0.84533848,-1.16778763,0.28038778,0.88893614,1.11538957,-0.32070628,-0.90690534,-1.03083431,0.35177868,0.89872805,0.91655961,-0.01586955,0.01467853,-0.99976635,-0.02249068,-0.00852280,-0.06926235,0.07192618,-0.00690418,-0.11033225
10110460000000,synthetic_50hz_02,523,0.02,98.30415074,97.72936399,16.44633571,16.36436247,16.30365276,5.53754945,120.59515798,1,1,0,0,1,0.50512465,-0.27999593,-0.07145661,0.04956243,0.06632131,-0.00531771,-0.04425363,-0.04574811,0.03478033,0.03766899,0.02385598,-0.06324023,-0.02999832,-0.00127606,0.08987688,0.02146280,-0.02134064,-0.11392234,-0.01230849,0.04334208,0.13468336,0.04875574,0.17918799,-0.25221931,-0.04457823,0.08080274,-0.19781620,0.03911836,0.13801871,-0.31099738,-0.03254347,0.12373079,-0.14216754,0.02505278,0.09458313,-0.36191711,-0.01687144,0.16640610,-0.09744269,-0.18481519,-0.78913358,-1.18826803,0.23921699,0.85412009,1.16501609,-0.28672206,-0.89448192,-1.10817619,0.32596080,0.90905541,1.01938705,-0.35580193,-0.89742042,-0.90120851,0.37538513,0.85991238,0.75704771,-0.01589380,0.01512976,-0.99975924,-0.02249869,-0.00804673,-0.07145661,0.07047505,-0.00577254,-0.11020847
10110480000000,synthetic_50hz_02,524,0.02,98.15735297,97.81496179,16.38640887,16.30365276,16.25031930,5.54914845,120.57806717,1,1,0,0,1,0.50638765,-0.27999817,-0.07364795,0.04356213,0.04318242,-0.03836361,-0.03682692,-0.02114833,0.06667465,0.02902997,-0.00149548,-0.09306343,-0.02039608,0.02409617,0.11676915,0.01117415,-0.04600216,-0.13710836,-0.00163007,0.06658189,0.15349467,0.04270611,0.15602680,-0.28524000,-0.03710195,0.10543086,-0.16594081,0.03043054,0.11263345,-0.34080831,-0.02289415,0.14914161,-0.11528064,0.01471974,0.06987901,-0.38510477,-0.00615220,0.18969166,-0.07862276,-0.24586275,-0.86197801,-1.16199531,0.29251424,0.89931053,1.10103935,-0.33073240,-0.91071550,-1.00833992,0.35941539,0.89586412,0.88656958,-0.37773627,-0.85518456,-0.73923903,0.38516683,0.78984962,0.57059587,-0.01591974,0.01557982,-0.99975192,-0.02249941,-0.00756908,-0.07364795,0.06901010,-0.00464043,-0.11008019
10110500000000,synthetic_50hz_02,525,0.02,98.04090400,97.86015023,16.32925125,16.25031930,16.20109865,5.56071712,120.56016144,1,1,0,0,1,0.50762001,-0.27997774,-0.07583628,0.03603705,0.01864111,-0.06982356,-0.02812611,0.00405412,0.09597464,0.01940428,-0.02663247,-0.11935872,-0.01012301,0.04844298,0.13930163,0.00054989,-0.06885687,-0.15522841,0.00903908,0.08728558,0.16667988,0.03513174,0.13146344,-0.31667447,-0.02835156,0.13066140,-0.13666005,0.02075598,0.08746288,-0.36709102,-0.01257392,0.17352682,-0.09275385,0.00405094,0.04698186,-0.40322615,0.00455795,0.21044099,-0.06542923,-0.29778192,-0.90350322,-1.09410579,0.33504471,0.91197462,0.99781839,-0.36264801,-0.89415337,-0.87276342,0.37979600,0.85055326,0.72254627,-0.38599429,-0.78243130,-0.55149778,0.38106419,0.69175148,0.36454935,-0.01594737,0.01602857,-0.99974438,-0.02249284,-0.00708995,-0.07583628,0.06753163,-0.00350795,-0.10994739
10110520000000,synthetic_50hz_02,526,0.02,97.74962671,97.83804553,16.27542716,16.20109865,16.16117982,5.57225414,120.54143722,1,1,0,0,1,0.50882147,-0.27993462,-0.07802150,0.02729108,-0.00639550,-0.09861415,-0.01849107,0.02894733,0.12169750,0.00915796,-0.05066460,-0.14127225,0.00043918,0.07092119,0.15677406,-0.01002365,-0.08913308,-0.16775600,0.01931914,0.10477523,0.17390146,0.02633650,0.10640507,-0.34543931,-0.01866694,0.15558245,-0.11095669,0.01046076,0.06339740,-0.38899168,-0.00196447,0.19604322,-0.07528740,-0.00656726,0.02666337,-0.41575477,0.01487919,0.22797616,-0.05819965,-0.33892050,-0.91291694,-0.98793974,0.36552747,0.89237693,0.85990237,-0.38159612,-0.84610928,-0.70707361,0.38666317,0.77544790,0.53385959,-0.38058254,-0.68243000,-0.34525415,0.36352954,0.56973732,0.14669488,-0.01597667,0.01647587,-0.99973665,-0.02247899,-0.00660943,-0.07802150,0.06603992,-0.00237519,-0.10981009
10110540000000,synthetic_50hz_02,527,0.02,97.71089963,97.81261635,16.22744328,16.16117982,16.11847741,5.58375915,120.52189108,1,1,0,0,1,0.50999180,-0.27986883,-0.08020352,0.01765982,-0.03103892,-0.12379173,-0.00828165,0.05266724,0.14302888,-0.00133529,-0.07277714,-0.15814243,0.01091373,0.09078884,0.16869667,-0.02017752,-0.10618305,-0.17438730,0.02885958,0.11851596,0.17505027,0.01665601,0.08174016,-0.37059089,-0.00840792,0.17932994,-0.08964510,-0.00008146,0.04125174,-0.40584869,0.00855743,0.21594887,-0.06337108,-0.01676593,0.00957128,-0.42238679,0.02446097,0.24176229,-0.05704313,-0.36807986,-0.89061764,-0.84809053,0.38316648,0.84193716,0.69291730,-0.38720623,-0.76898325,-0.51776694,0.38008264,0.67385918,0.32768912,-0.36200110,-0.55930745,-0.12816387,0.33348289,0.42863061,-0.07505640,-0.01600764,0.01692157,-0.99972871,-0.02245785,-0.00612761,-0.08020352,0.06453527,-0.00124223,-0.10966830
10110560000000,synthetic_50hz_02,528,0.02,97.85885513,97.82186411,16.18167761,16.11847741,16.06583061,5.59523215,120.50151971,1,1,0,0,1,0.51113078,-0.27978036,-0.08238226,0.00749646,-0.05445118,-0.14457955,0.00213679,0.07442691,0.15934356,-0.01170842,-0.09225689,-0.16951362,0.02094250,0.10742705,0.17479652,-0.02957280,-0.11950004,-0.17503996,0.03735050,0.12812779,0.17023692,0.00644346,0.05830669,-0.39135244,0.00206010,0.20111694,-0.07335049,-0.01050360,0.02173909,-0.41720641,0.01863366,0.23262489,-0.05727782,-0.02620614,-0.00378767,-0.42303986,0.03299341,0.25141939,-0.06184907,-0.38453475,-0.83811498,-0.68016586,0.38765380,0.76311465,0.50329846,-0.37959661,-0.66611337,-0.31192073,0.36059547,0.54990773,0.11155019,-0.33119820,-0.41784799,0.09203641,0.29225233,0.27374150,-0.29296955,-0.01604027,0.01736553,-0.99972057,-0.02242943,-0.00564460,-0.08238226,0.06301797,-0.00010917,-0.10952201
10110580000000,synthetic_50hz_02,529,0.02,97.40116670,97.73772462,16.13302187,16.06583061,16.02762427,5.60667277,120.48031992,1,1,0,0,1,0.51223817,-0.27966924,-0.08455762,-0.00284216,-0.07587253,-0.16038657,0.01240695,0.09354092,0.17021752,-0.02161404,-0.10851248,-0.17514102,0.03019799,0.12035558,0.17501513,-0.03791132,-0.12872877,-0.16984346,0.04453165,0.13339065,0.15977513,-0.00394430,0.03686440,-0.40713293,0.01237987,0.22025802,-0.06249687,-0.02045828,0.00545083,-0.42282006,0.02793668,0.24559103,-0.05706611,-0.03458972,-0.01305819,-0.41784346,0.04021623,0.25672739,-0.07230376,-0.38803357,-0.75791277,-0.49052611,0.37915376,0.65926051,0.29800986,-0.35934277,-0.54160146,-0.09690184,0.32917176,0.40832778,-0.10699990,-0.28951058,-0.26328183,0.30781679,0.24150267,0.11064533,-0.49975917,-0.01607457,0.01780759,-0.99971225,-0.02239375,-0.00516047,-0.08455762,0.06148832,0.00102390,-0.10937124
10110600000000,synthetic_50hz_02,530,0.02,97.62162816,97.71450533,16.08875488,16.02762427,15.97458775,5.61808126,120.45828866,1,1,0,0,1,0.51331377,-0.27953546,-0.08672952,-0.01300855,-0.09464416,-0.17081791,0.02219204,0.10944400,0.17543146,-0.03073573,-0.12108851,-0.17498724,0.03839329,0.12924199,0.16949806,-0.04494395,-0.13366936,-0.15912217,0.05019886,0.13424298,0.14415871,-0.01415980,0.01807212,-0.41753749,0.02221456,0.23618791,-0.05730356,-0.02962906,-0.00715763,-0.42265222,0.03617959,0.25451484,-0.06259038,-0.04166753,-0.01804040,-0.40712196,0.04592529,0.25762473,-0.08791339,-0.37878049,-0.65336217,-0.28601219,0.35827016,0.53444611,0.08426305,-0.32743074,-0.40012172,0.11991544,0.28715133,0.25426163,-0.32063671,-0.23859322,-0.10107106,0.51211388,0.18315635,-0.05503343,-0.68882656,-0.01611051,0.01824762,-0.99970374,-0.02235081,-0.00467534,-0.08672952,0.05994662,0.00215688,-0.10921598
10110620000000,synthetic_50hz_02,531,0.02,97.64968401,97.70154107,16.04080468,15.97458775,15.91639165,5.62945736,120.43542301,1,1,0,0,1,0.51435736,-0.27937905,-0.08889786,-0.02267634,-0.11022555,-0.17567715,0.03118643,0.12170395,0.17496638,-0.03879740,-0.12967356,-0.16921124,0.04528983,0.13390463,0.15857767,-0.05047652,-0.13427516,-0.14337223,0.05420796,0.13077448,0.12403329,-0.02387665,0.00247036,-0.42236968,0.03125854,0.24847440,-0.05778955,-0.03773988,-0.01577487,-0.41686187,0.04312384,0.25921468,-0.07351828,-0.04724542,-0.01868766,-0.39137150,0.04997641,0.25420112,-0.10803231,-0.35740174,-0.52849345,-0.07367475,0.32599931,0.39327666,-0.13075330,-0.28519816,-0.24672153,0.33141166,0.23617462,0.09305329,-0.52251527,-0.18034206,0.06329771,0.69855452,0.11931015,-0.21782381,-0.85445412,-0.01614810,0.01868547,-0.99969505,-0.02230063,-0.00418929,-0.08889786,0.05839317,0.00328969,-0.10905625
10110640000000,synthetic_50hz_02,532,0.02,97.14451231,97.59013531,15.98855121,15.91639165,15.87372990,5.64080033,120.41172016,1,1,0,0,1,0.51536873,-0.27920000,-0.09106257,-0.03155035,-0.12220609,-0.17496115,0.03912442,0.13002861,0.16899210,-0.04557051,-0.13410234,-0.15815093,0.05070279,0.13430984,0.14275020,-0.05437328,-0.13064513,-0.12323391,0.05647616,0.12321385,0.10016473,-0.03279968,-0.00953028,-0.42162638,0.03924613,0.25682536,-0.06378501,-0.04456218,-0.02023562,-0.40578691,0.04858459,0.25965689,-0.08935356,-0.05118761,-0.01509892,-0.37123237,0.05228678,0.24668525,-0.13189469,-0.32489865,-0.38783478,0.13948492,0.28367188,0.24069851,-0.34012345,-0.23426671,-0.08662278,0.53095607,0.17810753,-0.06995032,-0.70648098,-0.11681342,0.22450672,0.86163771,0.05215153,-0.37259049,-0.99195302,-0.01618732,0.01912099,-0.99968618,-0.02224322,-0.00370242,-0.09106257,0.05682827,0.00442224,-0.10889206
10110660000000,synthetic_50hz_02,533,0.02,97.24157293,97.52042284,15.94032626,15.87372990,15.82001648,5.65211004,120.38717745,1,1,0,0,1,0.51634769,-0.27899833,-0.09322355,-0.03937482,-0.13031118,-0.16884819,0.04578690,0.13426725,0.15784978,-0.05087893,-0.13435233,-0.14230049,0.05450409,0.13056396,0.12264861,-0.05655787,-0.12301138,-0.09946071,0.05698107,0.11191233,0.07340532,-0.04067311,-0.01765518,-0.41548586,0.04595820,0.26109003,-0.07494879,-0.04991982,-0.02051733,-0.38992154,0.05243376,0.25594780,-0.10946326,-0.05341776,-0.00750629,-0.34745804,0.05283403,0.23542834,-0.15864822,-0.28259045,-0.23622613,0.34675284,0.23288684,0.08180810,-0.53742620,-0.17646899,0.07496850,0.71260531,0.11496345,-0.22958371,-0.86723968,-0.05014347,0.37757993,0.99687112,-0.01612218,-0.51469033,-1.09776231,-0.01622817,0.01955405,-0.99967714,-0.02217861,-0.00321482,-0.09322355,0.05525224,0.00555442,-0.10872340
10110680000000,synthetic_50hz_02,534,0.02,96.75931757,97.36820179,15.88979615,15.82001648,15.77888756,5.66338611,120.36179233,1,1,0,0,1,0.51729405,-0.27877407,-0.09538070,-0.04593950,-0.13440289,-0.15768055,0.05100580,0.13440670,0.14202958,-0.05460157,-0.13053549,-0.12228384,0.05662315,0.12290089,0.09901259,-0.05701226,-0.11172300,-0.07288676,0.05575768,0.09732408,0.04465958,-0.04728671,-0.02176642,-0.40429040,0.05122669,0.26125525,-0.09079073,-0.05369172,-0.01673199,-0.36988965,0.05460077,0.24832131,-0.13310770,-0.05391783,0.00374115,-0.32088266,0.05165313,0.22088458,-0.18738838,-0.23204988,-0.07863591,0.54191221,0.17544065,-0.07832998,-0.71692184,-0.11377337,0.23303758,0.87126228,0.04882596,-0.38102660,-1.00048383,0.01752912,0.51803045,1.10086096,-0.08337883,-0.64009923,-1.16949975,-0.01627065,0.01998450,-0.99966794,-0.02210681,-0.00272659,-0.09538070,0.05366537,0.00668616,-0.10855030
10110700000000,synthetic_50hz_02,535,0.02,96.63162825,97.22088708,15.84321454,15.77888756,15.73377031,5.67462874,120.33556240,1,1,0,0,1,0.51820762,-0.27852723,-0.09753395,-0.05108379,-0.13447578,-0.14194253,0.05466638,0.13056297,0.12214477,-0.05667290,-0.12288597,-0.09882553,0.05704552,0.11166610,0.07265710,-0.05577350,-0.09722686,-0.04439393,0.05289349,0.07998451,0.01485086,-0.05247987,-0.02185855,-0.38852431,0.05493684,0.25743702,-0.11069756,-0.05581235,-0.00911371,-0.34641581,0.05507117,0.23712290,-0.15947192,-0.05272486,0.01819652,-0.29238808,0.04883160,0.20358936,-0.21719183,-0.17503470,0.08001283,0.71941931,0.11325485,-0.23484997,-0.87370061,-0.04820981,0.38291628,1.00279272,-0.01822514,-0.51994293,-1.10297384,0.08413466,0.64197939,1.17135571,-0.14761853,-0.74550728,-1.20596686,-0.01631473,0.02041219,-0.99965858,-0.02202785,-0.00223783,-0.09753395,0.05206799,0.00781735,-0.10837274
10110720000000,synthetic_50hz_02,536,0.02,96.82383669,97.14147700,15.79724797,15.73377031,15.67272895,5.68583815,120.30848539,1,1,0,0,1,0.51908822,-0.27825783,-0.09968321,-0.05469867,-0.13064834,-0.12223532,0.05670751,0.12296897,0.09890362,-0.05708145,-0.11174433,-0.07272048,0.05580970,0.09729806,0.04444078,-0.05292894,-0.08004664,-0.01487983,0.04852220,0.06048744,-0.01511012,-0.05614356,-0.01805008,-0.36878879,0.05702754,0.24986826,-0.13396100,-0.05627022,0.00199691,-0.32029496,0.05388345,0.22279102,-0.18769726,-0.04992622,0.03533614,-0.26287193,0.04450312,0.18413650,-0.24714784,-0.11341807,0.23500112,0.87454212,0.04830494,-0.38323183,-1.00379033,0.01820085,0.52041379,1.10409880,-0.08418189,-0.64259197,-1.17257558,0.14773594,0.74624393,1.20724646,-0.20703069,-0.82838134,-1.20711186,-0.01636042,0.02083699,-0.99964907,-0.02194176,-0.00174863,-0.09968321,0.05046041,0.00894791,-0.10819075
10110740000000,synthetic_50hz_02,537,0.02,96.65168386,97.04351837,15.74494998,15.67272895,15.61222064,5.69701373,120.28055916,1,1,0,0,1,0.51993568,-0.27796589,-0.10182838,-0.05672678,-0.12315097,-0.09924988,0.05712005,0.11195920,0.07308026,-0.05586652,-0.09753959,-0.04480370,0.05300233,0.08030787,0.01523543,-0.04861006,-0.06076083,0.01477209,0.04281634,0.03946204,-0.04435371,-0.05822042,-0.01057138,-0.34577477,0.05748963,0.23888346,-0.15980693,-0.05510465,0.01617088,-0.29236206,0.05112426,0.20583678,-0.21691193,-0.04565337,0.05458154,-0.23321766,0.03884021,0.16315516,-0.27638678,-0.04912045,0.38195305,1.00345975,-0.01744701,-0.51942449,-1.10422303,0.08351146,0.64192068,1.17315105,-0.14716825,-0.74590999,-1.20825657,0.20658210,0.82839438,1.20852749,-0.26004009,-0.88699576,-1.17395600,-0.01640771,0.02125876,-0.99963942,-0.02184855,-0.00125909,-0.10182838,0.04884293,0.01007775,-0.10800432
10110760000000,synthetic_50hz_02,538,0.02,96.56135244,96.94708519,15.68920366,15.61222064,15.54845853,5.70815454,120.25178168,1,1,0,0,1,0.52074984,-0.27765143,-0.10396938,-0.05716073,-0.11231098,-0.07373888,0.05594356,0.09795225,0.04548567,-0.05311351,-0.08076951,-0.01592108,0.04875218,0.06125815,-0.01410251,-0.04298529,-0.03998068,0.04371953,0.03597912,0.01755055,-0.07207609,-0.05870307,0.00025021,-0.32023495,0.05636269,0.22490123,-0.18742436,-0.05240103,0.03291043,-0.26346305,0.04692235,0.18682280,-0.24625950,-0.04007475,0.07532145,-0.20426755,0.03204612,0.14128761,-0.30410480,0.01595459,0.51695181,1.10332270,-0.08211377,-0.63994312,-1.17306186,0.14590558,0.74448456,1.20898110,-0.20549086,-0.82756217,-1.21004486,0.25915174,0.88678077,1.17622245,-0.30534116,-0.92043307,-1.10848901,-0.01645658,0.02167735,-0.99962963,-0.02174827,-0.00076930,-0.10396938,0.04721588,0.01120676,-0.10781348
10110780000000,synthetic_50hz_02,539,0.02,96.51511593,96.86069134,15.63009070,15.54845853,15.47984693,5.71925940,120.22215109,1,1,0,0,1,0.52153052,-0.27731448,-0.10610613,-0.05603985,-0.09853574,-0.04648905,0.05326175,0.08143194,0.01693991,-0.04894808,-0.06198041,0.01309763,0.04322322,0.04074196,-0.04275755,-0.03625222,-0.01832889,0.07118475,0.02823604,-0.00461260,-0.09755966,-0.05763083,0.01400734,-0.29295605,0.05373040,0.20840536,-0.21599323,-0.04828502,0.05166924,-0.23442766,0.04144172,0.16634214,-0.27492446,-0.03338793,0.09693318,-0.17679936,0.02434630,0.11916824,-0.32958433,0.07997872,0.63663068,1.17227543,-0.14393685,-0.74193926,-1.20939106,0.20374521,0.82585739,1.21163938,-0.25767950,-0.88596567,-1.17895558,0.30418478,0.92053114,1.11228193,-0.34192026,-0.92855727,-1.01354068,-0.01650702,0.02209262,-0.99961971,-0.02164094,-0.00027935,-0.10610613,0.04557957,0.01233488,-0.10761821
10110800000000,synthetic_50hz_02,540,0.02,96.92564806,96.87368268,15.56698832,15.47984693,15.38942486,5.73032683,120.19166565,1,1,0,0,1,0.52227759,-0.27695507,-0.10823852,-0.05344568,-0.08229451,-0.01829466,0.04919673,0.06292786,-0.01175366,-0.04352942,-0.04174696,0.04146313,0.03660713,0.01936248,-0.06997719,-0.02862945,0.00358023,0.09647378,0.01982636,-0.02641972,-0.12018898,-0.05508523,0.03023075,-0.26473234,0.04971488,0.18992545,-0.24471019,-0.04291580,0.07187264,-0.20604518,0.03487402,0.14499797,-0.30215434,-0.02581153,0.11880243,-0.15150705,0.01598004,0.09740476,-0.35220991,0.14124982,0.73823814,1.20944412,-0.20133155,-0.82324405,-1.21327289,0.25560880,0.88451546,1.18212244,-0.30251672,-0.92028587,-1.11689086,0.34070295,0.92952401,1.01945878,-0.36906656,-0.91196353,-0.89263524,-0.01655904,0.02250444,-0.99960967,-0.02152660,0.00021064,-0.10823852,0.04393434,0.01346199,-0.10741854
10110820000000,synthetic_50hz_02,541,0.02,96.86477322,96.87190079,15.49241167,15.38942486,15.29888740,5.74135416,120.16032374,1,1,0,0,1,0.52299089,-0.27657323,-0.11036649,-0.04949647,-0.06409987,0.01006693,0.04390262,0.04299616,-0.03983135,-0.03704304,-0.02065286,0.06844740,0.02911549,-0.00228587,-0.09509009,-0.02034853,0.02515870,0.11899129,0.01099491,-0.04730619,-0.13946191,-0.05118454,0.04840787,-0.23634117,0.04447026,0.17001766,-0.27281152,-0.03647888,0.09293694,-0.17904364,0.02743083,0.12338472,-0.32727777,-0.01757708,0.14034121,-0.12898596,0.00719215,0.07656177,-0.37147941,0.19823442,0.81967733,1.21489317,-0.25292252,-0.88238541,-1.18567617,0.30031874,0.91965391,1.12227556,-0.33905663,-0.93040836,-1.02651923,0.36801936,0.91433870,0.90116788,-0.38637193,-0.87190823,-0.74983543,-0.01661261,0.02291266,-0.99959951,-0.02140528,0.00070060,-0.11036649,0.04228049,0.01458801,-0.10721447
10110840000000,synthetic_50hz_02,542,0.02,96.80065738,96.85765211,15.41113148,15.29888740,15.20778830,5.75233837,120.12812390,1,1,0,0,1,0.52367029,-0.27616899,-0.11248993,-0.04434102,-0.04448935,0.03785707,0.03755862,0.02220116,-0.06658882,-0.02969339,0.00072710,0.09340078,0.02097209,-0.02363440,-0.11751995,-0.01164615,0.04586030,0.13825097,0.00198445,-0.06676404,-0.15499615,-0.04607754,0.06800114,-0.20852122,0.03817572,0.14924629,-0.29959292,-0.02917872,0.11428736,-0.15407271,0.01933595,0.10207107,-0.34971846,-0.00892129,0.16100331,-0.10972238,-0.00177460,0.05714727,-0.38701052,0.24960112,0.87952090,1.18955538,-0.29756947,-0.91858131,-1.12838177,0.33695875,0.93115860,1.03467638,-0.36663336,-0.91689015,-0.91114079,0.38573776,0.87618732,0.76133659,-0.39372116,-0.81022361,-0.58958269,-0.01666772,0.02331715,-0.99958924,-0.02127703,0.00119041,-0.11248993,0.04061835,0.01571285,-0.10700600
10110860000000,synthetic_50hz_02,543,0.02,96.94155029,96.87443174,15.32572734,15.20778830,15.10783826,5.76327647,120.09506478,1,1,0,0,1,0.52431565,-0.27574237,-0.11460877,-0.03815201,-0.02400795,0.06439436,0.03036191,0.00109824,-0.09139718,-0.02169646,0.02184313,0.11576497,0.01240549,-0.04415475,-0.13679520,-0.00275687,0.06519338,0.15388157,-0.00697124,-0.08435244,-0.16653145,-0.03993692,0.08846558,-0.18195387,0.03102845,0.12816674,-0.32442547,-0.02123130,0.13537408,-0.13169068,0.01081794,0.08158537,-0.36900484,-0.00007869,0.18029706,-0.09408759,-0.01068643,0.03960206,-0.39854301,0.29424453,0.91700336,1.13514051,-0.33438316,-0.93171173,-1.04387063,0.36488136,0.91955842,0.92250547,-0.38485986,-0.88089381,-0.77454405,0.39374267,0.81683262,0.60425216,-0.39127370,-0.72922176,-0.41653940,-0.01672437,0.02371778,-0.99957887,-0.02114188,0.00168000,-0.11460877,0.03894825,0.01683642,-0.10679316
10110880000000,synthetic_50hz_02,544,0.02,96.80391701,96.86032880,15.23421393,15.10783826,15.01075263,5.77416522,120.06114519,1,1,0,0,1,0.52492684,-0.27529342,-0.11672291,-0.03111932,-0.00319199,0.08906986,0.02252067,-0.01978127,-0.11371522,-0.01327274,0.04218422,0.13508212,0.00364215,-0.06337099,-0.15255453,0.00609345,0.08273074,0.16562873,-0.01565337,-0.09970532,-0.17392778,-0.03295254,0.10926487,-0.15724806,0.02323663,0.10731032,-0.34676798,-0.01285710,0.15568611,-0.11235540,0.00210323,0.06240358,-0.38477560,0.00872483,0.19779529,-0.08233592,-0.01932456,0.02429222,-0.40593682,0.33130010,0.93199323,1.05402774,-0.36273204,-0.92227226,-0.93519980,0.38370625,0.88596174,0.78940961,-0.39361803,-0.82410853,-0.62086038,0.39218162,0.73849589,0.43441145,-0.37943842,-0.63159207,-0.23543823,-0.01678254,0.02411440,-0.99956841,-0.02099989,0.00216925,-0.11672291,0.03727052,0.01795862,-0.10657594
10110900000000,synthetic_50hz_02,545,0.02,96.82340158,96.85294335,15.14036019,15.01075263,14.90931051,5.78500169,120.02636406,1,1,0,0,1,0.52550374,-0.27482218,-0.11883227,-0.02344329,0.01744534,0.11135859,0.01424735,-0.03994324,-0.13309788,-0.00464065,0.06128956,0.15099991,-0.00509984,-0.08086887,-0.16454854,0.01469329,0.09811669,0.17335315,-0.02386314,-0.11253577,-0.17715991,-0.02532475,0.12988583,-0.13492879,0.01501269,0.08717117,-0.36617537,-0.00427456,0.17476265,-0.09641920,-0.00659005,0.04493991,-0.39678133,0.01727779,0.21314231,-0.07460669,-0.02749019,0.01150466,-0.40916675,0.36015003,0.92494826,0.94914718,-0.38224040,-0.89131298,-0.80587195,0.39331061,0.83198073,0.63936306,-0.39304148,-0.74866208,-0.45442103,0.38144078,0.64375916,0.25637783,-0.35884297,-0.52029637,-0.05094314,-0.01684223,0.02450689,-0.99955786,-0.02085109,0.00265808,-0.11883227,0.03558549,0.01907937,-0.10635435
10110920000000,synthetic_50hz_02,546,0.02,97.19698891,96.92175246,15.04331932,14.90931051,14.79019686,5.79578304,119.99072046,1,1,0,0,1,0.52604625,-0.27432867,-0.12093676,-0.01532839,0.03742633,0.13082739,0.00575247,-0.05894146,-0.14920095,0.00398929,0.07875729,0.16327298,-0.01361604,-0.09630251,-0.17263778,0.02285024,0.11107128,0.17702534,-0.03142565,-0.12263781,-0.17630919,-0.01725803,0.14985073,-0.11542919,0.00656718,0.06819549,-0.38230343,0.00430583,0.19220182,-0.08412743,-0.01505749,0.02954027,-0.40488260,0.02538775,0.22605814,-0.07092938,-0.03500843,0.00144535,-0.40831413,0.38042126,0.89685674,0.82385557,-0.39277883,-0.84036608,-0.65970339,0.39381241,0.75964728,0.47653165,-0.38349219,-0.65702750,-0.27962128,0.36211571,0.53546531,0.07464929,-0.33029927,-0.39846540,0.13247486,-0.01690341,0.02489510,-0.99954724,-0.02069553,0.00314639,-0.12093676,0.03389348,0.02019858,-0.10612841
10110940000000,synthetic_50hz_02,547,0.02,96.98973599,96.93534917,14.93700789,14.79019686,14.67821683,5.80650582,119.95421360,1,1,0,0,1,0.52655426,-0.27381294,-0.12303630,-0.00697737,0.05631886,0.14713942,-0.00276092,-0.07638592,-0.16178237,0.01241960,0.09425073,0.17176106,-0.02172022,-0.10939825,-0.17678780,0.03039464,0.12139176,0.17671767,-0.03819276,-0.12988550,-0.17155268,-0.00895511,0.16872747,-0.09908614,-0.00189689,0.05077331,-0.39491011,0.01268657,0.20766696,-0.07562037,-0.02311285,0.01647830,-0.40904495,0.03288506,0.23634007,-0.07123163,-0.04173112,-0.00575976,-0.40355603,0.39197617,0.84916844,0.68181078,-0.39444821,-0.77136579,-0.50069496,0.38554812,0.67132430,0.30514387,-0.36553250,-0.55192823,-0.10079535,0.33497840,0.41661980,-0.10645916,-0.29476673,-0.26930003,0.31064440,-0.01696608,0.02527892,-0.99953655,-0.02053327,0.00363408,-0.12303630,0.03219483,0.02131614,-0.10589812
10110960000000,synthetic_50hz_02,548,0.02,96.71503477,96.89128629,14.82831565,14.67821683,14.57361288,5.81716686,119.91684282,1,1,0,0,1,0.52702766,-0.27327503,-0.12513080,0.00141410,0.07374427,0.16005524,-0.01110209,-0.09194861,-0.17070038,0.02047001,0.10750203,0.17642413,-0.02924777,-0.11995612,-0.17706150,0.03718230,0.12895181,0.17259411,-0.04404485,-0.13422976,-0.16315074,-0.00061166,0.18613738,-0.08613904,-0.01018877,0.03523261,-0.40385363,0.02068741,0.22089021,-0.07093803,-0.03059153,0.00595397,-0.40933128,0.03962553,0.24386175,-0.07534947,-0.04753865,-0.01006161,-0.39515281,0.39489731,0.78371849,0.52684937,-0.38755841,-0.68656399,-0.33290986,0.36904601,0.56961553,0.12937240,-0.33989385,-0.43624479,0.07789493,0.30094239,0.29029691,-0.28291651,-0.25331462,-0.13597963,0.47978147,-0.01703023,0.02565820,-0.99952580,-0.02036436,0.00412106,-0.12513080,0.03048986,0.02243199,-0.10566349
10110980000000,synthetic_50hz_02,549,0.02,96.57452031,96.82793309,14.72134048,14.57361288,14.46879699,5.82776381,119.87860761,1,1,0,0,1,0.52746636,-0.27271499,-0.12722017,0.00966188,0.08938284,0.16943110,-0.01909662,-0.10536708,-0.17590892,0.02798079,0.11831354,0.17731521,-0.03605826,-0.12784897,-0.17360942,0.04309616,0.13369845,0.16489839,-0.04889157,-0.13569334,-0.15143326,0.00758817,0.20176073,-0.07673168,-0.01813404,0.02183586,-0.40908797,0.02814860,0.23167393,-0.07002740,-0.03735311,-0.00190557,-0.40589211,0.04549212,0.24857023,-0.08303915,-0.05234070,-0.01148294,-0.38343436,0.38946712,0.70264726,0.36287074,-0.37260297,-0.58844476,-0.16036131,0.34499650,0.45727711,-0.04677142,-0.30744363,-0.31292596,0.25255570,0.26102700,0.15955300,-0.45105868,-0.20708485,-0.00158006,0.63655743,-0.01709585,0.02603281,-0.99951499,-0.02018885,0.00460723,-0.12722017,0.02877892,0.02354601,-0.10542453
10111000000000,synthetic_50hz_02,550,0.02,96.41707458,96.74576139,14.61527221,14.46879699,14.36328892,5.83829482,119.83950760,1,1,0,0,1,0.52787028,-0.27213286,-0.12930434,0.01759721,0.10297709,0.17521453,-0.02658946,-0.11644563,-0.17745083,0.03481513,0.12655699,0.17457114,-0.04203705,-0.13301965,-0.16665848,0.04804703,0.13564729,0.15394098,-0.05267180,-0.13436416,-0.13678529,0.01547564,0.21534007,-0.07091651,-0.02557766,0.01077876,-0.41065592,0.03493335,0.23988983,-0.07275165,-0.04328293,-0.00704317,-0.39895439,0.05039562,0.25048110,-0.09399022,-0.05607610,-0.01011166,-0.36878572,0.37614392,0.60831947,0.19373079,-0.35023097,-0.47964060,0.01308726,0.31422069,0.33713346,-0.21952801,-0.26915128,-0.18490661,0.41963966,0.21632211,0.02734881,-0.60765290,-0.15725628,0.13099746,0.77814723,-0.01716291,0.02640264,-0.99950415,-0.02000680,0.00509250,-0.12930434,0.02706234,0.02465813,-0.10518126
10111020000000,synthetic_50hz_02,551,0.02,96.15390443,96.62739000,14.50943923,14.36328892,14.25988832,5.84875845,119.79954253,1,1,0,0,1,0.52823934,-0.27152868,-0.13138320,0.02506965,0.11433299,0.17743792,-0.03344730,-0.12505458,-0.17544907,0.04086065,0.13217078,0.16840195,-0.04709596,-0.13547644,-0.15649972,0.05197348,0.13487625,0.14008552,-0.05535258,-0.13038752,-0.11963260,0.02290030,0.22668135,-0.06866113,-0.03238632,0.00219098,-0.40868048,0.04092927,0.24547634,-0.07890072,-0.04829282,-0.00946710,-0.38880914,0.05427461,0.24967229,-0.10783904,-0.05871193,-0.00609309,-0.35163267,0.35553530,0.50324484,0.02314743,-0.32121724,-0.36285276,0.18380792,0.27763834,0.21199947,-0.38546400,-0.22605500,-0.05503413,0.57600697,0.16795439,-0.10351786,-0.74994340,-0.10501157,0.25908539,0.90225860,-0.01723141,0.02676754,-0.99949327,-0.01981827,0.00557677,-0.13138320,0.02534046,0.02576825,-0.10493368
10111040000000,synthetic_50hz_02,552,0.02,95.68435901,96.43878380,14.40462785,14.25988832,14.16442656,5.85915361,119.75871231,1,1,0,0,1,0.52857346,-0.27090252,-0.13345669,0.03194922,0.12331928,0.17621034,-0.03955992,-0.13112777,-0.17009680,0.04603008,0.13515579,0.15907930,-0.05117317,-0.13528720,-0.14347547,0.05484092,0.13151822,0.12373517,-0.05692758,-0.12395750,-0.10042753,0.02973217,0.23565330,-0.06985650,-0.03844979,-0.00386133,-0.40335478,0.04604910,0.24843432,-0.08820297,-0.05232096,-0.00924523,-0.37579870,0.05709450,0.24627668,-0.12418244,-0.06024185,0.00037869,-0.33242755,0.32837000,0.39000275,-0.14538066,-0.28643217,-0.24077768,0.34847874,0.23623637,0.08461088,-0.54153001,-0.17922977,0.07399530,0.71896873,0.11705589,-0.23046815,-0.87567923,-0.05150723,0.38029651,1.00714350,-0.01730134,0.02712740,-0.99948236,-0.01962331,0.00605995,-0.13345669,0.02361361,0.02687628,-0.10468180
10111060000000,synthetic_50hz_02,553,0.02,95.64490491,96.28000802,14.30374331,14.16442656,14.05710461,5.86947990,119.71701698,1,1,0,0,1,0.52887259,-0.27025441,-0.13552471,0.03812780,0.12986514,0.17170807,-0.04484089,-0.13465859,-0.16164640,0.05026119,0.13556977,0.14692438,-0.05423243,-0.13257241,-0.12796647,0.05664013,0.12575293,0.10531922,-0.05741487,-0.11530793,-0.07963557,0.03586314,0.24218513,-0.07432632,-0.04368166,-0.00737154,-0.39493120,0.05023061,0.24882153,-0.10033722,-0.05533112,-0.00649805,-0.36030380,0.05884608,0.24047402,-0.14259114,-0.06068394,0.00906987,-0.31163584,0.29546939,0.27117268,-0.30864086,-0.24681187,-0.11604104,0.50413873,0.19103865,-0.04243612,-0.68510205,-0.12975769,0.19968983,0.84631355,0.06473576,-0.35118639,-0.98312544,0.00215253,0.49255808,1.09159337,-0.01737268,0.02748208,-0.99947144,-0.01942200,0.00654194,-0.13552471,0.02188213,0.02798214,-0.10442563
10111080000000,synthetic_50hz_02,554,0.02,95.41850184,96.10770679,14.20015506,14.05710461,13.94520887,5.87973669,119.67445671,1,1,0,0,1,0.52913665,-0.26958440,-0.13758718,0.04351977,0.13395649,0.16416440,-0.04922752,-0.13569478,-0.15039809,0.05351602,0.13352093,0.13229574,-0.05626163,-0.12749761,-0.11037923,0.05738519,0.11779847,0.08528045,-0.05685431,-0.10470315,-0.05772299,0.04120757,0.24626274,-0.08183731,-0.04801924,-0.00838740,-0.38370998,0.05343584,0.24674618,-0.11494491,-0.05731116,-0.00139109,-0.34273097,0.05954342,0.23248240,-0.16262236,-0.06007804,0.01971607,-0.28972382,0.25771933,0.14927175,-0.46375884,-0.20332967,0.00885947,0.64822729,0.14307792,-0.16673526,-0.81400703,-0.07870116,0.31980400,0.95631858,0.01205542,-0.46365265,-1.07105902,0.05493789,0.59413397,1.15492032,-0.01744541,0.02783147,-0.99946051,-0.01921440,0.00702265,-0.13758718,0.02014636,0.02908572,-0.10416519
10111100000000,synthetic_50hz_02,555,0.02,94.80210651,95.84658673,14.09307766,13.94520887,13.84192813,5.88992298,119.63103181,1,1,0,0,1,0.52936561,-0.26889257,-0.13964401,0.04806196,0.13563116,0.15385887,-0.05268017,-0.13433239,-0.13668854,0.05577960,0.12916075,0.11557742,-0.05727087,-0.12026536,-0.09113414,0.05711100,0.10790265,0.06406342,-0.05530459,-0.09242906,-0.03514573,0.04570232,0.24792396,-0.09210993,-0.05142289,-0.00700496,-0.37002778,0.05564983,0.24235976,-0.13164200,-0.05827121,0.00587309,-0.32350057,0.05922143,0.22254962,-0.18383152,-0.05848287,0.03203142,-0.26714743,0.21604325,0.02670057,-0.60823634,-0.15696962,0.13160189,0.77860887,0.09337048,-0.28611021,-0.92653374,-0.02707942,0.43236984,1.04774621,-0.03999234,-0.56616404,-1.13875168,0.10591111,0.68363548,1.19692639,-0.01751952,0.02817545,-0.99944958,-0.01900057,0.00750198,-0.13964401,0.01840665,0.03018696,-0.10390048
10111120000000,synthetic_50hz_02,556,0.02,94.62314561,95.60189851,13.98759486,13.84192813,13.72600258,5.90003818,119.58674275,1,1,0,0,1,0.52955941,-0.26817895,-0.14169512,0.05171309,0.13497322,0.14110657,-0.05518107,-0.13070906,-0.12087964,0.05705816,0.12267650,0.09716769,-0.05729023,-0.11110711,-0.07065435,0.05587060,0.09633445,0.04210401,-0.05284020,-0.07878443,-0.01233979,0.04930611,0.24725288,-0.10482909,-0.05387483,-0.00336187,-0.35424647,0.05687880,0.23584951,-0.15003022,-0.05824134,0.01506303,-0.30303576,0.05793315,0.21094466,-0.20578277,-0.05597289,0.04571714,-0.24434268,0.17137718,-0.09430220,-0.73997496,-0.10870252,0.25007820,0.89358386,0.04289392,-0.39864433,-1.02143033,0.02415133,0.53571736,1.11982848,-0.09050028,-0.65734541,-1.18594145,0.15424007,0.76002188,1.21786318,-0.01759501,0.02851388,-0.99943866,-0.01878058,0.00797984,-0.14169512,0.01666332,0.03128575,-0.10363151
10111140000000,synthetic_50hz_02,557,0.02,94.29377322,95.34027345,13.87772610,13.72600258,13.60241950,5.91008123,119.54159011,1,1,0,0,1,0.52971802,-0.26744361,-0.14374043,0.05445265,0.13210676,0.12624756,-0.05673264,-0.12499702,-0.10334786,0.05737701,0.11428356,0.07746860,-0.05636716,-0.10027525,-0.04935588,0.05373223,0.08337595,0.01982021,-0.04954817,-0.06407289,0.01028688,0.05199841,0.24437357,-0.11965473,-0.05537749,0.00236965,-0.33674255,0.05714806,0.22743085,-0.16970752,-0.05726901,0.02592634,-0.28175258,0.05574681,0.19794961,-0.22805810,-0.05263517,0.06046959,-0.22171749,0.12464699,-0.21169618,-0.85728715,-0.05946484,0.36242276,0.99188700,-0.00743171,-0.50270052,-1.09789029,0.07411401,0.62848519,1.17224089,-0.13865956,-0.73615033,-1.21279524,0.19920749,0.82259192,1.21838414,-0.01767184,0.02884666,-0.99942775,-0.01855451,0.00845614,-0.14374043,0.01491673,0.03238200,-0.10335830
10111160000000,synthetic_50hz_02,558,0.02,94.09700794,95.09162035,13.76209733,13.60241950,13.46415518,5.92005056,119.49557462,1,1,0,0,1,0.52984140,-0.26668660,-0.14577985,0.05627937,0.12718926,0.10963690,-0.05735555,-0.11739592,-0.08447448,0.05677815,0.10421799,0.05687663,-0.05456380,-0.08803541,-0.02763899,0.05077636,0.06931473,-0.00239549,-0.04552501,-0.04859567,0.03236090,0.05377797,0.23944352,-0.13623180,-0.05595154,0.00998996,-0.31789728,0.05649963,0.21733982,-0.19027744,-0.05541635,0.03819739,-0.26005125,0.05274290,0.18385204,-0.25026503,-0.04856619,0.07598756,-0.19964526,0.07674850,-0.32366661,-0.95889545,-0.01014078,0.46703153,1.07267489,-0.05675930,-0.59693172,-1.15552860,0.12202298,0.70962209,1.20506789,-0.18376869,-0.80185372,-1.21986450,0.24021626,0.87096754,1.19949186,-0.01775002,0.02917367,-0.99941688,-0.01832243,0.00893078,-0.14577985,0.01316722,0.03347563,-0.10308085
10111180000000,synthetic_50hz_02,559,0.02,93.97120848,94.86753797,13.63696163,13.46415518,13.30783808,5.92994367,119.44869716,1,1,0,0,1,0.52992954,-0.26590800,-0.14781330,0.05720941,0.12040494,0.09163535,-0.05708650,-0.10812577,-0.06463664,0.05531776,0.09272928,0.03577441,-0.05195418,-0.07465936,-0.00588080,0.04709274,0.05443697,-0.02418236,-0.04087359,-0.03264514,0.05354834,0.05466095,0.23264694,-0.15419952,-0.05563369,0.01927902,-0.29808780,0.05498967,0.20582591,-0.21135732,-0.05275739,0.05160442,-0.23830892,0.04901116,0.16893816,-0.27204284,-0.04386884,0.09197865,-0.17845992,0.02853046,-0.42864300,-1.04392157,0.03845227,0.56257265,1.13550424,-0.10432641,-0.68028307,-1.19434980,0.16719276,0.77838062,1.21876170,-0.22523887,-0.85403709,-1.20803612,0.27679124,0.90507127,1.16248231,-0.01782951,0.02949479,-0.99940604,-0.01808441,0.00940366,-0.14781330,0.01141513,0.03456655,-0.10279919
10111200000000,synthetic_50hz_02,560,0.02,93.99870572,94.69377152,13.49872974,13.30783808,13.12780415,5.93975685,119.40095874,1,1,0,0,1,0.52998241,-0.26510786,-0.14984070,0.05727433,0.11195814,0.07260103,-0.05597585,-0.09742022,-0.04419959,0.05306357,0.08007363,0.01452385,-0.04862144,-0.06041848,0.01557061,0.04277753,0.03902144,-0.04521617,-0.03570033,-0.01649939,0.07355812,0.05467890,0.22418817,-0.17319980,-0.05447430,0.03000320,-0.27767936,0.05268594,0.19314533,-0.23258526,-0.04937529,0.06587603,-0.21687367,0.04464777,0.15348670,-0.29306726,-0.03864953,0.10816479,-0.15845255,-0.01921944,-0.52530968,-1.11186671,0.08557517,0.64798900,1.18030273,-0.14946374,-0.75198650,-1.21471007,0.20904320,0.83430388,1.21409675,-0.26259584,-0.89256789,-1.17848046,0.30857773,0.92509875,1.10888803,-0.01791031,0.02980990,-0.99939525,-0.01784053,0.00987471,-0.14984070,0.00966080,0.03565467,-0.10251331
10111220000000,synthetic_50hz_02,561,0.02,94.06639595,94.56829641,13.34294099,13.12780415,12.92432587,5.94948488,119.35236051,1,1,0,0,1,0.53000000,-0.26428624,-0.15186196,0.05651885,0.10206696,0.05288197,-0.05408523,-0.08552020,-0.02351010,0.05009231,0.06650785,-0.00653959,-0.04465521,-0.04557805,0.03640073,0.03793067,0.02333422,-0.06521243,-0.03011258,-0.00041765,0.09214402,0.05387656,0.21428533,-0.19288459,-0.05253498,0.04192157,-0.25701873,0.04966514,0.17955488,-0.25362582,-0.04535966,0.08074695,-0.19605999,0.03975265,0.13776378,-0.31305385,-0.03301561,0.12428674,-0.13986936,-0.06578541,-0.61260896,-1.16258494,0.13057513,0.72249388,1.20733393,-0.19160032,-0.81154896,-1.21727493,0.24710158,0.87720672,1.19212132,-0.29547879,-0.91757419,-1.13259830,0.33533720,0.93148757,1.04042194,-0.01799241,0.03011889,-0.99938452,-0.01759088,0.01034382,-0.15186196,0.00790457,0.03673990,-0.10222323
10111240000000,synthetic_50hz_02,562,0.02,93.69078385,94.39279390,13.16712264,12.92432587,12.71689441,5.95912091,119.30290376,1,1,0,0,1,0.52998231,-0.26344322,-0.15387699,0.05499865,0.09095734,0.03280989,-0.05148508,-0.07266814,-0.00289098,0.04648716,0.05228389,-0.02711128,-0.04014901,-0.03039227,0.05633191,0.03265333,0.00762442,-0.08392846,-0.02421625,0.01536324,0.10910532,0.05230959,0.20316436,-0.21292218,-0.04988620,0.05479169,-0.23642873,0.04601047,0.16530652,-0.27417436,-0.04080404,0.09596298,-0.17614555,0.03442698,0.12201849,-0.33175991,-0.02707301,0.14010765,-0.12291108,-0.11053153,-0.68973767,-1.19625104,0.17289089,0.78556058,1.21715831,-0.23026573,-0.85873542,-1.20297433,0.28100190,0.90715251,1.15410805,-0.32363666,-0.92941598,-1.07196829,0.35694081,0.92488395,0.95892319,-0.01807578,0.03042166,-0.99937385,-0.01733552,0.01081090,-0.15387699,0.00614680,0.03782216,-0.10192897
10111260000000,synthetic_50hz_02,563,0.02,93.72871069,94.25997725,12.97802678,12.71689441,12.48981519,5.96865770,119.25258992,1,1,0,0,1,0.52992935,-0.26257885,-0.15588573,0.05277807,0.07885760,0.01269496,-0.04825231,-0.05910285,0.01736310,0.04233542,0.03764414,-0.04692057,-0.03519798,-0.01510013,0.07512530,0.02704576,-0.00787922,-0.10116413,-0.01811381,0.03063141,0.12428636,0.05004234,0.19105355,-0.23300240,-0.04660487,0.06837475,-0.21620402,0.04180922,0.15064264,-0.29396022,-0.03580356,0.11128512,-0.15736918,0.02877101,0.10647957,-0.34898530,-0.02092418,0.15541567,-0.10773337,-0.15290688,-0.75613816,-1.21332450,0.21205512,0.83690711,1.21059154,-0.26508972,-0.89354764,-1.17295666,0.31048165,0.92442678,1.10150490,-0.34692225,-0.92865426,-0.99829624,0.37336093,0.90610821,0.86630623,-0.01816040,0.03071809,-0.99936325,-0.01707455,0.01127587,-0.15588573,0.00438782,0.03890135,-0.10163053
10111280000000,synthetic_50hz_02,564,0.02,93.36134219,94.08025024,12.77297791,12.48981519,12.26317173,5.97808725,119.20142055,1,1,0,0,1,0.52984112,-0.26169322,-0.15788808,0.04992792,0.06599354,-0.00717824,-0.04446812,-0.04505499,0.03698872,0.03772628,0.02281750,-0.06573279,-0.02989677,0.00007784,0.09258176,0.02120533,-0.02297093,-0.11676155,-0.01190252,0.04520176,0.13757505,0.04714565,0.17817873,-0.25284068,-0.04277217,0.08244009,-0.19660801,0.03715060,0.13579214,-0.31274874,-0.03045289,0.12649285,-0.13993003,0.02288210,0.09135280,-0.36457214,-0.01466640,0.17002568,-0.09444831,-0.19244805,-0.81148453,-1.21451099,0.24769434,0.87647686,1.18866181,-0.29579949,-0.91619996,-1.12854295,0.33537660,0.92950859,1.03588768,-0.36528465,-0.91601905,-0.91336728,0.38466137,0.87612025,0.76451407,-0.01824627,0.03100808,-0.99935274,-0.01680804,0.01173862,-0.15788808,0.00262798,0.03997739,-0.10132793
10111300000000,synthetic_50hz_02,565,0.02,93.01301976,93.86680414,12.55885932,12.26317173,12.03846762,5.98740191,119.14939737,1,1,0,0,1,0.52971765,-0.26078640,-0.15988396,0.04652345,0.05258422,-0.02655378,-0.04021588,-0.03074339,0.05575573,0.03274887,0.00801621,-0.08335022,-0.02433770,0.01494209,0.10854168,0.01522486,-0.03746959,-0.13060384,-0.00567308,0.05891683,0.14890062,0.04369472,0.16475896,-0.27218107,-0.03847149,0.09676890,-0.17787085,0.03212374,0.12096726,-0.33034221,-0.02484433,0.14138661,-0.12398771,0.01685311,0.07681929,-0.37840354,-0.00839036,0.18378023,-0.08312668,-0.22877944,-0.85566523,-1.20072279,0.27952674,0.90441648,1.15256718,-0.32221514,-0.92709298,-1.07118252,0.35561394,0.92304096,0.95891517,-0.37876022,-0.89237724,-0.81900185,0.39098666,0.83598586,0.65547633,-0.01833337,0.03129152,-0.99934231,-0.01653609,0.01219908,-0.15988396,0.00086763,0.04105019,-0.10102117
10111320000000,synthetic_50hz_02,566,0.02,92.65978945,93.62540121,12.34029480,12.03846762,11.81916121,5.99659480,119.09652223,1,1,0,0,1,0.52955895,-0.25985844,-0.16187330,0.04264233,0.03883840,-0.04520637,-0.03557932,-0.01637192,0.07346829,0.02749054,-0.00656656,-0.09961208,-0.01860919,0.02931573,0.12288401,0.00919134,-0.05121972,-0.14261314,0.00049151,0.07164701,0.15823066,0.03976726,0.15100298,-0.29079830,-0.03378655,0.11115727,-0.16018839,0.02681596,0.10636117,-0.34657983,-0.01906631,0.15578952,-0.10966327,0.01077099,0.06303454,-0.39040167,-0.00217907,0.19654970,-0.07380089,-0.26161144,-0.88876284,-1.17303911,0.30735809,0.92105169,1.10363418,-0.34424346,-0.92678620,-1.00241096,0.37120413,0.90580102,0.87228777,-0.38746281,-0.85870118,-0.71701611,0.39255076,0.78684459,0.54107255,-0.01842167,0.03156830,-0.99933199,-0.01625878,0.01265714,-0.16187330,-0.00089290,0.04211967,-0.10071028
10111340000000,synthetic_50hz_02,567,0.02,92.28307553,93.35693607,12.12141870,11.81916121,11.60963607,6.00566027,119.04279710,1,1,0,0,1,0.52936506,-0.25890944,-0.16385600,0.03836296,0.02495155,-0.06294246,-0.03064082,-0.00212723,0.08996495,0.02203530,-0.02075842,-0.11439372,-0.01279449,0.04304559,0.13552446,0.00318480,-0.06409174,-0.15274797,0.00651670,0.08329009,0.16556768,0.03544166,0.13710626,-0.30849881,-0.02879975,0.12541859,-0.14372207,0.02131131,0.09214627,-0.36133697,-0.01320207,0.16954839,-0.09704099,0.00471581,0.05012813,-0.40052502,0.00389292,0.20823187,-0.06646843,-0.29073697,-0.91103188,-1.13266758,0.33107631,0.92686203,1.04327851,-0.36187056,-0.91597031,-0.92381124,0.38223191,0.87867074,0.77771005,-0.39157334,-0.81603868,-0.60918713,0.38962553,0.72987985,0.42310105,-0.01851116,0.03183833,-0.99932177,-0.01597621,0.01311272,-0.16385600,-0.00265325,0.04318574,-0.10039527
10111360000000,synthetic_50hz_02,568,0.02,91.38888095,92.96332504,11.90646999,11.60963607,11.43253903,6.01459417,118.98822411,1,1,0,0,1,0.52913601,-0.25793947,-0.16583199,0.03376287,0.01110359,-0.07960050,-0.02548006,0.01182303,0.10511811,0.01646265,-0.03440878,-0.12760511,-0.00697062,0.05600251,0.14641320,-0.00272238,-0.07598167,-0.16100013,0.01233690,0.09377024,0.17094535,0.03079545,0.12324875,-0.32512106,-0.02359076,0.13938517,-0.12859950,0.01568929,0.07847313,-0.37452359,-0.00732866,0.18253408,-0.08617071,-0.00124009,0.03820401,-0.40876540,0.00976003,0.21875093,-0.06109562,-0.31602662,-0.92287568,-1.08090744,0.35064479,0.92245528,0.97296850,-0.37515370,-0.89544007,-0.83697842,0.38884675,0.84260891,0.67685786,-0.39132918,-0.76548494,-0.49722318,0.38252940,0.66629168,0.30325331,-0.01860183,0.03210150,-0.99931167,-0.01568845,0.01356573,-0.16583199,-0.00441308,0.04424831,-0.10007614
10111380000000,synthetic_50hz_02,569,0.02,91.05560015,92.58178007,11.70741899,11.43253903,11.26486175,6.02339510,118.93280553,1,1,0,0,1,0.52887185,-0.25694861,-0.16780119,0.02891740,-0.00254274,-0.09505055,-0.02017278,0.02533120,0.11883268,0.01084657,-0.04738935,-0.13918881,-0.00120764,0.06808124,0.15553206,-0.00846610,-0.08681032,-0.16739125,0.01789576,0.10303661,0.17442447,0.02590398,0.10959317,-0.34053510,-0.01823532,0.15290938,-0.11491576,0.01002385,0.06547006,-0.38608224,-0.00151613,0.19464132,-0.07707060,-0.00703258,0.02734141,-0.41514444,0.01536589,0.22805603,-0.05762167,-0.33742269,-0.92482266,-1.01911530,0.36609494,0.90854225,0.89419187,-0.38421250,-0.86606814,-0.74348847,0.39125304,0.79862488,0.57134995,-0.38701358,-0.70815690,-0.38273915,0.37161633,0.59727242,0.18309379,-0.01869365,0.03235772,-0.99930170,-0.01539562,0.01401609,-0.16780119,-0.00617204,0.04530729,-0.09975291
10111400000000,synthetic_50hz_02,570,0.02,90.59867546,92.18515915,11.52154495,11.26486175,11.11368449,6.03206358,118.87654376,1,1,0,0,1,0.52857263,-0.25593693,-0.16976352,0.02389854,-0.01584304,-0.10919312,-0.01478984,0.03827019,0.13104430,0.00525473,-0.05959399,-0.14911741,0.00443187,0.07919967,0.16289139,-0.01399069,-0.09652199,-0.17196914,0.02314616,0.11106153,0.17608894,0.02083923,0.09628391,-0.35464146,-0.01280429,0.16586412,-0.10273521,0.00438269,0.05324319,-0.39598555,0.00417295,0.20578802,-0.06973029,-0.01260600,0.01759600,-0.41970996,0.02066340,0.23611947,-0.05596267,-0.35493241,-0.91750305,-0.94867393,0.37751821,0.88591241,0.80842627,-0.38921999,-0.82878050,-0.64487131,0.38970037,0.74775446,0.46272441,-0.37894550,-0.64517032,-0.26723695,0.35726546,0.52398561,0.06404492,-0.01878661,0.03260689,-0.99929186,-0.01509779,0.01446369,-0.16976352,-0.00792980,0.04636260,-0.09942560
10111420000000,synthetic_50hz_02,571,0.02,90.33821925,91.81577117,11.35024355,11.11368449,10.97178222,6.04060187,118.81944133,1,1,0,0,1,0.52823842,-0.25490452,-0.17171890,0.01877400,-0.02867183,-0.12195771,-0.00939647,0.05053350,0.14171714,-0.00025197,-0.07093827,-0.15739079,0.00989314,0.08929785,0.16852679,-0.01924909,-0.10508294,-0.17480408,0.02805008,0.11783844,0.17604169,0.01566892,0.08344648,-0.36736963,-0.00736291,0.17814288,-0.09209368,-0.00117330,0.04187696,-0.40423336,0.00968380,0.21591421,-0.06411421,-0.01791327,0.00900155,-0.42253223,0.02561452,0.24293471,-0.05601569,-0.36862074,-0.90162621,-0.87096428,0.38505783,0.85541097,0.71711357,-0.39039352,-0.78453384,-0.54258814,0.38447399,0.69103823,0.35241964,-0.36746989,-0.57761967,-0.15209072,0.33987146,0.44754806,-0.05262304,-0.01888069,0.03284891,-0.99928217,-0.01479508,0.01490846,-0.17171890,-0.00968600,0.04741416,-0.09909422
10111440000000,synthetic_50hz_02,572,0.02,90.09704348,91.47202563,11.19128980,10.97178222,10.83934864,6.04901336,118.76150093,1,1,0,0,1,0.52786927,-0.25385147,-0.17366724,0.01360650,-0.04092261,-0.13330077,-0.00405177,0.06203478,0.15084132,-0.00561978,-0.08135845,-0.16403304,0.01512931,0.09833653,0.17249561,-0.02420266,-0.11247951,-0.17598505,0.03257823,0.12337966,0.17440076,0.01045577,0.07118735,-0.37867606,-0.00197028,0.18965933,-0.08300105,-0.00659036,0.03143510,-0.41084978,0.01496956,0.22498064,-0.06016498,-0.02291577,0.00157170,-0.42370023,0.03018996,0.24851407,-0.05766270,-0.37860275,-0.87795928,-0.78734116,0.38890051,0.81791768,0.62163818,-0.38798609,-0.73429513,-0.43801308,0.37588585,0.62950251,0.24175985,-0.35294865,-0.50656103,-0.03853658,0.31983577,0.36901517,-0.16579772,-0.01897587,0.03308370,-0.99927263,-0.01448757,0.01535031,-0.17366724,-0.01144030,0.04846188,-0.09875877
10111460000000,synthetic_50hz_02,573,0.02,89.35946683,91.04951387,11.04347451,10.83934864,10.73545324,6.05730227,118.70272537,1,1,0,0,1,0.52746526,-0.25277785,-0.17560846,0.00845324,-0.05250767,-0.14320347,0.00119167,0.07270712,0.15843023,-0.01080222,-0.09081038,-0.16908937,0.02010134,0.10629554,0.17487359,-0.02882093,-0.11871615,-0.17561612,0.03670959,0.12771412,0.17129555,0.00525698,0.05959424,-0.38854192,0.00332101,0.20034654,-0.07544392,-0.01182201,0.02196177,-0.41588002,0.01999118,0.23296715,-0.05780688,-0.02758301,-0.00469799,-0.42331803,0.03436871,0.25288647,-0.06077430,-0.38503600,-0.84730731,-0.69911248,0.38926831,0.77432754,0.52330930,-0.38227783,-0.67902355,-0.33241888,0.36426611,0.56414300,0.13194466,-0.33575242,-0.43299794,0.07233358,0.29755884,0.28936934,-0.27452641,-0.01907213,0.03331116,-0.99926324,-0.01417537,0.01578915,-0.17560846,-0.01319236,0.04950568,-0.09841929
10111480000000,synthetic_50hz_02,574,0.02,88.85648414,90.61090792,10.91410558,10.73545324,10.64702555,6.06547435,118.64311760,1,1,0,0,1,0.52702646,-0.25168376,-0.17754250,0.00336553,-0.06335740,-0.15166924,0.00628789,0.08250197,0.16451766,-0.01576002,-0.09926797,-0.17262296,0.02477779,0.11317202,0.17575145,-0.03308120,-0.12381328,-0.17381295,0.04043086,0.13088493,0.16686334,0.00012386,0.04873677,-0.39697065,0.00846500,0.21015597,-0.06938850,-0.01682899,0.01348306,-0.41938726,0.02471722,0.23987088,-0.05694917,-0.03189231,-0.00982794,-0.42150131,0.03813745,0.25609502,-0.06521321,-0.38811311,-0.81049512,-0.60752203,0.38641087,0.72553376,0.42334691,-0.37356822,-0.61965493,-0.22696651,0.34995543,0.49591116,0.02404255,-0.31625326,-0.35787004,0.17957456,0.27343336,0.20951136,-0.37801445,-0.01916946,0.03353121,-0.99925402,-0.01385857,0.01622490,-0.17754250,-0.01494183,0.05054546,-0.09807577
10111500000000,synthetic_50hz_02,575,0.02,88.45209628,90.17914560,10.80193197,10.64702555,10.56837199,6.07353649,118.58268070,1,1,0,0,1,0.52655297,-0.25056928,-0.17946926,-0.00161139,-0.07341945,-0.15872119,0.01119762,0.09138790,0.16915491,-0.02046101,-0.10672160,-0.17471182,0.02913451,0.11897846,0.17523171,-0.03696804,-0.12780512,-0.17069958,0.04373577,0.13294709,0.16124611,-0.00489834,0.03866729,-0.40398534,0.01342241,0.21905618,-0.06478351,-0.02157912,0.00600859,-0.42144951,0.02912355,0.24570429,-0.05748936,-0.03582823,-0.01385236,-0.41837408,0.04148992,0.25819471,-0.07083744,-0.38805445,-0.76835119,-0.51373588,0.38059802,0.67241289,0.32287135,-0.36216878,-0.55708861,-0.12269829,0.33329803,0.42570320,-0.08101222,-0.29481815,-0.28204457,0.28238710,0.24783853,0.13025447,-0.47562064,-0.01926783,0.03374376,-0.99924498,-0.01353729,0.01665746,-0.17946926,-0.01668838,0.05158115,-0.09772823
10111520000000,synthetic_50hz_02,576,0.02,88.07629252,89.75857498,10.70383678,10.56837199,10.49731986,6.08149614,118.52141791,1,1,0,0,1,0.52604488,-0.24943451,-0.18138867,-0.00643838,-0.08265757,-0.16439944,0.01588812,0.09934912,0.17240796,-0.02487981,-0.11317640,-0.17544588,0.03315419,0.12374075,0.17342561,-0.04047273,-0.13073759,-0.16640540,0.04662442,0.13396521,0.15458765,-0.00977049,0.02942204,-0.40962615,0.01816052,0.22703139,-0.06156294,-0.02604700,-0.00046677,-0.42215669,0.03319283,0.25049331,-0.05931617,-0.03938203,-0.01681719,-0.41406575,0.04442621,0.25925017,-0.07750320,-0.38510138,-0.72169354,-0.41883193,0.37211307,0.61581221,0.22289619,-0.34839657,-0.49217672,-0.02053424,0.31463563,0.35435156,-0.18241971,-0.27180360,-0.20631027,0.38011442,0.22113534,0.05232096,-0.56685025,-0.01936722,0.03394873,-0.99923612,-0.01321162,0.01708676,-0.18138867,-0.01843165,0.05261266,-0.09737669
10111540000000,synthetic_50hz_02,577,0.02,87.61797100,89.33045418,10.61709967,10.49731986,10.43617481,6.08936080,118.45933259,1,1,0,0,1,0.52550228,-0.24827953,-0.18330065,-0.01108236,-0.09105037,-0.16875859,0.02033300,0.10638397,0.17435471,-0.02899743,-0.11865048,-0.17492411,0.03682585,0.12749623,0.17045037,-0.04359257,-0.13266621,-0.16106246,0.04910249,0.13401136,0.14703105,-0.01445950,0.02102241,-0.41394764,0.02265291,0.23407993,-0.05964891,-0.03021367,-0.00596113,-0.42160780,0.03691409,0.25427526,-0.06231241,-0.04255103,-0.01877793,-0.40870836,0.04695202,0.25933345,-0.08506740,-0.37950988,-0.67131762,-0.32379264,0.36124660,0.55653940,0.12432411,-0.33256841,-0.42571588,0.07872873,0.29430212,0.28261878,-0.27951179,-0.24755096,-0.13137364,0.47223640,0.19366279,-0.02365906,-0.65134620,-0.01946762,0.03414603,-0.99922745,-0.01288167,0.01751272,-0.18330065,-0.02017131,0.05363991,-0.09702116
10111560000000,synthetic_50hz_02,578,0.02,87.13570256,88.89150386,10.54111123,10.43617481,10.38445043,6.09713801,118.39642823,1,1,0,0,1,0.52492528,-0.24710444,-0.18520512,-0.01551611,-0.09858994,-0.17186510,0.02451184,0.11250328,0.17508238,-0.03280090,-0.12317310,-0.17325196,0.04014428,0.13029179,0.16642660,-0.04633029,-0.13365410,-0.15480309,0.05118057,0.13316309,0.13871653,-0.01893814,0.01347631,-0.41701630,0.02687918,0.24021264,-0.05895418,-0.03406614,-0.01050376,-0.41990826,0.04028211,0.25709702,-0.06635745,-0.04533794,-0.01979771,-0.40243425,0.04907792,0.25852212,-0.09338983,-0.37154476,-0.61798635,-0.22950044,0.34829100,0.49535426,0.02794545,-0.31499584,-0.35844088,0.17441523,0.27261922,0.21119348,-0.37174743,-0.22238285,-0.05785727,0.55836199,0.16573508,-0.09714698,-0.72887870,-0.01956900,0.03433559,-0.99921898,-0.01254754,0.01793524,-0.18520512,-0.02190702,0.05466281,-0.09666166
10111580000000,synthetic_50hz_02,579,0.02,86.99921314,88.51304571,10.47531369,10.38445043,10.32765238,6.10483520,118.33270846,1,1,0,0,1,0.52431400,-0.24590934,-0.18710201,-0.01971801,-0.10528039,-0.17379494,0.02840989,0.11772877,0.17468506,-0.03628269,-0.12678298,-0.17053892,0.04310944,0.13218198,0.16147607,-0.04869333,-0.13377011,-0.14775779,0.05287337,0.13150158,0.12977959,-0.02318482,0.00677965,-0.41890809,0.03082455,0.24545122,-0.05938469,-0.03759688,-0.01413336,-0.41716758,0.04329686,0.25901316,-0.07132954,-0.04775023,-0.01994537,-0.39537392,0.05081862,0.25689732,-0.10233499,-0.36147454,-0.56242193,-0.13673573,0.33353572,0.43296247,-0.06556103,-0.29598092,-0.29102051,0.26596764,0.24989284,0.14068828,-0.45870628,-0.19660025,0.01370005,0.63822020,0.13763957,-0.16769340,-0.79933394,-0.01967135,0.03451733,-0.99921072,-0.01220935,0.01835424,-0.18710201,-0.02363843,0.05568129,-0.09629820
10111600000000,synthetic_50hz_02,580,0.02,86.60586906,88.13161038,10.41329594,10.32765238,10.27706182,6.11245898,118.26817705,1,1,0,0,1,0.52366855,-0.24469431,-0.18899123,-0.02367173,-0.11113635,-0.17463127,0.03201752,0.12209141,0.17326146,-0.03944024,-0.12952652,-0.16689643,0.04572588,0.13322732,0.15571971,-0.05069321,-0.13308712,-0.14005351,0.05419904,0.12910995,0.12034951,-0.02718317,0.00091778,-0.41970618,0.03447943,0.24982667,-0.06084169,-0.04080333,-0.01689634,-0.41349720,0.04596288,0.26008419,-0.07710773,-0.04979938,-0.01929380,-0.38765431,0.05219226,0.25454221,-0.11177359,-0.34956686,-0.50529967,-0.04617692,0.31726318,0.37001118,-0.15562532,-0.27581266,-0.22405509,0.35294080,0.22641032,0.07163939,-0.54008084,-0.17048048,0.08284170,0.71165010,0.10963559,-0.23493443,-0.86270215,-0.01977465,0.03469117,-0.99920266,-0.01186720,0.01876965,-0.18899123,-0.02536522,0.05669526,-0.09593079
10111620000000,synthetic_50hz_02,581,0.02,86.33715613,87.77271953,10.35607761,10.27706182,10.22720349,6.12001534,118.20283790,1,1,0,0,1,0.52298907,-0.24345947,-0.19087271,-0.02736580,-0.11618154,-0.17446240,0.03532988,0.12562989,0.17091293,-0.04227539,-0.13145627,-0.16243597,0.04800207,0.13349270,0.14927590,-0.05234484,-0.13168048,-0.13181214,0.05517848,0.12607185,0.11054817,-0.03092174,-0.00413302,-0.41949887,0.03783893,0.25337765,-0.06322385,-0.04368733,-0.01884524,-0.40900858,0.04828865,0.26037499,-0.08357365,-0.05150031,-0.01791833,-0.37939732,0.05321975,0.25154042,-0.12158374,-0.33608462,-0.44724340,0.04159756,0.29974536,0.30708624,-0.24178175,-0.25476430,-0.15807565,0.43499526,0.20243827,0.00450766,-0.61566765,-0.14427585,0.14919029,0.77859006,0.08195389,-0.29858701,-0.91906535,-0.01987887,0.03485704,-0.99919482,-0.01152121,0.01918138,-0.19087271,-0.02708703,0.05770463,-0.09555945
10111640000000,synthetic_50hz_02,582,0.02,86.29315358,87.47680634,10.30195048,10.22720349,10.16990199,6.12750961,118.13669505,1,1,0,0,1,0.52227567,-0.24220491,-0.19274638,-0.03079324,-0.12044733,-0.17337983,0.03834629,0.12838911,0.16774166,-0.04479381,-0.13262938,-0.15726742,0.04994990,0.13304588,0.14225909,-0.05366591,-0.12962661,-0.12314936,0.05583470,0.12247014,0.10048917,-0.03439354,-0.00840411,-0.41837767,0.04090239,0.25614908,-0.06642898,-0.04625454,-0.02003722,-0.40381163,0.05028603,0.25995332,-0.09061284,-0.05287072,-0.01589540,-0.37071863,0.05392410,0.24797481,-0.13165186,-0.32128262,-0.38882251,0.12610579,0.28124105,0.24471102,-0.32366338,-0.23309117,-0.09354439,0.51188961,0.17822117,-0.06031916,-0.68535781,-0.11821296,0.21244368,0.83906684,0.05479662,-0.35844335,-0.96858517,-0.01998400,0.03501488,-0.99918721,-0.01117149,0.01958934,-0.19274638,-0.02880353,0.05870933,-0.09518420
10111660000000,synthetic_50hz_02,583,0.02,86.24079563,87.22960420,10.24649011,10.16990199,10.10748756,6.13494596,118.06975266,1,1,0,0,1,0.52152852,-0.24093073,-0.19461215,-0.03395110,-0.12397135,-0.17147664,0.04106982,0.13041883,0.16384911,-0.04700449,-0.13310627,-0.15149773,0.05158399,0.13195620,0.13477860,-0.05467631,-0.12700177,-0.11417374,0.05619228,0.11838581,0.09027720,-0.03759562,-0.01193313,-0.41643565,0.04367287,0.25819071,-0.07035562,-0.04851396,-0.02053270,-0.39801328,0.05196968,0.25888853,-0.09811598,-0.05393049,-0.01330125,-0.36172681,0.05432988,0.24392636,-0.14187325,-0.30540492,-0.33055030,0.20695761,0.26199375,0.18334634,-0.40099528,-0.21102917,-0.03085641,0.58347208,0.15398052,-0.12252313,-0.74912710,-0.09249254,0.27237026,0.89318444,0.02833796,-0.41436483,-1.01149085,-0.02009001,0.03516461,-0.99917983,-0.01081815,0.01999347,-0.19461215,-0.03051438,0.05970928,-0.09480506
10111680000000,synthetic_50hz_02,584,0.02,85.93628503,86.97094037,10.18810904,10.10748756,10.05110589,6.14232747,118.00201504,1,1,0,0,1,0.52074774,-0.23963703,-0.19646995,-0.03684000,-0.12679625,-0.16884591,0.04350676,0.13177234,0.15933467,-0.04891919,-0.13294937,-0.14522973,0.05292126,0.13029341,0.12693776,-0.05539758,-0.12388103,-0.10498611,0.05627677,0.11389710,0.08000767,-0.04052861,-0.01476272,-0.41376590,0.04615666,0.25955583,-0.07490436,-0.05047734,-0.02039410,-0.39171638,0.05335648,0.25725036,-0.10597975,-0.05470116,-0.01021097,-0.35252269,0.05446264,0.23947333,-0.15215251,-0.28868271,-0.27288365,0.28384891,0.24223006,0.12339168,-0.47358720,-0.18879381,0.02965774,0.64967174,0.12991454,-0.18185210,-0.80702595,-0.06728978,0.32880359,0.94111322,0.00272502,-0.46627552,-1.04806776,-0.02019689,0.03530617,-0.99917269,-0.01046130,0.02039368,-0.19646995,-0.03221926,0.06070438,-0.09442202
10111700000000,synthetic_50hz_02,585,0.02,85.69465117,86.71568253,10.13056772,10.05110589,9.99772075,6.14965676,117.93348660,1,1,0,0,1,0.51993350,-0.23832392,-0.19831970,-0.03946373,-0.12896845,-0.16557952,0.04566612,0.13250533,0.15429460,-0.05055194,-0.13222203,-0.13856129,0.05398032,0.12812669,0.11883320,-0.05585243,-0.12033741,-0.09567909,0.05611428,0.10907874,0.06976650,-0.04319628,-0.01693931,-0.41046031,0.04836277,0.26030014,-0.07997895,-0.05215871,-0.01968476,-0.38501879,0.05446506,0.25510800,-0.11410751,-0.05520543,-0.00669755,-0.34319888,0.05434849,0.23469042,-0.16240370,-0.27133265,-0.21622358,0.35655525,0.22215867,0.06518719,-0.54132572,-0.16657976,0.08772858,0.71048952,0.10619827,-0.23811510,-0.85916957,-0.04275504,0.38163665,0.98307936,-0.02192084,-0.51415543,-1.07864651,-0.02030461,0.03543949,-0.99916579,-0.01010106,0.02078990,-0.19831970,-0.03391782,0.06169458,-0.09403513
10111720000000,synthetic_50hz_02,586,0.02,85.18954637,86.41045530,10.07477199,9.99772075,9.95732291,6.15693620,117.86417193,1,1,0,0,1,0.51908595,-0.23699151,-0.20016132,-0.04182873,-0.13053708,-0.16176704,0.04755924,0.13267484,0.14882109,-0.05191858,-0.13098752,-0.13158456,0.05478109,0.12552376,0.11055439,-0.05606424,-0.11644111,-0.08633688,0.05573103,0.10400139,0.05963024,-0.04560508,-0.01851201,-0.40660843,0.05030253,0.26048065,-0.08548721,-0.05357391,-0.01846798,-0.37801265,0.05531533,0.25252916,-0.12240979,-0.05546669,-0.00283121,-0.33383961,0.05401365,0.22964832,-0.17255029,-0.25355580,-0.16091684,0.42492494,0.20196974,0.00901647,-0.60416626,-0.14456080,0.14314384,0.76598918,0.08298411,-0.29117725,-0.90572827,-0.01901494,0.43081588,1.01935480,-0.04550243,-0.55803389,-1.10359285,-0.02041315,0.03556452,-0.99915914,-0.00973755,0.02118204,-0.20016132,-0.03560973,0.06267977,-0.09364437
10111740000000,synthetic_50hz_02,587,0.02,84.78227264,86.08481876,10.02544338,9.95732291,9.92419360,6.16416855,117.79407570,1,1,0,0,1,0.51820527,-0.23563991,-0.20199475,-0.04394375,-0.13155297,-0.15749482,0.04919926,0.13233830,0.14300157,-0.05303632,-0.12930826,-0.12438552,0.05534433,0.12255020,0.10218338,-0.05605673,-0.11225896,-0.07703524,0.05515300,0.09873124,0.04966614,-0.04776375,-0.01953167,-0.40229664,0.05198909,0.26015483,-0.09134169,-0.05474015,-0.01680616,-0.37078396,0.05592805,0.24957941,-0.13080454,-0.05550866,0.00132121,-0.32452061,0.05348410,0.22441319,-0.18252502,-0.23553686,-0.10725809,0.48887187,0.18183469,-0.04489004,-0.66212491,-0.12289014,0.19574396,0.81628857,0.06040261,-0.34095450,-0.94691826,0.00382635,0.47633516,1.05024785,-0.06794500,-0.59798285,-1.12329830,-0.02052249,0.03568120,-0.99915275,-0.00937089,0.02157002,-0.20199475,-0.03729466,0.06365989,-0.09324979
10111760000000,synthetic_50hz_02,588,0.02,84.74527289,85.81690959,9.98291847,9.92419360,9.88342239,6.17135692,117.72320275,1,1,0,0,1,0.51729161,-0.23426921,-0.20381991,-0.04581939,-0.13206781,-0.15284533,0.05060079,0.13155282,0.13691820,-0.05392334,-0.12724510,-0.11704364,0.05569127,0.11926885,0.09379466,-0.05585358,-0.10785402,-0.06784154,0.05440561,0.09332970,0.03993252,-0.04968289,-0.02004997,-0.39760739,0.05343705,0.25937975,-0.09746025,-0.05567560,-0.01476015,-0.36341219,0.05632444,0.24632160,-0.13921727,-0.05535500,0.00569669,-0.31530927,0.05278526,0.21904646,-0.19226957,-0.21744388,-0.05549273,0.54836827,0.16190638,-0.09635133,-0.71527050,-0.10170104,0.24541754,0.86155116,0.03856362,-0.38740825,-0.98299289,0.02568561,0.51822980,1.07609447,-0.08919432,-0.63411054,-1.13817175,-0.02063260,0.03578947,-0.99914661,-0.00900118,0.02195378,-0.20381991,-0.03897229,0.06463485,-0.09285138
10111780000000,synthetic_50hz_02,589,0.02,84.72195479,85.59791863,9.94113012,9.88342239,9.83664813,6.17850397,117.65155803,1,1,0,0,1,0.51634517,-0.23287954,-0.20563671,-0.04746773,-0.13213335,-0.14789657,0.05177950,0.13037442,0.13064745,-0.05459844,-0.12485674,-0.10963171,0.05584327,0.11573937,0.08545523,-0.05547813,-0.10328519,-0.05881503,0.05351352,0.08785325,0.03047917,-0.05137460,-0.02011867,-0.39261868,0.05466209,0.25821147,-0.10376638,-0.05639905,-0.01238865,-0.35597011,0.05652588,0.24281540,-0.14758099,-0.05502906,0.01023629,-0.30626482,0.05194176,0.21360459,-0.20173414,-0.19942821,-0.00582011,0.60343748,0.14231951,-0.14523172,-0.76371688,-0.08110768,0.29209646,0.90197796,0.01755747,-0.43053992,-1.01423460,0.04649892,0.55657071,1.09725038,-0.10921473,-0.66655531,-1.14863192,-0.02074348,0.03588927,-0.99914074,-0.00862857,0.02233324,-0.20563671,-0.04064227,0.06560457,-0.09244917
10111800000000,synthetic_50hz_02,590,0.02,84.58541154,85.39541721,9.89724769,9.83664813,9.79002021,6.18561160,117.57914662,1,1,0,0,1,0.51536612,-0.23147101,-0.20744510,-0.04890204,-0.13180076,-0.14272170,0.05275179,0.12885753,0.12425998,-0.05508069,-0.12219927,-0.10221579,0.05582159,0.11201795,0.07722467,-0.05495312,-0.09860710,-0.05000712,0.05250033,0.08235336,0.02134785,-0.05285211,-0.01978893,-0.38740368,0.05568060,0.25670438,-0.11018947,-0.05692960,-0.00974775,-0.34852381,0.05655360,0.23911698,-0.15583609,-0.05455358,0.01488541,-0.29743869,0.05097724,0.20813907,-0.21087699,-0.18162479,0.04160294,0.65414692,0.12319132,-0.19143660,-0.80761545,-0.06120620,0.33575106,0.93780006,-0.00254353,-0.47038566,-1.04094745,0.06621993,0.59145882,1.11408383,-0.12798718,-0.69547995,-1.15510067,-0.02085509,0.03598057,-0.99913514,-0.00825315,0.02270832,-0.20744510,-0.04230429,0.06656898,-0.09204318
10111820000000,synthetic_50hz_02,591,0.02,84.72446204,85.26122618,9.85221214,9.79002021,9.73369811,6.19268124,117.50597373,1,1,0,0,1,0.51435466,-0.23004373,-0.20924499,-0.05013637,-0.13112006,-0.13738877,0.05353451,0.12705447,0.11782045,-0.05538923,-0.11932585,-0.09485532,0.05564705,0.10815700,0.06915546,-0.05430054,-0.09386993,-0.04146182,0.05138852,0.07687655,0.01257282,-0.05412950,-0.01911078,-0.38203044,0.05650941,0.25491084,-0.11666483,-0.05728636,-0.00689061,-0.34113271,0.05642844,0.23527876,-0.16393011,-0.05395055,0.01959385,-0.28887489,0.04991415,0.20269640,-0.21966385,-0.16415264,0.08665840,0.70060133,0.10462244,-0.23490814,-0.84714832,-0.04207593,0.37638538,0.96927163,-0.02168366,-0.50701125,-1.06345038,0.08481809,0.62301974,1.12696937,-0.14550717,-0.72106629,-1.15799730,-0.02096742,0.03606330,-0.99912981,-0.00787507,0.02307895,-0.20924499,-0.04395802,0.06752800,-0.09163341
10111840000000,synthetic_50hz_02,592,0.02,85.02290472,85.21356189,9.80243625,9.73369811,9.66423951,6.19971345,117.43204469,1,1,0,0,1,0.51331099,-0.22859781,-0.21103630,-0.05118534,-0.13013968,-0.13196056,0.05414465,0.12501517,0.11138758,-0.05554294,-0.11628642,-0.08760325,0.05533991,0.10420507,0.06129328,-0.05354140,-0.08911945,-0.03321619,0.05019927,0.07146447,0.00418147,-0.05522137,-0.01813263,-0.37656174,0.05716553,0.25288074,-0.12313373,-0.05748822,-0.00386718,-0.33384978,0.05617065,0.23134930,-0.17181737,-0.05324097,0.02431586,-0.28061047,0.04877368,0.19731824,-0.22806733,-0.14711554,0.12926324,0.74293634,0.08669787,-0.27562099,-0.88252173,-0.02378067,0.41403247,0.99666360,-0.03982215,-0.54050720,-1.08207120,0.10227687,0.65139886,1.13628218,-0.16178290,-0.74351038,-1.15773362,-0.02108043,0.03613742,-0.99912476,-0.00749443,0.02344505,-0.21103630,-0.04560313,0.06848155,-0.09121989
10111860000000,synthetic_50hz_02,593,0.02,85.14050771,85.19895105,9.74439362,9.66423951,9.59183311,6.20670765,117.35736496,1,1,0,0,1,0.51223531,-0.22713338,-0.21281897,-0.05206384,-0.12890605,-0.12649458,0.05459914,0.12278681,0.10501426,-0.05556031,-0.11312756,-0.08050633,0.05491966,0.10020680,0.05367736,-0.05269565,-0.08439703,-0.02530085,0.04895240,0.06615405,-0.00380509,-0.05614262,-0.01690093,-0.37105511,0.05766589,0.25066128,-0.12954330,-0.05755367,-0.00072402,-0.32672175,0.05579971,0.22737321,-0.17945864,-0.05244479,0.02901006,-0.27267605,0.04757564,0.19204151,-0.23606631,-0.13060285,0.16936558,0.78131251,0.06948814,-0.31357809,-0.91396018,-0.00637006,0.44874999,1.02025795,-0.05693167,-0.57098423,-1.09714121,0.11859204,0.67675672,1.14239337,-0.17683334,-0.76301800,-1.15470981,-0.02119412,0.03620290,-0.99911999,-0.00711136,0.02380656,-0.21281897,-0.04723930,0.06942956,-0.09080264
10111880000000,synthetic_50hz_02,594,0.02,85.07158427,85.17347770,9.68031821,9.59183311,9.52485919,6.21366262,117.28194015,1,1,0,0,1,0.51112783,-0.22565055,-0.21459293,-0.05278684,-0.12746335,-0.12104309,0.05491464,0.12041366,0.09874770,-0.05545923,-0.10989239,-0.07360537,0.05440490,0.09620287,0.04634097,-0.05178206,-0.07973978,-0.01774053,0.04766631,0.06097776,-0.01137137,-0.05690821,-0.01545985,-0.36556277,0.05802715,0.24829673,-0.13584632,-0.05750058,0.00249574,-0.31978945,0.05533424,0.22339119,-0.18682064,-0.05158077,0.03363934,-0.26509637,0.04633844,0.18689869,-0.24364531,-0.11469045,0.20694095,0.81590974,0.05305045,-0.34880658,-0.94170099,0.01011902,0.48061595,1.04034256,-0.07299675,-0.59856894,-1.10899057,0.13376996,0.69926490,1.14566586,-0.19068651,-0.77980074,-1.14931108,-0.02130845,0.03625968,-0.99911550,-0.00672599,0.02416341,-0.21459293,-0.04886622,0.07037194,-0.09038166
10111900000000,synthetic_50hz_02,595,0.02,84.70262955,85.07930807,9.61502542,9.52485919,9.47434789,6.22057719,117.20577595,1,1,0,0,1,0.50998877,-0.22414945,-0.21635810,-0.05336917,-0.12585326,-0.11565320,0.05510740,0.11793698,0.09262970,-0.05525686,-0.10662052,-0.06693565,0.05381324,0.09223014,0.03931181,-0.05081816,-0.07518072,-0.01055460,0.04635797,0.05596381,-0.01850691,-0.05753297,-0.01385108,-0.36013187,0.05826554,0.24582835,-0.14200099,-0.05734613,0.00575250,-0.31308814,0.05479182,0.21944008,-0.19387567,-0.05066646,0.03817069,-0.25789080,0.04507903,0.18191798,-0.25079386,-0.09944170,0.24198857,0.84692222,0.03742986,-0.38135398,-0.96598946,0.02566110,0.50972477,1.05720677,-0.08801224,-0.62339996,-1.11794431,0.14782594,0.71910225,1.14645100,-0.20337775,-0.79407247,-1.14190498,-0.02142341,0.03630774,-0.99911130,-0.00633844,0.02451551,-0.21635810,-0.05048356,0.07130861,-0.08995699
10111920000000,synthetic_50hz_02,596,0.02,84.35824588,84.93509563,9.55594086,9.47434789,9.43680078,6.22745118,117.12887820,1,1,0,0,1,0.50881836,-0.22263018,-0.21811440,-0.05382536,-0.12411485,-0.11036706,0.05519307,0.11539492,0.08669691,-0.05496954,-0.10334809,-0.06052726,0.05316122,0.08832169,0.03261257,-0.04982023,-0.07074894,-0.00375764,0.04504290,0.05113646,-0.02520561,-0.05803143,-0.01211367,-0.35480455,0.05839672,0.24329428,-0.14797065,-0.05710665,0.00901010,-0.30664792,0.05418901,0.21555299,-0.20060105,-0.04971813,0.04257501,-0.25107392,0.04381296,0.17712364,-0.25750588,-0.08490855,0.27452788,0.87455382,0.02266058,-0.41128455,-0.98707454,0.04024070,0.53618369,1.07113744,-0.10198183,-0.64562441,-1.12431895,0.16078277,0.73645147,1.14508583,-0.21494827,-0.80604629,-1.13283934,-0.02153897,0.03634703,-0.99910739,-0.00594884,0.02486282,-0.21811440,-0.05209100,0.07223952,-0.08952862
10111940000000,synthetic_50hz_02,597,0.02,84.13518515,84.77511353,9.50590202,9.43680078,9.40575467,6.23428560,117.05125287,1,1,0,0,1,0.50761682,-0.22109289,-0.21986177,-0.05416949,-0.12228443,-0.10522210,0.05518663,0.11282250,0.08098117,-0.05461270,-0.10010785,-0.05440551,0.05246427,0.08450704,0.02626132,-0.04880327,-0.06646985,0.00264000,0.04373524,0.04651630,-0.03146521,-0.05841768,-0.01028395,-0.34961824,0.05843566,0.24072956,-0.15372346,-0.05679756,0.01223582,-0.30049412,0.05354122,0.21175941,-0.20697869,-0.04875076,0.04682690,-0.24465607,0.04255433,0.17253627,-0.26377908,-0.07113255,0.30459522,0.89901397,0.00876712,-0.43867592,-1.00520508,0.05385107,0.56010938,1.08241566,-0.11491671,-0.66539463,-1.12841968,0.17266925,0.75149624,1.14189084,-0.22544365,-0.81593187,-1.12244076,-0.02165511,0.03637752,-0.99910377,-0.00555731,0.02520525,-0.21986177,-0.05368823,0.07316457,-0.08909660
10111960000000,synthetic_50hz_02,598,0.02,84.18544012,84.65717885,9.46384014,9.40575467,9.37027530,6.24108227,116.97290604,1,1,0,0,1,0.50638438,-0.21953768,-0.22160013,-0.05441513,-0.12039554,-0.10025126,0.05510227,0.11025169,0.07550983,-0.05420079,-0.09692924,-0.04859141,0.05173668,0.08081226,0.02027208,-0.04778097,-0.06236544,0.00863170,0.04244772,0.04212059,-0.03728663,-0.05870526,-0.00839545,-0.34460587,0.05839657,0.23816613,-0.15923209,-0.05643333,0.01540019,-0.29464773,0.05286276,0.20808543,-0.21299458,-0.04777807,0.05090436,-0.23864388,0.04131588,0.16817311,-0.26961442,-0.05814593,0.33224071,0.92051408,-0.00423451,-0.46361597,-1.02062654,0.06649287,0.58162497,1.09131385,-0.12683422,-0.68286545,-1.13053808,0.18351887,0.76441860,1.13716837,-0.23491258,-0.82393321,-1.11101356,-0.02177181,0.03639919,-0.99910045,-0.00516398,0.02554274,-0.22160013,-0.05527494,0.07408369,-0.08866092
10111980000000,synthetic_50hz_02,599,0.02,84.05964307,84.53767169,9.42454290,9.37027530,9.33870328,6.24784303,116.89384390,1,1,0,0,1,0.50512129,-0.21796470,-0.22332942,-0.05457514,-0.11847894,-0.09548327,0.05495336,0.10771143,0.07030611,-0.05374726,-0.09383854,-0.04310200,0.05099159,0.07726025,0.01465523,-0.04676581,-0.05845451,0.01421405,0.04119175,0.03796350,-0.04267354,-0.05890705,-0.00647893,-0.33979619,0.05829280,0.23563295,-0.16447329,-0.05602738,0.01847695,-0.28912579,0.05216676,0.20455394,-0.21863835,-0.04681251,0.05478861,-0.23304077,0.04010904,0.16404833,-0.27501552,-0.04597265,0.35752537,0.93926428,-0.01633567,-0.48620003,-1.03357817,0.07817304,0.60085732,1.09809352,-0.13775663,-0.69819162,-1.13095032,0.19336864,0.77539672,1.13120129,-0.24340574,-0.83024677,-1.09883921,-0.02188904,0.03641200,-0.99909743,-0.00476897,0.02587522,-0.22332942,-0.05685082,0.07499682,-0.08822161
