timestamp_ns,trajectory_id,sample_index,control_dt_s,force_raw_n,force_filtered_n,torque_actual_nm,torque_command_prev_nm,torque_command_issued_nm,motor_position_rad,force_reference_n,imu_valid,tension_sensor_valid,saturation_flag,emergency_flag,data_valid_flag,velocity_command_0,velocity_command_1,velocity_command_2,policy_action_0,policy_action_1,policy_action_2,policy_action_3,policy_action_4,policy_action_5,policy_action_6,policy_action_7,policy_action_8,policy_action_9,policy_action_10,policy_action_11,policy_action_12,policy_action_13,policy_action_14,policy_action_15,policy_action_16,policy_action_17,joint_position_0,joint_position_1,joint_position_2,joint_position_3,joint_position_4,joint_position_5,joint_position_6,joint_position_7,joint_position_8,joint_position_9,joint_position_10,joint_position_11,joint_position_12,joint_position_13,joint_position_14,joint_position_15,joint_position_16,joint_position_17,joint_velocity_0,joint_velocity_1,joint_velocity_2,joint_velocity_3,joint_velocity_4,joint_velocity_5,joint_velocity_6,joint_velocity_7,joint_velocity_8,joint_velocity_9,joint_velocity_10,joint_velocity_11,joint_velocity_12,joint_velocity_13,joint_velocity_14,joint_velocity_15,joint_velocity_16,joint_velocity_17,body_gravity_vector_0,body_gravity_vector_1,body_gravity_vector_2,body_angular_velocity_0,body_angular_velocity_1,body_angular_velocity_2,body_linear_acceleration_filtered_0,body_linear_acceleration_filtered_1,body_linear_acceleration_filtered_2
10500000000000,synthetic_50hz_06,0,0.02,90.31187536,91.66237507,8.00000000,8.00000000,9.73198562,0.40100800,109.50000000,1,1,0,0,1,0.25000000,0.00000000,0.00000000,0.00000000,0.04756454,0.10605368,-0.00651352,-0.06000401,-0.11365700,0.01283925,0.07071353,0.11798354,-0.01879482,-0.07938435,-0.11890856,0.02420853,0.08576648,0.11640540,-0.02892430,-0.08967593,-0.11054621,0.00000000,0.17429631,-0.12667194,-0.00538456,0.05394157,-0.36132840,0.01060393,0.19596942,-0.11410159,-0.01549788,0.03626348,-0.36690849,0.01991595,0.20912782,-0.11566974,-0.02372199,0.02802085,-0.35823739,0.20259346,0.40823756,0.28404096,-0.19967302,-0.36000763,-0.18553048,0.19099593,0.30139852,0.08167106,-0.17681233,-0.23409995,0.02454297,0.15753114,0.16005216,-0.13004942,-0.13370827,-0.08139000,0.23180648,-0.01158934,-0.00000000,-0.99993284,0.02250000,-0.03343678,0.00000000,2.50000000,0.00000000,0.00000000
10500020000000,synthetic_50hz_06,1,0.02,88.80833349,91.09156676,8.72743396,9.73198562,9.94555965,0.40293422,109.91449346,1,1,0,0,1,0.25153599,0.00160795,0.01254854,0.00405887,0.05558364,0.11138809,-0.01049200,-0.06701506,-0.11699227,0.01662265,0.07651440,0.11922350,-0.02227405,-0.08380780,-0.11801746,0.02728329,0.08868498,0.11340893,-0.03150593,-0.09100533,-0.10553076,0.00410847,0.18234207,-0.12135831,-0.00941217,0.04689822,-0.36464945,0.01443499,0.20180759,-0.11286900,-0.01902236,0.03179850,-0.36601701,0.02303264,0.21209126,-0.11865958,-0.02634141,0.02664399,-0.35323544,0.20219164,0.38100431,0.22456152,-0.19565854,-0.32595954,-0.12202254,0.18348451,0.26151719,0.01596558,-0.16602054,-0.18953519,0.09055167,0.14377012,0.11208880,-0.19445827,-0.11737474,-0.03141083,0.29275855,-0.01142996,-0.00053841,-0.99993453,0.02249636,-0.03328870,0.01254854,2.01535994,0.01607952,0.12548542
10500040000000,synthetic_50hz_06,2,0.02,87.37003491,90.34726039,9.23904675,9.94555965,10.19008159,0.40567783,110.32887567,1,1,0,0,1,0.25307195,0.00321562,0.02499086,0.00810161,0.06303963,0.11551684,-0.01438193,-0.07332808,-0.11904488,0.02024761,0.08150244,0.11914081,-0.02552954,-0.08732705,-0.11580185,0.03007544,0.09063398,0.10912428,-0.03375426,-0.09132790,-0.09930059,0.00820081,0.18982448,-0.11725062,-0.01335126,0.04055313,-0.36668755,0.01810770,0.20683272,-0.11295936,-0.02232323,0.02823788,-0.36380072,0.02586690,0.21408508,-0.12293791,-0.02862771,0.02627406,-0.34701848,0.19952352,0.34923619,0.16197570,-0.18941479,-0.28792441,-0.05651528,0.17384513,0.21831164,-0.05057449,-0.15326344,-0.14240485,0.15620618,0.12826309,0.06239246,-0.25733437,-0.09956486,0.01941874,0.35104349,-0.01127179,-0.00107666,-0.99993589,0.02248542,-0.03313410,0.02499086,1.62764754,0.02894025,0.22481153
10500060000000,synthetic_50hz_06,3,0.02,86.42956727,89.56372176,9.63848138,10.19008159,10.44004106,0.40914205,110.74303545,1,1,0,0,1,0.25460784,0.00482270,0.03722441,0.01208259,0.06984151,0.11837800,-0.01813845,-0.07886316,-0.11977528,0.02367137,0.08561116,0.11771939,-0.02852183,-0.08989094,-0.11226959,0.03255000,0.09157912,0.10358300,-0.03563973,-0.09062704,-0.09191007,0.01223138,0.19665251,-0.11441080,-0.01715699,0.03498621,-0.36740314,0.02157930,0.21097831,-0.11438877,-0.02536102,0.02563280,-0.36026747,0.02838372,0.21507490,-0.12847316,-0.03055136,0.02692764,-0.33964086,0.19458353,0.31321955,0.09693921,-0.18097702,-0.24626779,0.01028527,0.16215286,0.17221601,-0.11721323,-0.13865375,-0.09319916,0.22076187,0.11115719,0.01149534,-0.31794584,-0.08045592,0.07053989,0.40596329,-0.01111488,-0.00161459,-0.99993692,0.02246720,-0.03297300,0.03722441,1.31747691,0.03922306,0.30218467
10500080000000,synthetic_50hz_06,4,0.02,85.15514176,88.68200576,9.97513644,10.44004106,10.70665134,0.41323957,111.15686170,1,1,0,0,1,0.25614362,0.00642892,0.04915370,0.01595603,0.07590395,0.11992285,-0.02171740,-0.08354770,-0.11915810,0.02685264,0.08878273,0.11495796,-0.03121371,-0.09145811,-0.10744354,0.03467488,0.09149672,0.09683146,-0.03713635,-0.08889743,-0.08342770,0.01615441,0.20274083,-0.11288756,-0.02078518,0.03027007,-0.36677086,0.02480848,0.21418657,-0.11715847,-0.02809853,0.02402460,-0.35544012,0.03055102,0.21503704,-0.13521899,-0.03208635,0.02861007,-0.33117110,0.18739172,0.27329515,0.03014984,-0.17040613,-0.20140418,0.07764310,0.14850767,0.12370663,-0.18319755,-0.12232765,-0.04244257,0.28347032,0.09262087,-0.04004514,-0.37557052,-0.06024379,0.12137832,0.45684285,-0.01095928,-0.00215203,-0.99993763,0.02244171,-0.03280545,0.04915370,1.06933935,0.04744064,0.36104071
10500100000000,synthetic_50hz_06,5,0.02,84.25278067,87.79616074,10.28237270,10.70665134,10.97207246,0.41789512,111.57024351,1,1,0,0,1,0.25767926,0.00803399,0.06069326,0.01967649,0.08114840,0.12011670,-0.02507577,-0.08731736,-0.11718281,0.02975210,0.09096892,0.11087050,-0.03357067,-0.09199780,-0.10136173,0.03642138,0.09037434,0.08893066,-0.03822204,-0.08614535,-0.07393568,0.01992445,0.20801091,-0.11271561,-0.02419283,0.02646905,-0.36478018,0.02775594,0.21640923,-0.12125452,-0.03050123,0.02344406,-0.34935671,0.03234010,0.21395908,-0.14311438,-0.03321061,0.03131507,-0.32169139,0.17799425,0.22985575,-0.03765938,-0.15778868,-0.15379375,0.14479969,0.13303399,0.07329781,-0.24776536,-0.10444387,0.00931135,0.34358784,0.07284259,-0.09165205,-0.42950452,-0.03914122,0.17135038,0.50303838,-0.01080503,-0.00268883,-0.99993801,0.02240894,-0.03263146,0.06069326,0.87082788,0.05400317,0.40422810
10500120000000,synthetic_50hz_06,6,0.02,84.16992947,87.07091449,10.57204660,10.97207246,11.20505324,0.42304475,111.98307014,1,1,0,0,1,0.25921473,0.00963761,0.07176977,0.02319944,0.08550422,0.11893966,-0.02817229,-0.09011709,-0.11385426,0.03233292,0.09213184,0.10548638,-0.03556137,-0.09149039,-0.09407729,0.03776458,0.08821123,0.07995590,-0.03887901,-0.08238890,-0.06352935,0.02349697,0.21239209,-0.11391481,-0.02733866,0.02363820,-0.36143595,0.03038482,0.21760841,-0.12664752,-0.03253779,0.02391080,-0.34207036,0.03372604,0.21184024,-0.15208404,-0.03390634,0.03502453,-0.31129708,0.16646363,0.18334310,-0.10572759,-0.14323661,-0.10393832,0.21098219,0.11588000,0.02153694,-0.31015408,-0.08518252,0.06148536,0.40038408,0.05202919,-0.14273500,-0.47907082,-0.01737584,0.21986953,0.54394573,-0.01065219,-0.00322482,-0.99993806,0.02236891,-0.03245107,0.07176977,0.71201694,0.05923876,0.43414761
10500140000000,synthetic_50hz_06,7,0.02,83.80142296,86.41701618,10.83790939,11.20505324,11.42261959,0.42863302,112.39523115,1,1,0,0,1,0.26074998,0.01123950,0.08232359,0.02648175,0.08890962,0.11638727,-0.03096789,-0.09190194,-0.10919294,0.03456121,0.09224468,0.09885053,-0.03715811,-0.08992797,-0.08565821,0.03868373,0.08501859,0.06999632,-0.03909408,-0.07765809,-0.05231641,0.02682884,0.21582258,-0.11648964,-0.03018361,0.02182247,-0.35675865,0.03266126,0.21775730,-0.13329256,-0.03418051,0.02543272,-0.33364906,0.03468808,0.20869173,-0.16203882,-0.03416036,0.03970846,-0.30009585,0.15289862,0.13424424,-0.17327412,-0.12688668,-0.05237672,0.27541191,0.09721654,-0.03100085,-0.36960944,-0.06474360,0.11348464,0.45315096,0.03040407,-0.19269662,-0.52362793,0.00481202,0.26635307,0.57900846,-0.01050080,-0.00375984,-0.99993780,0.02232163,-0.03226433,0.08232359,0.58496606,0.06340993,0.45285627
10500160000000,synthetic_50hz_06,8,0.02,83.62012053,85.85763705,11.08348768,11.42261959,11.62046240,0.43461192,112.80661639,1,1,0,0,1,0.26228498,0.01283938,0.09230935,0.02948227,0.09131265,0.11247091,-0.03342626,-0.09263786,-0.10323521,0.03640655,0.09129227,0.09102319,-0.03833722,-0.08731469,-0.07618693,0.03916261,0.08081979,0.05915416,-0.03885892,-0.07199481,-0.04041595,0.02987891,0.21825044,-0.12042871,-0.03269135,0.02105591,-0.35078466,0.03455481,0.21684073,-0.14112939,-0.03540571,0.02800568,-0.32417526,0.03521001,0.20453692,-0.17287649,-0.03396434,0.04532495,-0.28820682,0.13742381,0.08308704,-0.23950705,-0.10889962,0.00032042,0.33731324,0.07723579,-0.08371863,-0.42539454,-0.04334522,0.16470321,0.50121151,0.00820499,-0.24093931,-0.56257833,0.02717179,0.31022901,0.60772574,-0.01035091,-0.00429372,-0.99993721,0.02226712,-0.03207126,0.09230935,0.48332288,0.06672669,0.46214265
10500180000000,synthetic_50hz_06,9,0.02,83.15746276,85.31760219,11.30901706,11.62046240,11.81298870,0.44093956,113.21711608,1,1,0,0,1,0.26381970,0.01443694,0.10169590,0.03216235,0.09267206,0.10721811,-0.03551431,-0.09230239,-0.09603325,0.03784237,0.08927159,0.08207971,-0.03907943,-0.08366706,-0.06575977,0.03918980,0.07565036,0.04754395,-0.03817032,-0.06545263,-0.02795741,0.03260852,0.21963442,-0.12570450,-0.03482881,0.02136098,-0.34356615,0.03603893,0.21485567,-0.15008266,-0.03619413,0.03161318,-0.31374527,0.03528040,0.19941134,-0.18448252,-0.03331506,0.05182045,-0.27575939,0.12018894,0.03043527,-0.30363218,-0.08945886,0.05355645,0.39592293,0.05614965,-0.13600410,-0.47679904,-0.02122162,0.21453070,0.54392880,-0.01431824,-0.28687227,-0.59537685,0.04944530,0.35094319,0.62965990,-0.01020257,-0.00482632,-0.99993631,0.02220540,-0.03187191,0.10169590,0.40200551,0.06935704,0.46357960
10500200000000,synthetic_50hz_06,10,0.02,83.22844922,84.89977160,11.52068515,11.81298870,11.98081581,0.44757982,113.62662086,1,1,0,0,1,0.26535410,0.01603192,0.11046555,0.03448632,0.09295807,0.10067261,-0.03720266,-0.09088522,-0.08765486,0.03884643,0.08619210,0.07210998,-0.03937024,-0.07901403,-0.05448614,0.03875899,0.06955795,0.03529143,-0.03703029,-0.05809648,-0.01507926,0.03498201,0.21994472,-0.13227326,-0.03656659,0.02274800,-0.33517091,0.03709134,0.21181159,-0.16006248,-0.03653126,0.03622625,-0.30246850,0.03489293,0.19336263,-0.19673116,-0.03221455,0.05913003,-0.26289206,0.10136780,-0.02311713,-0.36486242,-0.06876910,0.10671505,0.45049941,0.03418777,-0.18723633,-0.52314830,0.00137922,0.26235951,0.58071458,-0.03690644,-0.32991873,-0.62153858,0.07136963,0.38796624,0.64444334,-0.01005583,-0.00535747,-0.99993509,0.02213648,-0.03166631,0.11046555,0.33694842,0.07143540,0.45856016
10500220000000,synthetic_50hz_06,11,0.02,82.87675175,84.49516763,11.71394003,11.98081581,12.14485534,0.45450080,114.03502186,1,1,0,0,1,0.26688815,0.01762402,0.11861287,0.03642207,0.09215297,0.09289428,-0.03846610,-0.08838861,-0.07818305,0.03940113,0.08207596,0.06121777,-0.03920021,-0.07339702,-0.04248755,0.03786913,0.06260201,0.02253240,-0.03544626,-0.05000216,-0.00192762,0.03696725,0.21916365,-0.14007513,-0.03787948,0.02521470,-0.32568196,0.03769447,0.20773064,-0.17096509,-0.03640765,0.04180349,-0.29046646,0.03404657,0.18645026,-0.20948662,-0.03067022,0.06717787,-0.24975094,0.08115691,-0.07695218,-0.42242731,-0.04705441,0.15916700,0.50033232,0.01159532,-0.23679297,-0.56381251,0.02419807,0.30759209,0.61103773,-0.05929383,-0.36952318,-0.64064644,0.09268011,0.42080075,0.65178502,-0.00991073,-0.00588701,-0.99993356,0.02206039,-0.03145450,0.11861287,0.28489922,0.07306930,0.44832138
10500240000000,synthetic_50hz_06,12,0.02,82.50201268,84.09653664,11.89492446,12.14485534,12.30674658,0.46167476,114.44221069,1,1,0,0,1,0.26842181,0.01921295,0.12614317,0.03794145,0.09025171,0.08395881,-0.03928396,-0.08482770,-0.06771545,0.03949388,0.07695807,0.04951982,-0.03856518,-0.06686970,-0.02989652,0.03652463,0.05485344,0.00941129,-0.03343106,-0.04125574,0.01134528,0.03853610,0.21728615,-0.14903440,-0.03874682,0.02874594,-0.31519694,0.03783571,0.20264773,-0.18267373,-0.03581916,0.04829122,-0.27787168,0.03274572,0.17874509,-0.22260447,-0.02869489,0.07587793,-0.23648825,0.05977379,-0.13043465,-0.47558283,-0.02455614,0.21027735,0.54475191,-0.01136947,-0.28405765,-0.59821554,0.04696730,0.34964844,0.63443233,-0.08121103,-0.40515871,-0.65235815,0.11311342,0.44898805,0.65147618,-0.00976733,-0.00641478,-0.99993172,0.02197716,-0.03123653,0.12614317,0.24325597,0.07434477,0.43396005
10500260000000,synthetic_50hz_06,13,0.02,82.64043743,83.80531680,12.06788975,12.30674658,12.44754504,0.46907796,114.84807956,1,1,0,0,1,0.26995504,0.02079844,0.13307071,0.03902076,0.08726225,0.07395722,-0.03964050,-0.08023068,-0.05636352,0.03911738,0.07088602,0.03714483,-0.03746649,-0.05949768,-0.01685524,0.03473542,0.04639400,-0.00392030,-0.03100292,-0.03195275,0.02458281,0.03966487,0.21432017,-0.15906006,-0.03915286,0.03331355,-0.30382730,0.03750776,0.19661044,-0.19505972,-0.03476711,0.05562383,-0.26482634,0.03100030,0.17032891,-0.23593309,-0.02630682,0.08513467,-0.22326064,0.03745496,-0.18291922,-0.52362111,-0.00153050,0.25941293,0.58313835,-0.03443808,-0.32842765,-0.62584344,0.06941379,0.38797364,0.65050517,-0.10238827,-0.43633418,-0.65641254,0.13241085,0.47211499,0.64339522,-0.00962566,-0.00694062,-0.99992959,0.02188680,-0.03101244,0.13307071,0.20993712,0.07533065,0.41644343
10500280000000,synthetic_50hz_06,14,0.02,82.92284610,83.62882266,12.22734497,12.44754504,12.56627216,0.47668923,115.25252131,1,1,0,0,1,0.27148782,0.02238019,0.13941697,0.03964113,0.08320581,0.06299515,-0.03952525,-0.07463875,-0.04425154,0.03826983,0.06391981,0.02423213,-0.03591108,-0.05135804,-0.00351409,0.03251699,0.03731559,-0.01730525,-0.02818542,-0.02219732,0.03762568,0.04033466,0.21028695,-0.17004646,-0.03908713,0.03887631,-0.29169732,0.03670883,0.18967877,-0.20798371,-0.03325844,0.06372426,-0.25148083,0.02882580,0.16129361,-0.24931540,-0.02352957,0.09484396,-0.21022738,0.01445358,-0.23375803,-0.56588019,0.02175413,0.30595016,0.61493076,-0.05733465,-0.36932160,-0.64625260,0.09126219,0.42204532,0.65894267,-0.12255860,-0.46260128,-0.65263511,0.15032159,0.48982024,0.62751179,-0.00948578,-0.00746437,-0.99992715,0.02178935,-0.03078226,0.13941697,0.18327744,0.07608201,0.39661743
10500300000000,synthetic_50hz_06,15,0.02,83.19896644,83.54285142,12.36969439,12.56627216,12.66803743,0.48448906,115.65542943,1,1,0,0,1,0.27302010,0.02395792,0.14520894,0.03978889,0.07811697,0.05119197,-0.03893323,-0.06810599,-0.03151545,0.03695511,0.05613148,0.01093032,-0.03391156,-0.04253867,0.00996993,0.02989032,0.02771946,-0.03058275,-0.02500733,-0.01210108,0.05031385,0.04053182,0.20522105,-0.18187426,-0.03854464,0.04538015,-0.27894295,0.03544278,0.18192475,-0.22129711,-0.03130576,0.07250460,-0.23799213,0.02624321,0.15174044,-0.26259055,-0.02039190,0.10489417,-0.19754852,-0.00896314,-0.28230857,-0.60175339,0.04502014,0.34928290,0.63963577,-0.07977919,-0.40618725,-0.65907716,0.11223818,0.45138103,0.65951704,-0.14146128,-0.48356129,-0.64094274,0.16660599,0.50180024,0.60388977,-0.00934773,-0.00798589,-0.99992442,0.02168485,-0.03054606,0.14520894,0.16194475,0.07664292,0.37521358
10500320000000,synthetic_50hz_06,16,0.02,83.29400802,83.49308274,12.49499847,12.66803743,12.76379160,0.49245928,116.05669814,1,1,0,0,1,0.27455185,0.02553134,0.15047745,0.03945585,0.07204356,0.03867962,-0.03786520,-0.06069901,-0.01830146,0.03518287,0.04760448,-0.00260433,-0.03148621,-0.03313749,0.02343504,0.02688179,0.01771513,-0.04359011,-0.02150235,-0.00178203,0.06248846,0.04024815,0.19917032,-0.19441148,-0.03752616,0.05275845,-0.26571040,0.03371928,0.17343185,-0.23484366,-0.02892736,0.08186695,-0.22452204,0.02327889,0.14177891,-0.27559588,-0.01692752,0.11516732,-0.18538292,-0.03251682,-0.32794177,-0.63069851,0.06798385,0.38883056,0.65683563,-0.10149088,-0.43850919,-0.66403588,0.13207187,0.47554539,0.65209167,-0.15884517,-0.49887139,-0.62134734,0.18103889,0.50781471,0.57268929,-0.00921155,-0.00850500,-0.99992141,0.02157331,-0.03030387,0.15047745,0.14487329,0.07704862,0.35285602
10500340000000,synthetic_50hz_06,17,0.02,83.01885256,83.39823670,12.60789158,12.76379160,12.86974684,0.50058346,116.45622244,1,1,0,0,1,0.27608303,0.02710019,0.15525587,0.03863958,0.06504648,0.02560138,-0.03632775,-0.05249648,-0.00476456,0.03296858,0.03843299,-0.01620963,-0.02865891,-0.02326146,0.03671648,0.02352298,0.00741929,-0.05616478,-0.01770888,0.00863679,0.07399382,0.03948122,0.19219563,-0.20751486,-0.03603827,0.06093256,-0.25215464,0.03155378,0.16429423,-0.24846114,-0.02614710,0.09170433,-0.21123532,0.01996444,0.13152571,-0.28816881,-0.01317484,0.12554034,-0.17388627,-0.05592110,-0.37005024,-0.65224640,0.09035886,0.42404597,0.66619561,-0.12219153,-0.46581626,-0.66093808,0.15050136,0.49415686,0.63662541,-0.17447217,-0.50825068,-0.59395852,0.19341286,0.50769139,0.53416754,-0.00907730,-0.00902156,-0.99991811,0.02145479,-0.03005573,0.15525587,0.13121047,0.07732734,0.33006893
10500360000000,synthetic_50hz_06,18,0.02,82.71972881,83.26253512,12.71787079,12.86974684,12.98602765,0.50884774,116.85389816,1,1,0,0,1,0.27761361,0.02866417,0.15957880,0.03734356,0.05719919,0.01211031,-0.03433343,-0.04358843,0.00893327,0.03033345,0.02872101,-0.02971930,-0.02545895,-0.01302554,0.04964851,0.01985045,-0.00304546,-0.06814633,-0.01366965,0.01902866,0.08467946,0.03823451,0.18437046,-0.22103133,-0.03409353,0.06981245,-0.23843767,0.02896750,0.15461589,-0.26198331,-0.02299428,0.10190180,-0.19829770,0.01633640,0.12110345,-0.30014895,-0.00917655,0.13588654,-0.16320903,-0.07888492,-0.40805647,-0.66600903,0.11185953,0.45442327,0.66747061,-0.14160918,-0.48768884,-0.64968870,0.16727618,0.50689411,0.61317597,-0.18812052,-0.51148539,-0.55898508,0.20354126,0.50133031,0.48867839,-0.00894501,-0.00953541,-0.99991453,0.02132932,-0.02980171,0.15957880,0.12027420,0.07750166,0.30728445
10500380000000,synthetic_50hz_06,19,0.02,83.08115729,83.22625956,12.83049667,12.98602765,13.08707795,0.51724109,117.24962197,1,1,0,0,1,0.27914356,0.03022300,0.16348116,0.03557732,0.04858721,-0.00163235,-0.03190070,-0.03407545,0.02262483,0.02730437,0.01858129,-0.04296501,-0.02192085,-0.00255142,0.06206650,0.01590533,-0.01355201,-0.07937858,-0.00943126,0.02926473,0.09440214,0.03651754,0.17578032,-0.23479966,-0.03171038,0.07929752,-0.22472670,0.02598731,0.14450959,-0.27524180,-0.01950341,0.11233766,-0.18587382,0.01243591,0.11063923,-0.31138008,-0.00497928,0.14607706,-0.15349445,-0.10111611,-0.44142104,-0.67168675,0.13220467,0.47950549,0.66051095,-0.15948171,-0.50376558,-0.63029231,0.18216082,0.51350186,0.58190205,-0.19958815,-0.50843365,-0.51673528,0.21126126,0.48870706,0.43667080,-0.00881473,-0.01004639,-0.99991069,0.02119693,-0.02954185,0.16348116,0.11151883,0.07758964,0.28485125
10500400000000,synthetic_50hz_06,20,0.02,83.29211540,83.23943073,12.93826081,13.08707795,13.18366284,0.52575386,117.64329149,1,1,0,0,1,0.28067284,0.03177640,0.16699740,0.03335644,0.03930729,-0.01545906,-0.02905387,-0.02406767,0.03613969,0.02391367,0.00813418,-0.05577839,-0.01808403,0.00803383,0.07380897,0.01173302,-0.02397022,-0.08971160,-0.00504374,0.03921554,0.10302781,0.03434590,0.16652197,-0.24865230,-0.02891314,0.08927764,-0.21119213,0.02264556,0.13409567,-0.28806826,-0.01571392,0.12288485,-0.17412515,0.00830835,0.10026319,-0.32171230,-0.00063306,0.15598243,-0.14487658,-0.12232504,-0.46965057,-0.66907467,0.15112118,0.49889179,0.64526699,-0.17556042,-0.51374973,-0.60285596,0.19493817,0.51379603,0.54306432,-0.20869577,-0.49902935,-0.46761587,0.21643657,0.46987542,0.37868585,-0.00868651,-0.01055436,-0.99990657,0.02105768,-0.02927619,0.16699740,0.10450781,0.07760576,0.26304334
10500420000000,synthetic_50hz_06,21,0.02,83.61154018,83.31385262,13.04132966,13.18366284,13.27495944,0.53437754,118.03480530,1,1,0,0,1,0.28220140,0.03332410,0.17016084,0.03070255,0.02946651,-0.02919790,-0.02582296,-0.01368363,0.04930630,0.02019889,-0.00249375,-0.06799318,-0.01399247,0.01859923,0.08471978,0.00738264,-0.03416849,-0.09900387,-0.00055997,0.04875266,0.11043363,0.03174120,0.15670249,-0.26241733,-0.02573182,0.09963428,-0.19800553,0.01897977,0.12350071,-0.30029643,-0.01166978,0.13341239,-0.16320784,0.00400287,0.09010692,-0.33100406,0.00380924,0.16547425,-0.13747825,-0.14222841,-0.49230535,-0.65806808,0.16834779,0.51224423,0.62179275,-0.18961363,-0.51741487,-0.56759085,0.20541282,0.50766820,0.49702503,-0.21528986,-0.48328521,-0.41212975,0.21896000,0.44496889,0.31535258,-0.00856039,-0.01105916,-0.99990221,0.02091160,-0.02900480,0.17016084,0.09889193,0.07756160,0.24206909
10500440000000,synthetic_50hz_06,22,0.02,84.25738304,83.50255870,13.13945417,13.27495944,13.35240738,0.54310452,118.42406298,1,1,0,0,1,0.28372923,0.03486582,0.17300331,0.02764318,0.01918117,-0.04267467,-0.02224342,-0.00304898,0.06195414,0.01620238,-0.01317111,-0.07944744,-0.00969422,0.02901147,0.09465024,0.00290657,-0.04401542,-0.10712422,0.00396488,0.05775039,0.11650977,0.02873100,0.14643817,-0.27592055,-0.02220188,0.11024178,-0.18533743,0.01503231,0.11285608,-0.31176437,-0.00741904,0.14378697,-0.15327057,-0.00042818,0.08030183,-0.33912423,0.00829246,0.17442679,-0.13140931,-0.16055307,-0.50900664,-0.63866675,0.18363881,0.51929397,0.59024825,-0.20143017,-0.51460981,-0.52481262,0.21341420,0.49508921,0.44424640,-0.21924539,-0.46129496,-0.35087234,0.21875564,0.41420136,0.24738247,-0.00843641,-0.01156064,-0.99989759,0.02075875,-0.02872772,0.17300331,0.09439181,0.07746643,0.22208000
10500460000000,synthetic_50hz_06,23,0.02,84.48253211,83.69855338,13.22889452,13.35240738,13.43784516,0.55192749,118.81096519,1,1,0,0,1,0.28525628,0.03640127,0.17555483,0.02421158,0.00857554,-0.05571509,-0.01835588,0.00770496,0.07391594,0.01197097,-0.02376331,-0.08998575,-0.00524093,0.03913656,0.10346123,-0.00164021,-0.05338149,-0.11395388,0.00847406,0.06608740,0.12116118,0.02534852,0.13585327,-0.28898768,-0.01836394,0.12096884,-0.17335509,0.01084999,0.10229637,-0.32231665,-0.00301334,0.15387460,-0.14445246,-0.00492981,0.07097744,-0.34595400,0.01275984,0.18271875,-0.12676477,-0.17703986,-0.51944331,-0.61097798,0.19676773,0.51984678,0.55090055,-0.21082269,-0.50526282,-0.47494040,0.21879954,0.47611191,0.38528749,-0.22046829,-0.43323446,-0.28452656,0.21578084,0.37786666,0.17556261,-0.00831461,-0.01205864,-0.99989273,0.02059918,-0.02844502,0.17555483,0.09078394,0.07732770,0.20317915
10500480000000,synthetic_50hz_06,24,0.02,84.32952169,83.82474704,13.31665379,13.43784516,13.54726081,0.56084023,119.19541370,1,1,0,0,1,0.28678252,0.03793019,0.17784341,0.02044644,-0.00221958,-0.06814703,-0.01420569,0.01844275,0.08502991,0.00755538,-0.03413421,-0.09946135,-0.00068725,0.04884157,0.11102526,-0.00620070,-0.06214080,-0.11938827,0.01290988,0.07364848,0.12430926,0.02163245,0.12507861,-0.30144659,-0.01426334,0.13168001,-0.16222028,0.00648353,0.09195774,-0.33180651,0.00149266,0.16354234,-0.13688101,-0.00944503,0.06225964,-0.35138881,0.01715369,0.19023491,-0.12362328,-0.19144743,-0.52337789,-0.57521835,0.20753074,0.51378775,0.50412337,-0.21763084,-0.48938487,-0.41849428,0.22145654,0.45087280,0.32079980,-0.21889755,-0.39936185,-0.21385651,0.21002764,0.33633712,0.10074764,-0.00819504,-0.01255303,-0.99988763,0.02043293,-0.02815673,0.17784341,0.08788952,0.07715135,0.18542911
10500500000000,synthetic_50hz_06,25,0.02,84.44812817,83.94942327,13.41350874,13.54726081,13.66863079,0.56983877,119.57731142,1,1,0,0,1,0.28830791,0.03945230,0.17989500,0.01639150,-0.01306834,-0.07980283,-0.00984250,0.02902651,0.09514207,0.00300973,-0.04414783,-0.10773832,0.00390980,0.05799635,0.11722842,-0.01071662,-0.07017280,-0.12333877,0.01721447,0.08032615,0.12589321,0.01762654,0.11425002,-0.31312962,-0.00994975,0.14223739,-0.15208702,0.00198706,0.08197616,-0.34009804,0.00604194,0.17266007,-0.13067013,-0.01391554,0.05426897,-0.35534005,0.02141616,0.19686778,-0.12204560,-0.20355589,-0.52065188,-0.53171408,0.21575010,0.50108515,0.45039535,-0.22172414,-0.46707190,-0.35609151,0.22130576,0.41959276,0.25152139,-0.21450704,-0.36001656,-0.13969979,0.20152398,0.29006091,0.02385058,-0.00807774,-0.01304364,-0.99988231,0.02026006,-0.02786293,0.17989500,0.08556551,0.07694216,0.16885920
10500520000000,synthetic_50hz_06,26,0.02,84.56984784,84.07350818,13.52066000,13.66863079,13.80207356,0.57892118,119.95656246,1,1,0,0,1,0.28983241,0.04096732,0.18173346,0.01209514,-0.02383152,-0.09052162,-0.00531970,0.03931760,0.10410838,-0.00160910,-0.05367014,-0.11469364,0.00849151,0.06647535,0.12197224,-0.01512911,-0.07736404,-0.12573432,0.02133052,0.08602228,0.12587141,0.01337916,0.10350673,-0.32387589,-0.00547655,0.15250239,-0.14309933,-0.00258256,0.07248564,-0.34706822,0.01057580,0.18110222,-0.12591828,-0.01828251,0.04711890,-0.35773663,0.02548992,0.20251926,-0.12207337,-0.21317035,-0.51119009,-0.48089992,0.22127721,0.48179323,0.39029675,-0.22300455,-0.43850605,-0.28844115,0.21830257,0.38257653,0.17826966,-0.20730682,-0.31561716,-0.06295856,0.19033432,0.23955839,-0.05416766,-0.00796275,-0.01353035,-0.99987676,0.02008063,-0.02756367,0.18173346,0.08369748,0.07670397,0.15347195
10500540000000,synthetic_50hz_06,27,0.02,85.02862865,84.26453228,13.63885369,13.80207356,13.93413396,0.58808725,120.33307218,1,1,0,0,1,0.29135600,0.04247499,0.18338059,0.00760983,-0.03436831,-0.10015161,-0.00069383,0.04917854,0.11179697,-0.00624217,-0.06257094,-0.12021916,0.01299821,0.07415939,0.12517539,-0.01937950,-0.08360979,-0.12652274,0.02520208,0.09064968,0.12422239,0.00894279,0.09298956,-0.33353362,-0.00090027,0.16233748,-0.13538908,-0.00716638,0.06361640,-0.35260888,0.01503458,0.18874961,-0.12270681,-0.02248726,0.04091415,-0.35852640,0.02931903,0.20710213,-0.12372806,-0.22012426,-0.49500414,-0.42331653,0.22399548,0.45605406,0.32450473,-0.22140881,-0.40395573,-0.21633730,0.21243882,0.34021116,0.10193278,-0.19734412,-0.26665815,0.01541052,0.17655990,0.18541726,-0.13230953,-0.00785011,-0.01401299,-0.99987100,0.01989469,-0.02725901,0.18338059,0.08219388,0.07643986,0.13924887
10500560000000,synthetic_50hz_06,28,0.02,84.96821309,84.40526844,13.76287141,13.93413396,14.08535429,0.59733755,120.70674722,1,1,0,0,1,0.29287864,0.04397503,0.18485622,0.00299159,-0.04453808,-0.10855236,0.00397612,0.05847477,0.11809018,-0.01082920,-0.07072562,-0.12422340,0.01737006,0.08093741,0.12677521,-0.02341014,-0.08881573,-0.12567202,0.02877529,0.09413346,0.12094565,0.00437342,0.08283912,-0.34196237,0.00372011,0.17160813,-0.12907393,-0.01170412,0.05549304,-0.35662856,0.01935842,0.19549120,-0.12109836,-0.02647213,0.03574902,-0.35767733,0.03284963,0.21054153,-0.12701015,-0.22428247,-0.47219479,-0.35960632,0.22382279,0.42409815,0.25378705,-0.21691020,-0.36377456,-0.14065098,0.20374399,0.29296318,0.02345987,-0.18470374,-0.21370554,0.09440759,0.16033839,0.12828667,-0.20955324,-0.00773986,-0.01449142,-0.99986504,0.01970230,-0.02694900,0.18485622,0.08098146,0.07615231,0.12615540
10500580000000,synthetic_50hz_06,29,0.02,85.27418955,84.57905266,13.89831422,14.08535429,14.23703405,0.60667399,121.07749558,1,1,0,0,1,0.29440029,0.04546718,0.18617830,-0.00170075,-0.05420233,-0.11559695,0.00862943,0.06707659,0.12288653,-0.01530931,-0.07801701,-0.12663323,0.02154782,0.08670815,0.12672903,-0.02716510,-0.09289947,-0.12317118,0.03199920,0.09641244,0.11606224,-0.00027009,0.07319391,-0.34903520,0.00832384,0.18018463,-0.12425538,-0.01613492,0.04823274,-0.35905411,0.02348810,0.20122572,-0.12113560,-0.03018122,0.03170593,-0.35517845,0.03603078,0.21277626,-0.13189862,-0.22554395,-0.44295317,-0.29050776,0.22071362,0.38624392,0.17899441,-0.20952002,-0.31839907,-0.06232056,0.19228586,0.24137464,-0.05615002,-0.16950800,-0.15739126,0.17300176,0.14184315,0.06887021,-0.28486579,-0.00763204,-0.01496551,-0.99985889,0.01950353,-0.02663371,0.18617830,0.08000166,0.07584330,0.11414513
10500600000000,synthetic_50hz_06,30,0.02,85.13409598,84.69006133,14.04057655,14.23703405,14.40356652,0.61609897,121.44522658,1,1,0,0,1,0.29592091,0.04695116,0.18736303,-0.00640620,-0.06322657,-0.12117402,0.01320439,0.07486100,0.12610246,-0.01962190,-0.08433715,-0.12739530,0.02547370,0.09138181,0.12501528,-0.03059108,-0.09579190,-0.11903100,0.03482650,0.09744027,0.10961501,-0.00492676,0.06418843,-0.35464078,0.01284925,0.18794398,-0.12101696,-0.02039816,0.04194344,-0.35983221,0.02736582,0.20586336,-0.12284011,-0.03356119,0.02885397,-0.35104054,0.03881517,0.21375997,-0.13835060,-0.22384413,-0.40756081,-0.21684814,0.21466071,0.34289592,0.10105128,-0.19928852,-0.26834518,0.01765894,0.17817074,0.18605792,-0.13586004,-0.15191623,-0.09840653,0.25014423,0.12128189,0.00791803,-0.35721664,-0.00752670,-0.01543510,-0.99985255,0.01929845,-0.02631320,0.18736303,0.07920758,0.07551446,0.10316339
10500620000000,synthetic_50hz_06,31,0.02,85.29217546,84.81048415,14.19303234,14.40356652,14.56688207,0.62561579,121.80985101,1,1,0,0,1,0.29744048,0.04842671,0.18842497,-0.01106239,-0.07148228,-0.12518973,0.01763916,0.08171355,0.12767398,-0.02370739,-0.08958898,-0.12647733,0.02909212,0.09488152,0.12163428,-0.03363811,-0.09743858,-0.11328445,0.03721430,0.09718644,0.10166859,-0.00953424,0.05595119,-0.35868523,0.01723448,0.19477175,-0.11942268,-0.02443427,0.03672221,-0.35893055,0.03093602,0.20932726,-0.12621157,-0.03656212,0.02724758,-0.34529657,0.04115989,0.21346217,-0.14630146,-0.21915688,-0.36638844,-0.13953481,0.20569627,0.29454183,0.02094541,-0.18630534,-0.21420344,0.09824785,0.16154314,0.12768946,-0.21460858,-0.13212357,-0.03749414,0.32478204,0.09889482,-0.05378216,-0.42559189,-0.00742387,-0.01590006,-0.99984603,0.01908711,-0.02598753,0.18842497,0.07856174,0.07516708,0.09315013
10500640000000,synthetic_50hz_06,32,0.02,85.47121310,84.94262994,14.35004922,14.56688207,14.72219071,0.63522768,122.17128108,1,1,0,0,1,0.29895895,0.04989357,0.18937719,-0.01560644,-0.07884878,-0.12756942,0.02187258,0.08753014,0.12755800,-0.02750813,-0.09368796,-0.12386902,0.03235060,0.09714472,0.11660884,-0.03626039,-0.09780075,-0.10598678,0.03912477,0.09563714,0.09230906,-0.01402963,0.04860289,-0.36109392,0.02141837,0.20056382,-0.11951563,-0.02818560,0.03265358,-0.35633884,0.03414619,0.21155487,-0.13122717,-0.03913817,0.02692551,-0.33800177,0.04302714,0.21186905,-0.15566512,-0.21149595,-0.31989342,-0.05954507,0.19389269,0.24174811,-0.06028389,-0.17069942,-0.15663308,0.17837484,0.14258481,0.06700224,-0.29132316,-0.11035941,0.02456030,0.39587249,0.07495230,-0.11541475,-0.48900864,-0.00732358,-0.01636026,-0.99983935,0.01886958,-0.02565677,0.18937719,0.07803413,0.07480222,0.08404232
10500660000000,synthetic_50hz_06,33,0.02,85.65952269,85.08600849,14.50634865,14.72219071,14.86577905,0.64493723,122.52943051,1,1,0,0,1,0.30047630,0.05135147,0.19023139,-0.01997574,-0.08521511,-0.12825918,0.02584503,0.09221868,0.12573347,-0.03096919,-0.09656354,-0.11958281,0.03520049,0.09812444,0.10998452,-0.03841695,-0.09685636,-0.09721532,0.04052583,0.09279586,0.08164336,-0.01835034,0.04225446,-0.36181294,0.02534130,0.20522811,-0.12131685,-0.03159722,0.02980812,-0.35206953,0.03694772,0.21249921,-0.13784135,-0.04124840,0.02790984,-0.32923350,0.04438483,0.20898409,-0.16633465,-0.20091590,-0.26861594,0.02208534,0.17936268,0.18515445,-0.14155867,-0.15263835,-0.09635487,0.25695080,0.12151339,0.00477733,-0.36493492,-0.08688514,0.08693794,0.46239779,0.04975194,-0.17614674,-0.54652952,-0.00722588,-0.01681555,-0.99983251,0.01864594,-0.02532099,0.19023139,0.07760077,0.07442075,0.07577583
10500680000000,synthetic_50hz_06,34,0.02,86.04460308,85.27772741,14.65730942,14.86577905,14.98774113,0.65474588,122.88421456,1,1,0,0,1,0.30199248,0.05280014,0.19099801,-0.02410887,-0.09048181,-0.12722713,0.02949929,0.09570070,0.12220227,-0.03403923,-0.09816049,-0.11365426,0.03759781,0.09779027,0.10182954,-0.04007243,-0.09460071,-0.08706902,0.04139174,0.08868376,0.06979827,-0.02243493,0.03700537,-0.36081039,0.02894607,0.20868614,-0.12482448,-0.03461781,0.02824104,-0.34615815,0.03929660,0.21212989,-0.14598589,-0.04285743,0.03020523,-0.31909070,0.04520721,0.20482846,-0.17818326,-0.18751259,-0.21317384,0.10427501,0.16225886,0.12546698,-0.22177622,-0.13232713,-0.03414285,0.33288351,0.09858035,-0.05816564,-0.43439362,-0.06199145,0.14879718,0.52337995,0.02361531,-0.23513883,-0.59727700,-0.00713081,-0.01726579,-0.99982551,0.01841626,-0.02498023,0.19099801,0.07724245,0.07402336,0.06828688
10500700000000,synthetic_50hz_06,35,0.02,86.42229541,85.50664101,14.79609074,14.98774113,15.08847933,0.66465329,123.23555005,1,1,0,0,1,0.30350747,0.05423934,0.19168638,-0.02794645,-0.09456260,-0.12446437,0.03278142,0.09791276,0.11698969,-0.03667129,-0.09844005,-0.10614213,0.03950391,0.09612927,0.09223445,-0.04119762,-0.09104703,-0.07566761,0.04170358,0.08333987,0.05691923,-0.02622404,0.03294191,-0.35807737,0.03217874,0.21087449,-0.13001321,-0.03720039,0.02799110,-0.33866350,0.04115420,0.21043394,-0.15557023,-0.04393607,0.03379847,-0.30769309,0.04547538,0.19944118,-0.19106551,-0.17142291,-0.15425623,0.18591067,0.14277274,0.06345028,-0.29982377,-0.11000636,0.02918498,0.40509282,0.07406845,-0.12097882,-0.49868285,-0.03599512,0.20928478,0.57789562,-0.00311598,-0.29155696,-0.64044739,-0.00703840,-0.01771086,-0.99981838,0.01818062,-0.02463459,0.19168638,0.07694382,0.07361065,0.06151319
10500720000000,synthetic_50hz_06,36,0.02,86.76823828,85.75896046,14.91889394,15.08847933,15.17000916,0.67465714,123.58335542,1,1,0,0,1,0.30502122,0.05566880,0.19230480,-0.03143206,-0.09738591,-0.11998573,0.03564158,0.09880775,0.11014473,-0.03882354,-0.09738092,-0.09712820,0.04088620,0.09314655,0.08131143,-0.04177009,-0.08622672,-0.06315041,0.04144973,0.07682094,0.04316873,-0.02966125,0.03013565,-0.35362871,0.03498945,0.21174603,-0.13683406,-0.03930313,0.02907962,-0.32966733,0.04248792,0.20741650,-0.16648221,-0.04446189,0.03865815,-0.29518000,0.04517772,0.19287901,-0.20481893,-0.15282411,-0.09261577,0.26586194,0.12113318,-0.00008175,-0.37459392,-0.08594991,0.09277693,0.47252618,0.04828868,-0.18279730,-0.55683530,-0.00923526,0.26754753,0.62509059,-0.03008442,-0.34458425,-0.67532423,-0.00694869,-0.01815061,-0.99981113,0.01793908,-0.02428411,0.19230480,0.07669258,0.07318309,0.05539475
10500740000000,synthetic_50hz_06,37,0.02,86.98426209,86.00402079,15.02436234,15.17000916,15.23847576,0.68475337,123.92755078,1,1,0,0,1,0.30653371,0.05708826,0.19286066,-0.03451307,-0.09889623,-0.11383013,0.03803482,0.09835591,0.10173999,-0.04046001,-0.09497995,-0.08671664,0.04171871,0.08886567,0.06919321,-0.04177465,-0.08018935,-0.04967491,0.04062620,0.06920113,0.02872445,-0.03269393,0.02864207,-0.34750335,0.03733326,0.21127103,-0.14521441,-0.04089008,0.03150971,-0.31927381,0.04327181,0.20310112,-0.17858909,-0.04441969,0.04473471,-0.28170891,0.04431024,0.18521612,-0.21926581,-0.13193237,-0.02905982,0.34299689,0.09760414,-0.06427601,-0.44500043,-0.06046193,0.15575874,0.53417440,0.02157658,-0.24275087,-0.60794788,0.01793084,0.32274437,0.66419393,-0.05692130,-0.39343301,-0.70129096,-0.00686171,-0.01858493,-0.99980375,0.01769173,-0.02392887,0.19286066,0.07647891,0.07274108,0.04987443
10500760000000,synthetic_50hz_06,38,0.02,87.40278375,86.28377338,15.11428997,15.23847576,15.28688741,0.69493667,124.26805790,1,1,0,0,1,0.30804489,0.05849747,0.19336054,-0.03714152,-0.09905537,-0.10606067,0.03992187,0.09654576,0.09187124,-0.04155125,-0.09125269,-0.07503312,0.04198269,0.08332876,0.05603175,-0.04120375,-0.07300243,-0.03541497,0.03923689,0.06057140,0.01377716,-0.03527411,0.02849940,-0.33976437,0.03917092,0.20943797,-0.15505852,-0.04193179,0.03526585,-0.30760861,0.04348710,0.19752993,-0.19173890,-0.04380193,0.05196063,-0.26745370,0.04287682,0.17654346,-0.23421539,-0.10900086,0.03555954,0.41619813,0.07248197,-0.12825124,-0.50999435,-0.03387339,0.21724540,0.58908718,-0.00571178,-0.29997627,-0.65119636,0.04513227,0.37405868,0.69453125,-0.08325158,-0.43735681,-0.71784248,-0.00677750,-0.01901367,-0.99979626,0.01743865,-0.02356895,0.19336054,0.07629496,0.07228497,0.04489834
10500780000000,synthetic_50hz_06,39,0.02,87.76897960,86.58081463,15.18678090,15.28688741,15.31992482,0.70520052,124.60480028,1,1,0,0,1,0.30955473,0.05989617,0.19381028,-0.03927487,-0.09784336,-0.09676429,0.04126981,0.09338464,0.08065660,-0.04207492,-0.08623360,-0.06222355,0.04166699,0.07659641,0.04199656,-0.04005778,-0.06475090,-0.02055879,0.03729369,0.05103860,-0.00147170,-0.03735926,0.02972757,-0.33049871,0.04046949,0.20625423,-0.16624823,-0.04240591,0.04031357,-0.29481766,0.04312266,0.19076352,-0.20576216,-0.04260900,0.06025096,-0.25260254,0.04088939,0.16696788,-0.24946624,-0.08431711,0.10035644,0.48437922,0.04609202,-0.19110988,-0.56858004,-0.00653809,0.27635353,0.63638844,-0.03320434,-0.35362978,-0.68584946,0.07198948,0.42071071,0.71553712,-0.10869912,-0.47566236,-0.72459552,-0.00669609,-0.01943672,-0.99978867,0.01717993,-0.02320440,0.19381028,0.07613442,0.07181505,0.04041606
10500800000000,synthetic_50hz_06,40,0.02,87.75162697,86.81497709,15.24270134,15.31992482,15.35436643,0.71553745,124.93770317,1,1,0,0,1,0.31106321,0.06128413,0.19421507,-0.04087679,-0.09525925,-0.08605116,0.04205272,0.08889915,0.06823547,-0.04201626,-0.07997605,-0.04845252,0.04076845,0.06874720,0.02727265,-0.03834527,-0.05553634,-0.00530651,0.03481657,0.04072435,-0.01681262,-0.03891306,0.03232757,-0.31981654,0.04120307,0.20174639,-0.17864419,-0.04229769,0.04659950,-0.28106552,0.04217532,0.18288048,-0.22047382,-0.04084942,0.06950413,-0.23735560,0.03836789,0.15661101,-0.26480884,-0.05819983,0.16442309,0.54650119,0.01878480,-0.25195056,-0.61983109,0.02117181,0.33221417,0.67529098,-0.06051803,-0.40289989,-0.71128191,0.09811948,0.46196983,0.72676625,-0.13289211,-0.50772095,-0.72129758,-0.00661752,-0.01985394,-0.99978100,0.01691563,-0.02283531,0.19421507,0.07599226,0.07133156,0.03638070
10500820000000,synthetic_50hz_06,41,0.02,87.76804044,87.00558976,15.28960068,15.35436643,15.38809717,0.72594023,125.26669362,1,1,0,0,1,0.31257027,0.06266107,0.19457950,-0.04191780,-0.09132153,-0.07405363,0.04225224,0.08313517,0.05476697,-0.04136852,-0.07255199,-0.03390135,0.03929213,0.05987710,0.01205834,-0.03608293,-0.04547593,0.01013232,0.03183345,0.02976366,-0.03203086,-0.03990603,0.03628088,-0.30785021,0.04135328,0.19596033,-0.19208724,-0.04160037,0.05405168,-0.26653354,0.04065015,0.17397677,-0.23567560,-0.03853993,0.07960296,-0.22192241,0.03534026,0.14560786,-0.28002844,-0.03099520,0.22684230,0.60158897,-0.00906847,-0.30988105,-0.66290563,0.04887068,0.38398579,0.70511041,-0.08726393,-0.44702003,-0.72698653,0.12314132,0.49716648,0.72790328,-0.15546850,-0.53297939,-0.70783425,-0.00654183,-0.02026521,-0.99977325,0.01664585,-0.02246174,0.19457950,0.07586447,0.07083473,0.03274894
10500840000000,synthetic_50hz_06,42,0.02,87.97440387,87.19935258,15.33096921,15.38809717,15.41370960,0.73640221,125.59170051,1,1,0,0,1,0.31407590,0.06402677,0.19490768,-0.04237590,-0.08606840,-0.06092488,0.04185796,0.07615773,0.04042818,-0.04013323,-0.06405139,-0.01876592,0.03725144,0.05009843,-0.00343738,-0.03329568,-0.03470110,0.02554157,0.02837998,0.01830333,-0.04690939,-0.04031616,0.04154930,-0.29475290,0.04090973,0.18896108,-0.20640032,-0.04031550,0.06258015,-0.25141758,0.03856055,0.16416472,-0.25115848,-0.03570543,0.09041602,-0.20651910,0.03184214,0.13410522,-0.29490804,-0.00307251,0.28670063,0.64874735,-0.03708060,-0.36403156,-0.69706095,0.07616466,0.43086730,0.72527795,-0.11305286,-0.48528093,-0.73258486,0.14668169,0.52570369,0.71877100,-0.17608161,-0.55097017,-0.68423463,-0.00646904,-0.02067042,-0.99976542,0.01637068,-0.02208377,0.19490768,0.07574782,0.07032475,0.02948093
10500860000000,synthetic_50hz_06,43,0.02,88.06885204,87.37325247,15.36572017,15.41370960,15.43689495,0.74691711,125.91265455,1,1,0,0,1,0.31558005,0.06538097,0.19520322,-0.04223705,-0.07955766,-0.04683720,0.04086784,0.06805047,0.02541198,-0.03832039,-0.05458136,-0.00325412,0.03466814,0.03953865,-0.01899755,-0.03001640,-0.02335601,0.04070152,0.02449926,0.00650002,-0.06123205,-0.04012943,0.04807505,-0.28069689,0.03987038,0.18083231,-0.22139055,-0.03845306,0.07207779,-0.23592553,0.03592829,0.15357178,-0.26670553,-0.03237880,0.10179913,-0.19136540,0.02791664,0.12225977,-0.30923145,0.02518059,0.34310188,0.68717632,-0.06485380,-0.41356811,-0.72166715,0.10265724,0.47211097,0.73535198,-0.13750102,-0.51704265,-0.72783626,0.16838058,0.54706775,0.69933669,-0.19440566,-0.56132064,-0.65067492,-0.00639919,-0.02106943,-0.99975754,0.01609021,-0.02170147,0.19520322,0.07563974,0.06980180,0.02654017
10500880000000,synthetic_50hz_06,44,0.02,87.90341394,87.47928477,15.39561358,15.43689495,15.46792520,0.75747918,126.22948835,1,1,0,0,1,0.31708268,0.06672343,0.19546935,-0.04149557,-0.07186635,-0.03197990,0.03928840,0.05891495,0.00992459,-0.03594852,-0.04426500,0.01241685,0.03157224,0.02833887,-0.03440031,-0.02628571,-0.01159572,0.05539199,0.02024135,-0.00548174,-0.07478670,-0.03934014,0.05578106,-0.26587150,0.03824175,0.17167553,-0.23685171,-0.03603161,0.08242151,-0.22027458,0.03278339,0.14233909,-0.28209486,-0.02860069,0.11359725,-0.17668148,0.02361382,0.11023604,-0.32278656,0.05336329,0.39518081,0.71618547,-0.09198513,-0.45770576,-0.73621950,0.12795499,0.50703485,0.73502797,-0.16023585,-0.54174589,-0.71264525,0.18789704,0.56083814,0.66971664,-0.21014107,-0.56376116,-0.60747978,-0.00633231,-0.02146213,-0.99974962,0.01580452,-0.02131492,0.19546935,0.07553816,0.06926605,0.02389336
10500900000000,synthetic_50hz_06,45,0.02,88.11726679,87.60688117,15.42598446,15.46792520,15.49079267,0.76808375,126.54213644,1,1,0,0,1,0.31858378,0.06805391,0.19570890,-0.04015443,-0.06309008,-0.01655697,0.03713484,0.04886948,-0.00581713,-0.03304464,-0.03323996,0.02802351,0.02800174,0.01665211,-0.04942197,-0.02215155,0.00041582,0.06939557,0.01566271,-0.01747177,-0.08736846,-0.03795127,0.06457175,-0.25048072,0.03603904,0.16160910,-0.25256693,-0.03307812,0.09347366,-0.20468824,0.02916384,0.13061963,-0.29710280,-0.02441900,0.12564643,-0.16268476,0.01899014,0.09820419,-0.33536846,0.08106724,0.44211677,0.73520722,-0.11807244,-0.49572170,-0.74034933,0.15167356,0.53503474,0.72414683,-0.18090185,-0.55892248,-0.68706683,0.20491466,0.56669623,0.63017838,-0.22301969,-0.55813186,-0.55512159,-0.00626842,-0.02184841,-0.99974165,0.01551371,-0.02092419,0.19570890,0.07544145,0.06871764,0.02151020
10500920000000,synthetic_50hz_06,46,0.02,87.94789516,87.67508397,15.45320391,15.49079267,15.52170978,0.77872660,126.85053527,1,1,0,0,1,0.32008329,0.06937217,0.19592440,-0.03822541,-0.05334204,-0.00078439,0.03443103,0.03804787,-0.02158862,-0.02964398,-0.02165676,0.04333922,0.02400229,0.00464128,-0.06384033,-0.01766859,0.01250802,0.08250089,0.01082551,-0.02929670,-0.09878292,-0.03597461,0.07433391,-0.23474052,0.03328611,0.15076680,-0.26831166,-0.02962786,0.10508370,-0.18939313,0.02511529,0.11857633,-0.31150713,-0.01988844,0.13777605,-0.14958660,0.01410777,0.08633762,-0.34678275,0.10788244,0.48314720,0.74380862,-0.14272035,-0.52696759,-0.73383324,0.17344356,0.55559527,0.70270110,-0.19916632,-0.56820487,-0.65130976,0.21914702,0.56443286,0.58114086,-0.23280961,-0.54438798,-0.49421740,-0.00620757,-0.02222814,-0.99973366,0.01521788,-0.02052936,0.19592440,0.07534827,0.06815672,0.01936320
10500940000000,synthetic_50hz_06,47,0.02,88.45767457,87.83160209,15.48197638,15.52170978,15.53330702,0.78940447,127.15462329,1,1,0,0,1,0.32158118,0.07067798,0.19611809,-0.03572915,-0.04275178,0.01511280,0.03120934,0.02659774,-0.03716082,-0.02578975,-0.00967687,0.05813747,0.01962663,-0.00752299,-0.07743800,-0.01289767,0.02450596,0.09450595,0.00579685,-0.04078241,-0.10884925,-0.03343081,0.08493800,-0.21887594,0.03001536,0.13929625,-0.28385685,-0.02572404,0.11709018,-0.17461574,0.02069049,0.10637984,-0.32509049,-0.01506981,0.14981122,-0.13758901,0.00903381,0.07481043,-0.35684861,0.13340330,0.51758062,0.74170143,-0.16554634,-0.55088140,-0.71660029,0.19291661,0.56830002,0.67083922,-0.21472499,-0.56933428,-0.60573755,0.23034276,0.55395437,0.52317218,-0.23931964,-0.52260370,-0.42552351,-0.00614979,-0.02260123,-0.99972565,0.01491712,-0.02013050,0.19611809,0.07525758,0.06758341,0.01742748
10500960000000,synthetic_50hz_06,48,0.02,88.82119626,88.02952093,15.50353524,15.53330702,15.53507801,0.80011376,127.45434093,1,1,0,0,1,0.32307743,0.07197109,0.19629195,-0.03269504,-0.03146360,0.03090365,0.02751040,0.01467865,-0.05230346,-0.02153262,0.00252950,0.07219534,0.01493405,-0.01966471,-0.09000579,-0.00790492,0.03623299,0.10522134,0.00064789,-0.05175665,-0.11740330,-0.03034923,0.09623971,-0.20311794,0.02626740,0.12735704,-0.29897222,-0.02141731,0.12932287,-0.16057903,0.01594873,0.09420612,-0.33764368,-0.01002929,0.16157527,-0.12688140,0.00383943,0.06379488,-0.36540188,0.15723495,0.54480892,0.72875037,-0.18618693,-0.56699810,-0.68873720,0.20977105,0.57284047,0.62886741,-0.22730738,-0.56216757,-0.55086708,0.23829033,0.53528713,0.45698500,-0.24240326,-0.49297410,-0.34992783,-0.00609509,-0.02296755,-0.99971764,0.01461152,-0.01972770,0.19629195,0.07516854,0.06699787,0.01568053
10500980000000,synthetic_50hz_06,49,0.02,88.84346703,88.19231015,15.51678320,15.53507801,15.54204724,0.81085050,127.74963064,1,1,0,0,1,0.32457199,0.07325128,0.19644771,-0.02916096,-0.01963476,0.04635465,0.02338262,0.00246001,-0.06678853,-0.01693015,0.01478567,0.08529686,0.00998957,-0.03160507,-0.10134604,-0.00276100,0.04751328,0.11447338,-0.00454718,-0.06205166,-0.12430039,-0.02676777,0.10808178,-0.18770001,0.02209065,0.11511855,-0.31342977,-0.01676524,0.14160511,-0.14749893,0.01095504,0.08223401,-0.34896903,-0.00483751,0.17289238,-0.11763743,-0.00140119,0.05345873,-0.37229788,0.17899944,0.56431885,0.70497918,-0.20430362,-0.57495935,-0.65049118,0.22371762,0.56902350,0.57724922,-0.23668174,-0.54668244,-0.48736489,0.24282222,0.50858027,0.38342961,-0.24196202,-0.45581550,-0.26843987,-0.00604351,-0.02332700,-0.99970963,0.01430119,-0.01932103,0.19644771,0.07508047,0.06640020,0.01410207
10501000000000,synthetic_50hz_06,50,0.02,89.09216396,88.37228091,15.52739410,15.54204724,15.54468032,0.82161108,128.04043693,1,1,0,0,1,0.32606484,0.07451832,0.19658693,-0.02517295,-0.00743340,0.06123319,0.01888170,-0.00988130,-0.08039374,-0.01204608,0.02691111,0.09723651,0.00486317,-0.04316507,-0.11127589,0.00245995,0.05817456,0.12210714,-0.00971214,-0.07150684,-0.12941799,-0.02273248,0.12029608,-0.17285476,0.01754080,0.10275768,-0.32700720,-0.01183159,0.15375635,-0.13558099,0.00577938,0.07064249,-0.35888369,0.00043137,0.18359026,-0.11001204,-0.00661181,0.04396258,-0.37741409,0.19834201,0.57570230,0.67057450,-0.21958876,-0.57452172,-0.60227042,0.23450466,0.55677741,0.51660261,-0.24265968,-0.52298095,-0.41604090,0.24381872,0.47410671,0.30348454,-0.23794834,-0.41156375,-0.18217858,-0.00599508,-0.02367947,-0.99970164,0.01398622,-0.01891058,0.19658693,0.07499283,0.06579053,0.01267381
10501020000000,synthetic_50hz_06,51,0.02,89.23559285,88.54494330,15.53465431,15.54468032,15.54797075,0.83239212,128.32670639,1,1,0,0,1,0.32755593,0.07577198,0.19671095,-0.02078465,0.00496379,0.07531114,0.01406991,-0.02216341,-0.09290610,-0.00694951,0.03872405,0.10782253,-0.00037123,-0.05416825,-0.11963038,0.00768128,0.06805076,0.12798924,-0.01476987,-0.07997133,-0.13265811,-0.01829700,0.13270591,-0.15881035,0.01268013,0.09045628,-0.33949152,-0.00668544,0.16559482,-0.12501695,0.00049568,0.05960802,-0.36722269,0.00570073,0.19350287,-0.10413863,-0.01171532,0.03545730,-0.38065250,0.21493708,0.57866531,0.62588722,-0.23177106,-0.56556347,-0.54464200,0.24192298,0.53615617,0.44769450,-0.24510014,-0.49129124,-0.33783976,0.24121096,0.43226216,0.21824494,-0.23036754,-0.36077075,-0.09235802,-0.00594983,-0.02402486,-0.99969367,0.01366673,-0.01849642,0.19671095,0.07490520,0.06516900,0.01137926
10501040000000,synthetic_50hz_06,52,0.02,89.47739917,88.73143447,15.54024722,15.54797075,15.54819089,0.84319064,128.60838767,1,1,0,0,1,0.32904524,0.07701203,0.19682097,-0.01605672,0.01737405,0.08836841,0.00901530,-0.03420215,-0.10412531,-0.00171396,0.05004420,0.11688022,-0.00563679,-0.06444345,-0.12626543,0.01282503,0.07698476,0.13201034,-0.01964352,-0.08730656,-0.13394933,-0.01352197,0.14512851,-0.14578683,0.00757671,0.07839854,-0.35068244,-0.00140032,0.17694025,-0.11598151,-0.00481920,0.04930178,-0.37384196,0.01089257,0.20247306,-0.10012651,-0.01663487,0.02808145,-0.38194172,0.22849405,0.57303559,0.57143138,-0.24062071,-0.54808957,-0.47832733,0.24581017,0.50734186,0.37143287,-0.24391280,-0.45196725,-0.25382983,0.23498332,0.38356222,0.12890876,-0.21927915,-0.30409891,-0.00027119,-0.00590778,-0.02436306,-0.99968573,0.01334280,-0.01807863,0.19682097,0.07481722,0.06453572,0.01020358
10501060000000,synthetic_50hz_06,53,0.02,89.38478161,88.86210390,15.54358356,15.54819089,15.55882075,0.85400392,128.88543157,1,1,0,0,1,0.33053272,0.07823825,0.19691802,-0.01105598,0.02961122,0.10019655,0.00379080,-0.04581384,-0.11386720,0.00358367,0.06069563,0.12425500,-0.01085482,-0.07382753,-0.13106047,0.01781302,0.08483096,0.13408741,-0.02425767,-0.09338866,-0.13324854,-0.00847423,0.15737773,-0.13399267,0.00230345,0.06676814,-0.36039579,0.00394686,0.18761669,-0.10862927,-0.01008658,0.03988689,-0.37862093,0.01592873,0.21035524,-0.09805873,-0.02129503,0.02195891,-0.38123861,0.23876272,0.55876831,0.50788040,-0.24595401,-0.52223487,-0.40419491,0.24605434,0.47064516,0.28885628,-0.23906080,-0.40548653,-0.16518979,0.22517503,0.32863753,0.03676081,-0.20479736,-0.24231376,0.09272801,-0.00586896,-0.02469399,-0.99967784,0.01301456,-0.01765731,0.19691802,0.07472863,0.06389082,0.00913343
10501080000000,synthetic_50hz_06,54,0.02,89.47911598,88.98550631,15.54998318,15.55882075,15.57084742,0.86483011,129.15779101,1,1,0,0,1,0.33201835,0.07945043,0.19700303,-0.00585459,0.04148856,0.11060221,-0.00152681,-0.05681809,-0.12196690,0.00886420,0.07050952,0.12981522,-0.01594602,-0.08216814,-0.13392090,0.02256812,0.09145780,0.13416559,-0.02853956,-0.09811070,-0.13054221,-0.00322595,0.16926682,-0.12362121,-0.00306287,0.05574546,-0.36846670,0.00927693,0.19745533,-0.10309185,-0.01522717,0.03151573,-0.38146500,0.02073207,0.21701786,-0.09799014,-0.02562306,0.01719662,-0.37852966,0.24553816,0.53595003,0.43606068,-0.24763740,-0.48826537,-0.32325062,0.24259713,0.42650379,0.20112109,-0.23056268,-0.35244591,-0.07319315,0.21188099,0.26822684,-0.05684499,-0.18709068,-0.17627467,0.18524426,-0.00583339,-0.02501753,-0.99967000,0.01268209,-0.01723252,0.19700303,0.07463920,0.06323441,0.00815676
10501100000000,synthetic_50hz_06,55,0.02,89.59404522,89.10721410,15.55874616,15.57084742,15.58339714,0.87566798,129.42542107,1,1,0,0,1,0.33350209,0.08064834,0.19707676,-0.00052903,0.05282164,0.11941051,-0.00685801,-0.06704073,-0.12828185,0.01404733,0.07932700,0.13345476,-0.02083166,-0.08932623,-0.13478011,0.02701540,0.09675015,0.13221968,-0.03242028,-0.10138472,-0.12584730,0.00214641,0.18061134,-0.11484734,-0.00844272,0.04550468,-0.37475261,0.01450959,0.20629728,-0.09947538,-0.02016222,0.02432731,-0.38230756,0.02522766,0.22234576,-0.09994594,-0.02955002,0.01388251,-0.37383181,0.24866514,0.50480075,0.35694254,-0.24559083,-0.44657735,-0.23662546,0.23543601,0.37547892,0.10948635,-0.21849347,-0.29355526,0.02080931,0.19525166,0.20316826,-0.15050502,-0.16638065,-0.10692383,0.27586160,-0.00580110,-0.02533360,-0.99966223,0.01234552,-0.01680435,0.19707676,0.07454876,0.06256662,0.00726273
10501120000000,synthetic_50hz_06,56,0.02,89.77816017,89.24140331,15.56909957,15.58339714,15.59393900,0.88651675,129.68827899,1,1,0,0,1,0.33498391,0.08183177,0.19713989,0.00484102,0.06343123,0.12646815,-0.01212171,-0.07631663,-0.13269453,0.01905291,0.08700178,0.13509525,-0.02543482,-0.09517863,-0.13360112,0.03108343,0.10061143,0.12825521,-0.03583588,-0.10314357,-0.11921164,0.00756315,0.19123208,-0.10782434,-0.01375500,0.03621092,-0.37913600,0.01956468,0.21399627,-0.09785824,-0.02481482,0.01844484,-0.38111164,0.02934406,0.22624238,-0.10392060,-0.03301198,0.01208377,-0.36719291,0.24804176,0.46567373,0.27162865,-0.23979037,-0.39769444,-0.14556091,0.22462571,0.31824943,0.01529659,-0.20298499,-0.22962914,0.11540875,0.17549211,0.13438854,-0.24278679,-0.14293972,-0.03527345,0.36316518,-0.00577212,-0.02564210,-0.99965453,0.01200495,-0.01637289,0.19713989,0.07445717,0.06188759,0.00644154
10501140000000,synthetic_50hz_06,57,0.02,90.20400278,89.43392321,15.57953213,15.59393900,15.59390568,0.89737576,129.94632422,1,1,0,0,1,0.33646377,0.08300050,0.19719300,0.01017384,0.07314627,0.13164631,-0.01723648,-0.08449251,-0.13511482,0.02380218,0.09340279,0.13468791,-0.02968165,-0.09962022,-0.13037788,0.03470539,0.10296556,0.12230900,-0.03872855,-0.10334236,-0.11071389,0.01294256,0.20095797,-0.10268105,-0.01891830,0.02801747,-0.38152675,0.02436344,0.22042122,-0.09828920,-0.02911111,0.01397341,-0.37787117,0.03301448,0.22863164,-0.10987730,-0.03595111,0.01184526,-0.35869162,0.24362243,0.41905333,0.18133985,-0.23027000,-0.34226253,-0.05139212,0.21027878,0.25560414,-0.08003726,-0.18422512,-0.16157657,0.20915914,0.15286017,0.06289067,-0.33225086,-0.11708819,0.03760840,0.44576363,-0.00574646,-0.02594294,-0.99964692,0.01166049,-0.01593822,0.19719300,0.07436431,0.06119742,0.00568433
10501160000000,synthetic_50hz_06,58,0.02,90.36284154,89.61970687,15.58556902,15.59390568,15.59578848,0.90824393,130.19951841,1,1,0,0,1,0.33794163,0.08415433,0.19723656,0.01538691,0.08180671,0.13484320,-0.02212186,-0.09142961,-0.13548207,0.02821902,0.09841655,0.13221493,-0.03350261,-0.10256609,-0.12513598,0.03782031,0.10375860,0.11444929,-0.04104763,-0.10195970,-0.10046297,0.01820211,0.20962896,-0.09951924,-0.02385213,0.02106309,-0.38186422,0.02882974,0.22545864,-0.10078607,-0.03298156,0.01099797,-0.37261174,0.03617791,0.22945958,-0.11774780,-0.03831675,0.01318839,-0.34843685,0.23541996,0.36555051,0.08739878,-0.21712248,-0.28104257,0.04447099,0.19256525,0.18843204,-0.17505863,-0.16245628,-0.09038892,0.30059925,0.12766361,-0.01026015,-0.41747346,-0.08919035,0.11061341,0.52231171,-0.00572416,-0.02623603,-0.99963940,0.01131225,-0.01550042,0.19723656,0.07427011,0.06049626,0.00498306
10501180000000,synthetic_50hz_06,59,0.02,90.28568545,89.75290259,15.58986119,15.59578848,15.60841465,0.91912015,130.44782542,1,1,0,0,1,0.33941747,0.08529305,0.19727096,0.02039821,0.08926633,0.13598629,-0.02669961,-0.09700620,-0.13376667,0.03223124,0.10194933,0.12769049,-0.03683363,-0.10395321,-0.11793294,0.04037409,0.10296008,0.10477532,-0.04275055,-0.09899855,-0.08859699,0.02325979,0.21709883,-0.09841145,-0.02847828,0.01546951,-0.38011879,0.03289141,0.22901483,-0.10533467,-0.03636208,0.00958150,-0.36539090,0.03878027,0.22869575,-0.12743286,-0.04006634,0.01611019,-0.33656670,0.22350684,0.30589622,-0.00878879,-0.20049933,-0.21490122,0.14056437,0.17171134,0.11771051,-0.26828741,-0.13797282,-0.01712616,0.38827560,0.10025649,-0.08395195,-0.49706963,-0.05964971,0.18260968,0.59153291,-0.00570523,-0.02652129,-0.99963198,0.01096034,-0.01505959,0.19727096,0.07417448,0.05978422,0.00433041
10501200000000,synthetic_50hz_06,60,0.02,90.40614514,89.88355110,15.59765364,15.60841465,15.62238045,0.93000395,130.69121136,1,1,0,0,1,0.34089125,0.08641646,0.19729649,0.02512753,0.09539531,0.13503405,-0.03089504,-0.10111988,-0.12997117,0.03577182,0.10392911,0.12116117,-0.03961729,-0.10374202,-0.10885803,0.04232057,0.10056400,0.09341646,-0.04380373,-0.09448667,-0.07528165,0.02803537,0.22323775,-0.09939921,-0.03272203,0.01133912,-0.37629302,0.03648140,0.23101774,-0.11188842,-0.03919526,0.00976361,-0.35629790,0.04077538,0.22633413,-0.13880312,-0.04116630,0.02058292,-0.32324690,0.20801547,0.24093261,-0.10575439,-0.18060985,-0.14479958,0.23539198,0.14799717,0.04449191,-0.35824311,-0.11111767,0.05709848,0.47076593,0.07103459,-0.15704270,-0.56971634,-0.02890354,0.25245931,0.65224157,-0.00568969,-0.02679864,-0.99962467,0.01060489,-0.01461581,0.19729649,0.07407738,0.05906144,0.00371969
10501220000000,synthetic_50hz_06,61,0.02,90.47049771,90.00094042,15.60803890,15.62238045,15.63981498,0.94089528,130.92964457,1,1,0,0,1,0.34236294,0.08752435,0.19731340,0.02949779,0.10008268,0.13197732,-0.03463824,-0.10368963,-0.12413099,0.03878006,0.10430716,0.11270590,-0.04180383,-0.10191746,-0.09803146,0.04362237,0.09658944,0.08053072,-0.04418326,-0.08847670,-0.06070824,0.03245178,0.22793476,-0.10249167,-0.03651349,0.00875296,-0.37042232,0.03953903,0.23141864,-0.12036837,-0.04143134,0.01155933,-0.34545296,0.04212587,0.22239382,-0.15170055,-0.04159271,0.02655393,-0.30866872,0.18913752,0.17160219,-0.20198900,-0.15771913,-0.07178000,0.32744908,0.12175362,-0.03011163,-0.44346865,-0.08227789,0.13113514,0.54670282,0.04043006,-0.22837795,-0.63417529,0.00258339,0.31903653,0.70336419,-0.00567756,-0.02706799,-0.99961748,0.01024600,-0.01416916,0.19731340,0.07397876,0.05832805,0.00314476
10501240000000,synthetic_50hz_06,62,0.02,90.79612962,90.15997826,15.62138485,15.63981498,15.65037024,0.95179447,131.16309566,1,1,0,0,1,0.34383250,0.08861652,0.19732181,0.03343634,0.10323850,0.12684009,-0.03786536,-0.10465757,-0.11631446,0.04120270,0.10305932,0.10243543,-0.04335216,-0.09848981,-0.08560314,0.04425174,0.09108080,0.06630288,-0.04387554,-0.08104589,-0.04509107,0.03643636,0.23109993,-0.10766484,-0.03978879,0.00776889,-0.36257503,0.04201104,0.23019338,-0.13066380,-0.04302922,0.01495839,-0.33300598,0.04280400,0.21691920,-0.16594038,-0.04133196,0.03394597,-0.29304647,0.16712226,0.09893494,-0.29596648,-0.13214508,0.00304884,0.41524637,0.09335810,-0.10494473,-0.52255452,-0.05187957,0.20381501,0.61479717,0.00890532,-0.29680921,-0.68931494,0.03432567,0.38124626,0.74395943,-0.00566888,-0.02732927,-0.99961042,0.00988379,-0.01371973,0.19732181,0.07387858,0.05758418,0.00259995
10501260000000,synthetic_50hz_06,63,0.02,90.80852755,90.28968812,15.63355871,15.65037024,15.66760736,0.96270163,131.39153751,1,1,0,0,1,0.34529989,0.08969279,0.19732181,0.03687624,0.10479576,0.11967985,-0.04051971,-0.10399037,-0.10662248,0.04299497,0.10018690,0.09049113,-0.04423067,-0.09349499,-0.07175088,0.04419118,0.08410758,0.05094202,-0.04287764,-0.07229531,-0.02866448,0.03992218,0.23266622,-0.11486123,-0.04249124,0.00842026,-0.35285205,0.04385264,0.22734327,-0.14263333,-0.04395730,0.01992487,-0.31913477,0.04279225,0.20997978,-0.18131352,-0.04038114,0.04265796,-0.27661450,0.14227382,0.02403371,-0.38616798,-0.10425458,0.07852839,0.49733457,0.06322963,-0.17882648,-0.59416277,-0.02038174,0.27396892,0.67386098,-0.02305377,-0.36121270,-0.73413146,0.06582462,0.43804256,0.77323660,-0.00566364,-0.02758239,-0.99960350,0.00951837,-0.01326762,0.19732181,0.07377682,0.05682997,0.00207996
10501280000000,synthetic_50hz_06,64,0.02,91.08361558,90.44847361,15.64785914,15.66760736,15.68049657,0.97361714,131.61494526,1,1,0,0,1,0.34676509,0.09075294,0.19731340,0.03975745,0.10471191,0.11058735,-0.04255285,-0.10168031,-0.09518752,0.04412143,0.09571722,0.07704339,-0.04441797,-0.08699456,-0.05667806,0.04343393,0.07576380,0.03467868,-0.04119766,-0.06234874,-0.01167950,0.04284920,0.23259111,-0.12399010,-0.04457242,0.01071478,-0.34138585,0.04502839,0.22289562,-0.15610656,-0.04419418,0.02639723,-0.30404273,0.04208385,0.20166957,-0.19758944,-0.03874833,0.05256614,-0.25962383,0.11494760,-0.05194211,-0.47110683,-0.07445858,0.15346791,0.57232894,0.03182289,-0.25056915,-0.65705055,0.01173028,0.34044637,0.72282908,-0.05494525,-0.42050836,-0.76776811,0.09657612,0.48844690,0.79057203,-0.00566188,-0.02782730,-0.99959672,0.00914987,-0.01281291,0.19731340,0.07367345,0.05606555,0.00157983
10501300000000,synthetic_50hz_06,65,0.02,90.90997408,90.54077371,15.66156686,15.68049657,15.70725255,0.98454121,131.83329635,1,1,0,0,1,0.34822806,0.09179681,0.19729649,0.04202794,0.10297009,0.09968575,-0.04392556,-0.09774590,-0.08217211,0.04455678,0.08970364,0.06228941,-0.04390341,-0.07907519,-0.04061088,0.04198429,0.06616697,0.01776152,-0.03885474,-0.05135112,0.00559992,0.04516538,0.23085773,-0.13492826,-0.04599308,0.01463395,-0.32833897,0.04551301,0.21690380,-0.17088629,-0.04372920,0.03428876,-0.28795603,0.04068313,0.19210608,-0.21451949,-0.03645267,0.06352557,-0.24233842,0.08554555,-0.12779424,-0.54935372,-0.04320643,0.22666326,0.63893358,-0.00037835,-0.31899748,-0.71009268,0.04395223,0.40213484,0.76077949,-0.08625894,-0.47367848,-0.78953266,0.12607877,0.53156574,0.79552324,-0.00566361,-0.02806390,-0.99959010,0.00877841,-0.01235568,0.19729649,0.07356846,0.05529106,0.00109485
10501320000000,synthetic_50hz_06,66,0.02,91.04203389,90.64102574,15.68075485,15.70725255,15.73378109,0.99547472,132.04657051,1,1,0,0,1,0.34968877,0.09282418,0.19727096,0.04364474,0.09957990,0.08712936,-0.04460865,-0.09223214,-0.06776683,0.04428647,0.08222528,0.04645056,-0.04268750,-0.06984783,-0.02379510,0.03985782,0.05545663,0.00045361,-0.03587903,-0.03946660,0.02290095,0.04682774,0.22747567,-0.14752144,-0.04672405,0.02013275,-0.31390198,0.04529193,0.20944692,-0.18675116,-0.04256288,0.04348855,-0.27112045,0.03860563,0.18142886,-0.23184058,-0.03352432,0.07537210,-0.22503108,0.05451072,-0.20230433,-0.61956150,-0.01097937,0.29691643,0.69596470,-0.03286853,-0.38296828,-0.75230291,0.07576881,0.45797899,0.78695188,-0.11648463,-0.51978594,-0.79891266,0.15384216,0.56660723,0.78784041,-0.00566885,-0.02829215,-0.99958364,0.00840411,-0.01189603,0.19727096,0.07346184,0.05450664,0.00062052
10501340000000,synthetic_50hz_06,67,0.02,91.40828948,90.79447849,15.70302587,15.73378109,15.75152382,1.00641878,132.25474975,1,1,0,0,1,0.35114718,0.09383490,0.19723656,0.04457477,0.09457780,0.07310162,-0.04458365,-0.08521032,-0.05218770,0.04330716,0.07338618,0.02976918,-0.04078210,-0.05944629,-0.00649240,0.03708128,0.04379253,-0.01697156,-0.03231139,-0.02687622,0.03994622,0.04780321,0.22248140,-0.16158616,-0.04674684,0.02713991,-0.29829089,0.04436180,0.20062902,-0.20345881,-0.04070708,0.05386277,-0.25379768,0.03587810,0.16979765,-0.24927922,-0.03000413,0.08792468,-0.20797922,0.02232080,-0.27425369,-0.68048939,0.02171673,0.36305544,0.74237286,-0.06512815,-0.44139014,-0.78285337,0.10666190,0.50699935,0.80076385,-0.14512053,-0.55799154,-0.79558794,0.17939527,0.59289657,0.76747485,-0.00567762,-0.02851197,-0.99957734,0.00802708,-0.01143405,0.19723656,0.07335358,0.05371243,0.00015245
10501360000000,synthetic_50hz_06,68,0.02,91.44588869,90.92476053,15.72339501,15.75152382,15.77501923,1.01737406,132.45781841,1,1,0,0,1,0.35260326,0.09482876,0.19719300,0.04479563,0.08802700,0.05781276,-0.04384331,-0.07677732,-0.03567313,0.04162697,0.06331412,0.01250503,-0.03821050,-0.04802555,0.01102359,0.03369240,0.03135237,-0.03423440,-0.02820293,-0.01377529,0.05645822,0.04806940,0.21593812,-0.17691221,-0.04605421,0.03555853,-0.28174414,0.04273075,0.19057789,-0.22074950,-0.03818507,0.06525646,-0.23626133,0.03253828,0.15739014,-0.26655584,-0.02594321,0.10098801,-0.19146030,-0.01051899,-0.34244345,-0.73102591,0.05435915,0.42395444,0.77726334,-0.09663211,-0.49324262,-0.80109190,0.13611912,0.54831039,0.80182461,-0.17168176,-0.58757012,-0.77944034,0.20229473,0.60988992,0.73458445,-0.00568993,-0.02872329,-0.99957122,0.00764745,-0.01096983,0.19719300,0.07324366,0.05290857,-0.00031363
10501380000000,synthetic_50hz_06,69,0.02,91.48722301,91.03725303,15.74507718,15.77501923,15.80326027,1.02834127,132.65576310,1,1,0,0,1,0.35405697,0.09580560,0.19713989,0.04429618,0.08001699,0.04149678,-0.04239198,-0.06705458,-0.01848046,0.03926560,0.05215896,-0.00506865,-0.03500718,-0.03575957,0.02847163,0.02973948,0.01832922,-0.05105376,-0.02361438,-0.00037042,0.07216398,0.04761514,0.20793534,-0.19326558,-0.04465051,0.04526720,-0.26451905,0.04041849,0.17944337,-0.23834997,-0.03503136,0.07749563,-0.21879266,0.02863446,0.14439941,-0.28338926,-0.02140228,0.11435548,-0.17574733,-0.04348369,-0.40571503,-0.77021035,0.08641672,0.47855344,0.79991457,-0.12685832,-0.53759493,-0.80655688,0.16364252,0.58113731,0.78994578,-0.19570884,-0.60792522,-0.75056018,0.22213278,0.61718637,0.68953558,-0.00570580,-0.02892606,-0.99956528,0.00726534,-0.01050346,0.19713989,0.07313209,0.05209522,-0.00078200
10501400000000,synthetic_50hz_06,70,0.02,91.54514246,91.13883091,15.76951408,15.80326027,15.83494165,1.03932134,132.84857276,1,1,0,0,1,0.35550829,0.09676523,0.19707676,0.04307690,0.07066253,0.02440802,-0.04024572,-0.05618649,-0.00088200,0.03625425,0.04009057,-0.02266946,-0.03121754,-0.02283881,0.04556735,0.02528082,0.00492861,-0.06715150,-0.01861524,0.01312369,0.08679965,0.04644092,0.19858779,-0.21039193,-0.04255179,0.05612151,-0.24688794,0.03745619,0.16739534,-0.25597784,-0.03129132,0.09038984,-0.20167602,0.02422495,0.13103099,-0.29950136,-0.01645085,0.12781240,-0.16110414,-0.07603701,-0.46297042,-0.79725218,0.11735849,0.52587759,0.80979405,-0.15529648,-0.57362346,-0.79898918,0.18875719,0.60483149,0.76514907,-0.21677595,-0.61860195,-0.70924936,0.23854495,0.61453783,0.63290167,-0.00572523,-0.02912023,-0.99955953,0.00688088,-0.01003503,0.19707676,0.07301885,0.05127251,-0.00125696
10501420000000,synthetic_50hz_06,71,0.02,91.70851872,91.25276847,15.79699366,15.83494165,15.86562518,1.05031542,133.03623863,1,1,0,0,1,0.35695718,0.09770749,0.19700303,0.04115014,0.06010224,0.00681738,-0.03743228,-0.04433846,0.01683923,0.03263523,0.02729638,-0.04001036,-0.02689730,-0.00946734,0.06202797,0.02038390,-0.00863465,-0.08225728,-0.01328282,0.02648770,0.10011508,0.04455910,0.18803411,-0.22802036,-0.03978580,0.06795606,-0.22913383,0.03388620,0.15462124,-0.27334605,-0.02702067,0.10373504,-0.18519421,0.01937721,0.11749969,-0.31462180,-0.01116622,0.14113942,-0.14778089,-0.10764001,-0.51319196,-0.81154811,0.14666266,0.56505537,0.80657143,-0.18145696,-0.60062797,-0.77834092,0.21101977,0.61888419,0.72767048,-0.23449878,-0.61929769,-0.65602096,0.25121708,0.60185654,0.56545806,-0.00574825,-0.02930573,-0.99955398,0.00649419,-0.00956464,0.19700303,0.07290396,0.05044059,-0.00174289
10501440000000,synthetic_50hz_06,72,0.02,91.95397089,91.39300896,15.82581890,15.86562518,15.89262529,1.06132461,133.21875424,1,1,0,0,1,0.35840360,0.09863220,0.19691802,0.03854015,0.04849670,-0.01099201,-0.03399086,-0.03169454,0.03439399,0.02846159,0.01397860,-0.05680438,-0.02211176,0.00414034,0.07757706,0.01512444,-0.02213991,-0.09611317,-0.00770107,0.03950118,0.11187828,0.04199392,0.17643488,-0.24586775,-0.03639173,0.08058680,-0.21154596,0.02976152,0.14132326,-0.29016763,-0.02228472,0.11731669,-0.16962364,0.01416697,0.10402615,-0.32849263,-0.00563235,0.15411612,-0.13600957,-0.13776021,-0.55546123,-0.81269624,0.17382558,0.59533558,0.79012847,-0.20487948,-0.61804612,-0.74478093,0.23002661,0.62293811,0.67796100,-0.24854197,-0.60987050,-0.59159514,0.25989174,0.57922004,0.48817332,-0.00577487,-0.02948251,-0.99954863,0.00610540,-0.00909237,0.19691802,0.07278740,0.04959962,-0.00224433
10501460000000,synthetic_50hz_06,73,0.02,92.29144547,91.57269626,15.85387758,15.89262529,15.91338384,1.07234974,133.39611545,1,1,0,0,1,0.35984753,0.09953921,0.19682097,0.03528287,0.03602620,-0.02872925,-0.02997164,-0.01845466,0.05149162,0.02379631,0.00035107,-0.07276945,-0.01693492,0.01776265,0.09194931,0.00958529,-0.03536426,-0.10847823,-0.00195931,0.05194631,0.12187967,0.03878131,0.16397039,-0.26364317,-0.03241978,0.09381378,-0.19441499,0.02514515,0.12771524,-0.30616053,-0.01715747,0.13091325,-0.15522964,0.00867709,0.09083328,-0.34087294,0.00006146,0.16652467,-0.12599975,-0.16588070,-0.58897678,-0.80050732,0.19837068,0.61610261,0.76056563,-0.22514155,-0.62546592,-0.69869648,0.24542149,0.61679676,0.61668358,-0.25862581,-0.59034505,-0.51689141,0.26437382,0.54687342,0.40219702,-0.00580510,-0.02965053,-0.99954348,0.00571462,-0.00861831,0.19682097,0.07266917,0.04874973,-0.00276603
10501480000000,synthetic_50hz_06,74,0.02,92.19492581,91.69714217,15.87887021,15.91338384,15.94580105,1.08339109,133.56832040,1,1,0,0,1,0.36128892,0.10042834,0.19671095,0.03142554,0.02288806,-0.04610045,-0.02543517,-0.00483160,0.06784488,0.01871149,-0.01336416,-0.08763330,-0.01144835,0.03117462,0.10489522,0.00385515,-0.04808630,-0.11913296,0.00384920,0.06361163,0.12993603,0.03496852,0.15083794,-0.28105276,-0.02793048,0.10742426,-0.17802817,0.02010920,0.11401925,-0.32105246,-0.01172047,0.14429972,-0.14226171,0.00299624,0.07814249,-0.35154319,0.00582194,0.17815363,-0.11793466,-0.19150928,-0.61307023,-0.77501237,0.21985716,0.62688985,0.71820498,-0.24186646,-0.62263595,-0.64069139,0.25690263,0.60043116,0.54470638,-0.26453219,-0.56091566,-0.43301722,0.26453515,0.50522870,0.30884398,-0.00583896,-0.02980973,-0.99953855,0.00532200,-0.00814257,0.19671095,0.07254929,0.04789110,-0.00331300
10501500000000,synthetic_50hz_06,75,0.02,92.23942330,91.80559840,15.90698116,15.94580105,15.98229221,1.09444927,133.73536953,1,1,0,0,1,0.36272775,0.10129944,0.19658693,0.02702613,0.00929354,-0.06281369,-0.02045152,0.00895247,0.08317493,0.01328729,-0.02694037,-0.10113819,-0.00573997,0.04415157,0.11618560,-0.00197282,-0.06008986,-0.12788332,0.00962874,0.07429573,0.13589410,0.03061351,0.13724881,-0.29780457,-0.02299391,0.12119603,-0.16266432,0.01473380,0.10046199,-0.33458568,-0.00606166,0.15725144,-0.13094903,-0.00278240,0.06616993,-0.36030938,0.01155338,0.18880157,-0.11196756,-0.21418739,-0.62722046,-0.73646688,0.23788823,0.62739072,0.66358936,-0.25473064,-0.60947301,-0.57158026,0.26422905,0.57398392,0.46309222,-0.26610961,-0.52194659,-0.34125303,0.26031810,0.45486131,0.20957534,-0.00587644,-0.02996007,-0.99953384,0.00492765,-0.00766523,0.19658693,0.07242774,0.04702387,-0.00389061
10501520000000,synthetic_50hz_06,76,0.02,92.31301199,91.90708111,15.93861180,15.98229221,16.02097266,1.10552524,133.89726557,1,1,0,0,1,0.36416399,0.10215235,0.19644771,0.02215252,-0.00453544,-0.07858398,-0.01509925,0.02266952,0.09721619,0.00761068,-0.04015003,-0.11304561,0.00009732,0.05647300,0.12561587,-0.00780252,-0.07116782,-0.13456457,0.01528276,0.08381084,0.13963370,0.02578416,0.12342492,-0.31361364,-0.01768863,0.13490108,-0.14858905,0.00910595,0.08727100,-0.34652168,-0.00027392,0.16954790,-0.12149618,-0.00856273,0.05512274,-0.36700674,0.01715922,0.19828073,-0.10821862,-0.23349864,-0.63106562,-0.68535102,0.25211885,0.61746729,0.59747772,-0.26347035,-0.58606708,-0.49237886,0.26722589,0.53777029,0.37308449,-0.26327717,-0.47396933,-0.24303392,0.25173805,0.39650362,0.10597656,-0.00591757,-0.03010151,-0.99952935,0.00453171,-0.00718639,0.19644771,0.07230452,0.04614819,-0.00450464
10501540000000,synthetic_50hz_06,77,0.02,92.43547214,92.01275932,15.97320336,16.02097266,16.05949381,1.11662017,134.05401354,1,1,0,0,1,0.36559759,0.10298691,0.19629195,0.01688154,-0.01836991,-0.09313830,-0.00946425,0.03608949,0.10972114,0.00177410,-0.05276860,-0.12314067,0.00596719,0.06792637,0.13300999,-0.01353645,-0.08112579,-0.13904457,0.02071545,0.09198631,0.14107044,0.02055731,0.10959523,-0.32820691,-0.01210050,0.14830936,-0.13604986,0.00331807,0.07467081,-0.35664556,0.00554641,0.18097657,-0.11407921,-0.01424728,0.04519529,-0.37150316,0.02254365,0.20642047,-0.10677225,-0.24907687,-0.62441261,-0.62236606,0.26226274,0.59715610,0.52083644,-0.26788745,-0.55268329,-0.40429087,0.26578884,0.49227637,0.27608940,-0.25602741,-0.41767689,-0.13992815,0.23888460,0.33103559,-0.00026730,-0.00596235,-0.03023401,-0.99952508,0.00413429,-0.00670615,0.19629195,0.07217965,0.04526422,-0.00516136
10501560000000,synthetic_50hz_06,78,0.02,92.28123465,92.06645439,16.00944535,16.05949381,16.10823575,1.12773519,134.20562073,1,1,0,0,1,0.36702853,0.10380299,0.19611809,0.01129781,-0.03197767,-0.10622044,-0.00363835,0.04898419,0.12046485,-0.00412601,-0.06457848,-0.13123621,0.01177141,0.07831095,0.13822396,-0.01907743,-0.08978567,-0.14122666,0.02583345,0.09867183,0.14015772,0.01501756,0.09599194,-0.34132820,-0.00632138,0.16119266,-0.12527168,-0.00253340,0.06287903,-0.36477019,0.01130110,0.19133672,-0.10884212,-0.01973884,0.03656569,-0.37370194,0.02761333,0.21307046,-0.10767503,-0.26061345,-0.60724386,-0.54842671,0.26809847,0.56667108,0.43482691,-0.26785409,-0.50976092,-0.30869084,0.25988734,0.43815411,0.17365508,-0.24442793,-0.35391511,-0.03361276,0.22192154,0.25947257,-0.10739863,-0.00601079,-0.03035754,-0.99952105,0.00373554,-0.00622458,0.19611809,0.07205312,0.04437213,-0.00586764
10501580000000,synthetic_50hz_06,79,0.02,92.48820617,92.15080474,16.05093732,16.10823575,16.15112102,1.13887193,134.35209670,1,1,0,0,1,0.36845677,0.10460042,0.19592440,0.00549240,-0.04512723,-0.11759575,0.00228212,0.06113127,0.12924930,-0.00999085,-0.07537286,-0.13717653,0.01741153,0.08744142,0.14114890,-0.02433023,-0.09698901,-0.14105188,0.03054748,0.10374035,0.13688827,0.00925599,0.08284654,-0.35274285,-0.00044758,0.17332863,-0.11645255,-0.00834966,0.05210246,-0.37073984,0.01689172,0.20044303,-0.10589379,-0.02494220,0.02939239,-0.37354415,0.03227897,0.21810368,-0.11093424,-0.26786382,-0.57972112,-0.46464960,0.26947465,0.52640343,0.34078930,-0.26331640,-0.45790928,-0.20710390,0.24956662,0.37621340,0.06744759,-0.22862171,-0.28367111,0.07415327,0.20108553,0.18295044,-0.21361625,-0.00606290,-0.03047206,-0.99951725,0.00333558,-0.00574180,0.19592440,0.07192493,0.04347207,-0.00663102
10501600000000,synthetic_50hz_06,80,0.02,92.46682873,92.21400954,16.09301447,16.15112102,16.19751595,1.15003178,134.49345328,1,1,0,0,1,0.36988229,0.10537908,0.19570890,-0.00043861,-0.05759180,-0.12705555,0.00819792,0.07231812,0.13590721,-0.01572087,-0.08495947,-0.14084060,0.02279059,0.09515140,0.14171349,-0.02920324,-0.10260007,-0.13850071,0.03477395,0.10709073,0.13129489,0.00336868,0.07038583,-0.36224218,0.00542164,0.18450469,-0.10975975,-0.01403118,0.04253338,-0.37443349,0.02222130,0.20812911,-0.10530554,-0.02976574,0.02381112,-0.37101025,0.03645699,0.22141897,-0.11651708,-0.27065298,-0.54218627,-0.37233787,0.26631390,0.47691829,0.24022288,-0.25429688,-0.39790054,-0.10118215,0.23494835,0.30741112,-0.04077571,-0.20882615,-0.20805890,0.18155798,0.17668340,0.10270825,-0.31710585,-0.00611869,-0.03057754,-0.99951369,0.00293453,-0.00525789,0.19570890,0.07179508,0.04256421,-0.00745986
10501620000000,synthetic_50hz_06,81,0.02,92.59481292,92.29017022,16.13690509,16.19751595,16.24034647,1.16121610,134.62970452,1,1,0,0,1,0.37130504,0.10613881,0.19546935,-0.00639572,-0.06915332,-0.13442117,0.01400857,0.08234578,0.14030548,-0.02121755,-0.09316417,-0.14214473,0.02781481,0.10129659,0.13988587,-0.03361017,-0.10650858,-0.13359404,0.03843652,0.10864988,0.12345063,-0.00254488,0.05882786,-0.36964750,0.01118583,0.19452185,-0.10532635,-0.01947940,0.03434592,-0.37576744,0.02719606,0.21425067,-0.10710923,-0.03412318,0.01993215,-0.36612114,0.04007104,0.22294325,-0.12435050,-0.26887993,-0.49515884,-0.27296210,0.25861571,0.41894834,0.13476290,-0.24089547,-0.33065937,0.00732157,0.21623011,0.23283734,-0.14919496,-0.18533073,-0.12830249,0.28676699,0.14908818,0.02006863,-0.41607140,-0.00617815,-0.03067395,-0.99951037,0.00253254,-0.00477295,0.19546935,0.07166359,0.04164870,-0.00836340
10501640000000,synthetic_50hz_06,82,0.02,92.54600549,92.34133727,16.18035047,16.24034647,16.28608900,1.17242597,134.76086673,1,1,0,0,1,0.37272500,0.10687949,0.19520322,-0.01227766,-0.07960638,-0.13954758,0.01961409,0.09103258,0.14234811,-0.02638503,-0.09983427,-0.14104469,0.03239529,0.10575769,0.13567488,-0.03747156,-0.10863207,-0.12639349,0.04146752,0.10837453,0.11346813,-0.00838342,0.04837805,-0.37481381,0.01674500,0.20319845,-0.10324839,-0.02459851,0.02769276,-0.37469747,0.03172709,0.21868842,-0.11129602,-0.03793507,0.01783796,-0.35893845,0.04305345,0.22263325,-0.13432186,-0.26252086,-0.43933036,-0.16813780,0.24645785,0.35338420,0.02615469,-0.22328936,-0.25724981,0.11658248,0.19368333,0.15369878,-0.25595853,-0.15849331,-0.04571655,0.38795516,0.11873386,-0.06358371,-0.50876687,-0.00624131,-0.03076127,-0.99950729,0.00212972,-0.00428708,0.19520322,0.07153044,0.04072571,-0.00935195
10501660000000,synthetic_50hz_06,83,0.02,93.09942484,92.49295479,16.22476065,16.28608900,16.31001724,1.18366239,134.88695842,1,1,0,0,1,0.37414213,0.10760097,0.19490768,-0.01798319,-0.08876203,-0.14232648,0.02491675,0.09821764,0.14197846,-0.03113195,-0.10484159,-0.13753712,0.03644960,0.10844290,0.12913053,-0.04071639,-0.10891776,-0.11700105,0.04380930,0.10625246,0.10149837,-0.01404570,0.03922534,-0.37763279,0.02200141,0.21037361,-0.10358250,-0.02929711,0.02270210,-0.37122022,0.03573199,0.22135055,-0.11781589,-0.04113037,0.01758132,-0.34956414,0.04534659,0.22047675,-0.14628018,-0.25163103,-0.37555555,-0.05959986,0.22999662,0.28126181,-0.08377494,-0.20173130,-0.17885917,0.22473448,0.16764997,0.07129993,-0.35921482,-0.12873521,0.03831492,0.48333882,0.08610896,-0.14682513,-0.59352795,-0.00630816,-0.03083948,-0.99950446,0.00172622,-0.00380036,0.19490768,0.07139565,0.03979541,-0.01043698
10501680000000,synthetic_50hz_06,84,0.02,93.14382351,92.62312853,16.26056842,16.31001724,16.33422815,1.19492508,135.00800032,1,1,0,0,1,0.37555640,0.10830314,0.19457950,-0.02341279,-0.09645135,-0.14268880,0.02982280,0.10376398,0.13918087,-0.03537300,-0.10808504,-0.13166028,0.03990338,0.10928996,0.12034387,-0.04328333,-0.10734401,-0.10555788,0.04541540,0.10230327,0.08772862,-0.01943219,0.03153865,-0.37803536,0.02686132,0.21591036,-0.10634432,-0.03348992,0.01947501,-0.36537393,0.03913639,0.22217480,-0.12657782,-0.04364777,0.01918387,-0.33813940,0.04690398,0.21649335,-0.16003819,-0.23634535,-0.30484031,0.05082579,0.20946547,0.20374696,-0.19314830,-0.17654661,-0.09677950,0.32990225,0.13853782,-0.01297816,-0.45714496,-0.09653493,0.12236166,0.57120797,0.05174889,-0.22821741,-0.66880279,-0.00637870,-0.03090855,-0.99950188,0.00132216,-0.00331290,0.19457950,0.07125921,0.03885797,-0.01163136
10501700000000,synthetic_50hz_06,85,0.02,93.70988331,92.84047949,16.29150551,16.33422815,16.33684873,1.20621321,135.12401533,1,1,0,0,1,0.37696777,0.10898585,0.19421507,-0.02847049,-0.10252873,-0.14060653,0.03424419,0.10756134,0.13398164,-0.03903062,-0.10949290,-0.12349400,0.04269177,0.10826774,0.10944597,-0.04512210,-0.10392116,-0.09224256,0.04625155,0.09657849,0.07237975,-0.02444694,0.02546360,-0.37599353,0.03123670,0.21969842,-0.11150757,-0.03709937,0.01808323,-0.35723845,0.04187542,0.22113003,-0.13745071,-0.04543699,0.02263526,-0.32484278,0.04769136,0.21073458,-0.17537502,-0.21687739,-0.22832678,0.16125276,0.18517239,0.12211709,-0.30006905,-0.14812878,-0.01238671,0.43023421,0.10681455,-0.09770079,-0.54799552,-0.06242081,0.20497153,0.64995787,0.01622745,-0.30633284,-0.73318162,-0.00645294,-0.03096847,-0.99949955,0.00091766,-0.00282480,0.19421507,0.07112114,0.03791355,-0.01294947
10501720000000,synthetic_50hz_06,86,0.02,93.78724651,93.02983289,16.31054966,16.33684873,16.33837582,1.21752461,135.23502856,1,1,0,0,1,0.37837622,0.10964900,0.19381028,-0.03306559,-0.10687484,-0.13609389,0.03810023,0.10952855,0.12644924,-0.04203641,-0.10902451,-0.11315900,0.04476067,0.10537724,0.09660633,-0.04619445,-0.09869190,-0.07726845,0.04629643,0.08916122,0.05570289,-0.02899926,0.02111951,-0.37152150,0.03504683,0.22165664,-0.11900378,-0.04005706,0.01856740,-0.34693449,0.04389499,0.21821727,-0.15026509,-0.04645977,0.02789282,-0.30988766,0.04768743,0.20328355,-0.19203954,-0.19351713,-0.14727560,0.26976646,0.15749578,0.03774068,-0.40265551,-0.11693375,0.07288233,0.52393582,0.07300047,-0.18140410,-0.63011082,-0.02696255,0.28469591,0.71811943,-0.01985271,-0.37977980,-0.78542431,-0.00653089,-0.03101922,-0.99949747,0.00051287,-0.00233613,0.19381028,0.07098142,0.03696232,-0.01440743
10501740000000,synthetic_50hz_06,87,0.02,93.84972940,93.19381219,16.32223665,16.33837582,16.33682794,1.22885657,135.34106723,1,1,0,0,1,0.37978172,0.11029246,0.19336054,-0.03711439,-0.10939910,-0.12920773,0.04131909,0.10961543,0.11669371,-0.04433255,-0.10667149,-0.10081535,0.04606788,0.10065216,0.08203043,-0.04647505,-0.09173098,-0.06088054,0.04554232,0.08016515,0.03797544,-0.03300542,0.01859695,-0.36467613,0.03821991,0.22173483,-0.12872292,-0.04230518,0.02093592,-0.33462211,0.04515291,0.21347020,-0.16481545,-0.04669078,0.03488178,-0.29351903,0.04688445,0.19425395,-0.20975436,-0.16662714,-0.06304566,0.37445771,0.12687902,-0.04794539,-0.49907437,-0.08347293,0.15755415,0.60930248,0.03766027,-0.26262055,-0.70196412,0.00923816,0.36011548,0.77438781,-0.05587024,-0.44722811,-0.82448553,-0.00661254,-0.03106080,-0.99949564,0.00010792,-0.00184701,0.19336054,0.07084007,0.03600445,-0.01602333
10501760000000,synthetic_50hz_06,88,0.02,93.60367998,93.27578575,16.32836499,16.33682794,16.34148801,1.24020614,135.44216074,1,1,0,0,1,0.38118422,0.11091612,0.19286066,-0.04054172,-0.11004181,-0.12004720,0.04383928,0.10780411,0.10486540,-0.04587293,-0.10245838,-0.08666028,0.04658405,0.09415872,0.06595670,-0.04595213,-0.08314442,-0.04335156,0.04399538,0.06973303,0.01949658,-0.03639027,0.01795565,-0.35555656,0.04069443,0.21991513,-0.14051462,-0.04379763,0.02516423,-0.32049856,0.04561983,0.20695505,-0.18086339,-0.04611828,0.04349612,-0.27600961,0.04528859,0.18378852,-0.22822029,-0.13663744,0.02292839,0.47345685,0.09382375,-0.13346024,-0.58757424,-0.04830507,0.24014437,0.68475158,0.00139374,-0.33990503,-0.76218722,0.04555777,0.42986607,0.81764865,-0.09119583,-0.50743387,-0.84953688,-0.00669790,-0.03109320,-0.99949407,-0.00029707,-0.00135753,0.19286066,0.07069709,0.03504012,-0.01781746
10501780000000,synthetic_50hz_06,89,0.02,93.69244762,93.35911812,16.33387666,16.34148801,16.33520724,1.25157086,135.53834056,1,1,0,0,1,0.38258370,0.11151986,0.19230480,-0.04328244,-0.10877559,-0.10875261,0.04561081,0.10410993,0.09115290,-0.04662420,-0.09644274,-0.07092522,0.04629340,0.08599506,0.04865273,-0.04462793,-0.07306810,-0.02497756,0.04167582,0.05803455,0.00058228,-0.03908867,0.01922297,-0.34430310,0.04242042,0.21621286,-0.15419031,-0.04450104,0.03119478,-0.30479526,0.04527995,0.19876996,-0.19814130,-0.04474449,0.05359998,-0.25765545,0.04292006,0.17205696,-0.24712137,-0.10403899,0.10916045,0.56496790,0.05888186,-0.21730476,-0.66651845,-0.01202714,0.31918406,0.74885297,-0.03517433,-0.41186114,-0.80959770,0.08136170,0.49266407,0.84700136,-0.12520338,-0.55926326,-0.85998557,-0.00678696,-0.03111640,-0.99949275,-0.00070197,-0.00086778,0.19230480,0.07055248,0.03406950,-0.01981260
10501800000000,synthetic_50hz_06,90,0.02,94.30027171,93.54734884,16.33443550,16.33520724,16.29739339,1.26294807,135.62964029,1,1,0,0,1,0.38398013,0.11210357,0.19168638,-0.04528277,-0.10560643,-0.09550356,0.04659634,0.09858158,0.07578027,-0.04656652,-0.08871458,-0.05387220,0.04519417,0.07628990,0.03041097,-0.04251884,-0.06166575,-0.00607298,0.03861768,0.04526374,-0.01844010,-0.04104685,0.02239292,-0.33109536,0.04336052,0.21067674,-0.16952592,-0.04439557,0.03893755,-0.28777423,0.04413154,0.18904364,-0.21635674,-0.04258580,0.06502960,-0.23877099,0.03981289,0.15925330,-0.26613022,-0.06937598,0.19413877,0.64730207,0.02264656,-0.29798811,-0.73441646,0.02473576,0.39324631,0.80035727,-0.07140494,-0.47716704,-0.84322342,0.11601548,0.54733082,0.86177903,-0.15728124,-0.60171480,-0.85548916,-0.00687972,-0.03113041,-0.99949168,-0.00110664,-0.00037786,0.19168638,0.07040624,0.03309276,-0.02203428
10501820000000,synthetic_50hz_06,91,0.02,94.46812136,93.73150334,16.31887781,16.29739339,16.24848689,1.27433355,135.71609559,1,1,0,0,1,0.38537347,0.11266716,0.19099801,-0.04650139,-0.10057406,-0.08051634,0.04677199,0.09130079,0.05900353,-0.04569413,-0.07939528,-0.03578962,0.04329889,0.06520076,0.01154388,-0.03965532,-0.04912648,0.01303468,0.03486847,0.03163586,-0.03723744,-0.04222347,0.02742577,-0.31614961,0.04349087,0.20338847,-0.18626544,-0.04347549,0.04827117,-0.26972386,0.04218712,0.17793363,-0.23519726,-0.03967268,0.07759589,-0.21968373,0.03601462,0.14559280,-0.28491374,-0.03323688,0.27635264,0.71891001,-0.01425765,-0.37405476,-0.78995312,0.06134114,0.46097270,0.83822152,-0.10665612,-0.53460059,-0.86232360,0.14889617,0.59281569,0.86156449,-0.18684346,-0.63393964,-0.83596607,-0.00697619,-0.03113523,-0.99949086,-0.00151094,0.00011213,0.19099801,0.07025839,0.03211007,-0.02451111
10501840000000,synthetic_50hz_06,92,0.02,94.29360624,93.84392392,16.28931362,16.24848689,16.20199568,1.28572211,135.79774417,1,1,0,0,1,0.38676369,0.11321052,0.19023139,-0.04691038,-0.09375170,-0.06404054,0.04612796,0.08238130,0.04110655,-0.04401566,-0.06863580,-0.01698744,0.04063437,0.05291151,-0.00762143,-0.03608157,-0.03566175,0.03201057,0.03048852,0.01738384,-0.05547683,-0.04259063,0.03424830,-0.29971545,0.04280167,0.19446181,-0.20412500,-0.04174941,0.05904467,-0.25095413,0.03947350,0.16562377,-0.25433573,-0.03604933,0.09108738,-0.20072853,0.03158555,0.13130840,-0.30313901,0.00375532,0.35431974,0.77841212,-0.05118572,-0.44411131,-0.83201549,0.09714041,0.52109894,0.86163146,-0.14029450,-0.58306304,-0.86640619,0.17940383,0.62821717,0.84620203,-0.21334087,-0.65525950,-0.80160147,-0.00707636,-0.03113086,-0.99949029,-0.00191476,0.00060210,0.19023139,0.07010891,0.03112162,-0.02727510
10501860000000,synthetic_50hz_06,93,0.02,93.84358455,93.84385605,16.25264009,16.20199568,16.16742153,1.29710856,135.87462574,1,1,0,0,1,0.38815076,0.11373355,0.18937719,-0.04649590,-0.08524528,-0.04635507,0.04466896,0.07196731,0.02239635,-0.04155419,-0.05661449,0.00220806,0.03724140,0.03962945,-0.02674882,-0.03185492,-0.02150187,0.05051839,0.02555005,0.00275438,-0.07283149,-0.04213448,0.04275458,-0.28207179,0.04129762,0.18404095,-0.22279757,-0.03924041,0.07107971,-0.23179133,0.03603148,0.15232139,-0.27343602,-0.03177309,0.10527376,-0.18224167,0.02659794,0.11664679,-0.32047927,0.04095389,0.42661340,0.82462641,-0.08748331,-0.50685277,-0.85971628,0.13149054,0.57247933,0.87002014,-0.17170684,-0.62160105,-0.85524090,0.20697274,0.65280172,0.81580468,-0.23627153,-0.66518181,-0.75284842,-0.00718023,-0.03111730,-0.99948997,-0.00231796,0.00109195,0.18937719,0.06995782,0.03012759,-0.03036205
10501880000000,synthetic_50hz_06,94,0.02,93.84630800,93.84434644,16.21684829,16.16742153,16.12617854,1.30848877,135.94678206,1,1,0,0,1,0.38953464,0.11423615,0.18842497,-0.04525866,-0.07519196,-0.02776355,0.04241426,0.06023131,0.00319791,-0.03834703,-0.04353417,0.02145992,0.03317424,0.02558192,-0.04549906,-0.02704502,-0.00689213,0.06822644,0.02013608,-0.01199636,-0.08898682,-0.04085575,0.05280746,-0.26352225,0.03899801,0.17229839,-0.24195819,-0.03598581,0.08417347,-0.21257238,0.03191532,0.13825383,-0.29215891,-0.02691359,0.11990974,-0.16455486,0.02113477,0.10186413,-0.33661990,0.07769968,0.49188943,0.85659315,-0.12249858,-0.56108770,-0.87241376,0.16376579,0.61410954,0.86308228,-0.20031156,-0.64942632,-0.82886774,0.23108225,0.66601983,0.77075655,-0.25519073,-0.66341168,-0.69042409,-0.00728779,-0.03109457,-0.99948990,-0.00272041,0.00158159,0.18842497,0.06980512,0.02912814,-0.03381186
10501900000000,synthetic_50hz_06,95,0.02,93.98624268,93.87272569,16.17876700,16.12617854,16.07691217,1.31985906,136.01425680,1,1,0,0,1,0.39091531,0.11471825,0.18736303,-0.04321413,-0.06375808,-0.00858916,0.03939761,0.04737135,-0.01615150,-0.03444524,-0.02961887,0.04042649,0.02849979,0.01101247,-0.06353598,-0.02173269,0.00791142,0.08481369,0.01433902,-0.02660723,-0.10364618,-0.03876989,0.06424059,-0.24438999,0.03593657,0.15943217,-0.26126957,-0.03203667,0.09810190,-0.19363896,0.02719191,0.12366463,-0.31016822,-0.02155167,0.13473927,-0.14798912,0.01528848,0.08722158,-0.35126427,0.11333287,0.54891190,0.87359603,-0.15559406,-0.60576172,-0.86972741,0.19336940,0.64514715,0.84078414,-0.22556982,-0.66593269,-0.78760068,0.25126695,0.66751908,0.71171032,-0.26971994,-0.64986058,-0.61530102,-0.00739904,-0.03106268,-0.99949008,-0.00312198,0.00207092,0.18736303,0.06965081,0.02812347,-0.03766891
10501920000000,synthetic_50hz_06,96,0.02,93.82550860,93.86328227,16.13598797,16.07691217,16.03648488,1.33121584,136.07709563,1,1,0,0,1,0.39229274,0.11517974,0.18617830,-0.04039238,-0.05113659,0.01083097,0.03566678,0.03360777,-0.03530822,-0.02991290,-0.01511003,0.05876752,0.02329661,-0.00382335,-0.08053253,-0.01600866,0.02264649,0.09997574,0.00825918,-0.04081673,-0.11653660,-0.03590699,0.07686103,-0.22501216,0.03216110,0.14566264,-0.28038808,-0.02745708,0.11262359,-0.17533131,0.02193982,0.10880933,-0.32713690,-0.01577806,0.14950006,-0.13284887,0.00915938,0.07298064,-0.36413940,0.14720503,0.59657744,0.87517912,-0.18615850,-0.63997900,-0.85154907,0.21974493,0.66492968,0.80336847,-0.24699602,-0.67071012,-0.73202638,0.26712609,0.65715367,0.63957963,-0.27955479,-0.62465118,-0.52869349,-0.00751398,-0.03102163,-0.99949050,-0.00352253,0.00255984,0.18617830,0.06949489,0.02711374,-0.04198241
10501940000000,synthetic_50hz_06,97,0.02,93.97106644,93.88483910,16.09419667,16.03648488,15.99619393,1.34255627,136.13534609,1,1,0,0,1,0.39366688,0.11562056,0.18485622,-0.03683785,-0.03754385,0.03015167,0.03128294,0.01917957,-0.05392842,-0.02482613,-0.00026234,0.07615038,0.01765357,-0.01866246,-0.09617689,-0.00997206,0.03704921,0.11343058,0.00200304,-0.05436781,-0.12741401,-0.03231147,0.09045240,-0.20573392,0.02773274,0.13122880,-0.29896986,-0.02232316,0.12748382,-0.15798205,0.01624793,0.09395103,-0.34275315,-0.00969188,0.16392823,-0.11941610,0.00285393,0.05939835,-0.37500122,0.17869118,0.63393753,0.86115934,-0.21361849,-0.66302111,-0.81804928,0.24238708,0.67298949,0.75135447,-0.26416753,-0.66355527,-0.66299776,0.27833192,0.63499044,0.55552652,-0.28447186,-0.58811854,-0.43203919,-0.00763260,-0.03097145,-0.99949115,-0.00392195,0.00304826,0.18485622,0.06933738,0.02609915,-0.04680674
10501960000000,synthetic_50hz_06,98,0.02,94.04920939,93.91771316,16.05303552,15.99619393,15.96360642,1.35387810,136.18905765,1,1,0,0,1,0.39503772,0.11604061,0.18338059,-0.03260862,-0.02321605,0.04902593,0.02631965,0.00434024,-0.07167428,-0.01927186,0.01466069,0.09225623,0.01166847,-0.03323895,-0.11017838,-0.00372866,0.05085892,0.12492404,-0.00431864,-0.06701260,-0.13606808,-0.02804143,0.10477854,-0.18690227,0.02272506,0.11638413,-0.31667712,-0.01672183,0.14241910,-0.14191003,0.01021402,0.07935563,-0.35672627,-0.00339892,0.17776313,-0.10794498,-0.00351708,0.04672259,-0.38363942,0.20720154,0.66021830,0.83163409,-0.23744953,-0.67436299,-0.76967845,0.26085173,0.66906548,0.68553261,-0.27673346,-0.64447851,-0.58162256,0.28463683,0.60131092,0.46094405,-0.28433400,-0.54080725,-0.32697631,-0.00775490,-0.03091216,-0.99949205,-0.00432009,0.00353609,0.18338059,0.06917826,0.02507987,-0.05220169
10501980000000,synthetic_50hz_06,99,0.02,94.25247729,93.98466599,16.01547530,15.96360642,15.93727239,1.36517995,136.23828158,1,1,0,0,1,0.39640521,0.11643983,0.18173346,-0.02777562,-0.00840510,0.06711122,0.02086173,-0.01064666,-0.08822034,-0.01334638,0.02939147,0.10678602,0.00544626,-0.04728891,-0.12227300,0.00261089,0.06382299,0.13423481,-0.01059276,-0.07851703,-0.14232656,-0.02316779,0.11958750,-0.16885976,0.01722290,0.10139219,-0.33318437,-0.01074939,0.15716183,-0.12741430,0.00394307,0.06528705,-0.36879227,0.00299018,0.19075212,-0.09865684,-0.00984056,0.03518744,-0.38988173,0.23219300,0.67483745,0.78698379,-0.25718646,-0.67368557,-0.70716297,0.27476511,0.65311103,0.60695431,-0.28442215,-0.61370698,-0.48924687,0.28587918,0.55660948,0.35743422,-0.27909417,-0.48346467,-0.21531658,-0.00788086,-0.03084378,-0.99949318,-0.00471683,0.00402322,0.18173346,0.06901755,0.02405608,-0.05823267
10502000000000,synthetic_50hz_06,100,0.02,94.62846330,94.11342545,15.98263008,15.93727239,15.91365646,1.37646128,136.28307104,1,1,0,0,1,0.39776934,0.11681815,0.17989500,-0.02242143,0.00662571,0.08407581,0.01500384,-0.02551219,-0.10325953,-0.00715369,0.04366315,0.11946623,-0.00090271,-0.06055527,-0.13222866,0.00893308,0.07570156,0.14117888,-0.01670590,-0.08866533,-0.14605884,-0.01777315,0.13461603,-0.15193810,0.01132092,0.08652193,-0.34818457,-0.00450983,0.17144515,-0.11476836,-0.00245458,0.05200235,-0.37871905,0.00936191,0.20265534,-0.09173566,-0.01600311,0.02500865,-0.39359757,0.25317977,0.67741792,0.72786919,-0.27243291,-0.66088483,-0.63149600,0.28383168,0.62529811,0.51691648,-0.28704745,-0.57168377,-0.38743403,0.28198750,0.50158751,0.24678166,-0.26879773,-0.41703026,-0.09901447,-0.00801047,-0.03076633,-0.99949454,-0.00511205,0.00450956,0.17989500,0.06885526,0.02302798,-0.06497072
10502020000000,synthetic_50hz_06,101,0.02,94.63096684,94.21693373,15.95366116,15.91365646,15.90991988,1.38772213,136.32348092,1,1,0,0,1,0.39913005,0.11717548,0.17784341,-0.01663895,0.02160647,0.09960499,0.00884889,-0.03998692,-0.11650911,-0.00080370,0.05721453,0.13005422,-0.00726466,-0.07279261,-0.13984980,0.01512357,0.08627205,0.14561345,-0.02254647,-0.09726423,-0.14717899,-0.01195039,0.14959419,-0.13645199,0.00512200,0.07204278,-0.36139497,0.00188692,0.18500788,-0.10421487,-0.00886516,0.03974696,-0.38631107,0.01560192,0.21325023,-0.08732425,-0.02189309,0.01637951,-0.39470097,0.26974325,0.66779787,0.65522337,-0.28286966,-0.63607686,-0.54392313,0.28784081,0.58601745,0.41694134,-0.28451337,-0.51906289,-0.27793893,0.27298328,0.43714351,0.13092342,-0.25358296,-0.34262107,0.01986668,-0.00814374,-0.03067985,-0.99949612,-0.00550561,0.00499502,0.17784341,0.06869137,0.02199574,-0.07249249
10502040000000,synthetic_50hz_06,102,0.02,94.70762941,94.31507287,15.93528982,15.90991988,15.92198044,1.39896388,136.35956790,1,1,0,0,1,0.40048733,0.11751178,0.17555483,-0.01052983,0.03626548,0.11340714,0.00250618,-0.05380584,-0.12771617,0.00558972,0.06979496,0.13834308,-0.01352446,-0.08377186,-0.14498150,0.02106929,0.09533357,0.14744004,-0.02800669,-0.10414677,-0.14564781,-0.00580117,0.16425030,-0.12269308,-0.00126452,0.05821974,-0.37256266,0.00832700,0.19759937,-0.09596072,-0.01517353,0.02874995,-0.39141340,0.02159715,0.22233587,-0.08552110,-0.02740276,0.00946697,-0.39315275,0.28154074,0.64603692,0.57023845,-0.28826169,-0.59959905,-0.44592305,0.28667192,0.53587447,0.30875148,-0.27681726,-0.45670037,-0.16267846,0.25898184,0.36435939,0.01191535,-0.23367984,-0.26151375,0.13919129,-0.00828064,-0.03058436,-0.99949792,-0.00589738,0.00547949,0.17555483,0.06852590,0.02095955,-0.08087978
10502060000000,synthetic_50hz_06,103,0.02,94.72076439,94.39621117,15.92969988,15.92198044,15.95108148,1.41018925,136.39139039,1,1,0,0,1,0.40184115,0.11782697,0.17300331,-0.00420265,0.05033427,0.12521930,-0.00391043,-0.06671337,-0.13666263,0.01191078,0.08116908,0.14416591,-0.01956773,-0.09328466,-0.14751282,0.02666054,0.10271080,0.14660687,-0.03298471,-0.10917574,-0.14147417,0.00056592,0.17831589,-0.11092431,-0.00772481,0.04530840,-0.38146956,0.01469461,0.20898424,-0.09017283,-0.02126530,0.01921967,-0.39391510,0.02723787,0.22973695,-0.08637797,-0.03243025,0.00440826,-0.38896180,0.28831292,0.61241822,0.47434734,-0.28846374,-0.55200701,-0.33918353,0.28029802,0.47568118,0.19424091,-0.26405117,-0.38564125,-0.04369823,0.24019160,0.28448309,-0.10810429,-0.20940720,-0.17512316,0.25679011,-0.00842117,-0.03047989,-0.99949994,-0.00628725,0.00596290,0.17300331,0.06835886,0.01991960,-0.09021898
10502080000000,synthetic_50hz_06,104,0.02,94.86420165,94.48980927,15.93868015,15.95108148,15.99026194,1.42140233,136.41900848,1,1,0,0,1,0.40319146,0.11812101,0.17016084,0.00222895,0.06355260,0.13481245,-0.01028469,-0.07846812,-0.14316972,0.01804392,0.09112137,0.14739934,-0.02528294,-0.10114755,-0.14737937,0.03179303,0.10825760,0.14311039,-0.03738652,-0.11224653,-0.13471546,0.00703726,0.19153070,-0.10137468,-0.01414259,0.03355014,-0.38793692,0.02087420,0.21894698,-0.08697455,-0.02702894,0.01133959,-0.39375179,0.03241982,0.23530733,-0.08989843,-0.03688155,0.00130796,-0.38218548,0.28988986,0.56744642,0.36920045,-0.28342433,-0.49406737,-0.22557304,0.26878755,0.40644412,0.07544226,-0.24640150,-0.30710291,0.07686356,0.21691157,0.19890777,-0.22695337,-0.18116799,-0.08497803,0.37050001,-0.00856532,-0.03036649,-0.99950217,-0.00667507,0.00644514,0.17016084,0.06819024,0.01887607,-0.10059991
10502100000000,synthetic_50hz_06,105,0.02,95.06439844,94.60472710,15.96034450,15.99026194,16.03630041,1.43260806,136.44248390,1,1,0,0,1,0.40453825,0.11839384,0.16699740,0.00864833,0.07567337,0.14199616,-0.01649998,-0.08884763,-0.14710180,0.02387592,0.09946036,0.14796642,-0.03056351,-0.10720560,-0.14456510,0.03636994,0.11186006,0.13699591,-0.04112781,-0.11328954,-0.12547705,0.01349619,0.20364766,-0.09423465,-0.02040126,0.02316744,-0.39182907,0.02675254,0.22729612,-0.08644284,-0.03235789,0.00526464,-0.39090741,0.03704617,0.23893310,-0.09603716,-0.04067235,0.00023570,-0.37292917,0.28619546,0.51184139,0.25663811,-0.27318804,-0.42674648,-0.10710848,0.25230449,0.32934827,-0.04550913,-0.22414687,-0.22245480,0.19681469,0.18952700,0.10914786,-0.34244600,-0.14944298,0.00730587,0.47820442,-0.00871308,-0.03024419,-0.99950460,-0.00706074,0.00692611,0.16699740,0.06802005,0.01782916,-0.11211434
10502120000000,synthetic_50hz_06,106,0.02,94.93174439,94.67013056,15.99224598,16.03630041,16.10110455,1.44381178,136.46188001,1,1,0,0,1,0.40588147,0.11864541,0.16348116,0.01493801,0.08646739,0.14662253,-0.02244153,-0.09765261,-0.14836930,0.02929806,0.10602247,0.14583851,-0.03530990,-0.11133565,-0.13910313,0.04030375,0.11343898,0.12835735,-0.04413562,-0.11227180,-0.11391096,0.01982523,0.21443754,-0.08965210,-0.02638604,0.01435957,-0.39305647,0.03222090,0.23386808,-0.08860633,-0.03715258,0.00111798,-0.38541509,0.04102938,0.24053506,-0.10470023,-0.04372969,0.00122443,-0.36134489,0.27725016,0.44652777,0.13865878,-0.25789599,-0.35119517,0.01408039,0.23110657,0.24573746,-0.16641361,-0.19765423,-0.13319502,0.31394905,0.15850343,0.01681251,-0.45243320,-0.11478291,0.10005472,0.57787348,-0.00886443,-0.03011303,-0.99950723,-0.00744411,0.00740572,0.16348116,0.06784829,0.01677904,-0.12485382
10502140000000,synthetic_50hz_06,107,0.02,95.55528305,94.84716106,16.03796658,16.10110455,16.15259660,1.45501962,136.47726175,1,1,0,0,1,0.40722111,0.11887568,0.15957880,0.02098179,0.09572779,0.14858949,-0.02799857,-0.10471104,-0.14693101,0.03420815,0.11067542,0.14103645,-0.03943148,-0.11344898,-0.13107573,0.04351799,0.11295175,0.11733604,-0.04634986,-0.10919807,-0.10021350,0.02590818,0.22369351,-0.08772911,-0.03198616,0.00729856,-0.39157790,0.03717711,0.23853058,-0.09344420,-0.04132240,-0.00101166,-0.37735709,0.04429301,0.24007060,-0.11574631,-0.04599347,0.00426940,-0.34762897,0.26317188,0.37262048,0.01738389,-0.23778455,-0.26872973,0.13578926,0.20554179,0.15709138,-0.28504754,-0.16737315,-0.04092401,0.42608776,0.12437907,-0.07642321,-0.55484368,-0.07779908,0.19156712,0.66760319,-0.00901935,-0.02997306,-0.99951005,-0.00782508,0.00788389,0.15957880,0.06767496,0.01572591,-0.13890674
10502160000000,synthetic_50hz_06,108,0.02,95.47937832,94.97360451,16.08611119,16.15259660,16.22028108,1.46623689,136.48869559,1,1,0,0,1,0.40855712,0.11908460,0.15525587,0.02666698,0.10327422,0.14784321,-0.03306643,-0.10988158,-0.14279537,0.03851257,0.11332100,0.13363067,-0.04284837,-0.11349333,-0.12061334,0.04594883,0.11039358,0.10411867,-0.04772456,-0.10411114,-0.08462221,0.03163236,0.23123520,-0.08851950,-0.03709694,0.00212574,-0.38740179,0.04152753,0.24118540,-0.10088598,-0.04478744,-0.00107204,-0.36686386,0.04677320,0.23753492,-0.12898873,-0.04741773,0.00932782,-0.33201892,0.24417516,0.29140641,-0.10498032,-0.21318219,-0.18080947,0.25577958,0.17604307,0.06499971,-0.39920459,-0.13382854,0.05268402,0.53112035,0.08775568,-0.16884885,-0.64772366,-0.03915278,0.28014569,0.74565280,-0.00917785,-0.02982433,-0.99951306,-0.00820351,0.00836051,0.15525587,0.06750008,0.01466995,-0.15435470
10502180000000,synthetic_50hz_06,109,0.02,95.66339144,95.11156190,16.14246254,16.22028108,16.29120821,1.47746901,136.49624952,1,1,0,0,1,0.40988948,0.11927214,0.15047745,0.03188653,0.10895646,0.14437962,-0.03754857,-0.11305663,-0.13602083,0.04212807,0.11389732,0.12374049,-0.04549300,-0.11145431,-0.10789266,0.04754634,0.10579801,0.08893423,-0.04822890,-0.09709151,-0.06741179,0.03689070,0.23691239,-0.09202733,-0.04162184,-0.00105127,-0.38058661,0.04518891,0.24177066,-0.11081238,-0.04748015,0.00095124,-0.35411211,0.04842003,0.23296157,-0.14419848,-0.04797164,0.01631921,-0.31478947,0.22056837,0.20432251,-0.22618306,-0.18450450,-0.08901122,0.37182014,0.14312128,-0.02886631,-0.50673748,-0.09761181,0.14591160,0.62704533,0.04928814,-0.25875020,-0.72927518,0.00045653,0.36412891,0.81047969,-0.00933989,-0.02966688,-0.99951624,-0.00857928,0.00883549,0.15047745,0.06732365,0.01361136,-0.17126787
10502200000000,synthetic_50hz_06,110,0.02,95.48995621,95.18724076,16.20493572,16.29120821,16.37841266,1.48872116,136.49999298,1,1,0,0,1,0.41121815,0.11943827,0.14520894,0.03654108,0.11265756,0.13824509,-0.04135847,-0.11416467,-0.12671537,0.04498347,0.11238037,0.11153240,-0.04731157,-0.10735608,-0.09313389,0.04827566,0.09923667,0.07205028,-0.04784794,-0.08825622,-0.04888944,0.04158386,0.24060815,-0.09820625,-0.04547435,-0.00216098,-0.37124034,0.04809008,0.24026235,-0.12305691,-0.04934673,0.00503402,-0.33932202,0.04919864,0.22642217,-0.16110801,-0.04764026,0.02512649,-0.29624779,0.19274915,0.11293071,-0.34397081,-0.15224758,0.00499882,0.48172919,0.10735663,-0.12278424,-0.60559910,-0.05937055,0.23702973,0.71200930,0.00967278,-0.34444154,-0.79789194,0.04030385,0.44192294,0.86077098,-0.00950547,-0.02950077,-0.99951960,-0.00895227,0.00930874,0.14520894,0.06714566,0.01255033,-0.18969946
10502220000000,synthetic_50hz_06,111,0.02,95.97132868,95.34405834,16.27779603,16.37841266,16.45381094,1.49999893,136.49999682,1,1,0,0,1,0.41254311,0.11958294,0.13941697,0.04054095,0.11429644,0.12953606,-0.04442137,-0.11317205,-0.11503499,0.04702110,0.10878485,0.09721742,-0.04826519,-0.10126133,-0.07659702,0.04811777,0.09081840,0.05376829,-0.04658309,-0.07775714,-0.02938940,0.04562213,0.24224137,-0.10695980,-0.04857970,-0.00116971,-0.35951897,0.05017335,0.23667517,-0.13740853,-0.05034827,0.01111362,-0.32275359,0.04908999,0.21802557,-0.17941584,-0.04642500,0.03559783,-0.27672815,0.16119809,0.01889012,-0.45612974,-0.11697966,0.09949532,0.58341617,0.06938864,-0.21501226,-0.69388243,-0.01979712,0.32433030,0.78434375,-0.03036516,-0.42429775,-0.85219206,0.07965200,0.51203249,0.89547129,-0.00967456,-0.02932605,-0.99952312,-0.00932237,0.00978016,0.13941697,0.06696612,0.01148704,-0.20967920
10502240000000,synthetic_50hz_06,112,0.02,96.61802435,95.59885154,16.35172230,16.45381094,16.51350302,1.51130702,136.49633329,1,1,0,0,1,0.41386432,0.11970615,0.13307071,0.04380786,0.11382977,0.11839779,-0.04667580,-0.11008395,-0.10118128,0.04819805,0.10316436,0.08104767,-0.04833073,-0.09327049,-0.05857742,0.04707001,0.08068759,0.03441835,-0.04445224,-0.06577843,-0.00926699,0.04892726,0.24176874,-0.11814273,-0.05087643,0.00191734,-0.34562409,0.05139583,0.23106271,-0.15361512,-0.05046166,0.01908960,-0.30470220,0.04809144,0.20791614,-0.19879188,-0.04434373,0.04754905,-0.25658585,0.12647067,-0.07607313,-0.56052804,-0.07933131,0.19272567,0.67492236,0.02990479,-0.30382185,-0.76985835,0.02038390,0.40615870,0.84259897,-0.07008491,-0.49678581,-0.89104706,0.11776534,0.57309034,0.91380586,-0.00984716,-0.02914279,-0.99952679,-0.00968944,0.01024967,0.13307071,0.06678505,0.01042169,-0.23120604
10502260000000,synthetic_50hz_06,113,0.02,96.76886396,95.83285403,16.41967020,16.51350302,16.57946654,1.52264853,136.48907597,1,1,0,0,1,0.41518176,0.11980786,0.12614317,0.04627661,0.11125317,0.10502212,-0.04807488,-0.10494476,-0.08539810,0.04848713,0.09561075,0.06331201,-0.04750147,-0.08352023,-0.03940061,0.04514633,0.06902179,0.01435327,-0.04148959,-0.05253342,0.01110788,0.05143402,0.23918587,-0.13156318,-0.05231764,0.00705580,-0.32979958,0.05173032,0.22351683,-0.17138783,-0.04968018,0.02882529,-0.28549337,0.04621694,0.19627146,-0.21888331,-0.04143069,0.06076683,-0.23619082,0.08918770,-0.17019765,-0.65515730,-0.03998430,0.28294282,0.75445963,-0.01037187,-0.38753061,-0.83201055,0.06042902,0.48094571,0.88557420,-0.10874397,-0.56049493,-0.91360635,0.15392377,0.62388481,0.91529879,-0.01002324,-0.02895103,-0.99953062,-0.01005337,0.01071716,0.12614317,0.06660243,0.00935447,-0.25424023
10502280000000,synthetic_50hz_06,114,0.02,96.85821015,96.03792525,16.48678466,16.57946654,16.65275423,1.53402591,136.47829973,1,1,0,0,1,0.41649540,0.11988806,0.11861287,0.04789636,0.10660171,0.08964435,-0.04858735,-0.09783761,-0.06796744,0.04787754,0.08625281,0.04433100,-0.04578740,-0.07218130,-0.01941647,0.04237719,0.05602877,-0.00605784,-0.03774523,-0.03826091,0.03135750,0.05309159,0.23452784,-0.14698587,-0.05287208,0.01416251,-0.31232742,0.05116601,0.21416632,-0.19040610,-0.04801379,0.04014995,-0.26547697,0.04349694,0.18329927,-0.23932105,-0.03773592,0.07501236,-0.21592075,0.05002436,-0.26171982,-0.73817207,0.00034074,0.36843842,0.82044641,-0.05069601,-0.46453477,-0.87906690,0.09958970,0.54723836,0.91234347,-0.14561216,-0.61416482,-0.91931676,0.18743656,0.66338462,0.89978572,-0.01020279,-0.02875084,-0.99953458,-0.01041405,0.01118256,0.11861287,0.06641828,0.00828557,-0.27869512
10502300000000,synthetic_50hz_06,115,0.02,96.72808477,96.17595716,16.55649188,16.65275423,16.74018942,1.54544147,136.46408068,1,1,0,0,1,0.41780519,0.11994673,0.11046555,0.04863180,0.09994966,0.07253923,-0.04819831,-0.08888321,-0.04920447,0.04637524,0.07525422,0.02445112,-0.04321515,-0.05945561,0.00100716,0.03880915,0.04194287,-0.02643641,-0.03328426,-0.02322089,0.05110348,0.05386465,0.22786891,-0.16413604,-0.05252484,0.02311679,-0.29352278,0.04970886,0.20317484,-0.21032343,-0.04548914,0.05286167,-0.24502084,0.03997799,0.16923392,-0.25972650,-0.03332456,0.09002565,-0.19615404,0.00969803,-0.34890717,-0.80792691,0.04089746,0.44757578,0.87154020,-0.09031386,-0.53334057,-0.91002659,0.13712648,0.60372890,0.92227649,-0.17998567,-0.65671144,-0.90793672,0.21765579,0.69076069,0.86742072,-0.01038578,-0.02854230,-0.99953867,-0.01077135,0.01164577,0.11046555,0.06623260,0.00721518,-0.30442935
10502320000000,synthetic_50hz_06,116,0.02,96.98709879,96.33818548,16.63364485,16.74018942,16.82408217,1.55689808,136.44649617,1,1,0,0,1,0.41911113,0.11998387,0.10169590,0.04846394,0.09140945,0.05401614,-0.04690969,-0.07823792,-0.02945190,0.04400301,0.06281075,0.00403854,-0.03982770,-0.04557272,0.02149125,0.03450414,0.02702080,-0.04640144,-0.02818582,-0.00768987,0.06997385,0.05373421,0.21932152,-0.18270430,-0.05127786,0.03376226,-0.27372837,0.04738165,0.19073820,-0.23077367,-0.04214920,0.06673087,-0.22450403,0.03572203,0.15433213,-0.27971867,-0.02827571,0.10553022,-0.17726266,-0.03104484,-0.43009177,-0.86301003,0.08092776,0.51882181,0.90666601,-0.12847750,-0.59259398,-0.92418239,0.17232317,0.64928139,0.91505416,-0.21120069,-0.68724972,-0.87954450,0.24398919,0.70540432,0.81867715,-0.01057219,-0.02832545,-0.99954289,-0.01112516,0.01210669,0.10169590,0.06604539,0.00614350,-0.33123997
10502340000000,synthetic_50hz_06,117,0.02,96.92108505,96.45476540,16.71362852,16.82408217,16.91739766,1.56839841,136.42562469,1,1,0,0,1,0.42041316,0.11999946,0.09230935,0.04739065,0.08112995,0.03441359,-0.04474035,-0.06609116,-0.00907374,0.04080017,0.04914694,-0.01652770,-0.03568371,-0.03078579,0.04165265,0.02953846,0.01153707,-0.06557673,-0.02254161,0.00804427,0.08761020,0.05269813,0.20903453,-0.20235216,-0.04914999,0.04590951,-0.25330821,0.04422371,0.17708090,-0.25137777,-0.03805262,0.08150442,-0.20430968,0.03080534,0.13886839,-0.29892135,-0.02268109,0.12123816,-0.15960502,-0.07144263,-0.50370272,-0.90227297,0.11967604,0.58077749,0.92503993,-0.16445913,-0.64110818,-0.92113755,0.20450079,0.68295542,0.89067835,-0.23864660,-0.70511274,-0.83454047,0.26591212,0.70694132,0.75434241,-0.01076202,-0.02810039,-0.99954722,-0.01147537,0.01256524,0.09230935,0.06585666,0.00507071,-0.35885745
10502360000000,synthetic_50hz_06,118,0.02,97.69686043,96.70318440,16.79921156,16.91739766,16.98614769,1.57994538,136.40154586,1,1,0,0,1,0.42171127,0.11999351,0.08232359,0.04542683,0.06929393,0.01409304,-0.04172592,-0.05266212,0.01155136,0.03682202,0.03451205,-0.03686272,-0.03085653,-0.01536697,0.06111132,0.02400144,-0.00422114,-0.08359805,-0.01645436,0.02368756,0.10367461,0.05077132,0.19719072,-0.22271814,-0.04617685,0.05933935,-0.23264095,0.04029032,0.16245221,-0.27175084,-0.03327278,0.09691014,-0.18481782,0.02531726,0.12312989,-0.31697032,-0.01664344,0.13685551,-0.14351906,-0.11073287,-0.56829727,-0.92485555,0.15640364,0.63220606,0.92618748,-0.19756522,-0.67788806,-0.90081698,0.23303091,0.70402623,0.84947551,-0.26177820,-0.70986699,-0.77364327,0.28297831,0.69524196,0.67550653,-0.01095522,-0.02786718,-0.99955165,-0.01182185,0.01302133,0.08232359,0.06566641,0.00399702,-0.38694360
10502380000000,synthetic_50hz_06,119,0.02,97.90532002,96.94361153,16.87772473,16.98614769,17.05666623,1.59154049,136.37434035,1,1,0,0,1,0.42300542,0.11996600,0.07176977,0.04260434,0.05611498,-0.00656773,-0.03791823,-0.03819588,0.03203723,0.03213891,0.01917557,-0.05658308,-0.02543301,0.00039758,0.07949762,0.01799387,-0.01995927,-0.10012020,-0.01003596,0.03894552,0.11785627,0.04798563,0.18400368,-0.24342446,-0.04241029,0.07380671,-0.21211275,0.03565184,0.14712164,-0.29150945,-0.02789650,0.11266190,-0.16639811,0.01935860,0.10741119,-0.33352037,-0.01027462,0.15208780,-0.12931556,-0.14816685,-0.62258986,-0.93020558,0.19040321,0.67205856,0.90995619,-0.22715015,-0.70215149,-0.86347235,0.25734825,0.71200108,0.79209419,-0.28012687,-0.70132334,-0.69787959,0.29482931,0.67042612,0.58354479,-0.01115178,-0.02762589,-0.99955617,-0.01216451,0.01347487,0.07176977,0.06547466,0.00292260,-0.41509306
10502400000000,synthetic_50hz_06,120,0.02,98.46178865,97.24724695,16.95288016,17.05666623,17.11521664,1.60318454,136.34408988,1,1,0,0,1,0.42429559,0.11991696,0.06069326,0.03897150,0.04183368,-0.02718166,-0.03338452,-0.02295895,0.05199743,0.02683505,0.00342230,-0.07531408,-0.01951191,0.01621302,0.09645940,0.01162624,-0.03538091,-0.11482374,-0.00340537,0.05352875,0.12987767,0.04438939,0.16971398,-0.26408406,-0.03791754,0.08904505,-0.19211007,0.03039248,0.13137396,-0.31027890,-0.02202254,0.12846485,-0.14940269,0.01303981,0.09200869,-0.34825208,-0.00369360,0.16664563,-0.11727204,-0.18302408,-0.66547844,-0.91809286,0.22101253,0.69949594,0.87652215,-0.25262908,-0.71334666,-0.80968090,0.27696222,0.70663125,0.71949618,-0.29331041,-0.67954334,-0.60856804,0.30120233,0.63286388,0.48009461,-0.01135169,-0.02737660,-0.99956078,-0.01250323,0.01392576,0.06069326,0.06528139,0.00184766,-0.44283957
10502420000000,synthetic_50hz_06,121,0.02,98.79107006,97.55601157,17.02106148,17.11521664,17.17264556,1.61487732,136.31087714,1,1,0,0,1,0.42558174,0.11984639,0.04915370,0.03459235,0.02671329,-0.04735976,-0.02820630,-0.00723444,0.07105264,0.02100705,-0.01245298,-0.09269703,-0.01320215,0.03178138,0.11166893,0.00501663,-0.05019350,-0.12742136,0.00331353,0.06715852,0.13950017,0.04004664,0.15458489,-0.28430795,-0.03278010,0.10477128,-0.17301222,0.02460883,0.11550397,-0.32770049,-0.01575982,0.14402101,-0.13415930,0.00647899,0.07721496,-0.36087810,0.00297573,0.18025025,-0.10762715,-0.21462638,-0.69606766,-0.88861718,0.24762774,0.71390755,0.82639022,-0.27348987,-0.71116515,-0.74033804,0.29146716,0.68791953,0.63294157,-0.30104132,-0.64484086,-0.50729710,0.30193632,0.58317113,0.36702702,-0.01155491,-0.02711939,-0.99956547,-0.01283790,0.01437393,0.04915370,0.06508662,0.00077239,-0.46966719
10502440000000,synthetic_50hz_06,122,0.02,98.87456805,97.81972287,17.08472679,17.17264556,17.23831558,1.62661807,136.27478575,1,1,0,0,1,0.42686384,0.11975430,0.03722441,0.02954557,0.01103487,-0.06671845,-0.02247788,0.00868325,0.08883795,0.01476214,-0.02815102,-0.10839620,-0.00662081,0.04680719,0.12482935,-0.00171141,-0.06411389,-0.13766361,0.00999429,0.07957215,0.14652896,0.03503603,0.13889747,-0.30371255,-0.02709229,0.12069100,-0.15518411,0.01840814,0.09981092,-0.34343849,-0.00922542,0.15903492,-0.12096479,-0.00020031,0.06331315,-0.37114902,0.00960695,0.19263899,-0.10057570,-0.24235142,-0.71368831,-0.84220999,0.26971556,0.71492525,0.76038792,-0.28930367,-0.69555057,-0.65664352,0.30055101,0.65612283,0.53396778,-0.30313334,-0.59777877,-0.39589750,0.29697619,0.52220047,0.24641331,-0.01176141,-0.02685436,-0.99957021,-0.01316840,0.01481927,0.03722441,0.06489034,-0.00030302,-0.49502672
10502460000000,synthetic_50hz_06,123,0.02,99.18190043,98.09215838,17.14923408,17.23831558,17.30185016,1.63840630,136.23590021,1,1,0,0,1,0.42814187,0.11964070,0.02499086,0.02392307,-0.00490787,-0.08488701,-0.01630471,0.02449393,0.10501000,0.00821628,-0.04337382,-0.12210550,0.00010903,0.06100322,0.13568064,-0.00843119,-0.07687387,-0.14534404,0.01651028,0.09052821,0.15081711,0.02944950,0.12294543,-0.32192713,-0.02095955,0.13650401,-0.13896911,0.01190636,0.08459280,-0.35718681,-0.00254244,0.17321935,-0.11007919,-0.00687141,0.05057146,-0.37885836,0.01607341,0.20357044,-0.09626461,-0.26564524,-0.71791255,-0.77962961,0.28682429,0.70243315,0.67965301,-0.29973405,-0.66670227,-0.56008171,0.30400234,0.61175006,0.42436298,-0.29950610,-0.53916081,-0.27640967,0.28637497,0.45102730,0.12048734,-0.01197119,-0.02658157,-0.99957502,-0.01349465,0.01526172,0.02499086,0.06469258,-0.00137838,-0.51835683
10502480000000,synthetic_50hz_06,124,0.02,99.62191526,98.39810976,17.21333283,17.30185016,17.35839106,1.65024152,136.19430589,1,1,0,0,1,0.42941580,0.11950562,0.01254854,0.01782839,-0.02081414,-0.10151477,-0.00980146,0.03989735,0.11925372,0.00149195,-0.05783031,-0.13355453,0.00686057,0.07409599,0.14400490,-0.01501530,-0.08822545,-0.15030355,0.02273713,0.09981133,0.15226887,0.02339057,0.10702955,-0.33860103,-0.01449655,0.15191008,-0.12468227,0.00522597,0.07014068,-0.36867506,0.00416236,0.18630082,-0.10172039,-0.01340690,0.03923788,-0.38384703,0.02225074,0.21282922,-0.09478964,-0.28403364,-0.70856474,-0.70195012,0.29859336,0.67657245,0.58561481,-0.30454449,-0.62507426,-0.45239594,0.30171546,0.55555489,0.30613430,-0.29018783,-0.47001861,-0.15104665,0.27029395,0.37093147,-0.00839573,-0.01218420,-0.02630112,-0.99957986,-0.01381651,0.01570117,0.01254854,0.06449332,-0.00245348,-0.53910865
10502500000000,synthetic_50hz_06,125,0.02,99.82946196,98.68438020,17.27425729,17.35839106,17.41790712,1.66212295,136.15008889,1,1,0,0,1,0.43068559,0.11934908,0.00000000,0.01137477,-0.03638175,-0.11627802,-0.00308987,0.05459895,0.13128866,-0.00528412,-0.07124204,-0.14251418,0.01350576,0.08583119,0.14963095,-0.02133803,-0.09794578,-0.15243379,0.02855511,0.10723655,0.15084189,0.01697250,0.09145203,-0.35341053,-0.00782502,0.16661463,-0.11260409,-0.00150631,0.05673302,-0.37767410,0.01076091,0.19802501,-0.09605959,-0.01968108,0.02953527,-0.38600668,0.02801922,0.22023036,-0.09619314,-0.29713215,-0.68572741,-0.61054390,0.30476124,0.63774141,0.47996966,-0.30360392,-0.57136902,-0.33555768,0.29369356,0.48852380,0.18147141,-0.27531588,-0.39159422,-0.02215324,0.24900071,0.28337478,-0.13780362,-0.01240043,-0.02601309,-0.99958474,-0.01413391,0.01613754,0.00000000,0.06429258,-0.00352815,-0.55677235
10502520000000,synthetic_50hz_06,126,0.02,99.83385060,98.91427428,17.33459022,17.41790712,17.48724002,1.67404989,136.10333611,1,1,0,0,1,0.43195122,0.11917112,-0.01254854,0.00468310,-0.05131294,-0.12888644,0.00370351,0.06831556,0.14087459,-0.01198334,-0.08334860,-0.14880126,0.01991769,0.09597867,0.15243792,-0.02727780,-0.10584163,-0.15167972,0.03385148,0.11265313,0.14654852,0.01031616,0.07651064,-0.36606531,-0.00107154,0.18033449,-0.10297474,-0.00816188,0.04463022,-0.38400077,0.01712630,0.20816180,-0.09321765,-0.02557236,0.02165685,-0.38528227,0.03326611,0.22562313,-0.10046275,-0.30465436,-0.64974231,-0.50705819,0.30517149,0.58659027,0.36465099,-0.29689038,-0.50652656,-0.21173072,0.28004978,0.41185945,0.05270616,-0.25513522,-0.30531825,0.10783794,0.22286499,0.18997457,-0.26527302,-0.01261984,-0.02571759,-0.99958964,-0.01444672,0.01657076,-0.01254854,0.06409035,-0.00460219,-0.57090330
10502540000000,synthetic_50hz_06,127,0.02,99.75838518,99.08309646,17.39870314,17.48724002,17.56715871,1.68602222,136.05413508,1,1,0,0,1,0.43321266,0.11897175,-0.02499086,-0.00212038,-0.06532010,-0.13908899,0.01044969,0.08078094,0.14781656,-0.01847773,-0.09391282,-0.15228251,0.02597305,0.10433715,0.15235808,-0.03271955,-0.11175340,-0.14804111,0.03852273,0.11594774,0.13945603,0.00354778,0.06249296,-0.37631432,0.00563494,0.19280344,-0.09598922,-0.01461277,0.03406945,-0.38752179,0.02313523,0.21650987,-0.09326229,-0.03096568,0.01576222,-0.38167356,0.03788791,0.22889420,-0.10753123,-0.30641845,-0.60120642,-0.39338605,0.29977682,0.52401124,0.24179422,-0.28449249,-0.43170858,-0.08323135,0.26100610,0.32695955,-0.07773111,-0.22999479,-0.21278413,0.23645255,0.19235261,0.09247405,-0.38835696,-0.01284241,-0.02541470,-0.99959455,-0.01475485,0.01700072,-0.02499086,0.06388665,-0.00567539,-0.58114583
10502560000000,synthetic_50hz_06,128,0.02,100.08289033,99.28305523,17.46945448,17.56715871,17.64002721,1.69804068,136.00257403,1,1,0,0,1,0.43446987,0.11875103,-0.03722441,-0.00890646,-0.07813145,-0.14667904,0.01701977,0.09175108,0.15196894,-0.02464239,-0.10272548,-0.15287752,0.03155455,0.11073825,0.14937856,-0.03755699,-0.11555839,-0.14157295,0.04247664,0.11704693,0.12968572,-0.00320340,0.04967080,-0.38395094,0.01216550,0.20377744,-0.09179314,-0.02073407,0.02525994,-0.38815675,0.02867042,0.22290087,-0.09620642,-0.03575476,0.01197408,-0.37523555,0.04179238,0.22997013,-0.11727725,-0.30235174,-0.54096289,-0.27163211,0.28864113,0.45112359,0.11369755,-0.26660885,-0.34827820,0.04751496,0.23689012,0.23539178,-0.20735760,-0.20034174,-0.11571891,0.36122202,0.15801741,-0.00729020,-0.50467224,-0.01306811,-0.02510452,-0.99959947,-0.01505820,0.01742735,-0.03722441,0.06368148,-0.00674758,-0.58725211
10502580000000,synthetic_50hz_06,129,0.02,100.01331790,99.42910777,17.54109503,17.64002721,17.72189398,1.71010599,135.94874174,1,1,0,0,1,0.43572284,0.11850898,-0.04915370,-0.01554541,-0.08949635,-0.15149873,0.02328736,0.10100904,0.15323868,-0.03035792,-0.10960960,-0.15056070,0.03655325,0.11505005,0.14354198,-0.04169473,-0.11717356,-0.13238487,0.04563413,0.11591891,0.11741105,-0.00980768,0.03829479,-0.38881731,0.01839376,0.21303959,-0.09047955,-0.02640641,0.01837866,-0.38588006,0.03362291,0.22720288,-0.10200738,-0.03984421,0.01037547,-0.36607787,0.04490047,0.22881911,-0.12952736,-0.29249316,-0.47008716,-0.14407392,0.27193930,0.36925424,-0.01722104,-0.24354530,-0.25777555,0.17801952,0.20812978,0.13886507,-0.33368561,-0.16671377,-0.01595105,0.47973139,0.12049133,-0.10742285,-0.61194629,-0.01329691,-0.02478715,-0.99960437,-0.01535668,0.01785057,-0.04915370,0.06347484,-0.00781856,-0.58909466
10502600000000,synthetic_50hz_06,130,0.02,100.31336751,99.60595972,17.61703059,17.72189398,17.79656211,1.72221929,135.89272754,1,1,0,0,1,0.43697153,0.11824565,-0.06069326,-0.02190951,-0.09919036,-0.15344240,0.02913109,0.10836940,0.15158749,-0.03551281,-0.11442411,-0.14536224,0.04087067,0.11717992,0.13494613,-0.04505022,-0.11655737,-0.12063946,0.04793094,0.11257443,0.10285470,-0.01613732,0.02858938,-0.39080777,0.02419835,0.22040443,-0.09208676,-0.03151824,0.01356668,-0.38072192,0.03789423,0.22932324,-0.11056739,-0.04315148,0.01100793,-0.35436310,0.04714791,0.22545191,-0.14405889,-0.27699357,-0.38986828,-0.01311939,0.24995492,0.27991395,-0.14846954,-0.21570995,-0.16188956,0.30577802,0.17524597,0.03919782,-0.45427078,-0.12972956,0.08462401,0.58966670,0.08047299,-0.20600609,-0.70806226,-0.01352878,-0.02446269,-0.99960925,-0.01565017,0.01827029,-0.06069326,0.06326674,-0.00888813,-0.58667126
10502620000000,synthetic_50hz_06,131,0.02,100.60955154,99.80667808,17.69243383,17.79656211,17.86525335,1.73438145,135.83462126,1,1,0,0,1,0.43821590,0.11796109,-0.07176977,-0.02787550,-0.10701973,-0.15245904,0.03443697,0.11368205,0.14703301,-0.04000559,-0.11706687,-0.13736795,0.04442084,0.11707659,0.12374250,-0.04755541,-0.11371094,-0.10654950,0.04931894,0.10706696,0.08628463,-0.02206909,0.02074830,-0.38987129,0.02946527,0.22572187,-0.09659711,-0.03596813,0.01092615,-0.37276812,0.04139842,0.22921072,-0.12173497,-0.04560853,0.01387035,-0.34030401,0.04848656,0.21992199,-0.16060387,-0.25611386,-0.30178595,0.11873871,0.22307576,0.18476977,-0.27752954,-0.18360628,-0.06242658,0.42831906,0.13884335,-0.06171639,-0.56675994,-0.09007750,0.18408005,0.68886086,0.03871467,-0.30113659,-0.79110161,-0.01376370,-0.02413124,-0.99961410,-0.01593860,0.01868642,-0.07176977,0.06305718,-0.00995611,-0.58010214
10502640000000,synthetic_50hz_06,132,0.02,100.66458786,99.97826004,17.76501803,17.86525335,17.93795083,1.74659281,135.77451316,1,1,0,0,1,0.43945595,0.11765535,-0.08232359,-0.03332705,-0.11282544,-0.14855369,0.03910065,0.11683538,0.13964891,-0.04374695,-0.11747690,-0.12671798,0.04713201,0.11473150,0.11013372,-0.04915824,-0.10867835,-0.09037425,0.04976720,0.09949194,0.06800924,-0.02748662,0.01493058,-0.38601293,0.03409019,0.22888029,-0.10393694,-0.03966675,0.01051804,-0.36215882,0.04406373,0.22685674,-0.13530750,-0.04716328,0.01891863,-0.32415987,0.04888551,0.21232480,-0.17885390,-0.23022097,-0.20748348,0.24897044,0.19178725,0.08561408,-0.40190501,-0.14782421,0.03872362,0.54325247,0.09959934,-0.16194489,-0.66893771,-0.04850296,0.28049722,0.77533716,-0.00399178,-0.39096269,-0.85938328,-0.01400162,-0.02379291,-0.99961891,-0.01622187,0.01909890,-0.08232359,0.06284616,-0.01102230,-0.56961989
10502660000000,synthetic_50hz_06,133,0.02,100.79955872,100.14251977,17.83764980,17.93795083,18.01043162,1.75885366,135.71249390,1,1,0,0,1,0.44069162,0.11732848,-0.09230935,-0.03815701,-0.11648652,-0.14178777,0.04302953,0.11775874,0.12956387,-0.04666150,-0.11563592,-0.11360459,0.04894819,0.11017927,0.09437004,-0.04982369,-0.10154609,-0.07241475,0.04926274,0.08998529,0.04837172,-0.03228280,0.01125719,-0.37929408,0.03798051,0.22980905,-0.11397757,-0.04253871,0.01236063,-0.34908628,0.04583416,0.22229591,-0.15103472,-0.04778073,0.02606629,-0.30623173,0.04833176,0.20279625,-0.19846581,-0.19978166,-0.10873734,0.37505754,0.15666389,-0.01566915,-0.51917104,-0.10902943,0.13962389,0.64831660,0.05825160,-0.25955322,-0.75877089,-0.00579435,0.37199950,0.84734947,-0.04682996,-0.47372086,-0.91149856,-0.01424252,-0.02344780,-0.99962366,-0.01649987,0.01950763,-0.09230935,0.06263370,-0.01208651,-0.55555354
10502680000000,synthetic_50hz_06,134,0.02,101.25402536,100.36482089,17.91021817,18.01043162,18.07020919,1.77116426,135.64865447,1,1,0,0,1,0.44192291,0.11698055,-0.10169590,-0.04226960,-0.11792267,-0.13227828,0.04614466,0.11642412,0.11695951,-0.04868936,-0.11156900,-0.09826874,0.04983032,0.10349731,0.07674484,-0.04953465,-0.09244173,-0.05300834,0.04781087,0.07872102,0.02774360,-0.03636183,0.00980844,-0.36983177,0.04105726,0.22848014,-0.12653739,-0.04452414,0.01642885,-0.33379144,0.04667066,0.21560566,-0.16862325,-0.04744378,0.03518575,-0.28685692,0.04683064,0.19151036,-0.21906805,-0.16535435,-0.00742376,0.49454266,0.11835890,-0.11714023,-0.62702177,-0.06795110,0.23832701,0.74142354,0.01558425,-0.35264272,-0.83444973,0.03723191,0.45679156,0.90341835,-0.08897465,-0.54777090,-0.94634100,-0.01448637,-0.02309603,-0.99962835,-0.01677253,0.01991254,-0.10169590,0.06241980,-0.01314855,-0.53830832
10502700000000,synthetic_50hz_06,135,0.02,101.54831852,100.60152042,17.97741440,18.07020919,18.12552100,1.78352410,135.58308613,1,1,0,0,1,0.44314977,0.11661161,-0.11046555,-0.04558233,-0.11709612,-0.12019598,0.04838233,0.11284697,0.10206720,-0.04978744,-0.10534439,-0.08099578,0.04975716,0.09480469,0.05758921,-0.04829236,-0.08153172,-0.03252232,0.04543526,0.06590815,0.00651779,-0.03964123,0.01062209,-0.35779674,0.04325674,0.22490900,-0.14138502,-0.04557996,0.02265445,-0.31655967,0.04655199,0.20690506,-0.18774199,-0.04615365,0.04611058,-0.26640272,0.04440583,0.17867615,-0.24026772,-0.12757902,0.09451700,0.60507778,0.07759213,-0.21684109,-0.72331635,-0.02536821,0.33291355,0.82070137,-0.02758708,-0.43938796,-0.89442519,0.07974702,0.53319461,0.94236231,-0.12960782,-0.61162901,-0.96313069,-0.01473313,-0.02273770,-0.99963295,-0.01703976,0.02031354,-0.11046555,0.06220446,-0.01420823,-0.51834314
10502720000000,synthetic_50hz_06,136,0.02,101.52264788,100.78574591,18.03961917,18.12552100,18.18903349,1.79593216,135.51588042,1,1,0,0,1,0.44437218,0.11622173,-0.11861287,-0.04802772,-0.11401268,-0.10576242,0.04969543,0.10708626,0.08516399,-0.04993040,-0.09707250,-0.06211024,0.04872585,0.08426009,0.03726582,-0.04611651,-0.06901842,-0.01134702,0.04217761,0.05178692,-0.01489893,-0.04205352,0.01369234,-0.34341055,0.04453186,0.21915461,-0.15824342,-0.04568081,0.03092704,-0.29771549,0.04547530,0.19635278,-0.20802830,-0.04393006,0.05863839,-0.24525948,0.04109902,0.16453385,-0.26165803,-0.08716549,0.19511792,0.70447103,0.03513665,-0.31283333,-0.80612226,0.01790519,0.42152961,0.88453262,-0.07043082,-0.51807299,-0.93744148,0.12092589,0.59968008,0.96332347,-0.16793461,-0.66399812,-0.96143239,-0.01498277,-0.02237293,-0.99963747,-0.01730147,0.02071056,-0.11861287,0.06198768,-0.01526536,-0.49614776
10502740000000,synthetic_50hz_06,137,0.02,101.62834733,100.95426619,18.10237319,18.18903349,18.25373999,1.80838766,135.44712903,1,1,0,0,1,0.44559011,0.11581098,-0.12614317,-0.04955470,-0.10872193,-0.08924599,0.05005452,0.09924361,0.06656746,-0.04911125,-0.08690404,-0.04196977,0.04675207,0.07205899,0.01616207,-0.04304501,-0.05513645,0.01011159,0.03809694,0.03662430,-0.03609373,-0.04354763,0.01896959,-0.32694157,0.04485317,0.21131858,-0.17679500,-0.04481971,0.04109587,-0.27761655,0.04345626,0.18414431,-0.22909477,-0.04081088,0.07253459,-0.22383317,0.03696922,0.14935044,-0.28282618,-0.04488007,0.29242349,0.79073090,-0.00819592,-0.40323630,-0.87375487,0.06103562,0.50242361,0.93158808,-0.11211563,-0.58712581,-0.96256318,0.15996330,0.65490091,0.96578712,-0.20319915,-0.70379490,-0.94116698,-0.01523526,-0.02200183,-0.99964190,-0.01755757,0.02110353,-0.12614317,0.06176948,-0.01631974,-0.47222115
10502760000000,synthetic_50hz_06,138,0.02,102.35645563,101.23470408,18.16594724,18.25373999,18.29539451,1.82089009,135.37692380,1,1,0,0,1,0.44680354,0.11537944,-0.13307071,-0.05012973,-0.10131656,-0.07095701,0.04944849,0.08946159,0.04662989,-0.04734162,-0.07502740,-0.02095840,0.04386988,0.05843014,-0.00531732,-0.03913334,-0.04014831,0.03143975,0.03326857,0.02070898,-0.05665575,-0.04409002,0.02636118,-0.30870013,0.04420955,0.20154349,-0.19668751,-0.04300832,0.05297259,-0.25664688,0.04052893,0.17050838,-0.25053667,-0.03685163,0.08753666,-0.20253755,0.03209177,0.13341461,-0.30336127,-0.00153114,0.38452802,0.86210688,-0.05157097,-0.48626435,-0.92481248,0.10318627,0.57398145,0.96085531,-0.15182666,-0.64515039,-0.96919623,0.19608981,0.69771935,0.94959478,-0.23469960,-0.73017274,-0.90261606,-0.01549055,-0.02162452,-0.99964621,-0.01780798,0.02149236,-0.13307071,0.06154985,-0.01737120,-0.44705232
10502780000000,synthetic_50hz_06,139,0.02,102.21880720,101.43152470,18.22031510,18.29539451,18.35117935,1.83343784,135.30535663,1,1,0,0,1,0.44801243,0.11492719,-0.13941697,-0.04973757,-0.09193084,-0.05124200,0.04788491,0.07792127,0.02573155,-0.04465170,-0.06166519,0.00052075,0.04013117,0.04363127,-0.02675804,-0.03445363,-0.02433944,0.05222389,0.02778278,0.00434590,-0.07618409,-0.04366545,0.03573281,-0.28903275,0.04260859,0.19001040,-0.21754065,-0.04027679,0.06633457,-0.23520959,0.03674522,0.15570275,-0.27193970,-0.03212443,0.10335916,-0.18178617,0.02655694,0.11703130,-0.32286243,0.04204640,0.46961339,0.91712577,-0.09414704,-0.56026264,-0.95820619,0.14353338,0.63475925,0.97166107,-0.18878159,-0.69095546,-0.95710251,0.22858714,0.72723110,0.91495023,-0.26180241,-0.74254033,-0.84641952,-0.01574863,-0.02124111,-0.99965039,-0.01805263,0.02187697,-0.13941697,0.06132881,-0.01841954,-0.42110454
10502800000000,synthetic_50hz_06,140,0.02,102.32396386,101.61001254,18.27527808,18.35117935,18.40875615,1.84602968,135.23251949,1,1,0,0,1,0.44921676,0.11445429,-0.14520894,-0.04838171,-0.08073832,-0.03047711,0.04539002,0.06483890,0.00427353,-0.04108972,-0.04707014,0.02205326,0.03560478,0.02794433,-0.04774424,-0.02909334,-0.00801287,0.07205874,0.02174313,-0.01214960,-0.09429574,-0.04227741,0.04691095,-0.26831558,0.04007652,0.17693556,-0.23895334,-0.03667336,0.08092907,-0.21371911,0.03217396,0.14000934,-0.29288801,-0.02671673,0.11969907,-0.16198432,0.02046829,0.10051586,-0.34094665,0.08500721,0.54598541,0.95462293,-0.13509225,-0.62374062,-0.97318383,0.18128251,0.68351309,0.96368738,-0.22224632,-0.72357957,-0.92640738,0.25680266,0.74278491,0.86241862,-0.28395526,-0.74057541,-0.77356593,-0.01600944,-0.02085174,-0.99965445,-0.01829142,0.02225730,-0.14520894,0.06110635,-0.01946457,-0.39480326
10502820000000,synthetic_50hz_06,141,0.02,102.16955342,101.72192071,18.33133887,18.40875615,18.47740089,1.85866474,135.15850429,1,1,0,0,1,0.45041650,0.11396085,-0.15047745,-0.04608440,-0.06794864,-0.00906100,0.04200833,0.05046193,-0.01733000,-0.03672114,-0.03152038,0.04322136,0.03037526,0.01167008,-0.06786664,-0.02315365,0.00851667,0.09055528,0.01526451,-0.02845789,-0.11063318,-0.03994816,0.05968596,-0.24694726,0.03665785,0.16256644,-0.26051142,-0.03226351,0.09647799,-0.19259320,0.02689970,0.12372893,-0.31297231,-0.02072972,0.13624166,-0.14352099,0.01394073,0.08418791,-0.35725639,0.12651207,0.61210808,0.97376756,-0.17360069,-0.67540265,-0.96934750,0.21568433,0.71922505,0.93698069,-0.25154969,-0.74231185,-0.87760030,0.28016276,0.74399745,0.79291828,-0.30069860,-0.72423327,-0.68537605,-0.01627295,-0.02045652,-0.99965836,-0.01852429,0.02263326,-0.15047745,0.06088248,-0.02050610,-0.36852777
10502840000000,synthetic_50hz_06,142,0.02,102.26423530,101.83038363,18.39268492,18.47740089,18.54528085,1.87134296,135.08340291,1,1,0,0,1,0.45161163,0.11344694,-0.15525587,-0.04288639,-0.05380374,0.01259284,0.03780188,0.03506440,-0.03865979,-0.03162752,-0.01531413,0.06361217,0.02454132,-0.00487764,-0.08673058,-0.01674759,0.02492880,0.10734850,0.00847102,-0.04426124,-0.12487152,-0.03671844,0.07381590,-0.22534130,0.03241462,0.14717704,-0.28179565,-0.02712878,0.11268307,-0.17224474,0.02102115,0.10717536,-0.33179797,-0.01427644,0.15266652,-0.12676122,0.00709835,0.06836517,-0.37146678,0.16574435,0.66663505,0.97408182,-0.20890850,-0.71417503,-0.94666425,0.24604973,0.74112501,0.89195390,-0.27609723,-0.74670800,-0.81152811,0.29818472,0.73076306,0.70770558,-0.31167540,-0.69374988,-0.58347957,-0.01653913,-0.02005557,-0.99966211,-0.01875116,0.02300479,-0.15525587,0.06065722,-0.02154396,-0.34260633
10502860000000,synthetic_50hz_06,143,0.02,102.48801269,101.96190944,18.45677521,18.54528085,18.60758856,1.88406466,135.00730706,1,1,0,0,1,0.45280210,0.11291266,-0.15957880,-0.03884619,-0.03857325,0.03406406,0.03284911,0.01894169,-0.05929972,-0.02590498,0.00123597,0.08282574,0.01821399,-0.02137799,-0.10396385,-0.00999788,0.04090368,0.12210464,0.00149353,-0.05925009,-0.13672509,-0.03264677,0.08903113,-0.20391803,0.02742529,0.13106278,-0.30238988,-0.02136532,0.12923171,-0.15307368,0.01464935,0.09066946,-0.34899277,-0.00747961,0.16865386,-0.11203876,0.00007203,0.05335722,-0.38329216,0.20192628,0.70843758,0.95545298,-0.24030917,-0.73922885,-0.90546964,0.27176383,0.74870780,0.82938118,-0.29538341,-0.73660117,-0.72938127,0.31048695,0.70325797,0.60835297,-0.31663901,-0.64963952,-0.46978556,-0.01680793,-0.01964903,-0.99966570,-0.01897195,0.02337181,-0.15957880,0.06043055,-0.02257794,-0.31731437
10502880000000,synthetic_50hz_06,144,0.02,102.86549320,102.14262619,18.52011681,18.60758856,18.65967005,1.89682999,134.93030831,1,1,0,0,1,0.45398791,0.11235811,-0.16348116,-0.03403909,-0.02254945,0.05493367,0.02724348,0.00240493,-0.07884491,-0.01966243,0.01780894,0.10048301,0.01151451,-0.03750936,-0.11922414,-0.00303461,0.05612837,0.13452799,-0.00553277,-0.07312917,-0.14595333,-0.02780844,0.10503937,-0.18309646,0.02178331,0.11453477,-0.32188927,-0.01508202,0.14580291,-0.13545907,0.00790553,0.07453286,-0.36421439,-0.00046931,0.18389069,-0.09964931,-0.00700306,0.03945933,-0.39249194,0.23433455,0.73662845,0.91813857,-0.26716789,-0.74999825,-0.84646407,0.29229866,0.74174525,0.75038561,-0.30900232,-0.71210739,-0.63267319,0.31679730,0.66193914,0.49672050,-0.31545886,-0.59268688,-0.34644713,-0.01707933,-0.01923701,-0.99966912,-0.01918659,0.02373425,-0.16348116,0.06020249,-0.02360787,-0.29287518
10502900000000,synthetic_50hz_06,145,0.02,102.99121893,102.31234474,18.57872917,18.65967005,18.71337033,1.90963848,134.85249801,1,1,0,0,1,0.45516902,0.11178338,-0.16699740,-0.02855575,-0.00604165,0.07479227,0.02109169,-0.01422506,-0.09690981,-0.01301954,0.03408166,0.11623340,0.00457204,-0.05295567,-0.13220593,0.00400728,0.07030294,0.14436690,-0.01247106,-0.08562334,-0.15236570,-0.02229411,0.12153133,-0.16328597,0.01559537,0.09791383,-0.33990825,-0.00839855,0.16207355,-0.11975151,0.00091887,0.05908161,-0.37715731,0.00661951,0.19807712,-0.08984453,-0.01399008,0.02694662,-0.39887561,0.26231498,0.75058138,0.86276418,-0.28893468,-0.74619364,-0.77070184,0.30722427,0.72029279,0.65641981,-0.31665643,-0.67362557,-0.52321289,0.31695924,0.60753740,0.37492149,-0.30812397,-0.52393365,-0.21582094,-0.01735327,-0.01881965,-0.99967234,-0.01939502,0.02409204,-0.16699740,0.05997305,-0.02463356,-0.26946249
10502920000000,synthetic_50hz_06,146,0.02,102.82556665,102.41498912,18.63527846,18.71337033,18.77987106,1.92248948,134.77396722,1,1,0,0,1,0.45634539,0.11118859,-0.17016084,-0.02250054,0.01062978,0.09324812,0.01451166,-0.03062397,-0.11313585,-0.00610441,0.04973525,0.12976183,-0.00247884,-0.06741263,-0.14264670,0.01099062,0.08314648,0.15141901,-0.01918553,-0.09648318,-0.15582584,-0.01620815,0.13818663,-0.14487830,0.00897941,0.08152428,-0.35608824,-0.00144302,0.17772475,-0.10626606,-0.00617607,0.04462001,-0.38755903,0.01364968,0.21093221,-0.08282676,-0.02075322,0.01606854,-0.40230679,0.28529591,0.74994531,0.79031398,-0.30515580,-0.72780950,-0.67957310,0.31621790,0.68469060,0.54923982,-0.31816330,-0.62183175,-0.40307169,0.31093590,0.54104521,0.24528282,-0.29474407,-0.44466008,-0.08042233,-0.01762973,-0.01839707,-0.99967537,-0.01959716,0.02444511,-0.17016084,0.05974222,-0.02565483,-0.24720441
10502940000000,synthetic_50hz_06,147,0.02,103.31719560,102.59543042,18.69600735,18.77987106,18.83231239,1.93538300,134.69480667,1,1,0,0,1,0.45751702,0.11057382,-0.17300331,-0.01598956,0.02713965,0.10993500,0.00763033,-0.04647036,-0.12719866,0.00094889,0.06446131,0.14079513,-0.00950075,-0.08059380,-0.15033241,0.01777869,0.09440274,0.15553554,-0.02554407,-0.10549000,-0.15625450,-0.00966666,0.15468008,-0.12823968,0.00206235,0.06568754,-0.37010490,0.00565050,0.19244812,-0.09527589,-0.01324189,0.03143452,-0.39520550,0.02048449,0.22219972,-0.07874480,-0.02716036,0.00704376,-0.40270625,0.30280016,0.73465349,0.70211408,-0.31548346,-0.69512669,-0.57477903,0.31907123,0.63555906,0.43087283,-0.31346003,-0.55766797,-0.27454437,0.29881164,0.46369905,0.11030067,-0.27554836,-0.35636147,0.05712305,-0.01790865,-0.01796942,-0.99967819,-0.01979296,0.02479338,-0.17300331,0.05951001,-0.02667150,-0.22618825
10502960000000,synthetic_50hz_06,148,0.02,103.62924264,102.80219286,18.75325547,18.83231239,18.88129762,1.94831860,134.61510673,1,1,0,0,1,0.45868386,0.10993921,-0.17555483,-0.00914843,0.04316428,0.12451950,0.00058116,-0.06145204,-0.13881466,0.00800287,0.07796810,0.14910773,-0.01635617,-0.09223630,-0.15510195,0.02423792,0.10384529,0.15662451,-0.03142087,-0.11246037,-0.15363151,-0.00279527,0.17068800,-0.11370351,-0.00502232,0.05071582,-0.38167463,0.01274452,0.20595191,-0.08700657,-0.02014108,0.01978801,-0.39993561,0.02699034,0.23165322,-0.07769062,-0.03308571,0.00005573,-0.40005382,0.31445512,0.70492690,0.59980889,-0.31968353,-0.64870905,-0.45830056,0.31569531,0.57378861,0.30357921,-0.30260545,-0.48232558,-0.14010552,0.28079134,0.37695688,-0.02740746,-0.25088188,-0.26072033,0.19413028,-0.01819001,-0.01753682,-0.99968079,-0.01998234,0.02513680,-0.17555483,0.05927644,-0.02768337,-0.20646575
10502980000000,synthetic_50hz_06,149,0.02,104.15103022,103.07196033,18.80703317,18.88129762,18.92085019,1.96129548,134.53495734,1,1,0,0,1,0.45984590,0.10928485,-0.17784341,-0.00210990,0.05838792,0.13670786,-0.00649841,-0.07527220,-0.14774689,0.01491937,0.08998635,0.15452631,-0.02291019,-0.10210615,-0.15685067,0.03024051,0.11128218,0.15465294,-0.03669897,-0.11724989,-0.14799650,0.00427328,0.18589463,-0.10156354,-0.01213719,0.03690591,-0.39056048,0.01970087,0.21796686,-0.08163142,-0.02673873,0.00991445,-0.40164471,0.03303944,0.23910077,-0.07969719,-0.03841229,-0.00475118,-0.39438911,0.32000093,0.66127208,0.48533105,-0.31764094,-0.58939440,-0.33236136,0.30612322,0.50052421,0.16980954,-0.28577982,-0.39722367,-0.00236203,0.25719726,0.28247099,-0.16515357,-0.22119958,-0.15957454,0.32790772,-0.01847376,-0.01709941,-0.99968316,-0.02016525,0.02547528,-0.17784341,0.05904150,-0.02869027,-0.18805839
10503000000000,synthetic_50hz_06,150,0.02,104.15382832,103.28833393,18.85483632,18.92085019,18.97425084,1.97431222,134.45444795,1,1,0,0,1,0.46100310,0.10861087,-0.17989500,0.00498878,0.07250899,0.14625194,-0.01346968,-0.08765543,-0.15380997,0.02156223,0.10027472,0.15693360,-0.02903314,-0.11000305,-0.15553275,0.03566701,0.11655994,0.14964782,-0.04127258,-0.11975635,-0.13944848,0.01140174,0.19999840,-0.09206793,-0.01914353,0.02453324,-0.39657708,0.02638341,0.22825162,-0.07926771,-0.03290516,0.00201414,-0.40028699,0.03851236,0.24438888,-0.08473754,-0.04303432,-0.00727473,-0.38581114,0.31929640,0.60447318,0.36086533,-0.30936290,-0.51827999,-0.19938569,0.29051032,0.41714455,0.03215766,-0.26328220,-0.30398264,0.13599748,0.22846352,0.18205676,-0.30023175,-0.18705814,-0.05488210,0.45581020,-0.01875985,-0.01665732,-0.99968530,-0.02034162,0.02580878,-0.17989500,0.05880520,-0.02969202,-0.17096262
10503020000000,synthetic_50hz_06,151,0.02,103.75026515,103.38072018,18.90499042,18.97425084,19.05622829,1.98736799,134.37366752,1,1,0,0,1,0.46215543,0.10791739,-0.18173346,0.01200849,0.08524613,0.15295440,-0.02019539,-0.09835322,-0.15687405,0.02780004,0.10862473,0.15627095,-0.03460320,-0.11576455,-0.15116249,0.04040874,0.11956682,0.14169594,-0.04504927,-0.11992192,-0.12814423,0.01845098,0.21271797,-0.08541399,-0.02590410,0.01384631,-0.39959457,0.03266071,0.23659771,-0.07997408,-0.03851855,-0.00375045,-0.39587675,0.04330039,0.24740581,-0.09272486,-0.04685936,-0.00745710,-0.37447670,0.31232273,0.53557851,0.22880727,-0.29497961,-0.43670268,-0.06195185,0.26913209,0.32523650,-0.10668966,-0.23552537,-0.20439361,0.27225527,0.19512834,0.07765795,-0.42997163,-0.14910567,0.05131662,0.57529170,-0.01904825,-0.01621070,-0.99968719,-0.02051141,0.02613722,-0.18173346,0.05856754,-0.03068844,-0.15515469
10503040000000,synthetic_50hz_06,152,0.02,103.58710394,103.42199693,18.96851033,19.05622829,19.15434805,2.00046374,134.29270440,1,1,0,0,1,0.46330288,0.10720453,-0.18338059,0.01881100,0.09634389,0.15667291,-0.02654246,-0.10714905,-0.15686770,0.03350869,0.11486504,0.15253992,-0.03950885,-0.11926943,-0.14381434,0.04436995,0.12023522,0.13094252,-0.04795185,-0.11773458,-0.11429558,0.02528277,0.22379786,-0.08174406,-0.03228581,0.00506164,-0.39954152,0.03840866,0.24283379,-0.08374899,-0.04346737,-0.00725812,-0.38848843,0.04730779,0.24808396,-0.10351393,-0.04981021,-0.00528628,-0.36059762,0.29918474,0.45588169,0.09171725,-0.27474261,-0.34621421,0.07725770,0.24237953,0.22656521,-0.24400528,-0.20302853,-0.10038423,0.40371807,0.15782413,-0.02869087,-0.55179148,-0.10806958,0.15693881,0.68395648,-0.01933891,-0.01575968,-0.99968882,-0.02067455,0.02646053,-0.18338059,0.05832854,-0.03167935,-0.14059506
10503060000000,synthetic_50hz_06,153,0.02,103.77005207,103.49160796,19.04656217,19.15434805,19.25492200,2.01360213,134.21164633,1,1,0,0,1,0.46444542,0.10647242,-0.18485622,0.02526169,0.10557788,0.15732326,-0.03238465,-0.11386284,-0.15377964,0.03857394,0.11886508,0.14580249,-0.04365113,-0.12044038,-0.13362179,0.04746983,0.11854334,0.11758871,-0.04991996,-0.11322863,-0.09816549,0.03176249,0.23301370,-0.08114237,-0.03816241,-0.00164069,-0.39640666,0.04351302,0.24682930,-0.09053042,-0.04765267,-0.00843156,-0.37825554,0.05045375,0.24640153,-0.11690361,-0.05182653,-0.00079655,-0.34443685,0.28010967,0.36689778,-0.04772906,-0.24902063,-0.24855201,0.21550882,0.21075222,0.12304037,-0.37707536,-0.16640772,0.00601858,0.52777064,0.11726561,-0.13490401,-0.66325005,-0.06474268,0.25990009,0.77960765,-0.01963180,-0.01530440,-0.99969018,-0.02083099,0.02677866,-0.18485622,0.05808819,-0.03266457,-0.12723235
10503080000000,synthetic_50hz_06,154,0.02,103.42200237,103.47768684,19.13407330,19.25492200,19.38044333,2.02678650,134.13058039,1,1,0,0,1,0.46558301,0.10572119,-0.18617830,0.03123224,0.11275942,0.15488134,-0.03760504,-0.11835474,-0.14765936,0.04289367,0.12053783,0.13618030,-0.04694566,-0.11924577,-0.12077509,0.04964418,0.11451579,0.10188788,-0.05091143,-0.10648427,-0.08006319,0.03776183,0.24017680,-0.08363299,-0.04341700,-0.00612083,-0.39023948,0.04787168,0.24849721,-0.10019677,-0.05099008,-0.00723912,-0.36536832,0.05267406,0.24238313,-0.13264052,-0.05286613,0.00593187,-0.32630364,0.25544357,0.27033478,-0.18679293,-0.21829315,-0.14560604,0.35006947,0.17484923,0.01667941,-0.50325335,-0.12636434,0.11272809,0.64192820,0.07423630,-0.23888560,-0.76209596,-0.01996799,0.35815591,0.86029214,-0.01992685,-0.01484501,-0.99969127,-0.02098068,0.02709154,-0.18617830,0.05784650,-0.03364393,-0.11500669
10503100000000,synthetic_50hz_06,155,0.02,103.83851903,103.54985328,19.23754871,19.38044333,19.49953305,2.04002162,134.04959293,1,1,0,0,1,0.46671564,0.10495098,-0.18736303,0.03660323,0.11773947,0.14938403,-0.04209849,-0.12052810,-0.13861644,0.04638003,0.11984185,0.12385247,-0.04932441,-0.11570050,-0.10551777,0.05084675,0.10822346,0.08414095,-0.05090315,-0.09762628,-0.06033831,0.04316135,0.24513812,-0.08917907,-0.04794442,-0.00828214,-0.38114956,0.05139677,0.24779608,-0.11256889,-0.05341155,-0.00369572,-0.35007031,0.05392248,0.23609964,-0.15042374,-0.05290591,0.01477422,-0.30654760,0.22564526,0.16806114,-0.32272652,-0.18314162,-0.03938236,0.47826404,0.13535791,-0.09043183,-0.62001299,-0.08367177,0.21763882,0.74388667,0.02957334,-0.33857119,-0.84631376,0.02537771,0.44974239,0.92434122,-0.02022404,-0.01438164,-0.99969207,-0.02112357,0.02739911,-0.18736303,0.05760348,-0.03461724,-0.10385264
10503120000000,synthetic_50hz_06,156,0.02,104.44605171,103.72909296,19.34758213,19.49953305,19.60839779,2.05331221,133.96876954,1,1,0,0,1,0.46784328,0.10416192,-0.18842497,0.04126650,0.12041180,0.14092872,-0.04577369,-0.12033165,-0.12681871,0.04896120,0.11678229,0.10905245,-0.05073714,-0.10986604,-0.08814216,0.05105030,0.09978229,0.06469069,-0.04989166,-0.08682178,-0.03937416,0.04785290,0.24779144,-0.09768320,-0.05165337,-0.00807334,-0.36930474,0.05401648,0.24473107,-0.12741333,-0.05486683,0.00213719,-0.33265383,0.05417176,0.22766702,-0.16991049,-0.05194240,0.02556336,-0.28555206,0.19127802,0.06206973,-0.45282738,-0.14423866,0.06803589,0.59752683,0.09304084,-0.19618000,-0.72499930,-0.03916060,0.31866815,0.83156971,-0.01584865,-0.43196895,-0.91416557,0.07040098,0.53281588,0.97040562,-0.02052332,-0.01391445,-0.99969258,-0.02125962,0.02770131,-0.18842497,0.05735913,-0.03558434,-0.09370153
10503140000000,synthetic_50hz_06,157,0.02,105.12267228,104.00780883,19.45712471,19.60839779,19.70775740,2.06666209,133.88819499,1,1,0,0,1,0.46896589,0.10335417,-0.18937719,0.04512741,0.12071534,0.12967181,-0.04855512,-0.11776076,-0.11248931,0.05058296,0.11141109,0.09206370,-0.05115247,-0.10184938,-0.06898384,0.05024723,0.08935131,0.04391515,-0.04789334,-0.07427719,-0.01758037,0.05174183,0.24807569,-0.10898899,-0.05446832,-0.00548980,-0.35492815,0.05567658,0.23935411,-0.14444666,-0.05532457,0.01015259,-0.31345446,0.05341430,0.21724427,-0.19072274,-0.04999199,0.03809290,-0.26372664,0.15299909,-0.04556091,-0.57449249,-0.10233533,0.17452940,0.70545385,0.04872121,-0.29846613,-0.81607664,0.00629757,0.41379794,0.90317157,-0.06113479,-0.51719976,-0.96422763,0.11420947,0.60569047,0.99748457,-0.02082464,-0.01344357,-0.99969279,-0.02138878,0.02799808,-0.18937719,0.05711347,-0.03654505,-0.08448344
10503160000000,synthetic_50hz_06,158,0.02,105.31285236,104.26881753,19.56239044,19.70775740,19.81804801,2.08007385,133.80795319,1,1,0,0,1,0.47008346,0.10252785,-0.19023139,0.04810676,0.11863565,0.11582585,-0.05038459,-0.11285780,-0.09590252,0.05120982,0.10382620,0.07321428,-0.05055863,-0.09180125,-0.04841523,0.04844982,0.07712963,0.02222035,-0.04494418,-0.06023432,0.00461515,0.05474896,0.24597642,-0.12288387,-0.05633109,-0.00057389,-0.33829407,0.05634159,0.23176317,-0.16334078,-0.05477297,0.02019977,-0.29284463,0.05166238,0.20503052,-0.21245446,-0.04709065,0.05212100,-0.24149925,0.11154724,-0.15270731,-0.68527074,-0.05824669,0.27798458,0.79985175,0.00326686,-0.39524742,-0.89137266,0.05180715,0.50111510,0.95719488,-0.10538754,-0.59253540,-0.99542073,0.15592956,0.66687262,1.00494813,-0.02112796,-0.01296916,-0.99969270,-0.02151102,0.02828936,-0.19023139,0.05686648,-0.03749920,-0.07612873
10503180000000,synthetic_50hz_06,159,0.02,105.69091738,104.55323750,19.66976662,19.81804801,19.92849428,2.09354989,133.72812715,1,1,0,0,1,0.47119596,0.10168313,-0.19099801,0.05014247,0.11420544,0.09965571,-0.05122254,-0.10571153,-0.07737861,0.05082585,0.09416991,0.05287065,-0.04896381,-0.07991332,-0.02683840,0.04569013,0.06335280,0.00003239,-0.04109918,-0.04496578,0.02677455,0.05681219,0.24152636,-0.13910299,-0.05720210,0.00658563,-0.31972278,0.05599557,0.22210050,-0.18372924,-0.05322023,0.03208706,-0.27122641,0.04894805,0.19126132,-0.23467953,-0.04329339,0.06737507,-0.21930775,0.06772869,-0.25724306,-0.78291279,-0.01283604,0.37633568,0.87878297,-0.04242668,-0.48457836,-0.94931743,0.09646622,0.57885043,0.99248263,-0.14772460,-0.65643397,-1.00703408,0.19472400,0.71509221,0.99255228,-0.02143323,-0.01249135,-0.99969228,-0.02162628,0.02857510,-0.19099801,0.05661819,-0.03844661,-0.06856920
10503200000000,synthetic_50hz_06,160,0.02,106.05502861,104.85359572,19.77843224,19.92849428,20.03660846,2.10709232,133.64879891,1,1,0,0,1,0.47230337,0.10082014,-0.19168638,0.05119090,0.10750422,0.08147354,-0.05104888,-0.09645564,-0.05727772,0.04943510,0.08262621,0.03143057,-0.04639608,-0.06641462,-0.00467725,0.04201944,0.04828826,-0.02221091,-0.03643136,-0.02876974,0.04845872,0.05788787,0.23480500,-0.15733418,-0.05706127,0.01585505,-0.29957443,0.05464257,0.21055013,-0.20521428,-0.05069441,0.04558543,-0.24902370,0.04532259,0.17620412,-0.25696016,-0.03867322,0.08355694,-0.19759124,0.02240139,-0.35708116,-0.86541722,0.03300198,0.46760629,0.94060604,-0.08745390,-0.56465012,-0.98867676,0.13938448,0.64541482,1.00824346,-0.18729654,-0.70757191,-0.99874203,0.22980875,0.74932937,0.96044640,-0.02174040,-0.01201030,-0.99969154,-0.02173453,0.02885524,-0.19168638,0.05636859,-0.03938712,-0.06173904
10503220000000,synthetic_50hz_06,161,0.02,106.15001509,105.11287960,19.88686625,20.03660846,20.14877696,2.12070286,133.57004955,1,1,0,0,1,0.47340565,0.09993906,-0.19230480,0.05122779,0.09865692,0.06163286,-0.04986351,-0.08526630,-0.03599296,0.04706163,0.06941742,0.00931536,-0.04290295,-0.05156719,0.01763080,0.03750735,0.03223026,-0.04406866,-0.03103040,-0.01196412,0.06923600,0.05795177,0.22593728,-0.17722392,-0.05590851,0.02705823,-0.27824211,0.05230666,0.19733437,-0.22737457,-0.04724303,0.06043283,-0.22667393,0.04085562,0.16015314,-0.27885543,-0.03331984,0.10034867,-0.17678140,-0.02354162,-0.45021590,-0.93107218,0.07835898,0.54994937,0.98401036,-0.13091722,-0.63382754,-1.00857907,0.17970105,0.69943217,1.00406998,-0.22330401,-0.74487184,-0.97061308,0.26046902,0.76883651,0.90917295,-0.02204943,-0.01152616,-0.99969047,-0.02183575,0.02912972,-0.19230480,0.05611769,-0.04032056,-0.05557543
10503240000000,synthetic_50hz_06,162,0.02,106.47895908,105.38609549,19.99686875,20.14877696,20.25010695,2.13438311,133.49195908,1,1,0,0,1,0.47450278,0.09904002,-0.19286066,0.05024891,0.08783172,0.04052176,-0.04768644,-0.07235890,-0.01394270,0.04374915,0.05479994,-0.01303833,-0.03855055,-0.03566108,0.03964345,0.03224051,0.01549409,-0.06510564,-0.02500097,0.00511960,0.08869081,0.05699963,0.21509138,-0.19838414,-0.05376381,0.03997976,-0.25614421,0.04903153,0.18270961,-0.24977348,-0.04293221,0.07633923,-0.20461938,0.03563376,0.14342368,-0.29993013,-0.02733789,0.11741881,-0.15729379,-0.06918989,-0.53476344,-0.97849144,0.12233088,0.62168494,1.00804456,-0.17194501,-0.69068298,-1.00853529,0.21660189,0.73976830,0.97994947,-0.25501404,-0.76752576,-0.92311126,0.28607401,0.77315509,0.83965931,-0.02236027,-0.01103908,-0.99968906,-0.02192989,0.02939849,-0.19286066,0.05586550,-0.04124676,-0.05001897
10503260000000,synthetic_50hz_06,163,0.02,107.20809057,105.75049451,20.10322879,20.25010695,20.32202626,2.14813392,133.41460642,1,1,0,0,1,0.47559475,0.09812321,-0.19336054,0.04827019,0.07523685,0.01855529,-0.04455751,-0.05798396,0.00843757,0.03956021,0.03905936,-0.03518717,-0.03342238,-0.01900866,0.06092231,0.02632096,-0.00159006,-0.08490103,-0.01846070,0.02214295,0.10643202,0.05504740,0.20247553,-0.22039976,-0.05066702,0.05436913,-0.23371621,0.04487974,0.16696144,-0.27196767,-0.03784546,0.09299224,-0.18329847,0.02975906,0.12634594,-0.31976344,-0.02084500,0.13442887,-0.13951955,-0.11363358,-0.60900025,-1.00664433,0.16403599,0.68133481,1.01213792,-0.20970918,-0.73402617,-0.98845110,0.24933635,0.76555521,0.93626678,-0.28177504,-0.77501294,-0.85708945,0.30609002,0.76212669,0.75320184,-0.02267287,-0.01054920,-0.99968731,-0.02201692,0.02966150,-0.19336054,0.05561202,-0.04216555,-0.04501398
10503280000000,synthetic_50hz_06,164,0.02,107.35799596,106.07199480,20.19512373,20.32202626,20.38706944,2.16195417,133.33806937,1,1,0,0,1,0.47668151,0.09718878,-0.19381028,0.04532755,0.06111675,-0.00383258,-0.04053567,-0.04242233,0.03070387,0.03457513,0.02250487,-0.05668995,-0.02761778,-0.00193858,0.08104163,0.01986419,-0.01868361,-0.10305685,-0.01153790,0.03876713,0.12210089,0.05213098,0.18833417,-0.24283683,-0.04667708,0.06994548,-0.21140210,0.03993160,0.15039906,-0.29351592,-0.03208210,0.11006323,-0.16313693,0.02334700,0.10925851,-0.33795738,-0.01396951,0.15104006,-0.12381742,-0.15598164,-0.67139860,-1.01487863,0.20263281,0.72765340,0.99611430,-0.24344197,-0.76292962,-0.94863153,0.27723260,0.77621022,0.87379927,-0.30303047,-0.76711231,-0.77377497,0.32009184,0.73589821,0.65144238,-0.02298719,-0.01005668,-0.99968520,-0.02209682,0.02991870,-0.19381028,0.05535726,-0.04307677,-0.04050857
10503300000000,synthetic_50hz_06,165,0.02,107.80974380,106.41954460,20.27574093,20.38706944,20.43033823,2.17584152,133.26242458,1,1,0,0,1,0.47776305,0.09623689,-0.19421507,0.04147628,0.04574729,-0.02619759,-0.03569795,-0.02597978,0.05241252,0.02889043,0.00546326,-0.07711636,-0.02124998,0.01521077,0.09959690,0.01299690,-0.03544626,-0.11920602,-0.00436910,0.05465982,0.13537838,0.04830567,0.17294318,-0.26525108,-0.04187102,0.08640304,-0.18964556,0.03428364,0.13334927,-0.31398792,-0.02575538,0.12721377,-0.14453929,0.01652430,0.09250166,-0.35414487,-0.00684791,0.16692005,-0.11050645,-0.19537981,-0.72065848,-1.00293622,0.23733706,0.75965428,0.96019832,-0.27245177,-0.77674890,-0.88977746,0.29971157,0.77144948,0.79370390,-0.31833054,-0.74390881,-0.67474748,0.32777190,0.69492091,0.53633778,-0.02330317,-0.00956168,-0.99968274,-0.02216957,0.03017003,-0.19421507,0.05510123,-0.04398026,-0.03645471
10503320000000,synthetic_50hz_06,166,0.02,108.37568365,106.81077241,20.34067180,20.43033823,20.44779887,2.18979207,133.18774745,1,1,0,0,1,0.47883935,0.09526773,-0.19457950,0.03679002,0.02943053,-0.04809397,-0.03013796,-0.00898097,0.07312899,0.02261700,-0.01172750,-0.09605567,-0.01444399,0.03209787,0.11621302,0.00585455,-0.05154284,-0.13301989,0.00290369,0.06950181,0.14599174,0.04364511,0.15660461,-0.28719672,-0.03634246,0.10341716,-0.16888112,0.02804674,0.11615000,-0.33297293,-0.01899028,0.14410239,-0.12788064,0.00942640,0.07641057,-0.36799724,0.00037776,0.18174964,-0.09985937,-0.23102791,-0.75573508,-0.97096076,0.26743784,0.77663157,0.90501347,-0.29613741,-0.77513742,-0.81297421,0.31629920,0.75129568,0.69749653,-0.32734194,-0.70579375,-0.56190970,0.32894725,0.63994345,0.41012275,-0.02362077,-0.00906434,-0.99967992,-0.02223513,0.03041545,-0.19457950,0.05484392,-0.04487585,-0.03280815
10503340000000,synthetic_50hz_06,167,0.02,108.15519222,107.07965637,20.38566516,20.44779887,20.47123725,2.20380012,133.11411214,1,1,0,0,1,0.47991037,0.09428146,-0.19490768,0.03135943,0.01248872,-0.06908331,-0.02396417,0.00823688,0.09243666,0.01587800,-0.02872501,-0.11312502,-0.00733406,0.04838499,0.13055193,-0.00142132,-0.06665000,-0.14421497,0.01013572,0.08299346,0.15372022,0.03823997,0.13964072,-0.30823537,-0.03019987,0.12065061,-0.14952540,0.02134406,0.09914370,-0.35008812,-0.01192108,0.16039133,-0.11349903,0.00219485,0.06130861,-0.37923103,0.00756279,0.19522919,-0.09209695,-0.26219625,-0.77586143,-0.91949755,0.29231230,0.77817597,0.83157227,-0.31400084,-0.75805533,-0.71967238,0.32663660,0.71607960,0.58702399,-0.32985527,-0.65345897,-0.43745143,0.32356406,0.57199881,0.27526694,-0.02393993,-0.00856481,-0.99967673,-0.02229348,0.03065491,-0.19490768,0.05458535,-0.04576338,-0.02952829
10503360000000,synthetic_50hz_06,168,0.02,108.29631746,107.32298859,20.42160544,20.47123725,20.48316802,2.21785984,133.04159153,1,1,0,0,1,0.48097609,0.09327826,-0.19520322,0.02529044,-0.00474194,-0.08874346,-0.01729778,0.02533072,0.10994525,0.00880641,-0.04518921,-0.12797727,-0.00006115,0.06374487,0.14231964,-0.00868587,-0.08046273,-0.15255887,0.01718247,0.09486082,0.15839976,0.03219615,0.12238769,-0.32794485,-0.02356443,0.13776034,-0.13196868,0.01430858,0.08267040,-0.36498631,-0.00468872,0.17575334,-0.10168847,-0.00502553,0.04750076,-0.38761382,0.01456262,0.20708474,-0.08738325,-0.28824075,-0.78056559,-0.84948516,0.31143874,0.76418487,0.74125853,-0.32565781,-0.72577235,-0.61166108,0.33048801,0.66643548,0.46442915,-0.32579009,-0.58788496,-0.30380751,0.31169949,0.49238544,0.13442695,-0.02426062,-0.00806326,-0.99967317,-0.02234461,0.03088836,-0.19520322,0.05432553,-0.04664270,-0.02657806
10503380000000,synthetic_50hz_06,169,0.02,108.56481758,107.57135439,20.44746172,20.48316802,20.47908337,2.23196519,132.97025715,1,1,0,0,1,0.48203650,0.09225831,-0.19546935,0.01870220,-0.02191803,-0.10667698,-0.01027038,0.04195846,0.12529874,0.00154247,-0.06078921,-0.14030808,0.00722992,0.07786738,0.15127228,-0.01579386,-0.09270059,-0.15787522,0.02390246,0.10486120,0.15992655,0.02563281,0.10518896,-0.34592773,-0.01656774,0.15440426,-0.11656700,0.00708054,0.06706100,-0.37736318,0.00256198,0.18987829,-0.09269284,-0.01208949,0.03526748,-0.39296925,0.02123579,0.21707363,-0.08582208,-0.30861636,-0.76968206,-0.76223922,0.32440772,0.73486649,0.63580201,-0.33084625,-0.67886438,-0.49103432,0.32774633,0.60329029,0.33210989,-0.31519734,-0.51032306,-0.16361057,0.29356105,0.40264298,-0.00960571,-0.02458277,-0.00755984,-0.99966923,-0.02238851,0.03111575,-0.19546935,0.05406445,-0.04751364,-0.02392368
10503400000000,synthetic_50hz_06,170,0.02,108.29777376,107.71663826,20.46074281,20.47908337,20.48100465,2.24610963,132.90017915,1,1,0,0,1,0.48309155,0.09122180,-0.19570890,0.01172477,-0.03869572,-0.12251925,-0.00302136,0.05778586,0.13818270,-0.00576915,-0.07521000,-0.14986228,0.01439334,0.09046581,0.15722127,-0.02260256,-0.10311344,-0.16004749,0.03016013,0.11278827,0.15825946,0.01868002,0.08838837,-0.36181940,-0.00934920,0.17024813,-0.10363477,-0.00019539,0.05263050,-0.38696356,0.00968521,0.20247946,-0.08670069,-0.01885429,0.02485891,-0.39518079,0.02744676,0.22498949,-0.08745456,-0.32288872,-0.74335712,-0.65942845,0.33093102,0.69073766,0.51724591,-0.32943243,-0.61820391,-0.36015092,0.31843614,0.52784706,0.19267262,-0.29825919,-0.42227213,-0.01963948,0.26948329,0.30452290,-0.15395988,-0.02490634,-0.00705469,-0.99966491,-0.02242515,0.03133705,-0.19570890,0.05380213,-0.04837605,-0.02153445
10503420000000,synthetic_50hz_06,171,0.02,108.20059163,107.81342894,20.46925278,20.48100465,20.48005378,2.26028719,132.83142628,1,1,0,0,1,0.48414124,0.09016890,-0.19592440,0.00449661,-0.05473764,-0.13594600,0.00430483,0.07249324,0.14833084,-0.01298216,-0.08815882,-0.15643923,0.02128521,0.10128274,0.16003741,-0.02897459,-0.11148664,-0.15902164,0.03582862,0.11847632,0.15342120,0.01147623,0.07232326,-0.37529557,-0.00205322,0.18497227,-0.09343830,-0.00737293,0.03967168,-0.39358679,0.01653707,0.21329944,-0.08384124,-0.02518258,0.01648968,-0.39419440,0.03306864,0.23066663,-0.09225800,-0.33074360,-0.70204790,-0.54304341,0.33084826,0.63261548,0.38790790,-0.32141440,-0.54494447,-0.22158883,0.30271402,0.44156245,0.04888125,-0.27528625,-0.32544999,0.12523560,0.23992185,0.19995464,-0.29574185,-0.02523128,-0.00654799,-0.99966021,-0.02245452,0.03155221,-0.19592440,0.05353856,-0.04922977,-0.01938261
10503440000000,synthetic_50hz_06,172,0.02,108.08885114,107.86851338,20.47378920,20.48005378,20.47634680,2.27449250,132.76406584,1,1,0,0,1,0.48518553,0.08909982,-0.19611809,-0.00283823,-0.06971975,-0.14667999,0.01156160,0.08578202,0.15553057,-0.01995163,-0.09937116,-0.15989714,0.02776646,0.11009538,0.15965380,-0.03478076,-0.11764549,-0.15480757,0.04079232,0.12180384,0.14549816,0.00416550,0.05731771,-0.38607901,0.00517356,0.19827810,-0.08619016,-0.01430715,0.02844903,-0.39709110,0.02297849,0.22211543,-0.08418140,-0.03094515,0.01033448,-0.39001998,0.03798584,0.23398355,-0.10014599,-0.33199397,-0.64651523,-0.41535858,0.32413089,0.56160285,0.25033527,-0.30692296,-0.46049921,-0.07809468,0.28086630,0.34611915,-0.09639741,-0.24671213,-0.22176032,0.26811033,0.20544514,0.09100804,-0.43209350,-0.02555753,-0.00603987,-0.99965512,-0.02247662,0.03176118,-0.19611809,0.05327377,-0.05007465,-0.01744300
10503460000000,synthetic_50hz_06,173,0.02,108.24011985,107.94283467,20.47486339,20.47634680,20.45956706,2.28872068,132.69816364,1,1,0,0,1,0.48622440,0.08801474,-0.19629195,-0.01013289,-0.08333785,-0.15449683,0.01860306,0.09738080,0.15962760,-0.02653690,-0.10861622,-0.16015623,0.03370566,0.11672018,0.15606748,-0.03990267,-0.12145905,-0.14747923,0.04494927,0.12269619,0.13463908,-0.00310533,0.04367588,-0.39394533,0.01218529,0.20989422,-0.08204466,-0.02085737,0.01919336,-0.39739668,0.02887805,0.22874390,-0.08772412,-0.03602361,0.00652428,-0.38273147,0.04209639,0.23486560,-0.11096981,-0.32658462,-0.57781029,-0.27888839,0.31088369,0.47906810,0.10725511,-0.28621983,-0.36651415,0.06747039,0.25330413,0.24339343,-0.24025069,-0.21308554,-0.11325556,0.40610444,0.16672361,-0.02014752,-0.56025002,-0.02588505,-0.00553051,-0.99964964,-0.02249144,0.03196392,-0.19629195,0.05300775,-0.05091054,-0.01569295
10503480000000,synthetic_50hz_06,174,0.02,108.49037606,108.05234295,20.46843893,20.45956706,20.42778293,2.30296681,132.63378397,1,1,0,0,1,0.48725783,0.08691385,-0.19644771,-0.01724072,-0.09531384,-0.15922982,0.02528707,0.10705096,0.16052930,-0.03260438,-0.11570175,-0.15720065,0.03898169,0.12101681,0.14933983,-0.04423515,-0.12284290,-0.13717347,0.04821328,0.12112737,0.12105234,-0.01018959,0.03167590,-0.39872781,0.01883981,0.21958201,-0.08109442,-0.02689003,0.01209692,-0.39448771,0.03411463,0.23304450,-0.09440802,-0.04031278,0.00514348,-0.37246572,0.04531412,0.23328677,-0.12452108,-0.31459413,-0.49725531,-0.13633814,0.29134348,0.38661914,-0.03847945,-0.25969327,-0.26483655,0.21218766,0.22055598,0.13541860,-0.37977840,-0.17505996,-0.00209648,0.53641996,0.12451688,-0.13128610,-0.67759628,-0.02621378,-0.00502005,-0.99964376,-0.02249896,0.03216041,-0.19644771,0.05274050,-0.05173729,-0.01411201
10503500000000,synthetic_50hz_06,175,0.02,108.32564260,108.10700288,20.45136341,20.42778293,20.39903724,2.31722551,132.57098955,1,1,0,0,1,0.48828580,0.08579736,-0.19658693,-0.02401815,-0.10540145,-0.16077353,0.03147802,0.11459164,0.15820694,-0.03803036,-0.12047811,-0.15107917,0.04348627,0.12289113,0.13959572,-0.04768845,-0.12176115,-0.12408766,0.05051575,0.11712073,0.10500209,-0.01694372,0.02156403,-0.40032103,0.02500152,0.22714060,-0.08336818,-0.03228141,0.00730936,-0.38841295,0.03857993,0.23492310,-0.10410823,-0.04372293,0.00622797,-0.35942011,0.04757042,0.22927043,-0.14053564,-0.29623414,-0.40641870,0.00944936,0.26587525,0.28607262,-0.18394596,-0.22785105,-0.15747894,0.35313932,0.18325780,0.02434507,-0.51215151,-0.13338114,0.10949069,0.65639813,0.07965904,-0.24016977,-0.78172049,-0.02654367,-0.00450866,-0.99963749,-0.02249920,0.03235058,-0.19658693,0.05247204,-0.05255475,-0.01268175
10503520000000,synthetic_50hz_06,176,0.02,108.24417591,108.13443749,20.42938642,20.39903724,20.36886804,2.33149175,132.50984152,1,1,0,0,1,0.48930827,0.08466546,-0.19671095,-0.03032767,-0.11339137,-0.15908633,0.03704966,0.11984401,0.15269659,-0.04270349,-0.12284149,-0.14190453,0.04712616,0.12229739,0.12702130,-0.05019016,-0.11822740,-0.10847599,0.05180715,0.11074886,0.08680326,-0.02323022,0.01354958,-0.39868336,0.03054417,0.23241117,-0.08882988,-0.03692016,0.00493448,-0.37928512,0.04218074,0.23433394,-0.11663862,-0.04618164,0.00976415,-0.34384880,0.04881576,0.22288916,-0.15869857,-0.27184598,-0.30708493,0.15555023,0.23496557,0.17941861,-0.32621121,-0.19131099,-0.04657957,0.48746737,0.14214082,-0.08760239,-0.63466961,-0.08887268,0.21925872,0.76357404,0.03304229,-0.34459372,-0.87046427,-0.02687467,-0.00399648,-0.99963083,-0.02249216,0.03253442,-0.19671095,0.05220237,-0.05336278,-0.01138561
10503540000000,synthetic_50hz_06,177,0.02,108.24517242,108.15658447,20.40396870,20.36886804,20.33376253,2.34576096,132.45039940,1,1,0,0,1,0.49032523,0.08351836,-0.19682097,-0.03604060,-0.11911565,-0.15419151,0.04188768,0.12269464,0.14409872,-0.04652712,-0.12273628,-0.12985148,0.04982516,0.11923938,0.11186057,-0.05168671,-0.11230475,-0.09064467,0.05205812,0.10213232,0.06681544,-0.02892040,0.00780050,-0.39383809,0.03535344,0.23528028,-0.09737903,-0.04070962,0.00502788,-0.36727899,0.04484084,0.23128082,-0.13175518,-0.04763534,0.01568893,-0.32605803,0.04902078,0.21426353,-0.17865028,-0.24189455,-0.20121993,0.29901812,0.19921357,0.06878148,-0.46239039,-0.15078917,0.06563998,0.61243173,0.09801745,-0.19816900,-0.74481637,-0.04241983,0.32498472,0.85572762,-0.01440076,-0.44243097,-0.94196783,-0.02720672,-0.00348368,-0.99962376,-0.02247782,0.03271188,-0.19682097,0.05193150,-0.05416122,-0.01020867
10503560000000,synthetic_50hz_06,178,0.02,107.99909254,108.12508609,20.37448211,20.33376253,20.30345314,2.36002890,132.39272105,1,1,0,0,1,0.49133666,0.08235627,-0.19691802,-0.04103972,-0.12245135,-0.14617721,0.04589206,0.12307810,0.13257654,-0.04942130,-0.12015645,-0.11515363,0.05152570,0.11377063,0.09441079,-0.05214460,-0.10410476,-0.07094603,0.05126014,0.09143749,0.04543587,-0.03389705,0.00443974,-0.38587334,0.03932933,0.23568251,-0.10885243,-0.04356987,0.00759561,-0.35262816,0.04650269,0.22581727,-0.14916065,-0.04805054,0.02389074,-0.30640013,0.04817697,0.20355990,-0.19999352,-0.20695980,-0.09093251,0.43694359,0.15931959,-0.04362214,-0.58970577,-0.10708613,0.17691914,0.72546646,0.05176531,-0.30511547,-0.84031160,0.00504792,0.42451519,0.93093018,-0.06171561,-0.53167593,-0.99470960,-0.02753978,-0.00297042,-0.99961630,-0.02245620,0.03288293,-0.19691802,0.05165943,-0.05494993,-0.00913750
10503580000000,synthetic_50hz_06,179,0.02,108.14409474,108.12888782,20.34464994,20.30345314,20.26149294,2.37429204,132.33686263,1,1,0,0,1,0.49234252,0.08117938,-0.19700303,-0.04522174,-0.12332320,-0.13519494,0.04897918,0.12097849,0.11835306,-0.05132453,-0.11514590,-0.09809901,0.05219017,0.10599361,0.07501673,-0.05155114,-0.09378547,-0.04977167,0.04942587,0.07887346,0.02309167,-0.03805686,0.00354256,-0.37494064,0.04238821,0.23360196,-0.12302708,-0.04543939,0.01259375,-0.33562065,0.04712865,0.21804574,-0.16851025,-0.04741454,0.03421153,-0.28526667,0.04629699,0.19098737,-0.22230119,-0.16772569,0.02156742,0.56651329,0.11607163,-0.15552763,-0.70554361,-0.06107117,0.28500390,0.82423279,0.00430999,-0.40626338,-0.91915895,0.05257544,0.51581010,0.98758533,-0.10794509,-0.61048577,-1.02753916,-0.02787379,-0.00245685,-0.99960843,-0.02242730,0.03304754,-0.19700303,0.05138617,-0.05572879,-0.00816002
10503600000000,synthetic_50hz_06,180,0.02,107.85254779,108.07361981,20.30972400,20.26149294,20.22619047,2.38854683,132.28287859,1,1,0,0,1,0.49334280,0.07998792,-0.19707676,-0.04849942,-0.12170545,-0.12145687,0.05108362,0.11643004,0.10170685,-0.05219506,-0.10779789,-0.07902457,0.05180169,0.09605788,0.05406398,-0.04991485,-0.08154848,-0.02754470,0.04658895,0.06468800,0.00023130,-0.04131261,0.00513472,-0.36125215,0.04446467,0.22907285,-0.13962441,-0.04627643,0.01992906,-0.31659342,0.04670186,0.20811582,-0.18941841,-0.04573588,0.04644973,-0.26308077,0.04341448,0.17679372,-0.24512483,-0.12496702,0.13401291,0.68506752,0.07032994,-0.26466796,-0.80750818,-0.01366522,0.38769251,0.90666800,-0.04339347,-0.49953970,-0.97968817,0.09920111,0.59698493,1.02446346,-0.15214874,-0.67721881,-1.03970300,-0.02820869,-0.00194312,-0.99960017,-0.02239114,0.03320566,-0.19707676,0.05111173,-0.05649763,-0.00726534
10503620000000,synthetic_50hz_06,181,0.02,107.64943924,107.98878370,20.27463992,20.22619047,20.19225898,2.40279037,132.23082163,1,1,0,0,1,0.49433747,0.07878210,-0.19713989,-0.05080345,-0.11762261,-0.10523189,0.05215955,0.10951671,0.08296673,-0.05201187,-0.09825338,-0.05830960,0.05036466,0.08415737,0.03197138,-0.04726541,-0.06763505,-0.00471141,0.04280348,0.04916279,-0.02268439,-0.04359499,0.00919171,-0.34507676,0.04551286,0.22217914,-0.15831559,-0.04605998,0.02946058,-0.29592575,0.04522671,0.19622142,-0.21146629,-0.04304423,0.06036405,-0.24028873,0.03958355,0.16126063,-0.26800357,-0.07953431,0.24412563,0.79015524,0.02301010,-0.36881965,-0.89347175,0.03417749,0.48288042,0.97102906,-0.09037974,-0.58301953,-1.02059115,0.14397629,0.66634991,1.04072912,-0.19342195,-0.73046912,-1.03086238,-0.02854444,-0.00142940,-0.99959150,-0.02234773,0.03335728,-0.19713989,0.05083611,-0.05725633,-0.00644363
10503640000000,synthetic_50hz_06,182,0.02,107.47613056,107.88625307,20.24003993,20.19225898,20.15771372,2.41702032,132.18074268,1,1,0,0,1,0.49532651,0.07756213,-0.19719300,-0.05208395,-0.11114924,-0.08684045,0.05218177,0.10037071,0.06250540,-0.05077518,-0.08669845,-0.03636829,0.04790471,0.07052663,0.00918267,-0.04365313,-0.05232149,0.01826770,0.03814301,0.03260790,-0.04519139,-0.04485412,0.01563896,-0.32673491,0.04550762,0.21305305,-0.17872794,-0.04479027,0.04100221,-0.27403183,0.04272884,0.18259709,-0.23421015,-0.03938989,0.07567820,-0.21735104,0.03487773,0.14469816,-0.29047342,-0.03233707,0.34966199,0.87958510,-0.02493523,-0.46584815,-0.96161955,0.08148864,0.56860370,1.01593005,-0.13569269,-0.65496614,-1.04095082,0.18598465,0.72244559,1.03596049,-0.23091460,-0.76909661,-1.00110293,-0.02888098,-0.00091584,-0.99958244,-0.02229707,0.03350236,-0.19719300,0.05055932,-0.05800475,-0.00568600
10503660000000,synthetic_50hz_06,183,0.02,107.19912393,107.74882724,20.20546292,20.15771372,20.12605678,2.43123476,132.13269085,1,1,0,0,1,0.49630990,0.07632824,-0.19723656,-0.05231156,-0.10240871,-0.06664832,0.05114637,0.08917015,0.04073208,-0.04850660,-0.07336076,-0.01364151,0.04446836,0.05543636,-0.01384235,-0.03914808,-0.03591370,0.04092713,0.03269914,0.01535562,-0.06683196,-0.04506064,0.02435312,-0.30659238,0.04444499,0.20187267,-0.20045223,-0.04248889,0.05432631,-0.25135253,0.03925477,0.16751355,-0.25719018,-0.03484296,0.09208628,-0.19473319,0.02938865,0.12743861,-0.31207663,0.01567436,0.44845898,0.95147176,-0.07253546,-0.55375186,-1.01048867,0.12730532,0.64307981,1.04037272,-0.17840491,-0.71386747,-1.04026234,0.22436100,0.76407401,1.01016071,-0.26384866,-0.79225193,-0.95093567,-0.02921825,-0.00040260,-0.99957297,-0.02223919,0.03364088,-0.19723656,0.05028136,-0.05874275,-0.00498439
10503680000000,synthetic_50hz_06,184,0.02,107.55545166,107.71015213,20.17211234,20.12605678,20.07210027,2.44543229,132.08671343,1,1,0,0,1,0.49728762,0.07508064,-0.19727096,-0.05147820,-0.09157096,-0.04505946,0.04907085,0.07613559,0.01808443,-0.04524876,-0.05850519,0.00941198,0.04012213,0.03918806,-0.03663704,-0.03383876,-0.01874113,0.06280584,0.02657981,-0.00224613,-0.08716391,-0.04420646,0.03516424,-0.28505312,0.04234251,0.18885857,-0.22305080,-0.03919849,0.06916800,-0.22834661,0.03487102,0.15127228,-0.27993976,-0.02949192,0.10925882,-0.17289623,0.02322423,0.10982988,-0.33237103,0.06352782,0.53847866,1.00427613,-0.11882160,-0.63070360,-1.03900013,0.17068970,0.70474506,1.04376927,-0.21763674,-0.75846840,-1.01844606,0.25830922,0.79032474,0.96376057,-0.29153451,-0.79939564,-0.88128942,-0.02955620,0.00011016,-0.99956311,-0.02217410,0.03377280,-0.19727096,0.05000225,-0.05947020,-0.00433147
10503700000000,synthetic_50hz_06,185,0.02,107.58285163,107.68469203,20.13010727,20.07210027,20.01227813,2.45961066,132.04285586,1,1,0,0,1,0.49825964,0.07381956,-0.19729649,-0.04959727,-0.07884929,-0.02250798,0.04599395,0.06152586,-0.00498018,-0.04106460,-0.04242860,0.03232477,0.03495134,0.02210812,-0.05873741,-0.02783042,-0.00115024,0.08345663,0.01990713,-0.01984080,-0.10576975,-0.04230500,0.04785901,-0.26255124,0.03923891,0.17426959,-0.24606630,-0.03498200,0.08523041,-0.20548148,0.02966291,0.13419966,-0.30199490,-0.02344202,0.12684937,-0.15228736,0.01650659,0.09222854,-0.35093912,0.11024896,0.61785049,1.03683906,-0.16284609,-0.69508906,-1.04648337,0.21074829,0.75228789,1.02595708,-0.25257452,-0.78779791,-0.97585197,0.28711891,0.80059535,0.89761259,-0.31338553,-0.79031125,-0.79349463,-0.02989478,0.00062229,-0.99955286,-0.02210183,0.03389810,-0.19729649,0.04972198,-0.06018698,-0.00372054
10503720000000,synthetic_50hz_06,186,0.02,107.75683007,107.69911963,20.08061903,20.01227813,19.94168715,2.47376708,132.00116169,1,1,0,0,1,0.49922594,0.07254522,-0.19731340,-0.04670360,-0.06449629,0.00055051,0.04197497,0.04563298,-0.02799391,-0.03603619,-0.02545404,0.05463023,0.02905846,0.00454125,-0.07969154,-0.02124297,0.01650247,0.10245530,0.01281503,-0.03707041,-0.12226523,-0.03939107,0.06218485,-0.23954234,0.03519349,0.15839773,-0.26903087,-0.02992148,0.10219050,-0.18322375,0.02373292,0.11664042,-0.32290366,-0.01681318,0.14450144,-0.13333076,0.00936966,0.07499256,-0.36739664,0.15488117,0.68491056,1.04840744,-0.20370220,-0.74554105,-1.03269262,0.24665041,0.78467724,0.98720478,-0.28248757,-0.80119082,-0.91325537,0.31018048,0.79460569,0.81297638,-0.32893074,-0.76511172,-0.68925891,-0.03023394,0.00113363,-0.99954221,-0.02202240,0.03401676,-0.19731340,0.04944057,-0.06089295,-0.00314544
10503740000000,synthetic_50hz_06,187,0.02,107.79803284,107.71890228,20.02226764,19.94168715,19.86703954,2.48789815,131.96167255,1,1,0,0,1,0.50018649,0.07125786,-0.19732181,-0.04285275,-0.04879890,0.02364806,0.03709264,0.02877638,-0.05048786,-0.03026313,-0.00792424,0.07587207,0.02256112,-0.01315637,-0.09906885,-0.01420866,0.03385768,0.11940944,0.00544656,-0.05358285,-0.13630739,-0.03552024,0.07785484,-0.21649440,0.03028497,0.14156244,-0.29147561,-0.02411655,0.11970553,-0.16202974,0.01719866,0.09895074,-0.34223549,-0.00973765,0.16185570,-0.11641887,0.00195649,0.05847407,-0.38140065,0.19650509,0.73823686,1.03865223,-0.24054280,-0.78096900,-0.99781466,0.27764554,0.80118544,0.92820962,-0.30674364,-0.79830333,-0.83184387,0.32699818,0.77240576,0.71149567,-0.33782520,-0.72423938,-0.57063472,-0.03057360,0.00164403,-0.99953117,-0.02193584,0.03412875,-0.19732181,0.04915802,-0.06158799,-0.00260049
10503760000000,synthetic_50hz_06,188,0.02,107.31671686,107.63846519,19.95707184,19.86703954,19.80853500,2.50200022,131.92442816,1,1,0,0,1,0.50114129,0.06995770,-0.19732181,-0.03812007,-0.03207271,0.04631382,0.03144364,0.01129659,-0.07200165,-0.02386067,0.00980521,0.09561363,0.01558979,-0.03062432,-0.11646903,-0.00686944,0.05056052,0.13396657,-0.00204895,-0.06903903,-0.14760179,-0.03076787,0.09455336,-0.19387822,0.02461005,0.12410423,-0.31294016,-0.01768247,0.13741992,-0.14233608,0.01019063,0.08149104,-0.35959005,-0.00235739,0.17855728,-0.10190414,-0.00558359,0.04301213,-0.39265670,0.23425773,0.77667994,1.00767801,-0.27259805,-0.80058311,-0.94246795,0.30307925,0.80140509,0.85008610,-0.32482253,-0.77912219,-0.73319588,0.33720103,0.73437684,0.59516727,-0.33985786,-0.66845905,-0.43997972,-0.03091373,0.00215333,-0.99951974,-0.02184217,0.03423405,-0.19732181,0.04887434,-0.06227197,-0.00208040
10503780000000,synthetic_50hz_06,189,0.02,107.09357603,107.52948736,19.89468637,19.80853500,19.75268680,2.51607065,131.88946630,1,1,0,0,1,0.50209029,0.06864498,-0.19731340,-0.03259925,-0.01465574,0.06808371,0.02514074,-0.00645165,-0.09209287,-0.01695742,0.02737305,0.11344695,0.00828520,-0.04750526,-0.13153030,0.00062588,0.06626787,0.14582158,-0.00951892,-0.08311996,-0.15590875,-0.02522764,0.11194241,-0.17215792,0.01828150,0.10637784,-0.33298211,-0.01074782,0.15497240,-0.12455074,0.00284955,0.06461864,-0.37460560,0.00517880,0.19426308,-0.09009169,-0.01309798,0.02892576,-0.40092512,0.26735043,0.79938824,0.95602370,-0.29919169,-0.80391246,-0.86769282,0.32240712,0.78525951,0.75434595,-0.33632740,-0.74396716,-0.61925093,0.34055120,0.68122590,0.46630262,-0.33495676,-0.59884457,-0.29991059,-0.03125427,0.00266138,-0.99950793,-0.02174142,0.03433264,-0.19731340,0.04858953,-0.06294476,-0.00158018
10503800000000,synthetic_50hz_06,190,0.02,106.90274278,107.40413845,19.83504655,19.75268680,19.69730854,2.53010761,131.85682277,1,1,0,0,1,0.50303349,0.06731994,-0.19729649,-0.02640048,0.00309836,0.08850984,0.01831058,-0.02410654,-0.11034621,-0.00969278,0.04441972,0.12900125,0.00079553,-0.06345226,-0.14393712,0.00812465,0.08065544,0.15472322,-0.01681060,-0.09553329,-0.16104858,-0.01900974,0.12966833,-0.15178136,0.01142594,0.08874508,-0.35118614,-0.00345204,0.17200343,-0.10904451,-0.00467641,0.04868049,-0.38696657,0.01271827,0.20864877,-0.08123277,-0.02043395,0.01650729,-0.40602621,0.29508552,0.80582746,0.88465446,-0.31975545,-0.79081679,-0.77493297,0.33520668,0.75300651,0.64286980,-0.34099375,-0.69348670,-0.49227240,0.33694981,0.61397334,0.32748256,-0.32319145,-0.51675885,-0.15325124,-0.03159516,0.00316802,-0.99949573,-0.02163362,0.03442451,-0.19729649,0.04830360,-0.06360626,-0.00109513
10503820000000,synthetic_50hz_06,191,0.02,106.54415313,107.23214138,19.77719658,19.69730854,19.64827346,2.54410985,131.82653137,1,1,0,0,1,0.50397086,0.06598280,-0.19727096,-0.01964835,0.02082747,0.10716983,0.01109115,-0.04130654,-0.12638209,-0.00221419,0.06059473,0.14195070,-0.00672660,-0.07813595,-0.15342680,0.01547346,0.09342446,0.16047954,-0.02377422,-0.10601951,-0.16290558,-0.01223876,0.14736901,-0.13317093,0.00418138,0.07156748,-0.36717268,0.00405747,0.18816250,-0.09614319,-0.01223462,0.03400595,-0.39641029,0.02010760,0.22141562,-0.07551932,-0.02744172,0.00601623,-0.40784429,0.31687120,0.79579365,0.79494472,-0.33384144,-0.76149157,-0.66600863,0.34118686,0.70523534,0.51787120,-0.33869572,-0.62864684,-0.35480331,0.32643981,0.53393416,0.18150626,-0.30477250,-0.42382790,-0.00297631,-0.03193634,0.00367309,-0.99948316,-0.02151882,0.03450962,-0.19727096,0.04801655,-0.06425633,-0.00062074
10503840000000,synthetic_50hz_06,192,0.02,106.65069756,107.11585262,19.72304887,19.64827346,19.58625006,2.55807679,131.79862392,1,1,0,0,1,0.50490237,0.06463382,-0.19723656,-0.01247930,0.03816836,0.12367558,0.00362903,-0.05769783,-0.13986467,0.00532587,0.07556386,0.15202139,-0.01412723,-0.09125134,-0.15979526,0.02252128,0.10430800,0.16296216,-0.03026604,-0.11435741,-0.16143079,-0.00505116,0.16468123,-0.11671472,-0.00330561,0.05519887,-0.38060588,0.01162820,0.20311540,-0.08612071,-0.01967111,0.02090001,-0.40273266,0.02719576,0.23229666,-0.07307973,-0.03397756,-0.00232620,-0.40633039,0.33223441,0.76941961,0.68865279,-0.34113212,-0.71646625,-0.54308174,0.34019484,0.64285683,0.38185338,-0.32944958,-0.55071355,-0.20961602,0.30920613,0.44269294,0.03133533,-0.28004813,-0.32190928,0.14784878,-0.03227777,0.00417645,-0.99947022,-0.02139705,0.03458797,-0.19723656,0.04772840,-0.06489487,-0.00015263
10503860000000,synthetic_50hz_06,193,0.02,106.30746035,106.95417416,19.66559337,19.58625006,19.53055927,2.57200755,131.77313020,1,1,0,0,1,0.50582802,0.06327324,-0.19719300,-0.00503897,0.05476412,0.13768142,-0.00392357,-0.07294157,-0.15050892,0.01277300,0.08901609,0.15899718,-0.02125417,-0.10252424,-0.16290147,0.02912258,0.11307656,0.16210924,-0.03615137,-0.12036883,-0.15664332,0.00240744,0.18124806,-0.10275841,-0.01088281,0.03997809,-0.39120074,0.01910576,0.21655112,-0.07919320,-0.02683371,0.00963686,-0.40579268,0.03383722,0.24106243,-0.07397583,-0.03990675,-0.00834185,-0.40150362,0.34083131,0.72717441,0.56788729,-0.34144776,-0.65659562,-0.40861383,0.33222010,0.56708686,0.23755984,-0.31341438,-0.46122873,-0.05965689,0.28557278,0.34207316,-0.11996599,-0.24949799,-0.21305546,0.29613020,-0.03261938,0.00467794,-0.99945691,-0.02126834,0.03465955,-0.19719300,0.04743916,-0.06552175,0.00031349
10503880000000,synthetic_50hz_06,194,0.02,106.22264972,106.80786927,19.60887905,19.53055927,19.46976461,2.58590149,131.75007795,1,1,0,0,1,0.50674776,0.06190129,-0.19713989,0.00252079,0.07027152,0.14889144,-0.01141189,-0.08672096,-0.15808683,0.01997397,0.10067019,0.16272451,-0.02796020,-0.11171705,-0.16267077,0.03514032,0.11954305,0.15792715,-0.04130734,-0.12392258,-0.14863042,0.00998519,0.19672629,-0.09159791,-0.01839545,0.02622193,-0.39872922,0.02633692,0.22818840,-0.07551421,-0.03357518,0.00045411,-0.40551568,0.03989495,0.24752583,-0.07820125,-0.04510644,-0.01189951,-0.39345122,0.34245527,0.66985604,0.43506619,-0.33475096,-0.58304445,-0.26531749,0.31739563,0.47942343,0.08791956,-0.29088964,-0.36198040,0.09201314,0.25599716,0.23410131,-0.26929305,-0.21372416,-0.09947297,0.43880911,-0.03296112,0.00517742,-0.99944324,-0.02113274,0.03472433,-0.19713989,0.04714882,-0.06613687,0.00078189
10503900000000,synthetic_50hz_06,195,0.02,105.76040533,106.59837648,19.55045098,19.46976461,19.41889738,2.59975787,131.72949286,1,1,0,0,1,0.50766160,0.06051823,-0.19707676,0.01004498,0.08436817,0.15706585,-0.01868177,-0.09874784,-0.16243238,0.02677995,0.11028056,0.16311590,-0.03410606,-0.11863384,-0.15909673,0.04044887,0.12356686,0.15049071,-0.04562552,-0.12493738,-0.13754598,0.01752708,0.21079351,-0.08347300,-0.02568939,0.01421855,-0.40302531,0.03317284,0.23778168,-0.07517124,-0.03975625,-0.00645233,-0.40189522,0.04524329,0.25154622,-0.08568116,-0.04946820,-0.01291792,-0.38232711,0.33704198,0.59857717,0.29286916,-0.32114849,-0.49726563,-0.11610221,0.29599615,0.38161769,-0.06401202,-0.26231009,-0.25496754,0.24228075,0.22106152,0.12096655,-0.41356441,-0.17343964,0.01652196,0.57292482,-0.03330293,0.00567472,-0.99942921,-0.02099030,0.03478230,-0.19707676,0.04685739,-0.06674011,0.00125687
10503920000000,synthetic_50hz_06,196,0.02,105.44156803,106.36701479,19.49519847,19.41889738,19.37020726,2.61357651,131.71139856,1,1,0,0,1,0.50856950,0.05912430,-0.19700303,0.01737864,0.09675921,0.16202624,-0.02558287,-0.10876883,-0.16344529,0.03304954,0.11764258,0.16015212,-0.03956338,-0.12312465,-0.15224170,0.04493658,0.12505697,0.13994207,-0.04901424,-0.12338384,-0.12360786,0.02487815,0.22315488,-0.07856208,-0.03261429,0.00422132,-0.40398875,0.03947212,0.24512632,-0.07818350,-0.04524858,-0.01093248,-0.39499368,0.04977061,0.25303263,-0.09627343,-0.05290035,-0.01136769,-0.36834913,0.32467181,0.51474444,0.14418410,-0.30088999,-0.40097216,0.03598420,0.26843338,0.27563967,-0.21511506,-0.22823771,-0.14236036,0.38804405,0.18146184,0.00497673,-0.54978554,-0.12945435,0.13255037,0.69567647,-0.03364476,0.00616970,-0.99941483,-0.02084105,0.03483346,-0.19700303,0.04656488,-0.06733137,0.00174281
10503940000000,synthetic_50hz_06,197,0.02,105.49358502,106.19232884,19.44270216,19.37020726,19.30886591,2.62735756,131.69581659,1,1,0,0,1,0.50947143,0.05771976,-0.19691802,0.02437001,0.10718362,0.16365964,-0.03197176,-0.11657071,-0.16109351,0.03865176,0.12259701,0.15388297,-0.04421741,-0.12508879,-0.14223592,0.04850824,0.12397419,0.12648814,-0.05140057,-0.11928536,-0.10709365,0.03188665,0.23354937,-0.07697814,-0.03902670,-0.00355653,-0.40158747,0.04510379,0.25006307,-0.08450120,-0.04993739,-0.01288566,-0.38494127,0.05338170,0.25194583,-0.10977113,-0.05532996,-0.00727221,-0.35179488,0.30556909,0.42003135,-0.00795098,-0.27436384,-0.29610360,0.18781757,0.23524856,0.16363904,-0.36226929,-0.18935095,-0.02645670,0.52627661,0.13799426,-0.11148841,-0.67511114,-0.08265913,0.24621925,0.80448189,-0.03398655,0.00666221,-0.99940011,-0.02068505,0.03487779,-0.19691802,0.04627130,-0.06791054,0.00224427
10503960000000,synthetic_50hz_06,198,0.02,105.19192397,105.99224787,19.38649094,19.30886591,19.25055568,2.64110073,131.68276640,1,1,0,0,1,0.51036740,0.05630485,-0.19682097,0.03087371,0.11541972,0.16192115,-0.03771492,-0.12198508,-0.15541425,0.04346879,0.12503355,0.14442669,-0.04796943,-0.12447725,-0.12927523,0.05108709,0.12033221,0.11039671,-0.05273189,-0.11271793,-0.08833540,0.03840718,0.24175530,-0.07876606,-0.04479311,-0.00894659,-0.39585870,0.04995002,0.25248166,-0.09400609,-0.05372398,-0.01226287,-0.37193385,0.05599979,0.24829952,-0.12590648,-0.05670441,-0.00070747,-0.33299641,0.28009850,0.31634561,-0.16040969,-0.24209006,-0.18478756,0.33626133,0.19710205,0.04790201,-0.50241841,-0.14643150,0.09036458,0.65409052,0.09153926,-0.22602592,-0.78690490,-0.03400790,0.35517083,0.89703245,-0.03432824,0.00715211,-0.99938505,-0.02052236,0.03491528,-0.19682097,0.04597665,-0.06847751,0.00276598
10503980000000,synthetic_50hz_06,199,0.02,104.24296733,105.64239176,19.32939813,19.25055568,19.21898989,2.65480563,131.67226534,1,1,0,0,1,0.51125736,0.05487983,-0.19671095,0.03675377,0.12129004,0.15683534,-0.04269154,-0.12489207,-0.14651363,0.04739848,0.12489340,0.13196785,-0.05073891,-0.12129400,-0.11361739,0.05261651,0.11419764,0.09199128,-0.05297716,-0.10380891,-0.06771301,0.04430379,0.24759521,-0.08390127,-0.04979270,-0.01182900,-0.38690855,0.05390867,0.25232326,-0.10651359,-0.05652781,-0.00906807,-0.35622918,0.05756827,0.24216032,-0.14435597,-0.05699265,0.00819918,-0.31233362,0.24875845,0.20579121,-0.31004130,-0.20471047,-0.06929701,0.47823134,0.15476059,-0.06919506,-0.63263374,-0.10034890,0.20569221,0.76879702,0.04304410,-0.33625915,-0.88279552,0.01550169,0.45713158,0.97134261,-0.03466979,0.00763923,-0.99936966,-0.02035301,0.03494593,-0.19671095,0.04568095,-0.06903219,0.00331296
10504000000000,synthetic_50hz_06,200,0.02,104.13388744,105.34069089,19.28302667,19.21898989,19.17663308,2.66847331,131.66432866,1,1,0,0,1,0.51214130,0.05344496,-0.19658693,0.04188648,0.12466519,0.14849612,-0.04679611,-0.12522310,-0.13456485,0.05035660,0.12217078,0.11675402,-0.05246527,-0.11559621,-0.09557711,0.05306135,0.10568895,0.07164467,-0.05212765,-0.09273463,-0.04564669,0.04945275,0.25093972,-0.09228987,-0.05391999,-0.01213520,-0.37491023,0.05689548,0.24958210,-0.12177616,-0.05828830,-0.00335842,-0.33814197,0.05805196,0.23364669,-0.16474677,-0.05618596,0.01927138,-0.29022671,0.21217170,0.09062631,-0.45373582,-0.16297624,0.04799582,0.61076003,0.10908210,-0.18523420,-0.75017575,-0.05204307,0.31713219,0.86796355,-0.00649639,-0.43988712,-0.96072756,0.06484855,0.54995989,1.02579334,-0.03501112,0.00812345,-0.99935395,-0.02017706,0.03496973,-0.19658693,0.04538419,-0.06957448,0.00389058
10504020000000,synthetic_50hz_06,201,0.02,104.22313411,105.11717954,19.23834136,19.17663308,19.11783761,2.68210484,131.65896948,1,1,0,0,1,0.51301921,0.05200049,-0.19644771,0.04616304,0.12546688,0.13706517,-0.04994072,-0.12296264,-0.11980505,0.05227859,0.11691334,0.09909090,-0.05310924,-0.10749337,-0.07551992,0.05240873,0.09497431,0.04977166,-0.05019725,-0.07971710,-0.02258846,0.05374528,0.25171051,-0.10377017,-0.05708702,-0.00984964,-0.36010087,0.05884592,0.24430584,-0.13948805,-0.05896616,0.00475657,-0.31803775,0.05743801,0.22292681,-0.18666412,-0.05429823,0.03228714,-0.26712773,0.17107332,-0.02678261,-0.58848872,-0.11773307,0.16466787,0.73105880,0.06099852,-0.29780568,-0.85255211,-0.00250536,0.42235761,0.94946595,-0.05606003,-0.53473277,-1.01900624,0.11300919,0.63169134,1.05916811,-0.03535219,0.00860461,-0.99933792,-0.01999458,0.03498668,-0.19644771,0.04508639,-0.07010427,0.00450461
10504040000000,synthetic_50hz_06,202,0.02,103.80230767,104.85420516,19.18772979,19.11783761,19.06500058,2.69570034,131.65619879,1,1,0,0,1,0.51389105,0.05054668,-0.19629195,0.04949190,0.12366978,0.12276903,-0.05205692,-0.11814879,-0.10253073,0.05312112,0.10922152,0.07933643,-0.05265381,-0.09714534,-0.05385482,0.05066847,0.08226841,0.02682054,-0.04722234,-0.06501964,0.00098698,0.05708981,0.24988229,-0.11811561,-0.05922538,-0.00501042,-0.34277698,0.05971665,0.23659493,-0.15929137,-0.05854441,0.01511705,-0.29632552,0.05573623,0.21021535,-0.20965971,-0.05136583,0.04698314,-0.24351137,0.12629618,-0.14400905,-0.71146404,-0.06990429,0.27829526,0.83657705,0.01149703,-0.40455808,-0.93757116,0.04724169,0.51915731,1.01153466,-0.10461842,-0.61878900,-1.05633514,0.15897894,0.70058070,1.07068098,-0.03569295,0.00908256,-0.99932158,-0.01980563,0.03499677,-0.19629195,0.04478754,-0.07062147,0.00516134
10504060000000,synthetic_50hz_06,203,0.02,104.05806397,104.69497692,19.13618352,19.06500058,18.99093529,2.70925982,131.65602547,1,1,0,0,1,0.51475681,0.04908380,-0.19611809,0.05180074,0.11930243,0.10589479,-0.05309731,-0.11087285,-0.08309197,0.05286305,0.09924676,0.05789358,-0.05110472,-0.08475933,-0.03102609,0.04787303,0.06782826,0.00326410,-0.04326113,-0.04894166,0.02459199,0.05941403,0.24548356,-0.13503914,-0.06028765,0.00229116,-0.32328864,0.05948652,0.22660078,-0.18078310,-0.05702877,0.02751581,-0.27344957,0.05297907,0.19576935,-0.23326076,-0.04744697,0.06305996,-0.21986525,0.07875435,-0.25861652,-0.82005449,-0.02047222,0.38650360,0.92505693,-0.03840013,-0.50324760,-1.00338955,0.09616539,0.60548274,1.05279397,-0.15115816,-0.69026153,-1.07184586,0.20179297,0.75513976,1.05999593,-0.03603332,0.00955717,-0.99930495,-0.01961025,0.03500000,-0.19611809,0.04448767,-0.07112600,0.00586762
10504080000000,synthetic_50hz_06,204,0.02,104.16155160,104.58829186,19.07517926,18.99093529,18.90536797,2.72278206,131.65845625,1,1,0,0,1,0.51561648,0.04761211,-0.19592440,0.05303814,0.11244687,0.08678442,-0.05303661,-0.10127770,-0.06188546,0.05150601,0.08718864,0.03520232,-0.04849047,-0.07058589,-0.00750428,0.04407692,0.05194811,-0.02041011,-0.03839261,-0.03181265,0.04773607,0.06066652,0.23859641,-0.15419875,-0.06024856,0.01191221,-0.30203254,0.05815718,0.21452299,-0.20352331,-0.05444773,0.04170230,-0.24988045,0.04922104,0.17988304,-0.25697971,-0.04262064,0.08018813,-0.19667990,0.02942463,-0.36820918,-0.91193731,0.02954189,0.48701778,0.99458228,-0.08765669,-0.59178542,-1.04855297,0.14324432,0.67949162,1.07229340,-0.19470214,-0.74760776,-1.06511910,0.24054661,0.79417002,1.02723693,-0.03637327,0.01002829,-0.99928802,-0.01940852,0.03499637,-0.19592440,0.04418677,-0.07161775,0.00663101
10504100000000,synthetic_50hz_06,205,0.02,104.42375647,104.55538478,19.00385852,18.90536797,18.80422948,2.73626479,131.66349571,1,1,0,0,1,0.51647002,0.04613186,-0.19570890,0.05317471,0.10323736,0.06582805,-0.05187237,-0.08955516,-0.03934653,0.04907452,0.07329104,0.01173064,-0.04486183,-0.05491390,0.01622346,0.03935576,0.03495357,-0.04370982,-0.03271504,-0.01398551,0.06993601,0.06081788,0.22935505,-0.17520433,-0.05910564,0.02366090,-0.27944401,0.05575312,0.20060544,-0.22704398,-0.05085209,0.05738763,-0.22610530,0.04453777,0.16288203,-0.28032430,-0.03698509,0.09801473,-0.17443851,-0.02067339,-0.47048205,-0.98512462,0.07909882,0.57771004,1.04362097,-0.13524381,-0.66828239,-1.07202924,0.18748965,0.73958784,1.06953041,-0.23433007,-0.78957063,-1.03619652,0.27441465,0.81678973,0.97298860,-0.03671272,0.01049577,-0.99927082,-0.01920051,0.03498588,-0.19570890,0.04388485,-0.07209664,0.00745985
10504120000000,synthetic_50hz_06,206,0.02,103.90470006,104.42524784,18.92001432,18.80422948,18.71993626,2.74970454,131.67114633,1,1,0,0,1,0.51731742,0.04464333,-0.19546935,0.05220387,0.09185781,0.04345608,-0.04962509,-0.07594228,-0.01594030,0.04561561,0.05783730,-0.01203504,-0.04029100,-0.03806485,0.03966341,0.03380479,0.01719496,-0.06614826,-0.02634396,0.00417066,0.09072603,0.05986154,0.21794342,-0.19762546,-0.05687942,0.03730020,-0.25598818,0.05232138,0.18513148,-0.25085870,-0.04631401,0.07425031,-0.20261785,0.03902449,0.14511665,-0.30280775,-0.03065588,0.11617067,-0.15360688,-0.07049824,-0.56326970,-1.03800726,0.12716301,0.65664543,1.07105956,-0.18016160,-0.73108976,-1.07323272,0.22796606,0.78445643,1.04446408,-0.26919814,-0.81520686,-0.98558306,0.30266912,0.82245449,0.89828721,-0.03705163,0.01095950,-0.99925334,-0.01898627,0.03496853,-0.19546935,0.04358193,-0.07256259,0.00836339
10504140000000,synthetic_50hz_06,207,0.02,103.76931873,104.29406202,18.83598154,18.71993626,18.63408796,2.76309848,131.68140840,1,1,0,0,1,0.51815867,0.04314679,-0.19520322,0.05014211,0.07853827,0.02013048,-0.04633800,-0.06071667,0.00784782,0.04119794,0.04114458,-0.03559987,-0.03487013,-0.02038627,0.06232556,0.02753700,-0.00095979,-0.08725437,-0.01940996,0.02227817,0.10966759,0.05781399,0.20459157,-0.22100018,-0.05361309,0.05255249,-0.23215046,0.04793064,0.16841824,-0.27447261,-0.04092567,0.09194282,-0.17990812,0.03279418,0.12695483,-0.32395898,-0.02376357,0.13427826,-0.13462354,-0.11900826,-0.64459253,-1.06939104,0.17272412,0.72212353,1.07622948,-0.22146027,-0.77883538,-1.05203972,0.26381162,0.81309304,0.99751917,-0.29855715,-0.82390885,-0.91423967,0.32469514,0.81097098,0.80460222,-0.03738994,0.01141931,-0.99923559,-0.01876588,0.03494433,-0.19520322,0.04327799,-0.07301551,0.00935194
10504160000000,synthetic_50hz_06,208,0.02,103.38041709,104.11133303,18.75118624,18.63408796,18.55608902,2.77644415,131.69428012,1,1,0,0,1,0.51899374,0.04164250,-0.19490768,0.04702881,0.06355042,-0.00366471,-0.04207623,-0.04419092,0.03152220,0.03591056,0.02355738,-0.05847088,-0.02870959,-0.00224467,0.08373383,0.02068090,-0.01913276,-0.10658269,-0.01205597,0.03995858,0.12635872,0.05471460,0.18957117,-0.24484445,-0.04937181,0.06910518,-0.20842649,0.04266992,0.15081025,-0.29739275,-0.03479742,0.11009865,-0.15845218,0.02597537,0.10877448,-0.34333256,-0.01645110,0.15195905,-0.11789047,-0.16518331,-0.71269940,-1.07852465,0.21481845,0.77271572,1.05892411,-0.25826028,-0.81045429,-1.00879430,0.29425634,0.82482708,0.92958047,-0.32176885,-0.81541973,-0.82356640,0.34000462,0.78250344,0.69380854,-0.03772759,0.01187508,-0.99921760,-0.01853941,0.03491328,-0.19490768,0.04297306,-0.07345532,0.01043698
10504180000000,synthetic_50hz_06,209,0.02,103.13757360,103.91658114,18.66924541,18.55608902,18.47816257,2.78973993,131.70975750,1,1,0,0,1,0.51982261,0.04013073,-0.19457950,0.04292552,0.04720209,-0.02743334,-0.03692561,-0.02670630,0.05458722,0.02986112,0.00544055,-0.08016732,-0.02193572,0.01598205,0.10343616,0.01337790,-0.03694388,-0.12372289,-0.00443439,0.05684061,0.14044263,0.05062493,0.17319006,-0.26866211,-0.04424140,0.08661700,-0.18531187,0.03664687,0.13267235,-0.31913835,-0.02805562,0.12833990,-0.13870209,0.01870945,0.09095567,-0.36051815,-0.00887089,0.16884177,-0.10376446,-0.20804635,-0.76610600,-1.06511851,0.25254937,0.80729699,1.01940641,-0.28977128,-0.82521323,-0.94430434,0.31863895,0.81933818,0.84197755,-0.33832010,-0.78984124,-0.71537614,0.34824734,0.73757280,0.56815011,-0.03806453,0.01232666,-0.99919936,-0.01830694,0.03487539,-0.19457950,0.04266714,-0.07388194,0.01163136
10504200000000,synthetic_50hz_06,210,0.02,103.03634102,103.74053312,18.58899062,18.47816257,18.39410647,2.80298468,131.72783446,1,1,0,0,1,0.52064526,0.03861176,-0.19421507,0.03791481,0.02983107,-0.05067750,-0.03099100,-0.00862575,0.07655773,0.02317371,-0.01282826,-0.10023076,-0.01468831,0.03391243,0.12101410,0.00577944,-0.05401889,-0.13830854,0.00329605,0.07256795,0.15161548,0.04562754,0.15578604,-0.29195526,-0.03832673,0.10472500,-0.16329176,0.02998561,0.11438219,-0.33925100,-0.02084004,0.14628509,-0.12107632,0.01114787,0.07387268,-0.37514931,-0.00118163,0.18457011,-0.09254934,-0.24668420,-0.80362782,-1.02935407,0.28510665,0.82507166,0.95840665,-0.31530935,-0.82272830,-0.85982792,0.33642153,0.79666530,0.73645995,-0.34783452,-0.74763407,-0.59185950,0.34921928,0.67704820,0.43019546,-0.03840070,0.01277394,-0.99918089,-0.01806853,0.03483067,-0.19421507,0.04236024,-0.07429529,0.01294947
10504220000000,synthetic_50hz_06,211,0.02,102.60746028,103.51391855,18.50713927,18.39410647,18.31660253,2.81617728,131.74850275,1,1,0,0,1,0.52146167,0.03708585,-0.19381028,0.03209869,0.01179820,-0.07290793,-0.02439421,0.00967357,0.09696925,0.01598644,-0.03086644,-0.11823490,-0.00711777,0.05116942,0.13609178,-0.00195612,-0.06999717,-0.15002508,0.01097360,0.08680686,0.15963308,0.03982445,0.13771994,-0.31423463,-0.03174959,0.12305202,-0.14283065,0.02282421,0.09632239,-0.35730439,-0.01330108,0.16355719,-0.10595071,0.00344899,0.05788611,-0.38691148,0.00645490,0.19881033,-0.08448931,-0.28026719,-0.82440715,-0.97188332,0.31178407,0.82559246,0.87711040,-0.33431206,-0.80297556,-0.75704997,0.34720169,0.75720850,0.61516343,-0.35008132,-0.68961077,-0.45554145,0.34286795,0.60213123,0.28278600,-0.03873604,0.01321676,-0.99916220,-0.01782427,0.03477911,-0.19381028,0.04205236,-0.07469530,0.01440743
10504240000000,synthetic_50hz_06,212,0.02,102.63863281,103.33886140,18.42711384,18.31660253,18.22563180,2.82931702,131.77175203,1,1,0,0,1,0.52227184,0.03555328,-0.19336054,0.02559657,-0.00652009,-0.09365438,-0.01727152,0.02780811,0.11538787,0.00844852,-0.04829442,-0.13379467,0.00061805,0.06738837,0.14834412,-0.00966680,-0.08453948,-0.15861673,0.01843686,0.09925328,0.16431635,0.03333505,0.11936818,-0.33502996,-0.02464625,0.14121453,-0.12436246,0.01531191,0.07887252,-0.37291344,-0.00559662,0.17979153,-0.09365039,-0.00422524,0.04333521,-0.39554887,0.01387731,0.21125836,-0.07976345,-0.30806721,-0.82793342,-0.89381844,0.33199500,0.80877235,0.77713678,-0.34635122,-0.76629400,-0.63804990,0.35072197,0.70172303,0.48056775,-0.34498125,-0.61692107,-0.30923060,0.32929455,0.51433298,0.12897819,-0.03907050,0.01365501,-0.99914329,-0.01757424,0.03472074,-0.19336054,0.04174351,-0.07508190,0.01602333
10504260000000,synthetic_50hz_06,213,0.02,102.28769742,103.12862861,18.34249139,18.22563180,18.13690342,2.84240276,131.79756980,1,1,0,0,1,0.52307573,0.03401433,-0.19286066,0.01854282,-0.02473961,-0.11247557,-0.00977089,0.04539603,0.13141953,0.00071726,-0.06474366,-0.14657461,0.00835704,0.08222470,0.15750388,-0.01719041,-0.09733516,-0.16389223,0.02552817,0.10963941,0.16555550,0.02629373,0.10111497,-0.35389999,-0.01716471,0.15883066,-0.10828122,0.00760601,0.06240110,-0.38574270,0.00211126,0.19464356,-0.08444255,-0.01171259,0.03053062,-0.40087025,0.02092796,0.22164641,-0.07848156,-0.32947374,-0.81405642,-0.79671156,0.34528563,0.77488891,0.66050744,-0.35114278,-0.71338099,-0.50526058,0.34687632,0.63130597,0.33544683,-0.33260925,-0.53103010,-0.15596199,0.30875290,0.41544439,-0.02801931,-0.03940403,0.01408855,-0.99912419,-0.01731851,0.03465557,-0.19286066,0.04143370,-0.07545502,0.01781746
10504280000000,synthetic_50hz_06,214,0.02,101.96205548,102.89531398,18.25614444,18.13690342,18.04718140,2.85543335,131.82594147,1,1,0,0,1,0.52387332,0.03246928,-0.19230480,0.01108409,-0.04247642,-0.12896871,-0.00204898,0.06206516,0.14471862,-0.00704521,-0.07986454,-0.15629623,0.01593627,0.09536138,0.16336774,-0.02436789,-0.10810891,-0.16572928,0.03209697,0.11773961,0.16331277,0.01884713,0.08334425,-0.37044192,-0.00946159,0.17552826,-0.09493257,-0.00013138,0.04725777,-0.39551366,0.00965962,0.20779622,-0.07853055,-0.01885403,0.01974768,-0.40275327,0.02745627,0.22974884,-0.08068139,-0.34400756,-0.78299201,-0.68252514,0.35134545,0.72458108,0.52960673,-0.34855389,-0.64528013,-0.36141951,0.33571336,0.54737546,0.18281239,-0.31319405,-0.43368970,0.00106529,0.28164521,0.30750046,-0.18491226,-0.03973656,0.01451725,-0.99910489,-0.01705717,0.03458360,-0.19230480,0.04112294,-0.07581459,0.01981260
10504300000000,synthetic_50hz_06,215,0.02,101.44638561,102.60552831,18.16837996,18.04718140,17.96170240,2.86840764,131.85685036,1,1,0,0,1,0.52466461,0.03091839,-0.19168638,0.00337625,-0.05935496,-0.14277823,0.00573218,0.07746098,0.15499551,-0.01467535,-0.09333377,-0.16274420,0.02319543,0.10651569,0.16580090,-0.03104677,-0.11662673,-0.16407749,0.03800301,0.12337535,0.15762364,0.01115113,0.06643157,-0.38430015,-0.00169895,0.19095280,-0.08460613,-0.00773671,0.03376582,-0.40201101,0.01688814,0.21896681,-0.07604916,-0.02549707,0.01122036,-0.40114758,0.03332200,0.23538712,-0.08632747,-0.35133184,-0.73532014,-0.55359346,0.35001485,0.65883817,0.38713391,-0.33860676,-0.56336160,-0.20951310,0.31743648,0.45164304,0.02585194,-0.28711436,-0.32690341,0.15855455,0.24851460,0.19273900,-0.33838983,-0.04006804,0.01494098,-0.99908542,-0.01679030,0.03450485,-0.19168638,0.04081123,-0.07616055,0.02203428
10504320000000,synthetic_50hz_06,216,0.02,101.05119645,102.29466194,18.08157539,17.96170240,17.87248627,2.88132485,131.89027765,1,1,0,0,1,0.52544957,0.02936195,-0.19099801,-0.00441883,-0.07501604,-0.15360352,0.01340853,0.09125419,0.16202304,-0.02201166,-0.10486144,-0.16577136,0.02998018,0.11544549,0.16474042,-0.03708436,-0.12270118,-0.15895993,0.04311938,0.12641935,0.14859656,0.00336758,0.05073613,-0.39517411,0.00595918,0.20477497,-0.07752907,-0.01504846,0.02221515,-0.40508758,0.02364250,0.22791317,-0.07706135,-0.03149905,0.00513610,-0.39607623,0.03839823,0.23843396,-0.09531135,-0.35126022,-0.67197514,-0.41257580,0.34128951,0.57898147,0.23604827,-0.32147927,-0.46929549,-0.05271535,0.29240063,0.34607951,-0.13213737,-0.25489194,-0.21288589,0.31318051,0.21003460,0.07355467,-0.48519451,-0.04039842,0.01535963,-0.99906578,-0.01651799,0.03441934,-0.19099801,0.04049858,-0.07649283,0.02451110
10504340000000,synthetic_50hz_06,217,0.02,101.06075880,102.04788131,17.99375796,17.87248627,17.76200130,2.89418416,131.92620247,1,1,0,0,1,0.52622818,0.02780024,-0.19023139,-0.01213668,-0.08912451,-0.16120570,0.02081746,0.10314782,0.16564170,-0.02889807,-0.11419734,-0.16530216,0.03614552,0.12195449,0.16019690,-0.04235089,-0.12619564,-0.15047307,0.04733526,0.12679851,0.13641104,-0.00433904,0.03659308,-0.40282489,0.01335017,0.21669782,-0.07386091,-0.02191058,0.01285598,-0.40466781,0.02977770,0.23443903,-0.08155652,-0.03673018,0.00163155,-0.38763570,0.04257416,0.23881626,-0.10745350,-0.34376184,-0.59422847,-0.26240245,0.32532167,0.48663854,0.07950829,-0.29750232,-0.36501860,0.10567814,0.26110585,0.23287500,-0.28781782,-0.21718157,-0.09401751,0.46165957,0.16699584,-0.04755056,-0.62219147,-0.04072765,0.01577307,-0.99904599,-0.01624033,0.03432709,-0.19023139,0.04018499,-0.07681138,0.02727510
10504360000000,synthetic_50hz_06,218,0.02,100.66723864,101.77175278,17.89642016,17.76200130,17.64665811,2.90698375,131.96460187,1,1,0,0,1,0.52700043,0.02623354,-0.18937719,-0.01961371,-0.10137654,-0.16541300,0.02780127,0.11288375,0.16576340,-0.03518731,-0.12113648,-0.16133475,0.04155888,0.12589678,0.15225476,-0.04673229,-0.12702743,-0.13878518,0.05055839,0.12449581,0.12131437,-0.01180513,0.02430625,-0.40708074,0.02031632,0.22646322,-0.07368971,-0.02817580,0.00589330,-0.40074985,0.03516115,0.23839847,-0.08945023,-0.04107639,0.00078935,-0.37599423,0.04575752,0.23651702,-0.12250668,-0.32896309,-0.50366407,-0.10621445,0.30241792,0.38371089,-0.07919397,-0.26715389,-0.25269514,0.26231920,0.22418769,0.11439408,-0.43788165,-0.17475806,0.02720502,0.60081976,0.12029007,-0.16801979,-0.74643596,-0.04105565,0.01618117,-0.99902605,-0.01595741,0.03422811,-0.18937719,0.03987048,-0.07711613,0.03036205
10504380000000,synthetic_50hz_06,219,0.02,100.23802446,101.46500711,17.79152010,17.64665811,17.52552584,2.91972115,132.00545084,1,1,0,0,1,0.52776630,0.02466212,-0.18842497,-0.02669063,-0.11150623,-0.16612485,0.03421051,0.12024839,0.16237380,-0.04074409,-0.12552375,-0.15394144,0.04610300,0.12718019,0.14107088,-0.05013274,-0.12516997,-0.12413318,0.05271712,0.11955104,0.10361666,-0.01887141,0.01414154,-0.40784106,0.02670820,0.23385757,-0.07702983,-0.03370884,0.00148222,-0.39340602,0.03967562,0.23969931,-0.10058561,-0.04444187,0.00263610,-0.36138877,0.04787667,0.23157602,-0.14016073,-0.30714605,-0.40214697,0.05270166,0.27303382,0.27233548,-0.23670187,-0.23104990,-0.13467244,0.41387785,0.18240470,-0.00687328,-0.57912154,-0.12850068,0.14822083,0.72766888,0.07089194,-0.28529511,-0.85523719,-0.04138239,0.01658382,-0.99900598,-0.01566932,0.03412242,-0.18842497,0.03955505,-0.07740704,0.03381186
10504400000000,synthetic_50hz_06,220,0.02,100.13850943,101.19970758,17.67980251,17.52552584,17.38413226,2.93239347,132.04872232,1,1,0,0,1,0.52852577,0.02308628,-0.18736303,-0.03321593,-0.11929151,-0.16331440,0.03990726,0.12507751,0.15553306,-0.04544804,-0.12725748,-0.14326763,0.04967854,0.12576855,0.12687172,-0.05247678,-0.12065366,-0.10681805,0.05376208,0.11206026,0.08368476,-0.02538638,0.00632102,-0.40507903,0.03238787,0.23871665,-0.08382113,-0.03838931,-0.00027559,-0.38278170,0.04322174,0.23830539,-0.11473621,-0.04675116,0.00714141,-0.34412028,0.04888224,0.22408931,-0.16004884,-0.27874356,-0.29178554,0.21098276,0.23776527,0.15484096,-0.38966511,-0.18993209,-0.01343224,0.55711324,0.13662308,-0.12836374,-0.70849954,-0.07937517,0.26645893,0.83945946,0.01983883,-0.39687199,-0.94621738,-0.04170781,0.01698090,-0.99898579,-0.01537616,0.03401004,-0.18736303,0.03923871,-0.07768405,0.03766891
10504420000000,synthetic_50hz_06,221,0.02,99.73653931,100.90707392,17.55562101,17.38413226,17.23542225,2.94499678,132.09438723,1,1,0,0,1,0.52927882,0.02150629,-0.18617830,-0.03904913,-0.12455911,-0.15702960,0.04476809,0.12726002,0.14537498,-0.04919636,-0.12629196,-0.12952913,0.05220628,0.12168285,0.10994889,-0.05371107,-0.11356556,-0.08719878,0.05366734,0.10217413,0.06193469,-0.03120954,0.00101796,-0.39884257,0.03723191,0.24092936,-0.09392978,-0.04211442,0.00066557,-0.36909272,0.04572033,0.23423769,-0.13161043,-0.04795092,0.01421820,-0.32454776,0.04874828,0.21420755,-0.18175497,-0.24433106,-0.17488831,0.36526020,0.19733675,0.03369934,-0.53481122,-0.14465313,0.10846121,0.68894339,0.08779909,-0.24749476,-0.82321300,-0.02841376,0.37939293,0.93374900,-0.03179075,-0.50035302,-1.01736457,-0.04203185,0.01737229,-0.99896550,-0.01507801,0.03389099,-0.18617830,0.03892147,-0.07794711,0.04198241
10504440000000,synthetic_50hz_06,222,0.02,99.70799919,100.66725898,17.42113753,17.23542225,17.06496275,2.95752655,132.14241448,1,1,0,0,1,0.53002543,0.01992244,-0.18485622,-0.04406380,-0.12718858,-0.14739256,0.04868679,0.12674065,0.13210461,-0.05190611,-0.12263874,-0.11300802,0.05362895,0.11500109,0.09065335,-0.05380565,-0.10404791,-0.06568511,0.05243111,0.09009497,0.03882313,-0.03621449,-0.00164717,-0.38925381,0.04113411,0.24044044,-0.10715075,-0.04480124,0.00429418,-0.35262114,0.04711409,0.22757422,-0.15085729,-0.04801119,0.02372425,-0.30308094,0.04747303,0.20213308,-0.20482245,-0.20461533,-0.05391613,0.51223169,0.15258681,-0.08852568,-0.66901585,-0.09615914,0.22841526,0.80651198,0.03695916,-0.36171952,-0.92075600,0.02330637,0.48459523,1.00845419,-0.08289997,-0.59349984,-1.06707817,-0.04235445,0.01775788,-0.99894511,-0.01477498,0.03376530,-0.18485622,0.03860332,-0.07819617,0.04680674
10504460000000,synthetic_50hz_06,223,0.02,99.23264011,100.38033520,17.27154412,17.06496275,16.89364282,2.96997719,132.19277095,1,1,0,0,1,0.53076559,0.01833502,-0.18338059,-0.04815040,-0.12711512,-0.13459745,0.05157675,0.12352150,0.11599431,-0.05351611,-0.11636670,-0.09404700,0.05391258,0.10585699,0.06938827,-0.05275473,-0.09229537,-0.04272904,0.05007593,0.07607284,0.01483792,-0.04029166,-0.00160959,-0.37650690,0.04400786,0.23725197,-0.12321168,-0.04638858,0.01054134,-0.33370968,0.04736906,0.21844870,-0.17207364,-0.04692618,0.03546489,-0.28017182,0.04507902,0.18811593,-0.22876345,-0.16042028,0.06856940,0.64873229,0.10445092,-0.20923290,-0.78937062,-0.04547020,0.34386411,0.90725102,-0.01482145,-0.46858157,-0.99897495,0.07468580,0.57978960,1.06189798,-0.13239692,-0.67428202,-1.09420598,-0.04267557,0.01813756,-0.99892463,-0.01446716,0.03363300,-0.18338059,0.03828429,-0.07843120,0.05220169
10504480000000,synthetic_50hz_06,224,0.02,99.13111459,100.13049108,17.11282558,16.89364282,16.70850538,2.98234292,132.24542160,1,1,0,0,1,0.53149929,0.01674430,-0.18173346,-0.05121870,-0.12433136,-0.11890675,0.05337293,0.11766229,0.09737833,-0.05398839,-0.10760096,-0.07304245,0.05304734,0.09443745,0.04660072,-0.05057692,-0.07855125,-0.01881547,0.04664833,0.06040040,-0.00951223,-0.04335082,0.00113808,-0.36086433,0.04578812,0.23142369,-0.14177832,-0.04683847,0.01928193,-0.31275469,0.04647541,0.20704802,-0.19481239,-0.04471451,0.04919680,-0.25630530,0.04161279,0.17244878,-0.25306924,-0.11267018,0.18995996,0.77180311,0.05394217,-0.32583896,-0.89324679,0.00634102,0.45232387,0.98893776,-0.06644139,-0.56576807,-1.05611718,0.12462622,0.66290091,1.09284826,-0.17921803,-0.74092201,-1.09807201,-0.04299515,0.01851121,-0.99890409,-0.01415465,0.03349410,-0.18173346,0.03796438,-0.07865214,0.05823267
10504500000000,synthetic_50hz_06,225,0.02,98.57585612,99.81956409,16.94301109,16.70850538,16.53218632,2.99461764,132.30032938,1,1,0,0,1,0.53222650,0.01515058,-0.17989500,-0.05319979,-0.11888782,-0.10064603,0.05403335,0.10927946,0.07664601,-0.05330910,-0.09652053,-0.05043625,0.05104793,0.08097886,0.02277239,-0.04731502,-0.06310254,0.00554800,0.04221800,0.04340694,-0.03370845,-0.04532309,0.00654531,-0.34265166,0.04643292,0.22307204,-0.16246133,-0.04613707,0.03033695,-0.29019806,0.04444784,0.19360859,-0.21859187,-0.04141898,0.06463302,-0.23198896,0.03714401,0.15546092,-0.27722096,-0.06237049,0.30765613,0.87875611,0.00213004,-0.43583387,-0.97835362,0.05817182,0.55144631,1.04974473,-0.11679657,-0.65116030,-1.09087122,0.17205401,0.73210104,1.10054738,-0.22235106,-0.79193496,-1.07849425,-0.04331313,0.01887873,-0.99888349,-0.01383755,0.03334864,-0.17989500,0.03764359,-0.07885896,0.06497072
10504520000000,synthetic_50hz_06,226,0.02,98.47265410,99.55018209,16.77046469,16.53218632,16.34971128,3.00679599,132.35745534,1,1,0,0,1,0.53294720,0.01355413,-0.17784341,-0.05404775,-0.11089220,-0.08019738,0.05354017,0.09854402,0.05423378,-0.05148900,-0.08335477,-0.02670659,0.04795339,0.06576237,-0.00159056,-0.04303525,-0.04627400,0.02984185,0.03687639,0.02545154,-0.05723278,-0.04616253,0.01450443,-0.32225098,0.04592441,0.21236800,-0.18482430,-0.04429513,0.04347703,-0.26651799,0.04132539,0.17841152,-0.24290592,-0.03710579,0.08144876,-0.20774236,0.03176414,0.13751143,-0.30070066,-0.01058692,0.41912323,0.96723368,-0.04988211,-0.53683536,-1.04278975,0.10891301,0.63907028,1.08828171,-0.16480390,-0.72288051,-1.10239800,0.21594341,0.78584975,1.08473165,-0.26085718,-0.82616258,-1.03579197,-0.04362947,0.01924001,-0.99886285,-0.01351598,0.03319664,-0.17784341,0.03732194,-0.07905162,0.07249249
10504540000000,synthetic_50hz_06,227,0.02,98.03129581,99.24640483,16.59374826,16.34971128,16.18003085,3.01887305,132.41675860,1,1,0,0,1,0.53366139,0.01195525,-0.17555483,-0.05374073,-0.10050736,-0.05799151,0.05190019,0.08567815,0.03061605,-0.04856334,-0.06837879,-0.00235791,0.04382639,0.04910805,-0.02596820,-0.03782591,-0.02842149,0.05354564,0.03073489,0.00691553,-0.07957933,-0.04584728,0.02485254,-0.30009301,0.04426939,0.19953377,-0.20839279,-0.04134791,0.05842707,-0.24221890,0.03717075,0.16177691,-0.26723461,-0.03186327,0.09928818,-0.18408590,0.02558460,0.11898163,-0.32300244,0.04157714,0.52194618,1.03526157,-0.10098052,-0.62664094,-1.08508686,0.15747259,0.71326935,1.10362858,-0.20942466,-0.77933387,-1.09035218,0.25533891,0.82292983,1.04564042,-0.29389162,-0.84280034,-0.97078236,-0.04394410,0.01959495,-0.99884218,-0.01319002,0.03303813,-0.17555483,0.03699942,-0.07923008,0.08087978
10504560000000,synthetic_50hz_06,228,0.02,98.16435848,99.02999556,16.41998694,16.18003085,16.00398608,3.03084516,132.47819639,1,1,0,0,1,0.53436904,0.01035423,-0.17300331,-0.05228155,-0.08794821,-0.03449880,0.04914484,0.07095078,0.00629526,-0.04459126,-0.05190780,0.02208977,0.03875209,0.03136829,-0.04983794,-0.03179568,-0.00992443,0.07614926,0.02392259,-0.01180556,-0.10026517,-0.04438019,0.03737477,-0.27664812,0.04149929,0.18483828,-0.23266437,-0.03735454,0.07487186,-0.21782081,0.03206906,0.14405716,-0.29105536,-0.02580009,0.11777185,-0.16152969,0.01873444,0.10026705,-0.34364338,0.09300401,0.61388236,1.08129398,-0.15006496,-0.70327653,-1.10424411,0.20279947,0.77239490,1.09535836,-0.24968718,-0.81924477,-1.05489291,0.28937629,0.84247543,0.98401442,-0.32072254,-0.84141713,-0.88476633,-0.04425698,0.01994344,-0.99882148,-0.01285979,0.03287315,-0.17300331,0.03667606,-0.07939432,0.09021898
10504580000000,synthetic_50hz_06,229,0.02,97.87855561,98.79970757,16.24526658,16.00398608,15.84383766,3.04270919,132.54172407,1,1,0,0,1,0.53507014,0.00875134,-0.17016084,-0.04969784,-0.07347733,-0.01021941,0.04532967,0.05467205,-0.01820876,-0.03965464,-0.03429054,0.04611197,0.03283634,0.01292042,-0.07268575,-0.02507136,0.00882220,0.09716396,0.01658355,-0.03031047,-0.11884090,-0.04178886,0.05180852,-0.25241647,0.03766967,0.16859167,-0.25711924,-0.03239692,0.09246266,-0.19384820,0.02612617,0.12562956,-0.31385412,-0.01904304,0.13650480,-0.14056250,0.01135775,0.08176896,-0.36217409,0.14258580,0.69291106,1.10424983,-0.19607250,-0.76504055,-1.09975298,0.24390633,0.81511357,1.06354975,-0.28470823,-0.84168649,-0.99668387,0.31730186,0.84399319,0.90108314,-0.34074752,-0.82196717,-0.77950376,-0.04456805,0.02028539,-0.99880079,-0.01252539,0.03270173,-0.17016084,0.03635184,-0.07954430,0.10059991
10504600000000,synthetic_50hz_06,230,0.02,97.43224945,98.52621595,16.07666644,15.84383766,15.70703933,3.05446336,132.60729517,1,1,0,0,1,0.53576468,0.00714689,-0.16699740,-0.04604151,-0.05739962,0.01432735,0.04053330,0.03718686,-0.04236996,-0.03385650,-0.01590199,0.06919103,0.02620360,-0.00584135,-0.09401729,-0.01779524,0.02741628,0.11613298,0.00887383,-0.04820078,-0.13490051,-0.03812522,0.06784890,-0.22791736,0.03285914,0.15113884,-0.28123132,-0.02657806,0.11082449,-0.17081875,0.01946656,0.10688835,-0.33513657,-0.01173444,0.15508489,-0.12164108,0.00361058,0.06388578,-0.37818855,0.18924833,0.75727859,1.10353919,-0.23800069,-0.81054252,-1.07161157,0.27989138,0.84043813,1.00878889,-0.31371267,-0.84610352,-0.91688235,0.33848948,0.82737535,0.79854167,-0.35350748,-0.78479356,-0.65717866,-0.04487727,0.02062069,-0.99878009,-0.01218694,0.03252390,-0.16699740,0.03602679,-0.07968000,0.11211434
10504620000000,synthetic_50hz_06,231,0.02,97.32826449,98.28662566,15.92142305,15.70703933,15.57971037,3.06610787,132.67486140,1,1,0,0,1,0.53645262,0.00554115,-0.16348116,-0.04138784,-0.04005595,0.03861410,0.03485581,0.01886766,-0.06566731,-0.02731887,0.00286460,0.09082729,0.01899432,-0.02451427,-0.11336869,-0.01012216,0.04545718,0.13264161,0.00095816,-0.06508954,-0.14809041,-0.03346455,0.08515503,-0.20367817,0.02716778,0.13285222,-0.30447960,-0.02001999,0.12956410,-0.14923208,0.01223066,0.08823626,-0.35443884,-0.00402909,0.17311152,-0.10518014,-0.00434235,0.04700445,-0.39133317,0.23197455,0.80553802,1.07907938,-0.27492966,-0.83873516,-1.02032800,0.30995842,0.84775116,0.93216009,-0.33605094,-0.83232611,-0.81711757,0.35245495,0.79290470,0.67851717,-0.35869752,-0.73062348,-0.52035480,-0.04518457,0.02094926,-0.99875942,-0.01184454,0.03233969,-0.16348116,0.03570091,-0.07980139,0.12485382
10504640000000,synthetic_50hz_06,232,0.02,96.73429334,97.97615919,15.77790372,15.57971037,15.48160252,3.07764439,132.74437267,1,1,0,0,1,0.53713397,0.00393441,-0.15957880,-0.03583394,-0.02181600,0.06211675,0.02841674,0.00010650,-0.08759612,-0.02018028,0.02160608,0.11055005,0.01136201,-0.04269575,-0.13031677,-0.00221617,0.06255447,0.14632640,-0.00699357,-0.08060973,-0.15811737,-0.02790395,0.10335725,-0.18022300,0.02071515,0.11412387,-0.32635938,-0.01286123,0.14827835,-0.12955892,0.00457199,0.07007590,-0.37133774,0.00390892,0.19019424,-0.09154312,-0.01233113,0.03149200,-0.40131472,0.26982701,0.83658250,1.03130012,-0.30604258,-0.84893935,-0.94691288,0.33343481,0.83682088,0.83522570,-0.35121395,-0.80057648,-0.69945858,0.35886743,0.74125108,0.54352574,-0.35617460,-0.66055507,-0.37192280,-0.04548991,0.02127099,-0.99873878,-0.01149830,0.03214914,-0.15957880,0.03537421,-0.07990845,0.13890674
10504660000000,synthetic_50hz_06,233,0.02,96.22685194,97.62629774,15.65345722,15.48160252,15.40591573,3.08907667,132.81577714,1,1,0,0,1,0.53780870,0.00232697,-0.15525587,-0.02949680,-0.00307043,0.08432587,0.02135262,-0.01869330,-0.10767908,-0.01259283,0.03991810,0.12792786,0.00346998,-0.05999204,-0.14448842,0.00575291,0.07833638,0.15688330,-0.01480994,-0.09442225,-0.16475517,-0.02156042,0.12206489,-0.15806127,0.01363775,0.09535711,-0.34639336,-0.00525389,0.16656287,-0.11223071,-0.00334614,0.05280099,-0.38546017,0.01190979,0.20596129,-0.08103406,-0.02018434,0.01768751,-0.40790700,0.30196861,0.84967150,0.96113762,-0.33064401,-0.84086133,-0.85286071,0.34978679,0.80780874,0.71999543,-0.35884505,-0.75146664,-0.56637234,0.35755764,0.67345941,0.39642048,-0.34596168,-0.57603603,-0.21503963,-0.04579324,0.02158580,-0.99871818,-0.01114833,0.03195230,-0.15525587,0.03504669,-0.08000117,0.15435470
10504680000000,synthetic_50hz_06,234,0.02,95.75955110,97.25294841,15.54948979,15.40591573,15.34841144,3.10041038,132.88902124,1,1,0,0,1,0.53847680,0.00071911,-0.15047745,-0.02251086,0.01577749,0.10475778,0.01381406,-0.03712584,-0.12547673,-0.00471899,0.05740384,0.14257813,-0.00451213,-0.07602686,-0.15556894,0.01361317,0.09245799,0.16407462,-0.02232173,-0.10622351,-0.16784996,-0.01456839,0.14087468,-0.13767665,0.00608622,0.07695784,-0.36414209,0.00263955,0.18402087,-0.09763002,-0.01135409,0.03678785,-0.39649145,0.01980159,0.22006774,-0.07389067,-0.02773277,0.00589459,-0.41095614,0.32768151,0.84444932,0.87001759,-0.34817582,-0.81460156,-0.74012063,0.35863205,0.76126847,0.58888565,-0.35874876,-0.68598765,-0.42067281,0.34852257,0.59092949,0.24033179,-0.32824832,-0.47883455,-0.05306188,-0.04609450,0.02189360,-0.99869765,-0.01079475,0.03174919,-0.15047745,0.03471837,-0.08007952,0.17126787
10504700000000,synthetic_50hz_06,235,0.02,95.62732227,96.92782318,15.46503689,15.34841144,15.29677488,3.11165261,132.97827167,1,1,0,0,1,0.53913826,-0.00088887,-0.14520894,-0.01502517,0.03432054,0.12296524,0.00596260,-0.05479144,-0.14059722,0.00327187,0.07368268,0.15417572,-0.01241201,-0.09044961,-0.16330926,0.02119431,0.10460884,0.16773452,-0.02936556,-0.11575215,-0.16732391,-0.00707691,0.15937940,-0.11951639,-0.00177792,0.05932574,-0.37921370,0.01064973,0.20027170,-0.08608201,-0.01927954,0.02238704,-0.40418248,0.02741405,0.23220315,-0.07027879,-0.03481303,-0.00362541,-0.41038432,0.34638342,0.82095527,0.75982750,-0.35823017,-0.77065514,-0.61105707,0.35974899,0.69813666,0.44466959,-0.35089607,-0.60549057,-0.26546207,0.33192665,0.49538791,0.07860116,-0.30338764,-0.37100298,0.11052586,-0.04639364,0.02219430,-0.99867718,-0.01043768,0.03153985,-0.14520894,0.03438924,-0.08014349,0.18969946
10504720000000,synthetic_50hz_06,236,0.02,94.77543819,96.49734619,15.39436684,15.29677488,15.27826328,3.12281093,133.08075277,1,1,0,0,1,0.53979305,-0.00249670,-0.13941697,-0.00720025,0.05215639,0.13854735,-0.00203274,-0.07130536,-0.15270509,0.01120712,0.08839856,0.16246027,-0.02005839,-0.10294319,-0.16753164,0.02833138,0.11451992,0.16777300,-0.03578755,-0.12279498,-0.16317739,0.00075349,0.17717673,-0.10398139,-0.00978564,0.04284556,-0.39127274,0.01860401,0.21495932,-0.07784703,-0.02695123,0.00991569,-0.40835555,0.03458219,0.24209848,-0.07028838,-0.04127124,-0.01065929,-0.40619191,0.35764121,0.77962545,0.63287843,-0.36055944,-0.70990355,-0.46840096,0.35308256,0.61971480,0.29041928,-0.33542616,-0.51165938,-0.10406468,0.30809926,0.38885258,-0.08529016,-0.27188971,-0.25483498,0.27218604,-0.04669061,0.02248781,-0.99865679,-0.01007722,0.03132434,-0.13941697,0.03405932,-0.08019307,0.20967920
10504740000000,synthetic_50hz_06,237,0.02,94.26539985,96.05095692,15.34560335,15.27826328,15.27237911,3.13389430,133.18489552,1,1,0,0,1,0.54044117,-0.00410408,-0.13307071,0.00079534,0.06889636,0.15115849,-0.00999912,-0.08630623,-0.16152885,0.01891462,0.10122784,0.16724225,-0.02728481,-0.11323100,-0.16813399,0.03486836,0.12196967,0.16417834,-0.04144664,-0.12719189,-0.15548936,0.00875425,0.19387799,-0.09141725,-0.01776411,0.02787864,-0.40004773,0.02633027,0.22776009,-0.07311460,-0.03420269,-0.00034964,-0.40890854,0.04115001,0.24953220,-0.07393120,-0.04696634,-0.01504695,-0.39845788,0.36118128,0.72128571,0.49185746,-0.35508253,-0.63359796,-0.31519257,0.33874659,0.52764329,0.12944054,-0.31264442,-0.40647642,0.06004333,0.27752857,0.27359064,-0.24779612,-0.23441144,-0.13281712,0.42840483,-0.04698537,0.02277405,-0.99863650,-0.00971350,0.03110269,-0.13307071,0.03372862,-0.08022826,0.23120604
10504760000000,synthetic_50hz_06,238,0.02,94.20629219,95.68202397,15.31484917,15.27237911,15.26020758,3.14491234,133.29063512,1,1,0,0,1,0.54108259,-0.00571072,-0.12614317,0.00878864,0.08417402,0.16051621,-0.01776363,-0.09946409,-0.16686728,0.02622649,0.11188656,0.16840750,-0.03393322,-0.12108329,-0.16509244,0.04066165,0.12678914,0.15701770,-0.04621778,-0.12883959,-0.14441606,0.01675241,0.20911674,-0.08210644,-0.02554040,0.01475495,-0.40533745,0.03366059,0.23839006,-0.07199891,-0.04087588,-0.00817916,-0.40581761,0.04697389,0.25433535,-0.08114008,-0.05177327,-0.01668511,-0.38733846,0.35689652,0.64713612,0.33977145,-0.34188779,-0.54333426,-0.15471717,0.31702228,0.42386781,-0.03479767,-0.28301687,-0.29218106,0.22330929,0.24085195,0.15207059,-0.40538279,-0.19174315,-0.00757585,0.57576892,-0.04727786,0.02305295,-0.99861632,-0.00934663,0.03087494,-0.12614317,0.03339714,-0.08024903,0.25424023
10504780000000,synthetic_50hz_06,239,0.02,94.15480997,95.37658117,15.29189970,15.26020758,15.24339132,3.15587390,133.39790517,1,1,0,0,1,0.54171731,-0.00731634,-0.11861287,0.01660602,0.09765322,0.16640768,-0.02515702,-0.11048773,-0.16859418,0.03298273,0.12013684,0.16592004,-0.03985753,-0.12632234,-0.15846234,0.04558322,0.12886591,0.14643610,-0.04999472,-0.12769421,-0.13018803,0.02457436,0.22255684,-0.07626178,-0.03294527,0.00376570,-0.40701569,0.04043502,0.24661132,-0.07453589,-0.04682469,-0.01339516,-0.39913810,0.05192581,0.25639550,-0.09176998,-0.05558580,-0.01552988,-0.37306421,0.34484971,0.55872713,0.17988334,-0.32123209,-0.44102032,0.00956521,0.28835320,0.31059869,-0.19873799,-0.24716095,-0.17122235,0.38218106,0.19884294,0.02690959,-0.55460567,-0.14479219,0.11817898,0.71104074,-0.04756803,0.02332443,-0.99859626,-0.00897674,0.03064114,-0.11861287,0.03306490,-0.08025540,0.27869512
10504800000000,synthetic_50hz_06,240,0.02,93.69852662,95.04097026,15.27152618,15.24339132,15.23887717,3.16678660,133.50663777,1,1,0,0,1,0.54234531,-0.00892064,-0.11046555,0.02407701,0.10903565,0.16869473,-0.03201746,-0.11913127,-0.16666150,0.03903483,0.12579227,0.15982334,-0.04492681,-0.12882662,-0.14837740,0.04952353,0.12814685,0.13265368,-0.05269246,-0.12377253,-0.11310548,0.03204960,0.23389999,-0.07402144,-0.03981690,-0.00484321,-0.40503441,0.04650501,0.25223750,-0.08068210,-0.05191822,-0.01587613,-0.38900373,0.05589623,0.25565954,-0.10560077,-0.05831890,-0.01159805,-0.35593532,0.32527319,0.45792778,0.01564235,-0.29353625,-0.32883626,0.17409439,0.25333652,0.19026423,-0.35881190,-0.20583298,-0.04620680,0.53318469,0.15239519,-0.09918280,-0.69218552,-0.09456377,0.24171291,0.83123033,-0.04785583,0.02358840,-0.99857633,-0.00860393,0.03040133,-0.11046555,0.03273188,-0.08024736,0.30442935
10504820000000,synthetic_50hz_06,241,0.02,93.34826423,94.70242906,15.25781360,15.23887717,15.24079130,3.17765750,133.61676351,1,1,0,0,1,0.54296657,-0.01052335,-0.10169590,0.03103799,0.11806756,0.16731723,-0.03819409,-0.12519973,-0.16110080,0.04424904,0.12872233,0.15023976,-0.04902828,-0.12853380,-0.13504724,0.05239400,0.12463958,0.11596124,-0.05424918,-0.11715195,-0.09353203,0.03901453,0.24289243,-0.07544554,-0.04600442,-0.01087684,-0.39942518,0.05173683,0.25513805,-0.09031517,-0.05604366,-0.01555972,-0.37562410,0.05879656,0.25213509,-0.12234165,-0.05991077,-0.00496701,-0.33631542,0.29856479,0.34688674,-0.14939037,-0.25937683,-0.20918830,0.33528733,0.21271091,0.06545886,-0.51151781,-0.15991244,0.08015779,0.67300098,0.10250362,-0.22346344,-0.81508122,-0.04213957,0.36032655,0.93366229,-0.04814122,0.02384481,-0.99855654,-0.00822834,0.03015557,-0.10169590,0.03239812,-0.08022490,0.33123997
10504840000000,synthetic_50hz_06,242,0.02,92.94657491,94.35125823,15.25066423,15.24079130,15.25040872,3.18849322,133.72821151,1,1,0,0,1,0.54358108,-0.01212416,-0.09230935,0.03733585,0.12454551,0.16229484,-0.04355041,-0.12855361,-0.15202299,0.04850939,0.12885546,0.13736825,-0.05206983,-0.12544234,-0.11875311,0.05412906,0.11841265,0.09671426,-0.05462773,-0.10796908,-0.07188710,0.04531604,0.24933072,-0.08051442,-0.05137133,-0.01419567,-0.39029891,0.05601450,0.25524143,-0.10323615,-0.05910891,-0.01244441,-0.35928049,0.06056124,0.24589068,-0.14163713,-0.06032426,0.00422661,-0.31462394,0.26528014,0.22798686,-0.31161916,-0.21947443,-0.08465740,0.48961663,0.16734117,-0.06111276,-0.65349822,-0.11038339,0.20512101,0.79853915,0.05024321,-0.34321553,-0.92055783,0.01134551,0.47141499,1.01603640,-0.04842415,0.02409357,-0.99853691,-0.00785008,0.02990389,-0.09230935,0.03206361,-0.08018805,0.35885745
10504860000000,synthetic_50hz_06,243,0.02,92.95710844,94.07242827,15.25055692,15.25040872,15.25112778,3.19930008,133.84090948,1,1,0,0,1,0.54418883,-0.01372279,-0.08232359,0.04283140,0.12832109,0.15372695,-0.04796731,-0.12911221,-0.13961626,0.05172030,0.12618096,0.12148036,-0.05398217,-0.11961186,-0.09984213,0.05468771,0.10959429,0.07532541,-0.05381658,-0.09641707,-0.04863702,0.05081492,0.25306646,-0.08912870,-0.05579851,-0.01471899,-0.37784377,0.05924244,0.25253693,-0.11917348,-0.06104469,-0.00658981,-0.34032001,0.06114926,0.23705455,-0.16307455,-0.05954782,0.01578968,-0.29132720,0.22612136,0.10379428,-0.46749258,-0.17467873,0.04205633,0.63368820,0.11820002,-0.18669444,-0.78161429,-0.05831356,0.32595006,0.90700608,-0.00325411,-0.45580839,-1.00624846,0.06472797,0.57252555,1.07648023,-0.04870457,0.02433462,-0.99851745,-0.00746928,0.02964635,-0.08232359,0.03172836,-0.08013679,0.38694360
10504880000000,synthetic_50hz_06,244,0.02,92.66243662,93.79042994,15.25079668,15.25112778,15.25692920,3.21008330,133.95478373,1,1,0,0,1,0.54478980,-0.01531897,-0.07176977,0.04740244,0.12930446,0.14179088,-0.05134578,-0.12685565,-0.12414233,0.05380879,0.12074954,0.10291470,-0.05472046,-0.11116215,-0.07872000,0.05405452,0.09836991,0.05225575,-0.05183017,-0.08274162,-0.02428496,0.05538899,0.25400981,-0.10111105,-0.05918696,-0.01242695,-0.36232151,0.06134766,0.24707526,-0.13778857,-0.06180615,0.00188429,-0.31914836,0.06054519,0.22581212,-0.18619283,-0.05759591,0.02947648,-0.26692837,0.18192252,-0.02299691,-0.61358171,-0.12595053,0.16819235,0.76431669,0.06634733,-0.30853874,-0.89301607,-0.00483130,0.43998981,0.99596938,-0.05682401,-0.55875577,-1.07020842,0.11684107,0.66141253,1.11359286,-0.04898242,0.02456790,-0.99849817,-0.00708605,0.02938301,-0.07176977,0.03139238,-0.08007115,0.41509306
10504900000000,synthetic_50hz_06,245,0.02,92.72155065,93.57665408,15.25337234,15.25692920,15.25395657,3.22084747,134.06975924,1,1,0,0,1,0.54538397,-0.01691239,-0.06069326,0.05094661,0.12746662,0.12673837,-0.05360918,-0.12182567,-0.10593108,0.05472618,0.11267243,0.08206975,-0.05426540,-0.10027079,-0.05584230,0.05224012,0.08497830,0.02800490,-0.04870874,-0.06723584,0.00063990,0.05893588,0.25213176,-0.11620972,-0.06146005,-0.00736126,-0.34406200,0.06228152,0.23896767,-0.15868292,-0.06137398,0.01280031,-0.29622113,0.05875966,0.21240217,-0.21049238,-0.05450875,0.04499391,-0.24195665,0.13363204,-0.14962320,-0.74665627,-0.07434132,0.29099002,0.87859673,0.01290730,-0.42396746,-0.98520685,0.04889884,0.54472172,1.06341299,-0.10929521,-0.64977140,-1.11096044,0.16654054,0.73608787,1.12647838,-0.04925768,0.02479333,-0.99847908,-0.00670054,0.02911390,-0.06069326,0.03105567,-0.07999112,0.44283957
10504920000000,synthetic_50hz_06,246,0.02,92.60061096,93.38144546,15.25361772,15.25395657,15.25141126,3.23159605,134.18575967,1,1,0,0,1,0.54597135,-0.01850277,-0.04915370,0.05338365,0.12284027,0.10889042,-0.05470508,-0.11412492,-0.08537358,0.05444933,0.10211930,0.05939539,-0.05262378,-0.08716953,-0.03170480,0.04928107,0.06970663,0.00310014,-0.04451756,-0.05023405,0.02559389,0.06137534,0.24746503,-0.13410372,-0.06256533,0.00037540,-0.32345631,0.06202082,0.22838382,-0.18140664,-0.05975497,0.02592650,-0.27203407,0.05582922,0.19711187,-0.23544588,-0.05035162,0.06200766,-0.21695569,0.08229241,-0.27331217,-0.86375691,-0.02097054,0.40774940,0.97396852,-0.04095592,-0.53043102,-1.05610016,0.10170160,0.63782007,1.10778393,-0.15951518,-0.72682046,-1.12752979,0.21272986,0.79486629,1.11476843,-0.04953027,0.02501088,-0.99846019,-0.00631285,0.02883909,-0.04915370,0.03071825,-0.07989674,0.46966719
10504940000000,synthetic_50hz_06,247,0.02,92.90710087,93.28657654,15.25269101,15.25141126,15.23356989,3.24233172,134.30270743,1,1,0,0,1,0.54655190,-0.02008983,-0.03722441,0.05465734,0.11551945,0.08863048,-0.05460642,-0.10391506,-0.06291379,0.05298117,0.08931475,0.03538327,-0.04982845,-0.07213945,-0.00683263,0.04523916,0.05288434,-0.02191500,-0.03934559,-0.03210455,0.05003081,0.06265113,0.24010365,-0.15440960,-0.06247575,0.01062139,-0.30094840,0.06056854,0.21554829,-0.20546809,-0.05698199,0.04098177,-0.24711234,0.05181568,0.18027067,-0.26050982,-0.04521348,0.08014941,-0.19247172,0.02901777,-0.39134354,-0.96226197,0.03299864,0.51589116,1.04827615,-0.09406369,-0.62556539,-1.10406803,0.15241684,0.71720429,1.12802911,-0.20637574,-0.78816584,-1.11946860,0.25438473,0.83640421,1.07863328,-0.04980017,0.02522046,-0.99844151,-0.00592311,0.02855862,-0.03722441,0.03038013,-0.07978801,0.49502672
10504960000000,synthetic_50hz_06,248,0.02,92.86657769,93.20257677,15.24466013,15.23356989,15.21728159,3.25305579,134.42052369,1,1,0,0,1,0.54712562,-0.02167329,-0.02499086,0.05473680,0.10565770,0.06639632,-0.05331234,-0.09141339,-0.03903897,0.05035085,0.07453358,0.01055610,-0.04593773,-0.05550494,0.01823110,0.04020019,0.03487607,-0.04649269,-0.03330367,-0.01324170,0.07341387,0.06273240,0.23020116,-0.17668958,-0.06119044,0.02315940,-0.27702554,0.05795379,0.20073592,-0.23034456,-0.05311333,0.05764173,-0.22199903,0.04680484,0.16224321,-0.28513637,-0.03920516,0.09902480,-0.16904149,-0.02503033,-0.50110951,-1.03994714,0.08638484,0.61301414,1.09981740,-0.14524883,-0.70724529,-1.12797941,0.19992523,0.78108623,1.12362125,-0.24883769,-0.83240808,-1.08686856,0.29057605,0.85973123,1.01878095,-0.05006733,0.02542204,-0.99842306,-0.00553146,0.02827256,-0.02499086,0.03004130,-0.07966495,0.51835683
10504980000000,synthetic_50hz_06,249,0.02,92.75243864,93.11254915,15.23316115,15.21728159,15.20563466,3.26376891,134.53912846,1,1,0,0,1,0.54769249,-0.02325285,-0.01254854,0.05361732,0.09346493,0.04267060,-0.05084822,-0.07688834,-0.01426914,0.04661314,0.05809502,-0.01454369,-0.04103418,-0.03762680,0.04293723,0.03427219,0.01607377,-0.07009287,-0.02652212,0.00594266,0.09522769,0.06161440,0.21796749,-0.20046101,-0.05873480,0.03772099,-0.25220775,0.05423136,0.18426592,-0.25549362,-0.04823157,0.07554560,-0.19724332,0.04090469,0.14342144,-0.30878545,-0.03245698,0.11822201,-0.14718042,-0.07866833,-0.60017297,-1.09503673,0.13801440,0.69694936,1.12738376,-0.19338144,-0.77363237,-1.12722779,0.24317322,0.82801121,1.09457332,-0.28595419,-0.85851809,-1.03036179,0.32049097,0.86427350,0.93644445,-0.05033169,0.02561555,-0.99840484,-0.00513802,0.02798096,-0.01254854,0.02970178,-0.07952759,0.53910865
10505000000000,synthetic_50hz_06,250,0.02,92.87965421,93.06597016,15.22160002,15.20563466,15.18912795,3.27447160,134.65844060,1,1,0,0,1,0.54825251,-0.02482824,-0.00000000,0.05132052,0.07920305,0.01797037,-0.04726528,-0.06065376,0.01085424,0.04184737,0.04035579,-0.03936592,-0.03522297,-0.01889435,0.06674266,0.02758308,-0.00311183,-0.09219518,-0.01914796,0.02502829,0.11498967,0.05931879,0.20366452,-0.22520681,-0.05516003,0.05399232,-0.22703648,0.04948058,0.16649500,-0.28036508,-0.04244188,0.09430403,-0.17338830,0.03424319,0.12421607,-0.33093673,-0.02511597,0.13732078,-0.12737109,-0.13071672,-0.68632230,-1.12624528,0.18674743,0.76580918,1.13028970,-0.23739413,-0.82321742,-1.10174733,0.28119665,0.85689192,1.04144108,-0.31689214,-0.86586183,-0.95110960,0.34345148,0.84986854,0.83335718,-0.05059322,0.02580094,-0.99838687,-0.00474291,0.02768387,-0.00000000,0.02936158,-0.07937594,0.55677235
10505020000000,synthetic_50hz_06,251,0.02,93.09319321,93.07141477,15.20796175,15.18912795,15.16604793,3.28516400,134.77837787,1,1,0,0,1,0.54880565,-0.02639917,0.01254854,0.04789404,0.06318037,-0.00716416,-0.04263956,-0.04306214,0.03578023,0.03615575,0.02170241,-0.06336473,-0.02862956,0.00028301,0.08912239,0.02027796,-0.02226028,-0.11231062,-0.01134174,0.04359576,0.13226088,0.05589319,0.18760058,-0.25038681,-0.05054218,0.07162090,-0.20206269,0.04380367,0.14780970,-0.30441308,-0.03586970,0.11350763,-0.15095897,0.02696542,0.10504759,-0.35110117,-0.01734267,0.15590169,-0.11005245,-0.18002619,-0.75762146,-1.13280848,0.23150323,0.81803053,1.10839047,-0.27630593,-0.85485539,-1.05201705,0.31314259,0.86703437,0.96531349,-0.34095121,-0.85421635,-0.85077949,0.35893005,0.81677087,0.71171712,-0.05085188,0.02597818,-0.99836915,-0.00434626,0.02738136,0.01254854,0.02902070,-0.07921005,0.57090330
10505040000000,synthetic_50hz_06,252,0.02,93.30626063,93.11838394,15.19035795,15.16604793,15.13831738,3.29584575,134.89885700,1,1,0,0,1,0.54935191,-0.02796536,0.02499086,0.04341058,0.04574496,-0.03218157,-0.03707029,-0.02449698,0.05996048,0.02966124,0.00254274,-0.08601070,-0.02139705,0.01948480,0.10958119,0.01251597,-0.04095059,-0.12999241,-0.00327405,0.06123575,0.14665588,0.05141030,0.17012374,-0.27544955,-0.04498047,0.09022322,-0.17783472,0.03732357,0.12861788,-0.32710820,-0.02865815,0.13273592,-0.13045057,0.01923052,0.08633695,-0.36883201,-0.00930766,0.17355541,-0.09560992,-0.22550324,-0.81245430,-1.11450269,0.27128447,0.85241115,1.06208804,-0.30924445,-0.86779259,-0.97905290,0.33828876,0.85815517,0.86779121,-0.35758005,-0.82377673,-0.73151069,0.36656214,0.76564843,0.57414038,-0.05110760,0.02614721,-0.99835170,-0.00394820,0.02707348,0.02499086,0.02867915,-0.07902993,0.58114583
10505060000000,synthetic_50hz_06,253,0.02,93.40476320,93.17565979,15.16850091,15.13831738,15.11180476,3.30651602,135.01979369,1,1,0,0,1,0.54989127,-0.02952652,0.03722441,0.03796634,0.02727711,-0.05653131,-0.03067783,-0.00536442,0.08286145,0.02250487,-0.01670292,-0.10680266,-0.01368307,0.03828872,0.12766470,0.00446679,-0.05877063,-0.14484611,0.00487827,0.07755815,0.15785154,0.04596632,0.15161430,-0.29984450,-0.03859527,0.10939314,-0.15488610,0.03018130,0.10933982,-0.34794928,-0.02096486,0.15156660,-0.11231746,0.01120818,0.06849631,-0.38373481,-0.00118779,0.18989184,-0.08436666,-0.26613470,-0.84956185,-1.07165247,0.30519977,0.86813798,0.99232473,-0.33546579,-0.86168530,-0.88438780,0.35606017,0.83038982,0.75095356,-0.36638917,-0.77515382,-0.59586898,0.36615500,0.69756977,0.42360522,-0.05136037,0.02630799,-0.99833453,-0.00354887,0.02676029,0.03722441,0.02833694,-0.07883563,0.58725211
10505080000000,synthetic_50hz_06,254,0.02,93.34525416,93.20957867,15.14468853,15.11180476,15.09284988,3.31717387,135.14110271,1,1,0,0,1,0.55042372,-0.03108239,0.04915370,0.03167904,0.00818102,-0.07967598,-0.02360107,0.01391568,0.10397628,0.01484267,-0.03561119,-0.12527890,-0.00565635,0.05628001,0.14296967,-0.00369304,-0.07532626,-0.15653856,0.01293596,0.09220081,0.16559437,0.03967898,0.13247645,-0.32303425,-0.03152547,0.12871082,-0.13372373,0.02253292,0.09039893,-0.36647458,-0.01295854,0.16958492,-0.09696290,0.00307492,0.05191980,-0.39547640,0.00683768,0.20454882,-0.07657613,-0.30101061,-0.86807202,-1.00512598,0.33248395,0.86480703,0.90056486,-0.35437163,-0.83660925,-0.77004003,0.36604260,0.78429164,0.61731459,-0.36716040,-0.70936253,-0.44679169,0.35769279,0.61398217,0.26338757,-0.05161012,0.02646048,-0.99831764,-0.00314839,0.02644186,0.04915370,0.02799408,-0.07862716,0.58909466
10505100000000,synthetic_50hz_06,255,0.02,93.60884608,93.28943215,15.12291629,15.09284988,15.06823584,3.32781880,135.26269789,1,1,0,0,1,0.55094926,-0.03263267,0.06069326,0.02468533,-0.01112409,-0.10110326,-0.01599439,0.03291903,0.12283611,0.00684233,-0.05376491,-0.14102753,0.00250701,0.07306072,0.15515307,-0.01178406,-0.09025016,-0.16480547,0.02072138,0.10483764,0.16970645,0.03268491,0.11312942,-0.34450649,-0.02392544,0.14775193,-0.11481644,0.01454610,0.07221236,-0.38227223,-0.00481530,0.18639291,-0.08472990,-0.00498978,0.03697474,-0.40379249,0.01459111,0.21720026,-0.07241627,-0.32934487,-0.86752070,-0.91631808,0.35251562,0.84243420,0.78876455,-0.36552317,-0.79305992,-0.63847057,0.36799253,0.72082136,0.46976918,-0.35985249,-0.62780119,-0.28752413,0.34133773,0.51668121,0.09698963,-0.05185682,0.02660465,-0.99830104,-0.00274688,0.02611824,0.06069326,0.02765057,-0.07840458,0.58667126
10505120000000,synthetic_50hz_06,256,0.02,93.88697465,93.40894065,15.09995050,15.06823584,15.03910779,3.33845023,135.38449221,1,1,0,0,1,0.55146785,-0.03417710,0.07176977,0.01713787,-0.03021323,-0.12033741,-0.00802432,0.05122629,0.13902065,-0.00132058,-0.07076247,-0.15369585,0.01062740,0.08825854,0.16393993,-0.01962782,-0.10321006,-0.16945755,0.02806237,0.11518600,0.17008962,0.02513679,0.09399818,-0.36378546,-0.01596171,0.16609716,-0.09858453,0.00639642,0.05518172,-0.39498952,0.00328526,0.20161825,-0.07589345,-0.01280749,0.02399340,-0.40849379,0.02190035,0.22756353,-0.07198523,-0.35049331,-0.84786384,-0.80712169,0.36483160,0.80145676,0.65933040,-0.36865163,-0.73194330,-0.49253031,0.36184326,0.64132757,0.31153035,-0.34460277,-0.53222207,-0.12154881,0.31742723,0.40777236,-0.07193703,-0.05210042,0.02674046,-0.99828475,-0.00234449,0.02578951,0.07176977,0.02730642,-0.07816792,0.58010214
10505140000000,synthetic_50hz_06,257,0.02,93.68297821,93.46374816,15.07439656,15.03910779,15.02524794,3.34906738,135.50639782,1,1,0,0,1,0.55197950,-0.03571539,0.08232359,0.00920194,-0.04866511,-0.13694994,0.00013416,0.06843241,0.15216768,-0.00946638,-0.08622678,-0.16299834,0.01852569,0.10153518,0.16912969,-0.02705089,-0.11391629,-0.17038495,0.03479621,0.12301313,0.16672794,0.01719989,0.07550406,-0.38044268,-0.00780928,0.18334144,-0.08539022,-0.00173646,0.03968411,-0.40434093,0.01116399,0.21492269,-0.07065410,-0.02020477,0.01326546,-0.40947045,0.02860268,0.23540587,-0.07529897,-0.36396859,-0.80948026,-0.67988772,0.36913794,0.74272542,0.51506784,-0.36366488,-0.65455747,-0.33539830,0.34770718,0.54751831,0.14605908,-0.32172493,-0.42469395,0.04749109,0.28646719,0.28962547,-0.23967207,-0.05234090,0.02686788,-0.99826876,-0.00194134,0.02545572,0.08232359,0.02696165,-0.07791723,0.56961989
10505160000000,synthetic_50hz_06,258,0.02,93.44374095,93.45974672,15.05375414,15.02524794,15.02549335,3.35967022,135.62832610,1,1,0,0,1,0.55248420,-0.03724727,0.09230935,0.00105186,-0.06607142,-0.15056929,0.00830142,0.08415569,0.16198128,-0.01741537,-0.09981372,-0.16872326,0.02602723,0.11259406,0.17060088,-0.03388870,-0.12212827,-0.16755999,0.04077315,0.12814146,0.15968828,0.00904854,0.05805533,-0.39410659,0.00035226,0.19910308,-0.07552943,-0.00967282,0.02606363,-0.41011473,0.01864626,0.22600962,-0.06913333,-0.02701705,0.00503149,-0.40669478,0.03454835,0.24054970,-0.08229061,-0.36945171,-0.75316487,-0.53737465,0.36531712,0.66748708,0.35912025,-0.35065027,-0.56256532,-0.17051226,0.32587401,0.44142454,-0.02301169,-0.29170265,-0.30755729,0.21587219,0.24912137,0.16482302,-0.40250900,-0.05257819,0.02698688,-0.99825310,-0.00153755,0.02511695,0.09230935,0.02661625,-0.07765254,0.55555354
10505180000000,synthetic_50hz_06,259,0.02,93.36819237,93.44143585,15.04188461,15.02549335,15.03134745,3.37025982,135.75018771,1,1,0,0,1,0.55298192,-0.03877245,0.10169590,-0.00713291,-0.08204608,-0.16088929,0.01629725,0.09804636,0.16823863,-0.02499174,-0.11121992,-0.17073757,0.03296571,0.12118695,0.16831407,-0.03998925,-0.12766011,-0.16103800,0.04585989,0.13045277,0.14911912,0.00086219,0.04203810,-0.40447100,0.00834266,0.21303230,-0.06922499,-0.01723686,0.01462367,-0.41217785,0.02556575,0.23463080,-0.07137057,-0.03309233,-0.00052262,-0.40022211,0.03960405,0.24287679,-0.09281167,-0.36679976,-0.68011267,-0.38268858,0.35343137,0.57735856,0.19490031,-0.32987339,-0.45795893,-0.00149298,0.29680501,0.32535614,-0.19195739,-0.25517960,-0.18337317,0.37987355,0.20619724,0.03610347,-0.55683777,-0.05281227,0.02709744,-0.99823777,-0.00113327,0.02477325,0.10169590,0.02627025,-0.07737391,0.53830832
10505200000000,synthetic_50hz_06,260,0.02,93.41998954,93.43714659,15.03745900,15.03134745,15.03738745,3.38083801,135.87189263,1,1,0,0,1,0.55347266,-0.04029068,0.11046555,-0.01517172,-0.09623381,-0.16767615,0.02394480,0.10979443,0.17079519,-0.03202755,-0.12018963,-0.16899012,0.03918692,0.12711970,0.16231299,-0.04521652,-0.13038486,-0.15095631,0.04994250,0.12989096,0.13524748,-0.00717851,0.02780765,-0.41130214,0.01598508,0.22481911,-0.06662144,-0.02426062,0.00561997,-0.41047916,0.03176826,0.24059210,-0.07732210,-0.03829460,-0.00326991,-0.39018978,0.04365587,0.24233106,-0.10663515,-0.35604980,-0.59189355,-0.21921537,0.33372197,0.47429199,0.02601487,-0.30177278,-0.34301636,0.16793566,0.26112334,0.20185142,-0.35704452,-0.21294559,-0.05486701,0.53585962,0.15862852,-0.09369925,-0.69922563,-0.05304309,0.02719952,-0.99822277,-0.00072862,0.02442469,0.11046555,0.02592363,-0.07708139,0.51834314
10505220000000,synthetic_50hz_06,261,0.02,94.01500756,93.55271878,15.03742895,15.03738745,15.02346612,3.39140685,135.99335022,1,1,0,0,1,0.55395642,-0.04180167,0.11861287,-0.02288676,-0.10831815,-0.17077387,0.03107455,0.11913672,0.16958810,-0.03836645,-0.12652053,-0.16351302,0.04455223,0.13025669,0.15272379,-0.04945354,-0.13023749,-0.13753145,0.05292909,0.12646348,0.11837403,-0.01489574,0.01568042,-0.41444401,0.02311001,0.23420034,-0.06778164,-0.03058779,-0.00074514,-0.40505077,0.03711515,0.24375789,-0.08686176,-0.04250689,-0.00314535,-0.37681431,0.04661190,0.23891995,-0.12346035,-0.33741864,-0.49041864,-0.05054605,0.30660449,0.36053242,-0.14381483,-0.26695078,-0.22025189,0.33402946,0.21960075,0.07362139,-0.51461386,-0.16591954,0.07513165,0.68036171,0.10745479,-0.22171861,-0.82649441,-0.05327062,0.02729311,-0.99820811,-0.00032374,0.02407135,0.11861287,0.02557642,-0.07677503,0.49614776
10505240000000,synthetic_50hz_06,262,0.02,93.80033863,93.60224275,15.03156456,15.02346612,15.02487148,3.40196727,136.11446925,1,1,0,0,1,0.55443316,-0.04330516,0.12614317,-0.03010704,-0.11802865,-0.17010794,0.03752813,0.12586287,0.16463783,-0.04386726,-0.13006840,-0.15442113,0.04894168,0.13052399,0.13975240,-0.05260508,-0.12721652,-0.12105454,0.05475186,0.12024134,0.09886663,-0.02211853,0.00592688,-0.41382208,0.02955908,0.24096561,-0.07268512,-0.03607717,-0.00432744,-0.39600752,0.04148646,0.24405424,-0.09978363,-0.04563396,-0.00014747,-0.36038682,0.04840436,0.23271447,-0.14291944,-0.31129867,-0.37789883,0.11960262,0.27266013,0.23856877,-0.31083577,-0.22616068,-0.09236067,0.49310738,0.17314090,-0.05651023,-0.66116248,-0.11512939,0.20375191,0.81015595,0.05379865,-0.34511933,-0.93579225,-0.05349481,0.02737820,-0.99819381,0.00008125,0.02371329,0.12614317,0.02522862,-0.07645488,0.47222115
10505260000000,synthetic_50hz_06,263,0.02,93.41081214,93.56395663,15.02875347,15.02487148,15.04570738,3.41252044,136.23515796,1,1,0,0,1,0.55490290,-0.04480087,0.13307071,-0.03667223,-0.12514699,-0.16568715,0.04316184,0.12982011,0.15604790,-0.04840708,-0.13075045,-0.14190971,0.05225672,0.12791120,0.12368019,-0.05459978,-0.12138421,-0.10188492,0.05536870,0.11135765,0.07715226,-0.02868653,-0.00123464,-0.40944515,0.03518859,0.24496217,-0.08122836,-0.04060585,-0.00504415,-0.38354468,0.04478366,0.24147075,-0.11580632,-0.04760446,0.00566149,-0.34126664,0.04899113,0.22384773,-0.16458542,-0.27824962,-0.25679634,0.28747073,0.23262330,0.11107899,-0.47134692,-0.18029034,0.03784082,0.64163397,0.12275954,-0.18566966,-0.79342241,-0.06168951,0.32814556,0.92233611,-0.00115905,-0.46116087,-1.02465843,-0.05371564,0.02745476,-0.99817986,0.00048621,0.02335058,0.13307071,0.02488024,-0.07612101,0.44705232
10505280000000,synthetic_50hz_06,264,0.02,93.70376334,93.59191797,15.03587411,15.04570738,15.05667737,3.42306856,136.35532412,1,1,0,0,1,0.55536561,-0.04628853,0.13941697,-0.04243621,-0.12951193,-0.15760365,0.04784994,0.13091683,0.14400277,-0.05188414,-0.12854734,-0.12625023,0.05442249,0.12247177,0.10485783,-0.05539182,-0.11286528,-0.08044233,0.05476417,0.10000483,0.05370764,-0.03445363,-0.00564293,-0.40140536,0.03987278,0.24609840,-0.09322690,-0.04407207,-0.00287591,-0.36793372,0.04693187,0.23606086,-0.13457920,-0.04837256,0.01415679,-0.31987351,0.04835678,0.21251215,-0.18798159,-0.23898658,-0.12977054,0.44933909,0.18736563,-0.01912918,-0.62178206,-0.13034283,0.16747739,0.77629876,0.06956219,-0.31099716,-0.90843441,-0.00677605,0.44555073,1.01437947,-0.05620546,-0.56725886,-1.09107950,-0.05393305,0.02752278,-0.99816628,0.00089101,0.02298330,0.13941697,0.02453129,-0.07577346,0.42110454
10505300000000,synthetic_50hz_06,265,0.02,94.17010707,93.70755579,15.04461148,15.05667737,15.05369176,3.43361364,136.47487507,1,1,0,0,1,0.55582128,-0.04776789,0.14520894,-0.04727042,-0.13102310,-0.14603097,0.05148743,0.12912477,0.12876388,-0.05422005,-0.12350372,-0.10778447,0.05538947,0.11432199,0.08369758,-0.05496199,-0.10184430,-0.05719764,0.05294993,0.08643040,0.02904868,-0.03929126,-0.00719758,-0.38987625,0.04350669,0.24434602,-0.10841931,-0.04639744,0.00213262,-0.34951642,0.04788158,0.22794088,-0.15568999,-0.04791908,0.02515386,-0.29667830,0.04651296,0.19895525,-0.21259204,-0.19436451,0.00038098,0.60161250,0.13787692,-0.14918056,-0.75878987,-0.07741428,0.29367919,0.89409098,0.01471974,-0.42971092,-1.00361502,0.04839917,0.55335388,1.08420438,-0.11012271,-0.66104339,-1.13353561,-0.05414702,0.02758226,-0.99815307,0.00129553,0.02261151,0.14520894,0.02418177,-0.07541231,0.39480326
10505320000000,synthetic_50hz_06,266,0.02,94.12764582,93.79157380,15.04842520,15.05369176,15.05940854,3.44415670,136.59371778,1,1,0,0,1,0.55626991,-0.04923866,0.15047745,-0.05106672,-0.12964330,-0.13122041,0.05399250,0.12447972,0.11066397,-0.05536165,-0.11572733,-0.08691703,0.05513470,0.10363847,0.06066424,-0.05331818,-0.08856166,-0.03266247,0.04996448,0.07093158,0.00371902,-0.04309130,-0.00586141,-0.37510911,0.04600847,0.23974084,-0.12647286,-0.04752881,0.00987370,-0.32869737,0.04760982,0.21728739,-0.17867389,-0.04625188,0.03841234,-0.27219263,0.04349819,0.18347423,-0.23787313,-0.14535946,0.13078454,0.74090047,0.08524336,-0.27619666,-0.87930949,-0.02266965,0.41364590,0.99236762,-0.04055763,-0.53916954,-1.07681532,0.10261562,0.64914867,1.13021793,-0.16171515,-0.74041254,-1.15103584,-0.05435750,0.02763318,-0.99814023,0.00169963,0.02223529,0.15047745,0.02383169,-0.07503762,0.36852777
10505340000000,synthetic_50hz_06,267,0.02,94.00260139,93.83377931,15.05303820,15.05940854,15.07576918,3.45469870,136.71175886,1,1,0,0,1,0.55671148,-0.05070060,0.15525587,-0.05373990,-0.12539945,-0.11349545,0.05530834,0.11708085,0.09009973,-0.05528222,-0.10538676,-0.06410640,0.05366228,0.09065432,0.03626485,-0.05049524,-0.07330827,-0.00737776,0.04587239,0.05384871,-0.02172203,-0.04576851,-0.00166134,-0.35742742,0.04732133,0.23238202,-0.14699083,-0.04743944,0.02017875,-0.30593506,0.04612071,0.20433353,-0.20302386,-0.04340582,0.05364129,-0.24695745,0.03937702,0.16640947,-0.26326553,-0.09304704,0.25855446,0.86409352,0.03062340,-0.39736003,-0.98063967,0.03268312,0.52470953,1.06891352,-0.09504738,-0.63693140,-1.12637010,0.15467137,0.73079025,1.15135290,-0.20983612,-0.80358007,-1.14314166,-0.05456446,0.02767554,-0.99812778,0.00210317,0.02185471,0.15525587,0.02348106,-0.07464946,0.34260633
10505360000000,synthetic_50hz_06,268,0.02,94.36097968,93.93921939,15.06258521,15.07576918,15.08283702,3.46524102,136.82890467,1,1,0,0,1,0.55714599,-0.05215343,0.15957880,-0.05522952,-0.11838209,-0.09324472,0.05540447,0.10708862,0.06752311,-0.05398209,-0.09270773,-0.03985478,0.05100339,0.07565403,0.01103741,-0.04655423,-0.05641919,0.01809817,0.04076289,0.03555776,-0.04671197,-0.04726247,0.00531209,-0.33721981,0.04741479,0.22243002,-0.16952131,-0.04612968,0.03282205,-0.28173169,0.04344541,0.18936376,-0.22820190,-0.03944196,0.07050567,-0.22153106,0.03423868,0.14813690,-0.28820678,-0.03857864,0.38085759,0.96843344,-0.02477790,-0.50997745,-1.06050003,0.08742009,0.62439442,1.12199190,-0.14754191,-0.72080980,-1.15113623,0.20341003,0.79644391,1.14709276,-0.25341374,-0.84911616,-1.10997808,-0.05476788,0.02770934,-0.99811571,0.00250604,0.02146984,0.15957880,0.02312990,-0.07424789,0.31731437
10505380000000,synthetic_50hz_06,269,0.02,94.18207327,93.98779016,15.07109097,15.08283702,15.10347671,3.47578468,136.94506134,1,1,0,0,1,0.55757341,-0.05359690,0.16348116,-0.05550138,-0.10874346,-0.07091335,0.05427748,0.09472122,0.04343121,-0.05148873,-0.07796812,-0.01469693,0.04721554,0.05896716,-0.01446107,-0.04158110,-0.03826616,0.04320215,0.03474786,0.01646192,-0.07069769,-0.04753899,0.01490665,-0.31493141,0.04628543,0.21010303,-0.19356717,-0.04362699,0.04752570,-0.25662203,0.03964145,0.17270766,-0.25365103,-0.03444627,0.08863374,-0.19647663,0.02819508,0.12905973,-0.31214375,0.01684421,0.49497682,1.05157576,-0.07973582,-0.61154043,-1.11708302,0.14032860,0.71047305,1.15038426,-0.19687564,-0.78892239,-1.15051938,0.24774667,0.84462673,1.11748450,-0.29147504,-0.87598009,-1.05223201,-0.05496770,0.02773458,-0.99810404,0.00290809,0.02108077,0.16348116,0.02277820,-0.07383299,0.29287518
10505400000000,synthetic_50hz_06,270,0.02,94.14547244,94.01932662,15.08469298,15.10347671,15.13019394,3.48633116,137.06013483,1,1,0,0,1,0.55799376,-0.05503074,0.16699740,-0.05454830,-0.09669413,-0.04699311,0.05195109,0.08024982,0.01835528,-0.04785610,-0.06149186,0.01081173,0.04238141,0.04096106,-0.03966703,-0.03568484,-0.01924934,0.06737872,0.02795945,-0.00301735,-0.09314785,-0.04659086,0.02691178,-0.29105398,0.04395698,0.19567222,-0.21859718,-0.03998533,0.06396580,-0.23116147,0.03479150,0.15473257,-0.27880766,-0.02852770,0.10762532,-0.17234963,0.02137834,0.10959942,-0.33454509,0.07199662,0.59837209,1.11164298,-0.13303326,-0.69978173,-1.14909528,0.19023449,0.78101634,1.15341862,-0.24195118,-0.83973389,-1.12448837,0.28669229,0.87424152,1.06313859,-0.32316794,-0.88354436,-0.97113803,-0.05516390,0.02775126,-0.99809276,0.00330920,0.02068757,0.16699740,0.02242597,-0.07340483,0.26946249
10505420000000,synthetic_50hz_06,271,0.02,94.23245739,94.06195277,15.10380338,15.13019394,15.15775721,3.49688235,137.17403095,1,1,0,0,1,0.55840700,-0.05645471,0.17016084,-0.05239025,-0.08249837,-0.02201145,0.04847567,0.06399250,-0.00715112,-0.04316352,-0.04364169,0.03610753,0.03660694,0.02203267,-0.06402293,-0.02899497,0.00021157,0.09009253,0.02054705,-0.02244970,-0.11356471,-0.04443808,0.04106319,-0.26611498,0.04047981,0.17945567,-0.24405779,-0.03528401,0.08177961,-0.20591370,0.02900150,0.13583542,-0.30311426,-0.02181581,0.12706073,-0.14968539,0.01393787,0.09018631,-0.35491309,0.12565769,0.68873752,1.14726743,-0.18348808,-0.77272648,-1.15578743,0.23602843,0.83443739,1.13098555,-0.28176396,-0.87209107,-1.07357683,0.31937610,0.88460197,0.98521638,-0.34778049,-0.87160937,-0.86845169,-0.05535645,0.02775939,-0.99808188,0.00370924,0.02029031,0.17016084,0.02207323,-0.07296350,0.24720441
10505440000000,synthetic_50hz_06,272,0.02,94.62957310,94.17547684,15.12646399,15.15775721,15.17496306,3.50744026,137.28665547,1,1,0,0,1,0.55881314,-0.05786853,0.17300331,-0.04907399,-0.06646829,0.00348024,0.04392714,0.04630722,-0.03252454,-0.03751386,-0.02481110,0.06063114,0.03001903,0.00259966,-0.08698971,-0.02165875,0.01968674,0.11084033,0.01267403,-0.04140555,-0.13149537,-0.04112738,0.05704879,-0.24066578,0.03592984,0.16181133,-0.26938552,-0.02962593,0.10057362,-0.18143805,0.02239835,0.11643389,-0.32603178,-0.01445784,0.14651014,-0.12898718,0.00603702,0.07124998,-0.37279484,0.17663789,0.76405342,1.15762262,-0.22997955,-0.82873687,-1.13697174,0.27669079,0.86952744,1.08354144,-0.31542491,-0.88524913,-0.99887213,0.34506518,0.87544868,0.88540488,-0.36475706,-0.84040863,-0.74641099,-0.05554531,0.02775897,-0.99807141,0.00410807,0.01988908,0.17300331,0.02171998,-0.07250906,0.22618825
10505460000000,synthetic_50hz_06,273,0.02,94.79170394,94.29872226,15.14683360,15.17496306,15.19365574,3.51800624,137.39791411,1,1,0,0,1,0.55921216,-0.05927197,0.17555483,-0.04467200,-0.04895687,0.02891896,0.03840528,0.02758384,-0.05720412,-0.03103133,-0.00541556,0.08384005,0.02276272,-0.01690886,-0.10805884,-0.01383786,0.03874578,0.12916224,0.00451404,-0.05946565,-0.14654184,-0.03673127,0.07451560,-0.21526940,0.03040685,0.14312906,-0.29401954,-0.02313528,0.11993237,-0.15827700,0.01512710,0.09695710,-0.34705169,-0.00661548,0.16554316,-0.11071486,-0.00215053,0.05320969,-0.38779233,0.22380565,0.82263186,1.14244248,-0.27147352,-0.86654918,-1.09302701,0.31131467,0.88548349,1.01209906,-0.34218048,-0.87888890,-0.90199182,0.36318106,0.84695552,0.76587973,-0.37371097,-0.79060403,-0.60768698,-0.05573045,0.02775003,-0.99806134,0.00450558,0.01948395,0.17555483,0.02136623,-0.07204160,0.20646575
10505480000000,synthetic_50hz_06,274,0.02,94.73997119,94.38697205,15.16649890,15.19365574,15.22262782,3.52858133,137.50771265,1,1,0,0,1,0.55960406,-0.06066476,0.17784341,-0.03928089,-0.03035010,0.05374267,0.03203151,0.00823538,-0.08064421,-0.02385864,0.01411677,0.10522075,0.01499792,-0.03606192,-0.12676372,-0.00570480,0.05696739,0.14465203,-0.00375279,-0.07623046,-0.15836996,-0.03134634,0.09307762,-0.19048788,0.02403224,0.12382189,-0.31741419,-0.01595477,0.13942770,-0.13694410,0.00734764,0.07783600,-0.36570738,0.00153877,0.18373848,-0.09527466,-0.01044467,0.03646496,-0.39957145,0.26611281,0.86315474,1.10202793,-0.30704566,-0.88530255,-1.02489075,0.33912623,0.88192667,0.91820548,-0.36142964,-0.85312444,-0.78504793,0.37331286,0.79972623,0.62925708,-0.37443330,-0.72327154,-0.45532445,-0.05591183,0.02773256,-0.99805169,0.00490163,0.01907500,0.17784341,0.02101199,-0.07156121,0.18805839
10505500000000,synthetic_50hz_06,275,0.02,94.83203655,94.47598495,15.19007305,15.22262782,15.25547449,3.53916685,137.61595692,1,1,0,0,1,0.55998883,-0.06204666,0.17989500,-0.03301922,-0.01105835,0.07740283,0.02494614,-0.01131116,-0.10232653,-0.01615386,0.03335458,0.12430012,0.00689585,-0.05443636,-0.14269007,0.00256097,0.07394872,0.15696620,-0.01194396,-0.09132910,-0.16671692,-0.02509116,0.11232448,-0.16686973,0.01694636,0.10431680,-0.33905120,-0.00824247,0.15862832,-0.11791244,-0.00076879,0.05949375,-0.38158458,0.00982546,0.20069326,-0.08301009,-0.01866289,0.02138669,-0.40786935,0.30261810,0.88470368,1.03724063,-0.33590224,-0.88455851,-0.93403869,0.35950217,0.85891111,0.80390798,-0.37273748,-0.80850090,-0.65060024,0.37522660,0.73478124,0.47853538,-0.36689775,-0.63987749,-0.29267412,-0.05608944,0.02770660,-0.99804245,0.00529608,0.01866231,0.17989500,0.02065726,-0.07106796,0.17096262
10505520000000,synthetic_50hz_06,276,0.02,95.12805539,94.60639904,15.21754165,15.25547449,15.28497642,3.54976439,137.72255292,1,1,0,0,1,0.56036646,-0.06341742,0.18173346,-0.02602488,0.00849276,0.09937667,0.01730533,-0.03062437,-0.12177173,-0.00808685,0.05187307,0.14065606,-0.00136477,-0.07162625,-0.15548520,0.01077704,0.08931441,0.16583164,-0.01987861,-0.10442759,-0.17139707,-0.01810360,0.13183058,-0.14493774,0.00930533,0.08504521,-0.35845121,-0.00016826,0.17710942,-0.10160412,-0.00904347,0.04233629,-0.39433061,0.01806216,0.21603215,-0.07419426,-0.02662434,0.00830885,-0.41250039,0.33250828,0.88678078,0.94948407,-0.35739799,-0.86431114,-0.82245214,0.37198375,0.81692301,0.67170853,-0.37584505,-0.74598260,-0.50159926,0.36887056,0.65353518,0.31702864,-0.35126135,-0.54224602,-0.12331794,-0.05626324,0.02767215,-0.99803363,0.00568882,0.01824596,0.18173346,0.02030206,-0.07056196,0.15515469
10505540000000,synthetic_50hz_06,277,0.02,94.96662771,94.67844477,15.24586426,15.28497642,15.33072456,3.56037535,137.82740679,1,1,0,0,1,0.56073693,-0.06477679,0.18338059,-0.01845198,0.02787193,0.11917885,0.00927748,-0.04927804,-0.13855010,0.00016448,0.06926344,0.15392688,-0.00960171,-0.08725195,-0.16486587,0.01876211,0.10272494,0.17105171,-0.02738159,-0.11523632,-0.17230604,-0.01053779,0.15116461,-0.12517724,0.00127758,0.06643333,-0.37518451,0.00808998,0.19446219,-0.08838083,-0.01729417,0.02674325,-0.40366223,0.02606758,0.22941561,-0.06902378,-0.03415385,-0.00247896,-0.41336022,0.35511638,0.86931996,0.84067244,-0.37105054,-0.82498733,-0.69257387,0.37628714,0.75686994,0.52450807,-0.37067520,-0.66693163,-0.34132046,0.35437652,0.55776538,0.14829242,-0.32786101,-0.43251848,0.04901096,-0.05643319,0.02762924,-0.99802523,0.00607972,0.01782604,0.18338059,0.01994639,-0.07004329,0.14059506
10505560000000,synthetic_50hz_06,278,0.02,94.88932006,94.72061983,15.28150558,15.33072456,15.38809076,3.57100181,137.93042495,1,1,0,0,1,0.56110025,-0.06612453,0.18485622,-0.01046740,0.04665177,0.13637226,0.00103957,-0.06686068,-0.15229110,0.00841822,0.08514196,0.16381932,-0.01763332,-0.10096856,-0.17062455,0.02634004,0.11388419,0.17251059,-0.03428736,-0.12351649,-0.16942308,-0.00256061,0.16989918,-0.10802535,-0.00695993,0.04889264,-0.38888059,0.01635032,0.21030291,-0.07853584,-0.02533926,0.01305952,-0.40937189,0.03366558,0.24054755,-0.06761450,-0.04108589,-0.01073792,-0.41042806,0.36993665,0.83268850,0.71318794,-0.37655128,-0.76743737,-0.54725362,0.37230976,0.68006066,0.36554172,-0.35733437,-0.57307749,-0.17329109,0.33205687,0.44957223,-0.02395561,-0.29720601,-0.31310558,0.22051166,-0.05659927,0.02757790,-0.99801724,0.00646865,0.01740262,0.18485622,0.01959026,-0.06951204,0.12723235
10505580000000,synthetic_50hz_06,279,0.02,94.77242978,94.73098182,15.32627136,15.38809076,15.45839543,3.58164661,138.03151408,1,1,0,0,1,0.56145639,-0.06746040,0.18617830,-0.00224708,0.06441833,0.15057775,-0.00722687,-0.08298469,-0.16269165,0.01649247,0.09915855,0.17011507,-0.02528258,-0.11247363,-0.17263400,0.03334378,0.12254604,0.17017580,-0.04044366,-0.12908539,-0.16281136,0.00565201,0.18762036,-0.09386122,-0.01522566,0.03281075,-0.39923633,0.02443086,0.22428150,-0.07228744,-0.03300169,0.00158758,-0.41133237,0.04068912,0.24918182,-0.06999888,-0.04726820,-0.01628534,-0.40376712,0.37663582,0.77767885,0.56982753,-0.37377223,-0.69291590,-0.38968443,0.36013261,0.58817586,0.19830653,-0.33611019,-0.46647844,-0.00121137,0.30239757,0.33133223,-0.19591872,-0.25996668,-0.18663355,0.38740037,-0.05676146,0.02751815,-0.99800968,0.00685548,0.01697579,0.18617830,0.01923368,-0.06896831,0.11500669
10505600000000,synthetic_50hz_06,280,0.02,94.77509535,94.73980453,15.38176347,15.45839543,15.53700404,3.59231345,138.13058122,1,1,0,0,1,0.56180536,-0.06878416,0.18736303,0.00602793,0.08078035,0.16148249,-0.01533979,-0.09729497,-0.16952272,0.02420939,0.11100454,0.17267553,-0.03238102,-0.12151379,-0.17085002,0.03961909,0.12851974,0.16409883,-0.04571493,-0.13182041,-0.15261659,0.01391901,0.20393685,-0.08299765,-0.02333756,0.01854274,-0.40602273,0.03215377,0.23608929,-0.06977425,-0.04011301,-0.00741924,-0.40949949,0.04698394,0.25512770,-0.07612544,-0.05256522,-0.01899861,-0.39352309,0.37506053,0.70549079,0.41374035,-0.36276886,-0.60305381,-0.22333117,0.34001838,0.48323050,0.02648325,-0.30746502,-0.34947544,0.17112820,0.26604730,0.20564483,-0.36380593,-0.21695931,-0.05588539,0.54599498,-0.05691972,0.02745002,-0.99800255,0.00724010,0.01654563,0.18736303,0.01887665,-0.06841219,0.10385264
10505620000000,synthetic_50hz_06,281,0.02,94.78620106,94.74908383,15.44696451,15.53700404,15.62480044,3.60300658,138.22753377,1,1,0,0,1,0.56214715,-0.07009556,0.18842497,0.01417551,0.09537789,0.16884692,-0.02312064,-0.10947682,-0.17263444,0.03139919,0.12041949,0.17144482,-0.03877249,-0.12789041,-0.16531237,0.04502796,0.13167418,0.15441388,-0.04998526,-0.13166173,-0.13906358,0.02205828,0.21848876,-0.07567423,-0.03111709,0.00640333,-0.40908992,0.03934926,0.24546585,-0.07105213,-0.04651707,-0.01376228,-0.40391297,0.05241204,0.25825405,-0.08585996,-0.05686104,-0.01881789,-0.37992077,0.36524067,0.61770443,0.24835722,-0.34377875,-0.49982160,-0.05185313,0.31240553,0.36752868,-0.14614591,-0.27202551,-0.22463974,0.33993150,0.22380287,0.07527433,-0.52391670,-0.16912789,0.07626128,0.69279714,-0.05707402,0.02737355,-0.99799583,0.00762236,0.01611224,0.18842497,0.01851919,-0.06784379,0.09370153
10505640000000,synthetic_50hz_06,282,0.02,94.88214639,94.77569634,15.52165560,15.62480044,15.71993216,3.61373067,138.32227959,1,1,0,0,1,0.56248175,-0.07139438,0.18937719,0.02201651,0.10789038,0.17250992,-0.03039841,-0.11926286,-0.17195924,0.03790391,0.12719694,0.16645089,-0.04431662,-0.13146388,-0.15614369,0.04945166,0.13194065,0.14133479,-0.05316098,-0.12861351,-0.12245114,0.02989067,0.23095549,-0.07205206,-0.03839322,-0.00334011,-0.40837032,0.04585936,0.25220472,-0.07609313,-0.05207348,-0.01730196,-0.39469548,0.05685467,0.25849218,-0.09898862,-0.06006199,-0.01574736,-0.36325901,0.34738852,0.51624472,0.07731394,-0.31721617,-0.38548523,0.12097781,0.27789832,0.24361202,-0.31578172,-0.23056853,-0.09471536,0.50148149,0.17659135,-0.05691199,-0.67272332,-0.11752296,0.20689854,0.82457022,-0.05722435,0.02728877,-0.99798955,0.00800216,0.01567568,0.18937719,0.01816131,-0.06726321,0.08448344
10505660000000,synthetic_50hz_06,283,0.02,95.20514504,94.86158608,15.60493176,15.71993216,15.81577259,3.62449065,138.41472705,1,1,0,0,1,0.56280914,-0.07268038,0.19023139,0.02937878,0.11804362,0.17239230,-0.03701337,-0.12643891,-0.16751329,0.04358085,0.13118891,0.15780478,-0.04889187,-0.13215667,-0.14354669,0.05279332,0.12931429,0.12515009,-0.05517271,-0.12274373,-0.10314534,0.03724402,0.24106286,-0.07221034,-0.04500624,-0.01047341,-0.40388011,0.05154137,0.25615791,-0.08478622,-0.05666072,-0.01796072,-0.38204973,0.06021499,0.25583723,-0.11522287,-0.06209867,-0.00985499,-0.34390385,0.32189391,0.40333815,-0.09563000,-0.28366263,-0.26255524,0.29136137,0.23725322,0.11420274,-0.47869265,-0.18400370,0.03744228,0.65222300,0.12544926,-0.18800782,-0.80694946,-0.06327806,0.33315301,0.93841118,-0.05737068,0.02719571,-0.99798368,0.00837936,0.01523605,0.19023139,0.01780300,-0.06667055,0.07612873
10505680000000,synthetic_50hz_06,284,0.02,95.54212405,94.99769368,15.69348491,15.81577259,15.91521290,3.63529121,138.50478502,1,1,0,0,1,0.56312933,-0.07395332,0.19099801,0.03610092,0.12561582,0.16849837,-0.04282062,-0.13084864,-0.15939589,0.04830579,0.13230903,0.14569794,-0.05239827,-0.12995489,-0.12779946,0.05498009,0.12385409,0.10621646,-0.05597681,-0.11418251,-0.08157118,0.04395695,0.24858907,-0.07614474,-0.05081125,-0.01484023,-0.39571859,0.05627108,0.25723907,-0.09693993,-0.06017881,-0.01572470,-0.36625380,0.06242014,0.25034818,-0.13420604,-0.06292746,-0.00127092,-0.32228030,0.28931524,0.28146276,-0.26667535,-0.24385376,-0.13373054,0.45555355,0.19136186,-0.01785719,-0.63129793,-0.13335291,0.16893009,0.78884170,0.07149934,-0.31513266,-0.92364280,-0.00758440,0.45224981,1.03181484,-0.05751298,0.02709443,-0.99797825,0.00875385,0.01479344,0.19099801,0.01744429,-0.06606592,0.06856920
10505700000000,synthetic_50hz_06,285,0.02,95.44384107,95.08692316,15.78661066,15.91521290,16.03747637,3.64613679,138.59236301,1,1,0,0,1,0.56344230,-0.07521299,0.19168638,0.04203589,0.13044243,0.16091569,-0.04769328,-0.13239694,-0.14778715,0.05197565,0.13053439,0.13039784,-0.05475954,-0.12490847,-0.10924910,0.05596469,0.11568139,0.08495066,-0.05555634,-0.10311915,-0.05820305,0.04988240,0.25336958,-0.08376773,-0.05568136,-0.01634547,-0.38406587,0.05994541,0.25542527,-0.11228681,-0.06255147,-0.01064381,-0.34765481,0.06342282,0.24214639,-0.15552136,-0.06253142,0.00981557,-0.29886275,0.25036685,0.15329264,-0.43206770,-0.19866267,-0.00183807,0.60994995,0.14123095,-0.14966950,-0.77024705,-0.07972748,0.29686203,0.90833757,0.01592542,-0.43549589,-1.02024030,0.04833577,0.56157419,1.10272902,-0.05765122,0.02698495,-0.99797323,0.00912550,0.01434792,0.19168638,0.01708517,-0.06544943,0.06173904
10505720000000,synthetic_50hz_06,286,0.02,95.51954135,95.17344679,15.89197426,16.03747637,16.17428547,3.65703254,138.67737113,1,1,0,0,1,0.56374806,-0.07645916,0.19230480,0.04705424,0.13241959,0.14981287,-0.05152527,-0.13105187,-0.13294376,0.05451079,0.12590586,0.11224182,-0.05592475,-0.11712993,-0.08830389,0.05572637,0.10497708,0.06182012,-0.05392137,-0.08979770,-0.03355405,0.05489093,0.25530053,-0.09491067,-0.05951048,-0.01495719,-0.36917865,0.06248470,0.25075740,-0.13048950,-0.06372776,-0.00283058,-0.32666103,0.06320230,0.23141275,-0.17870140,-0.06092060,0.02316043,-0.27416430,0.20590283,0.02163809,-0.58818093,-0.14908030,0.13023036,0.75116560,0.08795971,-0.27834420,-0.89249381,-0.02430320,0.41843324,1.00809102,-0.04005398,-0.54645867,-1.09462449,0.10325638,0.65872943,1.14959942,-0.05778539,0.02686733,-0.99796864,0.00949420,0.01389960,0.19230480,0.01672566,-0.06482118,0.05557543
10505740000000,synthetic_50hz_06,287,0.02,95.61474033,95.26170550,16.01054497,16.17428547,16.32398924,3.66798439,138.75972021,1,1,0,0,1,0.56404658,-0.07769159,0.19286066,0.05104690,0.13150635,0.13543570,-0.05423356,-0.12684518,-0.11519310,0.05585664,0.11852700,0.09162943,-0.05586935,-0.10679164,-0.06542403,0.05427132,0.09197742,0.03733244,-0.05110863,-0.07451145,-0.00816453,0.05887347,0.25434096,-0.10932778,-0.06221561,-0.01070713,-0.35138430,0.06383440,0.24333901,-0.15114846,-0.06368315,0.00754262,-0.30373266,0.06176477,0.21838350,-0.20323857,-0.05813174,0.03847035,-0.24872532,0.15689777,-0.11061713,-0.73159749,-0.09619316,0.25958237,0.87610981,0.03271525,-0.40106373,-0.99536347,0.03170585,0.53098224,1.08592034,-0.09521285,-0.64559228,-1.14516962,0.15597483,0.74158960,1.17140313,-0.05791547,0.02674161,-0.99796447,0.00985982,0.01344855,0.19286066,0.01636577,-0.06418130,0.05001897
10505760000000,synthetic_50hz_06,288,0.02,96.36449315,95.48226303,16.14219156,16.32398924,16.45986354,3.67899883,138.83932181,1,1,0,0,1,0.56433787,-0.07891008,0.19336054,0.05392756,0.12772533,0.11810137,-0.05576002,-0.11987144,-0.09492575,0.05598489,0.10856161,0.06901337,-0.05459570,-0.09412189,-0.04111131,0.05163248,0.07696859,0.01202399,-0.04718067,-0.05759626,0.01740998,0.06174371,0.25051350,-0.12670187,-0.06373859,-0.00368988,-0.33107340,0.06396620,0.23333389,-0.17381097,-0.06241999,0.02024749,-0.27937149,0.05914315,0.20334484,-0.22859648,-0.05422741,0.05540948,-0.22310132,0.10442484,-0.24057993,-0.85918383,-0.04115900,0.38338932,0.98205406,-0.02329347,-0.51514542,-1.07661121,0.08707437,0.63204964,1.14012916,-0.14834489,-0.73073157,-1.17077666,0.20533855,0.80834617,1.16767011,-0.05804142,0.02660785,-0.99796072,0.01022225,0.01299486,0.19336054,0.01600549,-0.06352989,0.04501398
10505780000000,synthetic_50hz_06,289,0.02,96.59242931,95.70429629,16.27561379,16.45986354,16.60370890,3.69008139,138.91608828,1,1,0,0,1,0.56462191,-0.08011439,0.19381028,0.05563451,0.12116203,0.09819128,-0.05607256,-0.11028574,-0.07258667,0.05489401,0.09622986,0.04488935,-0.05213285,-0.07939963,-0.01589785,0.04786866,0.06028027,-0.01355199,-0.04222440,-0.03942301,0.04261113,0.06343994,0.24390366,-0.14665153,-0.06404735,0.00593948,-0.30869093,0.06287855,0.22096225,-0.19798135,-0.05996732,0.03500509,-0.25410965,0.05539627,0.18662645,-0.25422190,-0.04929448,0.07360694,-0.19785067,0.04963175,-0.36541210,-0.96815912,0.01481904,0.49894879,1.06669160,-0.07884259,-0.61810055,-1.13447086,0.14059308,0.71943219,1.16954279,-0.19829020,-0.80002226,-1.17089626,0.25027052,0.85754731,1.13849225,-0.05816323,0.02646610,-0.99795739,0.01058136,0.01253863,0.19381028,0.01564485,-0.06286708,0.04050857
10505800000000,synthetic_50hz_06,290,0.02,96.98841315,95.96111966,16.41341374,16.60370890,16.74519048,3.70123718,138.98993282,1,1,0,0,1,0.56489871,-0.08130432,0.19421507,0.05613191,0.11196274,0.07614239,-0.05516578,-0.09830004,-0.04866517,0.05260919,0.08180330,0.01978491,-0.04853586,-0.06294813,0.00966576,0.04306321,0.04227814,-0.03883777,-0.03634904,-0.02038925,0.06689006,0.06392631,0.23465772,-0.16873980,-0.06313648,0.01796898,-0.28472618,0.06059666,0.20649561,-0.22313203,-0.05638023,0.05149215,-0.22849773,0.05060747,0.16859399,-0.27955709,-0.04344219,0.09266517,-0.17352220,-0.00628487,-0.48239303,-1.05615589,0.07051924,0.60374412,1.12818734,-0.13272050,-0.70768898,-1.16769263,0.19109537,0.79123084,1.17353279,-0.24396087,-0.85196115,-1.14553946,0.28979286,0.88812902,1.08451968,-0.05828088,0.02631641,-0.99795448,0.01093704,0.01207993,0.19421507,0.01528385,-0.06219298,0.03645471
10505820000000,synthetic_50hz_06,291,0.02,97.60573587,96.29004290,16.55275997,16.74519048,16.87267155,3.71247058,139.06076951,1,1,0,0,1,0.56516825,-0.08247966,0.19457950,0.05541049,0.10033107,0.05243733,-0.05306098,-0.08417828,-0.02368392,0.04918170,0.06559860,-0.00575231,-0.04388448,-0.04512767,0.03502270,0.03732206,0.02335570,-0.06328337,-0.02968362,-0.00091037,0.08971955,0.06319357,0.22297929,-0.19248407,-0.06102729,0.03213469,-0.25970183,0.05717179,0.19025064,-0.24871538,-0.05173843,0.06934838,-0.20309255,0.04488267,0.14964098,-0.30405208,-0.03679957,0.11216881,-0.15064317,-0.06210613,-0.58897948,-1.12127107,0.12472833,0.69549948,1.16521701,-0.18375456,-0.78196791,-1.17556919,0.23748305,0.84589183,1.15202916,-0.28436480,-0.88542830,-1.09527560,0.32304818,0.89943746,1.00694473,-0.05839435,0.02615884,-0.99795198,0.01128919,0.01161888,0.19457950,0.01492250,-0.06150770,0.03280815
10505840000000,synthetic_50hz_06,292,0.02,97.75626081,96.58328648,16.68712283,16.87267155,17.00208247,3.72378454,139.12851337,1,1,0,0,1,0.56543053,-0.08364018,0.19490768,0.05348764,0.08652321,0.02759358,-0.04980559,-0.06823036,0.00181271,0.04468762,0.04797041,-0.03116673,-0.03828128,-0.02632744,0.05962220,0.03077128,0.00392545,-0.08635874,-0.02237413,0.01858972,0.11060551,0.06125910,0.20912457,-0.21736683,-0.05776720,0.04812669,-0.23416227,0.05268002,0.17258201,-0.27417582,-0.04614452,0.08818459,-0.17844488,0.03834796,0.13017993,-0.32717680,-0.02951261,0.13169391,-0.12970766,-0.11661785,-0.68286124,-1.16210653,0.17626834,0.77222939,1.17699465,-0.23083692,-0.83933380,-1.15794945,0.27875037,0.88223984,1.10552004,-0.31862732,-0.89971048,-1.02121797,0.34931809,0.89124206,0.90747370,-0.05850363,0.02599345,-0.99794989,0.01163767,0.01115554,0.19490768,0.01456080,-0.06081139,0.02952829
10505860000000,synthetic_50hz_06,293,0.02,98.37604124,96.94183743,16.81940588,17.00208247,17.11023101,3.73518124,139.19308039,1,1,0,0,1,0.56568555,-0.08478568,0.19520322,0.05040693,0.07084209,0.00215193,-0.04547200,-0.05080511,0.02727070,0.03922610,0.02930341,-0.05590710,-0.03184929,-0.00695687,0.08293167,0.02355425,-0.01559024,-0.10756529,-0.01458013,0.03768787,0.12909774,0.05816646,0.19339650,-0.24284730,-0.05342860,0.06559617,-0.20866149,0.04722051,0.15387439,-0.29896208,-0.03972151,0.10759136,-0.15508732,0.03114671,0.11063320,-0.34843267,-0.02174087,0.15081733,-0.11116586,-0.16863734,-0.76201119,-1.17779805,0.22402236,0.83228140,1.16328805,-0.27294872,-0.87855656,-1.11523990,0.31400583,0.89950252,1.03503887,-0.34601002,-0.89451541,-0.92499719,0.36803857,0.86373900,0.78828740,-0.05860868,0.02582030,-0.99794821,0.01198239,0.01069002,0.19520322,0.01419876,-0.06010416,0.02657806
10505880000000,synthetic_50hz_06,294,0.02,99.17646418,97.38876278,16.94155244,17.11023101,17.18967928,3.74666116,139.25438761,1,1,0,0,1,0.56593328,-0.08591596,0.19546935,0.04623699,0.05363050,-0.02333552,-0.04015588,-0.03228245,0.05213866,0.03291705,0.01000368,-0.07943862,-0.02472921,0.01256350,0.10444832,0.01582842,-0.03476847,-0.12644674,-0.00647128,0.05597104,0.14479963,0.05398431,0.17613786,-0.26837337,-0.04810716,0.08416321,-0.18375090,0.04091316,0.13453387,-0.32253938,-0.03261010,0.12714814,-0.13352265,0.02343635,0.09142368,-0.36736341,-0.01365399,0.16912605,-0.09541439,-0.21703933,-0.82472889,-1.16803228,0.26695902,0.87437127,1.12442165,-0.30918216,-0.89880512,-1.04839341,0.34249144,0.89732600,0.94213951,-0.36592652,-0.86997655,-0.80872328,0.37881178,0.81754527,0.65199119,-0.05870950,0.02563946,-0.99794693,0.01232322,0.01022240,0.19546935,0.01383640,-0.05938613,0.02392368
10505900000000,synthetic_50hz_06,295,0.02,99.42316045,97.79564232,17.04576571,17.18967928,17.26291104,3.75822247,139.31235314,1,1,0,0,1,0.56617375,-0.08703082,0.19570890,0.04106996,0.03526336,-0.04831752,-0.03397393,-0.01306486,0.07587987,0.02589841,-0.00951031,-0.10125458,-0.01707624,0.03181128,0.12371007,0.00776175,-0.05319513,-0.14259893,0.00177652,0.07304533,0.15737661,0.04880476,0.15772357,-0.29339380,-0.04191960,0.10342530,-0.15996721,0.03389592,0.11497892,-0.34440101,-0.02496551,0.14643253,-0.11421297,0.01538487,0.07296550,-0.38356487,-0.00542789,0.18622614,-0.08278783,-0.26078051,-0.86967662,-1.13305131,0.30415474,0.89760960,1.06126708,-0.33876006,-0.89966408,-0.95888603,0.36359876,0.87578082,0.82885985,-0.37795474,-0.82664840,-0.67493726,0.38141411,0.75368331,0.50155590,-0.05880607,0.02545100,-0.99794606,0.01266006,0.00975278,0.19570890,0.01347372,-0.05865744,0.02153445
10505920000000,synthetic_50hz_06,296,0.02,99.93509279,98.22353241,17.13696675,17.26291104,17.31751965,3.76986200,139.36689620,1,1,0,0,1,0.56640692,-0.08813005,0.19592440,0.03501926,0.01613934,-0.07225579,-0.02706125,0.00643150,0.09798403,0.01832305,-0.02881691,-0.12088735,-0.00905658,0.05037152,0.14030543,-0.00047098,-0.07047390,-0.15567844,0.00998497,0.08854448,0.16656317,0.04274125,0.13855231,-0.31737031,-0.03500099,0.12296629,-0.13782074,0.02632164,0.09563117,-0.36407932,-0.01695393,0.16502959,-0.09756974,0.00716704,0.05565496,-0.39669359,0.00275914,0.20175136,-0.07355168,-0.29892204,-0.89590709,-1.07364486,0.33481357,0.90151964,0.97522157,-0.36105227,-0.88114095,-0.84868219,0.37688167,0.83535856,0.69767490,-0.38184539,-0.76549239,-0.52655332,0.37580033,0.67355672,0.34025097,-0.05889837,0.02525499,-0.99794558,0.01299279,0.00928125,0.19592440,0.01311073,-0.05791822,0.01938261
10505940000000,synthetic_50hz_06,297,0.02,99.96472543,98.57177102,17.21279897,17.31751965,17.37274761,3.78157522,139.41793718,1,1,0,0,1,0.56663281,-0.08921345,0.19611809,0.02821707,-0.00332797,-0.09463670,-0.01956827,0.02578599,0.11797823,0.01035530,-0.04750060,-0.13791840,-0.00084378,0.06784574,0.15388231,-0.00869206,-0.08623485,-0.16540972,0.01797730,0.10213778,0.17216830,0.03592595,0.11903767,-0.33978926,-0.02750178,0.14236556,-0.11778439,0.01835467,0.07690617,-0.38115579,-0.00874889,0.18254083,-0.08394509,-0.00103943,0.03986202,-0.40647405,0.01073032,0.21537098,-0.06789695,-0.33064966,-0.90288240,-0.99113036,0.35828400,0.88604574,0.86817476,-0.37558885,-0.84366397,-0.72018928,0.38206530,0.77695898,0.55144040,-0.37752663,-0.68785389,-0.36679324,0.36210369,0.57891766,0.17157126,-0.05898638,0.02505149,-0.99794550,0.01332132,0.00880789,0.19611809,0.01274744,-0.05716860,0.01744300
10505960000000,synthetic_50hz_06,298,0.02,99.99145375,98.85570756,17.27997740,17.37274761,17.42645534,3.79335735,139.46539770,1,1,0,0,1,0.56685140,-0.09028083,0.19629195,0.02081128,-0.02271922,-0.11498237,-0.01165736,0.04458276,0.13543711,0.00216735,-0.06516096,-0.15198714,0.00738514,0.08386053,0.16415530,-0.01672472,-0.10014237,-0.17159079,0.02558212,0.11353705,0.17407924,0.02850675,0.09959898,-0.36017278,-0.01958434,0.16120723,-0.10028352,0.01016719,0.05920433,-0.39526982,-0.00052743,0.19859285,-0.07362441,-0.00905778,0.02592227,-0.41270426,0.01831426,0.22679684,-0.06593641,-0.35529087,-0.89048367,-0.88732143,0.37407254,0.85155247,0.74246489,-0.38206952,-0.78807061,-0.57620275,0.37905126,0.70186830,0.39332840,-0.36510477,-0.59543081,-0.19911422,0.34063215,0.47182677,-0.00084052,-0.05907010,0.02484059,-0.99794580,0.01364553,0.00833282,0.19629195,0.01238386,-0.05640871,0.01569295
10505980000000,synthetic_50hz_06,299,0.02,100.75788413,99.23614288,17.34149813,17.42645534,17.44926266,3.80520371,139.50920063,1,1,0,0,1,0.56706269,-0.09133200,0.19644771,0.01296221,-0.04161847,-0.13286089,-0.00349926,0.06241971,0.14999185,-0.00606458,-0.08142136,-0.16279848,0.01545357,0.09807559,0.17091155,-0.02439703,-0.11190226,-0.17409717,0.03263712,0.12250273,0.17226348,0.02064398,0.08065222,-0.37808893,-0.01141941,0.17908922,-0.08568695,0.00193542,0.04290228,-0.40612633,0.00753384,0.21284534,-0.06682054,-0.01671608,0.01412991,-0.41525973,0.02534867,0.23578937,-0.06770257,-0.37232889,-0.85901149,-0.76448559,0.38185360,0.79881437,0.60082529,-0.38036929,-0.71558706,-0.41984291,0.36791876,0.61172903,0.22675627,-0.34486096,-0.49023458,-0.02713213,0.31186065,0.35460643,-0.17327423,-0.05914951,0.02462235,-0.99794649,0.01396532,0.00785610,0.19644771,0.01201999,-0.05563870,0.01411201
10506000000000,synthetic_50hz_06,300,0.02,100.85611999,99.56013830,17.38675923,17.44926266,17.47157296,3.81710847,139.54927012,1,1,0,0,1,0.56726667,-0.09236678,0.19658693,0.00483902,-0.05962220,-0.14789537,0.00473073,0.07891721,0.16133782,-0.01416410,-0.09593701,-0.17012883,0.02318911,0.11019089,0.17401494,-0.03154557,-0.12126792,-0.17288412,0.03899255,0.12884874,0.16676897,0.01250679,0.06260089,-0.39316087,-0.00318227,0.19563188,-0.07429932,-0.00616425,0.02834482,-0.41350172,0.01526252,0.22499827,-0.06366963,-0.02385089,0.00473155,-0.41409573,0.03168380,0.24216249,-0.07314748,-0.38141301,-0.80917691,-0.62529225,0.38147568,0.72899677,0.44632251,-0.37054023,-0.62779931,-0.25448508,0.34892194,0.50850210,0.05531073,-0.31724406,-0.37454454,0.14545825,0.27641989,0.22978869,-0.34203361,-0.05922459,0.02439686,-0.99794756,0.01428059,0.00737785,0.19658693,0.01165584,-0.05485869,0.01268175
10506020000000,synthetic_50hz_06,301,0.02,101.33995933,99.91610251,17.42238100,17.47157296,17.47794529,3.82906559,139.58553169,1,1,0,0,1,0.56746335,-0.09338497,0.19671095,-0.00338401,-0.07634799,-0.15977189,0.01285658,0.09372618,0.16924083,-0.02195849,-0.10840220,-0.17383048,0.03042732,0.11995294,0.17340852,-0.03801892,-0.12804538,-0.16798711,0.04451442,0.13244621,0.15772256,0.00426947,0.04582741,-0.40507462,0.00495102,0.21048614,-0.06635482,-0.01395909,0.01583764,-0.41724829,0.02249418,0.23479816,-0.06422862,-0.03031082,-0.00207883,-0.40924773,0.03718564,0.24578731,-0.08214430,-0.38236527,-0.74208355,-0.47275221,0.37296363,0.64362807,0.28228764,-0.35280929,-0.52661649,-0.08368458,0.32248328,0.39442232,-0.11733114,-0.28285993,-0.25085676,0.31496416,0.23508160,0.10005889,-0.50351661,-0.05929534,0.02416421,-0.99794900,0.01459123,0.00689816,0.19671095,0.01129142,-0.05406884,0.01138561
10506040000000,synthetic_50hz_06,302,0.02,101.52852636,100.23858728,17.44571800,17.47794529,17.48208072,3.84106858,139.61791222,1,1,0,0,1,0.56765271,-0.09438639,0.19682097,-0.01153131,-0.09144273,-0.16824575,0.02070532,0.10653547,0.17354168,-0.02928239,-0.11855674,-0.17383432,0.03701524,0.12715997,0.16911524,-0.04368092,-0.13209712,-0.15952049,0.04908726,0.13322584,0.14532669,-0.00389242,0.03068490,-0.41358552,0.01280752,0.22334083,-0.06201266,-0.02128375,0.00564096,-0.41729691,0.02907585,0.24204321,-0.06847456,-0.03595969,-0.00616372,-0.40083006,0.04173873,0.24659456,-0.09449058,-0.37518323,-0.65920120,-0.31015014,0.35651700,0.54456431,0.11224226,-0.32757221,-0.41422738,0.08890162,0.28918337,0.27194808,-0.28748243,-0.24245723,-0.12182840,0.47777498,0.18874094,-0.03180366,-0.65429306,-0.05936174,0.02392446,-0.99795081,0.01489714,0.00641711,0.19682097,0.01092675,-0.05326927,0.01020867
10506060000000,synthetic_50hz_06,303,0.02,101.77868301,100.54660642,17.46099035,17.48208072,17.48148722,3.85311113,139.64634004,1,1,0,0,1,0.56783475,-0.09537086,0.19691802,-0.01942980,-0.10458997,-0.17314636,0.02811081,0.11707829,0.17415909,-0.03598138,-0.12619118,-0.17015074,0.04281458,0.13166593,0.16123685,-0.04841342,-0.13334469,-0.14767444,0.05261648,0.13117905,0.12985450,-0.01180579,0.01748980,-0.41852296,0.02022106,0.23392919,-0.06135409,-0.02798380,-0.00203578,-0.41365797,0.03486925,0.24658740,-0.07630570,-0.04067936,-0.00744467,-0.38903292,0.04524849,0.24457565,-0.10991318,-0.36003889,-0.56233152,-0.14097158,0.33250455,0.43394676,-0.06017912,-0.29538394,-0.29305112,0.25959483,0.24974728,0.14370668,-0.45152630,-0.19691029,0.00978089,0.63044005,0.13839628,-0.16298647,-0.79117793,-0.05942378,0.02367772,-0.99795298,0.01519823,0.00593480,0.19691802,0.01056182,-0.05246014,0.00913750
10506080000000,synthetic_50hz_06,304,0.02,102.01499465,100.84028407,17.46959903,17.48148722,17.47709593,3.86518718,139.67074494,1,1,0,0,1,0.56800947,-0.09633821,0.19700303,-0.02691263,-0.11551654,-0.17438036,0.03491723,0.12513767,0.17109091,-0.04191515,-0.13115103,-0.16286884,0.04770464,0.13338323,0.14995117,-0.05211877,-0.13176994,-0.13271035,0.05503030,0.12635766,0.11164342,-0.01930380,0.00651530,-0.41979358,0.02703584,0.24203423,-0.06438129,-0.03391895,-0.00703809,-0.40642058,0.03975367,0.24834313,-0.08754422,-0.04437218,-0.00590354,-0.37411768,0.04764313,0.23978238,-0.12807468,-0.33727376,-0.45356684,0.03117382,0.30145516,0.31415369,-0.23130843,-0.25694547,-0.16568334,0.42477432,0.20502792,0.01243626,-0.60599377,-0.14719932,0.14116936,0.76974213,0.08512689,-0.29070500,-0.91129847,-0.05948146,0.02342406,-0.99795552,0.01549439,0.00545133,0.19700303,0.01019665,-0.05164160,0.00816002
10506100000000,synthetic_50hz_06,305,0.02,101.68519507,101.00926627,17.47274773,17.47709593,17.49066414,3.87729111,139.69105820,1,1,0,0,1,0.56817686,-0.09728826,0.19707676,-0.03382273,-0.12399808,-0.17193301,0.04098239,0.13055076,0.16441352,-0.04696051,-0.13333960,-0.15215391,0.05158473,0.13228419,0.13550764,-0.05472175,-0.12741498,-0.11495461,0.05628111,0.11887232,0.09108739,-0.02622935,-0.00201426,-0.41738265,0.03310966,0.24749309,-0.07101788,-0.03896599,-0.00926928,-0.39575003,0.04362844,0.24728270,-0.10194070,-0.04696292,-0.00158241,-0.35641074,0.04887504,0.23232542,-0.14858115,-0.30739026,-0.33524293,0.20263106,0.26404523,0.18774732,-0.39752347,-0.21308766,-0.03483886,0.58095509,0.15598667,-0.11907401,-0.74763751,-0.09438852,0.26955393,0.89276520,0.03006909,-0.41226248,-1.01215404,-0.05953475,0.02316357,-0.99795840,0.01578553,0.00496679,0.19707676,0.00983124,-0.05081378,0.00726534
10506120000000,synthetic_50hz_06,306,0.02,101.86936262,101.18128554,17.48027262,17.49066414,17.49856128,3.88941885,139.70721267,1,1,0,0,1,0.56833692,-0.09822084,0.19713989,-0.04001606,-0.12986347,-0.16586791,0.04618064,0.13321186,0.15427958,-0.05101382,-0.13271968,-0.13824330,0.05437624,0.12840114,0.11822139,-0.05617097,-0.12038074,-0.09479111,0.05634626,0.10888970,0.06862796,-0.03243845,-0.00792773,-0.41135376,0.03831687,0.25020008,-0.08111119,-0.04302129,-0.00869215,-0.38188365,0.04641492,0.24343846,-0.11917999,-0.04840020,0.00541777,-0.33629599,0.04892158,0.22237143,-0.17099103,-0.27103976,-0.20988686,0.36977884,0.22108307,0.05741731,-0.55532549,-0.16475246,0.09670761,0.72486185,0.10367195,-0.24804441,-0.87350011,-0.03960253,0.39222997,0.99695495,-0.02560865,-0.52510736,-1.09166712,-0.05958366,0.02289636,-0.99796163,0.01607156,0.00448128,0.19713989,0.00946561,-0.04997683,0.00644363
10506140000000,synthetic_50hz_06,307,0.02,102.28099757,101.40122795,17.48795386,17.49856128,17.49276500,3.90156708,139.71914277,1,1,0,0,1,0.56848965,-0.09913578,0.19719300,-0.04536466,-0.13299805,-0.15632499,0.05040548,0.13307424,0.14091414,-0.05399309,-0.12931383,-0.12144066,0.05602406,0.12182525,0.09846600,-0.05643982,-0.11082439,-0.07265251,0.05522840,0.09662840,0.04474442,-0.03780310,-0.01111048,-0.40184684,0.04255098,0.25010847,-0.09443618,-0.04600286,-0.00532923,-0.36512512,0.04805802,0.23690156,-0.13888852,-0.04865741,0.01493984,-0.31420607,0.04778539,0.21013902,-0.19482504,-0.22900740,-0.08016130,0.52910705,0.17349047,-0.07407799,-0.70141343,-0.11297172,0.22618158,0.85349773,0.04919594,-0.37176424,-0.98097530,0.01599818,0.50662877,1.08017089,-0.08073106,-0.62688696,-1.14822465,-0.05962818,0.02262250,-0.99796519,0.01635238,0.00399489,0.19719300,0.00909976,-0.04913091,0.00568600
10506160000000,synthetic_50hz_06,308,0.02,102.10136948,101.54125625,17.48997454,17.49276500,17.49795811,3.91373236,139.72678455,1,1,0,0,1,0.56863504,-0.10003293,0.19723656,-0.04975920,-0.13334563,-0.14351685,0.05357163,0.13015064,0.12460919,-0.05583956,-0.12320335,-0.10210899,0.05649761,0.11270405,0.07666493,-0.05552681,-0.09895544,-0.04901059,0.05295515,0.08235390,0.01994325,-0.04221398,-0.01150629,-0.38907448,0.04572669,0.24723100,-0.11070086,-0.04785193,0.00073817,-0.34583739,0.04852716,0.22781955,-0.16064283,-0.04773307,0.02677428,-0.29061278,0.04549410,0.19589364,-0.21957668,-0.18219418,0.05119365,0.67729109,0.12228203,-0.20397118,-0.83275300,-0.05884443,0.35086812,0.96420625,-0.00628968,-0.48764937,-1.06786099,0.07124246,0.61037147,1.14072880,-0.13414128,-0.71549626,-1.18070887,-0.05966829,0.02234210,-0.99796909,0.01662790,0.00350772,0.19723656,0.00873369,-0.04827617,0.00498439
10506180000000,synthetic_50hz_06,309,0.02,102.67335901,101.76767680,17.49332764,17.49795811,17.48284333,3.92591205,139.73007573,1,1,0,0,1,0.56877309,-0.10091211,0.19727096,-0.05311116,-0.13090912,-0.12772361,0.05561666,0.12451247,0.10571687,-0.05651871,-0.11452608,-0.08066226,0.05579129,0.10123784,0.05328213,-0.05345539,-0.08503087,-0.02436585,0.04957834,0.06637242,-0.00525292,-0.04558257,-0.00911809,-0.37331680,0.04778160,0.24163906,-0.12955309,-0.04853399,0.00937220,-0.32443448,0.04781673,0.21639271,-0.18397898,-0.04565060,0.04066413,-0.26601659,0.04209954,0.17994154,-0.24472335,-0.13159676,0.18141965,0.81126130,0.06854277,-0.32954503,-0.94663929,-0.00351266,0.46816948,1.05472522,-0.06161872,-0.59329638,-1.13240293,0.12497360,0.70131827,1.17743293,-0.18472544,-0.78912083,-1.18851700,-0.05970401,0.02205526,-0.99797331,0.01689803,0.00301985,0.19727096,0.00836743,-0.04741276,0.00433147
10506200000000,synthetic_50hz_06,310,0.02,102.54395935,101.92293331,17.48892423,17.48284333,17.47758190,3.93810300,139.72895570,1,1,0,0,1,0.56890379,-0.10177317,0.19729649,-0.05535453,-0.12574996,-0.10928629,0.05650215,0.11628774,0.08464140,-0.05602078,-0.10347290,-0.05755626,0.05392431,0.08767489,0.02881175,-0.05027318,-0.06934916,0.00076343,0.04517265,0.04902407,-0.03031659,-0.04784285,-0.00400730,-0.35491485,0.04867725,0.23346068,-0.15058864,-0.04803928,0.02038199,-0.30137215,0.04594596,0.20286932,-0.20840281,-0.04245766,0.05631089,-0.24093582,0.03767638,0.16262282,-0.26973754,-0.07828539,0.30779903,0.92826622,0.01340434,-0.44818994,-1.04075153,0.05186317,0.57565933,1.12323149,-0.11563543,-0.68653219,-1.17332816,0.17607387,0.77761201,1.18959724,-0.23143602,-0.84627291,-1.17156967,-0.05973530,0.02176207,-0.99797785,0.01716269,0.00253140,0.19729649,0.00800098,-0.04654084,0.00372054
10506220000000,synthetic_50hz_06,311,0.02,102.61669534,102.06168572,17.48416045,17.47758190,17.47195359,3.95030259,139.72336559,1,1,0,0,1,0.56902715,-0.10261596,0.19731340,-0.05644697,-0.11798625,-0.08859908,0.05621422,0.10565783,0.06183006,-0.05436079,-0.09028325,-0.03327844,0.05094011,0.07230575,0.00376739,-0.04605081,-0.05224365,0.02585227,0.03983384,0.03067534,-0.05472660,-0.04895250,0.00370796,-0.33426277,0.04839980,0.22287722,-0.17336026,-0.04638281,0.03352811,-0.27713785,0.04295826,0.18753994,-0.23340072,-0.03822484,0.07338124,-0.21589541,0.03232040,0.14430396,-0.29409810,-0.02338049,0.42771222,1.02592813,-0.04197944,-0.55745843,-1.11319899,0.10612909,0.67113285,1.16837580,-0.16721898,-0.76545820,-1.18986779,0.22348787,0.83771503,1.17705534,-0.27331351,-0.88582014,-1.13030783,-0.05976219,0.02146264,-0.99798271,0.01742179,0.00204245,0.19731340,0.00763434,-0.04566056,0.00314544
10506240000000,synthetic_50hz_06,312,0.02,102.37200855,102.12375029,17.47903357,17.47195359,17.47751065,3.96250861,139.71324832,1,1,0,0,1,0.56914315,-0.10344032,0.19732181,-0.05637051,-0.10778972,-0.06610042,0.05476364,0.09285312,0.03776325,-0.05157792,-0.07523951,-0.00833735,0.04690517,0.05545672,-0.02132891,-0.04088013,-0.03407508,0.05038026,0.03367650,0.01171104,-0.07797912,-0.04889354,0.01385598,-0.31179903,0.04695999,0.21011907,-0.19738753,-0.04360377,0.04852816,-0.25224013,0.03892014,0.17073083,-0.25845069,-0.03304403,0.09151443,-0.19141579,0.02614616,0.12536978,-0.31730118,0.03197155,0.53869230,1.10229002,-0.09645723,-0.65511546,-1.16255699,0.15816200,0.75265133,1.18930690,-0.21530688,-0.82848792,-1.18176854,0.26624437,0.88043881,1.14015924,-0.30950591,-0.90700624,-1.06567862,-0.05978465,0.02115707,-0.99798786,0.01767524,0.00155310,0.19732181,0.00726752,-0.04477208,0.00260049
10506260000000,synthetic_50hz_06,313,0.02,102.40652669,102.18030557,17.47839394,17.47751065,17.48080899,3.97471982,139.69854858,1,1,0,0,1,0.56925180,-0.10424611,0.19732181,-0.05513167,-0.09538156,-0.04226332,0.05218533,0.07814765,0.01294410,-0.04773446,-0.05866071,0.01674830,0.04190738,0.03748255,-0.04595784,-0.03487210,-0.01522375,0.07384240,0.02683143,-0.00747395,-0.09959804,-0.04767249,0.02621558,-0.28799663,0.04439275,0.19546026,-0.22216732,-0.03976445,0.06506314,-0.22719770,0.03391947,0.15279677,-0.28303340,-0.02702616,0.11033017,-0.16800195,0.01928450,0.10621515,-0.33887070,0.08662284,0.63847568,1.15585284,-0.14890444,-0.73918365,-1.18789256,0.20689307,0.81858062,1.18568478,-0.25891687,-0.87437753,-1.14929316,0.30347597,0.90496572,1.07976689,-0.33928572,-0.90946333,-0.97911043,-0.05980269,0.02084547,-0.99799332,0.01792297,0.00106345,0.19732181,0.00690054,-0.04387557,0.00208040
10506280000000,synthetic_50hz_06,314,0.02,102.31856025,102.20795650,17.47940826,17.48080899,17.48634434,3.98693542,139.67921290,1,1,0,0,1,0.56935310,-0.10503319,0.19731340,-0.05276106,-0.08102723,-0.01758511,0.04853736,0.06185291,-0.01211239,-0.04291430,-0.04089534,0.04146068,0.03605400,0.01875874,-0.06961363,-0.02815424,0.00391868,0.09575960,0.01944279,-0.02648312,-0.11914477,-0.04531995,0.04052127,-0.26335290,0.04075615,0.17921230,-0.24718464,-0.03494873,0.08278453,-0.20252839,0.02806351,0.13411326,-0.30664308,-0.02029876,0.12943679,-0.14613298,0.01187954,0.08723658,-0.35836804,0.13944817,0.72504776,1.18560252,-0.19824673,-0.80798238,-1.18877915,0.25132974,0.86762249,1.15768272,-0.29716679,-0.90224863,-1.09320977,0.33443639,0.91086253,0.99721906,-0.36206403,-0.89321584,-0.87247807,-0.05981630,0.02052794,-0.99799906,0.01816489,0.00057359,0.19731340,0.00653340,-0.04297117,0.00158018
10506300000000,synthetic_50hz_06,315,0.02,102.12749229,102.19186366,17.48232141,17.48634434,17.49696434,3.99915498,139.65518967,1,1,0,0,1,0.56944704,-0.10580140,0.19729649,-0.04931250,-0.06503049,0.00742331,0.04389951,0.04431092,-0.03689025,-0.03722088,-0.02231384,0.06529362,0.02946915,-0.00032655,-0.09181455,-0.02086781,0.02295753,0.11568843,0.01166484,-0.04492664,-0.13622695,-0.04188974,0.05646932,-0.23837875,0.03612997,0.16171717,-0.27192352,-0.02926006,0.10132192,-0.17873836,0.02147640,0.11506843,-0.32879800,-0.01300309,0.14843963,-0.12625231,0.00408557,0.06882391,-0.37540087,0.18936847,0.79668267,1.19102632,-0.24348196,-0.86015996,-1.16530043,0.29057576,0.89883844,1.10597839,-0.32929213,-0.91160299,-1.01477048,0.35851485,0.89808560,0.89430626,-0.37740142,-0.85867598,-0.74805878,-0.05982549,0.02020459,-0.99800508,0.01840093,0.00008361,0.19729649,0.00616611,-0.04205906,0.00109513
10506320000000,synthetic_50hz_06,316,0.02,102.37613613,102.22871815,17.48847144,17.49696434,17.49430870,4.01137857,139.62642918,1,1,0,0,1,0.56953362,-0.10655061,0.19727096,-0.04486162,-0.04772658,0.03224822,0.03837137,0.02588673,-0.06088333,-0.03077486,-0.00330054,0.08776314,0.02229109,-0.01938079,-0.11211270,-0.01316466,0.04150337,0.13323000,0.00365869,-0.06242939,-0.15050621,-0.03745751,0.07372448,-0.21358787,0.03061380,0.14333995,-0.29587781,-0.02281910,0.12029097,-0.15631161,0.01429638,0.09605484,-0.34905027,-0.00529102,0.16694924,-0.10875882,-0.00393630,0.05135224,-0.38963081,0.23537281,0.85197635,1.17211825,-0.28370051,-0.89471855,-1.11804315,0.32384898,0.91166559,1.03173435,-0.35466074,-0.90232890,-0.91568016,0.37524746,0.86697764,0.77322648,-0.38501563,-0.80663101,-0.60848033,-0.05983025,0.01987553,-0.99801138,0.01863100,-0.00040638,0.19727096,0.00579867,-0.04113940,0.00062074
10506340000000,synthetic_50hz_06,317,0.02,102.41979348,102.26693322,17.49092309,17.49430870,17.48817691,4.02360577,139.59288364,1,1,0,0,1,0.56961283,-0.10728070,0.19723656,-0.03950407,-0.02947491,0.05638387,0.03207003,0.00696057,-0.08360572,-0.02371141,0.01575445,0.10841718,0.01466917,-0.03801526,-0.13010292,-0.00520401,0.05918008,0.14803774,-0.00441118,-0.07863870,-0.16170456,-0.03211887,0.09192735,-0.18948604,0.02432473,0.12446086,-0.31856161,-0.01576101,0.13930158,-0.13570017,0.00667281,0.07746119,-0.36699473,0.00267826,0.18458951,-0.09399908,-0.01202160,0.03517426,-0.40077987,0.27653886,0.88987234,1.12937366,-0.31810314,-0.91103104,-1.04807936,0.35049635,0.90592428,0.93656845,-0.37278460,-0.87469931,-0.79805583,0.38432529,0.81825634,0.63653489,-0.38478570,-0.73822267,-0.45666235,-0.05983059,0.01954088,-0.99801795,0.01885504,-0.00089629,0.19723656,0.00543111,-0.04021235,0.00015263
10506360000000,synthetic_50hz_06,318,0.02,103.07003568,102.42755371,17.48976969,17.48817691,17.45555878,4.03583579,139.55450722,1,1,0,0,1,0.56968469,-0.10799152,0.19719300,-0.03335325,-0.01065132,0.07934284,0.02512745,-0.01208020,-0.10460162,-0.01617721,0.03446344,0.12684470,0.00676057,-0.05585309,-0.14543078,0.00285098,0.07563246,0.15982402,-0.01238034,-0.09323132,-0.16960947,-0.02598727,0.11070208,-0.16656065,0.01739471,0.10546726,-0.33951911,-0.00823248,0.15796604,-0.11731511,-0.00123713,0.05966436,-0.38227694,0.01074158,0.20100524,-0.08226072,-0.02000591,0.02061320,-0.40863553,0.31205099,0.90967987,1.06377332,-0.34601647,-0.90884998,-0.95693873,0.37000613,0.88181752,0.82251515,-0.38332835,-0.82936186,-0.66437807,0.38559903,0.75299530,0.48708667,-0.37675271,-0.65491954,-0.29575232,-0.05982649,0.01920075,-0.99802477,0.01907297,-0.00138602,0.19719300,0.00506341,-0.03927808,-0.00031349
10506380000000,synthetic_50hz_06,319,0.02,103.03855684,102.54975434,17.47540111,17.45555878,17.42699229,4.04806630,139.51125604,1,1,0,0,1,0.56974917,-0.10868295,0.19713989,-0.02653784,0.00835988,0.10066592,0.01768754,-0.03084919,-0.12345439,-0.00832730,0.05244910,0.14268362,-0.00127302,-0.07253688,-0.15779922,0.01083664,0.09053339,0.16836539,-0.02008783,-0.10591978,-0.17407750,-0.01919135,0.12966437,-0.14527093,0.00996766,0.08674552,-0.35833368,-0.00038855,0.17590704,-0.10151847,-0.00927175,0.04302174,-0.39459986,0.01873526,0.21586932,-0.07376721,-0.02772825,0.00795654,-0.41305436,0.34121600,0.91108391,0.97675749,-0.36690544,-0.88830832,-0.84657152,0.38201682,0.83992239,0.69197849,-0.38611448,-0.76732111,-0.51743540,0.37908028,0.67259760,0.32797441,-0.36111702,-0.55848279,-0.12905777,-0.05981798,0.01885525,-0.99803184,0.01928472,-0.00187549,0.19713989,0.00469560,-0.03833676,-0.00078189
10506400000000,synthetic_50hz_06,320,0.02,103.40390774,102.72058502,17.45506941,17.42699229,17.38591393,4.06029466,139.46308827,1,1,0,0,1,0.56980629,-0.10935486,0.19707676,-0.01919888,0.02717397,0.11993122,0.00990310,-0.04896896,-0.13979466,-0.00032180,0.06935216,0.15562775,-0.00926877,-0.08773590,-0.16697403,0.01859211,0.10359018,0.17350636,-0.02737944,-0.11645790,-0.17503642,-0.01187217,0.14842949,-0.12603876,0.00219638,0.06867310,-0.37463594,0.00761067,0.19276530,-0.08861646,-0.01726823,0.02786406,-0.40372927,0.02649846,0.22888905,-0.06867400,-0.03503442,-0.00254955,-0.41396411,0.36347595,0.89414727,0.87019073,-0.38038270,-0.84991214,-0.71930333,0.38632285,0.78117365,0.54767809,-0.38112512,-0.68991356,-0.36026303,0.36493938,0.57876294,0.16246142,-0.33823227,-0.45092631,0.04002403,-0.05980504,0.01850451,-0.99803916,0.01949022,-0.00236458,0.19707676,0.00432769,-0.03738855,-0.00125687
10506420000000,synthetic_50hz_06,321,0.02,103.58298034,102.89306408,17.42602411,17.38591393,17.34122245,4.07251759,139.40996408,1,1,0,0,1,0.56985605,-0.11000714,0.19700303,-0.01148675,0.04541365,0.13676239,0.00193250,-0.06607862,-0.15330733,0.00767747,0.08483851,0.16543234,-0.01706609,-0.10115247,-0.17278785,0.02596270,0.11455016,0.17516182,-0.03411078,-0.12464531,-0.17248579,-0.00418010,0.16662017,-0.10924049,-0.00576076,0.05161089,-0.38811079,0.01560336,0.20820673,-0.07885384,-0.02506598,0.01448899,-0.40949782,0.03387645,0.23981177,-0.06706622,-0.04178002,-0.01070469,-0.41136434,0.37841803,0.85930469,0.74631835,-0.38621485,-0.79452571,-0.57778269,0.38287692,0.70684018,0.39258930,-0.36850047,-0.59877611,-0.19607737,0.34349999,0.47344905,-0.00608757,-0.30859623,-0.33447224,0.20807699,-0.05978768,0.01814864,-0.99804671,0.01968941,-0.00285322,0.19700303,0.00395967,-0.03643363,-0.00174281
10506440000000,synthetic_50hz_06,322,0.02,103.09347977,102.93314722,17.39040741,17.34122245,17.31835577,4.08473159,139.35184571,1,1,0,0,1,0.56989843,-0.11063967,0.19691802,-0.00355801,0.06271674,0.15083571,-0.00606357,-0.08184101,-0.16373730,0.01551032,0.09860577,0.17191828,-0.02450991,-0.11252768,-0.17514277,0.03280286,0.12320536,0.17331781,-0.04015009,-0.13033098,-0.16649602,0.00372831,0.18387421,-0.09519985,-0.01374308,0.03589602,-0.39850316,0.02342933,0.22192894,-0.07240970,-0.03250990,0.00315546,-0.41180759,0.04072373,0.24842951,-0.06895782,-0.04783330,-0.01635786,-0.40532549,0.38578117,0.80734927,0.60771562,-0.38432523,-0.72334926,-0.42492268,0.37178902,0.61849475,0.22987902,-0.34853396,-0.49580875,-0.02820784,0.31523050,0.35882835,-0.17427658,-0.27283879,-0.21150276,0.37173653,-0.05976591,0.01778776,-0.99805449,0.01988222,-0.00334129,0.19691802,0.00359156,-0.03547217,-0.00224427
10506460000000,synthetic_50hz_06,323,0.02,102.85793893,102.91810556,17.36014572,17.31835577,17.30259988,4.09693444,139.28869746,1,1,0,0,1,0.56993344,-0.11125233,0.19682097,0.00442795,0.07874333,0.16188598,-0.01392542,-0.09594929,-0.17089395,0.02302142,0.11038899,0.17497496,-0.03145370,-0.12164613,-0.17401136,0.03897915,0.12939614,0.16803093,-0.04538081,-0.13341561,-0.15720610,0.01169365,0.19985169,-0.08418201,-0.02159089,0.02183536,-0.40562239,0.03093323,0.23366698,-0.06939465,-0.03945350,-0.00592114,-0.41063116,0.04690682,0.25458263,-0.07429220,-0.05307769,-0.01940976,-0.39598652,0.38545946,0.73941168,0.45723092,-0.37479351,-0.63789019,-0.26383802,0.35332209,0.51797804,0.06283854,-0.32166424,-0.38313233,0.13997260,0.28073265,0.23724074,-0.33874826,-0.23170740,-0.08450939,0.52775766,-0.05973972,0.01742199,-0.99806248,0.02006858,-0.00382871,0.19682097,0.00322337,-0.03450434,-0.00276598
10506480000000,synthetic_50hz_06,324,0.02,103.12485855,102.95945616,17.33597647,17.30259988,17.27273236,4.10912512,139.22048577,1,1,0,0,1,0.56996108,-0.11184501,0.19671095,0.01231211,0.09318237,0.16971120,-0.02149764,-0.10813272,-0.17465405,0.03006338,0.11996555,0.17456154,-0.03776238,-0.12833971,-0.16943633,0.04437268,0.13301379,0.15942621,-0.04970369,-0.13385301,-0.14481974,0.01955691,0.21424159,-0.07638900,-0.02914877,0.00969964,-0.40934528,0.03796770,0.24319822,-0.06984954,-0.04576169,-0.01257273,-0.40601124,0.05230686,0.25816241,-0.08294435,-0.05741394,-0.01981419,-0.38355117,0.37750226,0.65693270,0.29792420,-0.35785203,-0.53992834,-0.09777908,0.32788475,0.40735760,-0.10518506,-0.28846441,-0.26304255,0.30511666,0.24072750,0.11114387,-0.49625161,-0.18605030,0.04395915,0.67307940,-0.05970914,0.01705146,-0.99807069,0.02024845,-0.00431538,0.19671095,0.00285510,-0.03353031,-0.00331296
10506500000000,synthetic_50hz_06,325,0.02,102.79378946,102.92632282,17.30941395,17.27273236,17.25358391,4.12130246,139.14717918,1,1,0,0,1,0.56998135,-0.11241761,0.19658693,0.01993907,0.10575759,0.17417568,-0.02863210,-0.11816166,-0.17496339,0.03649966,0.12715907,0.17070682,-0.04331492,-0.13249042,-0.16152870,0.04888139,0.13400201,0.14769362,-0.05303858,-0.13165027,-0.12960047,0.02716269,0.22676763,-0.07195649,-0.03626860,-0.00028151,-0.40961763,0.04439618,0.25034631,-0.07374554,-0.05131341,-0.01668126,-0.39805885,0.05682176,0.25911257,-0.09472426,-0.06076191,-0.01757826,-0.36828295,0.36211110,0.56162985,0.13300207,-0.33387899,-0.43147623,0.06993589,0.29602099,0.28888295,-0.27085756,-0.24962856,-0.13796104,0.46397028,0.19603923,-0.01693835,-0.64370652,-0.13679799,0.17134940,0.80488441,-0.05967415,0.01667630,-0.99807910,0.02042175,-0.00480120,0.19658693,0.00248677,-0.03255026,-0.00389058
10506520000000,synthetic_50hz_06,326,0.02,102.43173578,102.82740541,17.28596533,17.25358391,17.24346388,4.13346591,139.06874836,1,1,0,0,1,0.56999425,-0.11297003,0.19644771,0.02716011,0.11623256,0.17521195,-0.03519090,-0.12585162,-0.17183691,0.04220713,0.13184232,0.16350774,-0.04800650,-0.13403195,-0.15046456,0.05242182,0.13235737,0.13308342,-0.05532580,-0.12686686,-0.11186542,0.03436228,0.23719338,-0.07095196,-0.04281247,-0.00792361,-0.40645435,0.05009554,0.25498401,-0.08098575,-0.05600387,-0.01818046,-0.38695009,0.06036809,0.25742967,-0.10938169,-0.06306192,-0.01276143,-0.35049900,0.33963352,0.45545891,-0.03424894,-0.30338884,-0.31473523,0.23598864,0.25839733,0.16493759,-0.43092469,-0.20595609,-0.01038472,0.61343697,0.14757705,-0.14446755,-0.77826358,-0.08494329,0.29515475,0.92065249,-0.05963477,0.01629662,-0.99808770,0.02058844,-0.00528608,0.19644771,0.00211838,-0.03156437,-0.00450461
10506540000000,synthetic_50hz_06,327,0.02,102.37452015,102.73682836,17.26811472,17.24346388,17.22824858,4.14561572,138.98516618,1,1,0,0,1,0.56999977,-0.11350216,0.19629195,0.03383608,0.12441487,0.17282104,-0.04104894,-0.13106634,-0.16535737,0.04707834,0.13393909,0.15312638,-0.05175045,-0.13295032,-0.13648068,0.05493057,0.12812854,0.11590018,-0.05652701,-0.11961274,-0.09197823,0.04101653,0.24532643,-0.07337437,-0.04865529,-0.01309038,-0.39993822,0.05495835,0.25703511,-0.09140806,-0.05974640,-0.01705635,-0.37292172,0.06288242,0.25316238,-0.12661207,-0.06427561,-0.00547366,-0.33056296,0.31055401,0.34057119,-0.20052960,-0.26702002,-0.19204862,0.39712773,0.21578771,0.03798920,-0.58227647,-0.15833415,0.11716547,0.75063792,0.09631574,-0.26894220,-0.89735812,-0.03152050,0.41296521,1.01820707,-0.05959101,0.01591255,-0.99809649,0.02074845,-0.00576993,0.19629195,0.00174995,-0.03057281,-0.00516134
10506560000000,synthetic_50hz_06,328,0.02,102.26058093,102.64157887,17.25137094,17.22824858,17.21036697,4.15775224,138.89640766,1,1,0,0,1,0.56999792,-0.11401391,0.19611809,0.03984009,0.13015934,0.16707152,-0.04609628,-0.13371973,-0.15567274,0.05102350,0.13342493,0.13978583,-0.05447969,-0.12928342,-0.11986883,0.05636520,0.12141461,0.09649597,-0.05662567,-0.11004536,-0.07034107,0.04699852,0.25102160,-0.07915515,-0.05368711,-0.01569575,-0.39021720,0.05889479,0.25647515,-0.10478938,-0.06247390,-0.01334679,-0.35626552,0.06432233,0.24640981,-0.14606333,-0.06438646,0.00412759,-0.30887702,0.27548235,0.21926766,-0.36259426,-0.22552033,-0.06585263,0.55023257,0.16905645,-0.08946097,-0.72200742,-0.10771860,0.24219537,0.87296646,0.04327517,-0.38794716,-0.99875747,0.02241590,0.52251426,1.09575383,-0.05954288,0.01552424,-0.99810545,0.02090175,-0.00625264,0.19611809,0.00138147,-0.02957576,-0.00586762
10506580000000,synthetic_50hz_06,329,0.02,102.40768736,102.59480057,17.23414927,17.21036697,17.17967362,4.16987569,138.80245004,1,1,0,0,1,0.56998870,-0.11450519,0.19592440,0.04505974,0.13337015,0.15809713,-0.05024006,-0.13377693,-0.14299224,0.05397193,0.13032686,0.12376481,-0.05614776,-0.12311940,-0.10096919,0.05670483,0.11236236,0.07526258,-0.05562707,-0.09836585,-0.04738612,0.05219589,0.25418309,-0.08816056,-0.05781508,-0.01570485,-0.37750053,0.06183421,0.25333117,-0.12085100,-0.06413994,-0.00713997,-0.33732166,0.06466694,0.23731872,-0.16734366,-0.06339975,0.01584120,-0.28587333,0.23513958,0.09395086,-0.51731475,-0.17973046,0.06137354,0.69237384,0.11913963,-0.21492850,-0.84747146,-0.05511395,0.36228698,0.97813608,-0.01050069,-0.49920056,-1.08060059,0.07581259,0.62172195,1.15191088,-0.05949038,0.01513179,-0.99811459,0.02104827,-0.00673413,0.19592440,0.00101296,-0.02857341,-0.00663101
10506600000000,synthetic_50hz_06,330,0.02,102.37462687,102.55076583,17.21126950,17.17967362,17.14480207,4.18198553,138.70327276,1,1,0,0,1,0.56997211,-0.11497591,0.19570890,0.04939925,0.13400207,0.14609307,-0.05340609,-0.13125414,-0.12758131,0.05587320,0.12472209,0.10539132,-0.05672946,-0.11459425,-0.08016285,0.05595019,0.10116260,0.05262324,-0.05355784,-0.08481439,-0.02356649,0.05651285,0.25476565,-0.10019540,-0.06096502,-0.01313388,-0.36205364,0.06372617,0.24768038,-0.13926492,-0.06471929,0.00142813,-0.31647124,0.06391696,0.22607994,-0.19002984,-0.06134211,0.02942698,-0.26200502,0.19034203,-0.03292438,-0.66174074,-0.13056589,0.18715755,0.82086865,0.06702547,-0.33599488,-0.95633054,-0.00155268,0.47514532,1.06422097,-0.06396488,-0.60059710,-1.14142941,0.12763830,0.70873338,1.18572991,-0.05943352,0.01473535,-0.99812389,0.02118797,-0.00721430,0.19570890,0.00064443,-0.02756592,-0.00745985
10506620000000,synthetic_50hz_06,331,0.02,102.52467503,102.54554767,17.18335318,17.14480207,17.09883475,4.19408071,138.59885750,1,1,0,0,1,0.56994814,-0.11542598,0.19546935,0.05278100,0.13206049,0.13131129,-0.05554004,-0.12621755,-0.10975548,0.05669783,0.11673570,0.08503538,-0.05622099,-0.10388831,-0.05786367,0.05412327,0.08804576,0.02902372,-0.05046516,-0.06966482,0.00065300,0.05987177,0.25277468,-0.11500772,-0.06308258,-0.00804905,-0.34419206,0.06454118,0.23964784,-0.15966110,-0.06420817,0.01217719,-0.29412813,0.06209441,0.21292388,-0.21367611,-0.05826072,0.04461109,-0.23773692,0.14198371,-0.15890022,-0.79315531,-0.07899761,0.30908275,0.93332989,0.01373397,-0.45035427,-1.04659614,0.05192563,0.57864188,1.12968853,-0.11608819,-0.69024696,-1.18021147,0.17690387,0.78195191,1.19670837,-0.05937232,0.01433505,-0.99813334,0.02132081,-0.00769305,0.19546935,0.00027588,-0.02655348,-0.00836339
10506640000000,synthetic_50hz_06,332,0.02,102.63473998,102.56338613,17.14785544,17.09883475,17.04469021,4.20615938,138.48918817,1,1,0,0,1,0.56991680,-0.11585533,0.19520322,0.05514682,0.12760056,0.11405455,-0.05660817,-0.11878124,-0.08987339,0.05643748,0.10653740,0.06310114,-0.05463968,-0.09122204,-0.03450965,0.05126658,0.07327671,0.00492323,-0.04641545,-0.05321877,0.02480513,0.06221448,0.24826533,-0.13229475,-0.06413403,-0.00056442,-0.32427444,0.06427092,0.22940329,-0.18163540,-0.06262389,0.02488672,-0.27073032,0.05924178,0.19811542,-0.23782323,-0.05422200,0.06109190,-0.21353624,0.09101747,-0.28156425,-0.90912479,-0.02603216,0.42483480,1.02770850,-0.03970367,-0.55585717,-1.11666290,0.10429483,0.67085391,1.17342339,-0.16587912,-0.76650962,-1.19635353,0.22268103,0.84006651,1.18479225,-0.05930679,0.01393102,-0.99814293,0.02144674,-0.00817030,0.19520322,-0.00009268,-0.02553627,-0.00935194
10506660000000,synthetic_50hz_06,333,0.02,102.74959621,102.60062815,17.10452604,17.04469021,16.98297040,4.21821907,138.37425096,1,1,0,0,1,0.56987809,-0.11626388,0.19490768,0.05645876,0.12072527,0.09466977,-0.05659767,-0.10910416,-0.06832906,0.05510484,0.09433752,0.04001838,-0.05202332,-0.07685109,-0.01055396,0.04744194,0.05714901,-0.01921474,-0.04149279,-0.03579930,0.04842947,0.06350305,0.24134060,-0.15170959,-0.06410657,0.00916105,-0.30269478,0.06292806,0.21715705,-0.20475804,-0.06000427,0.03930108,-0.24673099,0.05542089,0.18194813,-0.26200774,-0.04931003,0.07854635,-0.18986341,0.03843543,-0.39859605,-1.00754186,0.02730865,0.53224545,1.10232823,-0.09226540,-0.65054996,-1.16533395,0.15456210,0.75009881,1.19474256,-0.21240270,-0.82802197,-1.18970618,0.26411964,0.88207287,1.15037002,-0.05923694,0.01352339,-0.99815267,0.02156572,-0.00864595,0.19490768,-0.00046123,-0.02451448,-0.01043698
10506680000000,synthetic_50hz_06,334,0.02,102.57460014,102.59542255,17.05347267,16.98297040,16.92531349,4.23025675,138.25403430,1,1,0,0,1,0.56983202,-0.11665155,0.19457950,0.05669954,0.11158268,0.07354049,-0.05551655,-0.09738631,-0.04554366,0.05273299,0.08038225,0.01623379,-0.04842911,-0.06106073,0.01354411,0.04272900,0.03997880,-0.04293153,-0.03579699,-0.01774427,0.07108121,0.06372019,0.23214855,-0.17286868,-0.06300819,0.02092735,-0.27987428,0.06054568,0.20315530,-0.22858233,-0.05640648,0.05513500,-0.22258943,0.05071138,0.16473814,-0.28577095,-0.04362462,0.09663658,-0.16716324,-0.01475106,-0.50781088,-1.08666133,0.08000793,0.62933233,1.15591218,-0.14295814,-0.73270985,-1.19183753,0.20178679,0.81496299,1.19340166,-0.25479784,-0.87372038,-1.16055946,0.30046295,0.90728799,1.09425778,-0.05916278,0.01311230,-0.99816253,0.02167772,-0.00911990,0.19457950,-0.00082977,-0.02348828,-0.01163136
10506700000000,synthetic_50hz_06,335,0.02,102.86987337,102.65031271,16.99964582,16.92531349,16.85209461,4.24226960,138.12852891,1,1,0,0,1,0.56977857,-0.11701827,0.19421507,0.05587254,0.10036232,0.05107885,-0.05339315,-0.08386421,-0.02195693,0.04937441,0.06494825,-0.00779802,-0.04393218,-0.04415981,0.03732815,0.03722337,0.02209822,-0.06578209,-0.02944139,0.00060047,0.09233950,0.06286928,0.22087870,-0.19535988,-0.06086725,0.03449797,-0.25625266,0.05717628,0.18767473,-0.25265365,-0.05190567,0.07207962,-0.19876204,0.04520889,0.14681760,-0.30866783,-0.03727911,0.11501673,-0.14585659,-0.06753131,-0.60719986,-1.14512797,0.13107337,0.71433444,1.18760099,-0.19083653,-0.80087442,-1.19583492,0.24509779,0.86432482,1.16959238,-0.29229276,-0.90285633,-1.10962993,0.33106079,0.91535808,1.01767634,-0.05908433,0.01269789,-0.99817251,0.02178269,-0.00959206,0.19421507,-0.00119829,-0.02245787,-0.01294947
10506720000000,synthetic_50hz_06,336,0.02,102.98494173,102.71723851,16.93767431,16.85209461,16.77226727,4.25425428,137.99772779,1,1,0,0,1,0.56971775,-0.11736399,0.19381028,0.05400135,0.08729077,0.02771718,-0.05027525,-0.06880565,0.00198166,0.04509969,0.04833684,-0.03162337,-0.03862388,-0.02647445,0.06035337,0.03103453,0.00384879,-0.08734335,-0.02255044,0.01888783,0.11181518,0.06097390,0.20775764,-0.21875086,-0.05773152,0.04960511,-0.23227941,0.05289044,0.17101663,-0.27651833,-0.04659319,0.08980884,-0.17569362,0.03902289,0.12852803,-0.33027529,-0.03039796,0.13333971,-0.12633263,-0.11891484,-0.69496581,-1.18199607,0.17955598,0.78574232,1.19696233,-0.23502044,-0.85386551,-1.17741962,0.28370915,0.89737136,1.12393135,-0.32421839,-0.91500558,-1.03803962,0.35538027,0.90625976,0.92222072,-0.05900160,0.01228029,-0.99818261,0.02188060,-0.01006235,0.19381028,-0.00156679,-0.02142342,-0.01440743
10506740000000,synthetic_50hz_06,337,0.02,102.79975184,102.73374118,16.86820335,16.77226727,16.69747423,4.26620712,137.86162624,1,1,0,0,1,0.56964957,-0.11768862,0.19336054,0.05112897,0.07262674,0.00389936,-0.04622878,-0.05250410,0.02582165,0.03999580,0.03086775,-0.05479821,-0.03260973,-0.00834146,0.08219492,0.02428350,-0.01442531,-0.10722191,-0.01525716,0.03677620,0.12915764,0.05807706,0.19304409,-0.24259774,-0.05366694,0.06595530,-0.20840497,0.04777514,0.15350076,-0.29973231,-0.04057454,0.10798582,-0.15380903,0.03227437,0.11021361,-0.35019994,-0.02311416,0.15126393,-0.10894195,-0.16795007,-0.76955405,-1.19674051,0.22456758,0.84232274,1.18399180,-0.27471069,-0.89080687,-1.13710806,0.31693377,0.91360862,1.05744097,-0.35001950,-0.91007062,-0.94728736,0.37301400,0.88029485,0.80982301,-0.05891460,0.01185964,-0.99819282,0.02197143,-0.01053066,0.19336054,-0.00193524,-0.02038513,-0.01602333
10506760000000,synthetic_50hz_06,338,0.02,102.39291313,102.66557557,16.79649712,16.69747423,16.63393871,4.27812480,137.72022187,1,1,0,0,1,0.56957402,-0.11799213,0.19286066,0.04731667,0.05665552,-0.01992787,-0.04133631,-0.03527259,0.04912022,0.03416421,0.01287272,-0.07689642,-0.02600714,0.00989827,0.10245565,0.01710026,-0.03238388,-0.12506104,-0.00770038,0.05393586,0.14406086,0.05424005,0.17702334,-0.26645379,-0.04875606,0.08323552,-0.18507218,0.04193183,0.13545884,-0.32186946,-0.03396715,0.12626968,-0.13350540,0.02509335,0.09221454,-0.36808505,-0.01556657,0.16845964,-0.09399058,-0.21374183,-0.82967797,-1.18925943,0.26529671,0.88313746,1.14910550,-0.30920296,-0.91113568,-1.07582231,0.34419475,0.91286543,0.97152267,-0.36926325,-0.88827685,-0.83921357,0.38368571,0.83807883,0.68270956,-0.05882336,0.01143609,-0.99820313,0.02205513,-0.01099691,0.19286066,-0.00230366,-0.01934318,-0.01781746
10506780000000,synthetic_50hz_06,339,0.02,102.42780906,102.61802227,16.72822259,16.63393871,16.56130016,4.29000506,137.57351456,1,1,0,0,1,0.56949112,-0.11827445,0.19230480,0.04264250,0.03968312,-0.04332345,-0.03569512,-0.01743743,0.07145048,0.02771862,-0.00531099,-0.09751755,-0.01894299,0.02790629,0.12077315,0.00962122,-0.04969704,-0.14054680,-0.00002207,0.07005500,0.15626843,0.04954090,0.16000138,-0.28987793,-0.04309618,0.10111943,-0.16270792,0.03547422,0.11722815,-0.34252935,-0.02689790,0.14432198,-0.11514517,0.01761622,0.07486071,-0.38361668,-0.00789714,0.18461504,-0.08173495,-0.25546735,-0.87433863,-1.15986859,0.30102273,0.90755573,1.09312455,-0.33789948,-0.91460758,-0.99486522,0.36503443,0.89529086,0.86792345,-0.38164527,-0.85016249,-0.71595905,0.38725310,0.78052353,0.54335322,-0.05872789,0.01100976,-0.99821352,0.02213169,-0.01146100,0.19230480,-0.00267202,-0.01829776,-0.01981260
10506800000000,synthetic_50hz_06,340,0.02,102.58447635,102.61131308,16.65811517,16.56130016,16.47526611,4.30184579,137.42150655,1,1,0,0,1,0.56940084,-0.11853554,0.19168638,0.03719948,0.02203009,-0.06586017,-0.02941510,0.00066814,0.09240916,0.02078268,-0.02334712,-0.11629396,-0.01155108,0.04535298,0.13682594,0.00198645,-0.06605130,-0.15341317,0.00763544,0.08484532,0.16557743,0.04407262,0.14229878,-0.31244296,-0.03679719,0.11927382,-0.14171546,0.02852596,0.09914494,-0.36134432,-0.01950057,0.16181308,-0.09904980,0.00998305,0.05846560,-0.39652879,-0.00024821,0.19944183,-0.07237796,-0.29239058,-0.90283846,-1.10928772,0.33112776,0.91526069,1.01725220,-0.36031838,-0.90129553,-0.89588882,0.37912085,0.86134559,0.74869655,-0.38699309,-0.79656266,-0.57991901,0.38370813,0.70881446,0.39442213,-0.05862820,0.01058081,-0.99822401,0.02220108,-0.01192284,0.19168638,-0.00304032,-0.01724905,-0.02203428
10506820000000,synthetic_50hz_06,341,0.02,102.12777554,102.51460557,16.58131857,16.47526611,16.40013762,4.31364444,137.26420235,1,1,0,0,1,0.56930322,-0.11877534,0.19099801,0.03109359,0.00402524,-0.08713249,-0.02261652,0.01871043,0.11162385,0.01348740,-0.04090666,-0.13289705,-0.00396943,0.06192353,0.15033877,-0.00566298,-0.08115512,-0.16344615,0.01513212,0.09804697,0.17184130,0.03794122,0.12424435,-0.33374334,-0.02997935,0.13736497,-0.12246722,0.02121807,0.08153822,-0.37798578,-0.01191321,0.17842818,-0.08549455,0.00233491,0.04332076,-0.40660739,0.00724020,0.21268016,-0.06606617,-0.32387440,-0.91478880,-1.03861953,0.35510647,0.90624946,0.92304404,-0.37610066,-0.87158253,-0.78085677,0.38625169,0.81178747,0.61615703,-0.38526690,-0.72858819,-0.43369320,0.37317469,0.62438338,0.23872579,-0.05852433,0.01014936,-0.99823456,0.02226328,-0.01238235,0.19099801,-0.00340855,-0.01619724,-0.02451110
10506840000000,synthetic_50hz_06,342,0.02,101.48641926,102.30896831,16.50522257,16.40013762,16.33882184,4.32539899,137.10160881,1,1,0,0,1,0.56919823,-0.11899381,0.19023139,0.02444157,-0.01400067,-0.10676368,-0.01542749,0.03636143,0.12875931,0.00596862,-0.05767388,-0.14704274,0.00366232,0.07732356,0.16108687,-0.01318768,-0.09474397,-0.17048679,0.02233282,0.10943287,0.17497150,0.03126342,0.10616886,-0.35340233,-0.02277078,0.15506490,-0.10529845,0.01368638,0.06472372,-0.39216965,-0.00427544,0.19387289,-0.07470418,-0.00518880,0.02969070,-0.41369354,0.01443293,0.22410295,-0.06288814,-0.34939071,-0.91011138,-0.94932177,0.37257337,0.88082733,0.81237223,-0.38501457,-0.82614862,-0.65200162,0.38635562,0.74765165,0.47283349,-0.37655785,-0.64759954,-0.28003336,0.35590375,0.52887684,0.07915973,-0.05841627,0.00971557,-0.99824519,0.02231826,-0.01283944,0.19023139,-0.00377670,-0.01514252,-0.02727510
10506860000000,synthetic_50hz_06,343,0.02,101.64013453,102.17520156,16.43533426,16.33882184,16.25612734,4.33710857,136.93373508,1,1,0,0,1,0.56908589,-0.11919092,0.18937719,0.01736850,-0.03172107,-0.12441227,-0.00798150,0.05330492,0.14352297,-0.00163561,-0.07335196,-0.15849583,0.01120557,0.09128423,0.16889919,-0.02045246,-0.10658473,-0.17443310,0.02910970,0.11881234,0.17493803,0.02416431,0.08839886,-0.37107848,-0.01530497,0.17205735,-0.09050169,0.00606894,0.04899827,-0.40366072,0.00327414,0.20787837,-0.06684977,-0.01245290,0.01780858,-0.41768522,0.02120213,0.23351951,-0.06287386,-0.36852818,-0.88903379,-0.84317334,0.38326773,0.83959610,0.68738453,-0.38695749,-0.76595247,-0.51177809,0.37949109,0.67022607,0.32141686,-0.36108379,-0.55517674,-0.12178903,0.33226627,0.42412140,-0.08135003,-0.05830407,0.00927958,-0.99825589,0.02236602,-0.01329400,0.18937719,-0.00414476,-0.01408509,-0.03036205
10506880000000,synthetic_50hz_06,344,0.02,101.30046418,102.00025408,16.36006736,16.25612734,16.17253174,4.34877180,136.76059264,1,1,0,0,1,0.56896620,-0.11936662,0.18842497,0.01000535,-0.04881961,-0.13977770,-0.00041482,0.06924197,0.15566958,-0.00918767,-0.08766806,-0.16707343,0.01852527,0.10356664,0.17366047,-0.02732879,-0.11647934,-0.17524080,0.03534440,0.12603389,0.17176886,0.01677486,0.07125073,-0.38647121,-0.00771819,0.18804342,-0.07832221,-0.00149662,0.03463472,-0.41227609,0.01060048,0.22020573,-0.06204655,-0.01932886,0.00787243,-0.41853818,0.02742946,0.24077835,-0.06599536,-0.38099758,-0.85207934,-0.72223498,0.38705597,0.78343722,0.55045912,-0.38195535,-0.69220824,-0.36281328,0.36584278,0.58102257,0.16470736,-0.33918279,-0.45308575,0.03814715,0.30274401,0.31208626,-0.23990186,-0.05818772,0.00884152,-0.99826664,0.02240652,-0.01374596,0.18842497,-0.00451273,-0.01302513,-0.03381186
10506900000000,synthetic_50hz_06,345,0.02,101.20651664,101.84150659,16.28130240,16.17253174,16.07596675,4.36038709,136.58219527,1,1,0,0,1,0.56883916,-0.11952090,0.18736303,0.00248648,-0.06499568,-0.15260501,0.00713605,0.08389618,0.16500472,-0.01655283,-0.10037791,-0.17264727,0.02549240,0.11396570,0.17531231,-0.03369700,-0.12426781,-0.17292302,0.04093010,0.13098721,0.16554828,0.00922943,0.05502506,-0.39932555,-0.00014694,0.20274669,-0.06895444,-0.00887558,0.02187732,-0.41788750,0.01757454,0.23064987,-0.06035294,-0.02569701,0.00004226,-0.41626553,0.03300811,0.24576917,-0.07216836,-0.38663474,-0.80005156,-0.58880575,0.38393161,0.71348996,0.40415625,-0.37015955,-0.60635811,-0.20785475,0.34571562,0.48174467,0.00556069,-0.31130454,-0.34324231,0.19689368,0.26791841,0.19484412,-0.39367152,-0.05806727,0.00840155,-0.99827744,0.02243977,-0.01419523,0.18736303,-0.00488059,-0.01196282,-0.03766891
10506920000000,synthetic_50hz_06,346,0.02,100.82733870,101.63867301,16.19506143,16.07596675,15.97657759,4.37195220,136.39855908,1,1,0,0,1,0.56870477,-0.11965371,0.18617830,-0.00505294,-0.07996968,-0.16268858,0.01453688,0.09701822,0.17138736,-0.02360171,-0.11126967,-0.17514497,0.03198610,0.12231317,0.17385306,-0.03944831,-0.12983033,-0.16754889,0.04577320,0.13360441,0.15641421,0.00166319,0.04000146,-0.40943589,0.00727456,0.21591784,-0.06253940,-0.01593855,0.01093793,-0.42042258,0.02407548,0.23904254,-0.06177058,-0.03144856,-0.00556212,-0.41093639,0.03784445,0.24842407,-0.08125494,-0.38540101,-0.73401383,-0.44537612,0.37401285,0.63112538,0.25116760,-0.35184173,-0.51004128,-0.04971781,0.31952684,0.37425246,-0.15316538,-0.27799984,-0.22767376,0.35163273,0.22845799,0.07453112,-0.53996235,-0.05794272,0.00795980,-0.99828828,0.02246575,-0.01464171,0.18617830,-0.00524835,-0.01089837,-0.04198241
10506940000000,synthetic_50hz_06,347,0.02,100.61130602,101.43319961,16.10329821,15.97657759,15.86509171,4.38346461,136.20970245,1,1,0,0,1,0.56856304,-0.11976503,0.18485622,-0.01247935,-0.09348761,-0.16987489,0.02165812,0.10838985,0.17473134,-0.03021248,-0.12016715,-0.17455021,0.03789579,0.12847998,0.16933672,-0.04448656,-0.13308867,-0.15924116,0.04979475,0.13386035,0.14455462,-0.00579030,0.02643393,-0.41664872,0.01441674,0.22733861,-0.05916325,-0.02256371,0.00199274,-0.41986500,0.02999272,0.24525467,-0.06624549,-0.03648737,-0.00886250,-0.40267353,0.04185955,0.24871790,-0.09306713,-0.37738143,-0.65526473,-0.29457864,0.35753787,0.53791660,0.09426456,-0.32738632,-0.40506008,0.10876721,0.28779608,0.26052549,-0.30866317,-0.23990854,-0.10847983,0.49966022,0.18510432,-0.04669336,-0.67625184,-0.05781411,0.00751642,-0.99829916,0.02248445,-0.01508533,0.18485622,-0.00561598,-0.00983197,-0.04680674
10506960000000,synthetic_50hz_06,348,0.02,99.92864284,101.13228826,16.00325148,15.86509171,15.75775689,4.39492120,136.01564611,1,1,0,0,1,0.56841397,-0.11985486,0.18338059,-0.01966320,-0.10532516,-0.17406421,0.02837712,0.11782719,0.17500579,-0.03627291,-0.12693221,-0.17090188,0.04312294,0.13237772,0.16187079,-0.04872972,-0.13400671,-0.14817289,0.05293159,0.13177223,0.13020309,-0.01300148,0.01454678,-0.42086430,0.02115696,0.23682515,-0.05885686,-0.02863882,-0.00482013,-0.41625364,0.03522772,0.24919787,-0.07367015,-0.04073139,-0.00982274,-0.39164999,0.04499024,0.24666787,-0.10737135,-0.36278063,-0.56530961,-0.13913732,0.33485802,0.43560613,-0.06375363,-0.29728130,-0.29334392,0.26480653,0.25113382,0.14262447,-0.45822494,-0.19774603,0.01220691,0.63843251,0.13865714,-0.16668636,-0.80023377,-0.05768145,0.00707156,-0.99831008,0.02249586,-0.01552598,0.18338059,-0.00598348,-0.00876379,-0.05220169
10506980000000,synthetic_50hz_06,349,0.02,99.46491393,100.79881339,15.90014375,15.75775689,15.64141855,4.40631901,135.81641305,1,1,0,0,1,0.56825756,-0.11992316,0.18173346,-0.02648119,-0.11529111,-0.17521127,0.03458019,0.12518336,0.17223455,-0.04168223,-0.13146652,-0.16429222,0.04758255,0.13395944,0.15161327,-0.05211104,-0.13259024,-0.13456325,0.05513715,0.12739840,0.11363370,-0.01984707,0.00453124,-0.42203736,0.02738153,0.24423055,-0.06159641,-0.03406312,-0.00940232,-0.40968074,0.03969548,0.25082516,-0.08388657,-0.04411388,-0.00844862,-0.37808496,0.04718995,0.24233234,-0.12389352,-0.34191659,-0.46582916,0.01818338,0.30642912,0.32607091,-0.22011091,-0.26210715,-0.17691189,0.41569255,0.21022850,0.02265241,-0.59928958,-0.15228887,0.13226015,0.76560881,0.08995869,-0.28335958,-0.90985518,-0.05754477,0.00662536,-0.99832102,0.02249998,-0.01596360,0.18173346,-0.00635084,-0.00769405,-0.05823267
10507000000000,synthetic_50hz_06,350,0.02,99.50249641,100.53955000,15.79147917,15.64141855,15.49497853,4.41765495,135.61202856,1,1,0,0,1,0.56809382,-0.11996993,0.17989500,-0.03281837,-0.12323005,-0.17332492,0.04016448,0.13035025,0.16649454,-0.04635263,-0.13371240,-0.15486404,0.05120441,0.13321956,0.13876874,-0.05457994,-0.12888593,-0.11867268,0.05638191,0.12083646,0.09515522,-0.02621209,-0.00345728,-0.42017674,0.03298760,0.24944670,-0.06730496,-0.03874879,-0.01169616,-0.40028912,0.04332580,0.25013097,-0.09669018,-0.04658426,-0.00478683,-0.36223885,0.04842918,0.23580888,-0.14232487,-0.31521263,-0.35864557,0.17462892,0.27280109,0.21128584,-0.37210365,-0.22252456,-0.05783465,0.55885046,0.16583255,-0.09728395,-0.72948535,-0.10435950,0.24959780,0.87908883,0.03987772,-0.39471563,-1.00334778,-0.05740409,0.00617796,-0.99833197,0.02249682,-0.01639808,0.17989500,-0.00671806,-0.00662292,-0.06497072
10507020000000,synthetic_50hz_06,351,0.02,99.44478424,100.32059685,15.66694890,15.49497853,15.32472970,4.42892446,135.40252019,1,1,0,0,1,0.56792276,-0.11999515,0.17784341,-0.03856994,-0.12902436,-0.16846679,0.04503951,0.13325966,0.15791331,-0.05021057,-0.13365303,-0.14280712,0.05393403,0.13019311,0.12358372,-0.05610255,-0.12297967,-0.10079736,0.05665361,0.11222066,0.07510495,-0.03199176,-0.00930116,-0.41534409,0.03788468,0.25240541,-0.07585496,-0.04262228,-0.01168482,-0.38826854,0.04606418,0.24715034,-0.11183446,-0.04810865,0.00107676,-0.34440786,0.04869565,0.22723176,-0.16232812,-0.28318751,-0.24568702,0.32750354,0.23460612,0.09328650,-0.51714719,-0.17926092,0.06180352,0.69188124,0.11874754,-0.21511171,-0.84666804,-0.05481062,0.36221813,0.97704500,-0.01070652,-0.49888164,-1.07925330,-0.05725944,0.00572951,-0.99834295,0.02248637,-0.01682936,0.17784341,-0.00708512,-0.00555060,-0.07249249
10507040000000,synthetic_50hz_06,352,0.02,98.72503048,100.00148357,15.52321683,15.32472970,15.15813822,4.44012137,135.18791778,1,1,0,0,1,0.56774436,-0.11999883,0.17555483,-0.04364293,-0.13259549,-0.16074911,0.04912854,0.13388361,0.14666568,-0.05319776,-0.13131181,-0.12835381,0.05573326,0.12495423,0.10634145,-0.05666194,-0.11499416,-0.08126320,0.05595704,0.10171875,0.05384210,-0.03709310,-0.01292186,-0.40765161,0.04199604,0.25307869,-0.08707161,-0.04562533,-0.00939172,-0.37385138,0.04787247,0.24195739,-0.12903616,-0.04867013,0.00901944,-0.32491790,0.04799415,0.21676872,-0.18354404,-0.24644421,-0.12895129,0.47421662,0.19254568,-0.02586820,-0.65281900,-0.13309597,0.17994190,0.81260030,0.06980903,-0.32882778,-0.94895396,-0.00450948,0.46823341,1.05794883,-0.06092009,-0.59413965,-1.13644254,-0.05711085,0.00528016,-0.99835393,0.02246863,-0.01725733,0.17555483,-0.00745202,-0.00447729,-0.08087978
10507060000000,synthetic_50hz_06,353,0.02,98.44665696,99.69051825,15.36988382,15.15813822,14.97651505,4.45123945,134.96825343,1,1,0,0,1,0.56755865,-0.11998097,0.17300331,-0.04795755,-0.13390445,-0.15033157,0.05236963,0.13223397,0.13296962,-0.05527186,-0.12675113,-0.11177409,0.05658059,0.11761399,0.08735606,-0.05625806,-0.10508599,-0.06041952,0.05431360,0.08952831,0.03174105,-0.04143633,-0.01428037,-0.39725902,0.04525972,0.25147842,-0.10073693,-0.04771558,-0.00487922,-0.35730758,0.04872916,0.23466320,-0.14798115,-0.04826864,0.01888463,-0.30411827,0.04634609,0.20461734,-0.20559827,-0.20565745,-0.01046899,0.61232599,0.14737666,-0.14413275,-0.77689772,-0.08484693,0.29457909,0.91907112,0.01987103,-0.43653257,-1.03474728,0.04567776,0.56590061,1.12059119,-0.10990965,-0.67895348,-1.17412793,-0.05695834,0.00483005,-0.99836491,0.02244361,-0.01768192,0.17300331,-0.00781875,-0.00340317,-0.09021898
10507080000000,synthetic_50hz_06,354,0.02,98.09179077,99.37077275,15.20466893,14.97651505,14.78610771,4.46227207,134.74356147,1,1,0,0,1,0.56736562,-0.11994156,0.17016084,-0.05144829,-0.13295163,-0.13741753,0.05471632,0.12836135,0.11708149,-0.05640685,-0.12007035,-0.09336994,0.05647115,0.10831767,0.06696649,-0.05490736,-0.09344214,-0.03863236,0.05176056,0.07587263,0.00918445,-0.04495593,-0.01337709,-0.38436965,0.04762929,0.24765519,-0.11659456,-0.04886700,0.00175330,-0.33893915,0.04862939,0.22541303,-0.16833051,-0.04692064,0.03048535,-0.28237502,0.04378874,0.19100090,-0.22810814,-0.16156029,0.10773257,0.73957726,0.09989689,-0.25951051,-0.88739747,-0.03535342,0.40380664,1.00963359,-0.03020931,-0.53646084,-1.10276150,0.09490109,0.65364862,1.16409629,-0.15685683,-0.75199141,-1.19186964,-0.05680194,0.00437932,-0.99837589,0.02241132,-0.01810304,0.17016084,-0.00818530,-0.00232844,-0.10059991
10507100000000,synthetic_50hz_06,355,0.02,97.63724776,99.02406775,15.02887322,14.78610771,14.59435364,4.47321245,134.51387846,1,1,0,0,1,0.56716528,-0.11988061,0.16699740,-0.05406473,-0.12977590,-0.12224948,0.05613817,0.12235334,0.09929077,-0.05659312,-0.11140329,-0.07346945,0.05541646,0.09724143,0.04552998,-0.05264212,-0.08027605,-0.01627786,0.04835008,0.06099627,-0.01344356,-0.04760147,-0.01025087,-0.36922601,0.04907428,0.24169660,-0.13435503,-0.04906999,0.01037203,-0.31907416,0.04758467,0.21438306,-0.18972699,-0.04465841,0.04360815,-0.26006428,0.04037426,0.17616398,-0.25068953,-0.11493006,0.22366460,0.85393874,0.05093034,-0.37008725,-0.98259700,0.01453773,0.50584011,1.08292654,-0.07958666,-0.62700936,-1.15203480,0.14234108,0.73010165,1.18792936,-0.20099174,-0.81214476,-1.18957536,-0.05664167,0.00392813,-0.99838687,0.02237177,-0.01852062,0.16699740,-0.00855166,-0.00125329,-0.11211434
10507120000000,synthetic_50hz_06,356,0.02,97.36344647,98.69194350,14.84637500,14.59435364,14.39788932,4.48405420,134.27924319,1,1,0,0,1,0.56695763,-0.11979814,0.16348116,-0.05577208,-0.12445306,-0.10510402,0.05662086,0.11433222,0.07991428,-0.05583723,-0.10091513,-0.05242058,0.05344380,0.08458861,0.02341557,-0.04950955,-0.06582336,0.00626452,0.04414792,0.04516040,-0.03576400,-0.04933817,-0.00497754,-0.35210468,0.04958039,0.23372492,-0.15370150,-0.04833112,0.02081179,-0.29806058,0.04562227,0.20177663,-0.21180154,-0.04152916,0.05801740,-0.23756553,0.03616840,0.16036773,-0.27296345,-0.06657395,0.33541024,0.95363138,0.00131232,-0.47406234,-1.06106336,0.06398714,0.59904701,1.13790440,-0.12744183,-0.70676087,-1.18193912,0.18722231,0.79409849,1.19189799,-0.24160509,-0.85854187,-1.16749388,-0.05647758,0.00347662,-0.99839783,0.02232497,-0.01893457,0.16348116,-0.00891782,-0.00017792,-0.12485382
10507140000000,synthetic_50hz_06,357,0.02,97.32517546,98.41858989,14.65801101,14.39788932,14.19285064,4.49479135,134.03969665,1,1,0,0,1,0.56674268,-0.11969416,0.15957880,-0.05655137,-0.11709371,-0.08628629,0.05616608,0.10445199,0.05929019,-0.05416150,-0.08879887,-0.03058473,0.05059542,0.07058563,0.00099750,-0.04557065,-0.05033738,0.02861850,0.03923205,0.02863788,-0.05740941,-0.05014707,0.00233233,-0.33331083,0.04914931,0.22389416,-0.17429582,-0.04667269,0.03287959,-0.27625979,0.04278446,0.18782014,-0.23417995,-0.03759388,0.07345980,-0.21525502,0.03124913,0.14388502,-0.29456245,-0.01731445,0.44115579,1.03715342,-0.04812513,-0.56977701,-1.12166973,0.11217723,0.68197129,1.17384778,-0.17299522,-0.77450402,-1.19218325,0.22882567,0.84470743,1.17614752,-0.27805897,-0.89055754,-1.12620291,-0.05630968,0.00302493,-0.99840878,0.02227093,-0.01934480,0.15957880,-0.00928377,0.00089748,-0.13890674
10507160000000,synthetic_50hz_06,358,0.02,96.45292292,98.02545649,14.46264365,14.19285064,14.01715417,4.50541811,133.79528199,1,1,0,0,1,0.56652043,-0.11956868,0.15525587,-0.05639948,-0.10784055,-0.06612419,0.05479116,0.09289507,0.03777173,-0.05160319,-0.07527138,-0.00833029,0.04692747,0.05547759,-0.02135131,-0.04089881,-0.03408435,0.05041734,0.03369102,0.01170844,-0.07802982,-0.05002502,0.01153603,-0.31317232,0.04779834,0.21238673,-0.19578476,-0.04413197,0.04635855,-0.25404021,0.03912738,0.17275869,-0.25648928,-0.03292598,0.08966910,-0.19349950,0.02570502,0.12699556,-0.31513657,0.03202502,0.53921916,1.10329949,-0.09656732,-0.65573920,-1.16360745,0.15832554,0.75335398,1.19036807,-0.21551916,-0.82924920,-1.18280983,0.26649926,0.88123679,1.14115062,-0.30979607,-0.90781791,-1.06659151,-0.05613801,0.00257321,-0.99841971,0.02220969,-0.01975125,0.15525587,-0.00964952,0.00197272,-0.15435470
10507180000000,synthetic_50hz_06,359,0.02,96.26828763,97.67402272,14.27553807,14.01715417,13.84316435,4.51593076,133.54604455,1,1,0,0,1,0.56629089,-0.11942174,0.15047745,-0.05532874,-0.09686521,-0.04496225,0.05252835,0.07986854,0.01572090,-0.04821354,-0.06056923,0.01397370,0.04250872,0.03952368,-0.04326543,-0.03557834,-0.01733865,0.07130980,0.02762223,-0.00534627,-0.09729827,-0.04898438,0.02246193,-0.29203372,0.04555976,0.19940971,-0.21780632,-0.04076020,0.06101211,-0.23177084,0.03471980,0.15685148,-0.27836410,-0.02760975,0.10637093,-0.17265021,0.01963345,0.10998103,-0.33435883,0.08063409,0.62807527,1.15117391,-0.14323034,-0.73064497,-1.18639216,0.20169720,0.81214984,1.18740616,-0.25434903,-0.87024005,-1.15418670,0.29966786,0.90324084,1.08769149,-0.33634712,-0.91020076,-0.98983763,-0.05596259,0.00212161,-0.99843062,0.02214124,-0.02015382,0.15047745,-0.01001504,0.00304761,-0.17126787
10507200000000,synthetic_50hz_06,360,0.02,95.91968418,97.32315501,14.09394111,13.84316435,13.68060607,4.52632698,133.29203181,1,1,0,0,1,0.56605406,-0.11925335,0.14520894,-0.05336642,-0.08436471,-0.02315552,0.04942398,0.06560010,-0.00649781,-0.04405662,-0.04494422,0.03596381,0.03741909,0.02299257,-0.06439295,-0.02970275,-0.00037803,0.09096562,0.02113007,-0.02224740,-0.11491570,-0.04705239,0.03491302,-0.27025004,0.04247988,0.18519080,-0.23999601,-0.03662144,0.07658847,-0.20981514,0.02964164,0.14036717,-0.29945252,-0.02173870,0.12328753,-0.15303741,0.01313881,0.09312024,-0.35193019,0.12772872,0.70637785,1.18019837,-0.18737345,-0.79339581,-1.18986410,0.24161611,0.85753980,1.16522549,-0.28889287,-0.89696052,-1.10699289,0.32784072,0.91052145,1.01684517,-0.35733676,-0.89783162,-0.89738133,-0.05578347,0.00167027,-0.99844150,0.02206562,-0.02055245,0.14520894,-0.01038033,0.00412195,-0.18969946
10507220000000,synthetic_50hz_06,361,0.02,95.43235243,96.94499450,13.92034039,13.68060607,13.53557505,4.53660584,133.03329339,1,1,0,0,1,0.56580995,-0.11906356,0.13941697,-0.05055386,-0.07055755,-0.00106334,0.04553731,0.05033375,-0.02852355,-0.03920789,-0.02865880,0.05728808,0.03174810,0.00615761,-0.08440098,-0.02337299,0.01652110,0.10908056,0.01432403,-0.03872351,-0.13061529,-0.04427041,0.04867080,-0.24818065,0.03861797,0.16997399,-0.26199297,-0.03179116,0.09282517,-0.18852506,0.02398241,0.12357912,-0.31942163,-0.01541379,0.14014250,-0.13496534,0.00633061,0.07668466,-0.36758382,0.17256368,0.77297767,1.19011384,-0.22831041,-0.84311206,-1.17418295,0.27747485,0.88893913,1.12439983,-0.31863956,-0.90913768,-1.04219974,0.35061775,0.90312536,0.92995254,-0.37248746,-0.87107552,-0.79089437,-0.05560066,0.00121934,-0.99845234,0.02198286,-0.02094704,0.13941697,-0.01074538,0.00519555,-0.20967920
10507240000000,synthetic_50hz_06,362,0.02,95.42254623,96.64050484,13.75873895,13.53557505,13.38877120,4.54676810,132.76988099,1,1,0,0,1,0.56555856,-0.11885238,0.13307071,-0.04694549,-0.05567957,0.02095664,0.04093926,0.03432537,-0.05000496,-0.03375273,-0.01198155,0.07761161,0.02559310,-0.01070770,-0.10298067,-0.01669560,0.03308824,0.12538076,0.00731676,-0.05451484,-0.14416606,-0.04069286,0.06349942,-0.22618317,0.03404495,0.15401517,-0.28344586,-0.02635473,0.10945366,-0.16823550,0.01783948,0.10676081,-0.33796260,-0.00874155,0.15666535,-0.11870785,-0.00067852,0.06093404,-0.38108875,0.21444396,0.82693670,1.18097703,-0.26541958,-0.87914209,-1.13981731,0.30874303,0.90600140,1.06579613,-0.34316527,-0.90674027,-0.96104755,0.36769390,0.88133740,0.82859152,-0.38162174,-0.83052515,-0.67224681,-0.05541421,0.00076895,-0.99846316,0.02189297,-0.02133753,0.13307071,-0.01111018,0.00626822,-0.23120604
10507260000000,synthetic_50hz_06,363,0.02,94.57826322,96.22805652,13.60335249,13.38877120,13.27393018,4.55681518,132.50184840,1,1,0,0,1,0.56529990,-0.11861986,0.12614317,-0.04260761,-0.03997969,0.04255435,0.03571097,0.01783826,-0.07060576,-0.02778476,0.00481746,0.09662158,0.01905751,-0.02733429,-0.11985175,-0.00978082,0.04906307,0.13962654,0.00022214,-0.06937733,-0.15537583,-0.03638604,0.07914997,-0.20460771,0.02884195,0.13757762,-0.30401839,-0.02040578,0.12620385,-0.14925927,0.01131626,0.09018131,-0.35479514,-0.00183223,0.17259574,-0.10450463,-0.00777468,0.04611243,-0.39225279,0.25273499,0.86753837,1.15315165,-0.29815250,-0.90106742,-1.08752929,0.33497413,0.90861827,0.99055295,-0.36213830,-0.88997323,-0.86501852,0.37886186,0.84566985,0.71454519,-0.38466265,-0.77698542,-0.54347119,-0.05522415,0.00031926,-0.99847393,0.02179599,-0.02172384,0.12614317,-0.01147472,0.00733977,-0.25424023
10507280000000,synthetic_50hz_06,364,0.02,93.94875423,95.77219606,13.46499512,13.27393018,13.17762220,4.56675038,132.22925149,1,1,0,0,1,0.56503398,-0.11836604,0.11861287,-0.03761699,-0.02371549,0.06339275,0.02994218,0.00113861,-0.09000982,-0.02140413,0.02147108,0.11403187,0.01224899,-0.04346176,-0.13476633,-0.00274071,0.06419942,0.15161541,-0.00684659,-0.08308617,-0.16409335,-0.03142672,0.09536489,-0.18379127,0.02309872,0.12092756,-0.32339443,-0.01404446,0.14280860,-0.13188248,0.00452040,0.07410104,-0.36967138,0.00520211,0.18768752,-0.09255815,-0.01484466,0.03244463,-0.40092471,0.28687150,0.89429374,1.10729471,-0.32604107,-0.90870369,-1.01835469,0.35581073,0.89691530,0.90005504,-0.37532221,-0.85926842,-0.75580637,0.38401296,0.79684843,0.58976746,-0.38163245,-0.71145492,-0.40672528,-0.05503051,-0.00012959,-0.99848467,0.02169194,-0.02210589,0.11861287,-0.01183901,0.00840999,-0.27869512
10507300000000,synthetic_50hz_06,365,0.02,93.52841947,95.32344074,13.34429849,13.17762220,13.08891312,4.57657862,131.95214813,1,1,0,0,1,0.56476080,-0.11809097,0.11046555,-0.03205938,-0.00714882,0.08315305,0.02372962,-0.01550882,-0.10792580,-0.01471573,0.03771933,0.12958700,0.00527758,-0.05884237,-0.14751215,0.00431272,0.07826896,0.16118446,-0.01377869,-0.09543902,-0.17020974,-0.02590064,0.11188231,-0.16405265,0.01691198,0.10432971,-0.34128265,-0.00737564,0.15900791,-0.11636064,-0.00243805,0.05876772,-0.38237906,0.01224947,0.20171236,-0.08303134,-0.02177770,0.02013301,-0.40699561,0.31636493,0.90694367,1.04433847,-0.34870312,-0.90209777,-0.93357927,0.37098804,0.87124398,0.79590455,-0.38257720,-0.81527182,-0.63528353,0.38313648,0.73579499,0.45634699,-0.37264976,-0.63510485,-0.26425375,-0.05483332,-0.00057746,-0.99849536,0.02158087,-0.02248360,0.11046555,-0.01220302,0.00947871,-0.30442935
10507320000000,synthetic_50hz_06,366,0.02,92.82654283,94.82406116,13.23703664,13.08891312,13.01742720,4.58630565,131.67059823,1,1,0,0,1,0.56448036,-0.11779469,0.10169590,-0.02602791,0.00945850,0.10153930,0.01717523,-0.03184499,-0.12409119,-0.00782738,0.05331338,0.14306546,-0.00174614,-0.07324472,-0.15791509,0.01126932,0.09106438,0.16821196,-0.02046759,-0.10625862,-0.17365919,-0.01990095,0.12844040,-0.14568781,0.01038367,0.08804313,-0.35742053,-0.00050715,0.17455299,-0.10291524,-0.00944852,0.04441275,-0.39274406,0.01919969,0.21446295,-0.07604591,-0.02846723,0.00935481,-0.41039971,0.34080941,0.90545714,0.96546833,-0.36584637,-0.88152106,-0.83471156,0.38033581,0.83217031,0.67988968,-0.38385999,-0.75882771,-0.50546626,0.37631731,0.66360775,0.31647001,-0.35792522,-0.54925567,-0.11834979,-0.05463263,-0.00102420,-0.99850600,0.02146281,-0.02285691,0.10169590,-0.01256675,0.01054572,-0.33123997
10507340000000,synthetic_50hz_06,367,0.02,92.65733399,94.39071573,13.14480067,13.01742720,12.93974892,4.59593805,131.38466367,1,1,0,0,1,0.56419268,-0.11747727,0.09230935,-0.01962141,0.02584883,0.11828260,0.01038441,-0.04762053,-0.13827577,-0.00084802,0.06801930,0.15428238,-0.00871282,-0.08645704,-0.16584096,0.01802247,0.10240219,0.17261827,-0.02681251,-0.11539504,-0.17441891,-0.01352646,0.14478156,-0.12896564,0.00361919,0.07231719,-0.37157785,0.00645206,0.18920988,-0.09173115,-0.01640165,0.03124790,-0.40063218,0.02594615,0.22575579,-0.07168151,-0.03481247,0.00025995,-0.41111419,0.35988609,0.89002588,0.87209728,-0.37727081,-0.84745934,-0.72345297,0.38377863,0.78046015,0.55395117,-0.37922193,-0.69095994,-0.36847871,0.36373209,0.58153902,0.17238282,-0.33775568,-0.45535207,0.02868294,-0.05442846,-0.00146968,-0.99851659,0.02133779,-0.02322574,0.09230935,-0.01293018,0.01161084,-0.35885745
10507360000000,synthetic_50hz_06,368,0.02,92.45750982,94.00407455,13.05867894,12.93974892,12.85844903,4.60548202,131.09440828,1,1,0,0,1,0.56389777,-0.11713875,0.08232359,-0.01294270,0.04177277,0.13314459,0.00346429,-0.06259943,-0.15028445,0.00611401,0.08162132,0.16309153,-0.01551603,-0.09829003,-0.17119661,0.02447072,0.11212499,0.17436601,-0.03271991,-0.12272733,-0.17250836,-0.00688000,0.16065636,-0.11412450,-0.00327433,0.05738789,-0.38355954,0.01339366,0.20276283,-0.08295459,-0.02319101,0.01946248,-0.40595029,0.03238742,0.23543349,-0.06997551,-0.04071988,-0.00703062,-0.40915854,0.37336596,0.86105550,0.76583757,-0.38286945,-0.80059952,-0.60166568,0.38133464,0.71706188,0.42014748,-0.36880578,-0.61285102,-0.22651624,0.34564407,0.49097137,0.02635443,-0.31251728,-0.35493680,0.17456719,-0.05422086,-0.00191374,-0.99852714,0.02120586,-0.02359002,0.08232359,-0.01329332,0.01267387,-0.38694360
10507380000000,synthetic_50hz_06,369,0.02,92.73621912,93.75050346,12.97458238,12.85844903,12.75618508,4.61494287,130.79989782,1,1,0,0,1,0.56359562,-0.11677919,0.07176977,-0.00609687,0.05699278,0.14592050,-0.00347804,-0.07656245,-0.15995943,0.01295267,0.09392479,0.16938664,-0.02205388,-0.10857924,-0.17393037,0.03051926,0.12010329,0.17345959,-0.03810476,-0.12816471,-0.16798790,-0.00006665,0.17582728,-0.10136916,-0.01018979,0.04347447,-0.39320778,0.02021161,0.21501719,-0.07669184,-0.02971472,0.00922091,-0.40864670,0.03842867,0.24336657,-0.07092351,-0.04610443,-0.01242610,-0.40459310,0.38111110,0.81915346,0.64846992,-0.38262763,-0.74181344,-0.47133900,0.37311283,0.64308659,0.28061916,-0.35284101,-0.52581926,-0.08180894,0.32239662,0.39339231,-0.11935987,-0.28265739,-0.24962368,0.31708748,-0.05400985,-0.00235626,-0.99853763,0.02106706,-0.02394968,0.07176977,-0.01365616,0.01373463,-0.41509306
10507400000000,synthetic_50hz_06,370,0.02,92.43165048,93.48673287,12.88285551,12.75618508,12.65941315,4.62432400,130.50119994,1,1,0,0,1,0.56328624,-0.11639867,0.06069326,0.00081043,0.07128665,0.15644141,-0.01033716,-0.08931009,-0.16718166,0.01956586,0.10475868,0.17310199,-0.02823047,-0.11718703,-0.17403170,0.03608118,0.12623682,0.16994400,-0.04289165,-0.13164714,-0.16095674,0.00680795,0.19007211,-0.09086855,-0.01702179,0.03077642,-0.40040354,0.02680381,0.22580193,-0.07300863,-0.03587687,0.00066085,-0.40871089,0.04398300,0.24945475,-0.07448050,-0.05089073,-0.01586647,-0.39751709,0.38307447,0.76511423,0.52191117,-0.37662075,-0.67213934,-0.33455483,0.35930888,0.55978636,0.13755311,-0.33163796,-0.43129448,0.06341432,0.29440577,0.29036818,-0.26255349,-0.24868573,-0.14107043,0.45412312,-0.05379549,-0.00279708,-0.99854807,0.02092143,-0.02430464,0.06069326,-0.01401868,0.01479292,-0.44283957
10507420000000,synthetic_50hz_06,371,0.02,92.01361767,93.19210983,12.78900972,12.65941315,12.57144670,4.63362795,130.19838418,1,1,0,0,1,0.56296965,-0.11599725,0.04915370,0.00767465,0.08445051,0.16457595,-0.01701096,-0.10066516,-0.17187173,0.02585683,0.11397758,0.17421236,-0.03395725,-0.12400398,-0.17153037,0.04107866,0.13045529,0.16390309,-0.04701575,-0.13314550,-0.15155040,0.01363922,0.20318697,-0.08275402,-0.02366821,0.01947095,-0.40506739,0.03307352,0.23497163,-0.07193015,-0.04158892,-0.00610829,-0.40617263,0.04897257,0.25362774,-0.08056266,-0.05501391,-0.01732261,-0.38806603,0.37929814,0.69990189,0.38818083,-0.36501069,-0.59276124,-0.19345274,0.34019981,0.46853101,-0.00685269,-0.30558081,-0.33079281,0.20696055,0.26215177,0.18351770,-0.40110164,-0.21116478,-0.03095169,0.58367878,-0.05357780,-0.00323607,-0.99855845,0.02076903,-0.02465483,0.04915370,-0.01438088,0.01584856,-0.46966719
10507440000000,synthetic_50hz_06,372,0.02,91.41547847,92.83678356,12.69763325,12.57144670,12.49748241,4.64285709,129.89152187,1,1,0,0,1,0.56264584,-0.11557500,0.03722441,0.01439387,0.09630149,0.17023132,-0.02340208,-0.11047492,-0.17398996,0.03173559,0.12146329,0.17273239,-0.03915416,-0.12894983,-0.16649486,0.04544389,0.13271868,0.15545721,-0.05042345,-0.13266119,-0.13993765,0.02032528,0.21498899,-0.07711838,-0.03003170,0.00971079,-0.40715967,0.03893073,0.24240811,-0.07344178,-0.04677081,-0.01100625,-0.40110038,0.05332960,0.25584555,-0.08904960,-0.05842039,-0.01679592,-0.37640871,0.36991034,0.62463070,0.24936705,-0.34804103,-0.50498672,-0.05019536,0.31613753,0.37078373,-0.15042347,-0.27511964,-0.22589088,0.34670553,0.22616993,0.07448549,-0.53299191,-0.17069963,0.07906735,0.70391188,-0.05335683,-0.00367310,-0.99856877,0.02060989,-0.02500020,0.03722441,-0.01474274,0.01690135,-0.49502672
10507460000000,synthetic_50hz_06,373,0.02,90.58788538,92.38700392,12.61356990,12.49748241,12.44357315,4.65201429,129.58068620,1,1,0,0,1,0.56231484,-0.11513200,0.02499086,0.02087036,0.10667995,0.17335371,-0.02941930,-0.11861275,-0.17353604,0.03712006,0.12712588,0.16871524,-0.04375064,-0.13197392,-0.15903031,0.04911986,0.13301709,0.14476045,-0.05307293,-0.13022531,-0.12631709,0.02676837,0.22531855,-0.07401544,-0.03602103,0.00162254,-0.40668006,0.04429338,0.24802142,-0.07749035,-0.05135197,-0.01398236,-0.39359931,0.05699707,0.25609823,-0.09978725,-0.06106835,-0.01431749,-0.36274370,0.35512106,0.54054391,0.10759276,-0.32603104,-0.41022350,0.09306538,0.28754140,0.26807616,-0.29104039,-0.24076180,-0.11820006,0.48062458,0.18704092,-0.03508381,-0.65635214,-0.12792757,0.18735619,0.81315676,-0.05313261,-0.00410801,-0.99857904,0.02044408,-0.02534066,0.02499086,-0.01510427,0.01795111,-0.51835683
10507480000000,synthetic_50hz_06,374,0.02,90.61614852,92.03283284,12.54217126,12.44357315,12.37334333,4.66110351,129.26595206,1,1,0,0,1,0.56197663,-0.11466832,0.01254854,0.02701190,0.11545128,0.17392802,-0.03497874,-0.12497940,-0.17054789,0.04193713,0.13090430,0.16225079,-0.04768644,-0.13305517,-0.14927593,0.05206094,0.13137000,0.13199737,-0.05493449,-0.12589737,-0.11091326,0.03287629,0.23404103,-0.07346029,-0.04155233,-0.00469454,-0.40366648,0.04908835,0.25175054,-0.08398598,-0.05527217,-0.01501557,-0.38380861,0.05992934,0.25440531,-0.11259106,-0.06292808,-0.00994685,-0.34729556,0.33521669,0.44899131,-0.03501759,-0.29936880,-0.30995530,0.23422077,0.25488997,0.16198313,-0.42667126,-0.20306254,-0.00934091,0.60682061,0.14538073,-0.14357060,-0.76947505,-0.08350752,0.29234292,0.90994516,-0.05290518,-0.00454067,-0.99858925,0.02027165,-0.02567616,0.01254854,-0.01546545,0.01899764,-0.53910865
10507500000000,synthetic_50hz_06,375,0.02,90.21471080,91.66920843,12.47126353,12.37334333,12.30656920,4.67012805,128.94739614,1,1,0,0,1,0.56163124,-0.11418406,0.00000000,0.03273304,0.12250726,0.17197708,-0.04000495,-0.12950372,-0.16510013,0.04612349,0.13276652,0.15346328,-0.05091227,-0.13220161,-0.13740200,0.05423323,0.12782526,0.11737937,-0.05599062,-0.11976365,-0.09397263,0.03856357,0.24104821,-0.07543011,-0.04655014,-0.00916930,-0.39819356,0.05325234,0.25356342,-0.09280444,-0.05848210,-0.01411388,-0.37189859,0.06209252,0.25081462,-0.12724960,-0.06398207,-0.00377028,-0.33031076,0.31055354,0.35140591,-0.17637020,-0.26850340,-0.20571728,0.37123598,0.21871218,0.05409773,-0.55539885,-0.16261538,0.09908148,0.72354932,0.10183031,-0.24940413,-0.87083952,-0.03810943,0.39253634,0.99302301,-0.05267460,-0.00497096,-0.99859939,0.02009264,-0.02600663,0.00000000,-0.01582627,0.02004076,-0.55677235
10507520000000,synthetic_50hz_06,376,0.02,90.11464881,91.35829651,12.40209191,12.30656920,12.23131704,4.67909084,128.62509677,1,1,0,0,1,0.56127867,-0.11367929,-0.01254854,0.03795616,0.12776692,0.16756025,-0.04443175,-0.13214295,-0.15730192,0.04962635,0.13270923,0.14250850,-0.05339020,-0.12944944,-0.12360649,0.05561479,0.12245756,0.10114085,-0.05623598,-0.11193518,-0.07575928,0.04375262,0.24625914,-0.07986553,-0.05094830,-0.01175898,-0.39037045,0.05673256,0.25345676,-0.10378992,-0.06094384,-0.01131351,-0.35806718,0.06346467,0.24540086,-0.14352848,-0.06422498,0.00410120,-0.31205338,0.28155058,0.24928013,-0.31443244,-0.23393652,-0.09907166,0.50217848,0.17957797,-0.05399310,-0.67544649,-0.12004210,0.20550121,0.82924106,0.05704536,-0.35108463,-0.95912823,0.00759602,0.48654611,1.06136328,-0.05244088,-0.00539872,-0.99860948,0.01990713,-0.02633199,-0.01254854,-0.01618672,0.02108028,-0.57090330
10507540000000,synthetic_50hz_06,377,0.02,89.89100642,91.06483849,12.33036647,12.23131704,12.15421444,4.68799395,128.29913398,1,1,0,0,1,0.56091893,-0.11315411,-0.02499086,0.04261246,0.13117706,0.16077157,-0.04820304,-0.13288259,-0.14729439,0.05240390,0.13075706,0.12957065,-0.05509394,-0.12486175,-0.10811133,0.05619559,0.11536661,0.08353510,-0.05567710,-0.10254540,-0.05655053,0.04837462,0.24962059,-0.08667252,-0.05469069,-0.01244909,-0.38033829,0.05948719,0.25145520,-0.11675823,-0.06263109,-0.00667755,-0.34253634,0.06403575,0.23826373,-0.16117441,-0.06366335,0.01353414,-0.29280074,0.24868147,0.14414197,-0.44726140,-0.19621355,0.00841635,0.62524401,0.13808871,-0.16073203,-0.78520055,-0.07598270,0.30841372,0.92251938,0.01168608,-0.44720370,-1.03324156,0.05294746,0.57310060,1.11417489,-0.05220408,-0.00582384,-0.99861950,0.01971517,-0.02665220,-0.02499086,-0.01654681,0.02211602,-0.58114583
10507560000000,synthetic_50hz_06,378,0.02,89.80097044,90.81206488,12.25638262,12.15421444,12.07081642,4.69683880,127.96958942,1,1,0,0,1,0.56055202,-0.11260861,-0.03722441,0.04664267,0.13271218,0.15173738,-0.05127326,-0.13173586,-0.13524774,0.05442563,0.12696152,0.11485884,-0.05600887,-0.11852683,-0.09115851,0.05597736,0.10667495,0.06483003,-0.05433199,-0.09174759,-0.03663248,0.05237032,0.25110709,-0.09572473,-0.05773177,-0.01125283,-0.36826728,0.06148573,0.24761023,-0.13150026,-0.06352926,-0.00029429,-0.32554805,0.06380750,0.22952579,-0.17991949,-0.06231518,0.02437526,-0.27283896,0.21246599,0.03753140,-0.57303007,-0.15591423,0.11520169,0.73877955,0.09486738,-0.26461346,-0.88322966,-0.03108547,0.40639630,1.00221586,-0.03359265,-0.53646254,-1.09230770,0.09730228,0.65106232,1.15090780,-0.05196424,-0.00624616,-0.99862946,0.01951682,-0.02696718,-0.03722441,-0.01690651,0.02314779,-0.58725211
10507580000000,synthetic_50hz_06,379,0.02,89.62901727,90.57545536,12.17844481,12.07081642,11.98578255,4.70562607,127.63654631,1,1,0,0,1,0.56017796,-0.11204290,-0.04915370,0.04999770,0.13237417,0.14061363,-0.05360785,-0.12874266,-0.12135788,0.05567245,0.12139943,0.09860333,-0.05613199,-0.11055620,-0.07300600,0.05497323,0.09652558,0.04530387,-0.05222955,-0.07971209,-0.01629561,0.05569061,0.25072052,-0.10686622,-0.06003696,-0.00821013,-0.35435332,0.06270909,0.24199869,-0.14778574,-0.06363532,0.00772475,-0.30736029,0.06279306,0.21933002,-0.19948547,-0.06020938,0.03645422,-0.25245849,0.17346116,-0.06902252,-0.69005079,-0.11364322,0.21978154,0.84130327,0.05054889,-0.36420416,-0.96830059,0.01400278,0.49812660,1.06738135,-0.07815075,-0.61768782,-1.13568901,0.14004560,0.71944081,1.17125423,-0.05172141,-0.00666557,-0.99863937,0.01931214,-0.02727688,-0.04915370,-0.01726583,0.02417540,-0.58909466
10507600000000,synthetic_50hz_06,380,0.02,88.78849792,90.21806387,12.09752666,11.98578255,11.92515848,4.71435591,127.30008943,1,1,0,0,1,0.55979675,-0.11145706,-0.06069326,0.05263904,0.13019146,0.12758275,-0.05518334,-0.12396833,-0.10584294,0.05613669,0.11417113,0.08105162,-0.05547159,-0.10108233,-0.05392355,0.05320722,0.08507927,0.02524085,-0.04940886,-0.06662335,0.00416957,0.05829699,0.24848931,-0.11991456,-0.06158282,-0.00338632,-0.33881455,0.06314960,0.23472092,-0.16536718,-0.06295756,0.01724709,-0.28824282,0.06101643,0.20783721,-0.21958813,-0.05738500,0.04958657,-0.23194986,0.13225206,-0.17402354,-0.79679583,-0.07002063,0.32071597,0.93152124,0.00577047,-0.45816202,-1.03939046,0.05864606,0.58239904,1.11729357,-0.12137179,-0.68984522,-1.16298459,0.18059832,0.77740285,1.17514621,-0.05147561,-0.00708192,-0.99864921,0.01910121,-0.02758123,-0.06069326,-0.01762474,0.02519867,-0.58667126
10507620000000,synthetic_50hz_06,381,0.02,88.58268331,89.89098776,12.02513202,11.92515848,11.86028142,4.72302956,126.96030506,1,1,0,0,1,0.55940841,-0.11085121,-0.07176977,0.05453900,0.12621787,0.11285031,-0.05598749,-0.11750195,-0.08893945,0.05582184,0.10539840,0.06246443,-0.05404681,-0.09025616,-0.03418853,0.05071359,0.07251180,0.00492696,-0.04591828,-0.05267688,0.02447666,0.06016178,0.24446729,-0.13466416,-0.06235708,0.00312951,-0.32188751,0.06281074,0.22589870,-0.18398385,-0.06151515,0.02812180,-0.26847297,0.05851189,0.19522312,-0.23994147,-0.05389045,0.06357679,-0.21159947,0.08944260,-0.27602887,-0.89191485,-0.02567258,0.41664689,1.00834065,-0.03883758,-0.54525278,-1.09569551,0.10222805,0.65813878,1.15146097,-0.16267122,-0.75205034,-1.17402927,0.21842452,0.82427993,1.16274976,-0.05122691,-0.00749509,-0.99865899,0.01888409,-0.02788018,-0.07176977,-0.01798325,0.02621741,-0.58010214
10507640000000,synthetic_50hz_06,382,0.02,88.43474428,89.59973906,11.95589477,11.86028142,11.79016535,4.73164838,126.61728097,1,1,0,0,1,0.55901293,-0.11022546,-0.08232359,0.05568085,0.12053117,0.09664144,-0.05601906,-0.10945444,-0.07089852,0.05474221,0.09522209,0.04311157,-0.05188711,-0.07824444,-0.01408169,0.04753609,0.05901097,-0.01535417,-0.04181458,-0.03807618,0.04434737,0.06126824,0.23873223,-0.15088990,-0.06235851,0.01122645,-0.30382329,0.06170684,0.21567288,-0.20336594,-0.05933753,0.04018212,-0.24833154,0.05532316,0.18167557,-0.26026187,-0.04978246,0.07822138,-0.19168562,0.04564631,-0.37366828,-0.97424910,0.01877788,0.50631509,1.07087967,-0.08266070,-0.62436461,-1.13663629,0.14416037,0.72441341,1.16962315,-0.20150383,-0.80357703,-1.16888923,0.25303784,0.85957314,1.13445569,-0.05097534,-0.00790496,-0.99866871,0.01866086,-0.02817366,-0.08232359,-0.01834135,0.02723145,-0.56961989
10507660000000,synthetic_50hz_06,383,0.02,88.12539542,89.30487033,11.88628841,11.79016535,11.72237870,4.74021349,126.27110634,1,1,0,0,1,0.55861034,-0.10957992,-0.09230935,0.05605870,0.11323127,0.07919710,-0.05528754,-0.09995633,-0.05198184,0.05292241,0.08379961,0.02326791,-0.04903151,-0.06522691,0.00611683,0.04372700,0.04477368,-0.03532523,-0.03716183,-0.02302961,0.06351518,0.06161048,0.23138403,-0.16835082,-0.06159661,0.02077397,-0.28488359,0.05986250,0.20420087,-0.22323858,-0.05646371,0.05324832,-0.22809865,0.05150256,0.16739146,-0.28027200,-0.04512511,0.09331200,-0.17247481,0.00147740,-0.46566145,-1.04284232,0.06271957,0.58857535,1.11847389,-0.12510831,-0.69452033,-1.16185934,0.18389012,0.78044198,1.17174784,-0.23737030,-0.84386312,-1.14785431,0.28400697,0.88295529,1.09086760,-0.05072094,-0.00831138,-0.99867837,0.01843157,-0.02846162,-0.09230935,-0.01869902,0.02824060,-0.55555354
10507680000000,synthetic_50hz_06,384,0.02,87.61796096,88.96748846,11.81744633,11.72237870,11.66439417,4.74872588,125.92187173,1,1,0,0,1,0.55820063,-0.10891470,-0.10169590,0.05567728,0.10443816,0.06077023,-0.05381273,-0.08915539,-0.03245769,0.05039674,0.07130223,0.00320938,-0.04552779,-0.05139339,0.02613146,0.03934625,0.03000286,-0.05471891,-0.03203034,-0.00774733,0.08172880,0.06119324,0.22254270,-0.18679398,-0.06009119,0.03162428,-0.26533671,0.05731203,0.19165394,-0.24332585,-0.05294150,0.06713055,-0.20804987,0.04710999,0.15257372,-0.29970457,-0.03998872,0.10863846,-0.15421835,-0.04245794,-0.55083339,-1.09694830,0.10556141,0.66240911,1.15067929,-0.16562150,-0.75488725,-1.17123565,0.22090664,0.82560165,1.15802474,-0.26982294,-0.87251357,-1.11142744,0.31096012,0.89427051,1.03278717,-0.05046376,-0.00871425,-0.99868797,0.01819632,-0.02874400,-0.10169590,-0.01905626,0.02924467,-0.53830832
10507700000000,synthetic_50hz_06,385,0.02,87.51299238,88.67658924,11.75316442,11.66439417,11.59939311,4.75718694,125.56966906,1,1,0,0,1,0.55778383,-0.10822992,-0.11046555,0.05455159,0.09428975,0.04162192,-0.05162417,-0.07721410,-0.01259709,0.04720840,0.05791233,-0.01679092,-0.04143158,-0.03694092,0.04569485,0.03446028,0.01490449,-0.07328136,-0.02649547,0.00756165,0.09875515,0.06003153,0.21234614,-0.20595829,-0.05787177,0.04361492,-0.24545364,0.05409861,0.17821448,-0.26335463,-0.04882651,0.08163180,-0.18845255,0.04221191,0.13742833,-0.31830571,-0.03444865,0.12399175,-0.13714932,-0.08556977,-0.62812773,-1.13603517,0.14674009,0.72693509,1.16727201,-0.20367982,-0.80478456,-1.16485584,0.25474737,0.85943172,1.12885634,-0.29847044,-0.88930107,-1.06031138,0.33358846,0.89353145,0.96119716,-0.05020385,-0.00911342,-0.99869752,0.01795517,-0.02902075,-0.11046555,-0.01941306,0.03024350,-0.51834314
10507720000000,synthetic_50hz_06,386,0.02,87.28722089,88.39871557,11.68858047,11.59939311,11.53382891,4.76559777,125.21459153,1,1,0,0,1,0.55735993,-0.10752571,-0.11861287,0.05270640,0.08293938,0.02201755,-0.04876041,-0.06430696,0.00733009,0.04340864,0.04382055,-0.03646640,-0.03680538,-0.02207076,0.06455137,0.02914101,-0.00031533,-0.09077529,-0.02063648,0.02269233,0.11438212,0.05815009,0.20094769,-0.22557837,-0.05497691,0.05657138,-0.22550427,0.05027353,0.16407313,-0.28305834,-0.04418125,0.09655079,-0.16956233,0.03688023,0.12216140,-0.33583814,-0.02858415,0.13916689,-0.12147982,-0.12729207,-0.69661790,-1.15978645,0.18572705,0.78141742,1.16824499,-0.23880743,-0.84368831,-1.14302248,0.28500288,0.88163527,1.08484611,-0.32298157,-0.89416428,-0.99539311,0.35164855,0.88091411,0.87724247,-0.04994126,-0.00950878,-0.99870700,0.01770820,-0.02929181,-0.11861287,-0.01976942,0.03123690,-0.49614776
10507740000000,synthetic_50hz_06,387,0.02,86.74672680,88.06831782,11.62358481,11.53382891,11.48025743,4.77395922,124.85673363,1,1,0,0,1,0.55692895,-0.10680220,-0.12614317,0.05017558,0.07055328,0.00222304,-0.04526828,-0.05061777,0.02705875,0.03905588,0.02922292,-0.05556041,-0.03171747,-0.00698557,0.08246025,0.02346464,-0.01545319,-0.10698272,-0.01453531,0.03744642,0.12842083,0.05558283,0.18851359,-0.24538830,-0.05145344,0.07030986,-0.20575370,0.04589516,0.14942592,-0.30218033,-0.03907399,0.11168487,-0.15161997,0.03119115,0.10697633,-0.35208388,-0.02247716,0.15396557,-0.10739874,-0.16708986,-0.75551601,-1.16809901,0.22203475,0.82527146,1.15380165,-0.27057828,-0.87123396,-1.10623965,0.31132091,0.89207838,1.02678425,-0.34308802,-0.88720376,-0.91772618,0.36496373,0.85675064,0.78220963,-0.04967602,-0.00990020,-0.99871644,0.01745550,-0.02955713,-0.12614317,-0.02012532,0.03222468,-0.47222115
10507760000000,synthetic_50hz_06,388,0.02,86.44493592,87.74364144,11.56338731,11.48025743,11.42771758,4.78227260,124.49619102,1,1,0,0,1,0.55649090,-0.10605950,-0.13307071,0.04700146,0.05730800,-0.01749875,-0.04120197,-0.03633686,0.04633200,0.03421462,0.01431811,-0.07382947,-0.02624084,0.00811343,0.09919840,0.01751053,-0.03031106,-0.12170740,-0.00827538,0.05163481,0.14070751,0.05237204,0.17522039,-0.26512522,-0.04735556,0.08464001,-0.18645880,0.04102804,0.13447153,-0.32047711,-0.03357773,0.12683280,-0.13484857,0.02522403,0.09207116,-0.36684667,-0.01621111,0.16819869,-0.09506984,-0.20446549,-0.80417946,-1.16107821,0.25522205,0.85806728,1.12434688,-0.29862044,-0.88721663,-1.05520010,0.33340947,0.89078711,0.95563141,-0.35858614,-0.86867578,-0.82851143,0.37342461,0.82152012,0.67750507,-0.04940819,-0.01028756,-0.99872582,0.01719713,-0.02981665,-0.13307071,-0.02048075,0.03320668,-0.44705232
10507780000000,synthetic_50hz_06,389,0.02,86.16177490,87.42726813,11.50640602,11.42771758,11.37582803,4.79053937,124.13306056,1,1,0,0,1,0.55604579,-0.10529776,-0.13941697,0.04323392,0.04338768,-0.03689150,-0.03662212,-0.02165836,0.06490443,0.02895448,-0.00069538,-0.09104612,-0.02045207,0.02302906,0.11456292,0.01136002,-0.04469881,-0.13477681,-0.00194045,0.06507988,0.15110503,0.04856764,0.16125223,-0.28453280,-0.04274389,0.09936772,-0.16786501,0.03574177,0.11940845,-0.33772123,-0.02776904,0.14179742,-0.11945103,0.01906022,0.07763601,-0.37995399,-0.00986976,0.18168861,-0.08463028,-0.23896435,-0.84211532,-1.13903021,0.28489883,0.87953085,1.08047554,-0.32261955,-0.89158910,-0.99077026,0.35103899,0.87794242,0.87250061,-0.36933782,-0.83898425,-0.72907636,0.37698847,0.77583777,0.56463250,-0.04913781,-0.01067075,-0.99873514,0.01693320,-0.03007033,-0.13941697,-0.02083572,0.03418272,-0.42110454
10507800000000,synthetic_50hz_06,390,0.02,86.01846321,87.14550715,11.45156327,11.37582803,11.31970276,4.79876103,123.76744021,1,1,0,0,1,0.55559363,-0.10451712,-0.14520894,0.03892959,0.02898138,-0.05570863,-0.03159478,-0.00677747,0.08254499,0.02334907,-0.01562184,-0.10700154,-0.01443020,0.03757076,0.12837319,0.00509530,-0.05843650,-0.14604378,0.00438650,0.07761749,0.15950386,0.04422624,0.14679817,-0.30336447,-0.03768450,0.11429778,-0.15020336,0.03010998,0.10443239,-0.35370386,-0.02172698,0.15638814,-0.10560797,0.01278190,0.06385084,-0.39125867,-0.00353608,0.19427121,-0.07618957,-0.27017958,-0.86898245,-1.10245185,0.31072965,0.88954306,1.02295883,-0.34232125,-0.88445773,-0.91397343,0.36404356,0.85387307,0.77863775,-0.37527033,-0.79867085,-0.62085358,0.37567787,0.72044258,0.44516991,-0.04886492,-0.01104964,-0.99874442,0.01666378,-0.03031812,-0.14520894,-0.02119020,0.03515262,-0.39480326
10507820000000,synthetic_50hz_06,391,0.02,85.86575525,86.88955677,11.39618185,11.31970276,11.26113046,4.80693870,123.39942901,1,1,0,0,1,0.55513442,-0.10371771,-0.15047745,0.03415084,0.01428047,-0.07371629,-0.02619043,0.00811213,0.09903968,0.01747493,-0.03027086,-0.12150772,-0.00825562,0.05155685,0.14047263,-0.00120170,-0.07135645,-0.15538766,0.01062438,0.08909880,0.16582278,0.03941022,0.13204958,-0.32138637,-0.03224787,0.12923652,-0.13368786,0.02420919,0.08973377,-0.36823699,-0.01553192,0.17042332,-0.09347597,0.00647100,0.05088332,-0.40064006,0.00270884,0.20579764,-0.06982893,-0.29775612,-0.88459147,-1.05201839,0.33243662,0.88813665,0.95272874,-0.35753281,-0.86607644,-0.82597149,0.37232117,0.81904684,0.67540109,-0.37637533,-0.74840374,-0.50535856,0.36957842,0.65618381,0.32074631,-0.04858959,-0.01142412,-0.99875365,0.01638897,-0.03055997,-0.15047745,-0.02154420,0.03611621,-0.36852777
10507840000000,synthetic_50hz_06,392,0.02,85.82347890,86.67634119,11.33946027,11.26113046,11.19701607,4.81507317,123.02912704,1,1,0,0,1,0.55466819,-0.10289967,-0.15525587,0.02896484,-0.00052400,-0.09069604,-0.02048289,0.02282080,0.11419381,0.01141041,-0.04445966,-0.13439933,-0.00200896,0.06481673,0.15073005,-0.00745040,-0.08330510,-0.16271515,0.01669497,0.09939175,0.17000910,0.03418674,0.11719752,-0.33838007,-0.02650782,0.14399427,-0.11851320,0.01811777,0.07549536,-0.38115529,-0.00926451,0.18373231,-0.08318623,0.00020811,0.03888700,-0.40800487,0.00878678,0.21613583,-0.06560106,-0.32139378,-0.88890268,-0.98856914,0.34980126,0.87549121,0.87086092,-0.36812380,-0.83683891,-0.72804537,0.37583317,0.77406016,0.56423994,-0.37270709,-0.68896490,-0.38416721,0.35883568,0.58400645,0.19301875,-0.04831185,-0.01179407,-0.99876283,0.01610884,-0.03079582,-0.15525587,-0.02189770,0.03707331,-0.34260633
10507860000000,synthetic_50hz_06,393,0.02,85.60302065,86.46167709,11.27963370,11.19701607,11.13587990,4.82316466,122.65663534,1,1,0,0,1,0.55419494,-0.10206316,-0.15957880,0.02344250,-0.01524373,-0.10644726,-0.01454828,0.03716525,0.12783399,0.00523462,-0.05801527,-0.14553520,0.00422994,0.07719268,0.15904057,-0.01357256,-0.09414460,-0.16796072,0.02252388,0.10838228,0.17203849,0.02862672,0.10243029,-0.35414495,-0.02054046,0.15838776,-0.10485278,0.01191482,0.06189016,-0.39231760,-0.00300457,0.19615743,-0.07484362,-0.00592853,0.02799977,-0.41328755,0.01462332,0.22517173,-0.06353029,-0.34084954,-0.88202208,-0.91309162,0.36266563,0.85192637,0.77855627,-0.37402591,-0.79726922,-0.62157477,0.37460285,0.71962643,0.44667298,-0.36437981,-0.62123648,-0.25889341,0.34365153,0.50493599,0.06364981,-0.04803176,-0.01215939,-0.99877197,0.01582349,-0.03102564,-0.15957880,-0.02225069,0.03802376,-0.31731437
10507880000000,synthetic_50hz_06,394,0.02,85.06854509,86.18305069,11.21925711,11.13587990,11.08973128,4.83121332,122.28205591,1,1,0,0,1,0.55371467,-0.10120833,-0.16348116,0.01765748,-0.02969555,-0.12078921,-0.00846395,0.05097075,0.13980972,-0.00097360,-0.07077643,-0.15479945,0.01038308,0.08854161,0.16532624,-0.01949321,-0.10375408,-0.17108660,0.02804134,0.11597528,0.17191446,0.02280383,0.08793107,-0.36850025,-0.01442315,0.17224225,-0.09285709,0.00567918,0.04907940,-0.40160802,0.00316988,0.20755555,-0.06852609,-0.01186396,0.01834245,-0.41645033,0.02014874,0.23281022,-0.06361311,-0.35593892,-0.86419553,-0.82670421,0.37093251,0.81789343,0.67712158,-0.37523193,-0.74801109,-0.50801721,0.36871324,0.65656323,0.32426647,-0.35156438,-0.54618636,-0.13116698,0.32427976,0.42006267,-0.06571411,-0.04774936,-0.01251995,-0.99878106,0.01553302,-0.03124938,-0.16348116,-0.02260318,0.03896738,-0.29287518
10507900000000,synthetic_50hz_06,395,0.02,84.70866336,85.88817322,11.16485626,11.08973128,11.04964472,4.83921998,121.90549160,1,1,0,0,1,0.55322742,-0.10033532,-0.16699740,0.01168515,-0.04370357,-0.13356270,-0.00230747,0.06407309,0.14999464,-0.00713674,-0.08259536,-0.16210218,0.01637519,0.09873636,0.16953623,-0.02514154,-0.11203075,-0.17208247,0.03318304,0.12209524,0.16966749,0.01679343,0.07387572,-0.38128680,-0.00823347,0.18539354,-0.08265248,-0.00051163,0.03721088,-0.40893666,0.00918357,0.21779955,-0.06428448,-0.01752735,0.01001788,-0.41748289,0.02529869,0.23897580,-0.06581904,-0.36653664,-0.83580139,-0.73063782,0.37456477,0.77396558,0.56794954,-0.37179402,-0.68981597,-0.38888701,0.35830428,0.58577865,0.19861268,-0.33448446,-0.46485305,-0.00261226,0.30102130,0.33052553,-0.19346348,-0.04746471,-0.01287565,-0.99879011,0.01523751,-0.03146700,-0.16699740,-0.02295514,0.03990400,-0.26946249
10507920000000,synthetic_50hz_06,396,0.02,84.26087379,85.56271334,11.11646741,11.04964472,11.01849310,4.84718612,121.52704613,1,1,0,0,1,0.55273317,-0.09944429,-0.17016084,0.00560161,-0.05710125,-0.14463154,0.00384435,0.07632038,0.15828745,-0.01317948,-0.09333917,-0.16737986,0.02213463,0.10766694,0.17164663,-0.03045163,-0.11889062,-0.17096475,0.03789070,0.12668663,0.16535387,0.01067161,0.06043081,-0.39236841,-0.00204821,0.19768973,-0.07434027,-0.00658230,0.02641749,-0.41423999,0.01496488,0.22677940,-0.06214269,-0.02285282,0.00311002,-0.41640166,0.03001490,0.24361292,-0.07009179,-0.37257632,-0.79734164,-0.62621679,0.37358408,0.72082681,0.45249836,-0.36382122,-0.62353021,-0.26573420,0.34356924,0.50825694,0.07130880,-0.31341199,-0.37833038,0.12517247,0.27421893,0.23749639,-0.31804496,-0.04717785,-0.01322638,-0.99879913,0.01493707,-0.03167844,-0.17016084,-0.02330657,0.04083346,-0.24720441
10507940000000,synthetic_50hz_06,397,0.02,84.55127302,85.36042527,11.07531820,11.01849310,10.96722640,4.85511385,121.14682398,1,1,0,0,1,0.55223195,-0.09853541,-0.17300331,-0.00051735,-0.06973317,-0.15388354,0.00991644,0.08757456,0.16461238,-0.01902964,-0.10289113,-0.17059537,0.02759420,0.11524130,0.17166001,-0.03536321,-0.12426901,-0.16777562,0.04211268,0.12971399,0.15905418,0.00451419,0.04775176,-0.40163288,0.00405754,0.20899274,-0.06799622,-0.01246064,0.01681596,-0.41748088,0.02044659,0.23440308,-0.06209817,-0.02778004,-0.00231643,-0.41324882,0.03424574,0.24668614,-0.07635080,-0.37404962,-0.74943175,-0.51483926,0.36806877,0.65925998,0.33227135,-0.35147634,-0.55008143,-0.14012391,0.32475067,0.42504378,-0.05606337,-0.28866229,-0.28775192,0.25063432,0.24425164,0.14216404,-0.43797937,-0.04688883,-0.01357204,-0.99880811,0.01463179,-0.03188368,-0.17300331,-0.02365747,0.04175558,-0.22618825
10507960000000,synthetic_50hz_06,398,0.02,84.29894102,85.14812842,11.02991965,10.96722640,10.92132952,4.86300436,120.76493037,1,1,0,0,1,0.55172376,-0.09760883,-0.17555483,-0.00659710,-0.08145664,-0.16123116,0.01583631,0.09771269,0.16891941,-0.02461894,-0.11115164,-0.17173762,0.03269180,0.12138603,0.16960456,-0.03982214,-0.12812081,-0.16258173,0.04580439,0.13116180,0.15087158,-0.00160422,0.03598125,-0.40899267,0.01001129,0.21917966,-0.06367036,-0.01807838,0.00850589,-0.41864826,0.02556661,0.24059715,-0.06412271,-0.03225492,-0.00621636,-0.40809099,0.03794661,0.24817991,-0.08449288,-0.37100448,-0.69278952,-0.39795748,0.35815119,0.59013391,0.20879672,-0.33497224,-0.47046446,-0.01361625,0.30213588,0.33723131,-0.18195678,-0.26058880,-0.19427562,0.37228391,0.21152882,0.04571887,-0.55187793,-0.04659771,-0.01391251,-0.99881706,0.01432177,-0.03208267,-0.17555483,-0.02400782,0.04267021,-0.20646575
10507980000000,synthetic_50hz_06,399,0.02,84.30576795,84.97965633,10.98431179,10.92132952,10.87077709,4.87085859,120.38147124,1,1,0,0,1,0.55120863,-0.09666473,-0.17784341,-0.01256514,-0.09214312,-0.16661192,0.02153489,0.10662810,0.17118410,-0.02988377,-0.11803893,-0.17082097,0.03737109,0.12604665,0.16553298,-0.04378099,-0.13042038,-0.15547261,0.04892865,0.13103404,0.14092988,-0.00761111,0.02524783,-0.41438530,0.01574398,0.22814380,-0.06138712,-0.02337190,0.00156905,-0.41775646,0.03026859,0.24530714,-0.06816363,-0.03623001,-0.00856415,-0.40101773,0.04108034,0.24809823,-0.09439424,-0.36354285,-0.62822300,-0.27705803,0.34401433,0.51438999,0.08360781,-0.31456771,-0.38572688,0.11225287,0.27605196,0.24594309,-0.30487724,-0.22957750,-0.09906864,0.48871186,0.17648421,-0.05066201,-0.65845669,-0.04630453,-0.01424770,-0.99882598,0.01400711,-0.03227537,-0.17784341,-0.02435761,0.04357718,-0.18805839
10508000000000,synthetic_50hz_06,400,0.02,83.53533197,84.69079146,10.93662722,10.87077709,10.84700237,4.87867708,119.99655311,1,1,0,0,1,0.55068655,-0.09570328,-0.17989500,-0.01835187,-0.10167932,-0.16998835,0.02694728,0.11423111,0.17140717,-0.03476579,-0.12348955,-0.16788424,0.04158199,0.12918774,0.15952112,-0.04719935,-0.13116139,-0.14655894,0.05145594,0.12935359,0.12937140,-0.01343687,0.01566480,-0.41777330,0.02119070,0.23579548,-0.06114579,-0.02828285,-0.00393111,-0.41484431,0.03450245,0.24849764,-0.07414507,-0.03966491,-0.00935343,-0.39213971,0.04361739,0.24646397,-0.10591257,-0.35181777,-0.55661779,-0.15364254,0.32588806,0.43302837,-0.04177589,-0.29056284,-0.29695453,0.23598991,0.24686056,0.15231935,-0.42340022,-0.19604118,-0.00329274,0.59860371,0.13956984,-0.14582880,-0.75654918,-0.04600934,-0.01457750,-0.99883486,0.01368790,-0.03246175,-0.17989500,-0.02470685,0.04447632,-0.17096262
10508020000000,synthetic_50hz_06,401,0.02,83.33397788,84.41942874,10.89898478,10.84700237,10.82407421,4.88646152,119.61028314,1,1,0,0,1,0.55015755,-0.09472463,-0.18173346,-0.02389135,-0.10996815,-0.17134775,0.03201340,0.12044968,0.16961367,-0.03921249,-0.12745859,-0.16298954,0.04528107,0.13079280,0.15166635,-0.05004418,-0.13035620,-0.13597055,0.05336449,0.12616137,0.11635465,-0.01901558,0.00732923,-0.41914398,0.02629138,0.24206266,-0.06292131,-0.03275875,-0.00794965,-0.40997394,0.03822477,0.25015213,-0.08196966,-0.04252655,-0.00859660,-0.38158675,0.04553600,0.24331807,-0.11888935,-0.33602991,-0.47892387,-0.02920885,0.30404488,0.34709391,-0.16586690,-0.26329410,-0.20525707,0.35616063,0.21495242,0.05750257,-0.53618609,-0.16041357,0.09190975,0.70075304,0.10124992,-0.23867227,-0.84511696,-0.04571221,-0.01490182,-0.99884373,0.01336427,-0.03264176,-0.18173346,-0.02505552,0.04536747,-0.15515469
10508040000000,synthetic_50hz_06,402,0.02,83.57987288,84.25151757,10.86752234,10.82407421,10.78597829,4.89421406,119.22276898,1,1,0,0,1,0.54962163,-0.09372898,-0.18338059,-0.02912202,-0.11692940,-0.17070158,0.03667858,0.12522973,0.16585200,-0.04317768,-0.12991963,-0.15622084,0.04843195,0.13086388,0.14208575,-0.05228990,-0.12803527,-0.12385427,0.05464032,0.12151534,0.10205201,-0.02428567,0.00032135,-0.41850878,0.03099133,0.24689126,-0.06666529,-0.03675337,-0.01046019,-0.40322929,0.04139915,0.25027265,-0.09152033,-0.04478938,-0.00632408,-0.36950568,0.04682219,0.23871845,-0.13315220,-0.31642368,-0.39614207,0.09476697,0.27879529,0.25766222,-0.28722674,-0.23312911,-0.11175384,0.47140563,0.18074170,-0.03737645,-0.64199367,-0.12314343,0.18542916,0.79407273,0.06199487,-0.32813586,-0.92325831,-0.04541317,-0.01522056,-0.99885257,0.01303630,-0.03281537,-0.18338059,-0.02540361,0.04625048,-0.14059506
10508060000000,synthetic_50hz_06,403,0.02,83.40344644,84.08190334,10.83327384,10.78597829,10.75306944,4.90193614,118.83411881,1,1,0,0,1,0.54907881,-0.09271650,-0.18485622,-0.03398728,-0.12250019,-0.16808458,0.04089404,0.12853523,0.16019263,-0.04662180,-0.13086455,-0.14768225,0.05100544,0.12942098,0.13091413,-0.05391857,-0.12424614,-0.11037169,0.05527720,0.11548923,0.08664718,-0.02919053,-0.00529596,-0.41590245,0.03524178,0.25024526,-0.07230726,-0.04022717,-0.01145459,-0.39471449,0.04399642,0.24887923,-0.10266227,-0.04643544,-0.00258344,-0.35605810,0.04746974,0.23273886,-0.14851742,-0.29328297,-0.30931053,0.21684765,0.25048292,0.16582575,-0.40448167,-0.20046133,-0.01756013,0.58045429,0.14466034,-0.13121176,-0.73969214,-0.08468873,0.27620075,0.87760433,0.02227551,-0.41322674,-0.99021477,-0.04511229,-0.01553362,-0.99886139,0.01270411,-0.03298256,-0.18485622,-0.02575111,0.04712519,-0.12723235
10508080000000,synthetic_50hz_06,404,0.02,83.36629706,83.93878209,10.79958799,10.75306944,10.72044014,4.90962899,118.44444120,1,1,0,0,1,0.54852909,-0.09168738,-0.18617830,-0.03843600,-0.12663519,-0.16355370,0.04461728,0.13034813,0.15272658,-0.04951223,-0.13030307,-0.13749628,0.05297972,0.12650131,0.11830189,-0.05491977,-0.11905246,-0.09569681,0.05527647,0.10817128,0.07033274,-0.03367904,-0.00947738,-0.41138195,0.03900024,0.25210657,-0.07975620,-0.04314752,-0.01094256,-0.38455202,0.04599474,0.24600906,-0.11524506,-0.04745433,0.00256169,-0.34141799,0.04747998,0.22546754,-0.16479244,-0.26692655,-0.21949122,0.33565062,0.21947940,0.07268032,-0.51633703,-0.16570455,0.07622599,0.68213721,0.10715236,-0.22293466,-0.82827105,-0.04551092,0.36321603,0.95052545,-0.01744262,-0.49302571,-1.04537576,-0.04480961,-0.01584091,-0.99887020,0.01236781,-0.03314327,-0.18617830,-0.02609802,0.04799143,-0.11500669
10508100000000,synthetic_50hz_06,405,0.02,82.87486973,83.72599961,10.76634589,10.72044014,10.70690088,4.91729369,118.05384512,1,1,0,0,1,0.54797250,-0.09064178,-0.18736303,-0.04242298,-0.12930663,-0.15718676,0.04781244,0.13066795,0.14356376,-0.05182344,-0.12826206,-0.12580175,0.05434035,0.12215832,0.10441281,-0.05529060,-0.11253269,-0.08001360,0.05464680,0.09966269,0.05330757,-0.03770599,-0.01219513,-0.40502508,0.04223082,0.25247475,-0.08890219,-0.04548891,-0.00895098,-0.37288073,0.04737969,0.24171558,-0.12910495,-0.04784313,0.00903285,-0.32576935,0.04686158,0.21700569,-0.18177838,-0.23770321,-0.12775666,0.44986261,0.18617911,-0.02068789,-0.62159008,-0.12928738,0.16853600,0.77539682,0.06866824,-0.31152514,-0.90684850,-0.00606935,0.44553286,1.01215532,-0.05670451,-0.56669567,-1.08828123,-0.04450518,-0.01614234,-0.99887899,0.01202750,-0.03329750,-0.18736303,-0.02644433,0.04884906,-0.10385264
10508120000000,synthetic_50hz_06,406,0.02,82.52865934,83.48653156,10.74137899,10.70690088,10.70493819,4.92493216,117.66243987,1,1,0,0,1,0.54740904,-0.08957992,-0.18842497,-0.04590928,-0.13050409,-0.14908089,0.05045044,0.12951137,0.13283112,-0.05353710,-0.12478478,-0.11275177,0.05508025,0.11646058,0.08942173,-0.05503542,-0.10477877,-0.06351362,0.05340388,0.09007614,0.03577438,-0.04123244,-0.01343879,-0.39692898,0.04490446,0.25136645,-0.09961829,-0.04723298,-0.00552310,-0.35985372,0.04814417,0.23606738,-0.14406709,-0.04760620,0.01673809,-0.30930370,0.04563022,0.20746598,-0.19927252,-0.20598680,-0.03517708,0.55825285,0.15099392,-0.11321477,-0.71914115,-0.09164782,0.25834260,0.85929628,0.02965947,-0.39602228,-0.97467750,0.03318398,0.52228446,1.06195830,-0.09507071,-0.63348893,-1.11862236,-0.04419907,-0.01643781,-0.99888777,0.01168329,-0.03344519,-0.18842497,-0.02679004,0.04969791,-0.09370153
10508140000000,synthetic_50hz_06,407,0.02,82.57125800,83.30347685,10.72607385,10.70493819,10.69954601,4.93254718,117.27033502,1,1,0,0,1,0.54683874,-0.08850197,-0.18937719,-0.04886249,-0.13023414,-0.13935087,0.05250920,0.12691144,0.12067069,-0.05464204,-0.11992983,-0.09851151,0.05519952,0.10949058,0.07351221,-0.05416558,-0.09589467,-0.04639351,0.05157002,0.07953407,0.01793727,-0.04422599,-0.01321492,-0.38720842,0.04699907,0.24881473,-0.11176248,-0.04836857,-0.00071752,-0.34563616,0.04828829,0.22914692,-0.15994792,-0.04675490,0.02557347,-0.29221771,0.04380822,0.19697084,-0.21707078,-0.17217109,0.05719190,0.65968479,0.11434782,-0.20386990,-0.80800328,-0.05322786,0.34467024,0.93302665,-0.00942669,-0.47553357,-1.03115042,0.07180946,0.59268705,1.09954565,-0.13212193,-0.69275308,-1.13624047,-0.04389131,-0.01672725,-0.99889654,0.01133529,-0.03358633,-0.18937719,-0.02713512,0.05053784,-0.08448344
10508160000000,synthetic_50hz_06,408,0.02,81.88843922,83.02046932,10.71493216,10.69954601,10.72136609,4.94014159,116.87764037,1,1,0,0,1,0.54626159,-0.08740812,-0.19023139,-0.05125690,-0.12851967,-0.12812726,0.05397359,0.12291673,0.10723747,-0.05513419,-0.11377005,-0.08325597,0.05470525,0.10134332,0.05687417,-0.05269913,-0.08599482,-0.02885266,0.04917367,0.06816704,-0.00000069,-0.04666091,-0.01154643,-0.37599398,0.04849953,0.24486816,-0.12517975,-0.04889163,0.00539291,-0.33040305,0.04781913,0.22104922,-0.17655751,-0.04530728,0.03542453,-0.27471075,0.04142404,0.18565085,-0.23497007,-0.13666466,0.14832096,0.75312623,0.07667172,-0.29166733,-0.88730997,-0.01446830,0.42660479,0.99591216,-0.04815225,-0.54924304,-1.07580173,0.10938455,0.65604636,1.12467544,-0.16746324,-0.74393555,-1.14112423,-0.04358198,-0.01701057,-0.99890530,0.01098363,-0.03372089,-0.19023139,-0.02747958,0.05136870,-0.07612873
10508180000000,synthetic_50hz_06,409,0.02,81.44914857,82.70620517,10.71763441,10.72136609,10.75844090,4.94771942,116.48446590,1,1,0,0,1,0.54567761,-0.08629859,-0.19099801,-0.05307360,-0.12539925,-0.11555448,0.05483548,0.11759036,0.09269734,-0.05501643,-0.10639128,-0.06716769,0.05361123,0.09212490,0.03970157,-0.05066039,-0.07520251,-0.01109083,0.04624899,0.05611199,-0.01783966,-0.04851829,-0.00847186,-0.36343007,0.04939769,0.23958985,-0.13970422,-0.04880500,0.01272236,-0.31433691,0.04675049,0.21188037,-0.19370193,-0.04328765,0.04616801,-0.25698259,0.03851182,0.17364293,-0.25277058,-0.09988578,0.23721793,0.83765782,0.03839829,-0.37567542,-0.95632143,0.02419623,0.50330202,1.04741385,-0.08609317,-0.61641819,-1.10830883,0.14550800,0.71176273,1.13725076,-0.20072777,-0.78658682,-1.13340522,-0.04327111,-0.01728768,-0.99891406,0.01062840,-0.03384884,-0.19099801,-0.02782340,0.05219033,-0.06856920
10508200000000,synthetic_50hz_06,410,0.02,81.46217661,82.45739946,10.73477313,10.75844090,10.79365277,4.95528583,116.09092168,1,1,0,0,1,0.54508683,-0.08517355,-0.19168638,-0.05430046,-0.12092615,-0.10178876,0.05509356,0.11100879,0.07722484,-0.05429829,-0.09789100,-0.05043448,0.05193757,0.08195097,0.02219008,-0.04807947,-0.06364825,0.00669408,0.04283522,0.04351052,-0.03538524,-0.04978601,-0.00404450,-0.34967291,0.04969226,0.23305627,-0.15516135,-0.04811824,0.02117337,-0.29762557,0.04510248,0.20175602,-0.21118548,-0.04072613,0.05767337,-0.23923112,0.03511080,0.16108868,-0.27027788,-0.06225741,0.32293790,0.91248001,-0.00004291,-0.45502573,-1.01442893,0.06234199,0.57399496,1.08713140,-0.12284371,-0.67641565,-1.12849136,0.17980380,0.75933495,1.13731639,-0.23158006,-0.82036228,-1.11335205,-0.04295876,-0.01755850,-0.99892283,0.01026973,-0.03397016,-0.19168638,-0.02816659,0.05300259,-0.06173904
10508220000000,synthetic_50hz_06,411,0.02,81.91752978,82.34942552,10.75950258,10.79365277,10.81408176,4.96284598,115.69711789,1,1,0,0,1,0.54448924,-0.08403323,-0.19230480,-0.05493212,-0.11516734,-0.08699607,0.05475320,0.10326064,0.06100097,-0.05299572,-0.08837688,-0.03324719,0.04971034,0.07094518,0.00453488,-0.04499180,-0.05146810,0.02430818,0.03897612,0.03050717,-0.05245042,-0.05045870,0.00166870,-0.33488848,0.04938859,0.22535603,-0.17137013,-0.04684728,0.03063824,-0.28045988,0.04290115,0.19079983,-0.22881300,-0.03765813,0.06980457,-0.22165023,0.03126476,0.14813265,-0.28730498,-0.02420230,0.40459229,0.97691824,-0.03823020,-0.52892072,-1.06115763,0.09956049,0.63800011,1.11480335,-0.15802042,-0.72868566,-1.13630876,0.21192454,0.79836287,1.12505387,-0.25971877,-0.84502290,-1.08136315,-0.04264499,-0.01782296,-0.99893159,0.00990774,-0.03408481,-0.19230480,-0.02850912,0.05380534,-0.05557543
10508240000000,synthetic_50hz_06,412,0.02,81.89867049,82.25927452,10.78242584,10.81408176,10.84458852,4.97040388,115.30316469,1,1,0,0,1,0.54388487,-0.08287781,-0.19286066,-0.05496978,-0.10820234,-0.07134995,0.05382613,0.09444529,0.04421104,-0.05113065,-0.07796533,-0.01579750,0.04696105,0.05923759,-0.01307149,-0.04143754,-0.03880201,0.04156362,0.03471937,0.01724775,-0.06885745,-0.05053757,0.00858820,-0.31925032,0.04849842,0.21658850,-0.18814528,-0.04501407,0.04100060,-0.26303151,0.04017802,0.17914183,-0.24639194,-0.03412383,0.08242167,-0.20442778,0.02702136,0.13492064,-0.30367413,0.01386167,0.48135697,1.03042662,-0.07575416,-0.59664041,-1.09616768,0.13546264,0.69472244,1.13030571,-0.19126565,-0.77277530,-1.13185650,0.24155440,0.82854868,1.10077534,-0.28487901,-0.86043462,-1.03795832,-0.04232986,-0.01808097,-0.99894036,0.00954253,-0.03419279,-0.19286066,-0.02885100,0.05459842,-0.05001897
10508260000000,synthetic_50hz_06,413,0.02,81.67744237,82.14290809,10.80853416,10.84458852,10.89501478,4.97796324,114.90917222,1,1,0,0,1,0.54327373,-0.08170752,-0.19336054,-0.05442104,-0.10012199,-0.05502946,0.05233020,0.08467152,0.02704246,-0.04873065,-0.06677992,0.00172419,0.04372617,0.04696302,-0.03044113,-0.03746105,-0.02579216,0.05828043,0.03011590,0.00387770,-0.08443949,-0.05003021,0.01662317,-0.30293748,0.04703959,0.20686248,-0.20529937,-0.04264615,0.05213684,-0.24553086,0.03696957,0.16691686,-0.26373441,-0.03016758,0.09538248,-0.18774371,0.02243154,0.12159809,-0.31921849,0.05152591,0.55247933,1.07258993,-0.11222182,-0.65754798,-1.11925383,0.16968231,0.74365922,1.13364913,-0.22225079,-0.80833042,-1.11536079,0.26841167,0.84969707,1.06491608,-0.30683412,-0.86656656,-0.98376935,-0.04201341,-0.01833247,-0.99894914,0.00917423,-0.03429406,-0.19336054,-0.02919221,0.05538170,-0.04501398
10508280000000,synthetic_50hz_06,414,0.02,81.84008718,82.08234391,10.84485602,10.89501478,10.95107538,4.98552837,114.51525053,1,1,0,0,1,0.54265583,-0.08052255,-0.19381028,-0.05329962,-0.09102712,-0.03821703,0.05028893,0.07405603,0.00968271,-0.04582839,-0.05494987,0.01913078,0.04004659,0.03425948,-0.04739272,-0.03311023,-0.01258137,0.07428830,0.02521929,-0.00945946,-0.09904211,-0.04895033,0.02567280,-0.28613240,0.04503563,0.19629465,-0.22264493,-0.03977621,0.06391777,-0.22814503,0.03331668,0.15426291,-0.28065909,-0.02583728,0.10854419,-0.17176837,0.01754887,0.10830851,-0.33378363,0.08839535,0.61728430,1.10312418,-0.14726033,-0.71109406,-1.13034357,0.20187973,0.78440264,1.12497463,-0.25067884,-0.83509654,-1.08717214,0.29225076,0.86171420,1.01802598,-0.32539696,-0.86348825,-0.91952965,-0.04169570,-0.01857738,-0.99895793,0.00880296,-0.03438862,-0.19381028,-0.02953275,0.05615504,-0.04050857
10508300000000,synthetic_50hz_06,415,0.02,82.28227783,82.12233069,10.88946816,10.95107538,11.00516783,4.99310385,114.12150952,1,1,0,0,1,0.54203119,-0.07932312,-0.19421507,-0.05162500,-0.08102716,-0.02109642,0.04773115,0.06272198,-0.00768274,-0.04246119,-0.04260849,0.03624040,0.03596705,0.02126658,-0.06375324,-0.02843597,0.00068846,0.08942804,0.02008506,-0.02262365,-0.11252458,-0.04731743,0.03562764,-0.26901882,0.04251536,0.18500817,-0.23999647,-0.03644157,0.07621007,-0.21105589,0.02926409,0.14131961,-0.29699296,-0.02118382,0.12176489,-0.15666092,0.01242888,0.09519200,-0.34722882,0.12409221,0.67517926,1.12187561,-0.18052048,-0.75682004,-1.12949377,0.23174425,0.81664135,1.10454809,-0.27628673,-0.85291851,-1.04775777,0.31286373,0.86460563,0.96076011,-0.34042073,-0.85136577,-0.84606329,-0.04137679,-0.01881563,-0.99896674,0.00842884,-0.03447643,-0.19421507,-0.02987262,0.05691829,-0.03645471
10508320000000,synthetic_50hz_06,416,0.02,82.48839819,82.19554419,10.93806202,11.00516783,11.07031991,5.00069394,113.72805891,1,1,0,0,1,0.54139982,-0.07810945,-0.19457950,-0.04942210,-0.07023876,-0.00385070,0.04469051,0.05079744,-0.02487228,-0.03867047,-0.02989162,0.05287818,0.03153554,0.00812400,-0.07935958,-0.02349143,0.01387783,0.10355300,0.01477005,-0.03547956,-0.12476094,-0.04515641,0.04637106,-0.25177984,0.03951242,0.17313113,-0.25717241,-0.03268363,0.08887791,-0.19443831,0.02485978,0.12822663,-0.31257291,-0.01626036,0.13490509,-0.14256801,0.00712840,0.08238384,-0.35942810,0.15825959,0.72565784,1.12881843,-0.21167963,-0.79436021,-1.11688619,0.25899685,0.84016080,1.07275360,-0.29884707,-0.86173916,-0.99769303,0.33008139,0.85847318,0.89386850,-0.35179931,-0.83045702,-0.76427333,-0.04105672,-0.01904715,-0.99897556,0.00805199,-0.03455749,-0.19457950,-0.03021179,0.05767132,-0.03280815
10508340000000,synthetic_50hz_06,417,0.02,82.76618608,82.30967257,10.99361033,11.07031991,11.14438074,5.00830300,113.33500815,1,1,0,0,1,0.54076174,-0.07688176,-0.19490768,-0.04672080,-0.05878429,0.01333962,0.04120497,0.03841396,-0.04171000,-0.03450118,-0.01693614,0.06887787,0.02680271,-0.00502996,-0.09405995,-0.01833151,0.02685104,0.11653024,0.00933180,-0.04789800,-0.13564091,-0.04249715,0.05778066,-0.23459596,0.03606479,0.16079504,-0.27399682,-0.02854736,0.10178440,-0.17845854,0.02015441,0.11512227,-0.32724715,-0.01112179,0.14782910,-0.12962258,0.00170497,0.07001325,-0.37027121,0.19056455,0.76830270,1.12405111,-0.24044438,-0.82344276,-1.09282174,0.28339209,0.85484258,1.03008581,-0.31816947,-0.86159690,-0.93765203,0.34377388,0.84351097,0.81818531,-0.35946713,-0.80110623,-0.67512992,-0.04073556,-0.01927188,-0.99898440,0.00767253,-0.03463177,-0.19490768,-0.03055026,0.05841400,-0.02952829
10508360000000,synthetic_50hz_06,418,0.02,82.38293896,82.32432585,11.05693390,11.14438074,11.25222037,5.01593561,112.94246642,1,1,0,0,1,0.54011695,-0.07564026,-0.19520322,-0.04355551,-0.04679045,0.03029842,0.03731631,0.02570502,-0.05802736,-0.03000126,-0.00387850,0.08408335,0.02182126,-0.01805983,-0.10771517,-0.01301214,0.03947750,0.12824152,0.00382788,-0.05975701,-0.14507060,-0.03937407,0.06972977,-0.21764329,0.03221424,0.14813341,-0.29030116,-0.02408068,0.11479310,-0.16327270,0.01520067,0.10214198,-0.34087651,-0.00582406,0.16040631,-0.11794289,-0.00378383,0.05820215,-0.37966423,0.22070092,0.80278718,1.10779163,-0.26655273,-0.84388985,-1.05771367,0.30471969,0.86066279,0.97714132,-0.33410145,-0.85262241,-0.86839754,0.35385090,0.82000054,0.73461745,-0.36339866,-0.76373767,-0.57965800,-0.04041337,-0.01948976,-0.99899326,0.00729058,-0.03469926,-0.19520322,-0.03088804,0.05914619,-0.02657806
10508380000000,synthetic_50hz_06,419,0.02,82.59945337,82.37935135,11.13895422,11.25222037,11.36432068,5.02359786,112.55054252,1,1,0,0,1,0.53946549,-0.07438518,-0.19546935,-0.03996470,-0.03438682,0.04685568,0.03306956,0.01280466,-0.07366471,-0.02522101,0.00914666,0.09834995,0.01664532,-0.03083427,-0.12019972,-0.00758974,0.05163292,0.13858407,-0.00168465,-0.07094297,-0.15297298,-0.03582562,0.08208881,-0.20109186,0.02800579,0.13528027,-0.30592579,-0.01933390,0.12776938,-0.14902545,0.01005271,0.08941712,-0.35333545,-0.00042357,0.17251245,-0.10763168,-0.00928095,0.04706419,-0.38753016,0.24839171,0.82887597,1.08037158,-0.28977587,-0.85561657,-1.01207987,0.32280566,0.85768935,0.91460942,-0.34652881,-0.83503454,-0.79077036,0.36026137,0.78830529,0.64413301,-0.36360743,-0.71884884,-0.47892502,-0.04009018,-0.01970072,-0.99900214,0.00690627,-0.03475996,-0.19546935,-0.03122510,0.05986776,-0.02392368
10508400000000,synthetic_50hz_06,420,0.02,82.62737007,82.42895509,11.23360813,11.36432068,11.48548176,5.03129633,112.15934488,1,1,0,0,1,0.53880735,-0.07311674,-0.19570890,-0.03599034,-0.02170440,0.06284902,0.02851245,-0.00015395,-0.08847266,-0.02021253,0.02200787,0.11154560,0.01132988,-0.04322729,-0.13140262,-0.00212057,0.06320044,0.14747124,-0.00714986,-0.08135150,-0.15928819,-0.03189379,0.09472677,-0.18510403,0.02348718,0.12236877,-0.32072133,-0.01435912,0.14058176,-0.13584888,0.00476549,0.07707368,-0.36451300,0.00502341,0.18403065,-0.09877562,-0.01473046,0.03670373,-0.39380913,0.27339101,0.84642481,1.04222930,-0.30991956,-0.85862903,-0.95653439,0.33751298,0.84607858,0.84326214,-0.35537575,-0.80913529,-0.70567825,0.36299287,0.74886425,0.54774933,-0.36014473,-0.66700311,-0.37402855,-0.03976607,-0.01990471,-0.99901106,0.00651972,-0.03481384,-0.19570890,-0.03156144,0.06057858,-0.02153445
10508420000000,synthetic_50hz_06,421,0.02,82.82681471,82.50852702,11.33939505,11.48548176,11.60453143,5.03903785,111.76898146,1,1,0,0,1,0.53814256,-0.07183518,-0.19592440,-0.03167742,-0.00887429,0.07812519,0.02369486,-0.01303986,-0.10231336,-0.01502916,0.03457807,0.12355179,0.00593017,-0.05511938,-0.14122816,0.00333979,0.07407157,0.15483286,-0.01251347,-0.09088824,-0.16397366,-0.02762354,0.10751255,-0.16983308,0.01870827,0.10952988,-0.33454990,-0.00920967,0.15310318,-0.12386147,-0.00060574,0.06523115,-0.37431347,0.01046132,0.19485243,-0.09144486,-0.02007806,0.02721515,-0.39845856,0.29548565,0.85537918,0.99390216,-0.32682504,-0.85302157,-0.89177821,0.34874192,0.82607094,0.76394388,-0.36060441,-0.77530431,-0.61408469,0.36207050,0.70218529,0.44652115,-0.35309794,-0.60882194,-0.26608420,-0.03944109,-0.02010167,-0.99902000,0.00613106,-0.03486090,-0.19592440,-0.03189705,0.06127852,-0.01938261
10508440000000,synthetic_50hz_06,422,0.02,83.27113167,82.66104795,11.45075233,11.60453143,11.70885070,5.04682869,111.37955971,1,1,0,0,1,0.53747113,-0.07054071,-0.19611809,-0.02707335,0.00397366,0.09254127,0.01866821,-0.02572555,-0.11506148,-0.00972486,0.04673575,0.13426442,0.00050114,-0.06639855,-0.14959645,0.00873703,0.08414704,0.16061555,-0.01772331,-0.09946953,-0.16700402,-0.02306231,0.12031633,-0.15542190,0.01372051,0.09689111,-0.34728620,-0.00393952,0.16521214,-0.11316735,-0.00600605,0.05400152,-0.38265695,0.01583582,0.20487852,-0.08569280,-0.02527163,0.01868208,-0.40145309,0.31449634,0.85577221,0.93601817,-0.34036964,-0.83897312,-0.81858957,0.35642992,0.79798604,0.67756064,-0.36221417,-0.73399266,-0.51699733,0.35755561,0.64883792,0.34152874,-0.34258855,-0.54497688,-0.15621373,-0.03911529,-0.02029154,-0.99902897,0.00574041,-0.03490112,-0.19611809,-0.03223193,0.06196746,-0.01744300
10508460000000,synthetic_50hz_06,423,0.02,83.29361618,82.78756160,11.55915365,11.70885070,11.81332687,5.05467363,110.99118653,1,1,0,0,1,0.53679308,-0.06923358,-0.19629195,-0.02222749,0.01671214,0.10596588,0.01348498,-0.03808813,-0.12660517,-0.00435368,0.05836603,0.14359438,-0.00490313,-0.07696121,-0.15644370,0.01401859,0.09333756,0.16478267,-0.02272988,-0.10702295,-0.16837088,-0.01825945,0.13301076,-0.14200190,0.00857634,0.08457535,-0.35881837,0.00139729,0.17679376,-0.10385560,-0.01138134,0.04348839,-0.38947965,0.02109437,0.21401964,-0.08155606,-0.03026161,0.01117695,-0.40278434,0.33027848,0.84772169,0.86928692,-0.35046686,-0.81674292,-0.73781377,0.36055111,0.76221708,0.58506910,-0.36024050,-0.68571615,-0.41545661,0.34954400,0.58944572,0.23386632,-0.32876997,-0.47618128,-0.04553355,-0.03878873,-0.02047428,-0.99903797,0.00534791,-0.03493451,-0.19629195,-0.03256607,0.06264527,-0.01569295
10508480000000,synthetic_50hz_06,424,0.02,83.36950691,82.90395066,11.66590640,11.81332687,11.91197241,5.06257638,110.60396822,1,1,0,0,1,0.53610842,-0.06791402,-0.19644771,-0.01719055,0.02921750,0.11828010,0.00819806,-0.05001045,-0.13684675,0.00103078,0.06936158,0.15146805,-0.01022991,-0.08671298,-0.16172245,0.01913410,0.10156441,0.16731432,-0.02748665,-0.11348769,-0.16808244,-0.01326565,0.14547222,-0.12969197,0.00332869,0.07269975,-0.36904872,0.00674717,0.18774071,-0.09599986,-0.01667889,0.03378613,-0.39473413,0.02618661,0.22219706,-0.07905455,-0.03500152,0.00476057,-0.40246050,0.34272258,0.83142642,0.79449011,-0.35706622,-0.78666553,-0.65035280,0.36111547,0.71922471,0.48746551,-0.35475360,-0.63104831,-0.31052437,0.33816401,0.52467848,0.12463066,-0.31182499,-0.40318194,0.06485620,-0.03846146,-0.02064984,-0.99904701,0.00495367,-0.03496104,-0.19644771,-0.03289945,0.06331183,-0.01411201
10508500000000,synthetic_50hz_06,425,0.02,83.36441603,82.99604373,11.76925412,11.91197241,12.00564409,5.07053957,110.21801043,1,1,0,0,1,0.53541717,-0.06658226,-0.19658693,-0.01201407,0.04137094,0.12937833,0.00286031,-0.06138205,-0.14570328,0.00637590,0.07962349,0.15782753,-0.01542830,-0.09556935,-0.16540155,0.02403589,0.10875990,0.16820696,-0.03195052,-0.11881485,-0.16616289,-0.00813246,0.15758190,-0.11859773,-0.00196961,0.06137476,-0.37789432,0.01205748,0.19795408,-0.08965802,-0.02184781,0.02497925,-0.39838922,0.03106485,0.22934309,-0.07819180,-0.03944824,-0.00051816,-0.40050577,0.35175428,0.80716181,0.71247163,-0.36015268,-0.74914527,-0.55715469,0.35816770,0.66953053,0.38577472,-0.34585658,-0.57061291,-0.20327269,0.32357425,0.45524426,0.01491021,-0.29196313,-0.32675070,0.17388214,-0.03813354,-0.02081817,-0.99905609,0.00455783,-0.03498073,-0.19658693,-0.03323208,0.06396703,-0.01268175
10508520000000,synthetic_50hz_06,426,0.02,83.87411720,83.17165843,11.86853791,12.00564409,12.07312573,5.07856481,109.83341808,1,1,0,0,1,0.53471934,-0.06523855,-0.19671095,-0.00674987,0.05305949,0.13916890,-0.00247601,-0.07210008,-0.15310694,0.01163052,0.08906199,0.16263083,-0.02044970,-0.10345621,-0.16746600,0.02867932,0.11486773,0.16747305,-0.03608210,-0.12296756,-0.16265177,-0.00291171,0.16922684,-0.10881083,-0.00726631,0.05070324,-0.38528736,0.01727706,0.20734410,-0.08487208,-0.02683949,0.01714187,-0.40042993,0.03568445,0.23540144,-0.07895536,-0.04356237,-0.00462237,-0.39695969,0.35733406,0.77527493,0.62412752,-0.35974571,-0.70465023,-0.45920290,0.35178571,0.61371013,0.28103925,-0.33368357,-0.50507649,-0.09477310,0.30596118,0.38188125,-0.09422540,-0.26941779,-0.24767620,0.28050733,-0.03780503,-0.02097922,-0.99906520,0.00416050,-0.03499356,-0.19671095,-0.03356395,0.06461074,-0.01138561
10508540000000,synthetic_50hz_06,427,0.02,84.08152267,83.35363127,11.95446479,12.07312573,12.12926491,5.08665178,109.45029535,1,1,0,0,1,0.53401495,-0.06388313,-0.19682097,-0.00144961,0.06417694,0.14757462,-0.00775973,-0.08207005,-0.15900529,0.01674535,0.09759705,0.16585177,-0.02524820,-0.11031028,-0.16791666,0.03302313,0.11984321,0.16514044,-0.03984599,-0.12592100,-0.15760314,0.00234496,0.18030083,-0.10040849,-0.01251021,0.04077967,-0.39117539,0.02235666,0.21583075,-0.08166821,-0.03160802,0.01033725,-0.40085712,0.04000418,0.24032742,-0.08131737,-0.04730854,-0.00752726,-0.39187632,0.35945661,0.73617905,0.53039565,-0.35589814,-0.65370581,-0.35750566,0.34207896,0.55238592,0.17430862,-0.31839748,-0.43514049,0.01391382,0.28553645,0.30534976,-0.20173512,-0.24444328,-0.16675565,0.38374030,-0.03747597,-0.02113296,-0.99907436,0.00376184,-0.03499953,-0.19682097,-0.03389503,0.06524285,-0.01020867
10508560000000,synthetic_50hz_06,428,0.02,84.26069821,83.53504466,12.02788084,12.12926491,12.17621723,5.09479860,109.06874562,1,1,0,0,1,0.53330402,-0.06251623,-0.19691802,0.00383579,0.07462468,0.15453305,-0.01294119,-0.09120654,-0.16336132,0.02167349,0.10515888,0.16747981,-0.02978093,-0.11607943,-0.16676978,0.03702978,0.12365336,0.16125169,-0.04321104,-0.12766231,-0.15108465,0.00758662,0.19070526,-0.09345313,-0.01765166,0.03168947,-0.39552140,0.02724933,0.22334423,-0.08005694,-0.03611054,0.00461752,-0.39968704,0.04398647,0.24408805,-0.08523526,-0.05065557,-0.00921994,-0.38532331,0.35814986,0.69034772,0.43224550,-0.34869464,-0.59688802,-0.25308557,0.32918639,0.48621977,0.06662907,-0.30018754,-0.36153358,0.12174839,0.26253415,0.22642420,-0.30661578,-0.21731177,-0.08478691,0.48264329,-0.03714644,-0.02127935,-0.99908356,0.00336195,-0.03499864,-0.19691802,-0.03422534,0.06586324,-0.00913750
10508580000000,synthetic_50hz_06,429,0.02,84.45404906,83.71884554,12.09018213,12.17621723,12.21465369,5.10300236,108.68887141,1,1,0,0,1,0.53258656,-0.06113811,-0.19700303,0.00905655,0.08431243,0.15999674,-0.01797270,-0.09943373,-0.16615337,0.02637070,0.11168832,0.16751973,-0.03400841,-0.12072287,-0.16405641,0.04066565,0.12627693,0.15586327,-0.04615047,-0.12819037,-0.14317651,0.01276349,0.20034984,-0.08799220,-0.02264300,0.02350846,-0.39830373,0.03191087,0.22982540,-0.08003352,-0.04030757,0.00002348,-0.39695074,0.04759771,0.24666209,-0.09065259,-0.05357670,-0.00969932,-0.37738087,0.35347378,0.63830846,0.33066798,-0.33825001,-0.53481650,-0.14696938,0.31327433,0.41590554,-0.04096641,-0.27926681,-0.28500382,0.22772113,0.23720789,0.14588531,-0.40791053,-0.18831016,-0.00256086,0.57633969,-0.03681648,-0.02141834,-0.99909280,0.00296097,-0.03499089,-0.19700303,-0.03455486,0.06647181,-0.00816002
10508600000000,synthetic_50hz_06,430,0.02,84.41328977,83.85773439,12.14246018,12.21465369,12.25495963,5.11125939,108.31077434,1,1,0,0,1,0.53186259,-0.05974901,-0.19707676,0.01416449,0.09315885,0.16393322,-0.02280895,-0.10668587,-0.16737492,0.03079581,0.11713709,0.16599112,-0.03789481,-0.12421119,-0.15982172,0.04390129,0.12770422,0.14904459,-0.04864208,-0.12751548,-0.13397043,0.01782742,0.20915325,-0.08405817,-0.02743888,0.01630239,-0.39951586,0.03630009,0.23522597,-0.08157832,-0.04416327,-0.00341547,-0.39269341,0.05080846,0.24803983,-0.09749992,-0.05604971,-0.00897570,-0.36814071,0.34551887,0.58063625,0.22666536,-0.32470720,-0.46814735,-0.04017813,0.29453407,0.34216155,-0.14746746,-0.25586939,-0.20631106,0.33086149,0.20982788,0.06451254,-0.50471662,-0.15773693,0.07914592,0.66402055,-0.03648615,-0.02154991,-0.99910209,0.00255904,-0.03497628,-0.19707676,-0.03488359,0.06706844,-0.00726534
10508620000000,synthetic_50hz_06,431,0.02,84.64627736,84.01544298,12.18970995,12.25495963,12.28643045,5.11956606,107.93455507,1,1,0,0,1,0.53113213,-0.05834918,-0.19713989,0.01911346,0.10109206,0.16632494,-0.02740732,-0.11290760,-0.16703424,0.03491101,0.12146796,0.16292787,-0.04140820,-0.12652634,-0.15412421,0.04671158,0.12793691,0.14087707,-0.05066823,-0.12565900,-0.12356839,0.02273222,0.21704360,-0.08166860,-0.03199671,0.01012662,-0.39916606,0.04037919,0.23950872,-0.08465748,-0.04764572,-0.00568129,-0.38697351,0.05359359,0.24822295,-0.10569584,-0.05805700,-0.00707042,-0.35770481,0.33440442,0.51794674,0.12124157,-0.30823519,-0.39756595,0.06628229,0.27317939,0.26572315,-0.25189519,-0.23024770,-0.12621942,0.43024584,0.18067786,-0.01692327,-0.59619230,-0.12589900,0.15957805,0.74495026,-0.03615551,-0.02167403,-0.99911142,0.00215627,-0.03495482,-0.19713989,-0.03521151,0.06765303,-0.00644363
10508640000000,synthetic_50hz_06,432,0.02,84.72922660,84.15819971,12.23033256,12.28643045,12.31679072,5.12791856,107.56031328,1,1,0,0,1,0.53039519,-0.05693888,-0.19719300,0.02385965,0.10805005,0.16716898,-0.03172824,-0.11805419,-0.16515390,0.03868210,0.12465478,0.15837736,-0.04452073,-0.12766150,-0.14703472,0.04907580,0.12698769,0.13145301,-0.05221600,-0.12265276,-0.11208144,0.02743411,0.22395889,-0.08082640,-0.03627693,0.00502586,-0.39727690,0.04411397,0.24264748,-0.08922361,-0.05072707,-0.00676714,-0.37986193,0.05593239,0.24722416,-0.11514805,-0.05958561,-0.00401533,-0.34618423,0.32027662,0.45088932,0.01539277,-0.28902663,-0.32377970,0.17143006,0.24944386,0.18733536,-0.35331048,-0.20266951,-0.04549005,0.52500479,0.15005210,-0.09766676,-0.68156297,-0.09310862,0.23800779,0.81847137,-0.03582461,-0.02179066,-0.99912080,0.00175281,-0.03492651,-0.19719300,-0.03553862,0.06822547,-0.00568600
10508660000000,synthetic_50hz_06,433,0.02,84.36787105,84.20013398,12.26664499,12.31679072,12.36351271,5.13631320,107.18814760,1,1,0,0,1,0.52965179,-0.05551835,-0.19723656,0.02836201,0.11398100,0.16647670,-0.03573549,-0.12209168,-0.16177018,0.04207870,0.12668241,0.15239974,-0.04720876,-0.12762083,-0.13863555,0.05097777,0.12487987,0.12087444,-0.05327707,-0.11853858,-0.09962845,0.03189202,0.22984729,-0.08152021,-0.04024328,0.00103408,-0.39388466,0.04747405,0.24462714,-0.09521654,-0.05338369,-0.00667719,-0.37144093,0.05780868,0.24506676,-0.12575452,-0.06062724,0.00014775,-0.33369784,0.30330641,0.38014022,-0.08990167,-0.26729543,-0.24751089,0.27431590,0.22357820,0.10774571,-0.45082148,-0.17341511,0.03512582,0.61432966,0.11825238,-0.17698467,-0.76012643,-0.05968037,0.31374096,0.88400840,-0.03549351,-0.02189978,-0.99913023,0.00134878,-0.03489135,-0.19723656,-0.03586491,0.06878566,-0.00498439
10508680000000,synthetic_50hz_06,434,0.02,84.48836386,84.25777995,12.30732943,12.36351271,12.40544012,5.14474752,106.81815557,1,1,0,0,1,0.52890194,-0.05408785,-0.19727096,0.03258248,0.11884342,0.16427328,-0.03939637,-0.12499688,-0.15693237,0.04507445,0.12754661,0.14506703,-0.04945302,-0.12641911,-0.12901934,0.05240582,0.12164690,0.10925196,-0.05384775,-0.11336755,-0.08633480,0.03606791,0.23466733,-0.08372486,-0.04386310,-0.00182551,-0.38903865,0.05043308,0.24544345,-0.10256429,-0.05559629,-0.00542625,-0.36180317,0.05921078,0.24178420,-0.13740463,-0.06117819,0.00536774,-0.32037101,0.28368720,0.30639547,-0.19368765,-0.24327417,-0.16948962,0.37403081,0.19584744,0.02769731,-0.54359049,-0.14277433,0.11489352,0.69747820,0.08558497,-0.25417192,-0.83125729,-0.02592816,0.38612243,0.94107085,-0.03516226,-0.02200137,-0.99913971,0.00094431,-0.03484935,-0.19727096,-0.03619037,0.06933350,-0.00433147
10508700000000,synthetic_50hz_06,435,0.02,84.57208280,84.32064052,12.34853592,12.40544012,12.44538203,5.15321959,106.45043359,1,1,0,0,1,0.52814567,-0.05264764,-0.19729649,0.03648629,0.12260635,0.16059707,-0.04268198,-0.12675727,-0.15070199,0.04764712,0.12725373,0.13646210,-0.05123858,-0.12408139,-0.11828795,0.05335281,0.11733174,0.09670350,-0.05392885,-0.10719935,-0.07233104,0.03992701,0.23838803,-0.08740199,-0.04710747,-0.00354043,-0.38280036,0.05296882,0.24510275,-0.11118395,-0.05734997,-0.00303933,-0.35105050,0.06013156,0.23741944,-0.14998048,-0.06123929,0.01158493,-0.30633431,0.26163255,0.23036408,-0.29504436,-0.21721149,-0.09044695,0.46971326,0.16652812,-0.05207780,-0.63084011,-0.11104367,0.19310113,0.77377954,0.05235778,-0.32855727,-0.89441055,0.00783761,0.45454094,0.98925529,-0.03483092,-0.02209539,-0.99914923,0.00053954,-0.03480053,-0.19729649,-0.03651500,0.06986889,-0.00372054
10508720000000,synthetic_50hz_06,436,0.02,84.66003996,84.38852041,12.38921129,12.44538203,12.48403284,5.16172772,106.08507688,1,1,0,0,1,0.52738299,-0.05119798,-0.19731340,0.04004219,0.12524927,0.15549894,-0.04556732,-0.12737091,-0.14315189,0.04977871,0.12582040,0.12667770,-0.05255496,-0.12064243,-0.10655133,0.05381603,0.11198628,0.08335304,-0.05352556,-0.10010151,-0.05775164,0.04343807,0.24098889,-0.09250072,-0.04995141,-0.00410872,-0.37524265,0.05506327,0.24362169,-0.12098280,-0.05863422,0.00044879,-0.33929289,0.06056831,0.23202438,-0.16335806,-0.06081571,0.01873182,-0.29172220,0.23737362,0.15276125,-0.39309164,-0.18936936,-0.01110826,0.56055562,0.13590550,-0.13086498,-0.71185852,-0.07852342,0.26906533,0.84263821,0.01887748,-0.39950839,-0.94912425,0.04131271,0.51843345,1.02824659,-0.03449954,-0.02218184,-0.99915881,0.00013459,-0.03474488,-0.19731340,-0.03683879,0.07039174,-0.00314544
10508740000000,synthetic_50hz_06,437,0.02,84.82503486,84.47582330,12.42903634,12.48403284,12.51917462,5.17027045,105.72217946,1,1,0,0,1,0.52661392,-0.04973913,-0.19732181,0.04322263,0.12676204,0.14904149,-0.04803145,-0.12684610,-0.13436531,0.05145549,0.12327313,0.11581533,-0.05339605,-0.11614614,-0.09392633,0.05379718,0.10567061,0.06932940,-0.05264731,-0.09214854,-0.04273366,0.04657354,0.24245976,-0.09895848,-0.05237397,-0.00353869,-0.36644878,0.05670272,0.24102678,-0.13185932,-0.05944295,0.00499419,-0.32664718,0.06052273,0.22565911,-0.17740857,-0.05991690,0.02673388,-0.27667173,0.21115662,0.07430177,-0.48699678,-0.16002040,0.06781309,0.64580996,0.10427072,-0.20797286,-0.78600414,-0.04551487,0.34213667,0.90353745,-0.01455320,-0.46643653,-0.99502136,0.07420169,0.57728880,1.05781834,-0.03416819,-0.02226070,-0.99916844,-0.00027041,-0.03468242,-0.19732181,-0.03716173,0.07090194,-0.00260049
10508760000000,synthetic_50hz_06,438,0.02,84.92408032,84.56547470,12.46689442,12.51917462,12.55445207,5.17884632,105.36183404,1,1,0,0,1,0.52583848,-0.04827134,-0.19732181,0.04600389,0.12714474,0.14129817,-0.05005755,-0.12520107,-0.12443492,0.05266803,0.11964780,0.10398414,-0.05376006,-0.11064502,-0.08053546,0.05330217,0.09845229,0.05476490,-0.05130755,-0.08342114,-0.02741545,0.04930969,0.24280073,-0.10670179,-0.05435833,-0.00184856,-0.35651139,0.05787771,0.23735388,-0.14370436,-0.05977437,0.01054439,-0.31323587,0.06000073,0.21839120,-0.19199968,-0.05855629,0.03551041,-0.26132127,0.18324024,-0.00430631,-0.57598061,-0.12944514,0.14562177,0.72479304,0.07191808,-0.28273888,-0.85270934,-0.01231759,0.41170450,0.95604164,-0.04763803,-0.52880049,-1.03181081,0.10622022,0.63065092,1.07783240,-0.03383691,-0.02233196,-0.99917812,-0.00067531,-0.03461316,-0.19732181,-0.03748381,0.07139942,-0.00208040
10508780000000,synthetic_50hz_06,439,0.02,85.24306629,84.70099302,12.50366863,12.55445207,12.58189847,5.18745399,105.00413206,1,1,0,0,1,0.52505668,-0.04679489,-0.19731340,0.04836622,0.12640739,0.13235239,-0.05163298,-0.12246357,-0.11346166,0.05341114,0.11498907,0.09129978,-0.05364944,-0.10419938,-0.06650569,0.05234099,0.09040557,0.03979420,-0.04952353,-0.07400533,-0.01193543,0.05162678,0.24202181,-0.11564725,-0.05589186,0.00093392,-0.34553145,0.05858308,0.23264768,-0.15640227,-0.05963093,0.01703905,-0.29918594,0.05901231,0.21029488,-0.20699673,-0.05675115,0.04497540,-0.24580924,0.15389302,-0.08236771,-0.65932293,-0.09792936,0.22164613,0.79689059,0.03914235,-0.35453439,-0.91148351,0.02077315,0.47720125,0.99979794,-0.08008975,-0.58611019,-1.05928773,0.13709733,0.67812129,1.08823776,-0.03350577,-0.02239559,-0.99918785,-0.00108000,-0.03453712,-0.19731340,-0.03780503,0.07188407,-0.00158018
10508800000000,synthetic_50hz_06,440,0.02,85.68762557,84.89831953,12.53652516,12.58189847,12.59870542,5.19609188,104.64916357,1,1,0,0,1,0.52426855,-0.04531003,-0.19729649,0.05029386,0.12456959,0.12229652,-0.05274925,-0.11867038,-0.10155378,0.05368385,0.10934984,0.07788320,-0.05307072,-0.09687670,-0.05196721,0.05092754,0.08161056,0.02455299,-0.04731609,-0.06399154,0.00356912,0.05350907,0.24014262,-0.12570251,-0.05696606,0.00477195,-0.33361718,0.05881785,0.22696107,-0.16983212,-0.05901916,0.02441071,-0.28462759,0.05757136,0.20145027,-0.22226403,-0.05452231,0.05503840,-0.23027291,0.12339072,-0.15920573,-0.73636726,-0.06576142,0.29524346,0.86156085,0.00623618,-0.42276918,-0.96191524,0.05346885,0.53810627,1.03453717,-0.11163235,-0.63792950,-1.07733290,0.16657743,0.71936093,1.08906863,-0.03317481,-0.02245160,-0.99919763,-0.00148433,-0.03445431,-0.19729649,-0.03812538,0.07235582,-0.00109513
10508820000000,synthetic_50hz_06,441,0.02,86.02622530,85.12390069,12.56264087,12.59870542,12.61140217,5.20475785,104.29701724,1,1,0,0,1,0.52347409,-0.04381704,-0.19727096,0.05177516,0.12166015,0.11123084,-0.05340202,-0.11386676,-0.08882561,0.05348927,0.10279054,0.06385948,-0.05203440,-0.08875082,-0.03705226,0.04907936,0.07215237,0.00917681,-0.04470934,-0.05347373,0.01896322,0.05494489,0.23719194,-0.13676725,-0.05757659,0.00962027,-0.32088293,0.05858513,0.22035447,-0.18386880,-0.05794956,0.03258552,-0.26969305,0.05569542,0.19194250,-0.23766604,-0.05189388,0.06560546,-0.21484727,0.09201374,-0.23416758,-0.80652478,-0.03322969,0.36580477,0.91833735,-0.02651240,-0.48689564,-1.00367382,0.08549012,0.59394907,1.06007391,-0.14200311,-0.68387868,-1.08591157,0.19442210,0.75409175,1.08044190,-0.03284410,-0.02249998,-0.99920747,-0.00188819,-0.03436475,-0.19727096,-0.03844485,0.07281457,-0.00062074
10508840000000,synthetic_50hz_06,442,0.02,85.99858312,85.29883717,12.58312062,12.61140217,12.63507994,5.21344941,103.94778032,1,1,0,0,1,0.52267334,-0.04231618,-0.19723656,0.05280248,0.11771657,0.09926255,-0.05359101,-0.10810586,-0.07539647,0.05283449,0.09537840,0.04935668,-0.05055472,-0.07990115,-0.02189391,0.04681744,0.06212031,-0.00620007,-0.04173039,-0.04254851,0.03411530,0.05592661,0.23320730,-0.14873431,-0.05772319,0.01542575,-0.30744802,0.05789202,0.21289514,-0.19838427,-0.05643637,0.04148407,-0.25451539,0.05340548,0.18186086,-0.25306848,-0.04889297,0.07657998,-0.19966388,0.06004459,-0.30662943,-0.86927771,-0.00062008,0.43275920,0.96683093,-0.05882231,-0.54641232,-1.03650995,0.11656882,0.64431212,1.07630591,-0.17095460,-0.72363611,-1.08507148,0.22041168,0.78209732,1.06255392,-0.03251369,-0.02254072,-0.99921735,-0.00229143,-0.03426845,-0.19723656,-0.03876343,0.07326026,-0.00015263
10508860000000,synthetic_50hz_06,443,0.02,85.93880541,85.42683082,12.60494353,12.63507994,12.66909227,5.22216472,103.60153855,1,1,0,0,1,0.52186630,-0.04080772,-0.19719300,0.05337223,0.11278452,0.08650461,-0.05331993,-0.10144805,-0.06138957,0.05173040,0.08718678,0.03450463,-0.04864944,-0.07041188,-0.00662491,0.04416591,0.05160697,-0.02144581,-0.03840905,-0.03131420,0.04889824,0.05645065,0.22823438,-0.16149071,-0.05740957,0.02212799,-0.29343564,0.05674940,0.20465642,-0.21324870,-0.05449736,0.05102216,-0.23922736,0.05072569,0.17129795,-0.26833952,-0.04554940,0.08786360,-0.18484987,0.02776537,-0.37600093,-0.92418182,0.03178637,0.49557787,1.00673104,-0.09042169,-0.60086706,-1.06025574,0.14645012,0.68883298,1.08321278,-0.19825632,-0.75693952,-1.07494028,0.24434670,0.80322314,1.03567676,-0.03218363,-0.02257382,-0.99922728,-0.00269393,-0.03416544,-0.19719300,-0.03908112,0.07369278,0.00031349
10508880000000,synthetic_50hz_06,444,0.02,85.65406100,85.47227686,12.63188600,12.66909227,12.72022588,5.23090289,103.25837618,1,1,0,0,1,0.52105300,-0.03929193,-0.19713989,0.05348478,0.10691728,0.07307469,-0.05259633,-0.09396026,-0.04693078,0.05019152,0.07829432,0.01943383,-0.04633965,-0.06037112,0.00862341,0.04115180,0.04070739,-0.03643203,-0.03477751,-0.01987005,0.06319030,0.05651735,0.22232643,-0.17491878,-0.05664326,0.02966008,-0.27897169,0.05517180,0.19571695,-0.22833157,-0.05215361,0.06111169,-0.22396030,0.04768306,0.16034881,-0.28335077,-0.04189536,0.09935711,-0.17052699,-0.00454453,-0.44172942,-0.97086832,0.06371571,0.55377729,1.03780640,-0.12104995,-0.64985950,-1.07482404,0.17489425,0.72720597,1.08085401,-0.22369628,-0.78358674,-1.05572244,0.26604903,0.81737634,1.00015391,-0.03185398,-0.02259928,-0.99923727,-0.00309556,-0.03405573,-0.19713989,-0.03939792,0.07411208,0.00078189
10508900000000,synthetic_50hz_06,445,0.02,85.73924868,85.52567122,12.66898875,12.72022588,12.77128004,5.23966448,102.91837591,1,1,0,0,1,0.52023345,-0.03776909,-0.19707676,0.05314431,0.10017507,0.05909406,-0.05143144,-0.08571524,-0.03214760,0.04823578,0.06878420,0.00427431,-0.04364946,-0.04987008,0.02372222,0.03780471,0.02951819,-0.05103481,-0.03087002,-0.00831527,0.07687605,0.05613093,0.21554368,-0.18889725,-0.05543551,0.03794926,-0.26418366,0.05317715,0.18615993,-0.24350287,-0.04942924,0.07166144,-0.20884304,0.04430720,0.14911007,-0.29797832,-0.03796509,0.11096128,-0.15681065,-0.03661081,-0.50330360,-1.00904504,0.09490328,0.60692232,1.05990484,-0.15045965,-0.69304318,-1.08020709,0.20167820,0.75918329,1.06936646,-0.24708227,-0.80343579,-1.02769550,0.28536284,0.82452486,0.95639560,-0.03152479,-0.02261712,-0.99924730,-0.00349619,-0.03393934,-0.19707676,-0.03971380,0.07451806,0.00125687
10508920000000,synthetic_50hz_06,446,0.02,86.18411578,85.65736013,12.71195109,12.77128004,12.80885945,5.24845069,102.58161881,1,1,0,0,1,0.51940768,-0.03623947,-0.19700303,0.05235878,0.09262438,0.04468646,-0.04984000,-0.07679081,-0.01716799,0.04588431,0.05874333,-0.01084543,-0.04060576,-0.03900225,0.03854618,0.03415652,0.01813672,-0.06513562,-0.02672253,0.00325170,0.08984718,0.05529932,0.20795264,-0.20330239,-0.05380105,0.04691771,-0.24919950,0.05078658,0.17607225,-0.25863408,-0.04635113,0.08257792,-0.19400090,0.04063000,0.13767908,-0.31210364,-0.03379455,0.12257766,-0.14380918,-0.06816637,-0.56025674,-1.03849694,0.12509562,0.65462851,1.07295260,-0.17841830,-0.73012703,-1.07647455,0.22659710,0.78457565,1.04896123,-0.26824300,-0.81640459,-0.99120587,0.30215533,0.82469621,0.90487359,-0.03119612,-0.02262732,-0.99925738,-0.00389568,-0.03381631,-0.19700303,-0.04002877,0.07491067,0.00174281
10508940000000,synthetic_50hz_06,447,0.02,86.71168145,85.86822439,12.75265260,12.80885945,12.83274853,5.25726222,102.24818437,1,1,0,0,1,0.51857570,-0.03470334,-0.19691802,0.05113968,0.08433731,0.02997707,-0.04784004,-0.06726912,-0.00211936,0.04316115,0.04826153,-0.02579945,-0.03723791,-0.02786254,0.05297445,0.03024107,0.00666026,-0.07862217,-0.02237238,0.01473405,0.10200318,0.05403404,0.19962540,-0.21800901,-0.05175792,0.05648328,-0.23414662,0.04802413,0.16554375,-0.27359927,-0.04294865,0.09376623,-0.17955475,0.03668528,0.12615310,-0.32561442,-0.02942107,0.13410944,-0.13162308,-0.09895338,-0.61216951,-1.05908591,0.15405232,0.69656411,1.07695299,-0.20470987,-0.76087644,-1.06377102,0.24946553,0.80325234,1.01992004,-0.28702898,-0.82247011,-0.94666428,0.31631725,0.81797568,0.84611575,-0.03086802,-0.02262991,-0.99926750,-0.00429391,-0.03368664,-0.19691802,-0.04034281,0.07528983,0.00224427
10508960000000,synthetic_50hz_06,448,0.02,86.71409377,86.03739827,12.78629289,12.83274853,12.86584814,5.26609874,101.91815037,1,1,0,0,1,0.51773753,-0.03316098,-0.19682097,0.04950192,0.07539081,0.01509141,-0.04545268,-0.05723584,0.01287253,0.04009302,0.03743073,-0.04046534,-0.03357745,-0.01654648,0.06689151,0.02609384,-0.00481482,-0.09138918,-0.01785792,0.02603730,0.11325205,0.05234999,0.19063891,-0.23289159,-0.04932724,0.06656029,-0.21915080,0.04491652,0.15466635,-0.28827604,-0.03925335,0.10513082,-0.16562009,0.03250853,0.11462854,-0.33840539,-0.02488302,0.14546215,-0.12034436,-0.12872517,-0.65867217,-1.07075005,0.18154773,0.73245141,1.07198439,-0.22913617,-0.78511373,-1.04231293,0.27011851,0.81514086,0.98259110,-0.30331321,-0.82166709,-0.89454071,0.32776325,0.80450428,0.78070030,-0.03054055,-0.02262489,-0.99927767,-0.00469075,-0.03355038,-0.19682097,-0.04065593,0.07565546,0.00276598
10508980000000,synthetic_50hz_06,449,0.02,87.21453957,86.27282653,12.81970609,12.86584814,12.88757235,5.27495997,101.59159293,1,1,0,0,1,0.51689319,-0.03161267,-0.19671095,0.04746359,0.06586595,0.00015431,-0.04270186,-0.04677939,0.02768450,0.03670900,0.02634417,-0.05472514,-0.02965782,-0.00514943,0.08018804,0.02175158,-0.01619377,-0.10333908,-0.01321823,0.03707010,0.12351080,0.05026525,0.18107423,-0.24782530,-0.04653294,0.07706032,-0.20433520,0.04149284,0.14353330,-0.30254642,-0.03529865,0.11657633,-0.15230626,0.02813651,0.10320012,-0.35037898,-0.02021947,0.15654443,-0.11005600,-0.15724798,-0.69944647,-1.07350225,0.20737235,0.76206776,1.05819779,-0.25151807,-0.80271828,-1.01238500,0.28841242,0.82022605,0.93738468,-0.31699169,-0.81408633,-0.83535911,0.33643195,0.78447612,0.70924976,-0.03021376,-0.02261228,-0.99928789,-0.00508607,-0.03340753,-0.19671095,-0.04096811,0.07600752,0.00331296
10509000000000,synthetic_50hz_06,450,0.02,87.39500315,86.49726185,12.84820992,12.88757235,12.91251102,5.28384506,101.26858640,1,1,0,0,1,0.51604271,-0.03005868,-0.19658693,0.04504575,0.05584715,-0.01471108,-0.03961407,-0.03599018,0.04219693,0.03304030,0.01509560,-0.06846622,-0.02551397,0.00623419,0.09276160,0.01725205,-0.02738425,-0.11438262,-0.00849275,0.04774481,0.13270594,0.04780090,0.17101581,-0.26268700,-0.04340155,0.08789298,-0.18981944,0.03778429,0.13223835,-0.31629777,-0.03111953,0.12800835,-0.13971567,0.02360698,0.09196019,-0.36144595,-0.01546986,0.16726864,-0.10083150,-0.18430254,-0.73422691,-1.06742829,0.23133424,0.78524598,1.03581377,-0.27169646,-0.81362604,-0.97433625,0.30422555,0.81854889,0.88476816,-0.32798368,-0.79987259,-0.76969180,0.34228588,0.75813559,0.63242486,-0.02988771,-0.02259210,-0.99929814,-0.00547974,-0.03325814,-0.19658693,-0.04127935,0.07634592,0.00389058
10509020000000,synthetic_50hz_06,451,0.02,87.57495123,86.71279973,12.87521638,12.91251102,12.94016961,5.29275311,100.94920339,1,1,0,0,1,0.51518609,-0.02849929,-0.19644771,0.04227219,0.04542145,-0.02938423,-0.03621814,-0.02495980,0.05629463,0.02911990,0.00377855,-0.08158203,-0.02118212,0.01751164,0.10451738,0.01263365,-0.03829697,-0.12443944,-0.00372095,0.05797817,0.14077386,0.04498072,0.16055067,-0.27735615,-0.03996185,0.09896665,-0.17571872,0.03382386,0.12087502,-0.32942355,-0.02675219,0.13933414,-0.12794317,0.01895833,0.08099805,-0.37152592,-0.01067366,0.17755152,-0.09273447,-0.20968552,-0.76280166,-1.05268437,0.25326009,0.80187441,1.00511902,-0.28953307,-0.81782875,-0.92857562,0.31745867,0.81020470,0.82526095,-0.33623178,-0.77922208,-0.69815363,0.34531118,0.72577411,0.55091821,-0.02956245,-0.02256435,-0.99930844,-0.00587164,-0.03310223,-0.19644771,-0.04158963,0.07667062,0.00450461
10509040000000,synthetic_50hz_06,452,0.02,87.31173807,86.83258740,12.90249674,12.94016961,12.98694570,5.30168342,100.63351469,1,1,0,0,1,0.51432337,-0.02693478,-0.19629195,0.03916920,0.03467775,-0.04374818,-0.03254488,-0.01378028,0.06986766,0.02498227,-0.00751448,-0.09397282,-0.01669942,0.02859259,0.11536869,0.00793511,-0.04884637,-0.13343844,0.00105797,0.06769188,0.14766109,0.04183101,0.14976771,-0.29171580,-0.03624469,0.11018931,-0.16214298,0.02964603,0.10953583,-0.34182401,-0.02223377,0.15046334,-0.11707541,0.01422929,0.07039926,-0.38054780,-0.00587006,0.18731477,-0.08581838,-0.23321075,-0.78501298,-1.02949413,0.27299621,0.81189647,0.96646247,-0.30491106,-0.81537261,-0.87556724,0.32803518,0.79534117,0.75942900,-0.34170189,-0.75237968,-0.62139607,0.34551718,0.68772673,0.46544800,-0.02923802,-0.02252907,-0.99931877,-0.00626163,-0.03293983,-0.19629195,-0.04189896,0.07698155,0.00516134
10509060000000,synthetic_50hz_06,453,0.02,87.54936799,86.97594351,12.93796530,12.98694570,13.03005700,5.31063646,100.32158926,1,1,0,0,1,0.51345455,-0.02536544,-0.19611809,0.03576527,0.02370603,-0.05769035,-0.02862683,-0.00254335,0.08281208,0.02066307,-0.01869265,-0.10554631,-0.01210359,0.03938974,0.12523758,0.00319515,-0.05895120,-0.14131819,0.00580541,0.07681307,0.15332454,0.03838025,0.13875693,-0.30565335,-0.03228259,0.12146922,-0.14919615,0.02528644,0.09831161,-0.35340688,-0.01760202,0.16130868,-0.10719037,0.00945860,0.06024507,-0.38845016,-0.00109769,0.19648551,-0.08012632,-0.25471036,-0.80075719,-0.99814533,0.29040924,0.81530981,0.92025100,-0.31773549,-0.80635666,-0.81582541,0.33590128,0.77415588,0.68787919,-0.34438287,-0.71963582,-0.54010109,0.34293575,0.64436832,0.37675163,-0.02891449,-0.02248628,-0.99932915,-0.00664960,-0.03277098,-0.19611809,-0.04220732,0.07727866,0.00586762
10509080000000,synthetic_50hz_06,454,0.02,87.69776527,87.12030787,12.97664382,13.03005700,13.07367137,5.31961301,100.01349420,1,1,0,0,1,0.51257967,-0.02379155,-0.19592440,0.03209083,0.01259665,-0.07110335,-0.02449798,0.00866029,0.09503068,0.01619883,-0.02966755,-0.11621823,-0.00743267,0.04981947,0.13405516,-0.00154779,-0.06853509,-0.14802721,0.01048361,0.08527480,0.15773157,0.03465889,0.12760868,-0.31906144,-0.02810955,0.13271569,-0.13697546,0.02078163,0.08729078,-0.36408787,-0.01289496,0.17178653,-0.09835693,0.00468469,0.05061185,-0.39518151,0.00360571,0.20499681,-0.07569092,-0.27403562,-0.80998421,-0.95898601,0.30538680,0.81216503,0.86694488,-0.32793354,-0.79093075,-0.74990933,0.34102580,0.74689356,0.61125354,-0.34428612,-0.68132309,-0.45497503,0.33762052,0.59610975,0.28557938,-0.02859192,-0.02243600,-0.99933955,-0.00703541,-0.03259570,-0.19592440,-0.04251471,0.07756189,0.00663101
10509100000000,synthetic_50hz_06,455,0.02,87.56520841,87.20928797,13.01739539,13.07367137,13.12837811,5.32861398,99.70929474,1,1,0,0,1,0.51169873,-0.02221338,-0.19570890,0.02817799,0.00143962,-0.08388572,-0.02019341,0.01974165,0.10643354,0.01162664,-0.04035376,-0.12591284,-0.00272468,0.05980245,0.14176202,-0.00625585,-0.07752701,-0.15352412,0.01505601,0.09301642,0.16086006,0.03069902,0.11641296,-0.33183858,-0.02376065,0.14383973,-0.12557081,0.01616869,0.07655876,-0.37379125,-0.00815063,0.18181754,-0.09063451,-0.00005459,0.04157063,-0.40070048,0.00820357,0.21278801,-0.07253433,-0.29105772,-0.81269675,-0.91242034,0.31783784,0.80256409,0.80705285,-0.33545455,-0.76929314,-0.67841764,0.34339995,0.71384311,0.53022333,-0.34144497,-0.63781265,-0.36674244,0.32964597,0.54339375,0.19268820,-0.02827034,-0.02237827,-0.99934999,-0.00741894,-0.03241404,-0.19570890,-0.04282112,0.07783119,0.00745985
10509120000000,synthetic_50hz_06,456,0.02,87.55282257,87.27799489,13.06400813,13.12837811,13.18737410,5.33764083,99.40905414,1,1,0,0,1,0.51081177,-0.02063122,-0.19546935,0.02406021,-0.00967612,-0.09594257,-0.01574906,0.03061413,0.11693863,0.00698387,-0.05066952,-0.13456330,0.00198268,0.06926409,0.14830844,-0.01089206,-0.08586174,-0.15777778,0.01948742,0.09998395,0.16269832,0.02653412,0.10525873,-0.34388990,-0.01927184,0.15475473,-0.11506424,0.01148500,0.06619729,-0.38245016,-0.00340672,0.19132714,-0.08407281,-0.00472226,0.03318663,-0.40497592,0.01266071,0.21980512,-0.07066822,-0.30566829,-0.80894903,-0.85890420,0.32769289,0.78665832,0.74112702,-0.34026995,-0.74168789,-0.60198281,0.34303688,0.67533425,0.44548315,-0.33591389,-0.58951041,-0.27614000,0.31910634,0.48669071,0.09883561,-0.02794981,-0.02231311,-0.99936046,-0.00780007,-0.03222602,-0.19546935,-0.04312654,0.07808652,0.00836339
10509140000000,synthetic_50hz_06,457,0.02,87.59117377,87.34063067,13.11582184,13.18737410,13.24782166,5.34669545,99.11283376,1,1,0,0,1,0.50991879,-0.01904536,-0.19520322,0.01977205,-0.02066333,-0.10718621,-0.01120141,0.04119412,0.12647224,0.00230783,-0.06053727,-0.14211200,0.00665228,0.07813509,0.15365462,-0.01542061,-0.09348025,-0.16076730,0.02374435,0.10613032,0.16324498,0.02219874,0.09423323,-0.35512771,-0.01467959,0.16537708,-0.10552946,0.00676788,0.05628397,-0.39000703,0.00129964,0.20024603,-0.07871165,-0.00928250,0.02551889,-0.40798694,0.01694363,0.22600108,-0.07009396,-0.31777981,-0.79884525,-0.79894039,0.33490411,0.76464611,0.66975762,-0.34237297,-0.70840187,-0.52126543,0.33997105,0.63173408,0.35774492,-0.32776761,-0.53685309,-0.18391045,0.30611448,0.42649438,0.00477376,-0.02763039,-0.02224056,-0.99937095,-0.00817867,-0.03203169,-0.19520322,-0.04343097,0.07832783,0.00935194
10509160000000,synthetic_50hz_06,458,0.02,88.24792162,87.52208886,13.17126176,13.24782166,13.28584371,5.35577981,98.82069296,1,1,0,0,1,0.50901983,-0.01745608,-0.19490768,0.01534886,-0.03143715,-0.11753668,-0.00658716,0.05140160,0.13496940,-0.00236445,-0.06988412,-0.14851088,0.01124789,0.08635184,0.15777073,-0.01980705,-0.10033001,-0.16248197,0.02779516,0.11141561,0.16250878,0.01772824,0.08342131,-0.36547204,-0.01002060,0.17562676,-0.09703143,0.00205433,0.04689167,-0.39641377,0.00593221,0.20851058,-0.07458085,-0.01370087,0.01861994,-0.40972284,0.02102069,0.23133596,-0.07080282,-0.32732582,-0.78253759,-0.73307370,0.33944517,0.73677031,0.59356750,-0.34177816,-0.66976159,-0.43694847,0.33425752,0.58344333,0.26773201,-0.31710009,-0.48030412,-0.09079672,0.29080051,0.36331753,-0.08875629,-0.02731213,-0.02216065,-0.99938147,-0.00855462,-0.03183107,-0.19490768,-0.04373440,0.07855507,0.01043698
10509180000000,synthetic_50hz_06,459,0.02,88.21229777,87.66013064,13.21938618,13.28584371,13.33210905,5.36489463,98.53268910,1,1,0,0,1,0.50811490,-0.01586366,-0.19457950,0.01082649,-0.04191565,-0.12692216,-0.00194296,0.06116066,0.14237419,-0.00699658,-0.07864237,-0.15372151,0.01573440,0.09385679,0.16063696,-0.02401859,-0.10636527,-0.16292118,0.03161032,0.11580719,0.16050830,0.01315847,0.07290491,-0.37485107,-0.00533154,0.18542786,-0.08962608,-0.00261923,0.03808808,-0.40163194,0.01045589,0.21606325,-0.07170022,-0.01794458,0.01253552,-0.41018300,0.02486237,0.23577715,-0.07277621,-0.33426095,-0.76022404,-0.66188577,0.34131099,0.70331536,0.51320661,-0.33852088,-0.62612977,-0.34973146,0.32597105,0.53089256,0.17617338,-0.30402333,-0.42034948,0.00246385,0.27331047,0.29768752,-0.18103005,-0.02699508,-0.02207343,-0.99939201,-0.00892780,-0.03162422,-0.19457950,-0.04403682,0.07876821,0.01163136
10509200000000,synthetic_50hz_06,460,0.02,88.20097705,87.76829992,13.26672979,13.33210905,13.38387688,5.37404039,98.24887752,1,1,0,0,1,0.50720402,-0.01426840,-0.19421507,0.00624101,-0.05202047,-0.13527939,0.00269484,0.07040002,0.14863999,-0.01155300,-0.08674991,-0.15771523,0.02007808,0.10059875,0.16224347,-0.02802430,-0.11154729,-0.16209416,0.03516256,0.11927987,0.15727159,0.00852551,0.06276238,-0.38320155,-0.00064874,0.19470909,-0.08336003,-0.00721725,0.02993534,-0.40563292,0.01483694,0.22285285,-0.07007961,-0.02198267,0.00730440,-0.40937665,0.02844138,0.23929942,-0.07598609,-0.33856081,-0.73214580,-0.58598980,0.34051730,0.66460422,0.42934641,-0.33265651,-0.57790180,-0.26032477,0.31520508,0.47453820,0.08379784,-0.28866615,-0.35749344,0.09514502,0.25380483,0.23014198,-0.27134481,-0.02667928,-0.02197893,-0.99940256,-0.00929809,-0.03141117,-0.19421507,-0.04433822,0.07896721,0.01294947
10509220000000,synthetic_50hz_06,461,0.02,88.57268537,87.92917701,13.31593156,13.38387688,13.42527621,5.38321772,97.96931152,1,1,0,0,1,0.50628722,-0.01267057,-0.19381028,0.00162845,-0.06167728,-0.14255397,0.00729051,0.07905349,0.15372964,-0.01599929,-0.09415055,-0.16047320,0.02424680,0.10653320,0.16259025,-0.03179526,-0.11584445,-0.16001975,0.03842705,0.12181586,0.15283580,0.00386537,0.05306807,-0.39046908,0.00399205,0.20340427,-0.07827043,-0.01170530,0.02248962,-0.40839784,0.01904323,0.22883484,-0.06971902,-0.02578627,0.00295817,-0.40732264,0.03173290,0.24188501,-0.08039532,-0.34022174,-0.69858454,-0.50602518,0.33710006,0.62099505,0.34267430,-0.32425963,-0.52550198,-0.16944397,0.30207064,0.41485844,-0.00867152,-0.27117282,-0.29225434,0.18653700,0.23245695,0.16122441,-0.35902453,-0.02636480,-0.02187719,-0.99941314,-0.00966536,-0.03119197,-0.19381028,-0.04463861,0.07915202,0.01440743
10509240000000,synthetic_50hz_06,462,0.02,88.70909294,88.08516020,13.36185632,13.42527621,13.46705443,5.39242673,97.69404231,1,1,0,0,1,0.50536451,-0.01107047,-0.19336054,-0.00297551,-0.07081629,-0.14870061,0.01180918,0.08706032,0.15761552,-0.02030238,-0.10079435,-0.16198629,0.02821025,0.11162244,0.16168693,-0.03530482,-0.11923239,-0.15672605,0.04138152,0.12340483,0.14724669,-0.00078626,0.04389177,-0.39660836,0.00855597,0.21145263,-0.07438492,-0.01605033,0.01580087,-0.40991756,0.02304447,0.23397153,-0.07060884,-0.02932868,-0.00047879,-0.40404905,0.03471466,0.24352358,-0.08595812,-0.33926036,-0.65985941,-0.42265206,0.33111478,0.57287771,0.25388800,-0.31342301,-0.46937967,-0.07780423,0.28669510,0.35234921,-0.10052268,-0.25170164,-0.22516035,0.27595147,0.20945150,0.09148001,-0.44342445,-0.02605168,-0.02176827,-0.99942372,-0.01002950,-0.03096665,-0.19336054,-0.04493797,0.07932263,0.01602333
10509260000000,synthetic_50hz_06,463,0.02,88.54541179,88.17721052,13.40603953,13.46705443,13.52021184,5.40166727,97.42311902,1,1,0,0,1,0.50443592,-0.00946838,-0.19286066,-0.00753578,-0.07937269,-0.15368326,0.01621705,0.09436559,0.16027959,-0.02443078,-0.10663788,-0.16225498,0.03194015,0.11583575,0.15955249,-0.03852868,-0.12169403,-0.15225002,0.04400641,0.12404380,0.14055812,-0.00539427,0.03529827,-0.40158335,0.01300922,0.21879927,-0.07172152,-0.02022082,0.00991252,-0.41019259,0.02681234,0.23823222,-0.07273006,-0.03258564,-0.00298939,-0.39959285,0.03736709,0.24421214,-0.09262065,-0.33571306,-0.61632376,-0.33654592,0.32263566,0.52067015,0.16369006,-0.30025653,-0.41000538,0.01388506,0.26922087,0.28751996,-0.19105987,-0.23042344,-0.15674520,0.36272633,0.18498280,0.02145142,-0.52393523,-0.02573997,-0.02165221,-0.99943431,-0.01039040,-0.03073526,-0.19286066,-0.04523629,0.07947899,0.01781746
10509280000000,synthetic_50hz_06,464,0.02,88.90695740,88.32315989,13.45399190,13.52021184,13.56211805,5.41093972,97.15658867,1,1,0,0,1,0.50350147,-0.00786460,-0.19230480,-0.01201811,-0.08728703,-0.15747521,0.02048169,0.10092050,0.16171333,-0.02835478,-0.11164440,-0.16128918,0.03541038,0.11914953,0.15621499,-0.04144509,-0.12321953,-0.14663705,0.04628492,0.12373705,0.13283149,-0.00992444,0.02734705,-0.40536733,0.01731936,0.22539539,-0.07028875,-0.02418708,0.00486132,-0.40923282,0.03032074,0.24159327,-0.07605464,-0.03553536,-0.00456381,-0.39399942,0.03967339,0.24395497,-0.10032149,-0.32963524,-0.56836181,-0.24839213,0.31175465,0.46481468,0.07278248,-0.28488603,-0.34786672,0.10492553,0.24980402,0.22088960,-0.27960848,-0.20752003,-0.08754414,0.44623018,0.15925315,-0.04832527,-0.59998687,-0.02542972,-0.02152906,-0.99944491,-0.01074792,-0.03049784,-0.19230480,-0.04553357,0.07962108,0.01981260
10509300000000,synthetic_50hz_06,465,0.02,89.11564926,88.48165777,13.49940488,13.56211805,13.60035574,5.42024406,96.89449614,1,1,0,0,1,0.50256117,-0.00625939,-0.19168638,-0.01638934,-0.09450555,-0.16005913,0.02457221,0.10668264,0.16191763,-0.03204665,-0.11578401,-0.15910796,0.03859717,0.12154728,0.15171114,-0.04403491,-0.12380628,-0.13994041,0.04820311,0.12249589,0.12413514,-0.01434358,0.02009184,-0.40794298,0.02145550,0.23119855,-0.07008574,-0.02792137,0.00067715,-0.40705732,0.03354589,0.24403820,-0.08054588,-0.03815873,-0.00519944,-0.38732204,0.04161964,0.24276339,-0.10899232,-0.32110058,-0.51638513,-0.15888064,0.29858038,0.40577413,-0.01813855,-0.26745197,-0.28346447,0.19463480,0.22861280,0.15298241,-0.36551964,-0.18318261,-0.01808978,0.52586637,0.13247118,-0.11732438,-0.67105214,-0.02512099,-0.02139887,-0.99945551,-0.01110197,-0.03025445,-0.19168638,-0.04582979,0.07974887,0.02203428
10509320000000,synthetic_50hz_06,466,0.02,88.99297926,88.58392207,13.54180424,13.60035574,13.64767989,5.42957988,96.63688417,1,1,0,0,1,0.50161506,-0.00465307,-0.19099801,-0.02061762,-0.10098051,-0.16142699,0.02845946,0.11161611,0.16090256,-0.03548079,-0.11903376,-0.15573923,0.04147920,0.12301961,0.14608586,-0.04628175,-0.12345875,-0.13222078,0.04974997,0.12033852,0.11454370,-0.01861985,0.01358040,-0.40930227,0.02538848,0.23617288,-0.07110240,-0.03139809,-0.00261701,-0.40369401,0.03646648,0.24555762,-0.08615883,-0.04043933,-0.00490072,-0.37962139,0.04319480,0.24065559,-0.11855851,-0.31020006,-0.46082897,-0.06870073,0.28323702,0.34402799,-0.10838773,-0.24810813,-0.21730852,0.28235132,0.20582617,0.08432395,-0.44817458,-0.15761014,0.05109172,0.60107677,0.10485013,-0.18503439,-0.73664963,-0.02481382,-0.02126170,-0.99946610,-0.01145242,-0.03000513,-0.19099801,-0.04612497,0.07986235,0.02451110
10509340000000,synthetic_50hz_06,467,0.02,89.18489576,88.70411680,13.58627202,13.64767989,13.68963603,5.43894712,96.38379332,1,1,0,0,1,0.50066315,-0.00304591,-0.19023139,-0.02467261,-0.10667039,-0.16157998,0.03211622,0.11569175,0.15868719,-0.03863391,-0.12137766,-0.15121938,0.04403776,0.12356419,0.13939184,-0.04817198,-0.12218831,-0.12354557,0.05091738,0.11728969,0.10413742,-0.02272291,0.00785425,-0.40944638,0.02909111,0.24028920,-0.07331967,-0.03459394,-0.00500518,-0.39917927,0.03906379,0.24614919,-0.09284083,-0.04236356,-0.00367904,-0.37096487,0.04439077,0.23765631,-0.12893979,-0.29704094,-0.40214856,0.02146413,0.26586303,0.28006848,-0.19729552,-0.22702017,-0.14991389,0.36743878,0.18163221,0.01543721,-0.52698861,-0.13100771,0.11948452,0.67134511,0.07660619,-0.25096147,-0.79634642,-0.02450825,-0.02111760,-0.99947669,-0.01179915,-0.02974993,-0.19023139,-0.04641908,0.07996148,0.02727510
10509360000000,synthetic_50hz_06,468,0.02,89.38614147,88.84052174,13.62968490,13.68963603,13.72612571,5.44834560,96.13526199,1,1,0,0,1,0.49970546,-0.00143820,-0.18937719,-0.02852571,-0.11154009,-0.16052827,0.03551740,0.11888717,0.15529922,-0.04148511,-0.12280668,-0.14559283,0.04625678,0.12318561,0.13168893,-0.04969484,-0.12001304,-0.11398838,0.05170018,0.11338044,0.09300148,-0.02662415,0.00294849,-0.40838549,0.03253827,0.24352512,-0.07670984,-0.03748802,-0.00647834,-0.39355753,0.04132175,0.24581750,-0.10053201,-0.04392065,-0.00155247,-0.36142609,0.04520239,0.23379661,-0.14005101,-0.28174566,-0.34081535,0.11094121,0.24660986,0.21439667,-0.28421279,-0.20436418,-0.08179683,0.44929038,0.15622658,-0.05316125,-0.60141472,-0.10358491,0.18658667,0.73620000,0.04795683,-0.31463270,-0.84976028,-0.02420434,-0.02096664,-0.99948727,-0.01214207,-0.02948890,-0.18937719,-0.04671212,0.08004626,0.03036205
10509380000000,synthetic_50hz_06,469,0.02,89.52355007,88.97712740,13.67019004,13.72612571,13.76020482,5.45777480,95.89404257,1,1,0,0,1,0.49874203,0.00016976,-0.18842497,-0.03215020,-0.11556108,-0.15829083,0.03864013,0.12118683,0.15077467,-0.04401604,-0.12331870,-0.13891160,0.04812295,0.12189523,0.12304364,-0.05084245,-0.11695747,-0.10362828,0.05209614,0.10864777,0.08122527,-0.03029685,-0.00110834,-0.40613858,0.03570708,0.24586510,-0.08123692,-0.04006200,-0.00703436,-0.38688080,0.04322705,0.24457391,-0.10916587,-0.04510269,0.00145446,-0.35108412,0.04562740,0.22911346,-0.15180277,-0.26445061,-0.27731320,0.19907324,0.22564054,0.14751861,-0.36851519,-0.18032516,-0.01347099,0.52733268,0.12981092,-0.12096500,-0.67094692,-0.07555416,0.25191351,0.79521745,0.01911915,-0.37559924,-0.89656149,-0.02390214,-0.02080887,-0.99949784,-0.01248105,-0.02922209,-0.18842497,-0.04700409,0.08011666,0.03381186
10509400000000,synthetic_50hz_06,470,0.02,89.72827890,89.12735770,13.70799624,13.76020482,13.79258295,5.46723395,95.68046358,1,1,0,0,1,0.49777286,0.00177770,-0.18736303,-0.03552141,-0.11871149,-0.15489512,0.04146390,0.12258198,0.14515740,-0.04621096,-0.12291838,-0.13123472,0.04962573,0.11971098,0.11352849,-0.05160978,-0.11305226,-0.09254918,0.05210588,0.10313419,0.06890163,-0.03371635,-0.00429438,-0.40273308,0.03857705,0.24730041,-0.08685701,-0.04230011,-0.00667789,-0.37920812,0.04476916,0.24243634,-0.11866990,-0.04590468,0.00531108,-0.34002286,0.04566645,0.22364938,-0.16410221,-0.24530486,-0.21213456,0.28522296,0.20312833,0.07994150,-0.44960725,-0.15509550,0.05455630,0.60102916,0.10259120,-0.18748122,-0.73512311,-0.04712915,0.31500096,0.84802313,-0.00969165,-0.43343909,-0.93647424,-0.02360169,-0.02064437,-0.99950838,-0.01281599,-0.02894955,-0.18736303,-0.04729497,0.08017268,0.03766891
10509420000000,synthetic_50hz_06,471,0.02,90.12079640,89.32604544,13.74352266,13.79258295,13.81156002,5.47672213,95.47154094,1,1,0,0,1,0.49679798,0.00338531,-0.18617830,-0.03861689,-0.12097612,-0.15037668,0.04397070,0.12307066,0.13849871,-0.04805681,-0.12161702,-0.12262775,0.05075741,0.11665710,0.10322139,-0.05199466,-0.10833390,-0.08083910,0.05173288,0.09688738,0.05612618,-0.03686018,-0.00659443,-0.39820456,0.04113016,0.24782905,-0.09351883,-0.04418930,-0.00542024,-0.37060504,0.04594035,0.23942904,-0.12896617,-0.04632445,0.00998093,-0.32833032,0.04532300,0.21745206,-0.17685374,-0.22446885,-0.14577674,0.36877739,0.17925514,0.01216999,-0.52692617,-0.12887343,0.12178763,0.66988342,0.07477623,-0.25223405,-0.79352762,-0.01852320,0.37540844,0.89429405,-0.03826386,-0.48775964,-0.96927756,-0.02330305,-0.02047319,-0.99951891,-0.01314677,-0.02867134,-0.18617830,-0.04758476,0.08021430,0.04198241
10509440000000,synthetic_50hz_06,472,0.02,90.03802928,89.46844221,13.77209835,13.81156002,13.83619547,5.48623773,95.26729954,1,1,0,0,1,0.49581741,0.00499232,-0.18485622,-0.04141650,-0.12234647,-0.14477880,0.04614507,0.12265754,0.13085680,-0.04954326,-0.11943234,-0.11316213,0.05151309,0.11276384,0.09220495,-0.05199778,-0.10284431,-0.06858945,0.05098334,0.08995973,0.04299649,-0.03970821,-0.00799998,-0.39259629,0.04335096,0.24745571,-0.10116417,-0.04571924,-0.00327912,-0.36114300,0.04673571,0.23558225,-0.13997209,-0.04636266,0.01542206,-0.31609794,0.04460327,0.21057388,-0.18995978,-0.20211293,-0.07873816,0.44915182,0.15421015,-0.05529751,-0.59994528,-0.10186142,0.18773893,0.73344203,0.04657598,-0.31476775,-0.84579331,0.01005227,0.43272167,0.93375998,-0.06639071,-0.53820002,-0.99480591,-0.02300625,-0.02029540,-0.99952940,-0.01347330,-0.02838750,-0.18485622,-0.04787346,0.08024152,0.04680674
10509460000000,synthetic_50hz_06,473,0.02,90.20944752,89.61664327,13.79901914,13.83619547,13.85369683,5.49577920,95.06776205,1,1,0,0,1,0.49483118,0.00659843,-0.18338059,-0.04390251,-0.12282066,-0.13815203,0.04797419,0.12135380,0.12229623,-0.05066274,-0.11638825,-0.10291457,0.05189066,0.10806717,0.08056584,-0.05162255,-0.09663046,-0.05589436,0.04986614,0.08240786,0.02961141,-0.04224272,-0.00850916,-0.38595884,0.04522660,0.24619156,-0.10972848,-0.04688237,-0.00027845,-0.35089872,0.04715316,0.23093195,-0.15160097,-0.04602275,0.02158752,-0.30341982,0.04351611,0.20307145,-0.20332148,-0.17841601,-0.01151474,0.52579350,0.12818822,-0.12197226,-0.66817718,-0.07426469,0.25194275,0.79129700,0.01820008,-0.37464961,-0.89160336,0.03838924,0.48655514,0.96620437,-0.09387179,-0.58443306,-1.01294927,-0.02271134,-0.02011108,-0.99953987,-0.01379546,-0.02809811,-0.18338059,-0.04816105,0.08025433,0.05220169
10509480000000,synthetic_50hz_06,474,0.02,90.90104420,89.87352346,13.82198377,13.85369683,13.84335896,5.50534477,94.87294890,1,1,0,0,1,0.49383931,0.00820336,-0.18173346,-0.04605975,-0.12240333,-0.13055370,0.04944790,0.11917691,0.11288736,-0.05141044,-0.11251457,-0.09196643,0.05189080,0.10260838,0.06839407,-0.05087512,-0.08974395,-0.04284987,0.04839268,0.07429215,0.01607030,-0.04444850,-0.00812659,-0.37834952,0.04674695,0.24405408,-0.11914140,-0.04767385,0.00355196,-0.33995355,0.04719336,0.22551942,-0.16376281,-0.04531084,0.02842572,-0.29039202,0.04207294,0.19500515,-0.21683949,-0.15356407,0.05540369,0.59818507,0.10138840,-0.18737860,-0.73117654,-0.04628965,0.31395129,0.84308785,-0.01014366,-0.43147262,-0.93069254,0.06628452,0.53655440,0.99146493,-0.12051436,-0.62616706,-1.02365293,-0.02241838,-0.01992030,-0.99955030,-0.01411315,-0.02780320,-0.18173346,-0.04844753,0.08025273,0.05823267
10509500000000,synthetic_50hz_06,475,0.02,90.92976806,90.08477238,13.83096135,13.84335896,13.83317648,5.51493124,94.68287824,1,1,0,0,1,0.49284183,0.00980681,-0.17989500,-0.04787558,-0.12110548,-0.12204736,0.05055876,0.11615043,0.10270572,-0.05178430,-0.10784671,-0.08040303,0.05151689,0.09643372,0.05578228,-0.04976421,-0.08224050,-0.02955330,0.04657681,0.06567625,0.00247228,-0.04631295,-0.00686329,-0.36983190,0.04790455,0.24106683,-0.12932739,-0.04809165,0.00817670,-0.32839280,0.04685969,0.21939090,-0.17636498,-0.04423568,0.03588092,-0.27711184,0.04028761,0.18643864,-0.23041466,-0.12774868,0.12153676,0.66584758,0.07401242,-0.25105708,-0.78854247,-0.01814234,0.37333930,0.88850332,-0.03825078,-0.48485798,-0.96284821,0.09354112,0.58239797,1.00943373,-0.14613463,-0.66314716,-1.02691681,-0.02212740,-0.01972312,-0.99956069,-0.01442626,-0.02750285,-0.17989500,-0.04873290,0.08023672,0.06497072
10509520000000,synthetic_50hz_06,476,0.02,90.75809924,90.21943775,13.83189171,13.83317648,13.82756132,5.52453496,94.49756597,1,1,0,0,1,0.49183874,0.01140851,-0.17784341,-0.04934000,-0.11894433,-0.11270228,0.05130202,0.11230371,0.09183139,-0.05178499,-0.10242532,-0.06831296,0.05077496,0.08959396,0.04282503,-0.04830107,-0.07417956,-0.01610244,0.04443464,0.05662654,-0.01108439,-0.04782605,-0.00473646,-0.36047524,0.04869466,0.23725914,-0.14020639,-0.04813640,0.01355514,-0.31630508,0.04615818,0.21259717,-0.18931291,-0.04280850,0.04389367,-0.26367708,0.03817621,0.17743829,-0.24394878,-0.10116550,0.18641687,0.72834324,0.04626317,-0.31256751,-0.83992063,0.00997295,0.42970669,0.92728272,-0.06592155,-0.53445722,-0.98791082,0.11996959,0.62379911,1.02005698,-0.17055886,-0.69515657,-1.02279443,-0.02183845,-0.01951964,-0.99957103,-0.01473471,-0.02719711,-0.17784341,-0.04901714,0.08020631,0.07249249
10509540000000,synthetic_50hz_06,477,0.02,91.03144451,90.38183910,13.83007294,13.82756132,13.80513399,5.53415261,94.31702574,1,1,0,0,1,0.49083009,0.01300815,-0.17555483,-0.05044568,-0.11594303,-0.10259278,0.05167566,0.10767157,0.08034833,-0.05141580,-0.09629589,-0.05578741,0.04967361,0.08214396,0.02961811,-0.04649929,-0.06562378,-0.00259491,0.04198439,0.04721164,-0.02450311,-0.04898046,-0.00176926,-0.35035385,0.04911524,0.23266584,-0.15169441,-0.04781143,0.01964175,-0.30378158,0.04509742,0.20519308,-0.20251080,-0.04104289,0.05240135,-0.25018536,0.03575697,0.16807272,-0.25734520,-0.07401286,0.24959227,0.78527779,0.01834325,-0.37149174,-0.88500485,0.03785521,0.48268094,0.95921680,-0.09296228,-0.57995422,-1.00577409,0.14538920,0.66050714,1.02333443,-0.19362449,-0.72201734,-1.01139158,-0.02155158,-0.01930992,-0.99958133,-0.01503838,-0.02688603,-0.17555483,-0.04930026,0.08016149,0.08087978
10509560000000,synthetic_50hz_06,478,0.02,91.11130081,90.52773144,13.81959858,13.80513399,13.77275519,5.54378034,94.14126890,1,1,0,0,1,0.48981589,0.01460546,-0.17300331,-0.05118792,-0.11213041,-0.09179767,0.05168028,0.10229399,0.06834377,-0.05068267,-0.08950839,-0.04291949,0.04822386,0.07414222,0.01625782,-0.04437473,-0.05663850,0.01087256,0.03924626,0.03750186,-0.03768949,-0.04977149,0.00200948,-0.33954657,0.04916690,0.22732692,-0.16370424,-0.04712265,0.02638661,-0.29091540,0.04368845,0.19723714,-0.21586238,-0.03895470,0.06133861,-0.23673341,0.03305010,0.15841224,-0.27050958,-0.04649023,0.31063004,0.83630253,-0.00954650,-0.42743624,-0.92353846,0.06530800,0.53191924,0.98414834,-0.11918665,-0.62106677,-1.01638477,0.16962908,0.69230865,1.01931836,-0.21518103,-0.74359095,-0.99286451,-0.02126682,-0.01909405,-0.99959157,-0.01533717,-0.02656969,-0.17300331,-0.04958224,0.08010228,0.09021898
10509580000000,synthetic_50hz_06,479,0.02,90.99304839,90.62079483,13.79992436,13.77275519,13.73595446,5.55341388,93.97030454,1,1,0,0,1,0.48879616,0.01620015,-0.17016084,-0.05156468,-0.10754072,-0.08039960,0.05131913,0.09621573,0.05590747,-0.04959402,-0.08211679,-0.02980350,0.04643910,0.06565038,0.00284029,-0.04194531,-0.04729125,0.02420482,0.03624222,0.02756869,-0.05055208,-0.05019709,0.00656552,-0.32813602,0.04885288,0.22128711,-0.17614613,-0.04607848,0.03373572,-0.27780084,0.04194463,0.18879098,-0.22927150,-0.03656187,0.07063791,-0.22341639,0.03007756,0.14852832,-0.28335043,-0.01879682,0.36911881,0.88111593,-0.03720838,-0.48003443,-0.95531521,0.09214085,0.57711043,1.00197231,-0.14441685,-0.65754806,-1.01974209,0.19252925,0.71902828,1.00811222,-0.23509095,-0.75977858,-0.96741801,-0.02098423,-0.01887211,-0.99960175,-0.01563100,-0.02624814,-0.17016084,-0.04986308,0.08002869,0.10059991
10509600000000,synthetic_50hz_06,480,0.02,91.41488818,90.77961350,13.77305700,13.73595446,13.67122656,5.56304878,93.80413951,1,1,0,0,1,0.48777093,0.01779192,-0.16699740,-0.05157653,-0.10221324,-0.06848439,0.05059799,0.08948589,0.04313107,-0.04816069,-0.07417863,-0.01653426,0.04433489,0.05673275,-0.01053924,-0.03923089,-0.03765125,0.03730889,0.03299585,0.01748424,-0.06300291,-0.05025784,0.01185957,-0.31620804,0.04817898,0.21459554,-0.18892841,-0.04468977,0.04163155,-0.26453273,0.03988153,0.17991891,-0.24264292,-0.03388424,0.08023004,-0.21032725,0.02686291,0.13849310,-0.29577980,0.00886985,0.42467127,0.91946494,-0.06444918,-0.52894883,-0.98017981,0.11817042,0.61797656,1.01263565,-0.16848475,-0.68918773,-1.01589673,0.21394159,0.74052931,0.98986903,-0.25323039,-0.77052107,-0.93530294,-0.02070384,-0.01864418,-0.99961187,-0.01591977,-0.02592144,-0.16699740,-0.05014276,0.07994072,0.11211434
10509620000000,synthetic_50hz_06,481,0.02,91.26921476,90.87753375,13.73028821,13.67122656,13.60232366,5.57267942,93.64277833,1,1,0,0,1,0.48674022,0.01938051,-0.16348116,-0.05122662,-0.09619195,-0.05614041,0.04952512,0.08215757,0.03010742,-0.04639579,-0.06575455,-0.00320643,0.04192884,0.04745580,-0.02378701,-0.03625307,-0.02778887,0.05009466,0.02953210,0.00732078,-0.07495806,-0.04995687,0.01784766,-0.30385098,0.04715343,0.20730528,-0.20195825,-0.04296962,0.05001344,-0.25120571,0.03751678,0.17068739,-0.25588288,-0.03094342,0.09004463,-0.19755612,0.02343113,0.12837882,-0.30771376,0.03631531,0.47692650,0.95114591,-0.09108149,-0.57387293,-0.99802811,0.14322174,0.65427434,1.01613671,-0.19123285,-0.71581272,-1.00494960,0.23373062,0.75671388,0.96478934,-0.26948983,-0.77579863,-0.89681374,-0.02042570,-0.01841035,-0.99962192,-0.01620337,-0.02558967,-0.16348116,-0.05042130,0.07983840,0.12485382
10509640000000,synthetic_50hz_06,482,0.02,91.28888933,90.95980487,13.67654310,13.60232366,13.52126139,5.58229979,93.48622331,1,1,0,0,1,0.48570406,0.02096561,-0.15957880,-0.05052058,-0.08952515,-0.04345786,0.04811113,0.07428737,0.01692990,-0.04431461,-0.05690785,0.01008616,0.03924048,0.03788765,-0.03681143,-0.03303503,-0.01777514,0.06247541,0.02587716,-0.00284985,-0.08633820,-0.04929983,0.02448150,-0.29115506,0.04578685,0.19947295,-0.21514227,-0.04093333,0.05881814,-0.23791363,0.03486988,0.16116455,-0.26889980,-0.02776258,0.10001066,-0.18518972,0.01980839,0.11825734,-0.31907299,0.06334949,0.52555205,0.97600512,-0.11692488,-0.61453275,-1.00880691,0.16712926,0.68579618,1.01252433,-0.21251524,-0.73728779,-0.98705021,0.25177429,0.76752305,0.93311896,-0.28377458,-0.77563026,-0.85228546,-0.02014985,-0.01817071,-0.99963190,-0.01648173,-0.02525287,-0.15957880,-0.05069867,0.07972175,0.13890674
10509660000000,synthetic_50hz_06,483,0.02,91.23275236,91.01439437,13.61132478,13.52126139,13.43205172,5.59190351,93.33447444,1,1,0,0,1,0.48466246,0.02254695,-0.15525587,-0.04946649,-0.08226500,-0.03052815,0.04636889,0.06593493,0.00369172,-0.04193446,-0.04770392,0.02325114,0.03629103,0.02809759,-0.04952367,-0.02960132,-0.00768119,0.07436840,0.02205819,-0.01295667,-0.09706906,-0.04829478,0.03170891,-0.27821169,0.04409212,0.19115817,-0.22838724,-0.03859820,0.06798022,-0.22474885,0.03196206,0.15141967,-0.28160483,-0.02436627,0.11005699,-0.17331078,0.01602185,0.10819962,-0.32978324,0.08978793,0.57024577,0.99393898,-0.14180708,-0.65068822,-1.01251342,0.18973786,0.71237103,1.00189662,-0.23219840,-0.75351584,-0.96239468,0.26796457,0.77293645,0.89514646,-0.29600518,-0.77007293,-0.80209074,-0.01987634,-0.01792535,-0.99964181,-0.01675475,-0.02491113,-0.15525587,-0.05097487,0.07959078,0.15435470
10509680000000,synthetic_50hz_06,484,0.02,91.14124086,91.03976367,13.53603010,13.43205172,13.33785475,5.60148411,93.18752949,1,1,0,0,1,0.48361546,0.02412424,-0.15047745,-0.04807474,-0.07446715,-0.01744324,0.04431340,0.05716249,-0.00951466,-0.03927449,-0.03820981,0.03619825,0.03310328,0.01815553,-0.06183823,-0.02597769,0.00242219,0.08569538,0.01810315,-0.02293008,-0.10708190,-0.04695211,0.03947425,-0.26511281,0.04208423,0.18242321,-0.24160073,-0.03598338,0.07743265,-0.21180164,0.02881610,0.14152267,-0.29391250,-0.02078025,0.12011284,-0.16199755,0.01209948,0.09827527,-0.33977573,0.11545301,0.61073738,1.00489386,-0.16556503,-0.68213428,-1.00919437,0.21090373,0.73386492,0.98439935,-0.25016197,-0.76443790,-0.93122363,0.28220793,0.77297178,0.85120030,-0.30611770,-0.75922052,-0.74663646,-0.01960519,-0.01767436,-0.99965163,-0.01702233,-0.02456451,-0.15047745,-0.05124990,0.07944552,0.17126787
10509700000000,synthetic_50hz_06,485,0.02,91.07746546,91.04730402,13.45279645,13.33785475,13.24032665,5.61103525,93.04538394,1,1,0,0,1,0.48256308,0.02569720,-0.14520894,-0.04635793,-0.06619026,-0.00429493,0.04196164,0.04803442,-0.02259825,-0.03635558,-0.02849373,0.04883992,0.02970138,0.00813155,-0.07367351,-0.02219086,0.01246507,0.09638306,0.01404058,-0.03270232,-0.11631384,-0.04528443,0.04771886,-0.25195026,0.03978014,0.17333240,-0.25469173,-0.03310974,0.08710722,-0.19915956,0.02545615,0.13154362,-0.30574119,-0.01703123,0.13010827,-0.15132334,0.00806981,0.08855204,-0.34898760,0.14017508,0.64678981,1.00886556,-0.18804587,-0.70870164,-0.99894483,0.23049522,0.75018127,0.96022406,-0.26629927,-0.77003283,-0.89381958,0.29442580,0.76768398,0.80164587,-0.31406389,-0.74320245,-0.68636033,-0.01933647,-0.01741784,-0.99966136,-0.01728441,-0.02421307,-0.14520894,-0.05152375,0.07928600,0.18969946
10509720000000,synthetic_50hz_06,486,0.02,90.91112221,91.02006766,13.36355914,13.24032665,13.14705447,5.62055100,92.90803104,1,1,0,0,1,0.48150534,0.02726554,-0.13941697,-0.04433076,-0.05749555,0.00882569,0.03933242,0.03861670,-0.03547007,-0.03320011,-0.01862451,0.06109183,0.02611062,-0.00190463,-0.08495228,-0.01826836,0.02237886,0.10636352,0.00989940,-0.04220790,-0.12470825,-0.04330644,0.05638153,-0.23881508,0.03719868,0.16395174,-0.26757125,-0.02999966,0.09693510,-0.18690693,0.02190752,0.12155223,-0.31701367,-0.01314673,0.13997471,-0.14135605,0.00396176,0.07909542,-0.35736223,0.16379348,0.67820027,1.00589849,-0.20910784,-0.73025740,-0.98190665,0.24839352,0.76126086,0.92960598,-0.28051789,-0.77031682,-0.85050434,0.30455481,0.75716419,0.74688226,-0.31981127,-0.72218216,-0.62172722,-0.01907019,-0.01715587,-0.99967100,-0.01754088,-0.02385689,-0.13941697,-0.05179641,0.07911224,0.20967920
10509740000000,synthetic_50hz_06,487,0.02,91.05705203,91.02746453,13.27262718,13.14705447,13.04922110,5.63002626,92.77546179,1,1,0,0,1,0.48044226,0.02882899,-0.13307071,-0.04200988,-0.04844632,0.02182895,0.03644622,0.02897644,-0.04804377,-0.02983180,-0.00867116,0.07287346,0.02235731,-0.01188411,-0.09560218,-0.01423826,0.03209676,0.11557464,0.00570870,-0.05138405,-0.13221503,-0.04103477,0.06539896,-0.22579698,0.03436033,0.15434835,-0.28015297,-0.02667687,0.10684727,-0.17512427,0.01819649,0.11161742,-0.32765759,-0.00915483,0.14964535,-0.13215779,-0.00019559,0.06996818,-0.36484952,0.18615753,0.70480104,0.99608446,-0.22862102,-0.74670525,-0.95826663,0.26449326,0.76708160,0.89282153,-0.29274003,-0.76534263,-0.80163596,0.31254698,0.74153847,0.68733886,-0.32334304,-0.69635542,-0.55322546,-0.01880641,-0.01688857,-0.99968055,-0.01779167,-0.02349603,-0.13307071,-0.05206787,0.07892427,0.23120604
10509760000000,synthetic_50hz_06,488,0.02,90.88038236,90.99804810,13.17879663,13.04922110,12.96423334,5.63945650,92.64766494,1,1,0,0,1,0.47937388,0.03038726,-0.12614317,-0.03941375,-0.03910749,0.03462714,0.03332503,0.01918143,-0.06023619,-0.02627554,0.00129763,0.08410860,0.01846851,-0.02173928,-0.10555612,-0.01012903,0.04155418,0.12396041,0.00149752,-0.06017106,-0.13879086,-0.03848789,0.07470622,-0.21298365,0.03128706,0.14458999,-0.29235371,-0.02316625,0.11677506,-0.16388779,0.01435014,0.10180678,-0.33760586,-0.00508399,0.15905560,-0.12378460,-0.00437319,0.06123003,-0.37140613,0.20712738,0.72646006,0.97956122,-0.24646809,-0.75798558,-0.92825446,0.27870301,0.76765802,0.85018569,-0.30290280,-0.75519852,-0.74760567,0.31836975,0.72096630,0.62347183,-0.32465796,-0.66594828,-0.48136300,-0.01854516,-0.01661602,-0.99968999,-0.01803670,-0.02313056,-0.12614317,-0.05233814,0.07872214,0.25424023
10509780000000,synthetic_50hz_06,489,0.02,90.51449352,90.90133718,13.08868004,12.96423334,12.90076943,5.64883847,92.52462703,1,1,0,0,1,0.47830021,0.03194007,-0.11861287,-0.03656247,-0.02954511,0.04713513,0.02999217,0.00929962,-0.07196789,-0.02255718,0.01121399,0.09472578,0.01447185,-0.03140429,-0.11475268,-0.00596930,0.05068919,0.13147121,-0.00270535,-0.06851270,-0.14439937,-0.03568589,0.08423727,-0.20046024,0.02800220,0.13474461,-0.30409403,-0.01949365,0.12665059,-0.15326897,0.01039608,0.09218617,-0.34679705,-0.00096286,0.16814354,-0.11628607,-0.00854225,0.05293720,-0.37699570,0.22657482,0.74308115,0.95651067,-0.26254490,-0.76407516,-0.89214031,0.29094569,0.76304052,0.80204913,-0.31095839,-0.74000707,-0.68883450,0.32200600,0.69563887,0.55576045,-0.32377004,-0.63121507,-0.40666356,-0.01828648,-0.01633832,-0.99969933,-0.01827588,-0.02276056,-0.11861287,-0.05260720,0.07850587,0.27869512
10509800000000,synthetic_50hz_06,490,0.02,90.01233372,90.72353649,13.00975759,12.90076943,12.86320291,5.65817092,92.40633237,1,1,0,0,1,0.47722128,0.03348716,-0.11046555,-0.03347762,-0.01982590,0.05927087,0.02647208,-0.00060135,-0.08316360,-0.01870333,0.02101127,0.10465869,0.01039536,-0.04081543,-0.12313642,-0.00178768,0.05944285,0.13806408,-0.00687153,-0.07635651,-0.14901128,-0.03265036,0.09392539,-0.18830878,0.02453019,0.12487988,-0.31529867,-0.01568568,0.13640723,-0.14333411,0.00636234,0.08281928,-0.35517573,0.00317997,0.17685023,-0.10970518,-0.01267440,0.04514213,-0.38158896,0.24438392,0.75460411,0.92715683,-0.27676094,-0.76498671,-0.85023228,0.30115881,0.75331438,0.74879514,-0.31687413,-0.71992365,-0.62576988,0.32345382,0.66577719,0.48470339,-0.32070819,-0.59243605,-0.32966267,-0.01803040,-0.01605559,-0.99970856,-0.01850914,-0.02238610,-0.11046555,-0.05287505,0.07827550,0.30442935
10509820000000,synthetic_50hz_06,491,0.02,89.94180401,90.56719000,12.94820462,12.86320291,12.83269759,5.66745500,92.29276310,1,1,0,0,1,0.47613712,0.03502822,-0.10169590,-0.03018210,-0.01001677,0.07095595,0.02279017,-0.01045460,-0.09375274,-0.01474119,0.03062455,0.11384659,0.00626721,-0.04991158,-0.13065819,0.00238745,0.06775963,0.14370286,-0.01097329,-0.08365415,-0.15260451,-0.02940419,0.10370367,-0.17660768,0.02089643,0.11506266,-0.32589703,-0.01176953,0.14598003,-0.13414395,0.00227711,0.07376725,-0.36269274,0.00731614,0.18512014,-0.10407807,-0.01674191,0.03789319,-0.38516383,0.26045168,0.76100443,0.89176352,-0.28903975,-0.76076814,-0.80287355,0.30929467,0.73859856,0.69083637,-0.32063248,-0.69513483,-0.55888204,0.32272630,0.63163004,0.41081489,-0.31551578,-0.54991506,-0.25090375,-0.01777698,-0.01576792,-0.99971768,-0.01873640,-0.02200726,-0.10169590,-0.05314168,0.07803107,0.33123997
10509840000000,synthetic_50hz_06,492,0.02,89.61553971,90.37685994,12.89969167,12.83269759,12.81951627,5.67669331,92.18389912,1,1,0,0,1,0.47504774,0.03656300,-0.09230935,-0.02669993,-0.00018433,0.08211606,0.01897261,-0.02019444,-0.10366975,-0.01069831,0.03999098,0.12223458,0.00211557,-0.05863457,-0.13727534,0.00652816,0.07558770,0.14835839,-0.01498368,-0.09036159,-0.15516419,-0.02597140,0.11350550,-0.16543127,0.01712711,0.10535863,-0.33582357,-0.00777276,0.15530617,-0.12575340,-0.00183146,0.06508822,-0.36930544,0.01141768,0.19290143,-0.09943393,-0.02071783,0.03123438,-0.38770543,0.27468844,0.76229289,0.85063184,-0.29931919,-0.75150164,-0.75043941,0.31532042,0.71904424,0.62861146,-0.32223082,-0.66585646,-0.48866035,0.31985115,0.59347174,0.33462094,-0.30825003,-0.50397694,-0.17093424,-0.01752623,-0.01547542,-0.99972667,-0.01895760,-0.02162410,-0.09230935,-0.05340709,0.07777264,0.35885745
10509860000000,synthetic_50hz_06,493,0.02,89.89998916,90.28148578,12.86601800,12.81951627,12.79823530,5.68588984,92.07971820,1,1,0,0,1,0.47395318,0.03809121,-0.08232359,-0.02305607,0.00960553,0.09268146,0.01504615,-0.02975685,-0.11285453,-0.00660245,0.04905027,0.12977395,-0.00203161,-0.06692955,-0.14295193,0.01060709,0.08287921,0.15200854,-0.01887677,-0.09643944,-0.15668267,-0.02237695,0.12326499,-0.15484928,0.01324894,0.09583181,-0.34501818,-0.00372312,0.16432534,-0.11821116,-0.00593542,0.05683708,-0.37497788,0.01545726,0.20014628,-0.09579486,-0.02457621,0.02520511,-0.38920612,0.28701831,0.75851479,0.80409740,-0.30755160,-0.73730241,-0.69333406,0.31921803,0.69483325,0.56258158,-0.32168125,-0.63233173,-0.41560960,0.31487026,0.55159979,0.25665541,-0.29898141,-0.45496497,-0.09030172,-0.01727820,-0.01517819,-0.99973554,-0.01917265,-0.02123670,-0.08232359,-0.05367127,0.07750024,0.38694360
10509880000000,synthetic_50hz_06,494,0.02,89.68218667,90.16162596,12.83754927,12.79823530,12.79023378,5.69504852,91.98019592,1,1,0,0,1,0.47285346,0.03961259,-0.07176977,-0.01927624,0.01928807,0.10258733,0.01103790,-0.03907987,-0.12125272,-0.00248132,0.05774498,0.13642234,-0.00614679,-0.07474527,-0.14765884,0.01459768,0.08959062,0.15463827,-0.02262772,-0.10185304,-0.15715940,-0.01864655,0.13291741,-0.14492653,0.00928905,0.08654418,-0.35342651,0.00035167,0.17298011,-0.11155959,-0.01000723,0.04906504,-0.37968095,0.01940831,0.20681112,-0.09317590,-0.02829225,0.01984002,-0.38966535,0.29737943,0.74974908,0.75252740,-0.31370389,-0.71831737,-0.63198733,0.32098413,0.66617624,0.49322676,-0.31901024,-0.59482893,-0.34024624,0.30783914,0.50633243,0.17745626,-0.28779289,-0.40323813,-0.00955014,-0.01703293,-0.01487635,-0.99974429,-0.01938149,-0.02084514,-0.07176977,-0.05393421,0.07721392,0.41509306
10509900000000,synthetic_50hz_06,495,0.02,89.56139856,90.04158048,12.81767676,12.79023378,12.78941254,5.70417367,91.88530573,1,1,0,0,1,0.47174861,0.04112685,-0.06069326,-0.01538674,0.02880018,0.11177418,0.00697515,-0.04810397,-0.12881600,0.00163754,0.06602091,0.14214398,-0.01020301,-0.08203442,-0.15137389,0.01847433,0.09568285,0.15623962,-0.02621302,-0.10657270,-0.15660089,-0.01480651,0.14239964,-0.13572250,0.00527474,0.07755524,-0.36100022,0.00442409,0.18121629,-0.10583446,-0.01401994,0.04181943,-0.38339247,0.02324524,0.21285690,-0.09158503,-0.03184242,0.01516880,-0.38908962,0.30572414,0.73610716,0.69631754,-0.31775751,-0.69472352,-0.56685124,0.32062978,0.63331068,0.42104235,-0.31425815,-0.55363920,-0.26309461,0.29882631,0.45800604,0.09756174,-0.27477916,-0.34916835,0.07078389,-0.01679044,-0.01457000,-0.99975290,-0.01958405,-0.02044949,-0.06069326,-0.05419591,0.07691375,0.44283957
10509920000000,synthetic_50hz_06,496,0.02,89.67475142,89.96821467,12.80580579,12.78941254,12.78537924,5.71326983,91.79501896,1,1,0,0,1,0.47063865,0.04263372,-0.04915370,-0.01141422,0.03808075,0.12018818,0.00288520,-0.05677247,-0.13550229,0.00572700,0.07382741,0.14690981,-0.01417410,-0.08875387,-0.15408185,0.02221254,0.10112152,0.15681164,-0.02961059,-0.11057379,-0.15502048,-0.01088347,0.15165058,-0.12729104,0.00123329,0.06892169,-0.36769725,0.00846702,0.18898323,-0.10106484,-0.01794736,0.03514337,-0.38609721,0.02694354,0.21824922,-0.09102319,-0.03520463,0.01121609,-0.38749228,0.31201905,0.71773153,0.63588876,-0.31970827,-0.66672618,-0.49839650,0.31818015,0.59649880,0.34653524,-0.30747874,-0.50907408,-0.18468320,0.28791258,0.40697252,0.01750667,-0.26004577,-0.29313775,0.15017460,-0.01655078,-0.01425926,-0.99976137,-0.01978026,-0.02004983,-0.04915370,-0.05445635,0.07659976,0.46966719
10509940000000,synthetic_50hz_06,497,0.02,89.67779819,89.91013137,12.79722664,12.78537924,12.78270827,5.72234113,91.70930482,1,1,0,0,1,0.46952360,0.04413294,-0.03722441,-0.00738554,0.04707104,0.12778138,-0.00120486,-0.06503181,-0.14127599,0.00976052,0.08111768,0.15069755,-0.01803478,-0.09486488,-0.15577443,0.02578909,0.10587709,0.15636027,-0.03279988,-0.11383681,-0.15243816,-0.00690429,0.16061149,-0.11968010,-0.00280821,0.06069708,-0.37348198,0.01245387,0.19623412,-0.09727300,-0.02176424,0.02907560,-0.38778687,0.03048000,0.22295855,-0.09148444,-0.03835836,0.00800137,-0.38489333,0.31624505,0.69479429,0.57168391,-0.31956617,-0.63455708,-0.42710895,0.31367405,0.55602529,0.27022024,-0.29873856,-0.46146303,-0.10554095,0.27519030,0.35359658,-0.06218114,-0.24370817,-0.23553577,0.22811051,-0.01631397,-0.01394423,-0.99976971,-0.01997007,-0.01964625,-0.03722441,-0.05471555,0.07627201,0.49502672
10509960000000,synthetic_50hz_06,498,0.02,89.82546899,89.89319890,12.79112893,12.78270827,12.77524516,5.73139127,91.62813044,1,1,0,0,1,0.46840350,0.04562424,-0.02499086,-0.00332756,0.05571509,0.13451197,-0.00526829,-0.07283193,-0.14610805,0.01371225,0.08784899,0.15349176,-0.02176088,-0.10033332,-0.15645024,0.02918213,0.10992499,0.15489818,-0.03576205,-0.11634748,-0.14888033,-0.00289582,0.16922640,-0.11293147,-0.00682302,0.05293147,-0.37832537,0.01635885,0.20292623,-0.09447439,-0.02544639,0.02365026,-0.38846006,0.03383278,0.22696033,-0.09295610,-0.04128476,0.00553894,-0.38131916,0.31839708,0.66749537,0.50416431,-0.31735501,-0.59847229,-0.35348592,0.30716344,0.51219497,0.19261636,-0.28811621,-0.41115083,-0.02619358,0.26076245,0.29825303,-0.14098437,-0.22589079,-0.17675645,0.30409767,-0.01608005,-0.01362504,-0.99977789,-0.02015340,-0.01923881,-0.02499086,-0.05497348,0.07593057,0.51835683
10509980000000,synthetic_50hz_06,499,0.02,89.71854118,89.85826735,12.78445774,12.77524516,12.77316109,5.74042323,91.55146089,1,1,0,0,1,0.46727836,0.04710734,-0.01254854,0.00073306,0.06395999,0.14034446,-0.00927894,-0.08012650,-0.14997607,0.01755730,0.09398293,0.15528380,-0.02532947,-0.10512978,-0.15611463,0.03237138,0.11324569,0.15244459,-0.03848001,-0.11809667,-0.14437951,0.00111526,0.17744241,-0.10708066,-0.01078498,0.04567118,-0.38220502,0.02015704,0.20902117,-0.09267764,-0.02897088,0.01889673,-0.38812215,0.03698158,0.23023501,-0.09541896,-0.04396673,0.00383791,-0.37680228,0.31848403,0.63606066,0.43380624,-0.31311202,-0.55874999,-0.27803264,0.29871284,0.46533031,0.11424322,-0.27570164,-0.35849493,0.05283988,0.24474182,0.24132398,-0.21839958,-0.20672599,-0.11719555,0.37766272,-0.01584905,-0.01330179,-0.99978593,-0.02033021,-0.01882761,-0.01254854,-0.05523015,0.07557550,0.53910865
10510000000000,synthetic_50hz_06,500,0.02,89.59160195,89.80493427,12.77971315,12.77316109,12.77563653,5.74943968,91.47925917,1,1,0,0,1,0.46614822,0.04858199,-0.00000000,0.00477000,0.07175626,0.14524983,-0.01321134,-0.08687322,-0.15286439,0.02127179,0.09948559,0.15607180,-0.02871897,-0.10922974,-0.15477960,0.03533816,0.11582475,0.14902502,-0.04093854,-0.11908047,-0.13897398,0.00510264,0.18521004,-0.10215669,-0.01466864,0.03895853,-0.38510527,0.02382458,0.21448502,-0.09188462,-0.03231615,0.01483955,-0.38678512,0.03990774,0.23276817,-0.09884750,-0.04638905,0.00290220,-0.37138098,0.31652831,0.60073999,0.36109742,-0.30688732,-0.51568821,-0.20125863,0.28839863,0.41576890,0.03561746,-0.26159527,-0.30386278,0.13105058,0.22725000,0.18319616,-0.29394037,-0.18635300,-0.05724790,0.44835572,-0.01562101,-0.01297461,-0.99979382,-0.02050043,-0.01841271,-0.00000000,-0.05548554,0.07520686,0.55677235
10510020000000,synthetic_50hz_06,501,0.02,89.77727254,89.79940193,12.77800097,12.77563653,12.76935512,5.75844320,91.41148630,1,1,0,0,1,0.46501310,0.05004791,0.01254854,0.00875748,0.07905805,0.14920555,-0.01704093,-0.09303399,-0.15476401,0.02483309,0.10432771,0.15586055,-0.03190929,-0.11261362,-0.15246356,0.03806554,0.11765283,0.14467097,-0.04312434,-0.11930005,-0.13270745,0.00904056,0.19248345,-0.09818208,-0.01844943,0.03283161,-0.38701712,0.02733882,0.21928853,-0.09209055,-0.03546210,0.01149830,-0.38446739,0.04259432,0.23455048,-0.10321022,-0.04853844,0.00273064,-0.36509898,0.31256552,0.56180498,0.28653346,-0.29874338,-0.46960236,-0.12367416,0.27630832,0.36386089,-0.04275073,-0.24590717,-0.24762914,0.20794309,0.20841640,0.12425812,-0.36714035,-0.16491689,0.00269531,0.51575279,-0.01539595,-0.01264360,-0.99980155,-0.02066401,-0.01799421,0.01254854,-0.05573966,0.07482471,0.57090330
10510040000000,synthetic_50hz_06,502,0.02,89.46541011,89.73260356,12.77436971,12.76935512,12.77444103,5.76743566,91.34810127,1,1,0,0,1,0.46387302,0.05150485,0.02499086,0.01267042,0.08582345,0.15219569,-0.02074417,-0.09857512,-0.15567256,0.02821987,0.10848481,0.15466132,-0.03488197,-0.11526684,-0.14919111,0.04053841,0.11872567,0.13941966,-0.04502610,-0.11876158,-0.12562867,0.01290392,0.19922072,-0.09517276,-0.02210382,0.02732409,-0.38793820,0.03067845,0.22340720,-0.09328415,-0.03839027,0.00888755,-0.38119357,0.04502621,0.23557766,-0.10846989,-0.05040358,0.00331704,-0.35800502,0.30664391,0.51954677,0.21061433,-0.28875429,-0.42082280,-0.04578673,0.26253975,0.30996632,-0.12036093,-0.22875606,-0.19017337,0.28303852,0.18837723,0.06489763,-0.43755598,-0.14256740,0.06224914,0.57945850,-0.01517390,-0.01230890,-0.99980912,-0.02082089,-0.01757218,0.02499086,-0.05599249,0.07442913,0.58114583
10510060000000,synthetic_50hz_06,503,0.02,89.66638273,89.71935940,12.77439966,12.77444103,12.76859909,5.77641905,91.28906112,1,1,0,0,1,0.46272802,0.05295254,0.03722441,0.01648459,0.09201469,0.15421089,-0.02429870,-0.10346747,-0.15559422,0.03141227,0.11193724,0.15249169,-0.03762021,-0.11717980,-0.14499276,0.04274354,0.11904402,0.13331362,-0.04663455,-0.11747614,-0.11779098,0.01666852,0.20538408,-0.09313810,-0.02560945,0.02246513,-0.38787268,0.03382360,0.22682140,-0.09544784,-0.04108386,0.00701689,-0.37699414,0.04719019,0.23585047,-0.11458400,-0.05197520,0.00465034,-0.35015244,0.29882383,0.47427364,0.13384091,-0.27700511,-0.36969228,0.03190229,0.24720019,0.25445252,-0.19672574,-0.21026838,-0.13187678,0.35587750,0.16727443,0.00549896,-0.50476914,-0.11945789,0.12103739,0.63910805,-0.01495490,-0.01197062,-0.99981653,-0.02097103,-0.01714670,0.03722441,-0.05624403,0.07402018,0.58725211
10510080000000,synthetic_50hz_06,504,0.02,89.51511683,89.67851088,12.77196342,12.76859909,12.76686998,5.78539469,91.23432094,1,1,0,0,1,0.46157811,0.05439072,0.04915370,0.02017678,0.09759828,0.15524828,-0.02768346,-0.10768659,-0.15453954,0.03439200,0.11467025,0.14937535,-0.04010901,-0.11834791,-0.13990460,0.04466965,0.11861354,0.12640034,-0.04794245,-0.11545949,-0.10925190,0.02031112,0.21094004,-0.09208098,-0.02894525,0.01827917,-0.38683112,0.03675599,0.22951637,-0.09855794,-0.04352789,0.00589093,-0.37190522,0.04907499,0.23537458,-0.12150503,-0.05324607,0.00671477,-0.34159876,0.28917710,0.42630864,0.05671151,-0.26359102,-0.31656338,0.10890100,0.23040549,0.19769146,-0.27137384,-0.19057727,-0.07312000,0.42602286,0.14525461,-0.05355955,-0.56838943,-0.09574420,0.17869495,0.69436907,-0.01473897,-0.01162888,-0.99982377,-0.02111437,-0.01671786,0.04915370,-0.05649428,0.07359795,0.58909466
10510100000000,synthetic_50hz_06,505,0.02,89.48191211,89.63919113,12.76982418,12.76686998,12.76342143,5.79436372,91.18383389,1,1,0,0,1,0.46042333,0.05581913,0.06069326,0.02372492,0.10254522,0.15531140,-0.03087880,-0.11121276,-0.15252527,0.03714242,0.11667399,0.14534176,-0.04233522,-0.11877146,-0.13396799,0.04630746,0.11744469,0.11873185,-0.04894465,-0.11273193,-0.10007262,0.02380966,0.21585961,-0.09199784,-0.03209158,0.01478593,-0.38483026,0.03945899,0.23148228,-0.10258499,-0.04570919,0.00550936,-0.36596814,0.05067131,0.23416044,-0.12918098,-0.05421103,0.00949001,-0.33240519,0.27778625,0.37598706,-0.02028140,-0.24861653,-0.26179594,0.18473005,0.21227909,0.14005713,-0.34385285,-0.16982154,-0.01428040,0.49306221,0.12246795,-0.11190804,-0.62805636,-0.07158356,0.23487011,0.74494335,-0.01452614,-0.01128380,-0.99983083,-0.02125087,-0.01628575,0.06069326,-0.05674322,0.07316249,0.58667126
10510120000000,synthetic_50hz_06,506,0.02,89.38388990,89.58813088,12.76713502,12.76342143,12.76054525,5.80332698,91.13755126,1,1,0,0,1,0.45926370,0.05723752,0.07176977,0.02710820,0.10683105,0.15441004,-0.03386661,-0.11403107,-0.14957411,0.03964864,0.11794351,0.14042589,-0.04428758,-0.11845559,-0.12722912,0.04764969,0.11555254,0.11036428,-0.04963803,-0.10931806,-0.09031759,0.02714334,0.22011834,-0.09287889,-0.03503035,0.01200032,-0.38189282,0.04191769,0.23271416,-0.10749401,-0.04761652,0.00586705,-0.35922912,0.05197189,0.23222313,-0.13755570,-0.05486698,0.01295149,-0.32263615,0.26474379,0.32365393,-0.09665445,-0.23219453,-0.20575445,0.25892570,0.19295100,0.08192298,-0.41373201,-0.14814460,0.04427038,0.55661023,0.09906711,-0.16918740,-0.68344112,-0.04713348,0.28922666,0.79056808,-0.01431644,-0.01093551,-0.99983773,-0.02138049,-0.01585045,0.07176977,-0.05699086,0.07271390,0.58010214
10510140000000,synthetic_50hz_06,507,0.02,89.49935897,89.57037650,12.76436732,12.76054525,12.74950839,5.81228517,91.09542246,1,1,0,0,1,0.45809925,0.05864563,0.08232359,0.03030720,0.11043600,0.15256011,-0.03663042,-0.11613140,-0.14571449,0.04189757,0.11847867,0.13466786,-0.04595680,-0.11741014,-0.11973870,0.04869107,0.11295663,0.10135741,-0.05002156,-0.10524652,-0.08005394,0.03029274,0.22369643,-0.09470825,-0.03774507,0.00993246,-0.37804721,0.04411901,0.23321188,-0.11324489,-0.04924057,0.00695415,-0.35173885,0.05297145,0.22958218,-0.14656942,-0.05521287,0.01707055,-0.31235879,0.25015140,0.26966153,-0.17193643,-0.21444541,-0.14880553,0.33104262,0.17255686,0.02365940,-0.48060469,-0.12569342,0.10216884,0.61631071,0.07520617,-0.22505151,-0.73424820,-0.02255070,0.34144584,0.83101697,-0.01410990,-0.01058413,-0.99984444,-0.02150318,-0.01541204,0.08232359,-0.05723718,0.07225226,0.56961989
10510160000000,synthetic_50hz_06,508,0.02,89.47392172,89.55108554,12.75812657,12.74950839,12.73680155,5.82123840,91.05739510,1,1,0,0,1,0.45693001,0.06004322,0.09230935,0.03330400,0.11334497,0.14978333,-0.03915543,-0.11750842,-0.14098023,0.04387800,0.11828404,0.12811260,-0.04733554,-0.11564948,-0.11155143,0.04942837,0.10968069,0.09177418,-0.05009617,-0.10054976,-0.06935104,0.03323994,0.22657881,-0.09746416,-0.04022094,0.00858768,-0.37332725,0.04605174,0.23298002,-0.11979269,-0.05057402,0.00875630,-0.34355205,0.05366676,0.22626133,-0.15615918,-0.05524964,0.02181474,-0.30164248,0.23411899,0.21436680,-0.24567125,-0.19549605,-0.09131537,0.40065650,0.15123687,-0.03436872,-0.54409064,-0.10261746,0.15906194,0.67183839,0.05103954,-0.27916933,-0.78021673,0.00200987,0.39122814,0.86610105,-0.01390654,-0.01022978,-0.99985098,-0.02161890,-0.01497060,0.09230935,-0.05748219,0.07177764,0.55555354
10510180000000,synthetic_50hz_06,509,0.02,89.65042420,89.57095328,12.74917006,12.73680155,12.71459985,5.83018645,91.02341496,1,1,0,0,1,0.45575600,0.06143002,0.10169590,0.03608226,0.11554757,0.14610706,-0.04142863,-0.11816152,-0.13541021,0.04558059,0.11736883,0.12080942,-0.04841844,-0.11319234,-0.10272565,0.04986036,0.10575246,0.08168024,-0.04986479,-0.09526368,-0.05827996,0.03596861,0.22875507,-0.10111929,-0.04244496,0.00796657,-0.36777183,0.04770656,0.23202778,-0.12708811,-0.05161150,0.01125476,-0.33472704,0.05405660,0.22228832,-0.16625936,-0.05498022,0.02714815,-0.29055828,0.21676385,0.15812887,-0.31742067,-0.17547887,-0.03364731,0.46736652,0.12913475,-0.09180432,-0.60383798,-0.07906761,0.21460919,0.72290050,0.02672092,-0.33122677,-0.82112147,0.02639615,0.43829493,0.89566912,-0.01370638,-0.00987259,-0.99985733,-0.02172762,-0.01452624,0.10169590,-0.05772587,0.07129013,0.53830832
10510200000000,synthetic_50hz_06,510,0.02,89.69905953,89.59657453,12.73465057,12.71459985,12.68918746,5.83912842,90.99342607,1,1,0,0,1,0.45457724,0.06280579,0.11046555,0.03862731,0.11703809,0.14156393,-0.04343881,-0.11809475,-0.12904803,0.04699795,0.11574669,0.11281162,-0.04920212,-0.11006159,-0.09332280,0.04998777,0.10120337,0.07114343,-0.04933225,-0.08942741,-0.04691297,0.03846406,0.23021952,-0.10564100,-0.04440592,0.00806511,-0.36142454,0.04907607,0.23036882,-0.13507785,-0.05234964,0.01442664,-0.32532526,0.05414170,0.21769460,-0.17680210,-0.05440945,0.03303167,-0.27917847,0.19820970,0.10130661,-0.38676690,-0.15453080,0.02384059,0.53079752,0.10639670,-0.14830045,-0.65952500,-0.05519513,0.26848474,0.76923806,0.00240226,-0.38092850,-0.85677363,0.05045987,0.48238990,0.91960802,-0.01350947,-0.00951270,-0.99986350,-0.02182930,-0.01407902,0.11046555,-0.05796822,0.07078982,0.51834314
10510220000000,synthetic_50hz_06,511,0.02,89.75557613,89.62837485,12.71555606,12.68918746,12.66044536,5.84806299,90.96737073,1,1,0,0,1,0.45339378,0.06417029,0.11861287,0.04092619,0.11781546,0.13619157,-0.04517665,-0.11731665,-0.12194161,0.04812464,0.11343555,0.10417602,-0.04968518,-0.10628404,-0.08340699,0.04981326,0.09606832,0.06023329,-0.04850521,-0.08308290,-0.03532304,0.04071336,0.23097108,-0.11099166,-0.04609451,0.00887475,-0.35433331,0.05015482,0.22802106,-0.14370507,-0.05278704,0.01824517,-0.31541084,0.05392473,0.21251504,-0.18771786,-0.05354399,0.03942333,-0.26757602,0.17858568,0.04425620,-0.45331498,-0.13279226,0.08079780,0.59060199,0.08317037,-0.20352235,-0.71086168,-0.03115064,0.32037926,0.81062689,-0.02176717,-0.42799949,-0.88702135,0.07405743,0.52328030,0.93784258,-0.01331581,-0.00915022,-0.99986948,-0.02192391,-0.01362905,0.11861287,-0.05820923,0.07027681,0.49614776
10510240000000,synthetic_50hz_06,512,0.02,89.78839827,89.66037953,12.69240957,12.66044536,12.62949111,5.85698858,90.94518954,1,1,0,0,1,0.45220563,0.06552326,0.12614317,0.04296774,0.11788314,0.13003224,-0.04663468,-0.11584013,-0.11414279,0.04895713,0.11045739,0.09496256,-0.04986811,-0.10189012,-0.07304451,0.04934138,0.09038531,0.04902056,-0.04739211,-0.07627464,-0.02358331,0.04270533,0.23101321,-0.11712902,-0.04750325,0.01038256,-0.34654996,0.05093929,0.22500650,-0.15290987,-0.05292420,0.02267989,-0.30505006,0.05341021,0.20678766,-0.19893592,-0.05239226,0.04627864,-0.25582407,0.15802542,-0.01267119,-0.51669490,-0.11040617,0.13688353,0.64646183,0.05960386,-0.25714945,-0.75759096,-0.00708314,0.37000163,0.84687839,-0.04564179,-0.47218649,-0.91174992,0.09705084,0.56075799,0.95033528,-0.01312543,-0.00878528,-0.99987527,-0.02201141,-0.01317641,0.12614317,-0.05844891,0.06975117,0.47222115
10510260000000,synthetic_50hz_06,513,0.02,89.76222419,89.68074846,12.66598381,12.62949111,12.59857390,5.86590348,90.92682141,1,1,0,0,1,0.45101282,0.06686447,0.13307071,0.04474260,0.11724902,0.12313243,-0.04780736,-0.11368230,-0.10570690,0.04949381,0.10683807,0.08523378,-0.04975334,-0.09691365,-0.06230334,0.04857845,0.08419516,0.03757666,-0.04600302,-0.06904928,-0.01176663,0.04443062,0.23035381,-0.12400658,-0.04862661,0.01257143,-0.33812984,0.05142788,0.22135098,-0.16262967,-0.05276352,0.02769698,-0.29431089,0.05260450,0.20055327,-0.21038483,-0.05096435,0.05355096,-0.24399546,0.13666600,-0.06913164,-0.57656358,-0.08751691,0.19176880,0.69808977,0.03584466,-0.30887718,-0.79948971,0.01686100,0.41708048,0.87783999,-0.06908055,-0.51325915,-0.93088173,0.11930847,0.59464033,0.95708572,-0.01293836,-0.00841802,-0.99988087,-0.02209178,-0.01272118,0.13307071,-0.05868723,0.06921301,0.44705232
10510280000000,synthetic_50hz_06,514,0.02,89.67131996,89.67886276,12.63767165,12.59857390,12.56972558,5.87480605,90.91220366,1,1,0,0,1,0.44981537,0.06819367,0.13941697,0.04624326,0.11592528,0.11554250,-0.04869101,-0.11086427,-0.09669229,0.04973499,0.10260700,0.07505440,-0.04934508,-0.09139152,-0.05125265,0.04753252,0.07754118,0.02597327,-0.04434959,-0.06145529,0.00005494,0.04588172,0.22900505,-0.13157399,-0.04946090,0.01542028,-0.32913129,0.05162089,0.21708391,-0.17279978,-0.05230925,0.03325956,-0.28326250,0.05151564,0.19385520,-0.22199293,-0.04927192,0.06119181,-0.23216226,0.11464699,-0.12479064,-0.63260656,-0.06426933,0.24513840,0.74523072,0.01203875,-0.35841870,-0.83636953,0.04053891,0.46136563,0.90339541,-0.09194781,-0.55101117,-0.94437599,0.14070581,0.62477080,0.95812976,-0.01275461,-0.00804856,-0.99988627,-0.02216500,-0.01226346,0.13941697,-0.05892421,0.06866242,0.42110454
10510300000000,synthetic_50hz_06,515,0.02,89.64882408,89.67285503,12.60913430,12.56972558,12.53952797,5.88369490,90.90127200,1,1,0,0,1,0.44861333,0.06951062,0.14520894,0.04746405,0.11392817,0.10731624,-0.04928386,-0.10741089,-0.08715995,0.04968278,0.09779691,0.06449079,-0.04864933,-0.08536339,-0.03996234,0.04621330,0.07046881,0.01428175,-0.04244491,-0.05354258,0.01181059,0.04705297,0.22698319,-0.13977746,-0.05000436,0.01890423,-0.31961529,0.05152045,0.21223804,-0.18335381,-0.05156738,0.03932795,-0.27197480,0.05015332,0.18673888,-0.23368885,-0.04732805,0.06915128,-0.22039528,0.09210945,-0.17932508,-0.68453941,-0.04080778,0.29669263,0.78766261,-0.01167041,-0.40550639,-0.86807714,0.06381213,0.50262922,0.92346459,-0.11411411,-0.58526101,-0.95222813,0.16112614,0.65101945,0.95353850,-0.01257421,-0.00767703,-0.99989147,-0.02223103,-0.01180333,0.14520894,-0.05915982,0.06809950,0.39480326
10510320000000,synthetic_50hz_06,516,0.02,89.41713504,89.62171103,12.57989964,12.53952797,12.51581199,5.89256883,90.89396057,1,1,0,0,1,0.44740671,0.07081510,0.15047745,0.04840117,0.11127790,0.09851043,-0.04958594,-0.10335055,-0.07717295,0.04934113,0.09244355,0.05361054,-0.04767379,-0.07887137,-0.02850252,0.04463199,0.06302528,0.00257275,-0.04030343,-0.04536215,0.02343119,0.04794057,0.22430843,-0.14856021,-0.05025704,0.02299490,-0.30964494,0.05113049,0.20684913,-0.19422418,-0.05054560,0.04586006,-0.26051790,0.04852877,0.17925155,-0.24540194,-0.04514719,0.07737836,-0.20876365,0.06919497,-0.23242517,-0.73210899,-0.01727515,0.34614900,0.82519724,-0.03514272,-0.44989319,-0.89449467,0.08654741,0.54066675,0.93800341,-0.13545690,-0.61585264,-0.95446906,0.18046110,0.67328321,0.94341693,-0.01239719,-0.00730356,-0.99989648,-0.02228986,-0.01134090,0.15047745,-0.05939408,0.06752435,0.36852777
10510340000000,synthetic_50hz_06,517,0.02,89.49727059,89.59682294,12.55298283,12.51581199,12.48506158,5.90142712,90.89020203,1,1,0,0,1,0.44619554,0.07210686,0.15525587,0.04905264,0.10799833,0.08918441,-0.04959914,-0.09871487,-0.06679607,0.04871568,0.08658541,0.04248197,-0.04642773,-0.07195966,-0.01694308,0.04280124,0.05525928,-0.00908427,-0.03794077,-0.03696574,0.03484973,0.04854252,0.22100464,-0.15786288,-0.05022080,0.02766067,-0.29928499,0.05045666,0.20095564,-0.20534257,-0.04925319,0.05281167,-0.24896170,0.04665463,0.17144188,-0.25706276,-0.04274496,0.08582131,-0.19733438,0.04604466,-0.28379618,-0.77509438,0.00618805,0.39324367,0.85768066,-0.05824235,-0.49135376,-0.91553961,0.10861750,0.57529790,0.94700312,-0.15586116,-0.64265593,-0.95116409,0.19861127,0.69148589,0.92790255,-0.01222355,-0.00692829,-0.99990129,-0.02234147,-0.01087624,0.15525587,-0.05962696,0.06693708,0.34260633
10510360000000,synthetic_50hz_06,518,0.02,89.38148095,89.55375454,12.52445591,12.48506158,12.45577751,5.91026901,90.88992752,1,1,0,0,1,0.44497984,0.07338567,0.15957880,0.04941827,0.10411678,0.07939965,-0.04932707,-0.09353845,-0.05609526,0.04781375,0.08026337,0.03117362,-0.04492193,-0.06467425,-0.00535323,0.04073500,0.04722055,-0.02062149,-0.03537365,-0.02840545,0.04600169,0.04885867,0.21709915,-0.16762403,-0.04989927,0.03286692,-0.28860140,0.04950629,0.19459846,-0.21664043,-0.04770094,0.06013680,-0.23737538,0.04454485,0.16335964,-0.26860346,-0.04013809,0.09442804,-0.18617199,0.02279831,-0.33316003,-0.81330760,0.02944454,0.43773278,0.88499342,-0.08083849,-0.52968548,-0.93116446,0.12990183,0.60636711,0.95048959,-0.17522004,-0.66556689,-0.94241167,0.21548657,0.70557807,0.90716358,-0.01205332,-0.00655135,-0.99990590,-0.02238584,-0.01040945,0.15957880,-0.05985848,0.06633779,0.31731437
10510380000000,synthetic_50hz_06,519,0.02,89.37887275,89.51877818,12.49561098,12.45577751,12.42303495,5.91909380,90.89306677,1,1,0,0,1,0.44375966,0.07465131,0.16348116,0.04949968,0.09966377,0.06921925,-0.04877504,-0.08785857,-0.04513723,0.04664420,0.07352037,0.01975389,-0.04316858,-0.05706255,0.00619897,0.03844840,0.03895958,-0.03197311,-0.03261972,-0.01973340,0.05682545,0.04889061,0.21262245,-0.17778055,-0.04929775,0.03857639,-0.27766087,0.04828823,0.18782056,-0.22804939,-0.04590102,0.06778804,-0.22582702,0.04221456,0.15505531,-0.27995825,-0.03734423,0.10314643,-0.17533810,-0.00040658,-0.38025677,-0.84659403,0.05236115,0.47939357,0.90705049,-0.10280612,-0.56470924,-0.94135627,0.15028714,0.63374408,0.94852230,-0.19343532,-0.68450778,-0.92834199,0.23100667,0.71553680,0.88139715,-0.01188651,-0.00617287,-0.99991030,-0.02242296,-0.00994061,0.16348116,-0.06008861,0.06572659,0.29287518
10510400000000,synthetic_50hz_06,520,0.02,89.22148064,89.45931867,12.46512905,12.42303495,12.39309907,5.92790074,90.89954811,1,1,0,0,1,0.44253502,0.07590354,0.16699740,0.04930015,0.09467271,0.05870752,-0.04794997,-0.08171487,-0.03398895,0.04521737,0.06640114,0.00829047,-0.04118114,-0.04917304,0.01764703,0.03595763,0.03052726,-0.04307575,-0.02969744,-0.01100136,0.06726259,0.04864164,0.20760799,-0.18826814,-0.04842318,0.04474944,-0.26653039,0.04681283,0.18066663,-0.23950172,-0.04386690,0.07571690,-0.21438311,0.03967995,0.14657976,-0.29106376,-0.03438183,0.11192468,-0.16489113,-0.02343561,-0.42484580,-0.87483265,0.07480955,0.51802538,0.92380105,-0.12402670,-0.59627004,-0.94613584,0.16966810,0.65732396,0.94119309,-0.21041789,-0.69942692,-0.90911530,0.24510124,0.72136508,0.85082729,-0.01172316,-0.00579298,-0.99991450,-0.02245281,-0.00946983,0.16699740,-0.06031736,0.06510359,0.26946249
10510420000000,synthetic_50hz_06,521,0.02,89.26213732,89.41988240,12.43487646,12.39309907,12.35759862,5.93668922,90.90929851,1,1,0,0,1,0.44130593,0.07714214,0.17016084,0.04882465,0.08917966,0.04792950,-0.04686032,-0.07514901,-0.02271723,0.04354498,0.05895178,-0.00314998,-0.03897421,-0.04105494,0.02892638,0.03327981,0.02197447,-0.05386882,-0.02662592,-0.00226046,0.07725820,0.04811672,0.20209181,-0.19902174,-0.04728400,0.05134439,-0.25527675,0.04509180,0.17318280,-0.25093079,-0.04161321,0.08387416,-0.20310821,0.03695816,0.13798391,-0.30185939,-0.03127001,0.12071168,-0.15488599,-0.04615831,-0.46670703,-0.89793598,0.09666703,0.55345034,0.93522790,-0.14438879,-0.62423741,-0.94555676,0.18794775,0.67702743,0.92862478,-0.22608810,-0.71029843,-0.88492011,0.25771022,0.72309120,0.81570278,-0.01156326,-0.00541181,-0.99991850,-0.02247539,-0.00899720,0.17016084,-0.06054472,0.06446890,0.24720441
10510440000000,synthetic_50hz_06,522,0.02,89.34818928,89.40554378,12.40241977,12.35759862,12.31566402,5.94545848,90.92224361,1,1,0,0,1,0.44007244,0.07836689,0.17300331,0.04807972,0.08322299,0.03695057,-0.04551597,-0.06820442,-0.01138829,0.04163997,0.05121949,-0.01450232,-0.03656348,-0.03275787,0.03997483,0.03043284,0.01335184,-0.06429483,-0.02342481,0.00643914,0.08676119,0.04732239,0.19611227,-0.20997599,-0.04589011,0.05831783,-0.24396617,0.04313810,0.16541625,-0.26227145,-0.03915560,0.09221020,-0.19206453,0.03406708,0.12931836,-0.31228766,-0.02802842,0.12945728,-0.14537378,-0.06844890,-0.50564178,-0.91584980,0.11781710,0.58551405,0.94134673,-0.16378858,-0.64850567,-0.93970419,0.20503796,0.69280057,0.91096954,-0.24037600,-0.71712171,-0.85597122,0.26878389,0.72076789,0.77629485,-0.01140685,-0.00502951,-0.99992229,-0.02249068,-0.00852280,0.17300331,-0.06077068,0.06382263,0.22618825
10510460000000,synthetic_50hz_06,523,0.02,89.20326765,89.36508855,12.36598236,12.31566402,12.27713098,5.95420739,90.93830780,1,1,0,0,1,0.43883457,0.07957757,0.17555483,0.04707337,0.07684308,0.02583593,-0.04392815,-0.06092589,-0.00006730,0.03951647,0.04325219,-0.02570328,-0.03396550,-0.02433151,0.05073282,0.02743530,0.00470933,-0.07429971,-0.02011412,0.01504861,0.09572450,0.04626668,0.18970977,-0.22106567,-0.04425274,0.06562495,-0.23266383,0.04096584,0.15741493,-0.27346043,-0.03651065,0.10067535,-0.18131160,0.03102528,0.12063311,-0.32229448,-0.02467708,0.13811263,-0.13640155,-0.09018699,-0.54147354,-0.92855268,0.13815018,0.61408594,0.94220521,-0.18213043,-0.66899396,-0.92869353,0.22085977,0.70461457,0.88840718,-0.25322163,-0.71992081,-0.82250764,0.27828299,0.71447140,0.73289482,-0.01125393,-0.00464619,-0.99992588,-0.02249869,-0.00804673,0.17555483,-0.06099524,0.06316490,0.20646575
10510480000000,synthetic_50hz_06,524,0.02,89.28993213,89.35005727,12.32866478,12.27713098,12.23232343,5.96293490,90.95741424,1,1,0,0,1,0.43759235,0.08077396,0.17784341,0.04581505,0.07008200,0.01465027,-0.04210933,-0.05335930,0.01118197,0.03718958,0.03509822,-0.03669183,-0.03119764,-0.01582524,0.06114384,0.02430625,-0.00390398,-0.08383305,-0.01671411,0.02352065,0.10410531,0.04495903,0.18292638,-0.23222612,-0.04238436,0.07321989,-0.22143350,0.03859015,0.14922715,-0.28443670,-0.03369571,0.10922020,-0.17090596,0.02785184,0.11197719,-0.33182946,-0.02123624,0.14663043,-0.12801212,-0.11125823,-0.57404854,-0.93605520,0.15756404,0.63905952,0.93788179,-0.19932721,-0.68564612,-0.91266882,0.23534368,0.71246521,0.86114318,-0.26457508,-0.71874361,-0.78479038,0.28617866,0.70430029,0.68581171,-0.01110452,-0.00426201,-0.99992926,-0.02249941,-0.00756908,0.17784341,-0.06121840,0.06249583,0.18805839
10510500000000,synthetic_50hz_06,525,0.02,89.27086457,89.33421873,12.28820141,12.23232343,12.18635538,5.97163978,90.97948488,1,1,0,0,1,0.43634581,0.08195585,0.17989500,0.04431549,0.06298324,0.00345727,-0.04007308,-0.04555125,0.02229755,0.03467533,0.02680599,-0.04740952,-0.02827788,-0.00728791,0.07115465,0.02106516,-0.01244029,-0.09284836,-0.01324513,0.03180983,0.11186521,0.04341018,0.17580557,-0.24339364,-0.04029853,0.08105604,-0.21033714,0.03602704,0.14090134,-0.29514182,-0.03072879,0.11779593,-0.16090082,0.02456622,0.10339844,-0.34084610,-0.01772626,0.15496524,-0.12024391,-0.13155491,-0.60323617,-0.93839907,0.17596437,0.66035242,0.92848437,-0.21530071,-0.69843040,-0.89180104,0.24842982,0.71637231,0.82940667,-0.27439659,-0.71366087,-0.74310011,0.29245238,0.69037426,0.63536964,-0.01095863,-0.00387708,-0.99993244,-0.02249284,-0.00708995,0.17989500,-0.06144015,0.06181554,0.17096262
10510520000000,synthetic_50hz_06,526,0.02,89.17364388,89.30210376,12.24542608,12.18635538,12.14231171,5.98032070,91.00444055,1,1,0,0,1,0.43509497,0.08312302,0.18173346,0.04258666,0.05559130,-0.00768072,-0.03783397,-0.03754877,0.03321964,0.03199050,0.01842368,-0.05780082,-0.02522474,0.00123256,0.08071558,0.01773173,-0.02085327,-0.10130328,-0.00972750,0.03987278,0.11897035,0.04163208,0.16839187,-0.25450588,-0.03800984,0.08908635,-0.19943455,0.03329330,0.13248568,-0.30552025,-0.02762838,0.12635460,-0.15134587,0.02118812,0.09494317,-0.34930204,-0.01416746,0.16307371,-0.11313076,-0.15097644,-0.62892915,-0.93565599,0.19326512,0.67790626,0.91414880,-0.22998187,-0.70733901,-0.86628627,0.26006813,0.71637885,0.79344831,-0.28265651,-0.70476516,-0.69773486,0.29709577,0.67283275,0.58190539,-0.01081628,-0.00349154,-0.99993541,-0.02247899,-0.00660943,0.18173346,-0.06166048,0.06112415,0.15515469
10510540000000,synthetic_50hz_06,527,0.02,88.97763580,89.23721017,12.20211804,12.14231171,12.10349236,5.98897652,91.03220099,1,1,0,0,1,0.43383987,0.08427527,0.18338059,0.04064159,0.04795147,-0.01870306,-0.03540746,-0.02939899,0.04389092,0.02915252,0.00999893,-0.06781338,-0.02205709,0.00968941,0.08978075,0.01432575,-0.02909840,-0.10915969,-0.00618139,0.04766847,0.12539152,0.03963779,0.16073055,-0.26550222,-0.03553374,0.09726371,-0.18878306,0.03040635,0.12402780,-0.31551964,-0.02441338,0.13484945,-0.14228700,0.01773734,0.08665593,-0.35715918,-0.01058000,0.17091479,-0.10670188,-0.16942989,-0.65104366,-0.92792633,0.20938882,0.69168640,0.89503718,-0.24331097,-0.71238749,-0.83634370,0.27021836,0.71255012,0.75353803,-0.28933522,-0.69216960,-0.64900751,0.30011042,0.65183351,0.52576580,-0.01067748,-0.00310554,-0.99993817,-0.02245785,-0.00612761,0.18338059,-0.06187939,0.06042178,0.14059506
10510560000000,synthetic_50hz_06,528,0.02,88.83124882,89.15601790,12.16069526,12.10349236,12.06695335,5.99760654,91.06268487,1,1,0,0,1,0.43258053,0.08541238,0.18485622,0.03849431,0.04010944,-0.02955122,-0.03280977,-0.02114884,0.05425687,0.02617930,0.00157852,-0.07739826,-0.01879408,0.01803732,0.09830823,0.01086701,-0.03713313,-0.11638393,-0.00262665,0.05515837,0.13110422,0.03744131,0.15286730,-0.27632411,-0.03288645,0.10554119,-0.17843718,0.02738413,0.11557450,-0.32509106,-0.02110293,0.14323516,-0.13376611,0.01423368,0.07857924,-0.36438382,-0.00698374,0.17844997,-0.10098177,-0.18683029,-0.66951915,-0.91533770,0.22426691,0.70168145,0.87133612,-0.25523781,-0.71361394,-0.80221352,0.27885009,0.70497261,0.70996273,-0.29442298,-0.67600660,-0.59724339,0.30150753,0.62755100,0.46730523,-0.01054225,-0.00271920,-0.99994073,-0.02242943,-0.00564460,0.18485622,-0.06209688,0.05970857,0.12723235
10510580000000,synthetic_50hz_06,529,0.02,88.98137451,89.12108922,12.12132365,12.06695335,12.02102280,6.00621045,91.09580987,1,1,0,0,1,0.43131699,0.08653416,0.18617830,0.03615969,0.03211103,-0.04016902,-0.03005772,-0.01284474,0.06426602,0.02308917,-0.00679187,-0.08651021,-0.01545494,0.02623267,0.10626026,0.00737515,-0.04491716,-0.12294679,0.00091728,0.06230667,0.13608870,0.03505755,0.14484796,-0.28691538,-0.03008480,0.11387236,-0.16844837,0.02424493,0.10717145,-0.33418924,-0.01771626,0.15146811,-0.12582097,0.01069675,0.07075342,-0.37094678,-0.00339814,0.18564341,-0.09599019,-0.20310101,-0.68431809,-0.89804328,0.23783986,0.70790270,0.84325476,-0.26572168,-0.71107814,-0.76415481,0.28594262,0.69375287,0.66302393,-0.29791970,-0.65642639,-0.54277776,0.30130762,0.60017482,0.40688305,-0.01041059,-0.00233265,-0.99994309,-0.02239375,-0.00516047,0.18617830,-0.06231294,0.05898463,0.11500669
10510600000000,synthetic_50hz_06,530,0.02,88.43320770,88.98351292,12.07919730,12.02102280,11.99424300,6.01478763,91.13149271,1,1,0,0,1,0.43004927,0.08764040,0.18736303,0.03365337,0.02400189,-0.05050299,-0.02716866,-0.00453231,0.07387025,0.01990066,-0.01506794,-0.09510780,-0.01205892,0.03423377,0.11360334,0.00386951,-0.05241262,-0.12882365,0.00443146,0.06908039,0.14032991,0.03250212,0.13671817,-0.29722256,-0.02714614,0.12221160,-0.15886477,0.02100732,0.09886295,-0.34277277,-0.01427261,0.15950661,-0.11848510,0.00714593,0.06321633,-0.37682344,0.00015789,0.19246215,-0.09174218,-0.21817399,-0.69542554,-0.87622012,0.25005733,0.71038337,0.81102277,-0.27473141,-0.70486052,-0.72244325,0.29148485,0.67901621,0.61303536,-0.29983465,-0.63359555,-0.48595338,0.29954007,0.56990803,0.34486113,-0.01028251,-0.00194604,-0.99994524,-0.02235081,-0.00467534,0.18736303,-0.06252755,0.05825010,0.10385264
10510620000000,synthetic_50hz_06,531,0.02,88.01995519,88.79080137,12.04351649,11.99424300,11.97787798,6.02333840,91.16964919,1,1,0,0,1,0.42877740,0.08873090,0.18842497,0.03099158,0.01582719,-0.06050259,-0.02416029,0.00374388,0.08302492,0.01663246,-0.02320701,-0.10315360,-0.00862509,0.04200108,0.12030832,0.00036907,-0.05958423,-0.13399449,0.00789760,0.07544954,0.14381754,0.02979127,0.12852310,-0.30719512,-0.02408818,0.13051434,-0.14973100,0.01768997,0.09069168,-0.35080423,-0.01079108,0.16731112,-0.11178763,0.00360017,0.05600327,-0.38199377,0.00366605,0.19887618,-0.08824807,-0.23198992,-0.70284855,-0.85006727,0.26087820,0.70917773,0.77488826,-0.28224524,-0.69506099,-0.67736886,0.29547502,0.66090531,0.56032060,-0.30018612,-0.60769543,-0.42711804,0.29624271,0.53696540,0.28160147,-0.01015803,-0.00155949,-0.99994719,-0.02230063,-0.00418929,0.18842497,-0.06274073,0.05750512,0.09370153
10510640000000,synthetic_50hz_06,532,0.02,87.76159648,88.58496039,12.01594832,11.97787798,11.96429029,6.03186404,91.21019427,1,1,0,0,1,0.42750141,0.08980548,0.18937719,0.02819108,0.00763139,-0.07012051,-0.02105060,0.01194057,0.09168914,0.01330323,-0.03116828,-0.11061434,-0.00517231,0.04949739,0.12635047,-0.00310772,-0.06639947,-0.13844386,0.01129815,0.08138722,0.14654584,0.02694175,0.12030720,-0.31678573,-0.02092889,0.13873732,-0.14108797,0.01431156,0.08269845,-0.35825032,-0.00729051,0.17484443,-0.10575329,0.00007795,0.04914674,-0.38644231,0.00710878,0.20485861,-0.08551357,-0.24449838,-0.70661548,-0.81980379,0.27027057,0.70436013,0.73511560,-0.28825073,-0.68179775,-0.62923368,0.29792049,0.63957883,0.50521066,-0.29900106,-0.57892055,-0.36662219,0.29146129,0.50157172,0.21746382,-0.01003715,-0.00117314,-0.99994894,-0.02224322,-0.00370242,0.18937719,-0.06295247,0.05674980,0.08448344
10510660000000,synthetic_50hz_06,533,0.02,87.74959650,88.41788761,11.99425195,11.96429029,11.94402761,6.04036635,91.25304206,1,1,0,0,1,0.42622134,0.09086392,0.19023139,0.02526897,-0.00054210,-0.07931278,-0.01785767,0.02001607,0.09982586,0.00993152,-0.03891298,-0.11746090,-0.00171905,0.05668800,0.13170950,-0.00654298,-0.07282868,-0.14216085,0.01461638,0.08686968,0.14851363,0.02397067,0.11211390,-0.32595045,-0.01768636,0.14683885,-0.13297272,0.01089064,0.07492202,-0.36508195,-0.00378938,0.18207183,-0.10040238,-0.00340287,0.04267641,-0.39015818,0.01046934,0.21038569,-0.08353990,-0.25565786,-0.70677511,-0.78566677,0.27821166,0.69602387,0.69198321,-0.29274448,-0.66520593,-0.57834946,0.29883735,0.61520980,0.44804163,-0.29631459,-0.54747689,-0.30481654,0.28524895,0.46395996,0.15280346,-0.00991988,-0.00078713,-0.99995049,-0.02217861,-0.00321482,0.19023139,-0.06316275,0.05598430,0.07612873
10510680000000,synthetic_50hz_06,534,0.02,87.68329200,88.27096849,11.97315772,11.94402761,11.92111416,6.04884685,91.29810593,1,1,0,0,1,0.42493720,0.09190605,0.19099801,0.02224262,-0.00865108,-0.08803906,-0.01459960,0.02793046,0.10740200,0.00653566,-0.04640459,-0.12366849,0.00171670,0.06354085,0.13636957,-0.00991957,-0.07884520,-0.14513904,0.01783645,0.09187640,0.14972409,0.02089541,0.10398539,-0.33464892,-0.01437871,0.15477901,-0.12541831,0.00744551,0.06739892,-0.37127431,-0.00030568,0.18896127,-0.09575073,-0.00682514,0.03661895,-0.39313493,0.01373190,0.21543690,-0.08232387,-0.26543577,-0.70339571,-0.74790918,0.28468769,0.68428000,0.64578135,-0.29573193,-0.64543619,-0.52503535,0.29825008,0.58798415,0.38915234,-0.29216954,-0.51358025,-0.24204988,0.27766562,0.42436960,0.08796901,-0.00980623,-0.00040158,-0.99995184,-0.02210681,-0.00272659,0.19099801,-0.06337158,0.05520875,0.06856920
10510700000000,synthetic_50hz_06,535,0.02,87.77722865,88.17222052,11.95129943,11.92111416,11.89081052,6.05730673,91.34529852,1,1,0,0,1,0.42364903,0.09293168,0.19168638,0.01912955,-0.01665486,-0.09626270,-0.01129439,0.03564577,0.11438858,0.00313361,-0.05360900,-0.12921659,0.00511752,0.07002665,0.14031922,-0.01322110,-0.08442541,-0.14737638,0.02094351,0.09639013,0.15018462,0.01773347,0.09596236,-0.34284448,-0.01102392,0.16251983,-0.11845375,0.00399416,0.06016325,-0.37680687,0.00314316,0.19548345,-0.09180979,-0.01017247,0.03099797,-0.39537054,0.01688162,0.21999498,-0.08185807,-0.27380832,-0.69656395,-0.70679777,0.28969365,0.66925608,0.59680984,-0.29722698,-0.62265324,-0.46961560,0.29619111,0.55809901,0.32888213,-0.28661592,-0.47745453,-0.17866683,0.26877746,0.38304482,0.02330049,-0.00969620,-0.00001663,-0.99995299,-0.02202785,-0.00223783,0.19168638,-0.06357895,0.05442328,0.06173904
10510720000000,synthetic_50hz_06,536,0.02,87.53528818,88.04483405,11.92589408,11.89081052,11.86840995,6.06574649,91.39453182,1,1,0,0,1,0.42235686,0.09394062,0.19230480,0.01594726,-0.02451443,-0.10395088,-0.00795982,0.04312622,0.12076071,-0.00025712,-0.06049465,-0.13408895,0.00846664,0.07611899,0.14355134,-0.01643207,-0.08954879,-0.14887509,0.02392375,0.10039686,0.14990669,0.01450238,0.08808383,-0.35050434,-0.00763978,0.17002551,-0.11210392,0.00055411,0.05324659,-0.38166342,0.00654039,0.20161195,-0.08858669,-0.01342935,0.02583399,-0.39686719,0.01990466,0.22404592,-0.08213103,-0.28076043,-0.68638378,-0.66261091,0.29323308,0.65109474,0.54537584,-0.29725168,-0.59703434,-0.41241733,0.29270037,0.52576116,0.26756864,-0.27971038,-0.43933003,-0.11500582,0.25865621,0.34023282,-0.04087267,-0.00958981,0.00036759,-0.99995395,-0.02194176,-0.00174863,0.19230480,-0.06378485,0.05362804,0.05557543
10510740000000,synthetic_50hz_06,537,0.02,87.44799824,87.92546689,11.90175075,11.86840995,11.84778249,6.07416672,91.44571718,1,1,0,0,1,0.42106072,0.09493270,0.19286066,0.01271321,-0.03219267,-0.11107471,-0.00461333,0.05033829,0.12649765,-0.00361955,-0.06703263,-0.13827360,0.01174807,0.08179440,0.14606306,-0.01953790,-0.09419799,-0.14964145,0.02676444,0.10388581,0.14890561,0.01121957,0.08038692,-0.35759960,-0.00424375,0.17726256,-0.10638954,-0.00285768,0.04667783,-0.38583196,0.00987000,0.20732331,-0.08608430,-0.01658121,0.02114438,-0.39763120,0.02278832,0.22757894,-0.08312745,-0.28628552,-0.67297515,-0.61563640,0.29531772,0.62995237,0.49179167,-0.29583578,-0.56876776,-0.35376835,0.28782475,0.49118532,0.20554572,-0.27151560,-0.39944177,-0.05139712,0.24737852,0.29618213,-0.10423329,-0.00948705,0.00075094,-0.99995471,-0.02184855,-0.00125909,0.19286066,-0.06398928,0.05282317,0.05001897
10510760000000,synthetic_50hz_06,538,0.02,87.50558285,87.84149008,11.87908408,11.84778249,11.82471677,6.08256807,91.49876537,1,1,0,0,1,0.41976064,0.09590772,0.19336054,0.00944462,-0.03965450,-0.11760928,-0.00127198,0.05725094,0.13158281,-0.00693734,-0.07319681,-0.14176275,0.01494664,0.08703238,0.14785560,-0.02252503,-0.09835876,-0.14968571,0.02945401,0.10684942,0.14720030,0.00790228,0.07290669,-0.36410534,-0.00085285,0.18419992,-0.10132722,-0.00622486,0.04048313,-0.38930472,0.01311682,0.21259703,-0.08430139,-0.01961449,0.01694337,-0.39767279,0.02552100,0.23058648,-0.08482841,-0.29038525,-0.65647272,-0.56616937,0.29596721,0.60599755,0.43637261,-0.29301629,-0.53805120,-0.29399503,0.28161757,0.45459257,0.14314143,-0.26209969,-0.35802783,0.01183900,0.23502536,0.25114098,-0.16647810,-0.00938794,0.00113329,-0.99995529,-0.02174827,-0.00076930,0.19336054,-0.06419224,0.05200882,0.04501398
10510780000000,synthetic_50hz_06,539,0.02,87.25630268,87.72445260,11.85624981,11.82471677,11.81337468,6.09095107,91.55358668,1,1,0,0,1,0.41845665,0.09686553,0.19381028,0.00615841,-0.04686708,-0.12353365,0.00204775,0.06383568,0.13600370,-0.01019487,-0.07896386,-0.14455270,0.01804806,0.09181548,0.14893417,-0.02538093,-0.10202002,-0.14902181,0.03198205,0.10928327,0.14481307,0.00456743,0.06567601,-0.37000065,0.00251640,0.19080909,-0.09692944,-0.00953180,0.03468579,-0.39207798,0.01626656,0.21741566,-0.08323274,-0.02251664,0.01324206,-0.39700592,0.02809231,0.23306411,-0.08721159,-0.29306924,-0.63702448,-0.51451007,0.29520862,0.57940965,0.37943483,-0.28883700,-0.50509017,-0.23342031,0.27413807,0.41620870,0.08067617,-0.25153561,-0.31532774,0.07439390,0.22168127,0.20535574,-0.22731916,-0.00929247,0.00151452,-0.99995568,-0.02164094,-0.00027935,0.19381028,-0.06439372,0.05118512,0.04050857
10510800000000,synthetic_50hz_06,540,0.02,86.86576220,87.55271452,11.83824225,11.81337468,11.81919189,6.09931674,91.61009090,1,1,0,0,1,0.41714877,0.09780594,0.19421507,0.00287113,-0.05379988,-0.12883091,0.00532992,0.07006665,0.13975188,-0.01337731,-0.08431336,-0.14664374,0.02103902,0.09612928,0.14930779,-0.02809417,-0.10517374,-0.14766723,0.03433935,0.11118600,0.14176935,0.00123157,0.05872538,-0.37526858,0.00584807,0.19706424,-0.09320465,-0.01276369,0.02930624,-0.39415204,0.01930591,0.22176477,-0.08286936,-0.02527625,0.01004846,-0.39564806,0.03049302,0.23501048,-0.09025158,-0.29435470,-0.61479037,-0.46096187,0.29307608,0.55037724,0.32129332,-0.28334794,-0.47009647,-0.17236174,0.26545075,0.37626261,0.01846089,-0.23990049,-0.27158091,0.13597219,0.20743378,0.15906942,-0.28648514,-0.00920065,0.00189448,-0.99995588,-0.02152660,0.00021064,0.19421507,-0.06459372,0.05035224,0.03645471
10510820000000,synthetic_50hz_06,541,0.02,87.04621559,87.45141474,11.83024110,11.81919189,11.81986316,6.10766720,91.66818740,1,1,0,0,1,0.41583705,0.09872880,0.19457950,-0.00040118,-0.06042486,-0.13348806,0.00855931,0.07592073,0.14282284,-0.01647068,-0.08922778,-0.14803998,0.02390719,0.09996235,0.14898906,-0.03065444,-0.10781496,-0.14564271,0.03651792,0.11255921,0.13809742,-0.00208925,0.05208288,-0.37989616,0.00912695,0.20294223,-0.09015733,-0.01590653,0.02436202,-0.39553102,0.02222253,0.22563294,-0.08319862,-0.02788300,0.00736755,-0.39361996,0.03271516,0.23642718,-0.09392008,-0.29426611,-0.58994082,-0.40582918,0.28961030,0.51909661,0.26225999,-0.27660489,-0.43328661,-0.11112972,0.25562483,0.33498475,-0.04320448,-0.22727499,-0.22702512,0.19629307,0.19237271,0.11252026,-0.34372244,-0.00911247,0.00227305,-0.99995590,-0.02140528,0.00070060,0.19457950,-0.06479222,0.04951032,0.03280815
10510840000000,synthetic_50hz_06,542,0.02,87.27037846,87.41520748,11.82588237,11.81986316,11.81796753,6.11600464,91.72778520,1,1,0,0,1,0.41452150,0.09963392,0.19490768,-0.00364304,-0.06671647,-0.13749603,0.01172145,0.08137757,0.14521595,-0.01946193,-0.09369252,-0.14874924,0.02664131,0.10330627,0.14799401,-0.03305260,-0.10994165,-0.14297205,0.03851098,0.11340736,0.13382813,-0.00537957,0.04577402,-0.38387431,0.01233856,0.20842270,-0.08778815,-0.01894726,0.01986774,-0.39622272,0.02500517,0.22901173,-0.08420450,-0.03032774,0.00520136,-0.39094540,0.03475193,0.23731867,-0.09818624,-0.29283471,-0.56265530,-0.34941555,0.28485802,0.48577027,0.20264177,-0.26866874,-0.39488025,-0.05002574,0.24473362,0.29260564,-0.10403256,-0.21374271,-0.18189508,0.25509155,0.17658950,0.06594040,-0.39879614,-0.00902795,0.00265010,-0.99995574,-0.02127703,0.00119041,0.19490768,-0.06498924,0.04865950,0.02952829
10510860000000,synthetic_50hz_06,543,0.02,86.98113148,87.32839228,11.82255813,11.81796753,11.83704087,6.12433099,91.78879299,1,1,0,0,1,0.41320216,0.10052116,0.19520322,-0.00683963,-0.07265180,-0.14084955,0.01480267,0.08641959,0.14693426,-0.02233895,-0.09769585,-0.14878279,0.02923118,0.10615550,0.14634184,-0.03528066,-0.11155464,-0.13968179,0.04031298,0.11373761,0.12899465,-0.00862454,0.03982173,-0.38719778,0.01546922,0.21348808,-0.08609403,-0.02187379,0.01583509,-0.39623844,0.02764362,0.23189563,-0.08586779,-0.03260248,0.00354904,-0.38765095,0.03659779,0.23769211,-0.10301691,-0.29009814,-0.53312087,-0.29202172,0.27887157,0.45060538,0.14273891,-0.25960501,-0.35509872,0.01065912,0.23285391,0.24935441,-0.16374985,-0.19938953,-0.13642109,0.31211960,0.16017665,0.01955468,-0.45149079,-0.00894709,0.00302550,-0.99995540,-0.02114188,0.00168000,0.19520322,-0.06518476,0.04779995,0.02657806
10510880000000,synthetic_50hz_06,544,0.02,86.48910729,87.16053528,11.82864088,11.83704087,11.88424607,6.13264900,91.85111920,1,1,0,0,1,0.41187907,0.10139034,0.19546935,-0.00997683,-0.07821059,-0.14354707,0.01779018,0.09103202,0.14798439,-0.02509064,-0.10122895,-0.14815524,0.03166772,0.10850741,0.14405471,-0.03733180,-0.11265754,-0.13580102,0.04191959,0.11355971,0.12363212,-0.01181005,0.03424628,-0.38986499,0.01850614,0.21812361,-0.08506837,-0.02467500,0.01227294,-0.39559276,0.03012880,0.23428197,-0.08816635,-0.03470041,0.00240701,-0.38376567,0.03824839,0.23755725,-0.10837692,-0.28609991,-0.50153069,-0.23394391,0.27170828,0.41381235,0.08284333,-0.24948318,-0.31416361,0.07064566,0.22006536,0.20545738,-0.22209790,-0.18430295,-0.09082772,0.36714696,0.14322701,-0.02642054,-0.50161100,-0.00886987,0.00339913,-0.99995489,-0.02099989,0.00216925,0.19546935,-0.06537877,0.04693182,0.02392368
10510900000000,synthetic_50hz_06,545,0.02,86.27014533,86.98245729,11.85199506,11.88424607,11.94711295,6.14096312,91.91467204,1,1,0,0,1,0.41055224,0.10224132,0.19570890,-0.01304130,-0.08337524,-0.14559060,0.02067211,0.09520288,0.14837631,-0.02770693,-0.10428578,-0.14688426,0.03394295,0.11036206,0.14115746,-0.03920038,-0.11325656,-0.13136103,0.04332764,0.11288582,0.11777740,-0.01492277,0.02906525,-0.39187798,0.02143745,0.22231729,-0.08470117,-0.02734084,0.00918731,-0.39430336,0.03245274,0.23617085,-0.09107533,-0.03661588,0.00176905,-0.37932087,0.03970059,0.23692625,-0.11422944,-0.28088892,-0.46808261,-0.17547211,0.26342994,0.37560336,0.02323711,-0.23837616,-0.27229529,0.12966782,0.20644989,0.16113682,-0.27883436,-0.16857156,-0.04533270,0.41996198,0.12583324,-0.07177839,-0.54898191,-0.00879630,0.00377084,-0.99995420,-0.02085109,0.00265808,0.19570890,-0.06557128,0.04605526,0.02153445
10510920000000,synthetic_50hz_06,546,0.02,86.20201457,86.82636875,11.89194457,11.94711295,12.01984729,6.14927908,91.97935956,1,1,0,0,1,0.40922172,0.10307394,0.19592440,-0.01602053,-0.08813087,-0.14698559,0.02343753,0.09892295,0.14812321,-0.03017882,-0.10686305,-0.14499036,0.03605004,0.11172223,0.13767738,-0.04088191,-0.11336041,-0.12639509,0.04453515,0.11173035,0.11146878,-0.01795017,0.02429354,-0.39324218,0.02425223,0.22605991,-0.08497927,-0.02986228,0.00658148,-0.39239077,0.03460859,0.23756500,-0.09456744,-0.03834441,0.00162646,-0.37434982,0.04095237,0.23581351,-0.12053617,-0.27451895,-0.43297776,-0.11688854,0.25410227,0.33619099,-0.03580884,-0.22635970,-0.22971168,0.18747383,0.19209108,0.11660967,-0.33373386,-0.15228438,-0.00014576,0.47037218,0.10808725,-0.11632236,-0.59344946,-0.00872639,0.00414052,-0.99995335,-0.02069553,0.00314639,0.19592440,-0.06576228,0.04517043,0.01938261
10510940000000,synthetic_50hz_06,547,0.02,86.06881834,86.67485866,11.94566371,12.01984729,12.10516009,6.15760333,92.04508970,1,1,0,0,1,0.40788752,0.10388806,0.19611809,-0.01890288,-0.09246523,-0.14774075,0.02607652,0.10218571,0.14724125,-0.03249835,-0.10896013,-0.14249671,0.03798325,0.11259318,0.13364393,-0.04237307,-0.11298012,-0.12093814,0.04554126,0.11010978,0.10474564,-0.02088062,0.01994338,-0.39396630,0.02694054,0.22934494,-0.08588649,-0.03223138,0.00445610,-0.38987814,0.03659062,0.23846972,-0.09861321,-0.03988265,0.00196819,-0.36888744,0.04200290,0.23423552,-0.12725771,-0.26704811,-0.39641913,-0.05846619,0.24379429,0.29578687,-0.09403606,-0.21351176,-0.18662693,0.24382721,0.17707359,0.07208645,-0.38658870,-0.13553031,0.04453231,0.51820466,0.09007963,-0.15986719,-0.63488054,-0.00866012,0.00450804,-0.99995234,-0.02053327,0.00363408,0.19611809,-0.06595176,0.04427748,0.01744300
10510960000000,synthetic_50hz_06,548,0.02,85.55727995,86.45134292,12.01265219,12.10516009,12.21589458,6.16594280,92.11177032,1,1,0,0,1,0.40654969,0.10468352,0.19629195,-0.02167762,-0.09636874,-0.14786785,0.02858014,0.10498727,0.14574935,-0.03465868,-0.11057896,-0.13942883,0.03973799,0.11298261,0.12908850,-0.04367164,-0.11212892,-0.11502650,0.04634621,0.10804250,0.09764823,-0.02370338,0.01602436,-0.39406214,0.02949346,0.23216849,-0.08740391,-0.03444128,0.00280922,-0.38679099,0.03839422,0.23889269,-0.10318127,-0.04122840,0.00278102,-0.36297007,0.04285240,0.23221065,-0.13435384,-0.25853834,-0.35861029,-0.00046752,0.23257783,0.25460041,-0.15119962,-0.19991200,-0.14325028,0.29850761,0.16148261,0.02777018,-0.43720948,-0.11839761,0.08851055,0.56330640,0.07189914,-0.20223948,-0.67316294,-0.00859749,0.00487327,-0.99995117,-0.02036436,0.00412106,0.19629195,-0.06613973,0.04337659,0.01569295
10510980000000,synthetic_50hz_06,549,0.02,85.22492651,86.20605964,12.09801399,12.21589458,12.33965783,6.17430552,92.17930930,1,1,0,0,1,0.40520825,0.10546018,0.19644771,-0.02433497,-0.09983442,-0.14738158,0.03094049,0.10732629,0.14366898,-0.03665399,-0.11172390,-0.13581434,0.04131073,0.11290046,0.12404411,-0.04477647,-0.11082204,-0.10869763,0.04695128,0.10554857,0.09021734,-0.02640867,0.01254348,-0.39354436,0.03190307,0.23452924,-0.08951006,-0.03648618,0.00163648,-0.38315695,0.04001589,0.23884386,-0.10823858,-0.04238051,0.00404974,-0.35663517,0.04350216,0.22975898,-0.14178375,-0.24905484,-0.31975409,0.05685673,0.22052696,0.21283763,-0.20706907,-0.18564118,-0.09978497,0.35131151,0.14540328,-0.01614455,-0.48542547,-0.10097333,0.13160860,0.60554440,0.05363228,-0.24327832,-0.70820519,-0.00853851,0.00523610,-0.99994984,-0.02018885,0.00460723,0.19644771,-0.06632617,0.04246791,0.01411201
10511000000000,synthetic_50hz_06,550,0.02,84.86270696,85.93738911,12.19950441,12.33965783,12.47295918,6.18270008,92.24761455,1,1,0,0,1,0.40386324,0.10621791,0.19658693,-0.02686610,-0.10285781,-0.14629928,0.03315071,0.10920392,0.14102392,-0.03847958,-0.11240164,-0.13168277,0.04269906,0.11235877,0.11854515,-0.04568750,-0.10907654,-0.10198981,0.04735876,0.10264959,0.08249406,-0.02898767,0.00950517,-0.39243031,0.03416251,0.23642831,-0.09218117,-0.03836136,0.00093120,-0.37900555,0.04145318,0.23833526,-0.11375076,-0.04333891,0.00575727,-0.34992102,0.04395446,0.22690208,-0.14950637,-0.23866556,-0.28005143,0.11326861,0.20771738,0.17070000,-0.26142925,-0.17078062,-0.05642721,0.40205276,0.12892017,-0.05947240,-0.53108490,-0.08334289,0.17365739,0.64480562,0.03536280,-0.28283576,-0.73993629,-0.00848316,0.00559638,-0.99994836,-0.02000680,0.00509250,0.19658693,-0.06651108,0.04155161,0.01268175
10511020000000,synthetic_50hz_06,551,0.02,85.28502419,85.80691612,12.31435541,12.47295918,12.58075458,6.19113524,92.31659405,1,1,0,0,1,0.40251468,0.10695657,0.19671095,-0.02926315,-0.10543690,-0.14464076,0.03520494,0.11062364,0.13783999,-0.04013176,-0.11262105,-0.12706523,0.04390156,0.11137155,0.11262713,-0.04640566,-0.10691115,-0.09494192,0.04757186,0.09936845,0.07451950,-0.03143250,0.00691146,-0.39073981,0.03626592,0.23786920,-0.09539141,-0.04006314,0.00068450,-0.37436790,0.04270470,0.23738089,-0.11968230,-0.04410453,0.00788489,-0.34286648,0.04421251,0.22366288,-0.15748057,-0.22744063,-0.23970013,0.16854384,0.19422597,0.12838341,-0.31408096,-0.15541169,-0.01336534,0.45056299,0.11211682,-0.10203806,-0.57405508,-0.06558957,0.21449965,0.68099689,0.01717134,-0.32077712,-0.76830524,-0.00843144,0.00595401,-0.99994673,-0.01981827,0.00557677,0.19671095,-0.06669446,0.04062784,0.01138561
10511040000000,synthetic_50hz_06,552,0.02,85.72514864,85.79056263,12.42624306,12.58075458,12.66327397,6.19961777,92.38615595,1,1,0,0,1,0.40116260,0.10767602,0.19682097,-0.03151925,-0.10757206,-0.14242807,0.03709836,0.11159116,0.13414487,-0.04160790,-0.11239303,-0.12199421,0.04491786,0.10995456,0.10632639,-0.04693283,-0.10434605,-0.08759315,0.04759469,0.09572919,0.06633454,-0.03373631,0.00476197,-0.38849490,0.03820848,0.23885760,-0.09911311,-0.04158887,0.00088550,-0.36927648,0.04377007,0.23599653,-0.12599684,-0.04467924,0.01041242,-0.33551076,0.04428042,0.22006538,-0.16566547,-0.21545188,-0.19889386,0.22247262,0.18013023,0.08607723,-0.36484152,-0.13961533,0.02922105,0.49669188,0.09507526,-0.14367687,-0.61422237,-0.04779413,0.25399043,0.71404455,-0.00086493,-0.35698131,-0.79328049,-0.00838334,0.00630886,-0.99994496,-0.01962331,0.00605995,0.19682097,-0.06687630,0.03969678,0.01020867
10511060000000,synthetic_50hz_06,553,0.02,85.65195389,85.76284088,12.52579604,12.66327397,12.74055578,6.20815170,92.45620860,1,1,0,0,1,0.39980705,0.10837613,0.19691802,-0.03362852,-0.10926591,-0.13968525,0.03882714,0.11211429,0.12996777,-0.04290635,-0.11173036,-0.11650326,0.04574855,0.10812519,0.09967990,-0.04727180,-0.10140272,-0.07998273,0.04743218,0.09175676,0.05797961,-0.03589319,0.00305408,-0.38571964,0.03998636,0.23940134,-0.10331703,-0.04293693,0.00152141,-0.36376486,0.04464987,0.23419955,-0.13265743,-0.04506585,0.01331838,-0.32789308,0.04416312,0.21613456,-0.17402066,-0.20277232,-0.15782113,0.27486026,0.16550776,0.04396341,-0.41354511,-0.12347153,0.07116179,0.54030726,0.07787556,-0.18423537,-0.65149210,-0.03003440,0.29199736,0.74389412,-0.01867267,-0.39134092,-0.81484932,-0.00833887,0.00666081,-0.99994305,-0.01942200,0.00654194,0.19691802,-0.06705661,0.03875859,0.00913750
10511080000000,synthetic_50hz_06,554,0.02,86.00587121,85.81144694,12.61599513,12.74055578,12.79308036,6.21673913,92.52666058,1,1,0,0,1,0.39844804,0.10905679,0.19700303,-0.03558604,-0.11052322,-0.13643816,0.04038845,0.11220281,0.12533928,-0.04402644,-0.11064754,-0.11062682,0.04639513,0.10590225,0.09272493,-0.04742623,-0.09810375,-0.07214974,0.04709001,0.08747687,0.04949444,-0.03789823,0.00178303,-0.38243987,0.04159673,0.23951019,-0.10797261,-0.04410662,0.00257771,-0.35786747,0.04534560,0.23200877,-0.13962680,-0.04526800,0.01658018,-0.32005254,0.04386628,0.21189609,-0.18250639,-0.18947561,-0.11666438,0.32552770,0.15043583,0.00221576,-0.46004305,-0.10705891,0.11229675,0.58129514,0.06059544,-0.22357170,-0.68578822,-0.01238497,0.32840096,0.77050971,-0.03618257,-0.42376228,-0.83301704,-0.00829800,0.00700974,-0.99994100,-0.01921440,0.00702265,0.19700303,-0.06723536,0.03781344,0.00816002
10511100000000,synthetic_50hz_06,555,0.02,86.26592006,85.90234157,12.69037093,12.79308036,12.82559383,6.22537982,92.59742076,1,1,0,0,1,0.39708561,0.10971787,0.19707676,-0.03738784,-0.11135079,-0.13271415,0.04178041,0.11186832,0.12029106,-0.04496843,-0.10916064,-0.10439992,0.04685999,0.10330581,0.08549888,-0.04740056,-0.09447263,-0.06413287,0.04657454,0.08291575,0.04091788,-0.03974747,0.00094202,-0.37868295,0.04303769,0.23919575,-0.11304818,-0.04509820,0.00403836,-0.35161934,0.04585965,0.22944426,-0.14686755,-0.04529013,0.02017434,-0.31202781,0.04339627,0.20737624,-0.19108383,-0.17563564,-0.07559916,0.37431189,0.13499091,-0.03900081,-0.50420394,-0.09045433,0.15247637,0.61955956,0.04330992,-0.26155597,-0.71705299,0.00508315,0.36309478,0.79387345,-0.05332966,-0.45416540,-0.84780617,-0.00826073,0.00735553,-0.99993883,-0.01900057,0.00750198,0.19707676,-0.06741257,0.03686150,0.00726534
10511120000000,synthetic_50hz_06,556,0.02,86.41642369,86.00515799,12.74716455,12.82559383,12.84325137,6.23407132,92.66839838,1,1,0,0,1,0.39571979,0.11035924,0.19713989,-0.03903092,-0.11175729,-0.12854192,0.04300207,0.11112409,0.11485561,-0.04573346,-0.10728713,-0.09785796,0.04714633,0.10035704,0.07803902,-0.04719994,-0.09053360,-0.05597018,0.04589277,0.07810004,0.03228769,-0.04143790,0.00052237,-0.37447758,0.04430832,0.23847128,-0.11851123,-0.04591282,0.00588588,-0.34505587,0.04619522,0.22652717,-0.15434239,-0.04513740,0.02407661,-0.30385696,0.04276007,0.20260161,-0.19971519,-0.16132601,-0.03479336,0.42106600,0.11924824,-0.07953080,-0.54591365,-0.07373248,0.19156205,0.65502236,0.02609098,-0.29807048,-0.74524647,0.02230274,0.39598539,0.81398477,-0.07005346,-0.48248386,-0.85925552,-0.00822705,0.00769807,-0.99993653,-0.01878058,0.00797984,0.19713989,-0.06758823,0.03590294,0.00644363
10511140000000,synthetic_50hz_06,557,0.02,86.71383374,86.14689314,12.78752101,12.84325137,12.84122809,6.24280958,92.73950307,1,1,0,0,1,0.39435062,0.11098080,0.19719300,-0.04051317,-0.11175317,-0.12395123,0.04405338,0.10998489,0.10906607,-0.04632350,-0.10504569,-0.09103649,0.04725810,0.09707798,0.07038228,-0.04683023,-0.08631146,-0.04769891,0.04505222,0.07305654,0.02364037,-0.04296741,0.00051363,-0.36985352,0.04540853,0.23735157,-0.12432862,-0.04655245,0.00810160,-0.33821261,0.04635626,0.22327957,-0.16201441,-0.04481565,0.02826220,-0.29557723,0.04196522,0.19759903,-0.20836400,-0.14661969,0.00559340,0.46565961,0.10328143,-0.11922865,-0.58507519,-0.05696552,0.22942649,0.68762279,0.00900727,-0.33300986,-0.77034590,0.03921067,0.42699240,0.83085959,-0.08629814,-0.50866454,-0.86741920,-0.00819695,0.00803724,-0.99993411,-0.01855451,0.00845614,0.19719300,-0.06776233,0.03493794,0.00568600
10511160000000,synthetic_50hz_06,558,0.02,87.06347848,86.33021021,12.81007799,12.84122809,12.81997873,6.25158902,92.81064489,1,1,0,0,1,0.39297812,0.11158243,0.19723656,-0.04183338,-0.11135049,-0.11897272,0.04493511,0.10846686,0.10295598,-0.04674134,-0.10245607,-0.08397098,0.04719999,0.09349143,0.06256505,-0.04629785,-0.08183139,-0.03935534,0.04406091,0.06781211,0.01501100,-0.04433478,0.00090376,-0.36484142,0.04633912,0.23585273,-0.13046682,-0.04701986,0.01066576,-0.33112504,0.04634745,0.21972423,-0.16984721,-0.04433130,0.03270593,-0.28722488,0.04101973,0.19239534,-0.21699516,-0.13158852,0.04541035,0.50797867,0.08716213,-0.15795916,-0.62160852,-0.04022282,0.26595393,0.71731710,-0.00787614,-0.36628113,-0.79234510,0.05574802,0.45604827,0.84452942,-0.10201267,-0.53266733,-0.87236556,-0.00817043,0.00837291,-0.99993157,-0.01832243,0.00893078,0.19723656,-0.06793486,0.03396666,0.00498439
10511180000000,synthetic_50hz_06,559,0.02,87.26725145,86.51761846,12.81423630,12.81997873,12.78797825,6.26040276,92.88173443,1,1,0,0,1,0.39160233,0.11216403,0.19727096,-0.04299120,-0.11056276,-0.11363764,0.04564887,0.10658732,0.09655905,-0.04699047,-0.09953891,-0.07669662,0.04697731,0.08962076,0.05462299,-0.04560977,-0.07711879,-0.03097455,0.04292728,0.06239346,0.00643311,-0.04553966,0.00167924,-0.35947251,0.04710168,0.23399211,-0.13689211,-0.04731855,0.01355772,-0.32382835,0.04617410,0.21588453,-0.17780513,-0.04369134,0.03738239,-0.27883503,0.03993203,0.18701725,-0.22557515,-0.11630290,0.08451607,0.54792544,0.07095966,-0.19559776,-0.65545017,-0.02357062,0.30104027,0.74407797,-0.02449798,-0.39780366,-0.81125365,0.07186028,0.48309817,0.85504051,-0.11715082,-0.55446475,-0.87417615,-0.00814746,0.00870499,-0.99992892,-0.01808441,0.00940366,0.19727096,-0.06810583,0.03298929,0.00433147
10511200000000,synthetic_50hz_06,560,0.02,87.39134265,86.69236330,12.80320792,12.78797825,12.74993036,6.26924323,92.95268280,1,1,0,0,1,0.39022327,0.11272548,0.19729649,-0.04398706,-0.10940481,-0.10797766,0.04619701,0.10436464,0.08990896,-0.04707507,-0.09631559,-0.06924813,0.04659594,0.08548972,0.04659086,-0.04477343,-0.07219914,-0.02259034,0.04166007,0.05682702,-0.00206146,-0.04658249,0.00282522,-0.35377849,0.04769857,0.23178807,-0.14357082,-0.04745271,0.01675611,-0.31635725,0.04584210,0.21178423,-0.18585342,-0.04290319,0.04226613,-0.27044144,0.03871088,0.18149120,-0.23407213,-0.10083143,0.12277883,0.58541824,0.05474074,-0.23203076,-0.68655286,-0.00707184,0.33459313,0.76789385,-0.04080094,-0.42750902,-0.82709610,0.08749741,0.50809963,0.86245278,-0.13167129,-0.57404149,-0.87294455,-0.00812804,0.00903336,-0.99992617,-0.01784053,0.00987471,0.19729649,-0.06827524,0.03200599,0.00372054
10511220000000,synthetic_50hz_06,561,0.02,87.21394832,86.79668030,12.78083134,12.74993036,12.71833753,6.27810280,93.02340172,1,1,0,0,1,0.38884098,0.11326670,0.19731340,-0.04482221,-0.10789266,-0.10202470,0.04658259,0.10181809,0.08303917,-0.04699997,-0.09280805,-0.06165959,0.04606232,0.08112232,0.03850233,-0.04379667,-0.06709779,-0.01423504,0.04026835,0.05113880,-0.01044266,-0.04746450,0.00432571,-0.34779126,0.04813283,0.22925986,-0.15046947,-0.04742714,0.02023898,-0.30874582,0.04535787,0.20744732,-0.19395839,-0.04197470,0.04733177,-0.26207646,0.03736531,0.17584319,-0.24245605,-0.08524058,0.16007695,0.62039117,0.03856919,-0.26715549,-0.71488498,0.00921416,0.36653181,0.78876832,-0.05673187,-0.45534085,-0.83991111,0.10261397,0.53102220,0.86683887,-0.14553766,-0.59139393,-0.86877526,-0.00811216,0.00935790,-0.99992331,-0.01759088,0.01034382,0.19731340,-0.06844306,0.03101694,0.00314544
10511240000000,synthetic_50hz_06,562,0.02,87.45972477,86.92928920,12.75458394,12.71833753,12.67587452,6.28697472,93.09380355,1,1,0,0,1,0.38745549,0.11378757,0.19732181,-0.04549858,-0.10604332,-0.09581065,0.04680932,0.09896763,0.07598275,-0.04677052,-0.08903866,-0.05396423,0.04538331,0.07654266,0.03038990,-0.04268768,-0.06183989,-0.00593941,0.03876134,0.04535426,-0.01868231,-0.04818764,0.00616369,-0.34154272,0.04840820,0.22642746,-0.15755500,-0.04724722,0.02398398,-0.30102731,0.04472828,0.20289791,-0.20208756,-0.04091403,0.05255417,-0.25377085,0.03590458,0.17009868,-0.25069872,-0.06959439,0.19629895,0.65279370,0.02250575,-0.30088035,-0.74042996,0.02523175,0.39678722,0.80671928,-0.07224181,-0.48125453,-0.84975050,0.11716910,0.55184705,0.86828302,-0.15871835,-0.60652956,-0.86178254,-0.00809980,0.00967851,-0.99992036,-0.01733552,0.01081090,0.19732181,-0.06860932,0.03002232,0.00260049
10511260000000,synthetic_50hz_06,563,0.02,87.69017859,87.08146707,12.72152598,12.67587452,12.62547956,6.29585261,93.16380137,1,1,0,0,1,0.38606684,0.11428802,0.19732181,-0.04601882,-0.10387469,-0.08936728,0.04688153,0.09583382,0.06877217,-0.04639262,-0.08503003,-0.04619433,0.04456619,0.07177477,0.02228469,-0.04145490,-0.05645022,0.00226743,0.03714844,0.03949818,-0.02675418,-0.04875454,0.00832127,-0.33506464,0.04852897,0.22331143,-0.16479494,-0.04691882,0.02796848,-0.29323399,0.04396061,0.19816003,-0.21020979,-0.03972965,0.05790857,-0.24555374,0.03433807,0.16428244,-0.25877391,-0.05395429,0.23134375,0.68259023,0.00660782,-0.33312478,-0.76318567,0.04092915,0.42530166,0.82177810,-0.08728612,-0.50521689,-0.85667829,0.13112659,0.57056649,0.86688005,-0.17118661,-0.61946638,-0.85208925,-0.00809094,0.00999508,-0.99991732,-0.01707455,0.01127587,0.19732181,-0.06877399,0.02902232,0.00208040
10511280000000,synthetic_50hz_06,564,0.02,87.41602851,87.14837936,12.68118649,12.62547956,12.58818080,6.30473031,93.23330896,1,1,0,0,1,0.38467505,0.11476794,0.19731340,-0.04638619,-0.10140537,-0.08272598,0.04680408,0.09243765,0.06143918,-0.04587259,-0.08080491,-0.03838106,0.04361856,0.06684253,0.01421640,-0.04010700,-0.05095304,0.01035813,0.03543913,0.03359456,-0.03463403,-0.04916847,0.01077983,-0.32838841,0.04850003,0.21993274,-0.17215754,-0.04644826,0.03216973,-0.28539702,0.04306245,0.19325754,-0.21829539,-0.03843022,0.06337069,-0.23745246,0.03267525,0.15841848,-0.26665739,-0.03837878,0.26512069,0.70975949,-0.00907064,-0.36381918,-0.78316365,0.05625855,0.45202859,0.83398883,-0.10182450,-0.52720581,-0.86076973,0.14445480,0.58718344,0.86273423,-0.18292040,-0.63023229,-0.83982571,-0.00808557,0.01030751,-0.99991419,-0.01680804,0.01173862,0.19731340,-0.06893707,0.02801710,0.00158018
10511300000000,synthetic_50hz_06,565,0.02,87.20354040,87.15941157,12.64212410,12.58818080,12.55933411,6.31360294,93.30224092,1,1,0,0,1,0.38328016,0.11522726,0.19729649,-0.04660453,-0.09865456,-0.07591766,0.04658233,0.08880037,0.05401464,-0.04521713,-0.07638604,-0.03055435,0.04254830,0.06176946,0.00621316,-0.03865279,-0.04537203,0.01830716,0.03364289,0.02766651,-0.04229967,-0.04943326,0.01352018,-0.32154495,0.04832672,0.21631266,-0.17961194,-0.04584227,0.03656502,-0.27754633,0.04204168,0.18821398,-0.22631623,-0.03702454,0.06891685,-0.22949255,0.03092561,0.15252991,-0.27432698,-0.02292331,0.29754953,0.73429395,-0.02447931,-0.39290475,-0.80038837,0.07117618,0.47693235,0.84340721,-0.11582100,-0.54720977,-0.86211023,0.15712665,0.60171088,0.85595822,-0.19390227,-0.63886438,-0.82512853,-0.00808368,0.01061568,-0.99991098,-0.01653609,0.01219908,0.19729649,-0.06909857,0.02700685,0.00109513
10511320000000,synthetic_50hz_06,566,0.02,86.79943192,87.08741564,12.60735230,12.55933411,12.54487934,6.32246701,93.37051268,1,1,0,0,1,0.38188220,0.11566589,0.19727096,-0.04667823,-0.09564188,-0.06897258,0.04622206,0.08494342,0.04652840,-0.04443330,-0.07179600,-0.02274278,0.04136350,0.05657867,-0.00169852,-0.03710117,-0.03973015,0.02609085,0.03176920,0.02173619,-0.04973097,-0.04955330,0.01652270,-0.31456450,0.04801483,0.21247261,-0.18712828,-0.04510787,0.04113173,-0.26971053,0.04090638,0.18305246,-0.23424580,-0.03552151,0.07452412,-0.22169768,0.02909862,0.14663887,-0.28176253,-0.00764009,0.32856037,0.75619915,-0.03957156,-0.42033327,-0.81489639,0.08564234,0.49998777,0.85009980,-0.12924401,-0.56522738,-0.86079443,0.16911952,0.61417123,0.84667195,-0.20411924,-0.64540824,-0.80813953,-0.00808525,0.01091949,-0.99990770,-0.01625878,0.01265714,0.19727096,-0.06925848,0.02599175,0.00062074
10511340000000,synthetic_50hz_06,567,0.02,86.72336771,87.01460605,12.58111366,12.54487934,12.52983869,6.33132077,93.43804057,1,1,0,0,1,0.38048120,0.11608375,0.19723656,-0.04661212,-0.09238727,-0.06192018,0.04572946,0.08088821,0.03900918,-0.04352841,-0.06705711,-0.01497352,0.04007240,0.05129272,-0.00949382,-0.03546110,-0.03404954,0.03368746,0.02982743,0.01582469,-0.05690987,-0.04953342,0.01976745,-0.30747653,0.04757053,0.20843403,-0.19467785,-0.04425239,0.04584757,-0.26191677,0.03966482,0.17779553,-0.24205928,-0.03393009,0.08017032,-0.21408959,0.02720365,0.14076648,-0.28894598,0.00742202,0.35809351,0.77549296,-0.05430454,-0.44606678,-0.82673556,0.09962144,0.52117974,0.85414299,-0.14206620,-0.58126685,-0.85692507,0.18041513,0.62459576,0.83500160,-0.21356261,-0.64991729,-0.78900465,-0.00809026,0.01121885,-0.99990434,-0.01597621,0.01311272,0.19723656,-0.06941679,0.02497199,0.00015263
10511360000000,synthetic_50hz_06,568,0.02,86.36535469,86.88475578,12.55957817,12.52983869,12.52541956,6.34016337,93.50474182,1,1,0,0,1,0.37907719,0.11648076,0.19719300,-0.04641149,-0.08891085,-0.05478900,0.04511102,0.07665610,0.03148446,-0.04250999,-0.06219133,-0.00727222,0.03868337,0.04593354,-0.01714969,-0.03374149,-0.02835148,0.04107717,0.02782683,0.00995202,-0.06382037,-0.04937891,0.02323431,-0.30030956,0.04700032,0.20421825,-0.20223315,-0.04328335,0.05069058,-0.25419069,0.03832532,0.17246511,-0.24973360,-0.03225920,0.08583420,-0.20668811,0.02524996,0.13493272,-0.29586134,0.02221763,0.38609923,0.79220486,-0.06863925,-0.47007731,-0.83596408,0.11308196,0.54050283,0.85562205,-0.15426446,-0.59534541,-0.85061205,0.19099945,0.63302390,0.82107850,-0.22222783,-0.65245202,-0.76787288,-0.00809870,0.01151365,-0.99990092,-0.01568845,0.01356573,0.19719300,-0.06957350,0.02394774,-0.00031349
10511380000000,synthetic_50hz_06,569,0.02,86.29070204,86.76594503,12.54523155,12.52541956,12.51911157,6.34899499,93.57053466,1,1,0,0,1,0.37767021,0.11685686,0.19713989,-0.04608198,-0.08523277,-0.04760655,0.04437351,0.07226820,0.02398042,-0.04138574,-0.05722010,0.00033707,0.03720479,0.04052232,-0.02464484,-0.03195121,-0.02265626,0.04824209,0.02577646,0.00413701,-0.07044850,-0.04909541,0.02690313,-0.29309110,0.04631097,0.19984638,-0.20976802,-0.04220846,0.05563931,-0.24655637,0.03689630,0.16708240,-0.25724750,-0.03051769,0.09149546,-0.19951110,0.02324660,0.12915642,-0.30249464,0.03670489,0.41253757,0.80637510,-0.08254048,-0.49234644,-0.84264964,0.12599640,0.55796073,0.85463020,-0.16581978,-0.60748876,-0.84197137,0.20086250,0.63950260,0.80503812,-0.23011426,-0.65307928,-0.74489524,-0.00811054,0.01180379,-0.99989744,-0.01539562,0.01401609,0.19713989,-0.06972861,0.02291919,-0.00078189
10511400000000,synthetic_50hz_06,570,0.02,86.04252831,86.62126169,12.53426116,12.51911157,12.51827070,6.35781624,93.63533834,1,1,0,0,1,0.37626029,0.11721198,0.19707676,-0.04562957,-0.08137315,-0.04039921,0.04352392,0.06774530,0.01652183,-0.04016346,-0.05216433,0.00783188,0.03564507,0.03507943,-0.03195980,-0.03009902,-0.01698317,0.05516630,0.02368520,-0.00160272,-0.07678233,-0.04868888,0.03075380,-0.28584755,0.04550947,0.19533923,-0.21725768,-0.04103550,0.06067285,-0.23903625,0.03538615,0.16166777,-0.26458148,-0.02871432,0.09713482,-0.19257452,0.02120244,0.12345522,-0.30883394,0.05084549,0.43737797,0.81805391,-0.09597690,-0.51286493,-0.84686856,0.13834125,0.57356576,0.85126760,-0.17671716,-0.61773043,-0.83112419,0.20999823,0.64408563,0.78701909,-0.23722496,-0.65187155,-0.72022386,-0.00812576,0.01208918,-0.99989391,-0.01509779,0.01446369,0.19707676,-0.06988211,0.02188653,-0.00125687
10511420000000,synthetic_50hz_06,571,0.02,85.73356613,86.44372258,12.52754517,12.51827070,12.52449907,6.36662813,93.69907318,1,1,0,0,1,0.37484746,0.11754605,0.19700303,-0.04506048,-0.07735192,-0.03319215,0.04256940,0.06310779,0.00913199,-0.03885103,-0.04704423,0.01519145,0.03401257,0.02962437,-0.03907692,-0.02819351,-0.01135042,0.06183577,0.02156161,-0.00725077,-0.08281187,-0.04816556,0.03476638,-0.27860406,0.04460296,0.19071718,-0.22467883,-0.03977236,0.06577100,-0.23165112,0.03380323,0.15624072,-0.27171791,-0.02685769,0.10273407,-0.18589238,0.01912605,0.11784550,-0.31486926,0.06460475,0.46059895,0.82730065,-0.10892094,-0.53163224,-0.84870481,0.15009689,0.58733833,0.84564042,-0.18694547,-0.62611118,-0.81819581,0.21840433,0.64683295,0.76716225,-0.24356649,-0.64890622,-0.69401103,-0.00814436,0.01236973,-0.99989033,-0.01479508,0.01490846,0.19700303,-0.07003400,0.02084993,-0.00174281
10511440000000,synthetic_50hz_06,572,0.02,85.66417297,86.28781266,12.52626581,12.52449907,12.52766489,6.37543220,93.76166061,1,1,0,0,1,0.37343175,0.11785902,0.19691802,-0.04438118,-0.07318874,-0.02600924,0.04151724,0.05837552,0.00183270,-0.03745633,-0.04187931,0.02239668,0.03231554,0.02417570,-0.04598035,-0.02624308,-0.00577509,0.06823838,0.01941402,-0.01279202,-0.08852907,-0.04753192,0.03892122,-0.27138452,0.04359873,0.18600007,-0.23200967,-0.03842691,0.07091424,-0.22442006,0.03215579,0.15081981,-0.27864094,-0.02495619,0.10827612,-0.17947680,0.01702575,0.11234239,-0.32059254,0.07795154,0.48218774,0.83418300,-0.12134876,-0.54865605,-0.84824917,0.16124743,0.59930635,0.83785993,-0.19649727,-0.63267836,-0.80331480,0.22608199,0.64780997,0.74560972,-0.24914867,-0.64426491,-0.66640837,-0.00816629,0.01264533,-0.99988670,-0.01448757,0.01535031,0.19691802,-0.07018428,0.01980960,-0.00224427
10511460000000,synthetic_50hz_06,573,0.02,85.58570942,86.14739201,12.52685342,12.52766489,12.52911027,6.38422991,93.82302320,1,1,0,0,1,0.37201320,0.11815082,0.19682097,-0.04359831,-0.06890291,-0.01887302,0.04037477,0.05356778,-0.00535578,-0.03598722,-0.03668826,0.02943016,0.03056213,0.01875099,-0.05265606,-0.02425593,-0.00027313,0.07436386,0.01725041,-0.01821260,-0.09392772,-0.04679457,0.04319900,-0.26421146,0.04250411,0.18120719,-0.23922993,-0.03700701,0.07608390,-0.21736049,0.03045197,0.14542260,-0.28533653,-0.02301801,0.11374503,-0.17333805,0.01490953,0.10695974,-0.32599757,0.09085832,0.50213982,0.83877607,-0.13324019,-0.56395174,-0.84559833,0.17178068,0.60950467,0.82804159,-0.20536866,-0.63748529,-0.78661203,0.23303577,0.64708692,0.72250408,-0.25398434,-0.63803273,-0.63756599,-0.00819155,0.01291589,-0.99988304,-0.01417537,0.01578915,0.19682097,-0.07033294,0.01876570,-0.00276598
10511480000000,synthetic_50hz_06,574,0.02,85.64183038,86.04627968,12.52780130,12.52911027,12.52444849,6.39302254,93.88308475,1,1,0,0,1,0.37059183,0.11842141,0.19671095,-0.04271861,-0.06451329,-0.01180463,0.03914939,0.04870316,-0.01241475,-0.03445147,-0.03148890,0.03627620,0.02876030,0.01336679,-0.05909179,-0.02223995,0.00514068,0.08020374,0.01507842,-0.02349995,-0.09900338,-0.04596028,0.04758088,-0.25710603,0.04132649,0.17635716,-0.24632091,-0.03552044,0.08126213,-0.21048810,0.02869973,0.14006565,-0.29179242,-0.02105107,0.11912602,-0.16748461,0.01278501,0.10171014,-0.33107993,0.10330100,0.52045849,0.84116162,-0.14457861,-0.57754189,-0.84085400,0.18168794,0.61797449,0.81630416,-0.21355912,-0.64059060,-0.76821990,0.23927330,0.64473818,0.69798750,-0.25808912,-0.63029766,-0.60763179,-0.00822011,0.01318133,-0.99987934,-0.01385857,0.01622490,0.19671095,-0.07047999,0.01771844,-0.00331296
10511500000000,synthetic_50hz_06,575,0.02,85.15880800,85.86878535,12.52639312,12.52444849,12.53576950,6.40181082,93.94177027,1,1,0,0,1,0.36916769,0.11867073,0.19658693,-0.04174893,-0.06003820,-0.00482378,0.03784844,0.04379956,-0.01932711,-0.03285676,-0.02629817,0.04292078,0.02691781,0.00803858,-0.06527703,-0.02020280,0.01045276,0.08575132,0.01290533,-0.02864275,-0.10375335,-0.04503589,0.05204854,-0.25008794,0.04007324,0.17146784,-0.25326552,-0.03397487,0.08643202,-0.20381690,0.02690684,0.13476442,-0.29799810,-0.01906298,0.12440551,-0.16192318,0.01065948,0.09660488,-0.33583690,0.11525898,0.53715442,0.84142717,-0.15535083,-0.58945574,-0.83412209,0.19096385,0.62476278,0.80276888,-0.22107129,-0.64205762,-0.74827147,0.24480514,0.64084163,0.67220105,-0.26148114,-0.62114989,-0.57675075,-0.00825195,0.01344156,-0.99987561,-0.01353729,0.01665746,0.19658693,-0.07062540,0.01666799,-0.00389058
10511520000000,synthetic_50hz_06,576,0.02,85.41349205,85.77772669,12.53033120,12.53576950,12.53222186,6.41059604,93.99900607,1,1,0,0,1,0.36774081,0.11889875,0.19644771,-0.04069617,-0.05549537,0.00205126,0.03647926,0.03887408,-0.02607732,-0.03121063,-0.02113204,0.04935155,0.02504219,0.00278075,-0.07120296,-0.01815177,0.01565071,0.09100155,0.01073803,-0.03363096,-0.10817652,-0.04402828,0.05658423,-0.24317544,0.03875165,0.16655635,-0.26004822,-0.03237783,0.09157759,-0.19735926,0.02508083,0.12953331,-0.30394474,-0.01706107,0.12957111,-0.15665880,0.00853983,0.09165400,-0.34026737,0.12671496,0.55224512,0.83966521,-0.16554700,-0.59972861,-0.82551187,0.19960624,0.62992165,0.78755864,-0.22791075,-0.64195375,-0.72689972,0.24964448,0.63547802,0.64528395,-0.26418084,-0.61068117,-0.54506434,-0.00828705,0.01369650,-0.99987186,-0.01321162,0.01708676,0.19644771,-0.07076919,0.01561455,-0.00450461
10511540000000,synthetic_50hz_06,577,0.02,85.63535492,85.74925233,12.53112528,12.53222186,12.51840039,6.41937883,94.05471978,1,1,0,0,1,0.36631121,0.11910541,0.19629195,-0.03956719,-0.05090189,0.00880371,0.03504906,0.03394300,-0.03265143,-0.02952044,-0.01600553,0.05555779,0.02314073,-0.00239340,-0.07686240,-0.01609387,0.02072332,0.09595103,0.00858301,-0.03845577,-0.11227334,-0.04294433,0.06117089,-0.23638535,0.03736896,0.16163896,-0.26665505,-0.03073668,0.09668382,-0.19112589,0.02322896,0.12438564,-0.30962518,-0.01505233,0.13461159,-0.15169487,0.00643254,0.08686632,-0.34437180,0.13765490,0.56575450,0.83597244,-0.17516042,-0.60840140,-0.81513521,0.20761598,0.63350780,0.77079724,-0.23408587,-0.64034987,-0.70423684,0.25380697,0.62873036,0.61737295,-0.26621068,-0.59898426,-0.51270992,-0.00832538,0.01394605,-0.99986810,-0.01288167,0.01751272,0.19629195,-0.07091135,0.01455831,-0.00516134
10511560000000,synthetic_50hz_06,578,0.02,85.36558086,85.67251804,12.52578083,12.51840039,12.51541094,6.42815898,94.10884038,1,1,0,0,1,0.36487893,0.11929069,0.19611809,-0.03836887,-0.04627412,0.01541823,0.03356494,0.02902173,-0.03903704,-0.02779333,-0.01093263,0.06153038,0.02122042,-0.00747166,-0.08224978,-0.01403571,0.02566054,0.10059788,0.00644635,-0.04310961,-0.11604569,-0.04179091,0.06579214,-0.22973297,0.03593227,0.15673108,-0.27307360,-0.02905857,0.10173671,-0.18512592,0.02135824,0.11933358,-0.31503384,-0.01304337,0.13951692,-0.14703328,0.00434370,0.08224941,-0.34815206,0.14806787,0.57771229,0.83044895,-0.18418740,-0.61551997,-0.80310577,0.21499672,0.63558192,0.75260868,-0.23960759,-0.63731976,-0.68041354,0.25731046,0.62068336,0.58860175,-0.26759494,-0.58615237,-0.47982030,-0.00836691,0.01419013,-0.99986432,-0.01254754,0.01793524,0.19611809,-0.07105188,0.01349946,-0.00586762
10511580000000,synthetic_50hz_06,579,0.02,85.31430908,85.60087625,12.52142547,12.51541094,12.51314679,6.43693639,94.16129828,1,1,0,0,1,0.36344400,0.11945455,0.19592440,-0.03710797,-0.04162768,0.02188097,0.03203388,0.02412478,-0.04522326,-0.02603623,-0.00592635,0.06726175,0.01928794,-0.01244294,-0.08736104,-0.01198358,0.03045350,0.10494168,0.00433372,-0.04758606,-0.11949680,-0.04057478,0.07043235,-0.22323218,0.03444854,0.15184723,-0.27929301,-0.02735042,0.10672327,-0.17936691,0.01947536,0.11438824,-0.32016666,-0.01104047,0.14427823,-0.14267444,0.00227896,0.07780968,-0.35161138,0.15794593,0.58815359,0.82319749,-0.19262712,-0.62113468,-0.78953836,0.22175478,0.63620817,0.73311647,-0.24448914,-0.63293948,-0.65555848,0.26017477,0.61142285,0.55910044,-0.26835944,-0.57227862,-0.44652328,-0.00841162,0.01442867,-0.99986053,-0.01220935,0.01835424,0.19592440,-0.07119076,0.01243818,-0.00663101
10511600000000,synthetic_50hz_06,580,0.02,85.22512485,85.52572597,12.51794843,12.51314679,12.51325904,6.44571113,94.21202530,1,1,0,0,1,0.36200646,0.11959697,0.19570890,-0.03579119,-0.03697742,0.02817952,0.03046262,0.01926576,-0.05120074,-0.02425580,-0.00099865,0.07274581,0.01734968,-0.01729725,-0.09219359,-0.00994335,0.03509446,0.10898339,0.00225035,-0.05187988,-0.12263114,-0.03930263,0.07507670,-0.21689539,0.03292453,0.14700101,-0.28530389,-0.02561890,0.11163153,-0.17385495,0.01758668,0.10955962,-0.32502103,-0.00904952,0.14888778,-0.13861741,0.00024357,0.07355238,-0.35475424,0.16728401,0.59711831,0.81432281,-0.20048144,-0.62529977,-0.77454819,0.22789890,0.63545355,0.71244298,-0.24874593,-0.62728690,-0.62979771,0.26242149,0.60103528,0.52899508,-0.26853132,-0.55745553,-0.41294127,-0.00845949,0.01466158,-0.99985673,-0.01186720,0.01876965,0.19570890,-0.07132801,0.01137466,-0.00745985
10511620000000,synthetic_50hz_06,581,0.02,85.41963366,85.50450751,12.51597888,12.51325904,12.50483901,6.45448343,94.26095477,1,1,0,0,1,0.36056634,0.11971790,0.19546935,-0.03442509,-0.03233735,0.03430288,0.02885776,0.01445733,-0.05696152,-0.02245846,0.00383951,0.07797793,0.01541167,-0.02202565,-0.09674621,-0.00792055,0.03957679,0.11272524,0.00020108,-0.05598690,-0.12545435,-0.03798103,0.07971116,-0.21073359,0.03136681,0.14220509,-0.29109830,-0.02387040,0.11645054,-0.16859468,0.01569824,0.10485663,-0.32959575,-0.00707602,0.15333893,-0.13485994,-0.00175765,0.06948167,-0.35758626,0.17607971,0.60465072,0.80393094,-0.20775473,-0.62807290,-0.75825030,0.23344008,0.63338744,0.69070895,-0.25239524,-0.62044113,-0.60325414,0.26407373,0.58960722,0.49840723,-0.26813886,-0.54177465,-0.37919101,-0.00851049,0.01488880,-0.99985294,-0.01152121,0.01918138,0.19546935,-0.07146362,0.01030911,-0.00836339
10511640000000,synthetic_50hz_06,582,0.02,85.21333382,85.44627277,12.51130013,12.50483901,12.50516086,6.46325315,94.30802152,1,1,0,0,1,0.35912367,0.11981735,0.19520322,-0.03301606,-0.02772065,0.04024146,0.02722564,0.00971122,-0.06249909,-0.02065030,0.00857820,0.08295484,0.01347961,-0.02662030,-0.10101897,-0.00592028,0.04389492,0.11617067,-0.00180972,-0.05990404,-0.12797311,-0.03661636,0.08432256,-0.20475638,0.02978174,0.13747119,-0.29666973,-0.02211104,0.12117036,-0.16358937,0.01381574,0.10028714,-0.33389089,-0.00512509,0.15762614,-0.13139860,-0.00372032,0.06560063,-0.36011414,0.18433321,0.61079888,0.79212857,-0.21445368,-0.62951459,-0.74075894,0.23839136,0.63008109,0.66803288,-0.25545610,-0.61248206,-0.57604712,0.26515593,0.57722489,0.46745365,-0.26721118,-0.52532606,-0.34538328,-0.00856459,0.01511024,-0.99984916,-0.01117149,0.01958934,0.19520322,-0.07159758,0.00924170,-0.00935194
10511660000000,synthetic_50hz_06,583,0.02,84.62689617,85.28239745,12.50872164,12.50516086,12.52724694,6.47202041,94.35316193,1,1,0,0,1,0.35767849,0.11989527,0.19490768,-0.03157033,-0.02313964,0.04598702,0.02557237,0.00503821,-0.06780827,-0.01883715,0.01320848,0.08767457,0.01155884,-0.03107436,-0.10501318,-0.00394729,0.04804435,0.11932420,-0.00377807,-0.06362920,-0.13019505,-0.03521485,0.08889858,-0.19897199,0.02817542,0.13281009,-0.30201299,-0.02034662,0.12578205,-0.15884098,0.01194452,0.09585797,-0.33790776,-0.00320147,0.16174487,-0.12822887,-0.00564047,0.06191135,-0.36234551,0.19204704,0.61561422,0.77902246,-0.22058716,-0.62968774,-0.72218702,0.24276764,0.62560708,0.64453058,-0.25794902,-0.60348987,-0.54829203,0.26569360,0.56397376,0.43624597,-0.26577812,-0.50819803,-0.31162273,-0.00862175,0.01532583,-0.99984539,-0.01081815,0.01999347,0.19490768,-0.07172988,0.00817263,-0.01043698
10511680000000,synthetic_50hz_06,584,0.02,84.70539957,85.16699787,12.51650226,12.52724694,12.54178885,6.48078664,94.39631397,1,1,0,0,1,0.35623083,0.11995167,0.19457950,-0.03009392,-0.01860578,0.05153265,0.02390378,0.00044815,-0.07288518,-0.01702448,0.01772240,0.09213640,0.00965436,-0.03538201,-0.10873128,-0.00200590,0.05202153,0.12219139,-0.00570040,-0.06716126,-0.13212866,-0.03378253,0.09342775,-0.19338735,0.02655368,0.12823164,-0.30712420,-0.01858264,0.13027768,-0.15435025,0.01008958,0.09157494,-0.34164879,-0.00130947,0.16569160,-0.12534519,-0.00751453,0.05841497,-0.36428884,0.19922598,0.61915100,0.76471889,-0.22616596,-0.62865719,-0.70264565,0.24658546,0.62003890,0.62031480,-0.25989579,-0.59354461,-0.52009998,0.26571321,0.54993814,0.40489045,-0.26386998,-0.49047670,-0.27800773,-0.00868197,0.01553550,-0.99984163,-0.01046130,0.02039368,0.19457950,-0.07186054,0.00710210,-0.01163136
10511700000000,synthetic_50hz_06,585,0.02,85.04905834,85.14340997,12.52712263,12.54178885,12.54051655,6.48955337,94.43741724,1,1,0,0,1,0.35478071,0.11998653,0.19421507,-0.02859266,-0.01412967,0.05687267,0.02222546,-0.00405004,-0.07772716,-0.01521749,0.02211298,0.09634074,0.00777079,-0.03953840,-0.11217677,-0.00010006,0.05582390,0.12477870,-0.00757356,-0.07049998,-0.13378319,-0.03232521,0.09789947,-0.18800812,0.02492211,0.12374477,-0.31200071,-0.01682426,0.13465024,-0.15011675,0.00825553,0.08744291,-0.34511748,0.00054694,0.16946376,-0.12274110,-0.00933934,0.05511170,-0.36595340,0.20587685,0.62146589,0.74932315,-0.23120269,-0.62648920,-0.68224365,0.24986285,0.61345054,0.59549475,-0.26131935,-0.58272581,-0.49157746,0.26524188,0.53520083,0.37348777,-0.26151738,-0.47224575,-0.24463024,-0.00874519,0.01573919,-0.99983790,-0.01010106,0.02078990,0.19421507,-0.07198954,0.00603029,-0.01294947
10511720000000,synthetic_50hz_06,586,0.02,85.06725828,85.12817963,12.53274807,12.54051655,12.53923988,6.49832122,94.47641299,1,1,0,0,1,0.35332819,0.11999985,0.19381028,-0.02707212,-0.00972104,0.06200265,0.02054270,-0.00844835,-0.08233273,-0.01342103,0.02637417,0.10028912,0.00591242,-0.04353961,-0.11535412,0.00176665,0.05944978,0.12709341,-0.00939478,-0.07364599,-0.13516854,-0.03084847,0.10230403,-0.18283874,0.02328599,0.11935746,-0.31664103,-0.01507636,0.13889371,-0.14613897,0.00644666,0.08346578,-0.34831830,0.00236420,0.17305968,-0.12040931,-0.01111216,0.05200093,-0.36734908,0.21200833,0.62261752,0.73293905,-0.23571155,-0.62325108,-0.66108719,0.25261909,0.60591602,0.57017589,-0.26224351,-0.57111212,-0.46282615,0.26430732,0.51984279,0.34213291,-0.25875103,-0.45358615,-0.21157583,-0.00881141,0.01593682,-0.99983418,-0.00973755,0.02118204,0.19381028,-0.07211688,0.00495740,-0.01440743
10511740000000,synthetic_50hz_06,587,0.02,84.69495762,85.04153523,12.53547463,12.53923988,12.55305826,6.50709032,94.51324416,1,1,0,0,1,0.35187328,0.11999162,0.19336054,-0.02553763,-0.00538875,0.06691931,0.01886050,-0.01273968,-0.08670150,-0.01163961,0.03050083,0.10398404,0.00408314,-0.04738262,-0.11826868,0.00359104,0.06289835,0.12914357,-0.01116169,-0.07660069,-0.13629520,-0.02935763,0.10663255,-0.17788251,0.02165033,0.11507684,-0.32104476,-0.01334343,0.14300293,-0.14241440,0.00466686,0.07964659,-0.35125660,0.00413912,0.17647852,-0.11834179,-0.01283059,0.04908126,-0.36848636,0.21763087,0.62266605,0.71566852,-0.23970818,-0.61901075,-0.63927940,0.25487459,0.59750907,0.54445955,-0.26269285,-0.55878093,-0.43394268,0.26293755,0.50394288,0.31091504,-0.25560164,-0.43457591,-0.17892357,-0.00888057,0.01612834,-0.99983050,-0.00937089,0.02157002,0.19336054,-0.07224256,0.00388362,-0.01602333
10511760000000,synthetic_50hz_06,588,0.02,84.59044133,84.95131645,12.54285976,12.55305826,12.56901326,6.51586138,94.54785542,1,1,0,0,1,0.35041603,0.11996184,0.19286066,-0.02399429,-0.00114084,0.07162044,0.01718357,-0.01691779,-0.09083409,-0.00987743,0.03448868,0.10742896,0.00228653,-0.05106524,-0.12092659,0.00537029,0.06616957,0.13093786,-0.01287229,-0.07936620,-0.13717412,-0.02785779,0.11087699,-0.17314161,0.02001983,0.11090914,-0.32521254,-0.01162969,0.14697363,-0.13893959,0.00291970,0.07598751,-0.35393852,0.00586887,0.17972028,-0.11652987,-0.01449265,0.04635055,-0.36937621,0.22275641,0.62167277,0.69761123,-0.24320946,-0.61383636,-0.61692004,0.25665066,0.58830276,0.51844276,-0.26269250,-0.54580812,-0.40501853,0.26116080,0.48757757,0.27991744,-0.25209971,-0.41528994,-0.14674619,-0.00895266,0.01631368,-0.99982685,-0.00900118,0.02195378,0.19286066,-0.07236658,0.00280914,-0.01781746
10511780000000,synthetic_50hz_06,589,0.02,84.17860365,84.79677389,12.55384423,12.56901326,12.59856539,6.52463544,94.58019318,1,1,0,0,1,0.34895646,0.11991053,0.19230480,-0.02244690,0.00301548,0.07610490,0.01551631,-0.02097728,-0.09473211,-0.00813837,0.03833429,0.11062815,0.00052580,-0.05458611,-0.12333473,0.00710193,0.06926418,0.13248551,-0.01452491,-0.08194534,-0.13781667,-0.02635377,0.11503016,-0.16861720,0.01839890,0.10685977,-0.32914595,-0.00993899,0.15080238,-0.13571025,0.00120840,0.07248992,-0.35637094,0.00755100,0.18278566,-0.11496428,-0.01609666,0.04380601,-0.37002999,0.22739832,0.61969971,0.67886421,-0.24623336,-0.60779596,-0.59410529,0.25796937,0.57836917,0.49221804,-0.26226800,-0.53226773,-0.37613991,0.25900532,0.47082076,0.24921749,-0.24827541,-0.39579981,-0.11511002,-0.00902764,0.01649278,-0.99982324,-0.00862857,0.02233324,0.19230480,-0.07248893,0.00173415,-0.01981260
10511800000000,synthetic_50hz_06,590,0.02,84.12086199,84.66159151,12.57262712,12.59856539,12.62571803,6.53341432,94.61020562,1,1,0,0,1,0.34749462,0.11983768,0.19168638,-0.02090004,0.00707384,0.08037251,0.01386283,-0.02491357,-0.09839803,-0.00642596,0.04203503,0.11358669,-0.00119618,-0.05794460,-0.12550060,0.00878383,0.07218360,0.13379626,-0.01611824,-0.08434151,-0.13823452,-0.02485011,0.11908567,-0.16430947,0.01679163,0.10293329,-0.33284748,-0.00827487,0.15448654,-0.13272133,-0.00046417,0.06915444,-0.35856136,0.00918337,0.18567610,-0.11363531,-0.01764133,0.04144420,-0.37045936,0.23157118,0.61680931,0.65952162,-0.24879877,-0.60095716,-0.57092748,0.25885338,0.56777914,0.46587325,-0.26144513,-0.51823178,-0.34738767,0.25649929,0.45374356,0.21888674,-0.24415846,-0.37617370,-0.08407521,-0.00910547,0.01666558,-0.99981967,-0.00825315,0.02270832,0.19168638,-0.07260961,0.00065886,-0.02203428
10511820000000,synthetic_50hz_06,591,0.02,84.13664312,84.55660183,12.59492530,12.62571803,12.64829915,6.54219996,94.63784277,1,1,0,0,1,0.34603053,0.11974332,0.19099801,-0.01935797,0.01102861,0.08442398,0.01222695,-0.02872285,-0.10183513,-0.00474342,0.04558900,0.11631034,-0.00287686,-0.06114079,-0.12743226,0.01041420,0.07492987,0.13488025,-0.01765130,-0.08655868,-0.13843958,-0.02335110,0.12303789,-0.16021770,0.01520185,0.09913352,-0.33632041,-0.00664055,0.15802423,-0.12996706,-0.00209547,0.06598097,-0.36051783,0.01076420,0.18839365,-0.11253282,-0.01912567,0.03926117,-0.37067625,0.23529063,0.61306405,0.63967439,-0.25092537,-0.59338681,-0.54747491,0.25932582,0.55660196,0.43949148,-0.26024978,-0.50377002,-0.31883730,0.25367061,0.43641415,0.18899089,-0.23977801,-0.35647626,-0.05369579,-0.00918614,0.01683204,-0.99981614,-0.00787507,0.02307895,0.19099801,-0.07272861,-0.00041656,-0.02451110
10511840000000,synthetic_50hz_06,592,0.02,83.95671461,84.43662439,12.61734232,12.64829915,12.67475894,6.55099397,94.66305645,1,1,0,0,1,0.34456422,0.11962745,0.19023139,-0.01782470,0.01487493,0.08826088,0.01061216,-0.03240206,-0.10504745,-0.00309367,0.04899503,0.11880546,-0.00451402,-0.06417544,-0.12913825,0.01199156,0.07750565,0.13574793,-0.01912339,-0.08860133,-0.13844392,-0.02186074,0.12688199,-0.15634031,0.01363305,0.09546350,-0.33956877,-0.00503895,0.16141427,-0.12744107,-0.00368328,0.06296878,-0.36224890,0.01229200,0.19094095,-0.11164635,-0.02054898,0.03725244,-0.37069272,0.23857325,0.60852617,0.61941010,-0.25263343,-0.58515076,-0.52383169,0.25941008,0.54490519,0.41315097,-0.25870781,-0.48894974,-0.29055892,0.25054687,0.41889765,0.15958991,-0.23516255,-0.33676854,-0.02401986,-0.00926959,0.01699209,-0.99981267,-0.00749443,0.02344505,0.19023139,-0.07284594,-0.00149189,-0.02727510
10511860000000,synthetic_50hz_06,593,0.02,84.09502463,84.36830443,12.64145730,12.67475894,12.69227637,6.55979788,94.68580039,1,1,0,0,1,0.34309574,0.11949011,0.18937719,-0.01630398,0.01860869,0.09188555,0.00902169,-0.03594887,-0.10803968,-0.00147930,0.05225262,0.12107899,-0.00610573,-0.06704990,-0.13062752,0.01351474,0.07991411,0.13641001,-0.02053411,-0.09047435,-0.13825973,-0.02038276,0.13061381,-0.15267498,0.01208845,0.09192561,-0.34259725,-0.00347266,0.16465616,-0.12513643,-0.00522568,0.06011650,-0.36376352,0.01376561,0.19332119,-0.11096519,-0.02191087,0.03541312,-0.37052095,0.24143638,0.60325738,0.59881274,-0.25394372,-0.57631359,-0.50007766,0.25912974,0.53275440,0.38692512,-0.25684493,-0.47383566,-0.26261734,0.24715516,0.40125602,0.13073818,-0.23033980,-0.31710797,0.00491022,-0.00935580,0.01714568,-0.99980924,-0.00711136,0.02380656,0.18937719,-0.07296159,-0.00256696,-0.03036205
10511880000000,synthetic_50hz_06,594,0.02,83.95484788,84.28561312,12.66280131,12.69227637,12.71320911,6.56861260,94.70603019,1,1,0,0,1,0.34162511,0.11933131,0.18842497,-0.01479927,0.02222644,0.09530104,0.00745847,-0.03936157,-0.11081713,0.00009736,0.05536188,0.12313832,-0.00765039,-0.06976609,-0.13190936,0.01498285,0.08215890,0.13687741,-0.02188334,-0.09218304,-0.13789921,-0.01892064,0.13422994,-0.14921865,0.01057098,0.08852151,-0.34541115,-0.00194399,0.16775001,-0.12304576,-0.00672105,0.05742223,-0.36507097,0.01518413,0.19553802,-0.11047843,-0.02321122,0.03373790,-0.37017315,0.24389798,0.59731860,0.57796256,-0.25487731,-0.56693838,-0.47628829,0.25850841,0.52021306,0.36088241,-0.25468659,-0.45848975,-0.23507212,0.24352204,0.38354797,0.10248459,-0.22533663,-0.29754833,0.03305762,-0.00944474,0.01729277,-0.99980587,-0.00672599,0.02416341,0.18842497,-0.07307556,-0.00364157,-0.03381186
10511900000000,synthetic_50hz_06,595,0.02,83.66997111,84.16248472,12.68397258,12.71320911,12.74228596,6.57743885,94.72370336,1,1,0,0,1,0.34015237,0.11915108,0.18736303,-0.01331376,0.02572542,0.09851104,0.00592514,-0.04263912,-0.11338563,0.00163431,0.05832352,0.12499125,-0.00914664,-0.07232642,-0.13299332,0.01639526,0.08424412,0.13716113,-0.02317120,-0.09373302,-0.13737452,-0.01747756,0.13772760,-0.14596763,0.00908328,0.08525225,-0.34801631,-0.00045496,0.17069653,-0.12116123,-0.00816806,0.05488352,-0.36618080,0.01654696,0.19759553,-0.11017507,-0.02445014,0.03222115,-0.36966148,0.24597655,0.59076972,0.55693598,-0.25545554,-0.55708656,-0.45253462,0.25756963,0.50734233,0.33508648,-0.25225787,-0.44297118,-0.20797764,0.23967339,0.36582897,0.07487271,-0.22017902,-0.27813974,0.06039084,-0.00953636,0.01743331,-0.99980256,-0.00633844,0.02451551,0.18736303,-0.07318785,-0.00471553,-0.03766891
10511920000000,synthetic_50hz_06,596,0.02,83.24040354,83.97806848,12.70846420,12.74228596,12.78320085,6.58627765,94.73877935,1,1,0,0,1,0.33867755,0.11894946,0.18617830,-0.01185038,0.02910346,0.10151983,0.00442407,-0.04578105,-0.11575147,0.00312979,0.06113876,0.12664594,-0.01059341,-0.07473380,-0.13388915,0.01775162,0.08617423,0.13727227,-0.02439804,-0.09513022,-0.13669777,-0.01605645,0.14110465,-0.14291765,0.00762772,0.08211831,-0.35041903,0.00099268,0.17349695,-0.11947472,-0.00956562,0.05249750,-0.36710277,0.01785372,0.19949818,-0.11004400,-0.02562799,0.03085697,-0.36899804,0.24769094,0.58366939,0.53580551,-0.25569982,-0.54681769,-0.42888330,0.25633675,0.49420097,0.30959618,-0.24958338,-0.42733621,-0.18138327,0.23563440,0.34815115,0.04794099,-0.21489197,-0.25892873,0.08688346,-0.00963063,0.01756725,-0.99979932,-0.00594884,0.02486282,0.18617830,-0.07329845,-0.00578864,-0.04198241
10511940000000,synthetic_50hz_06,597,0.02,83.03878607,83.79021200,12.73985359,12.78320085,12.82464095,6.59513068,94.75121960,1,1,0,0,1,0.33720069,0.11872648,0.18485622,-0.01041180,0.03235903,0.10433221,0.00295738,-0.04878746,-0.11792137,0.00458231,0.06380931,0.12811081,-0.01198989,-0.07699152,-0.13460675,0.01905179,0.08795402,0.13722192,-0.02556442,-0.09638077,-0.13588092,-0.01465999,0.14435952,-0.14006392,0.00620641,0.07911960,-0.35262601,0.00239745,0.17615298,-0.11797780,-0.01091293,0.05026086,-0.36784676,0.01910430,0.20125077,-0.11007415,-0.02674534,0.02963920,-0.36819479,0.24906026,0.57607484,0.51463964,-0.25563154,-0.53618934,-0.40539652,0.25483285,0.48084524,0.28446562,-0.24668720,-0.41163816,-0.15533345,0.23142945,0.33056335,0.02172295,-0.20949948,-0.23995825,0.11251384,-0.00972753,0.01769456,-0.99979613,-0.00555731,0.02520525,0.18485622,-0.07340736,-0.00686071,-0.04680674
10511960000000,synthetic_50hz_06,598,0.02,82.99019753,83.63020911,12.77546428,12.82464095,12.86027224,6.60399987,94.76098751,1,1,0,0,1,0.33572182,0.11848218,0.18338059,-0.00900045,0.03549112,0.10695342,0.00152692,-0.05165891,-0.11990238,0.00599064,0.06633735,0.12939450,-0.01333549,-0.07910326,-0.13515612,0.02029587,0.08958857,0.13702112,-0.02667111,-0.09749101,-0.13493574,-0.01329058,0.14749121,-0.13740119,0.00482122,0.07625553,-0.35464429,0.00375811,0.17866678,-0.11666182,-0.01220941,0.04816991,-0.36842278,0.02029878,0.20285838,-0.11025447,-0.02780295,0.02856151,-0.36726352,0.25010378,0.56804170,0.49350290,-0.25527201,-0.52525696,-0.38213212,0.25308062,0.46732881,0.25974429,-0.24359280,-0.39592735,-0.12986791,0.22708208,0.31311112,-0.00375262,-0.20402449,-0.22126776,0.13726496,-0.00982699,0.01781519,-0.99979302,-0.00516398,0.02554274,0.18338059,-0.07351458,-0.00793155,-0.05220169
10511980000000,synthetic_50hz_06,599,0.02,83.35139759,83.57444680,12.81108363,12.86027224,12.87511184,6.61288681,94.76804850,1,1,0,0,1,0.33424098,0.11821661,0.18173346,-0.00761851,0.03849925,0.10938910,0.00013430,-0.05439648,-0.12170182,0.00735379,0.06872544,0.13050581,-0.01462986,-0.08107301,-0.13554725,0.02148415,0.09108321,0.13668081,-0.02771904,-0.09846743,-0.13387380,-0.01195042,0.15049925,-0.13492381,0.00347373,0.07352505,-0.35648121,0.00507367,0.18104093,-0.11551799,-0.01345469,0.04622068,-0.36884083,0.02143745,0.20432632,-0.11057401,-0.02880175,0.02761740,-0.36621578,0.25084081,0.55962389,0.47245578,-0.25464229,-0.51407378,-0.35914361,0.25110231,0.45370268,0.23547715,-0.24032294,-0.38025112,-0.10502178,0.22261494,0.29583675,-0.02846141,-0.19848886,-0.20289326,0.16112405,-0.00992901,0.01792912,-0.99978997,-0.00476897,0.02587522,0.18173346,-0.07362011,-0.00900096,-0.05823267
