timestamp_ns,trajectory_id,sample_index,control_dt_s,force_raw_n,torque_actual_nm,torque_command_prev_nm,torque_command_issued_nm,motor_position_rad,force_reference_n,imu_valid,tension_sensor_valid,saturation_flag,emergency_flag,data_valid_flag,velocity_command_0,velocity_command_1,velocity_command_2,policy_action_0,policy_action_1,policy_action_2,policy_action_3,policy_action_4,policy_action_5,policy_action_6,policy_action_7,policy_action_8,policy_action_9,policy_action_10,policy_action_11,policy_action_12,policy_action_13,policy_action_14,policy_action_15,policy_action_16,policy_action_17,joint_position_0,joint_position_1,joint_position_2,joint_position_3,joint_position_4,joint_position_5,joint_position_6,joint_position_7,joint_position_8,joint_position_9,joint_position_10,joint_position_11,joint_position_12,joint_position_13,joint_position_14,joint_position_15,joint_position_16,joint_position_17,joint_velocity_0,joint_velocity_1,joint_velocity_2,joint_velocity_3,joint_velocity_4,joint_velocity_5,joint_velocity_6,joint_velocity_7,joint_velocity_8,joint_velocity_9,joint_velocity_10,joint_velocity_11,joint_velocity_12,joint_velocity_13,joint_velocity_14,joint_velocity_15,joint_velocity_16,joint_velocity_17,body_gravity_vector_0,body_gravity_vector_1,body_gravity_vector_2,body_angular_velocity_0,body_angular_velocity_1,body_angular_velocity_2,body_linear_acceleration_0,body_linear_acceleration_1,body_linear_acceleration_2
2460849142942,hexapod_20260804_110009,0,0.02,36.20711813537143,-0.030769230891019107,0.0,10.671250453930336,12.2970552444458,78.6531753540039,1,1,0,0,1,0.0,0.0,0.0,0.06765688955783844,-0.11484119296073914,0.002777786459773779,-0.08601886034011841,-0.10136549174785614,-0.014915714040398598,-0.04114960506558418,-0.026105009019374847,0.009910651482641697,-0.020585782825946808,0.10794593393802643,0.0407986119389534,0.04535936191678047,0.11397042125463486,-0.011569064110517502,0.011999850161373615,0.0799705982208252,-0.04630223289132118,-0.06198977679014206,0.01602184772491455,-0.04692131280899048,0.08983749151229858,0.043488144874572754,-0.061798810958862305,-0.10128175467252731,0.07705762982368469,0.06027287244796753,-0.08068207651376724,-0.0324251651763916,0.17128300666809082,0.013923857361078262,-0.036240458488464355,-0.014496088027954102,-0.04711223021149635,-0.052643537521362305,-0.04615873098373413,-0.004395604599267244,-0.004395604599267244,0.004395604599267244,-0.004395604599267244,0.013186813332140446,-0.004395604599267244,-0.013186813332140446,0.013186813332140446,0.004395604599267244,-0.013186813332140446,-0.004395604599267244,-0.004395604599267244,-0.013186813332140446,-0.013186813332140446,-0.004395604599267244,-0.004395604599267244,0.013186813332140446,-0.004395604599267244,-0.031786493957042694,-0.11980606615543365,-0.99228835105896,0.0006334719946607947,0.0005694095161743462,0.00021434330847114325,1.2291858196258545,0.1422978639602661,9.762813568115234
2460869213555,hexapod_20260804_110009,1,0.02,36.047189265259824,6.676923179626465,10.671250453930336,10.97062322394457,12.297436714172363,81.77088165283203,1,1,0,0,1,0.0,0.0,0.0,0.07801511138677597,-0.12440373748540878,-0.011448243632912636,-0.11696364730596542,-0.08938045799732208,-0.013952398672699928,-0.04198284074664116,-0.02302476577460766,0.018521850928664207,-0.018810734152793884,0.11358445882797241,0.03783678263425827,0.04297787323594093,0.1209864467382431,-0.0035277395509183407,0.01994236931204796,0.06870555877685547,-0.049268659204244614,-0.06198977679014206,0.01602184772491455,-0.047302842140197754,0.08983749151229858,0.043488144874572754,-0.06218034029006958,-0.10128175467252731,0.07743909955024719,0.06065434217453003,-0.08106355369091034,-0.0320436954498291,0.17166447639465332,0.013923857361078262,-0.035858988761901855,-0.014496088027954102,-0.04711223021149635,-0.052262067794799805,-0.046540260314941406,-0.013186813332140446,0.013186813332140446,-0.03076923079788685,-0.08351648598909378,-0.1626373678445816,-0.07472527772188187,-0.14505495131015778,0.013186813332140446,0.10989011079072952,-0.08351648598909378,0.18901099264621735,0.2857142984867096,0.0923076942563057,0.26813188195228577,-0.021978022530674934,-0.021978022530674934,0.10109890252351761,-0.14505495131015778,-0.0317869633436203,-0.11980979889631271,-0.9922878742218018,0.001067799050360918,0.0008687314693816006,-0.0012337270891293883,1.0650460720062256,0.0911799892783165,9.617077827453613
2460889290512,hexapod_20260804_110009,2,0.02,38.68949063809623,8.646153831481934,10.97062322394457,10.883555264431209,12.326809883117676,81.46317291259766,1,1,0,0,1,0.0,0.0,0.0,0.07783662527799606,-0.12911322712898254,-0.010416993871331215,-0.12402517348527908,-0.08538547158241272,-0.015031719580292702,-0.03653043136000633,-0.03262981027364731,0.02063254825770855,-0.02014666050672531,0.11528973281383514,0.032002247869968414,0.04647483304142952,0.12765447795391083,-0.0073169744573533535,0.02210373803973198,0.060137148946523666,-0.04714473336935043,-0.058175019919872284,0.006866455078125,-0.04577690362930298,0.08297093212604523,0.038147568702697754,-0.06256181001663208,-0.11234454810619354,0.07972794771194458,0.0640876293182373,-0.08411535620689392,-0.02899181842803955,0.17929387092590332,0.01926451548933983,-0.02212586998939514,-0.022125601768493652,-0.04711223021149635,-0.048828840255737305,-0.052262306213378906,0.32967033982276917,-0.5494505763053894,0.3032967150211334,-0.6637362837791443,0.10109890252351761,0.14505495131015778,-0.795604407787323,0.26813188195228577,0.05714285746216774,-0.18901099264621735,-0.03076923079788685,-0.05714285746216774,0.4087912142276764,0.6197802424430847,-0.6373626589775085,0.021978022530674934,0.07472527772188187,-0.13626374304294586,-0.03121660277247429,-0.11984547972679138,-0.9923017024993896,0.05987323820590973,-0.01991005428135395,0.005757139530032873,0.531541645526886,0.5953018069267273,12.081449508666992
2460909435179,hexapod_20260804_110009,3,0.02,47.16079972691886,7.538461589813233,10.883555264431209,10.857158635821785,12.401960372924805,83.13993835449219,1,1,0,0,1,0.0,0.0,0.0,0.07548774033784866,-0.13108733296394348,-0.009105492383241653,-0.12333928793668747,-0.08162251114845276,-0.019201839342713356,-0.037247031927108765,-0.029990747570991516,0.022128956392407417,-0.01980329304933548,0.10253007709980011,0.02685076929628849,0.04564205929636955,0.1264423131942749,-0.010032711550593376,0.01740630716085434,0.05791215971112251,-0.046889375895261765,-0.05130846053361893,0.0015257596969604492,-0.03891032934188843,0.07038223743438721,0.038147568702697754,-0.061035871505737305,-0.12417028844356537,0.08125385642051697,0.0640876293182373,-0.0879301130771637,-0.0209808349609375,0.17357182502746582,0.03147173300385475,-0.012970447540283203,-0.028229236602783203,-0.04711223021149635,-0.046158552169799805,-0.051880836486816406,0.2945055067539215,-0.20659340918064117,0.32087913155555725,-0.5230769515037537,-0.1538461595773697,0.06593406945466995,-0.24175824224948883,-0.06593406945466995,-0.03956044092774391,-0.10109890252351761,0.795604407787323,-0.3648351728916168,0.7076923251152039,0.2945055067539215,-0.03076923079788685,0.013186813332140446,0.25934067368507385,0.07472527772188187,-0.030706722289323807,-0.12103316187858582,-0.992173433303833,0.043817706406116486,-0.05170155689120293,-0.01640753075480461,0.45821648836135864,0.42180779576301575,10.307354927062988
2460929579723,hexapod_20260804_110009,4,0.02,65.38785179667967,8.21538462638855,10.857158635821785,10.842683363462774,-12.481689453125,87.19364929199219,1,1,0,0,1,0.0,0.0,0.0,0.07275206595659256,-0.1315339207649231,-0.004022948909550905,-0.12197692692279816,-0.08644767105579376,-0.022811563685536385,-0.03687728941440582,-0.03631577640771866,0.020394692197442055,-0.020270973443984985,0.09207870066165924,0.017951542511582375,0.05364919826388359,0.12494482100009918,-0.01695350557565689,0.011278671212494373,0.06559885293245316,-0.044263917952775955,-0.05054550990462303,-0.0064852237701416016,-0.03356969356536865,0.057793546468019485,0.036621689796447754,-0.05722111463546753,-0.12226291000843048,0.08125385642051697,0.06179875135421753,-0.0875486359000206,-0.0053403377532958984,0.16365337371826172,0.0398641936480999,-0.004959464073181152,-0.028992176055908203,-0.046730753034353256,-0.040817975997924805,-0.051880836486816406,-0.13626374304294586,-0.44395604729652405,0.25934067368507385,-0.6285714507102966,-0.05714285746216774,0.224175825715065,0.3648351728916168,0.05714285746216774,-0.17142857611179352,0.03956044092774391,0.6373626589775085,-0.44395604729652405,0.26813188195228577,0.4615384638309479,-0.13626374304294586,-0.021978022530674934,0.31208792328834534,-0.013186813332140446,-0.030033966526389122,-0.12294446676969528,-0.9919589757919312,0.08565029501914978,-0.11467993259429932,-0.02111966907978058,1.0472742319107056,0.41383183002471924,10.072979927062988
2460949718749,hexapod_20260804_110009,5,0.02,87.4905857494281,9.199999952316285,10.842683363462774,10.708466751098634,-12.33215045928955,91.89680480957031,1,1,0,0,1,0.0,0.0,0.0,0.06456997245550156,-0.13156229257583618,0.0005350797437131405,-0.12006597965955734,-0.09166698157787323,-0.02252962626516819,-0.03575266897678375,-0.04060427471995354,0.017298540100455284,-0.018795430660247803,0.08939020335674286,0.010289780795574188,0.061402637511491776,0.12468024343252182,-0.02061770297586918,0.0023920508101582527,0.07342410087585449,-0.041844237595796585,-0.05245288833975792,-0.016403555870056152,-0.0251772403717041,0.04558632895350456,0.0350956916809082,-0.053406357765197754,-0.11692225188016891,0.08125385642051697,0.059128403663635254,-0.0875486359000206,0.008392691612243652,0.15564250946044922,0.0398641936480999,0.004958897829055786,-0.0343327522277832,-0.046730753034353256,-0.0366215705871582,-0.051880836486816406,-0.08351648598909378,-0.4791208803653717,0.5142857432365417,-0.6461538672447205,-0.14505495131015778,0.1538461595773697,0.13626374304294586,0.013186813332140446,-0.12747253477573395,0.013186813332140446,0.5670329928398132,-0.3384615480899811,-0.10989011079072952,0.45274725556373596,-0.3560439646244049,-0.013186813332140446,0.17142857611179352,0.004395604599267244,-0.02945169247686863,-0.1255711317062378,-0.9916473627090454,0.047335755079984665,-0.12425404787063599,-0.015614590607583523,1.2773388624191284,0.30812445282936096,9.532245635986328
2460969864429,hexapod_20260804_110009,6,0.02,108.31336785886177,9.753846073150635,10.708466751098634,10.77644364266412,-12.157435417175293,96.40154266357422,1,1,0,0,1,0.0,0.0,0.0,0.05597419664263725,-0.13144880533218384,0.0030678915791213512,-0.12018934637308121,-0.09821954369544983,-0.01890167035162449,-0.03781259432435036,-0.04043860360980034,0.015137598849833012,-0.015654664486646652,0.09562736749649048,0.004433216527104378,0.06401126831769943,0.12395858019590378,-0.0209179874509573,-0.004937360994517803,0.07744541764259338,-0.03966609761118889,-0.05207141116261482,-0.025940537452697754,-0.015640318393707275,0.029564354568719864,0.029373645782470703,-0.04882866144180298,-0.11654078215360641,0.08125385642051697,0.056839585304260254,-0.0875486359000206,0.018692612648010254,0.14839434623718262,0.0394827201962471,0.012588411569595337,-0.038910508155822754,-0.046730753034353256,-0.0347142219543457,-0.051499366760253906,-0.013186813332140446,-0.4703296720981598,0.38241758942604065,-0.69010990858078,-0.3384615480899811,0.2857142984867096,-0.07472527772188187,-0.013186813332140446,-0.07472527772188187,-0.004395604599267244,0.4615384638309479,-0.25934067368507385,-0.004395604599267244,0.25054946541786194,-0.10989011079072952,-0.013186813332140446,0.048351649194955826,0.021978022530674934,-0.02967757172882557,-0.12794926762580872,-0.9913365840911865,0.010104598477482796,-0.09494530409574509,0.010964631102979183,1.663770318031311,0.07753003388643265,9.57517147064209
2460990009266,hexapod_20260804_110009,7,0.02,133.0017545472636,9.507692241668702,10.77644364266412,10.754192674352915,-11.966315269470215,101.86439514160156,1,1,0,0,1,0.0,0.0,0.0,0.04625749588012695,-0.13227936625480652,0.005726208444684744,-0.12096419185400009,-0.1085425466299057,-0.01571212150156498,-0.04217137396335602,-0.03771600127220154,0.012760371901094913,-0.01077628880739212,0.10679656267166138,0.0006421618163585663,0.06667869538068771,0.12190234661102295,-0.019648462533950806,-0.011172126047313213,0.0812675803899765,-0.035700201988220215,-0.05245288833975792,-0.033951520919799805,-0.00762939453125,0.01506828423589468,0.023651480674743652,-0.0438694953918457,-0.11692225188016891,0.08010941743850708,0.056076645851135254,-0.0875486359000206,0.027085065841674805,0.14419817924499512,0.0398641936480999,0.015640228986740112,-0.039291977882385254,-0.04711223021149635,-0.0331883430480957,-0.050354957580566406,-0.021978022530674934,-0.3384615480899811,0.3032967150211334,-0.6813187003135681,-0.224175825715065,0.17142857611179352,0.004395604599267244,-0.12747253477573395,0.013186813332140446,-0.013186813332140446,0.2769230902194977,-0.18021978437900543,0.021978022530674934,0.07472527772188187,0.013186813332140446,-0.013186813332140446,0.03076923079788685,0.05714285746216774,-0.030334945768117905,-0.1294919103384018,-0.9911164045333862,-0.02022835984826088,-0.06356588006019592,0.034673385322093964,2.3073270320892334,0.05633587762713432,9.385346412658691
2461010138069,hexapod_20260804_110009,8,0.02,163.5073384476896,11.47692289352417,10.754192674352915,10.629614609956047,-11.769092559814453,107.59141540527344,1,1,0,0,1,0.0,0.0,0.0,0.03694392368197441,-0.13305926322937012,0.008575860410928726,-0.1234709843993187,-0.12012790143489838,-0.01297725923359394,-0.04780256375670433,-0.031621601432561874,0.011928332038223743,-0.006068099290132523,0.12133927643299103,-0.0019527887925505638,0.06790581345558167,0.11679142713546753,-0.01693904772400856,-0.016820479184389114,0.08169756829738617,-0.030982166528701782,-0.05245288833975792,-0.040055036544799805,-0.0019072294235229492,0.0032425422687083483,0.0183107852935791,-0.04043620824813843,-0.11654078215360641,0.07667616009712219,0.05493217706680298,-0.0875486359000206,0.031281232833862305,0.14305377006530762,0.0398641936480999,0.016784638166427612,-0.039291977882385254,-0.04711223021149635,-0.0331883430480957,-0.049973487854003906,-0.021978022530674934,-0.24175824224948883,0.2153846174478531,-0.4000000059604645,-0.3032967150211334,0.19780220091342926,0.013186813332140446,-0.14505495131015778,-0.11868131905794144,0.013186813332140446,0.1626373678445816,0.021978022530674934,0.03076923079788685,0.05714285746216774,-0.004395604599267244,-0.013186813332140446,0.013186813332140446,0.08351648598909378,-0.031183820217847824,-0.13018861413002014,-0.9909987449645996,-0.035372618585824966,-0.01664414443075657,0.056176912039518356,2.6576602458953857,-0.010843654163181782,9.374282836914062
2461030250650,hexapod_20260804_110009,9,0.02,181.75502999744953,11.66153826713562,10.629614609956047,10.59360431678022,-11.576066017150879,111.42296600341797,1,1,0,0,1,0.0,0.0,0.0,0.030469829216599464,-0.1337970793247223,0.009596001356840134,-0.1271820217370987,-0.13100308179855347,-0.009977268055081367,-0.05270851030945778,-0.023381385952234268,0.011795398779213428,-0.0019801929593086243,0.13761691749095917,-0.0011336617171764374,0.06789383292198181,0.1121123805642128,-0.01272943988442421,-0.017966557294130325,0.07866968214511871,-0.025662899017333984,-0.05207141116261482,-0.042725443840026855,0.0007630586624145508,-0.0024795911740511656,0.012588739395141602,-0.03623998165130615,-0.11615930497646332,0.07286140322685242,0.05340629816055298,-0.0875486359000206,0.032807111740112305,0.14305377006530762,0.0398641936480999,0.016784638166427612,-0.039291977882385254,-0.04787518084049225,-0.0320439338684082,-0.047303199768066406,-0.021978022530674934,-0.07472527772188187,0.10109890252351761,-0.08351648598909378,-0.25934067368507385,0.17142857611179352,0.013186813332140446,-0.26813188195228577,-0.021978022530674934,0.004395604599267244,0.013186813332140446,0.03076923079788685,-0.03076923079788685,0.013186813332140446,0.004395604599267244,-0.06593406945466995,0.03956044092774391,0.13626374304294586,-0.031794872134923935,-0.12991291284561157,-0.9910155534744263,-0.036070939153432846,0.03177591413259506,0.06329096853733063,2.9182400703430176,0.044204194098711014,9.88203239440918
2461050391662,hexapod_20260804_110009,10,0.02,203.34215489581436,12.584615135192871,10.59360431678022,10.471661039043873,-11.397916793823242,115.11964416503906,1,1,0,0,1,0.0,0.0,0.0,0.024139706045389175,-0.1327865719795227,0.01109599694609642,-0.1268450766801834,-0.14061032235622406,-0.00878697820007801,-0.05672695115208626,-0.0160430446267128,0.01238460186868906,0.003254115581512451,0.15238869190216064,0.0010185148566961288,0.06696807593107224,0.10602843016386032,-0.008999472483992577,-0.01829870417714119,0.07308244705200195,-0.02091103047132492,-0.05130846053361893,-0.042725443840026855,0.0022890567779541016,-0.001716639962978661,0.007248044013977051,-0.03242522478103638,-0.11463340371847153,0.06828367710113525,0.05264335870742798,-0.0875486359000206,0.032807111740112305,0.14381670951843262,0.0398641936480999,0.016784638166427612,-0.039291977882385254,-0.049782559275627136,-0.028610706329345703,-0.04386991262435913,0.08351648598909378,-0.004395604599267244,0.07472527772188187,0.08351648598909378,-0.2153846174478531,0.14505495131015778,0.14505495131015778,-0.18901099264621735,-0.048351649194955826,0.004395604599267244,-0.03076923079788685,0.05714285746216774,-0.004395604599267244,-0.004395604599267244,-0.004395604599267244,-0.10109890252351761,0.19780220091342926,0.2153846174478531,-0.03211557865142822,-0.1287236213684082,-0.9911603331565857,-0.025502586737275124,0.06685129553079605,0.045134712010622025,2.7859151363372803,-0.12560243904590607,10.097914695739746
2461070530663,hexapod_20260804_110009,11,0.02,218.25442110429987,12.707692050933838,10.471661039043873,10.375007402211585,-11.241130828857422,117.5424575805664,1,1,0,0,1,0.0,0.0,0.0,0.02031237632036209,-0.13110199570655823,0.01270979642868042,-0.12534086406230927,-0.14828862249851227,-0.007502147927880287,-0.05892005190253258,-0.010046903043985367,0.01280259806662798,0.007219260558485985,0.163343608379364,0.00351523794233799,0.06684986501932144,0.10136352479457855,-0.006456717383116484,-0.018325332552194595,0.06800082325935364,-0.01614125818014145,-0.04901960864663124,-0.042343974113464355,0.0030519962310791016,0.0013351644156500697,0.003814697265625,-0.0293734073638916,-0.11081864684820175,0.06370598077774048,0.0503544807434082,-0.0879301130771637,0.032425642013549805,0.14496111869812012,0.0398641936480999,0.016784638166427612,-0.039291977882385254,-0.05245288833975792,-0.0236513614654541,-0.038910746574401855,0.11868131905794144,0.021978022530674934,0.013186813332140446,0.2153846174478531,-0.12747253477573395,0.0923076942563057,0.13626374304294586,-0.25934067368507385,-0.1626373678445816,-0.013186813332140446,-0.021978022530674934,0.021978022530674934,-0.013186813332140446,0.004395604599267244,0.004395604599267244,-0.18021978437900543,0.32967033982276917,0.25054946541786194,-0.031853437423706055,-0.12724249064922333,-0.991360068321228,-0.005487552843987942,0.07650154829025269,0.018464593216776848,2.224721670150757,0.003388510085642338,10.080782890319824
2461090677533,hexapod_20260804_110009,12,0.02,233.34939685699376,12.707692050933838,10.375007402211585,10.282169049285937,-11.110666275024414,120.04763793945312,1,1,0,0,1,0.0,0.0,0.0,0.016131166368722916,-0.13014042377471924,0.014605026692152023,-0.1222679391503334,-0.1540309488773346,-0.005011001601815224,-0.060038600116968155,-0.005435027647763491,0.013748549856245518,0.010672400705516338,0.17327216267585754,0.00524420291185379,0.06584565341472626,0.09758418053388596,-0.003964025992900133,-0.019662048667669296,0.06678842008113861,-0.012688697315752506,-0.04558632895350456,-0.041199445724487305,0.0030519962310791016,0.00476844422519207,0.000762939453125,-0.0278475284576416,-0.10852979123592377,0.0587468147277832,0.04768413305282593,-0.0883115902543068,0.032807111740112305,0.14496111869812012,0.0394827201962471,0.0171661376953125,-0.039291977882385254,-0.05664911866188049,-0.0183107852935791,-0.033951520919799805,0.24175824224948883,0.11868131905794144,-0.004395604599267244,0.14505495131015778,-0.17142857611179352,0.0923076942563057,0.13626374304294586,-0.20659340918064117,-0.08351648598909378,-0.06593406945466995,0.004395604599267244,-0.004395604599267244,-0.021978022530674934,0.004395604599267244,-0.004395604599267244,-0.224175825715065,0.224175825715065,0.25934067368507385,-0.03138002008199692,-0.12583307921886444,-0.9915550351142883,-0.005808435846120119,0.08682724088430405,0.004683508072048426,2.039750576019287,-0.04147197678685188,9.559102058410645
2461110812082,hexapod_20260804_110009,13,0.02,244.5129254838461,13.261538171768189,10.282169049285937,10.223192105091027,-11.011863708496094,122.00237274169922,1,1,0,0,1,0.0,0.0,0.0,0.012992892414331436,-0.1286400556564331,0.016027718782424927,-0.12032802402973175,-0.15778861939907074,-0.003398628905415535,-0.06077994033694267,-0.0017536324448883533,0.014200673438608646,0.011520987376570702,0.18126210570335388,0.005915163084864616,0.06597912311553955,0.095115065574646,-0.0012383484281599522,-0.0212169848382473,0.0654032826423645,-0.008695186115801334,-0.040245670825242996,-0.039673566818237305,0.0026705265045166016,0.0078202486038208,-0.0034333467483520508,-0.024795711040496826,-0.1039520874619484,0.05455055832862854,0.04692119359970093,-0.09098191559314728,0.032425642013549805,0.14496111869812012,0.03757534176111221,0.0171661376953125,-0.039291977882385254,-0.06160829961299896,-0.012588739395141602,-0.02899235486984253,0.24175824224948883,0.021978022530674934,-0.03076923079788685,0.1538461595773697,-0.14505495131015778,0.18021978437900543,0.3032967150211334,-0.224175825715065,-0.03076923079788685,-0.18021978437900543,-0.06593406945466995,0.03076923079788685,-0.17142857611179352,0.03956044092774391,0.013186813332140446,-0.32087913155555725,0.2945055067539215,0.18021978437900543,-0.030928408727049828,-0.12415574491024017,-0.9917806386947632,-0.007546819746494293,0.0842326283454895,0.015666265040636063,1.689265489578247,-0.129686176776886,9.44940185546875
2461130950134,hexapod_20260804_110009,14,0.02,235.29237459824662,12.584615135192871,10.223192105091027,10.305918669882383,-10.946249961853027,120.74627685546875,1,1,0,0,1,0.0,0.0,0.0,0.015824656933546066,-0.1262136697769165,0.014799581840634346,-0.11858738213777542,-0.15656296908855438,-0.00259518064558506,-0.05810914561152458,0.0007249568589031696,0.016001509502530098,0.005545830354094505,0.18148358166217804,0.004888886585831642,0.06374279409646988,0.09227361530065536,-2.6444904506206512e-06,-0.020814847201108932,0.06859447807073593,-0.006017780862748623,-0.03528648987412453,-0.039292097091674805,0.0022890567779541016,0.01201647985726595,-0.006485104560852051,-0.02212536334991455,-0.09937438368797302,0.049972862005233765,0.04615825414657593,-0.09746700525283813,0.031662702560424805,0.14496111869812012,0.03376058489084244,0.0186920166015625,-0.039291977882385254,-0.06771191209554672,-0.0080108642578125,-0.024414658546447754,0.25934067368507385,0.03956044092774391,0.004395604599267244,0.2153846174478531,-0.10109890252351761,0.08351648598909378,0.24175824224948883,-0.20659340918064117,0.004395604599267244,-0.37362638115882874,-0.06593406945466995,0.013186813332140446,-0.224175825715065,0.07472527772188187,-0.021978022530674934,-0.31208792328834534,0.25934067368507385,0.2945055067539215,-0.030814509838819504,-0.12312351912260056,-0.991912841796875,0.006129884161055088,0.06570907682180405,0.02846560813486576,1.0458253622055054,0.00020665493502747267,9.693977355957031
2461151810251,hexapod_20260804_110009,15,0.02,245.3187858919686,12.707692050933838,10.305918669882383,10.284961114448066,-10.911154747009277,122.83922576904297,1,1,0,0,1,0.0,0.0,0.0,0.013804718852043152,-0.1283964067697525,0.016520598903298378,-0.1150653287768364,-0.15665870904922485,-0.003874795511364937,-0.05540264770388603,0.0007978263311088085,0.016782494261860847,0.0018268823623657227,0.17978507280349731,0.002475189045071602,0.061631519347429276,0.09327615052461624,-0.0009213159792125225,-0.02365930750966072,0.07524651288986206,-0.0032706400379538536,-0.02841992862522602,-0.038147687911987305,0.0022890567779541016,0.01735713705420494,-0.00877392292022705,-0.02059948444366455,-0.09136339277029037,0.04653957486152649,0.04615825414657593,-0.10776684433221817,0.031281232833862305,0.14496111869812012,0.028038453310728073,0.020217925310134888,-0.039291977882385254,-0.07495994865894318,-0.0030517578125,-0.018311023712158203,0.347252756357193,-0.013186813332140446,0.004395604599267244,0.24175824224948883,-0.06593406945466995,0.07472527772188187,0.2945055067539215,-0.10989011079072952,0.021978022530674934,-0.3384615480899811,-0.004395604599267244,-0.004395604599267244,-0.12747253477573395,0.0923076942563057,0.013186813332140446,-0.2857142984867096,0.18901099264621735,0.18021978437900543,-0.030387459322810173,-0.12225956469774246,-0.9920328855514526,0.013218285515904427,0.040157005190849304,0.043550919741392136,1.0942107439041138,-0.0992828756570816,9.259374618530273
2461171938476,hexapod_20260804_110009,16,0.02,241.47104802165066,10.92307677268982,10.284961114448066,10.343569862992599,-10.915350914001465,122.5688705444336,1,1,0,0,1,0.0,0.0,0.0,0.015421081334352493,-0.1305200159549713,0.017545627430081367,-0.1138993352651596,-0.15618886053562164,-0.0053161997348070145,-0.05299195274710655,0.00044563086703419685,0.016807282343506813,-0.001579994335770607,0.17761066555976868,0.0012046340852975845,0.059933703392744064,0.095218226313591,-0.0015523838810622692,-0.024248037487268448,0.07736074924468994,-0.003128982149064541,-0.02079041674733162,-0.037766218185424805,0.0022890567779541016,0.02079041674733162,-0.00915539264678955,-0.02021801471710205,-0.08373387902975082,0.0446321964263916,0.04653972387313843,-0.11463340371847153,0.031662702560424805,0.14496111869812012,0.026131074875593185,0.022125303745269775,-0.039291977882385254,-0.07953765243291855,0.0003814697265625,-0.013733327388763428,0.39120879769325256,0.03956044092774391,0.004395604599267244,0.14505495131015778,0.013186813332140446,-0.021978022530674934,0.32087913155555725,-0.0923076942563057,0.021978022530674934,-0.2857142984867096,-0.013186813332140446,0.004395604599267244,-0.08351648598909378,0.03956044092774391,0.004395604599267244,-0.224175825715065,0.14505495131015778,0.2153846174478531,-0.029849953949451447,-0.12168148159980774,-0.9921202659606934,0.02109481208026409,0.03474391624331474,0.05099937692284584,0.8328366279602051,0.04738035798072815,9.521251678466797
2461192094317,hexapod_20260804_110009,17,0.02,226.76370467244192,9.569230699539185,10.343569862992599,10.423939075894957,-10.924124717712402,120.0217514038086,1,1,0,0,1,0.0,0.0,0.0,0.021814288571476936,-0.13176923990249634,0.016121895983815193,-0.11480078101158142,-0.15172509849071503,-0.006086783483624458,-0.04875928536057472,-0.0005684155039489269,0.017308497801423073,-0.005404544994235039,0.17672786116600037,0.0020319465547800064,0.057341914623975754,0.09701831638813019,-0.0014675925485789776,-0.021824467927217484,0.07544177770614624,-0.003218253143131733,-0.012779430486261845,-0.035858869552612305,0.0022890567779541016,0.02231631986796856,-0.00915539264678955,-0.02021801471710205,-0.07572289556264877,0.0431063175201416,0.04768413305282593,-0.1192111074924469,0.031281232833862305,0.14496111869812012,0.024986648932099342,0.023651212453842163,-0.038910508155822754,-0.08449683338403702,0.0034332275390625,-0.009537100791931152,0.32087913155555725,0.10989011079072952,0.004395604599267244,0.03076923079788685,-0.004395604599267244,-0.004395604599267244,0.25934067368507385,-0.06593406945466995,0.11868131905794144,-0.3384615480899811,-0.03076923079788685,0.021978022530674934,-0.048351649194955826,0.11868131905794144,-0.004395604599267244,-0.20659340918064117,0.14505495131015778,0.18021978437900543,-0.029195165261626244,-0.12117832154035568,-0.9922013282775879,0.02451082319021225,0.046857476234436035,0.05112669989466667,0.4809183180332184,0.07188160717487335,9.586148262023926
2461212261660,hexapod_20260804_110009,18,0.02,185.90693650510997,10.184615278244019,10.423939075894957,10.675102303337164,-10.92526912689209,113.23987579345703,1,1,0,0,1,0.0,0.0,0.0,0.03438178822398186,-0.12998655438423157,0.011555144563317299,-0.12018653005361557,-0.14319954812526703,-0.007648909464478493,-0.04260312393307686,-0.004140903707593679,0.01804926060140133,-0.012803338468074799,0.17008043825626373,0.0021644141525030136,0.05552314594388008,0.1000722199678421,-0.0013597472570836544,-0.01706254854798317,0.07457470893859863,-0.005751308985054493,-0.00667582219466567,-0.033951520919799805,0.0022890567779541016,0.02231631986796856,-0.00915539264678955,-0.02021801471710205,-0.06923781335353851,0.042343348264694214,0.0495915412902832,-0.12417028844356537,0.031281232833862305,0.14496111869812012,0.024605173617601395,0.024795621633529663,-0.038910508155822754,-0.0883115902543068,0.0057220458984375,-0.006485283374786377,0.23296703398227692,0.03956044092774391,-0.004395604599267244,-0.013186813332140446,0.021978022530674934,-0.004395604599267244,0.25054946541786194,0.013186813332140446,0.07472527772188187,-0.2153846174478531,-0.021978022530674934,0.021978022530674934,0.013186813332140446,0.06593406945466995,-0.013186813332140446,-0.18021978437900543,0.06593406945466995,0.13626374304294586,-0.02845866233110428,-0.12058261781930923,-0.9922953248023987,0.02907576970756054,0.01960085891187191,0.05080539733171463,-0.0959746390581131,0.002674406161531806,9.7793550491333
2461232445606,hexapod_20260804_110009,19,0.02,172.28829625348868,11.10769214630127,10.675102303337164,10.726638182776137,-10.922980308532715,110.64016723632812,1,1,0,0,1,0.0,0.0,0.0,0.041608650237321854,-0.13143190741539001,0.010833647102117538,-0.12126858532428741,-0.1354677379131317,-0.00787212885916233,-0.037669163197278976,-0.008305996656417847,0.018275028094649315,-0.018025409430265427,0.16278380155563354,0.001462819054722786,0.055351678282022476,0.10446982830762863,-0.0023528202436864376,-0.017212238162755966,0.07778649032115936,-0.006993633694946766,-0.002861066721379757,-0.033951520919799805,0.0019075870513916016,0.02231631986796856,-0.00915539264678955,-0.02059948444366455,-0.06504157930612564,0.041961878538131714,0.05188041925430298,-0.12874799966812134,0.031281232833862305,0.14496111869812012,0.024605173617601395,0.02517712116241455,-0.038910508155822754,-0.08983749151229858,0.006103515625,-0.004959404468536377,0.1626373678445816,0.004395604599267244,0.004395604599267244,0.004395604599267244,0.021978022530674934,-0.03076923079788685,0.2153846174478531,-0.03956044092774391,0.18901099264621735,-0.23296703398227692,-0.021978022530674934,0.004395604599267244,-0.03956044092774391,0.004395604599267244,-0.004395604599267244,-0.004395604599267244,0.004395604599267244,0.03076923079788685,-0.027888622134923935,-0.12029970437288284,-0.9923458099365234,0.010381007567048073,4.381595863378607e-05,0.051838744431734085,-0.24340485036373138,0.17605820298194885,9.998379707336426
2461252627922,hexapod_20260804_110009,20,0.02,179.8733624255733,10.984615230560303,10.726638182776137,10.648064749293518,-10.92221736907959,111.56260681152344,1,1,0,0,1,0.0,0.0,0.0,0.04205385223031044,-0.13407915830612183,0.013781528919935226,-0.11817946285009384,-0.13153450191020966,-0.009878242388367653,-0.03465181589126587,-0.011551979929208755,0.018047301098704338,-0.019754089415073395,0.15754547715187073,-0.00033401884138584137,0.054378826171159744,0.10700294375419617,-0.004531457554548979,-0.019321467727422714,0.08009499311447144,-0.008534097112715244,0.0024795911740511656,-0.033951520919799805,0.0019075870513916016,0.02193484455347061,-0.00915539264678955,-0.02059948444366455,-0.06084534898400307,0.041198939085006714,0.05493217706680298,-0.1325627565383911,0.030899763107299805,0.14496111869812012,0.024605173617601395,0.02517712116241455,-0.038910508155822754,-0.08983749151229858,0.006103515625,-0.004959404468536377,0.2945055067539215,-0.013186813332140446,-0.03076923079788685,-0.021978022530674934,0.013186813332140446,-0.004395604599267244,0.14505495131015778,0.03076923079788685,0.10989011079072952,-0.11868131905794144,-0.03956044092774391,0.03076923079788685,0.013186813332140446,0.013186813332140446,-0.013186813332140446,-0.013186813332140446,0.004395604599267244,0.004395604599267244,-0.027858365327119827,-0.1203840970993042,-0.9923364520072937,0.0006381437415257096,0.0040749441832304,0.05150897800922394,-0.002673124196007848,0.0060866884887218475,9.803450584411621
2461272743863,hexapod_20260804_110009,21,0.02,186.8368563434119,10.615384483337403,10.648064749293518,10.599139554453302,-10.92221736907959,112.65402221679688,1,1,0,0,1,0.0,0.0,0.0,0.041844263672828674,-0.13575460016727448,0.016119973734021187,-0.11601264029741287,-0.13075000047683716,-0.011367933824658394,-0.03357325866818428,-0.013051729649305344,0.017783762887120247,-0.019950207322835922,0.15357907116413116,-0.0019694408401846886,0.054026324301958084,0.10763905197381973,-0.006130883004516363,-0.02121572569012642,0.0822889655828476,-0.009409149177372456,0.009346150793135166,-0.033951520919799805,0.0011445283889770508,0.02193484455347061,-0.00915539264678955,-0.02136242389678955,-0.058175019919872284,0.040817439556121826,0.056458115577697754,-0.134470134973526,0.030899763107299805,0.14496111869812012,0.024605173617601395,0.02517712116241455,-0.038910508155822754,-0.08983749151229858,0.006103515625,-0.004959404468536377,0.32087913155555725,-0.004395604599267244,-0.004395604599267244,0.004395604599267244,0.004395604599267244,-0.048351649194955826,0.14505495131015778,-0.004395604599267244,0.10109890252351761,-0.03076923079788685,-0.021978022530674934,0.004395604599267244,-0.004395604599267244,0.004395604599267244,-0.004395604599267244,-0.013186813332140446,0.013186813332140446,0.004395604599267244,-0.027802519500255585,-0.12057215720415115,-0.9923151731491089,0.012947291135787964,-0.0038722704630345106,0.044710420072078705,0.45692068338394165,0.35113462805747986,9.729141235351562
2461292902330,hexapod_20260804_110009,22,0.02,210.93858709670778,10.73846139907837,10.599139554453302,10.409651379502266,-10.922598838806152,116.21924591064453,1,1,0,0,1,0.0,0.0,0.0,0.03900392726063728,-0.1398608684539795,0.02015111781656742,-0.1126546636223793,-0.13244017958641052,-0.011435793712735176,-0.0346834622323513,-0.013944070786237717,0.01747775264084339,-0.016195788979530334,0.15577173233032227,-0.0026466846466064453,0.05507418140769005,0.10966780036687851,-0.008577419444918633,-0.02470901608467102,0.08284306526184082,-0.007643149234354496,0.013160906732082367,-0.033951520919799805,0.0011445283889770508,0.02231631986796856,-0.00915539264678955,-0.02250683307647705,-0.0551232174038887,0.040435969829559326,0.058365464210510254,-0.134470134973526,0.029755353927612305,0.14496111869812012,0.024605173617601395,0.02517712116241455,-0.039291977882385254,-0.08983749151229858,0.006103515625,-0.004959404468536377,0.03076923079788685,-0.004395604599267244,-0.004395604599267244,0.021978022530674934,0.004395604599267244,-0.03076923079788685,0.1538461595773697,-0.021978022530674934,0.05714285746216774,-0.013186813332140446,-0.0923076942563057,0.021978022530674934,-0.021978022530674934,0.004395604599267244,-0.021978022530674934,-0.013186813332140446,0.004395604599267244,-0.004395604599267244,-0.027641791850328445,-0.12061712145805359,-0.9923142194747925,-0.0016328080091625452,-0.0018821476260200143,0.026924198493361473,1.045997977256775,0.4902699291706085,9.741020202636719
2461313039566,hexapod_20260804_110009,23,0.02,236.13273073895039,10.246153736114502,10.409651379502266,10.251679752297944,-10.924124717712402,120.36866760253906,1,1,0,0,1,0.0,0.0,0.0,0.03335713595151901,-0.14472199976444244,0.02447044849395752,-0.11032664775848389,-0.13681255280971527,-0.010812567546963692,-0.0372077040374279,-0.013050045818090439,0.017223911359906197,-0.010163508355617523,0.16186779737472534,-0.00235895998775959,0.05629395321011543,0.11201941967010498,-0.010335937142372131,-0.026825085282325745,0.07945813238620758,-0.005480063147842884,0.012779430486261845,-0.033951520919799805,0.0007630586624145508,0.02231631986796856,-0.00915539264678955,-0.023651301860809326,-0.05359731614589691,0.03891006112098694,0.058746933937072754,-0.134470134973526,0.028229475021362305,0.14496111869812012,0.024605173617601395,0.024795621633529663,-0.039291977882385254,-0.08983749151229858,0.006103515625,-0.004959404468536377,-0.07472527772188187,-0.004395604599267244,-0.03076923079788685,-0.004395604599267244,0.021978022530674934,-0.06593406945466995,0.03956044092774391,-0.03956044092774391,-0.004395604599267244,0.013186813332140446,-0.06593406945466995,0.03076923079788685,-0.013186813332140446,-0.004395604599267244,-0.004395604599267244,-0.004395604599267244,-0.004395604599267244,0.013186813332140446,-0.027759261429309845,-0.12053133547306061,-0.9923213720321655,-0.009645952843129635,0.017376301810145378,0.0062618856318295,1.7160694599151611,0.39477649331092834,9.886869430541992
2461333169897,hexapod_20260804_110009,24,0.02,247.80696888467702,10.73846139907837,10.251679752297944,10.195515932756138,-10.929083824157715,122.47090148925781,1,1,0,0,1,0.0,0.0,0.0,0.028561195358633995,-0.14650075137615204,0.02695895917713642,-0.10874731093645096,-0.13994280993938446,-0.01082112081348896,-0.03917207196354866,-0.010772285982966423,0.01774531789124012,-0.006008094176650047,0.1670541763305664,-0.002124250866472721,0.05645991489291191,0.11121226847171783,-0.010663887485861778,-0.027167946100234985,0.07605287432670593,-0.004099615849554539,0.012779430486261845,-0.033951520919799805,1.1920928955078125e-07,0.022697795182466507,-0.00953686237335205,-0.024032771587371826,-0.05359731614589691,0.03776565194129944,0.058746933937072754,-0.134470134973526,0.027085065841674805,0.14496111869812012,0.024605173617601395,0.024795621633529663,-0.039673447608947754,-0.08983749151229858,0.0064849853515625,-0.004959404468536377,-0.004395604599267244,0.004395604599267244,-0.004395604599267244,-0.004395604599267244,-0.021978022530674934,-0.013186813332140446,0.013186813332140446,-0.013186813332140446,-0.004395604599267244,-0.004395604599267244,-0.06593406945466995,0.021978022530674934,-0.004395604599267244,0.013186813332140446,-0.03076923079788685,-0.021978022530674934,0.013186813332140446,0.004395604599267244,-0.02736847847700119,-0.11999529600143433,-0.992397129535675,-0.0054408530704677105,0.02377796545624733,-0.01113403495401144,1.9221153259277344,0.3932533264160156,9.943843841552734
2461353303702,hexapod_20260804_110009,25,0.02,245.6347810817395,10.061538362503052,10.195515932756138,10.234530264524748,-10.936331748962402,122.3807373046875,1,1,0,0,1,0.0,0.0,0.0,0.027505096048116684,-0.14636245369911194,0.027483655139803886,-0.10998200625181198,-0.14181362092494965,-0.010046267881989479,-0.0401475690305233,-0.009205538779497147,0.017822178080677986,-0.004450604319572449,0.1710774004459381,-0.001619359478354454,0.05699839070439339,0.11100625991821289,-0.009581632912158966,-0.027235105633735657,0.07379180192947388,-0.003392447717487812,0.012779430486261845,-0.033951520919799805,1.1920928955078125e-07,0.022697795182466507,-0.01029980182647705,-0.024032771587371826,-0.05359731614589691,0.03662121295928955,0.058365464210510254,-0.134470134973526,0.026322126388549805,0.14496111869812012,0.024605173617601395,0.02517712116241455,-0.040817856788635254,-0.08983749151229858,0.0064849853515625,-0.004959404468536377,-0.021978022530674934,-0.013186813332140446,-0.004395604599267244,-0.004395604599267244,-0.004395604599267244,0.004395604599267244,0.004395604599267244,-0.048351649194955826,-0.021978022530674934,0.013186813332140446,-0.013186813332140446,0.013186813332140446,-0.013186813332140446,0.013186813332140446,-0.08351648598909378,0.048351649194955826,0.021978022530674934,0.03076923079788685,-0.027376828715205193,-0.11953835189342499,-0.992452085018158,-0.01567264273762703,0.02444673702120781,-0.014062197878956795,1.5645577907562256,0.2532893419265747,9.798221588134766
2461373451157,hexapod_20260804_110009,26,0.02,234.86987360724802,9.692307615280152,10.234530264524748,10.32812288201494,-10.939383506774902,120.88275146484375,1,1,0,0,1,0.0,0.0,0.0,0.028721125796437263,-0.14514996111392975,0.025936318561434746,-0.11248171329498291,-0.14163313806056976,-0.009148137643933296,-0.03976273909211159,-0.009190183132886887,0.01802428625524044,-0.005105352029204369,0.17157262563705444,-0.0016960836946964264,0.057679031044244766,0.11069931089878082,-0.008420074358582497,-0.025902118533849716,0.07308310270309448,-0.003527122549712658,0.012779430486261845,-0.033951520919799805,1.1920928955078125e-07,0.02193484455347061,-0.01029980182647705,-0.024032771587371826,-0.05359731614589691,0.03585827350616455,0.057983994483947754,-0.1348516047000885,0.025940656661987305,0.14457964897155762,0.023460745811462402,0.02517712116241455,-0.040817856788635254,-0.08983749151229858,0.006866455078125,-0.004959404468536377,-0.004395604599267244,-0.004395604599267244,0.004395604599267244,-0.0923076942563057,-0.004395604599267244,-0.004395604599267244,0.03076923079788685,-0.03076923079788685,-0.07472527772188187,-0.013186813332140446,-0.03076923079788685,0.004395604599267244,-0.13626374304294586,0.004395604599267244,-0.004395604599267244,-0.004395604599267244,0.004395604599267244,0.004395604599267244,-0.027509938925504684,-0.11916476488113403,-0.9924933314323425,-0.0027242032811045647,0.006591427605599165,-0.005894145928323269,1.3151154518127441,0.14693470299243927,9.694791793823242
2461393584373,hexapod_20260804_110009,27,0.02,218.4779024812901,10.246153736114502,10.32812288201494,10.437441391104082,-10.937857627868652,118.25192260742188,1,1,0,0,1,0.0,0.0,0.0,0.03247452899813652,-0.14364197850227356,0.022497741505503654,-0.11590924113988876,-0.1390625536441803,-0.008396679535508156,-0.03771081939339638,-0.009678928181529045,0.0182004664093256,-0.008108571171760559,0.17065313458442688,-0.0012969514355063438,0.05668376013636589,0.11084043979644775,-0.007061731535941362,-0.023871734738349915,0.07276065647602081,-0.003980862908065319,0.012779430486261845,-0.033951520919799805,1.1920928955078125e-07,0.020027466118335724,-0.01029980182647705,-0.023651301860809326,-0.05359731614589691,0.03585827350616455,0.057602524757385254,-0.1363775134086609,0.025940656661987305,0.14457964897155762,0.02040894143283367,0.02517712116241455,-0.040817856788635254,-0.08983749151229858,0.0064849853515625,-0.004959404468536377,-0.021978022530674934,0.004395604599267244,0.004395604599267244,-0.14505495131015778,-0.004395604599267244,0.004395604599267244,-0.013186813332140446,0.004395604599267244,0.013186813332140446,-0.13626374304294586,0.021978022530674934,0.004395604599267244,-0.12747253477573395,-0.004395604599267244,0.004395604599267244,-0.004395604599267244,-0.004395604599267244,0.021978022530674934,-0.0275393296033144,-0.11897669732570648,-0.9925150871276855,0.0003280960372649133,0.005255439784377813,0.01172009576112032,0.3168027400970459,0.08656487613916397,9.655343055725098
2461413724199,hexapod_20260804_110009,28,0.02,185.52900559258407,10.123076820373536,10.437441391104082,10.619054033809029,-10.935187339782715,112.56205749511719,1,1,0,0,1,0.0,0.0,0.0,0.041903454810380936,-0.14112460613250732,0.017459364607930183,-0.12085536122322083,-0.1325308382511139,-0.009149158373475075,-0.03434402123093605,-0.010716551914811134,0.018500538542866707,-0.01479220762848854,0.1663985550403595,-0.0001439955085515976,0.053818222135305405,0.1113148033618927,-0.005614663939923048,-0.01870720461010933,0.07139739394187927,-0.00598555151373148,0.012779430486261845,-0.033951520919799805,1.1920928955078125e-07,0.018120087683200836,-0.01029980182647705,-0.023651301860809326,-0.05359731614589691,0.03585827350616455,0.057602524757385254,-0.13866636157035828,0.025940656661987305,0.14457964897155762,0.019645990803837776,0.02517712116241455,-0.040817856788635254,-0.08983749151229858,0.0064849853515625,-0.004577934741973877,-0.013186813332140446,0.004395604599267244,0.004395604599267244,-0.021978022530674934,0.004395604599267244,0.004395604599267244,0.004395604599267244,0.013186813332140446,0.013186813332140446,-0.08351648598909378,0.013186813332140446,0.03076923079788685,0.004395604599267244,0.004395604599267244,0.004395604599267244,-0.004395604599267244,-0.013186813332140446,0.013186813332140446,-0.027491772547364235,-0.11910461634397507,-0.9925010800361633,0.001420655520632863,0.014939344488084316,0.01951579377055168,-0.06365110725164413,0.19908300042152405,9.961446762084961
2461433883107,hexapod_20260804_110009,29,0.02,173.06413693915266,10.615384483337403,10.619054033809029,10.653950575287928,-10.929465293884277,110.05326843261719,1,1,0,0,1,0.0,0.0,0.0,0.04689877852797508,-0.1402132213115692,0.01628713123500347,-0.12074288725852966,-0.12688273191452026,-0.010082939639687538,-0.031167466193437576,-0.013472596183419228,0.018921324983239174,-0.01843232661485672,0.15992847084999084,-0.000791279599070549,0.05306931957602501,0.11238345503807068,-0.006782864686101675,-0.017574597150087357,0.07342292368412018,-0.007910695858299732,0.012779430486261845,-0.033951520919799805,1.1920928955078125e-07,0.018120087683200836,-0.01029980182647705,-0.023651301860809326,-0.05359731614589691,0.03585827350616455,0.057983994483947754,-0.13904783129692078,0.025940656661987305,0.14457964897155762,0.019645990803837776,0.02517712116241455,-0.040817856788635254,-0.08983749151229858,0.006103515625,-0.004577934741973877,-0.013186813332140446,0.004395604599267244,-0.004395604599267244,-0.03076923079788685,0.03076923079788685,-0.004395604599267244,-0.004395604599267244,0.013186813332140446,0.013186813332140446,0.013186813332140446,-0.021978022530674934,0.03076923079788685,-0.004395604599267244,0.004395604599267244,0.004395604599267244,0.013186813332140446,0.004395604599267244,0.013186813332140446,-0.027516305446624756,-0.11911019682884216,-0.9924997091293335,-0.00029813082073815167,-0.00725166779011488,0.011376863345503807,-0.072954460978508,0.2176293283700943,10.035778999328613
2461454033023,hexapod_20260804_110009,30,0.02,161.10657519665293,10.73846139907837,10.653950575287928,10.692305293812197,-10.92069149017334,107.69799041748047,1,1,0,0,1,0.0,0.0,0.0,0.05175308138132095,-0.13785868883132935,0.015489526093006134,-0.11845336109399796,-0.12191954255104065,-0.010918380692601204,-0.02829607203602791,-0.015911534428596497,0.019638201221823692,-0.020938050001859665,0.15345025062561035,-0.0013960711658000946,0.05226047709584236,0.11202292144298553,-0.007822850719094276,-0.016482513397932053,0.07500982284545898,-0.009676066227257252,0.013542382046580315,-0.033951520919799805,1.1920928955078125e-07,0.016212711110711098,-0.01029980182647705,-0.023651301860809326,-0.05359731614589691,0.03623974323272705,0.057983994483947754,-0.13904783129692078,0.026322126388549805,0.14457964897155762,0.019645990803837776,0.02517712116241455,-0.040817856788635254,-0.08869306743144989,0.006103515625,-0.004959404468536377,-0.004395604599267244,-0.013186813332140446,0.004395604599267244,-0.1626373678445816,0.021978022530674934,-0.004395604599267244,-0.013186813332140446,0.021978022530674934,-0.004395604599267244,0.004395604599267244,0.03076923079788685,0.013186813332140446,0.004395604599267244,0.004395604599267244,-0.004395604599267244,0.0923076942563057,0.004395604599267244,-0.004395604599267244,-0.027583729475736618,-0.11929024010896683,-0.9924761652946472,-0.0006675483891740441,-0.016090262681245804,-0.009762904606759548,-0.10810297727584839,0.29910439252853394,9.920822143554688
2461474106203,hexapod_20260804_110009,31,0.02,157.9035444880971,11.29230751991272,10.692305293812197,10.687738333962626,-10.910391807556152,106.91070556640625,1,1,0,0,1,0.0,0.0,0.0,0.054219551384449005,-0.13675695657730103,0.016044622287154198,-0.11596843600273132,-0.11942806839942932,-0.011815892532467842,-0.026684407144784927,-0.01811067946255207,0.020190468057990074,-0.022245295345783234,0.14806415140628815,-0.0025066090747714043,0.051448311656713486,0.11176827549934387,-0.009577365592122078,-0.016529735177755356,0.07770039141178131,-0.01157145295292139,0.013923857361078262,-0.034714460372924805,-0.0003813505172729492,0.012397955171763897,-0.01029980182647705,-0.023651301860809326,-0.05359731614589691,0.03662121295928955,0.057983994483947754,-0.13790340721607208,0.026322126388549805,0.14457964897155762,0.020027466118335724,0.02517712116241455,-0.040817856788635254,-0.08525978773832321,0.006103515625,-0.004959404468536377,-0.021978022530674934,-0.03076923079788685,-0.03076923079788685,-0.23296703398227692,0.013186813332140446,-0.013186813332140446,-0.03076923079788685,0.07472527772188187,0.004395604599267244,0.12747253477573395,0.021978022530674934,0.021978022530674934,0.03956044092774391,0.013186813332140446,-0.004395604599267244,0.18021978437900543,-0.013186813332140446,0.013186813332140446,-0.0277069304138422,-0.1196276843547821,-0.9924321174621582,0.0026916000060737133,-0.022012541070580482,-0.024734310805797577,0.2686477303504944,0.2637174427509308,9.857402801513672
2461494236366,hexapod_20260804_110009,32,0.02,169.58110943302668,11.29230751991272,10.687738333962626,10.621887993272672,-10.903905868530273,108.91163635253906,1,1,0,0,1,0.0,0.0,0.0,0.0528746023774147,-0.13995860517024994,0.016977369785308838,-0.11759331822395325,-0.12112434208393097,-0.011543149128556252,-0.027923520654439926,-0.019806167110800743,0.019439706578850746,-0.019358202815055847,0.1484736204147339,-0.002277894876897335,0.053383130580186844,0.11451162397861481,-0.010873079299926758,-0.017462778836488724,0.0780496597290039,-0.012148813344538212,0.013542382046580315,-0.034714460372924805,-0.0019072294235229492,0.007057297509163618,-0.00991833209991455,-0.024032771587371826,-0.05397878959774971,0.03776565194129944,0.057983994483947754,-0.135233074426651,0.026703596115112305,0.14457964897155762,0.02079041674733162,0.02517712116241455,-0.040817856788635254,-0.08144503086805344,0.005340576171875,-0.004959404468536377,-0.05714285746216774,-0.03076923079788685,-0.048351649194955826,-0.20659340918064117,0.021978022530674934,-0.013186813332140446,-0.048351649194955826,0.03956044092774391,-0.013186813332140446,0.13626374304294586,0.004395604599267244,0.013186813332140446,0.03076923079788685,0.021978022530674934,0.004395604599267244,0.18021978437900543,-0.07472527772188187,0.004395604599267244,-0.027837343513965607,-0.12011183053255081,-0.9923700094223022,-0.0011678087757900357,-0.022956321015954018,-0.029368916526436806,1.164894461631775,0.29891443252563477,9.662787437438965
2461514364680,hexapod_20260804_110009,33,0.02,187.00325992675306,10.123076820373536,10.621887993272672,10.515112832305036,-10.904287338256836,111.80699920654297,1,1,0,0,1,0.0,0.0,0.0,0.04869085177779198,-0.14294084906578064,0.017521299421787262,-0.11928144842386246,-0.12431855499744415,-0.010669538751244545,-0.03015482798218727,-0.020408470183610916,0.018648559227585793,-0.016022920608520508,0.15104474127292633,-0.0021722931414842606,0.05533768609166145,0.11643392592668533,-0.011674530804157257,-0.020128119736909866,0.0781649649143219,-0.010953863151371479,0.01125352829694748,-0.035095930099487305,-0.0022886991500854492,0.004386968910694122,-0.00991833209991455,-0.024032771587371826,-0.056267641484737396,0.039291560649871826,0.057983994483947754,-0.1329442262649536,0.026703596115112305,0.14457964897155762,0.02231631986796856,0.02517712116241455,-0.040817856788635254,-0.07953765243291855,0.0041961669921875,-0.005340874195098877,-0.224175825715065,-0.03956044092774391,0.021978022530674934,-0.07472527772188187,0.013186813332140446,-0.03956044092774391,-0.1626373678445816,0.07472527772188187,-0.004395604599267244,0.0923076942563057,0.013186813332140446,0.004395604599267244,0.07472527772188187,-0.013186813332140446,0.004395604599267244,0.05714285746216774,-0.07472527772188187,0.013186813332140446,-0.02809634432196617,-0.12062373757362366,-0.9923006296157837,-0.0014451625756919384,-0.027407629415392876,-0.023077521473169327,2.0101993083953857,0.14219123125076294,9.583117485046387
2461534501604,hexapod_20260804_110009,34,0.02,196.1090191230376,10.369230651855469,10.515112832305036,10.496814867680087,-10.904287338256836,113.71551513671875,1,1,0,0,1,0.0,0.0,0.0,0.04347174987196922,-0.14411072432994843,0.019178880378603935,-0.1206120178103447,-0.12792348861694336,-0.009763466194272041,-0.03285559266805649,-0.020670371130108833,0.017473341897130013,-0.012029584497213364,0.153524249792099,-0.0025257226079702377,0.0579972006380558,0.11693698912858963,-0.012237949296832085,-0.022462744265794754,0.07892481982707977,-0.011061963625252247,0.005912871100008488,-0.036240339279174805,-0.0022886991500854492,0.0020981156267225742,-0.00953686237335205,-0.024795711040496826,-0.05970092490315437,0.040435969829559326,0.057983994483947754,-0.13027389347553253,0.026703596115112305,0.14419817924499512,0.024223696440458298,0.02517712116241455,-0.040817856788635254,-0.07839322835206985,0.00152587890625,-0.005340874195098877,-0.25934067368507385,-0.06593406945466995,0.013186813332140446,-0.14505495131015778,0.05714285746216774,0.004395604599267244,-0.14505495131015778,0.06593406945466995,-0.013186813332140446,0.11868131905794144,0.004395604599267244,-0.004395604599267244,0.0923076942563057,-0.004395604599267244,-0.004395604599267244,0.021978022530674934,-0.11868131905794144,0.013186813332140446,-0.028304247185587883,-0.12109693139791489,-0.9922370910644531,-0.01238834299147129,-0.036012597382068634,-0.016102183610200882,2.1797590255737305,0.10545281320810318,9.715331077575684
2461554649577,hexapod_20260804_110009,35,0.02,195.56035177634055,10.430769109725953,10.496814867680087,10.53551913548413,-10.904287338256836,113.99674224853516,1,1,0,0,1,0.0,0.0,0.0,0.03993877395987511,-0.14235079288482666,0.018504226580262184,-0.12282710522413254,-0.13071928918361664,-0.009283887222409248,-0.03495483472943306,-0.019674912095069885,0.01695043034851551,-0.008960627019405365,0.15609154105186462,-0.002171296626329422,0.05973229184746742,0.11457956582307816,-0.011027662083506584,-0.02249361202120781,0.07774876058101654,-0.01184216607362032,0.0024795911740511656,-0.037766218185424805,-0.0019072294235229492,-0.0009536888683214784,-0.00915539264678955,-0.024795711040496826,-0.06389715522527695,0.041961878538131714,0.057983994483947754,-0.12760357558727264,0.027085065841674805,0.14343523979187012,0.025749599561095238,0.024795621633529663,-0.040817856788635254,-0.07801175117492676,-0.0011444091796875,-0.005340874195098877,-0.07472527772188187,-0.021978022530674934,0.004395604599267244,-0.12747253477573395,0.03076923079788685,-0.013186813332140446,-0.19780220091342926,0.03956044092774391,-0.004395604599267244,0.048351649194955826,-0.004395604599267244,-0.03076923079788685,0.07472527772188187,0.004395604599267244,-0.004395604599267244,-0.013186813332140446,-0.03956044092774391,-0.004395604599267244,-0.028705889359116554,-0.12145616114139557,-0.9921815991401672,-0.00764060951769352,-0.038453295826911926,-0.017294462770223618,2.0628278255462646,0.16026343405246735,9.80679988861084
2461574775864,hexapod_20260804_110009,36,0.02,196.91934817726138,10.55384602546692,10.53551913548413,10.516131009567633,-10.904287338256836,114.1060562133789,1,1,0,0,1,0.0,0.0,0.0,0.03985951468348503,-0.14224684238433838,0.017310937866568565,-0.12439518421888351,-0.13178333640098572,-0.009623313322663307,-0.03688099980354309,-0.018177229911088943,0.017193077132105827,-0.007441867142915726,0.15925031900405884,-0.00010011717677116394,0.05967341735959053,0.11338247358798981,-0.009546108543872833,-0.020349819213151932,0.07329782843589783,-0.01177907083183527,0.0013351644156500697,-0.038147687911987305,-0.0019072294235229492,-0.0024795911740511656,-0.00915539264678955,-0.024795711040496826,-0.06542305648326874,0.042724817991256714,0.057983994483947754,-0.12760357558727264,0.027085065841674805,0.14343523979187012,0.026512550190091133,0.024795621633529663,-0.040817856788635254,-0.07839322835206985,-0.0011444091796875,-0.005340874195098877,-0.021978022530674934,-0.021978022530674934,0.004395604599267244,-0.03956044092774391,0.013186813332140446,-0.004395604599267244,0.004395604599267244,0.05714285746216774,-0.004395604599267244,-0.021978022530674934,-0.004395604599267244,-0.004395604599267244,-0.004395604599267244,0.004395604599267244,0.004395604599267244,-0.013186813332140446,0.021978022530674934,-0.021978022530674934,-0.028968049213290215,-0.12179221212863922,-0.992132842540741,0.004610985983163118,-0.00630902498960495,-0.02265646681189537,2.1404597759246826,0.027059458196163177,10.129210472106934
2461594894380,hexapod_20260804_110009,37,0.02,201.67092019468186,10.55384602546692,10.516131009567633,10.473171711322891,-10.904287338256836,114.74989318847656,1,1,0,0,1,0.0,0.0,0.0,0.038526758551597595,-0.14369137585163116,0.017631493508815765,-0.12499811500310898,-0.1324959397315979,-0.009148763492703438,-0.03760402277112007,-0.017361149191856384,0.016928991302847862,-0.005907811224460602,0.16211676597595215,0.0011920426040887833,0.05968073382973671,0.11428457498550415,-0.009008785709738731,-0.020028118044137955,0.07034218311309814,-0.011026033200323582,0.0013351644156500697,-0.038147687911987305,-0.0019072294235229492,-0.0032425422687083483,-0.00915539264678955,-0.024795711040496826,-0.06504157930612564,0.042724817991256714,0.057602524757385254,-0.12760357558727264,0.027085065841674805,0.14305377006530762,0.026512550190091133,0.024795621633529663,-0.040817856788635254,-0.07839322835206985,-0.0011444091796875,-0.005722343921661377,-0.004395604599267244,-0.021978022530674934,-0.013186813332140446,-0.004395604599267244,0.021978022530674934,0.004395604599267244,-0.004395604599267244,0.004395604599267244,-0.013186813332140446,-0.021978022530674934,-0.004395604599267244,-0.004395604599267244,-0.004395604599267244,0.013186813332140446,-0.013186813332140446,-0.004395604599267244,0.03956044092774391,-0.048351649194955826,-0.02895301766693592,-0.12179258465766907,-0.9921332001686096,0.00041568593587726355,0.009727612137794495,-0.02066059410572052,2.0078017711639404,-0.02539921924471855,9.917800903320312
2461615063941,hexapod_20260804_110009,38,0.02,207.61782528306838,10.55384602546692,10.473171711322891,10.452160138385763,-10.904287338256836,115.90084838867188,1,1,0,0,1,0.0,0.0,0.0,0.03585587069392204,-0.14525502920150757,0.018327966332435608,-0.12557239830493927,-0.13399817049503326,-0.008143024519085884,-0.03856763243675232,-0.016579369083046913,0.01673886366188526,-0.004609355702996254,0.16447685658931732,0.0014602895826101303,0.05993456020951271,0.11484910547733307,-0.008392088115215302,-0.020893950015306473,0.0694974958896637,-0.010831409133970737,0.0013351644156500697,-0.038147687911987305,-0.0022886991500854492,-0.0032425422687083483,-0.00915539264678955,-0.024795711040496826,-0.06504157930612564,0.042343348264694214,0.057602524757385254,-0.12760357558727264,0.027085065841674805,0.14229083061218262,0.026512550190091133,0.024795621633529663,-0.040817856788635254,-0.07839322835206985,-0.000762939453125,-0.006866753101348877,-0.013186813332140446,0.03956044092774391,-0.004395604599267244,-0.004395604599267244,0.004395604599267244,-0.013186813332140446,-0.004395604599267244,-0.004395604599267244,0.004395604599267244,-0.013186813332140446,0.004395604599267244,-0.06593406945466995,-0.03076923079788685,0.004395604599267244,-0.004395604599267244,-0.03076923079788685,0.021978022530674934,0.021978022530674934,-0.028906984254717827,-0.12163588404655457,-0.9921537637710571,-0.000538912951014936,0.010551250539720058,-0.008138378150761127,1.8430105447769165,-0.0036520713474601507,9.595251083374023
2461635681810,hexapod_20260804_110009,39,0.02,218.73991993797716,10.430769109725953,10.452160138385763,10.398074208711083,-10.904287338256836,117.8975601196289,1,1,0,0,1,0.0,0.0,0.0,0.03253839537501335,-0.14775702357292175,0.02021530084311962,-0.12551294267177582,-0.13654224574565887,-0.008007893338799477,-0.03999805450439453,-0.016115646809339523,0.016192534938454628,-0.003113768994808197,0.16687750816345215,0.0012018363922834396,0.06026541814208031,0.11612708121538162,-0.00824553519487381,-0.022413473576307297,0.06881405413150787,-0.009917345829308033,0.001716639962978661,-0.038147687911987305,-0.0022886991500854492,-0.0032425422687083483,-0.00953686237335205,-0.024795711040496826,-0.06504157930612564,0.042343348264694214,0.057221055030822754,-0.12798504531383514,0.027085065841674805,0.14190936088562012,0.026131074875593185,0.024795621633529663,-0.040817856788635254,-0.07877469807863235,-0.000762939453125,-0.006485283374786377,0.004395604599267244,0.004395604599267244,-0.004395604599267244,-0.013186813332140446,0.004395604599267244,-0.013186813332140446,0.013186813332140446,-0.013186813332140446,-0.004395604599267244,-0.021978022530674934,-0.013186813332140446,0.03076923079788685,-0.013186813332140446,0.013186813332140446,0.004395604599267244,-0.03076923079788685,0.021978022530674934,-0.021978022530674934,-0.02886316180229187,-0.12145516276359558,-0.9921771883964539,0.0009438421693630517,0.019793421030044556,0.0023180549032986164,1.6893590688705444,-0.01328857522457838,9.66905403137207
2461655833269,hexapod_20260804_110009,40,0.02,222.08907547925185,10.615384483337403,10.398074208711083,10.384148082758779,-10.905050277709961,118.52369689941406,1,1,0,0,1,0.0,0.0,0.0,0.03077690303325653,-0.14640377461910248,0.021361922845244408,-0.12272491306066513,-0.13702113926410675,-0.008212672546505928,-0.040137406438589096,-0.014614954590797424,0.016258658841252327,-0.0037783849984407425,0.16632698476314545,-6.754137575626373e-05,0.05895422771573067,0.11408963054418564,-0.008027717471122742,-0.02351822331547737,0.07120807468891144,-0.008886651135981083,0.001716639962978661,-0.038147687911987305,-0.0019072294235229492,-0.002861066721379757,-0.00991833209991455,-0.024795711040496826,-0.06389715522527695,0.041198939085006714,0.057221055030822754,-0.12836651504039764,0.027085065841674805,0.14190936088562012,0.026131074875593185,0.024795621633529663,-0.040817856788635254,-0.07991912961006165,-0.0003814697265625,-0.006485283374786377,0.013186813332140446,-0.021978022530674934,0.03076923079788685,0.004395604599267244,-0.013186813332140446,-0.004395604599267244,0.10989011079072952,-0.06593406945466995,-0.004395604599267244,-0.03076923079788685,-0.021978022530674934,0.021978022530674934,-0.013186813332140446,0.004395604599267244,-0.004395604599267244,-0.10989011079072952,0.013186813332140446,-0.004395604599267244,-0.028765928000211716,-0.12113112211227417,-0.9922196269035339,-0.002363923005759716,0.02224131114780903,0.011039000935852528,1.3434053659439087,0.052795786410570145,9.857072830200195
2461675958875,hexapod_20260804_110009,41,0.02,226.94217690666625,10.799999856948853,10.384148082758779,10.354922177489614,-10.907340049743652,119.33567810058594,1,1,0,0,1,0.0,0.0,0.0,0.029085874557495117,-0.14477118849754333,0.022146159783005714,-0.11951349675655365,-0.13804371654987335,-0.007858583703637123,-0.039590973407030106,-0.012825870886445045,0.016551991924643517,-0.004172401502728462,0.16680079698562622,-0.0009498726576566696,0.05771305039525032,0.11182637512683868,-0.0075102210976183414,-0.025188617408275604,0.0732475072145462,-0.007276312448084354,0.0020981156267225742,-0.037766218185424805,-0.0019072294235229492,-0.0024795911740511656,-0.01029980182647705,-0.024795711040496826,-0.06160829961299896,0.039291560649871826,0.057221055030822754,-0.12912946939468384,0.026703596115112305,0.14190936088562012,0.025749599561095238,0.024795621633529663,-0.040817856788635254,-0.08258945494890213,-0.0,-0.006485283374786377,0.013186813332140446,0.03076923079788685,0.004395604599267244,0.013186813332140446,0.021978022530674934,-0.013186813332140446,0.07472527772188187,-0.08351648598909378,-0.004395604599267244,-0.10989011079072952,-0.021978022530674934,0.021978022530674934,-0.013186813332140446,-0.004395604599267244,-0.013186813332140446,-0.14505495131015778,0.08351648598909378,0.004395604599267244,-0.02869395539164543,-0.12037249654531479,-0.9923140406608582,-0.006107153836637735,0.024987388402223587,0.014634993858635426,0.9709972143173218,0.01945660635828972,9.99097728729248
2461696110057,hexapod_20260804_110009,42,0.02,236.9159811832431,10.246153736114502,10.354922177489614,10.290189958681214,-10.91001033782959,120.95521545410156,1,1,0,0,1,0.0,0.0,0.0,0.02604147046804428,-0.1430184245109558,0.02310510165989399,-0.11644715070724487,-0.14132075011730194,-0.00816417671740055,-0.04049837216734886,-0.010978134348988533,0.01722039468586445,-0.0035117827355861664,0.16838765144348145,-0.0016915807500481606,0.05776510015130043,0.10888560116291046,-0.006980325561016798,-0.02677924558520317,0.07329636812210083,-0.006247975863516331,0.002861066721379757,-0.036621809005737305,-0.0019072294235229492,-0.0020981156267225742,-0.01029980182647705,-0.024795711040496826,-0.06008239835500717,0.03814712166786194,0.057221055030822754,-0.13141833245754242,0.026322126388549805,0.14190936088562012,0.024986648932099342,0.024795621633529663,-0.040817856788635254,-0.08449683338403702,0.0034332275390625,-0.006485283374786377,0.10109890252351761,0.021978022530674934,0.013186813332140446,-0.048351649194955826,0.013186813332140446,-0.013186813332140446,0.08351648598909378,0.004395604599267244,-0.004395604599267244,-0.12747253477573395,-0.03076923079788685,0.004395604599267244,-0.11868131905794144,0.004395604599267244,0.004395604599267244,-0.048351649194955826,0.19780220091342926,-0.004395604599267244,-0.028353946283459663,-0.1199735775589943,-0.9923720955848694,0.014223461970686913,0.022068627178668976,0.01207047700881958,1.2665139436721802,-0.10475416481494904,9.93489933013916
2461716242480,hexapod_20260804_110009,43,0.02,234.31111275420656,9.630769157409668,10.290189958681214,10.34465830808156,-10.912680625915527,120.92804718017578,1,1,0,0,1,0.0,0.0,0.0,0.02520449459552765,-0.1424112319946289,0.022780343890190125,-0.11804624646902084,-0.14320529997348785,-0.008164742961525917,-0.040894050151109695,-0.009505722671747208,0.01721329055726528,-0.004433326423168182,0.1690129041671753,-0.0021956777200102806,0.057888854295015335,0.10817189514636993,-0.005860405508428812,-0.027243148535490036,0.07436329126358032,-0.00618403498083353,0.005531395319849253,-0.036240339279174805,-0.0019072294235229492,-0.0024795911740511656,-0.01029980182647705,-0.024795711040496826,-0.058175019919872284,0.03776565194129944,0.057221055030822754,-0.1333257108926773,0.026322126388549805,0.14190936088562012,0.022697795182466507,0.02517712116241455,-0.040817856788635254,-0.08487831056118011,0.006103515625,-0.006485283374786377,0.20659340918064117,0.03076923079788685,0.004395604599267244,-0.021978022530674934,0.013186813332140446,-0.013186813332140446,0.0923076942563057,-0.048351649194955826,-0.004395604599267244,-0.10989011079072952,0.021978022530674934,0.004395604599267244,-0.12747253477573395,0.004395604599267244,-0.021978022530674934,-0.013186813332140446,0.06593406945466995,0.004395604599267244,-0.027996517717838287,-0.1196836456656456,-0.9924172759056091,0.016557633876800537,0.011197330430150032,0.02817750908434391,1.1665717363357544,0.011330779641866684,9.909542083740234
2461736387183,hexapod_20260804_110009,44,0.02,225.6718186186735,10.184615278244019,10.34465830808156,10.382007409982982,-10.912680625915527,119.32792663574219,1,1,0,0,1,0.0,0.0,0.0,0.02902793325483799,-0.14196400344371796,0.021520717069506645,-0.11949040740728378,-0.14131160080432892,-0.007601084187626839,-0.039561927318573,-0.009091459214687347,0.01744874380528927,-0.006213674321770668,0.17017319798469543,-0.001339644193649292,0.05607831850647926,0.10876961052417755,-0.004913823213428259,-0.025506865233182907,0.07325108349323273,-0.006086696870625019,0.008964675478637218,-0.035095930099487305,-0.0019072294235229492,-0.0024795911740511656,-0.01068127155303955,-0.024795711040496826,-0.0551232174038887,0.03585827350616455,0.057602524757385254,-0.135233074426651,0.026322126388549805,0.14190936088562012,0.02079041674733162,0.02517712116241455,-0.040817856788635254,-0.08602273464202881,0.0064849853515625,-0.006103813648223877,0.11868131905794144,-0.004395604599267244,-0.004395604599267244,-0.004395604599267244,-0.021978022530674934,-0.013186813332140446,0.1626373678445816,-0.07472527772188187,-0.004395604599267244,-0.07472527772188187,0.004395604599267244,0.021978022530674934,-0.03956044092774391,-0.004395604599267244,-0.013186813332140446,-0.0923076942563057,-0.004395604599267244,0.03076923079788685,-0.02773262932896614,-0.11933829635381699,-0.9924662709236145,0.002501565031707287,0.024436719715595245,0.028460949659347534,0.9213236570358276,0.1512068510055542,9.527054786682129
2461756458366,hexapod_20260804_110009,45,0.02,205.22310746175552,10.55384602546692,10.382007409982982,10.502196336419097,-10.912299156188965,115.87547302246094,1,1,0,0,1,0.0,0.0,0.0,0.03512028977274895,-0.1403007060289383,0.018665235489606857,-0.12245471775531769,-0.13709084689617157,-0.0069354865700006485,-0.03632263466715813,-0.010257352143526077,0.018106991425156593,-0.01025237888097763,0.16867609322071075,-0.0009015994146466255,0.05495564267039299,0.10951632261276245,-0.004202134441584349,-0.02362358197569847,0.07330343127250671,-0.006902382709085941,0.010109102353453636,-0.035095930099487305,-0.0019072294235229492,-0.002861066721379757,-0.011825799942016602,-0.024795711040496826,-0.05283436179161072,0.03547680377960205,0.057983994483947754,-0.1367589831352234,0.025940656661987305,0.14190936088562012,0.02079041674733162,0.024795621633529663,-0.040817856788635254,-0.0879301130771637,0.006103515625,-0.004577934741973877,0.021978022530674934,-0.004395604599267244,0.021978022530674934,-0.004395604599267244,0.021978022530674934,-0.004395604599267244,0.048351649194955826,0.013186813332140446,0.03076923079788685,-0.03956044092774391,0.021978022530674934,0.013186813332140446,-0.013186813332140446,0.004395604599267244,-0.013186813332140446,-0.08351648598909378,-0.004395604599267244,0.08351648598909378,-0.027717962861061096,-0.1190304383635521,-0.9925036430358887,-0.0067240651696920395,0.02233455888926983,0.0333983451128006,0.3412835896015167,0.16725945472717285,9.528284072875977
2461776591994,hexapod_20260804_110009,46,0.02,177.49843310745823,10.184615278244019,10.502196336419097,10.666361265782845,-10.911917686462402,111.20734405517578,1,1,0,0,1,0.0,0.0,0.0,0.043137211352586746,-0.13725946843624115,0.01461452804505825,-0.12498755007982254,-0.1311580389738083,-0.007335001602768898,-0.03267046436667442,-0.012091375887393951,0.019192731007933617,-0.015750598162412643,0.16258837282657623,-0.0011835144832730293,0.05399629846215248,0.10937255620956421,-0.00404741195961833,-0.020398635417222977,0.07451184093952179,-0.008468148298561573,0.010109102353453636,-0.035477399826049805,-0.0019072294235229492,-0.002861066721379757,-0.011825799942016602,-0.024795711040496826,-0.05245288833975792,0.03585827350616455,0.059509873390197754,-0.1371404528617859,0.026322126388549805,0.14190936088562012,0.02079041674733162,0.024795621633529663,-0.040817856788635254,-0.0883115902543068,0.006103515625,-0.0034334659576416016,0.004395604599267244,-0.004395604599267244,0.013186813332140446,-0.004395604599267244,-0.013186813332140446,-0.013186813332140446,-0.021978022530674934,0.021978022530674934,0.11868131905794144,-0.06593406945466995,0.03956044092774391,0.004395604599267244,-0.013186813332140446,-0.004395604599267244,-0.013186813332140446,0.013186813332140446,0.004395604599267244,0.021978022530674934,-0.02766486629843712,-0.11923448741436005,-0.9924806356430054,0.008129645138978958,-0.0019479801412671804,0.028274504467844963,0.02467196248471737,0.28243643045425415,9.692877769470215
2461796765321,hexapod_20260804_110009,47,0.02,164.19219222079718,10.492307567596436,10.666361265782845,10.71259560996293,-10.911154747009277,108.62386322021484,1,1,0,0,1,0.0,0.0,0.0,0.04875932261347771,-0.13641318678855896,0.013758515939116478,-0.1242206022143364,-0.12514178454875946,-0.008463406935334206,-0.029524240642786026,-0.01482389122247696,0.019812924787402153,-0.01909550279378891,0.15615248680114746,-0.0013794517144560814,0.05322945490479469,0.11061017960309982,-0.005419460590928793,-0.018462512642145157,0.07617141306400299,-0.010404718108475208,0.010109102353453636,-0.035095930099487305,-0.0019072294235229492,-0.002861066721379757,-0.011825799942016602,-0.024795711040496826,-0.05245288833975792,0.03623974323272705,0.06141728162765503,-0.13752193748950958,0.026322126388549805,0.14190936088562012,0.02079041674733162,0.024795621633529663,-0.040817856788635254,-0.0883115902543068,0.0057220458984375,-0.0034334659576416016,0.013186813332140446,-0.004395604599267244,0.004395604599267244,-0.004395604599267244,0.021978022530674934,-0.004395604599267244,-0.013186813332140446,0.03076923079788685,0.08351648598909378,0.004395604599267244,0.004395604599267244,0.021978022530674934,-0.013186813332140446,-0.004395604599267244,-0.004395604599267244,0.021978022530674934,-0.03076923079788685,0.013186813332140446,-0.027698704972863197,-0.11949485540390015,-0.9924483895301819,0.0006725814891979098,-0.010601264424622059,0.011669272556900978,0.04993084818124771,0.26788946986198425,10.03433609008789
2461816928011,hexapod_20260804_110009,48,0.02,159.61893710222773,10.492307567596436,10.71259560996293,10.716218658503692,-10.908102989196777,107.60667419433594,1,1,0,0,1,0.0,0.0,0.0,0.051559027284383774,-0.1364036500453949,0.014285584911704063,-0.12208162993192673,-0.12134873867034912,-0.01028522290289402,-0.027339257299900055,-0.017324933782219887,0.020120864734053612,-0.02070710062980652,0.15023373067378998,-0.002074170857667923,0.05272195115685463,0.11145371198654175,-0.007050988730043173,-0.01772584393620491,0.07773618400096893,-0.012285401113331318,0.01125352829694748,-0.035477399826049805,-0.0019072294235229492,-0.002861066721379757,-0.011444330215454102,-0.024795711040496826,-0.05245288833975792,0.03700268268585205,0.06218022108078003,-0.13752193748950958,0.026322126388549805,0.14190936088562012,0.02079041674733162,0.024414151906967163,-0.041199326515197754,-0.086785688996315,0.0049591064453125,-0.0034334659576416016,0.10989011079072952,-0.013186813332140446,0.013186813332140446,-0.021978022530674934,0.03956044092774391,-0.021978022530674934,-0.021978022530674934,0.013186813332140446,0.013186813332140446,0.004395604599267244,0.004395604599267244,0.013186813332140446,-0.004395604599267244,0.004395604599267244,-0.03076923079788685,0.10989011079072952,0.004395604599267244,0.013186813332140446,-0.027831096202135086,-0.1197637990117073,-0.992412269115448,0.003100312314927578,-0.018362384289503098,-0.005899315699934959,0.3876136243343353,0.30828893184661865,9.846234321594238
2461837056797,hexapod_20260804_110009,49,0.02,161.6816072227168,10.55384602546692,10.716218658503692,10.691051119083244,-10.903142929077148,107.81747436523438,1,1,0,0,1,0.0,0.0,0.0,0.05228370055556297,-0.13743241131305695,0.015118606388568878,-0.12124132364988327,-0.12000444531440735,-0.011121982708573341,-0.026678677648305893,-0.0195273719727993,0.019832296296954155,-0.019905921071767807,0.147910013794899,-0.002556408755481243,0.05296695604920387,0.11271431297063828,-0.008293289691209793,-0.017860058695077896,0.07825964689254761,-0.013605230487883091,0.01430533267557621,-0.035477399826049805,-0.0022886991500854492,-0.004005493130534887,-0.011444330215454102,-0.025177180767059326,-0.05245288833975792,0.03738418221473694,0.06218022108078003,-0.1367589831352234,0.026703596115112305,0.14190936088562012,0.021171892061829567,0.024795621633529663,-0.042343735694885254,-0.08411535620689392,0.0049591064453125,-0.0034334659576416016,0.1538461595773697,-0.03076923079788685,-0.013186813332140446,-0.0923076942563057,0.021978022530674934,-0.03076923079788685,-0.021978022530674934,0.03076923079788685,0.013186813332140446,0.03076923079788685,0.013186813332140446,0.004395604599267244,0.03956044092774391,0.021978022530674934,-0.048351649194955826,0.1538461595773697,-0.013186813332140446,-0.021978022530674934,-0.027940506115555763,-0.12017591297626495,-0.9923593997955322,-0.0018759564263746142,-0.025212829932570457,-0.01639961451292038,0.78585284948349,0.2777998447418213,9.988959312438965
2461857169348,hexapod_20260804_110009,50,0.02,169.39702455609807,11.230769062042237,10.691051119083244,10.638861480123063,-10.899709701538086,109.04801177978516,1,1,0,0,1,0.0,0.0,0.0,0.05135898292064667,-0.13953298330307007,0.015871379524469376,-0.12198614329099655,-0.1202811747789383,-0.009694183245301247,-0.027580756694078445,-0.0224933922290802,0.01924586482346058,-0.017005477100610733,0.14823627471923828,-0.002648385241627693,0.05502090975642204,0.11547665297985077,-0.009928470477461815,-0.019383322447538376,0.07786428928375244,-0.014550735242664814,0.01506828423589468,-0.036621809005737305,-0.0026701688766479492,-0.0078202486038208,-0.011444330215454102,-0.025940120220184326,-0.05283436179161072,0.03852859139442444,0.06294316053390503,-0.135233074426651,0.026703596115112305,0.14190936088562012,0.02231631986796856,0.024795621633529663,-0.042343735694885254,-0.08106355369091034,0.003814697265625,-0.003814995288848877,-0.0923076942563057,-0.10109890252351761,0.004395604599267244,-0.32087913155555725,-0.004395604599267244,-0.06593406945466995,-0.048351649194955826,0.10989011079072952,0.05714285746216774,0.10989011079072952,0.013186813332140446,0.004395604599267244,0.03076923079788685,0.004395604599267244,0.013186813332140446,0.10109890252351761,-0.10989011079072952,0.013186813332140446,-0.028198879212141037,-0.12063563615083694,-0.9922962784767151,-0.001208174624480307,-0.029680751264095306,-0.01288375724107027,1.3452068567276,0.2216680496931076,9.599875450134277
2461877317745,hexapod_20260804_110009,51,0.02,180.3302262564219,11.046153688430786,10.638861480123063,10.57941448663475,-10.900091171264648,110.94464111328125,1,1,0,0,1,0.0,0.0,0.0,0.04789883270859718,-0.14210392534732819,0.01659959927201271,-0.12356322258710861,-0.12268353998661041,-0.009036103263497353,-0.029043592512607574,-0.02289111167192459,0.018304308876395226,-0.014244969934225082,0.14993345737457275,-0.0031624026596546173,0.05657422915101051,0.11733393371105194,-0.010526694357395172,-0.021639179438352585,0.07816553115844727,-0.013069619424641132,0.012397955171763897,-0.038147687911987305,-0.0022886991500854492,-0.012397955171763897,-0.011062860488891602,-0.026321589946746826,-0.0551232174038887,0.039291560649871826,0.06294316053390503,-0.1325627565383911,0.026703596115112305,0.14190936088562012,0.022697795182466507,0.024795621633529663,-0.042343735694885254,-0.07953765243291855,0.00152587890625,-0.004959404468536377,-0.18901099264621735,-0.05714285746216774,0.004395604599267244,-0.19780220091342926,0.004395604599267244,-0.004395604599267244,-0.20659340918064117,0.03956044092774391,0.013186813332140446,0.0923076942563057,0.021978022530674934,0.013186813332140446,0.05714285746216774,-0.004395604599267244,-0.004395604599267244,0.03076923079788685,-0.08351648598909378,-0.12747253477573395,-0.02855556271970272,-0.12119691073894501,-0.9922176599502563,-0.010384154506027699,-0.030337883159518242,-0.004646842833608389,1.9100050926208496,0.15787440538406372,9.610993385314941
2461897450414,hexapod_20260804_110009,52,0.02,186.8505835403019,10.676922941207886,10.57941448663475,10.566177956246197,-10.900091171264648,112.30986022949219,1,1,0,0,1,0.0,0.0,0.0,0.04530812054872513,-0.14412426948547363,0.016829365864396095,-0.12544310092926025,-0.12589837610721588,-0.009833352640271187,-0.03210098668932915,-0.021603289991617203,0.017575686797499657,-0.011798150837421417,0.15240342915058136,-0.002609320916235447,0.05680041387677193,0.11745026707649231,-0.010427765548229218,-0.02174951508641243,0.07721184194087982,-0.012506325729191303,0.00858320016413927,-0.038529157638549805,-0.0022886991500854492,-0.014686808921396732,-0.011062860488891602,-0.026321589946746826,-0.057793546468019485,0.040435969829559326,0.06332463026046753,-0.12951095402240753,0.027085065841674805,0.14190936088562012,0.024605173617601395,0.024414151906967163,-0.042343735694885254,-0.07839322835206985,-0.0011444091796875,-0.007629752159118652,-0.224175825715065,0.004395604599267244,0.004395604599267244,-0.03956044092774391,0.013186813332140446,-0.004395604599267244,-0.0923076942563057,0.03076923079788685,-0.004395604599267244,0.18901099264621735,0.004395604599267244,0.03076923079788685,0.10109890252351761,-0.021978022530674934,-0.013186813332140446,0.05714285746216774,-0.07472527772188187,-0.17142857611179352,-0.02891184203326702,-0.12164660543203354,-0.9921523332595825,-0.00998420175164938,-0.00753977382555604,-0.0033300225622951984,2.0666797161102295,0.18906649947166443,9.77330493927002
2461917609083,hexapod_20260804_110009,53,0.02,195.7339016337092,10.676922941207886,10.566177956246197,10.525682159324308,-10.900091171264648,113.93313598632812,1,1,0,0,1,0.0,0.0,0.0,0.0416206493973732,-0.1448027789592743,0.017162544652819633,-0.12607212364673615,-0.12829294800758362,-0.0095865149050951,-0.03400580212473869,-0.020511625334620476,0.01760227419435978,-0.008378271013498306,0.15598218142986298,-0.0017514191567897797,0.0578453503549099,0.11655112355947495,-0.009900597855448723,-0.021387141197919846,0.07468171417713165,-0.012656834907829762,0.005912871100008488,-0.038910627365112305,-0.0022886991500854492,-0.01506828423589468,-0.011062860488891602,-0.026321589946746826,-0.059319447726011276,0.040435969829559326,0.06332463026046753,-0.12760357558727264,0.026703596115112305,0.14190936088562012,0.026131074875593185,0.024032682180404663,-0.042343735694885254,-0.07763027399778366,-0.0019073486328125,-0.009537100791931152,-0.06593406945466995,0.004395604599267244,0.004395604599267244,-0.021978022530674934,0.021978022530674934,-0.013186813332140446,-0.048351649194955826,0.05714285746216774,-0.013186813332140446,0.03076923079788685,-0.004395604599267244,-0.004395604599267244,0.03956044092774391,-0.03956044092774391,-0.013186813332140446,0.03076923079788685,-0.048351649194955826,-0.013186813332140446,-0.02948489412665367,-0.12280938774347305,-0.991992175579071,-0.001969314645975828,-0.0008524759905412793,-0.008004926145076752,2.1305623054504395,0.17386558651924133,10.065925598144531
2461937743102,hexapod_20260804_110009,54,0.02,199.21315900277978,10.307692193984986,10.525682159324308,10.499348889372325,-10.900091171264648,114.45855712890625,1,1,0,0,1,0.0,0.0,0.0,0.03927377983927727,-0.14451277256011963,0.017270009964704514,-0.12688444554805756,-0.1300324946641922,-0.009031722322106361,-0.03546823561191559,-0.019310571253299713,0.017500953748822212,-0.006008964031934738,0.15925589203834534,-0.0008807769045233727,0.058760929852724075,0.11525383591651917,-0.009157050400972366,-0.020937111228704453,0.07197463512420654,-0.012486048974096775,0.005912871100008488,-0.038910627365112305,-0.0022886991500854492,-0.015449759550392628,-0.011062860488891602,-0.026321589946746826,-0.06084534898400307,0.041198939085006714,0.06332463026046753,-0.12760357558727264,0.026703596115112305,0.14190936088562012,0.026512550190091133,0.023651212453842163,-0.042343735694885254,-0.07724879682064056,-0.0019073486328125,-0.009537100791931152,0.03076923079788685,0.013186813332140446,0.013186813332140446,-0.03956044092774391,-0.004395604599267244,-0.013186813332140446,-0.03956044092774391,-0.013186813332140446,0.004395604599267244,0.004395604599267244,0.004395604599267244,0.021978022530674934,0.004395604599267244,0.004395604599267244,-0.004395604599267244,-0.004395604599267244,-0.004395604599267244,-0.013186813332140446,-0.029487183317542076,-0.1227555125951767,-0.9919987916946411,0.0010574141051620245,-0.00012162690836703405,-0.012015243992209435,2.0676891803741455,0.14631560444831848,9.834352493286133
2461957912624,hexapod_20260804_110009,55,0.02,199.73006962486681,11.169230604171753,10.499348889372325,10.498172200618248,-10.900091171264648,114.56544494628906,1,1,0,0,1,0.0,0.0,0.0,0.03853822499513626,-0.1446964591741562,0.017231374979019165,-0.1282016485929489,-0.13112063705921173,-0.008523272350430489,-0.03648713603615761,-0.01844737119972706,0.01726832054555416,-0.005119740962982178,0.16190174221992493,-9.249895811080933e-06,0.05917767062783241,0.11542872339487076,-0.008229926228523254,-0.020649809390306473,0.06992992758750916,-0.012100067920982838,0.005531395319849253,-0.038910627365112305,-0.0022886991500854492,-0.015449759550392628,-0.011062860488891602,-0.026321589946746826,-0.06084534898400307,0.041198939085006714,0.06294316053390503,-0.12760357558727264,0.027085065841674805,0.14190936088562012,0.026512550190091133,0.023651212453842163,-0.042343735694885254,-0.07724879682064056,-0.0019073486328125,-0.009537100791931152,0.013186813332140446,-0.013186813332140446,0.004395604599267244,-0.004395604599267244,0.013186813332140446,-0.004395604599267244,0.021978022530674934,-0.004395604599267244,0.004395604599267244,0.013186813332140446,-0.004395604599267244,0.03076923079788685,-0.013186813332140446,-0.013186813332140446,-0.004395604599267244,-0.004395604599267244,-0.004395604599267244,-0.021978022530674934,-0.029496388509869576,-0.12273386120796204,-0.9920012354850769,-0.004098481964319944,0.010657069273293018,-0.006333743222057819,1.7667208909988403,0.05783551558852196,9.767602920532227
2461978035591,hexapod_20260804_110009,56,0.02,204.08380201876085,10.676922941207886,10.498172200618248,10.474744039530592,-10.900091171264648,115.32328033447266,1,1,0,0,1,0.0,0.0,0.0,0.03729796037077904,-0.14505593478679657,0.017618399113416672,-0.12783049046993256,-0.13230353593826294,-0.008157240226864815,-0.036867015063762665,-0.017710797488689423,0.01730203442275524,-0.004918813705444336,0.16298305988311768,0.00012329965829849243,0.058790821582078934,0.11512560397386551,-0.00776549382135272,-0.021183524280786514,0.06976328045129776,-0.011497058905661106,0.005912871100008488,-0.038910627365112305,-0.0022886991500854492,-0.015449759550392628,-0.011062860488891602,-0.026321589946746826,-0.06084534898400307,0.041198939085006714,0.06294316053390503,-0.12760357558727264,0.026703596115112305,0.14190936088562012,0.026512550190091133,0.023651212453842163,-0.042343735694885254,-0.07763027399778366,-0.0019073486328125,-0.009537100791931152,0.004395604599267244,0.004395604599267244,-0.004395604599267244,-0.004395604599267244,0.013186813332140446,-0.013186813332140446,0.013186813332140446,0.004395604599267244,-0.004395604599267244,-0.013186813332140446,0.013186813332140446,0.004395604599267244,-0.013186813332140446,-0.013186813332140446,-0.004395604599267244,-0.03076923079788685,0.013186813332140446,-0.004395604599267244,-0.029471348971128464,-0.12255322188138962,-0.992024302482605,0.001825378742069006,0.016708964481949806,0.0017566424794495106,1.619787573814392,0.03739064931869507,9.704235076904297
2461998058389,hexapod_20260804_110009,57,0.02,210.0621969405213,10.799999856948853,10.474744039530592,10.440798775674459,-10.900854110717773,116.34521484375,1,1,0,0,1,0.0,0.0,0.0,0.035345420241355896,-0.1443522721529007,0.018846387043595314,-0.12542958557605743,-0.1338636577129364,-0.00807163305580616,-0.037106096744537354,-0.016662998124957085,0.017263004556298256,-0.0052932389080524445,0.16279608011245728,-0.0008108243346214294,0.05811944976449013,0.11364182829856873,-0.00764507194980979,-0.02282516285777092,0.07226207852363586,-0.010631141252815723,0.005912871100008488,-0.038529157638549805,-0.0022886991500854492,-0.015449759550392628,-0.011062860488891602,-0.026321589946746826,-0.06046387553215027,0.040817439556121826,0.06294316053390503,-0.12798504531383514,0.026703596115112305,0.14190936088562012,0.026512550190091133,0.023651212453842163,-0.042343735694885254,-0.07801175117492676,-0.00152587890625,-0.009155631065368652,0.021978022530674934,0.021978022530674934,0.004395604599267244,-0.021978022530674934,0.021978022530674934,-0.013186813332140446,0.021978022530674934,-0.004395604599267244,0.004395604599267244,0.004395604599267244,0.004395604599267244,0.021978022530674934,-0.013186813332140446,-0.004395604599267244,-0.004395604599267244,-0.03076923079788685,0.03076923079788685,-0.021978022530674934,-0.029319684952497482,-0.12218379229307175,-0.9920743703842163,-0.0004856386221945286,0.01728455349802971,0.008858765475451946,1.260580062866211,0.06553137302398682,9.770933151245117
2462018218084,hexapod_20260804_110009,58,0.02,210.20431738906956,10.430769109725953,10.440798775674459,10.436775508688655,-10.901235580444336,116.33561706542969,1,1,0,0,1,0.0,0.0,0.0,0.034745801240205765,-0.1420639455318451,0.018729692324995995,-0.12354352325201035,-0.13438476622104645,-0.007992858067154884,-0.036988191306591034,-0.015262670814990997,0.017365282401442528,-0.005867592990398407,0.16281741857528687,-0.0012032650411128998,0.057404372841119766,0.11151472479104996,-0.006956099066883326,-0.022895794361829758,0.07281950116157532,-0.009793945588171482,0.00667582219466567,-0.038529157638549805,-0.0022886991500854492,-0.014686808921396732,-0.011062860488891602,-0.026321589946746826,-0.06008239835500717,0.040054500102996826,0.06294316053390503,-0.12836651504039764,0.026703596115112305,0.14190936088562012,0.026131074875593185,0.023651212453842163,-0.042343735694885254,-0.07915617525577545,-0.000762939453125,-0.009155631065368652,0.07472527772188187,-0.004395604599267244,0.021978022530674934,0.013186813332140446,0.004395604599267244,-0.013186813332140446,0.03076923079788685,-0.03956044092774391,-0.004395604599267244,-0.013186813332140446,-0.004395604599267244,0.021978022530674934,-0.03076923079788685,-0.004395604599267244,-0.004395604599267244,-0.10989011079072952,0.10109890252351761,-0.013186813332140446,-0.029172580689191818,-0.12187717109918594,-0.992116391658783,0.0031523348297923803,0.020311985164880753,0.008801933377981186,1.037300705909729,0.12704148888587952,9.942584037780762
2462038370384,hexapod_20260804_110009,59,0.02,210.82143401469784,10.123076820373536,10.436775508688655,10.43807140287841,-10.901235580444336,116.49168395996094,1,1,0,0,1,0.0,0.0,0.0,0.03508341684937477,-0.14142963290214539,0.018804553896188736,-0.1227920725941658,-0.13444784283638,-0.0077924225479364395,-0.03686908632516861,-0.014471510425209999,0.01787981204688549,-0.006636928766965866,0.16308791935443878,-0.00128193199634552,0.057004135102033615,0.11027181148529053,-0.006537493783980608,-0.023456621915102005,0.0745360255241394,-0.009273123927414417,0.008201723918318748,-0.038147687911987305,-0.0022886991500854492,-0.013160906732082367,-0.011444330215454102,-0.026321589946746826,-0.05893797054886818,0.039291560649871826,0.06294316053390503,-0.12912946939468384,0.026703596115112305,0.14190936088562012,0.026131074875593185,0.023651212453842163,-0.042343735694885254,-0.08144503086805344,-0.0,-0.008774161338806152,0.07472527772188187,0.021978022530674934,-0.004395604599267244,0.06593406945466995,-0.013186813332140446,-0.013186813332140446,0.10989011079072952,0.013186813332140446,0.013186813332140446,-0.08351648598909378,0.004395604599267244,0.03076923079788685,-0.004395604599267244,-0.004395604599267244,-0.013186813332140446,-0.11868131905794144,0.03076923079788685,-0.004395604599267244,-0.0290196742862463,-0.12157250195741653,-0.9921582341194153,0.0008171480149030685,0.012824623845517635,0.00707897637039423,0.9442974925041199,0.21374233067035675,9.737279891967773
2462058515562,hexapod_20260804_110009,60,0.02,213.99319062222358,9.692307615280152,10.43807140287841,10.417014204108655,-10.901235580444336,117.00173950195312,1,1,0,0,1,0.0,0.0,0.0,0.03510017693042755,-0.14184784889221191,0.019463209435343742,-0.12210272997617722,-0.13493679463863373,-0.007396319881081581,-0.03673088923096657,-0.013782063499093056,0.018056107684969902,-0.007341517135500908,0.16376709938049316,-0.001380392350256443,0.0569806732237339,0.11041934043169022,-0.006488424260169268,-0.024322781711816788,0.07525098323822021,-0.008566164411604404,0.009346150793135166,-0.037766218185424805,-0.0022886991500854492,-0.010872052982449532,-0.011444330215454102,-0.026321589946746826,-0.056267641484737396,0.03852859139442444,0.06294316053390503,-0.13141833245754242,0.026322126388549805,0.14190936088562012,0.025749599561095238,0.023651212453842163,-0.042343735694885254,-0.08258945494890213,0.0003814697265625,-0.008392691612243652,0.021978022530674934,0.013186813332140446,0.013186813332140446,0.10989011079072952,0.004395604599267244,-0.013186813332140446,0.11868131905794144,-0.07472527772188187,0.004395604599267244,-0.11868131905794144,-0.004395604599267244,0.021978022530674934,-0.013186813332140446,-0.004395604599267244,-0.004395604599267244,-0.03076923079788685,0.07472527772188187,0.07472527772188187,-0.02892434410750866,-0.12137752771377563,-0.9921849370002747,-0.0006574903381988406,0.00910625234246254,0.007270858623087406,0.8935678005218506,0.22397495806217194,9.60591983795166
2462078585484,hexapod_20260804_110009,61,0.02,220.05379923286705,10.615384483337403,10.417014204108655,10.394872251512126,-10.901998519897461,118.16702270507812,1,1,0,0,1,0.0,0.0,0.0,0.03336045518517494,-0.14311838150024414,0.021052466705441475,-0.12133588641881943,-0.13650040328502655,-0.007519016042351723,-0.03696883097290993,-0.013644309714436531,0.01815577782690525,-0.007141035050153732,0.1643226593732834,-0.0018196571618318558,0.05733484402298927,0.11079701781272888,-0.007097810041159391,-0.025620345026254654,0.07633435726165771,-0.008579102344810963,0.009727626107633114,-0.037766218185424805,-0.0022886991500854492,-0.008201723918318748,-0.011444330215454102,-0.026321589946746826,-0.05397878959774971,0.03814712166786194,0.06294316053390503,-0.1325627565383911,0.025940656661987305,0.14190936088562012,0.02536812424659729,0.023651212453842163,-0.042343735694885254,-0.08297093212604523,0.0011444091796875,-0.006103813648223877,0.03076923079788685,0.03076923079788685,0.013186813332140446,0.0923076942563057,-0.004395604599267244,-0.013186813332140446,0.06593406945466995,0.013186813332140446,0.004395604599267244,-0.03956044092774391,-0.03076923079788685,0.03076923079788685,-0.048351649194955826,0.004395604599267244,-0.013186813332140446,-0.004395604599267244,0.03076923079788685,0.05714285746216774,-0.028880685567855835,-0.12126868218183517,-0.9921994805335999,0.005584910977631807,0.0064849876798689365,0.010000514797866344,1.0434703826904297,0.12313301116228104,9.647841453552246
2462098712741,hexapod_20260804_110009,62,0.02,220.13142030726794,9.630769157409668,10.394872251512126,10.399111564307697,-10.903142929077148,118.22960662841797,1,1,0,0,1,0.0,0.0,0.0,0.03283582255244255,-0.14176124334335327,0.020952533930540085,-0.12058456242084503,-0.13758793473243713,-0.007316308096051216,-0.036799270659685135,-0.013269158080220222,0.018197210505604744,-0.006914868950843811,0.16440162062644958,-0.0022641969844698906,0.05747545138001442,0.10997750610113144,-0.007132991682738066,-0.026218388229608536,0.07677839696407318,-0.008046955801546574,0.010490577667951584,-0.037003278732299805,-0.0022886991500854492,-0.0078202486038208,-0.011444330215454102,-0.026321589946746826,-0.05359731614589691,0.03814712166786194,0.06294316053390503,-0.1329442262649536,0.025940656661987305,0.14190936088562012,0.024223696440458298,0.023651212453842163,-0.042343735694885254,-0.08297093212604523,0.002288818359375,-0.006103813648223877,0.021978022530674934,0.004395604599267244,0.013186813332140446,0.013186813332140446,0.004395604599267244,-0.013186813332140446,-0.048351649194955826,0.021978022530674934,0.013186813332140446,-0.004395604599267244,0.004395604599267244,0.004395604599267244,-0.048351649194955826,-0.013186813332140446,0.004395604599267244,-0.013186813332140446,0.013186813332140446,0.013186813332140446,-0.02867787517607212,-0.12107818573713303,-0.992228627204895,0.009921258315443993,0.0007107933051884174,0.007745050359517336,0.8276635408401489,0.30436983704566956,9.857487678527832
2462118855029,hexapod_20260804_110009,63,0.02,205.42548492042013,10.430769109725953,10.399111564307697,10.48264870534656,-10.903142929077148,115.71619415283203,1,1,0,0,1,0.0,0.0,0.0,0.0364801324903965,-0.13901758193969727,0.019043827429413795,-0.12118532508611679,-0.1353628933429718,-0.007213303819298744,-0.03552714362740517,-0.013153832405805588,0.018526433035731316,-0.008838772773742676,0.16345280408859253,-0.001996457576751709,0.05676761642098427,0.1086973324418068,-0.006540297064930201,-0.02435661479830742,0.07702900469303131,-0.00826335046440363,0.010490577667951584,-0.037003278732299805,-0.0022886991500854492,-0.0078202486038208,-0.011444330215454102,-0.026321589946746826,-0.05359731614589691,0.03814712166786194,0.06332463026046753,-0.1333257108926773,0.025940656661987305,0.14190936088562012,0.023460745811462402,0.023651212453842163,-0.042343735694885254,-0.08297093212604523,0.002288818359375,-0.005722343921661377,-0.013186813332140446,0.004395604599267244,0.013186813332140446,0.004395604599267244,0.004395604599267244,-0.013186813332140446,-0.013186813332140446,0.013186813332140446,0.013186813332140446,-0.021978022530674934,0.004395604599267244,0.021978022530674934,-0.004395604599267244,-0.004395604599267244,-0.004395604599267244,-0.013186813332140446,0.004395604599267244,0.004395604599267244,-0.02823016047477722,-0.12014114856719971,-0.9923554062843323,-0.0030568409711122513,-0.004426416475325823,4.700002318713814e-05,0.4769374430179596,0.33561253547668457,9.84023380279541
2462138987592,hexapod_20260804_110009,64,0.02,191.9444827759712,10.55384602546692,10.48264870534656,10.551315708187675,-10.902761459350586,113.32876586914062,1,1,0,0,1,0.0,0.0,0.0,0.04084686189889908,-0.1368095874786377,0.017057528719305992,-0.12129223346710205,-0.1322854906320572,-0.007720986381173134,-0.03359903767704964,-0.01388985849916935,0.01928260736167431,-0.011343058198690414,0.16024240851402283,-0.0019360287114977837,0.05587832257151604,0.10810893774032593,-0.006665042135864496,-0.02209300920367241,0.07759919762611389,-0.00898620206862688,0.010109102353453636,-0.037003278732299805,-0.0022886991500854492,-0.0078202486038208,-0.011444330215454102,-0.026321589946746826,-0.05359731614589691,0.03814712166786194,0.06332463026046753,-0.1333257108926773,0.025940656661987305,0.14190936088562012,0.023460745811462402,0.023651212453842163,-0.042343735694885254,-0.08297093212604523,0.002288818359375,-0.005722343921661377,-0.004395604599267244,-0.004395604599267244,0.004395604599267244,-0.004395604599267244,0.004395604599267244,-0.013186813332140446,-0.013186813332140446,0.03076923079788685,0.004395604599267244,-0.004395604599267244,0.004395604599267244,0.013186813332140446,-0.013186813332140446,-0.013186813332140446,-0.013186813332140446,-0.004395604599267244,0.004395604599267244,0.004395604599267244,-0.028305668383836746,-0.12026264518499374,-0.9923384785652161,0.0027460509445518255,-0.011433649808168411,-0.009379934519529343,0.42501264810562134,0.3141665458679199,9.770577430725098
2462159567958,hexapod_20260804_110009,65,0.02,178.36429780144044,10.615384483337403,10.551315708187675,10.620317952062027,-10.902761459350586,110.92198181152344,1,1,0,0,1,0.0,0.0,0.0,0.045056622475385666,-0.1353883594274521,0.015186365693807602,-0.12141034752130508,-0.12819470465183258,-0.008140454068779945,-0.03131741285324097,-0.015227774158120155,0.01977572776377201,-0.013933267444372177,0.15655726194381714,-0.0019471002742648125,0.05480451509356499,0.10862894356250763,-0.00678251450881362,-0.020087767392396927,0.0780571699142456,-0.010007445700466633,0.010109102353453636,-0.037003278732299805,-0.0022886991500854492,-0.008201723918318748,-0.011444330215454102,-0.026321589946746826,-0.05397878959774971,0.03852859139442444,0.06294316053390503,-0.1333257108926773,0.025940656661987305,0.14190936088562012,0.023460745811462402,0.023651212453842163,-0.042343735694885254,-0.08297093212604523,0.002288818359375,-0.006103813648223877,0.004395604599267244,-0.004395604599267244,0.013186813332140446,-0.048351649194955826,0.004395604599267244,-0.004395604599267244,-0.03076923079788685,0.021978022530674934,-0.004395604599267244,0.004395604599267244,0.021978022530674934,0.004395604599267244,-0.004395604599267244,-0.013186813332140446,-0.004395604599267244,-0.004395604599267244,0.004395604599267244,-0.004395604599267244,-0.028381718322634697,-0.12045105546712875,-0.9923135042190552,-0.002819150686264038,-0.012864756397902966,-0.010926323011517525,0.6780198216438293,0.25386035442352295,9.779165267944336
2462179788433,hexapod_20260804_110009,66,0.02,174.76419059465735,10.615384483337403,10.620317952062027,10.638744378870069,-10.902761459350586,110.28535461425781,1,1,0,0,1,0.0,0.0,0.0,0.046996794641017914,-0.13736329972743988,0.0145396888256073,-0.12381177395582199,-0.12606263160705566,-0.008015112951397896,-0.03083055093884468,-0.017246145755052567,0.019499758258461952,-0.014436610043048859,0.15529388189315796,-0.0012836959213018417,0.055557575076818466,0.11139903217554092,-0.007188885007053614,-0.019154954701662064,0.07668815553188324,-0.01137292105704546,0.010109102353453636,-0.037003278732299805,-0.0022886991500854492,-0.008964675478637218,-0.011444330215454102,-0.026321589946746826,-0.05436026677489281,0.03891006112098694,0.06294316053390503,-0.1333257108926773,0.025940656661987305,0.14190936088562012,0.02384222112596035,0.023651212453842163,-0.042343735694885254,-0.08258945494890213,0.0019073486328125,-0.006103813648223877,-0.021978022530674934,-0.004395604599267244,0.004395604599267244,-0.048351649194955826,0.004395604599267244,-0.013186813332140446,-0.03076923079788685,0.03076923079788685,0.013186813332140446,0.004395604599267244,0.004395604599267244,0.013186813332140446,-0.021978022530674934,0.004395604599267244,0.004395604599267244,0.013186813332140446,-0.004395604599267244,0.013186813332140446,-0.028508080169558525,-0.12069875746965408,-0.9922797679901123,0.0011459698434919119,-0.016806209459900856,-0.007536913268268108,1.1576075553894043,0.1858803927898407,9.831518173217773
2462199919786,hexapod_20260804_110009,67,0.02,175.45229168447176,10.307692193984986,10.638744378870069,10.636056594184044,-10.902761459350586,110.41582489013672,1,1,0,0,1,0.0,0.0,0.0,0.046816762536764145,-0.13896915316581726,0.014573223888874054,-0.12561340630054474,-0.12562797963619232,-0.008312748745083809,-0.03098820522427559,-0.01921665295958519,0.019064104184508324,-0.013959068804979324,0.15400153398513794,-0.001411179080605507,0.056716274470090866,0.11324729025363922,-0.007734320592135191,-0.019757207483053207,0.07606039941310883,-0.012831498868763447,0.010109102353453636,-0.037384748458862305,-0.0022886991500854492,-0.010490577667951584,-0.011444330215454102,-0.026321589946746826,-0.0555046908557415,0.039673030376434326,0.06294316053390503,-0.1329442262649536,0.026703596115112305,0.14190936088562012,0.02384222112596035,0.023651212453842163,-0.042343735694885254,-0.08144503086805344,0.00152587890625,-0.006103813648223877,-0.004395604599267244,-0.013186813332140446,0.013186813332140446,-0.11868131905794144,0.013186813332140446,-0.013186813332140446,-0.07472527772188187,0.08351648598909378,0.013186813332140446,0.03076923079788685,0.05714285746216774,0.004395604599267244,-0.013186813332140446,0.013186813332140446,-0.021978022530674934,0.10109890252351761,-0.021978022530674934,0.004395604599267244,-0.028639506548643112,-0.1210406944155693,-0.9922342896461487,0.002765300218015909,-0.021148767322301865,-0.0030231408309191465,1.530389666557312,0.09272311627864838,9.696135520935059
2462220061564,hexapod_20260804_110009,68,0.02,177.21272751750564,10.799999856948853,10.636056594184044,10.624641124696948,-10.902761459350586,110.70178985595703,1,1,0,0,1,0.0,0.0,0.0,0.04625033959746361,-0.1405685693025589,0.015220101922750473,-0.12672027945518494,-0.12511393427848816,-0.008135722950100899,-0.031494829803705215,-0.02046370692551136,0.01828320138156414,-0.012832123786211014,0.15375909209251404,-0.0013609174638986588,0.057317156344652176,0.11512675136327744,-0.008338687941432,-0.019928250461816788,0.07545343041419983,-0.013697371818125248,0.009727626107633114,-0.037766218185424805,-0.0022886991500854492,-0.013160906732082367,-0.011062860488891602,-0.026321589946746826,-0.05703059583902359,0.040435969829559326,0.06294316053390503,-0.13179980218410492,0.027085065841674805,0.14190936088562012,0.024223696440458298,0.024032682180404663,-0.042343735694885254,-0.07991912961006165,-0.0,-0.006485283374786377,-0.03076923079788685,-0.03956044092774391,0.004395604599267244,-0.13626374304294586,0.004395604599267244,-0.013186813332140446,-0.08351648598909378,-0.004395604599267244,0.004395604599267244,0.08351648598909378,0.013186813332140446,-0.004395604599267244,0.021978022530674934,0.013186813332140446,-0.004395604599267244,0.048351649194955826,-0.05714285746216774,0.004395604599267244,-0.0287039615213871,-0.12145540118217468,-0.9921817779541016,-0.0032681399025022984,-0.016803991049528122,8.84978799149394e-05,1.5520670413970947,0.15026678144931793,9.600577354431152
2462240229995,hexapod_20260804_110009,69,0.02,177.90813328499678,10.615384483337403,10.624641124696948,10.620254804795142,-10.902379989624023,110.81604766845703,1,1,0,0,1,0.0,0.0,0.0,0.04599633812904358,-0.1415877640247345,0.015128064900636673,-0.12775427103042603,-0.12493041157722473,-0.00835307128727436,-0.03201047331094742,-0.02062170021235943,0.01793723739683628,-0.012224972248077393,0.15414173901081085,-0.001161111518740654,0.057228054851293564,0.11592976003885269,-0.008037503808736801,-0.020030129700899124,0.07491998374462128,-0.013958507217466831,0.009346150793135166,-0.038910627365112305,-0.0022886991500854492,-0.014686808921396732,-0.011062860488891602,-0.026321589946746826,-0.058175019919872284,0.040435969829559326,0.06294316053390503,-0.12989242374897003,0.027085065841674805,0.14190936088562012,0.02536812424659729,0.023651212453842163,-0.042343735694885254,-0.07877469807863235,-0.0011444091796875,-0.006485283374786377,-0.048351649194955826,0.004395604599267244,0.021978022530674934,-0.03076923079788685,0.021978022530674934,-0.013186813332140446,-0.05714285746216774,-0.004395604599267244,-0.004395604599267244,0.07472527772188187,0.013186813332140446,-0.004395604599267244,0.03956044092774391,-0.021978022530674934,-0.013186813332140446,0.03956044092774391,-0.013186813332140446,0.004395604599267244,-0.0290454663336277,-0.12164051085710526,-0.9921491742134094,-0.011860210448503494,-0.007174181751906872,0.0019012227421626449,1.6529065370559692,0.051818691194057465,9.765486717224121
2462260381853,hexapod_20260804_110009,70,0.02,178.8486474352773,10.615384483337403,10.620254804795142,10.606952142529732,-10.902761459350586,110.89291381835938,1,1,0,0,1,0.0,0.0,0.0,0.046298548579216,-0.14267021417617798,0.01469416357576847,-0.12804703414440155,-0.12449081242084503,-0.008868025615811348,-0.032370906323194504,-0.020616456866264343,0.018069496378302574,-0.011748641729354858,0.15458513796329498,-0.000250987708568573,0.056807298213243484,0.11620861291885376,-0.008136235177516937,-0.01829024776816368,0.07198938727378845,-0.013842352665960789,0.0078202486038208,-0.038910627365112305,-0.0022886991500854492,-0.014686808921396732,-0.011062860488891602,-0.026321589946746826,-0.05893797054886818,0.040435969829559326,0.06294316053390503,-0.12912946939468384,0.027085065841674805,0.14190936088562012,0.026131074875593185,0.023651212453842163,-0.042343735694885254,-0.07839322835206985,-0.0011444091796875,-0.006485283374786377,-0.03956044092774391,0.004395604599267244,0.004395604599267244,-0.013186813332140446,0.021978022530674934,-0.004395604599267244,-0.013186813332140446,0.03956044092774391,0.004395604599267244,-0.004395604599267244,0.004395604599267244,0.03076923079788685,0.013186813332140446,0.004395604599267244,-0.004395604599267244,-0.013186813332140446,0.021978022530674934,0.013186813332140446,-0.029144179075956345,-0.12173077464103699,-0.992135226726532,0.006898203864693642,0.007755626924335957,-0.002863665111362934,1.813819169998169,0.06745388358831406,9.985259056091309
2462280518906,hexapod_20260804_110009,71,0.02,187.03631786338565,10.799999856948853,10.606952142529732,10.547211294675645,-10.902761459350586,112.15286254882812,1,1,0,0,1,0.0,0.0,0.0,0.044158972799777985,-0.14413151144981384,0.016000449657440186,-0.12724603712558746,-0.12541261315345764,-0.008638957515358925,-0.03303422033786774,-0.02064790576696396,0.017768530175089836,-0.01005607470870018,0.15568363666534424,4.7730281949043274e-05,0.05750631168484688,0.11704126745462418,-0.008604010567069054,-0.019277092069387436,0.07153820991516113,-0.013507475145161152,0.007057297509163618,-0.038910627365112305,-0.0022886991500854492,-0.01506828423589468,-0.011062860488891602,-0.026321589946746826,-0.05893797054886818,0.041198939085006714,0.06294316053390503,-0.12912946939468384,0.027085065841674805,0.14190936088562012,0.026131074875593185,0.023651212453842163,-0.042343735694885254,-0.07839322835206985,-0.0011444091796875,-0.006485283374786377,-0.021978022530674934,-0.004395604599267244,0.013186813332140446,-0.021978022530674934,0.013186813332140446,-0.004395604599267244,0.004395604599267244,-0.013186813332140446,-0.004395604599267244,-0.013186813332140446,0.004395604599267244,0.004395604599267244,-0.013186813332140446,-0.021978022530674934,-0.004395604599267244,-0.004395604599267244,0.013186813332140446,0.013186813332140446,-0.029062403365969658,-0.12169484794139862,-0.9921420216560364,0.0018116880673915148,0.007368091493844986,-0.006073737982660532,1.7506189346313477,0.11508865654468536,9.73241138458252
2462300688183,hexapod_20260804_110009,72,0.02,191.8983121123362,10.799999856948853,10.547211294675645,10.525565265826263,-10.902761459350586,113.04676818847656,1,1,0,0,1,0.0,0.0,0.0,0.04223242402076721,-0.14419032633304596,0.016916777938604355,-0.12653084099292755,-0.12691371142864227,-0.008566820994019508,-0.033597979694604874,-0.020056946203112602,0.01768752746284008,-0.009199105203151703,0.15669897198677063,-0.00045699067413806915,0.057523299008607864,0.11628027260303497,-0.00862133875489235,-0.020314108580350876,0.0723755806684494,-0.013130457140505314,0.007438773289322853,-0.038910627365112305,-0.0022886991500854492,-0.01506828423589468,-0.011062860488891602,-0.026321589946746826,-0.05893797054886818,0.040817439556121826,0.06294316053390503,-0.12912946939468384,0.027085065841674805,0.14190936088562012,0.026131074875593185,0.023651212453842163,-0.042343735694885254,-0.07839322835206985,-0.0011444091796875,-0.006485283374786377,0.004395604599267244,0.004395604599267244,0.004395604599267244,-0.004395604599267244,0.004395604599267244,0.004395604599267244,-0.004395604599267244,0.004395604599267244,0.004395604599267244,0.004395604599267244,0.004395604599267244,-0.013186813332140446,-0.004395604599267244,-0.021978022530674934,0.004395604599267244,-0.013186813332140446,0.021978022530674934,0.013186813332140446,-0.029040392488241196,-0.12166798114776611,-0.9921459555625916,-0.0006695537595078349,0.004476305563002825,-0.004608791321516037,1.6060121059417725,0.1264113187789917,9.657671928405762
2462320834800,hexapod_20260804_110009,73,0.02,194.31951661272598,10.123076820373536,10.525565265826263,10.516262135131495,-10.902761459350586,113.50747680664062,1,1,0,0,1,0.0,0.0,0.0,0.04161469265818596,-0.1440044641494751,0.017333880066871643,-0.12584801018238068,-0.12798574566841125,-0.008714037016034126,-0.034022506326436996,-0.01933469995856285,0.017642153427004814,-0.009152330458164215,0.15764120221138,-0.000516190193593502,0.05715060606598854,0.11567643284797668,-0.00838441215455532,-0.020494665950536728,0.07228195667266846,-0.012619719840586185,0.007438773289322853,-0.038910627365112305,-0.0022886991500854492,-0.014686808921396732,-0.011062860488891602,-0.026321589946746826,-0.05855649709701538,0.040817439556121826,0.06294316053390503,-0.12912946939468384,0.026703596115112305,0.14190936088562012,0.026131074875593185,0.023651212453842163,-0.042343735694885254,-0.07877469807863235,-0.000762939453125,-0.006485283374786377,-0.004395604599267244,-0.013186813332140446,0.004395604599267244,-0.021978022530674934,0.013186813332140446,-0.013186813332140446,0.004395604599267244,-0.004395604599267244,-0.004395604599267244,-0.004395604599267244,-0.004395604599267244,0.013186813332140446,-0.004395604599267244,0.004395604599267244,-0.013186813332140446,-0.013186813332140446,0.021978022530674934,0.021978022530674934,-0.029168566688895226,-0.12188374996185303,-0.9921156764030457,0.0012574822176247835,0.014978139661252499,0.00045456187217496336,1.3942090272903442,0.1490274965763092,9.757410049438477
2462340997469,hexapod_20260804_110009,74,0.02,195.94932944680716,10.123076820373536,10.516262135131495,10.509868537501397,-10.902761459350586,113.81621551513672,1,1,0,0,1,0.0,0.0,0.0,0.04084315150976181,-0.14381742477416992,0.01748872548341751,-0.12547604739665985,-0.128666490316391,-0.008555816486477852,-0.03424501419067383,-0.018366960808634758,0.01767527125775814,-0.009280335158109665,0.15813350677490234,-0.0006660977378487587,0.05677669122815132,0.115062415599823,-0.0081248190253973,-0.021009627729654312,0.07298725843429565,-0.01202432531863451,0.007438773289322853,-0.038529157638549805,-0.0022886991500854492,-0.014686808921396732,-0.011062860488891602,-0.026321589946746826,-0.05855649709701538,0.040435969829559326,0.06294316053390503,-0.12951095402240753,0.026703596115112305,0.14190936088562012,0.026131074875593185,0.023651212453842163,-0.042343735694885254,-0.07877469807863235,-0.000762939453125,-0.006485283374786377,-0.013186813332140446,0.004395604599267244,0.021978022530674934,0.013186813332140446,0.013186813332140446,-0.004395604599267244,0.004395604599267244,-0.03076923079788685,0.004395604599267244,-0.013186813332140446,-0.013186813332140446,-0.004395604599267244,-0.004395604599267244,-0.004395604599267244,0.004395604599267244,-0.013186813332140446,0.021978022530674934,0.013186813332140446,-0.02906014584004879,-0.12163905799388885,-0.9921489357948303,-0.00021482742158696055,0.01625821553170681,0.00504022091627121,1.1836752891540527,0.18901269137859344,9.919230461120605
2462361150774,hexapod_20260804_110009,75,0.02,198.88194600203846,10.307692193984986,10.509868537501397,10.494964403246275,-10.902761459350586,114.33592224121094,1,1,0,0,1,0.0,0.0,0.0,0.03959627076983452,-0.14309312403202057,0.018035707995295525,-0.12481553107500076,-0.1293565332889557,-0.008342200890183449,-0.03442438319325447,-0.017708538100123405,0.01778597943484783,-0.00916508212685585,0.1585303694009781,-0.0011870935559272766,0.05679396912455559,0.1140233501791954,-0.007919562980532646,-0.022024188190698624,0.07396914064884186,-0.01180038321763277,0.0078202486038208,-0.038529157638549805,-0.0022886991500854492,-0.01430533267557621,-0.011062860488891602,-0.026321589946746826,-0.058175019919872284,0.039291560649871826,0.06294316053390503,-0.12951095402240753,0.026322126388549805,0.14190936088562012,0.026131074875593185,0.023651212453842163,-0.042343735694885254,-0.07915617525577545,-0.0003814697265625,-0.006485283374786377,0.013186813332140446,-0.013186813332140446,0.013186813332140446,0.03956044092774391,0.004395604599267244,-0.004395604599267244,0.004395604599267244,-0.004395604599267244,0.004395604599267244,-0.004395604599267244,-0.004395604599267244,-0.004395604599267244,-0.013186813332140446,0.004395604599267244,-0.004395604599267244,-0.021978022530674934,0.021978022530674934,0.03956044092774391,-0.029010271653532982,-0.12137628346681595,-0.9921825528144836,-0.0030258544720709324,0.012023349292576313,0.00877867080271244,1.0380810499191284,0.11376100033521652,9.935733795166016
2462381303789,hexapod_20260804_110009,76,0.02,200.79089609787712,10.123076820373536,10.494964403246275,10.487793797300974,-10.902761459350586,114.70088958740234,1,1,0,0,1,0.0,0.0,0.0,0.03862563520669937,-0.14227677881717682,0.018024452030658722,-0.12411577254533768,-0.1306893676519394,-0.008564220741391182,-0.03475680947303772,-0.016883868724107742,0.017809966579079628,-0.00901506096124649,0.15878242254257202,-0.001561264507472515,0.056681130081415176,0.11275742202997208,-0.007607539650052786,-0.02246588096022606,0.07453863322734833,-0.011246656067669392,0.00858320016413927,-0.038529157638549805,-0.0022886991500854492,-0.013160906732082367,-0.011444330215454102,-0.026321589946746826,-0.058175019919872284,0.039291560649871826,0.06294316053390503,-0.12951095402240753,0.026322126388549805,0.14190936088562012,0.026131074875593185,0.023651212453842163,-0.042343735694885254,-0.07953765243291855,-0.0,-0.006485283374786377,0.05714285746216774,0.004395604599267244,0.021978022530674934,0.03076923079788685,0.004395604599267244,0.021978022530674934,0.004395604599267244,-0.021978022530674934,0.004395604599267244,-0.004395604599267244,0.004395604599267244,0.013186813332140446,-0.004395604599267244,0.004395604599267244,-0.004395604599267244,-0.03956044092774391,0.05714285746216774,-0.004395604599267244,-0.02895108051598072,-0.12117010354995728,-0.9922094941139221,0.004585855174809694,0.00791546143591404,0.009353915229439735,0.8931236267089844,0.12228170037269592,9.684329986572266
2462401421612,hexapod_20260804_110009,77,0.02,201.96326370595267,10.984615230560303,10.487793797300974,10.480489748228308,-10.902761459350586,114.89447021484375,1,1,0,0,1,0.0,0.0,0.0,0.03894909843802452,-0.14197799563407898,0.018114643171429634,-0.12356359511613846,-0.13120579719543457,-0.008045943453907967,-0.03494018688797951,-0.01645209640264511,0.01792380027472973,-0.008994143456220627,0.15987788140773773,-0.0013239076361060143,0.05650675669312477,0.11247964203357697,-0.0073540969751775265,-0.02247558906674385,0.07481610774993896,-0.010570765472948551,0.009346150793135166,-0.038147687911987305,-0.0022886991500854492,-0.012397955171763897,-0.011444330215454102,-0.026321589946746826,-0.058175019919872284,0.03852859139442444,0.06294316053390503,-0.12989242374897003,0.026322126388549805,0.14190936088562012,0.026131074875593185,0.023651212453842163,-0.042343735694885254,-0.08068207651376724,0.000762939453125,-0.006485283374786377,0.004395604599267244,-0.004395604599267244,0.013186813332140446,0.03956044092774391,-0.004395604599267244,-0.004395604599267244,0.013186813332140446,-0.021978022530674934,0.004395604599267244,-0.004395604599267244,-0.004395604599267244,-0.004395604599267244,-0.004395604599267244,0.004395604599267244,-0.004395604599267244,-0.06593406945466995,0.013186813332140446,0.013186813332140446,-0.02882958948612213,-0.12106911092996597,-0.9922253489494324,0.0006032573874108493,0.011593476869165897,0.006544537376612425,0.9119888544082642,0.1374545395374298,9.81650161743164
2462421550346,hexapod_20260804_110009,78,0.02,202.8300767091497,10.307692193984986,10.480489748228308,10.480972077668497,-10.902761459350586,115.0995864868164,1,1,0,0,1,0.0,0.0,0.0,0.03884474188089371,-0.14162155985832214,0.01835533231496811,-0.12318580597639084,-0.13194969296455383,-0.007978560402989388,-0.035266000777482986,-0.016122180968523026,0.018093625083565712,-0.008850637823343277,0.16015313565731049,-0.001384553499519825,0.05683672055602074,0.11191102862358093,-0.007318164687603712,-0.02295515313744545,0.07543222606182098,-0.010352333076298237,0.009346150793135166,-0.038147687911987305,-0.0022886991500854492,-0.01125352829694748,-0.011444330215454102,-0.026321589946746826,-0.05741206929087639,0.03852859139442444,0.06294316053390503,-0.12989242374897003,0.026322126388549805,0.14190936088562012,0.026131074875593185,0.023651212453842163,-0.042343735694885254,-0.08144503086805344,0.000762939453125,-0.006485283374786377,-0.021978022530674934,0.004395604599267244,-0.013186813332140446,0.03076923079788685,-0.004395604599267244,-0.004395604599267244,0.05714285746216774,-0.004395604599267244,-0.004395604599267244,0.004395604599267244,0.013186813332140446,-0.013186813332140446,-0.013186813332140446,-0.004395604599267244,-0.004395604599267244,-0.013186813332140446,0.013186813332140446,0.013186813332140446,-0.028815031051635742,-0.12096105515956879,-0.9922389388084412,0.0013564924011006951,0.005179417319595814,0.0034069407265633345,0.9847216010093689,0.15220509469509125,9.652729034423828
2462441667885,hexapod_20260804_110009,79,0.02,203.33287561673706,10.307692193984986,10.480972077668497,10.482195432776416,-10.902761459350586,115.22850799560547,1,1,0,0,1,0.0,0.0,0.0,0.038467902690172195,-0.14125989377498627,0.018414219841361046,-0.12291450053453445,-0.13254718482494354,-0.0077764857560396194,-0.03492825850844383,-0.01628481037914753,0.01819482631981373,-0.008575819432735443,0.16033518314361572,-0.0017742505297064781,0.05726813152432442,0.11166295409202576,-0.007577784825116396,-0.023406904190778732,0.07630790770053864,-0.010076080448925495,0.009346150793135166,-0.038147687911987305,-0.0022886991500854492,-0.010872052982449532,-0.011444330215454102,-0.026321589946746826,-0.056267641484737396,0.03852859139442444,0.06294316053390503,-0.12989242374897003,0.026322126388549805,0.14190936088562012,0.026131074875593185,0.023651212453842163,-0.042343735694885254,-0.08144503086805344,0.000762939453125,-0.006485283374786377,-0.013186813332140446,0.004395604599267244,0.013186813332140446,-0.021978022530674934,0.013186813332140446,-0.013186813332140446,-0.004395604599267244,0.021978022530674934,0.004395604599267244,-0.004395604599267244,0.004395604599267244,0.013186813332140446,-0.004395604599267244,-0.004395604599267244,0.004395604599267244,-0.021978022530674934,-0.004395604599267244,0.004395604599267244,-0.028796574100852013,-0.12101597338914871,-0.9922327995300293,0.0005818447680212557,-0.003944439813494682,0.0003759214887395501,1.0498851537704468,0.2580542266368866,9.656295776367188
2462461805203,hexapod_20260804_110009,80,0.02,201.48511429908396,10.615384483337403,10.482195432776416,10.492304295037318,-10.902761459350586,114.90862274169922,1,1,0,0,1,0.0,0.0,0.0,0.038792483508586884,-0.14052999019622803,0.018022829666733742,-0.12292145937681198,-0.132449671626091,-0.007861616089940071,-0.034879330545663834,-0.015997791662812233,0.018271246924996376,-0.008648008108139038,0.16055993735790253,-0.0016371207311749458,0.05714278295636177,0.11124305427074432,-0.007336465176194906,-0.023026559501886368,0.07581274211406708,-0.010023229755461216,0.009346150793135166,-0.038147687911987305,-0.0022886991500854492,-0.01125352829694748,-0.011444330215454102,-0.026321589946746826,-0.05664911866188049,0.03852859139442444,0.06294316053390503,-0.12989242374897003,0.026322126388549805,0.14190936088562012,0.026131074875593185,0.023651212453842163,-0.042343735694885254,-0.08144503086805344,0.000762939453125,-0.006485283374786377,0.004395604599267244,-0.013186813332140446,0.021978022530674934,-0.021978022530674934,0.013186813332140446,0.013186813332140446,-0.004395604599267244,0.013186813332140446,0.004395604599267244,-0.021978022530674934,-0.013186813332140446,0.004395604599267244,-0.004395604599267244,-0.013186813332140446,-0.004395604599267244,-0.004395604599267244,0.021978022530674934,0.004395604599267244,-0.028834905475378036,-0.12107406556606293,-0.9922246336936951,0.0011920875404030085,0.0001551392924739048,-0.000438102608313784,1.0688457489013672,0.24978870153427124,9.816038131713867
2462481936552,hexapod_20260804_110009,81,0.02,199.2696116573843,9.999999904632569,10.492304295037318,10.502046228732825,-10.902761459350586,114.50000762939453,1,1,0,0,1,0.0,0.0,0.0,0.03960251063108444,-0.1402786672115326,0.017789548262953758,-0.12314686924219131,-0.131900355219841,-0.007678734138607979,-0.034846317023038864,-0.015933096408843994,0.018433449789881706,-0.00906883180141449,0.16048769652843475,-0.0014582127332687378,0.05697520449757576,0.11097484827041626,-0.0072418577037751675,-0.022640887647867203,0.07565882802009583,-0.010243420489132404,0.009346150793135166,-0.038147687911987305,-0.0022886991500854492,-0.01125352829694748,-0.011444330215454102,-0.026321589946746826,-0.05664911866188049,0.03852859139442444,0.06294316053390503,-0.12989242374897003,0.026322126388549805,0.14190936088562012,0.026131074875593185,0.023651212453842163,-0.042343735694885254,-0.08144503086805344,0.000762939453125,-0.006485283374786377,-0.013186813332140446,0.004395604599267244,-0.013186813332140446,-0.013186813332140446,-0.004395604599267244,-0.021978022530674934,0.004395604599267244,0.013186813332140446,-0.004395604599267244,-0.013186813332140446,-0.004395604599267244,0.021978022530674934,0.004395604599267244,0.004395604599267244,0.004395604599267244,0.004395604599267244,0.004395604599267244,0.013186813332140446,-0.028822803869843483,-0.12107309699058533,-0.9922250509262085,-0.0005258097662590444,0.0002747082617133856,-0.001351547078229487,1.0984342098236084,0.21298907697200775,9.850473403930664
2462502085392,hexapod_20260804_110009,82,0.02,193.81384633704778,9.999999904632569,10.502046228732825,10.539524627462306,-10.902761459350586,113.63591003417969,1,1,0,0,1,0.0,0.0,0.0,0.0406717024743557,-0.13951949775218964,0.016993753612041473,-0.12394798547029495,-0.13113103806972504,-0.007615828886628151,-0.03427663445472717,-0.01631195656955242,0.018483543768525124,-0.00970517098903656,0.1594867706298828,-0.0014305179938673973,0.0572664774954319,0.11102907359600067,-0.007083639968186617,-0.02213102951645851,0.07581795752048492,-0.01054151076823473,0.009346150793135166,-0.038147687911987305,-0.0022886991500854492,-0.01125352829694748,-0.011444330215454102,-0.026321589946746826,-0.05664911866188049,0.03852859139442444,0.06294316053390503,-0.12989242374897003,0.026703596115112305,0.14190936088562012,0.026131074875593185,0.023651212453842163,-0.042343735694885254,-0.08144503086805344,0.000762939453125,-0.006485283374786377,-0.004395604599267244,-0.004395604599267244,0.021978022530674934,-0.021978022530674934,0.013186813332140446,-0.004395604599267244,-0.013186813332140446,0.013186813332140446,0.004395604599267244,-0.004395604599267244,0.004395604599267244,-0.004395604599267244,-0.004395604599267244,0.004395604599267244,-0.013186813332140446,0.004395604599267244,0.004395604599267244,0.004395604599267244,-0.028859086334705353,-0.12110348790884018,-0.9922203421592712,0.0010727295884862542,-0.00785677507519722,-0.0022168615832924843,1.0612244606018066,0.15397213399410248,9.724287033081055
2462522201873,hexapod_20260804_110009,83,0.02,187.20890322103998,10.307692193984986,10.539524627462306,10.575055837635494,-10.902761459350586,112.48609924316406,1,1,0,0,1,0.0,0.0,0.0,0.04262193664908409,-0.1390126794576645,0.015973376110196114,-0.12483871728181839,-0.12962375581264496,-0.007610538974404335,-0.03364962711930275,-0.016897650435566902,0.018556037917733192,-0.010734114795923233,0.15869863331317902,-0.0011182259768247604,0.05697549507021904,0.11141527444124222,-0.006855068262666464,-0.02076338604092598,0.07508720457553864,-0.01107985619455576,0.008964675478637218,-0.038147687911987305,-0.0022886991500854492,-0.01125352829694748,-0.011444330215454102,-0.026321589946746826,-0.05703059583902359,0.03852859139442444,0.06294316053390503,-0.12989242374897003,0.026703596115112305,0.14190936088562012,0.026131074875593185,0.023651212453842163,-0.042343735694885254,-0.08106355369091034,0.000762939453125,-0.006485283374786377,-0.004395604599267244,-0.013186813332140446,0.004395604599267244,-0.013186813332140446,0.004395604599267244,-0.004395604599267244,-0.021978022530674934,0.03076923079788685,-0.004395604599267244,0.004395604599267244,-0.004395604599267244,-0.004395604599267244,-0.004395604599267244,0.013186813332140446,-0.013186813332140446,-0.004395604599267244,0.013186813332140446,0.004395604599267244,-0.028820810839533806,-0.12109781056642532,-0.9922221302986145,0.00022018994786776602,-0.005050214007496834,-0.0020179450511932373,1.0579614639282227,0.11610914766788483,9.681329727172852
2462542350262,hexapod_20260804_110009,84,0.02,181.5301441027309,9.938461446762085,10.575055837635494,10.603993568820602,-10.902761459350586,111.48054504394531,1,1,0,0,1,0.0,0.0,0.0,0.044542308896780014,-0.13941583037376404,0.015202127397060394,-0.12584805488586426,-0.12770883738994598,-0.007748948410153389,-0.032970596104860306,-0.01768333464860916,0.01860957033932209,-0.01169421523809433,0.15750256180763245,-0.000749511644244194,0.05672137811779976,0.11248190701007843,-0.006874596234411001,-0.01963789388537407,0.07452279329299927,-0.011826415546238422,0.008964675478637218,-0.038147687911987305,-0.0022886991500854492,-0.01125352829694748,-0.011444330215454102,-0.026321589946746826,-0.05703059583902359,0.03891006112098694,0.06294316053390503,-0.12989242374897003,0.026703596115112305,0.14190936088562012,0.026131074875593185,0.023651212453842163,-0.042343735694885254,-0.08106355369091034,0.0003814697265625,-0.006485283374786377,-0.004395604599267244,-0.004395604599267244,0.004395604599267244,-0.013186813332140446,-0.004395604599267244,-0.004395604599267244,-0.004395604599267244,0.013186813332140446,0.004395604599267244,0.004395604599267244,-0.004395604599267244,0.013186813332140446,-0.004395604599267244,0.004395604599267244,-0.013186813332140446,-0.004395604599267244,-0.004395604599267244,0.013186813332140446,-0.028872450813651085,-0.12119562923908234,-0.9922086596488953,0.0005486705340445042,-0.004576277453452349,-0.0018678285414353013,1.1869566440582275,0.11234701424837112,9.807998657226562
2462562494289,hexapod_20260804_110009,85,0.02,180.55307749189254,10.307692193984986,10.603993568820602,10.605993128135072,-10.902761459350586,111.27613830566406,1,1,0,0,1,0.0,0.0,0.0,0.04512045532464981,-0.1402527540922165,0.01510532945394516,-0.12633489072322845,-0.1265222281217575,-0.00798250176012516,-0.03253941237926483,-0.018635112792253494,0.018605126067996025,-0.011981397867202759,0.15638110041618347,-0.000750197097659111,0.05678042396903038,0.11355246603488922,-0.007272667717188597,-0.019470546394586563,0.07442893087863922,-0.012479101307690144,0.008964675478637218,-0.038147687911987305,-0.0022886991500854492,-0.011635004542768002,-0.011444330215454102,-0.026321589946746826,-0.05703059583902359,0.039291560649871826,0.06294316053390503,-0.12989242374897003,0.026703596115112305,0.14190936088562012,0.026131074875593185,0.023651212453842163,-0.042343735694885254,-0.08068207651376724,0.0003814697265625,-0.006485283374786377,0.013186813332140446,-0.004395604599267244,-0.004395604599267244,-0.021978022530674934,-0.004395604599267244,-0.013186813332140446,-0.013186813332140446,0.03076923079788685,0.013186813332140446,-0.004395604599267244,-0.013186813332140446,0.004395604599267244,0.004395604599267244,-0.004395604599267244,-0.004395604599267244,0.021978022530674934,-0.021978022530674934,0.004395604599267244,-0.02893015183508396,-0.12135910987854004,-0.9921870231628418,0.0015418978873640299,-0.008341336622834206,-0.0015354660572484136,1.3767986297607422,0.11327037960290909,9.808012008666992
2462582649411,hexapod_20260804_110009,86,0.02,181.34337089008375,10.307692193984986,10.605993128135072,10.595861559495692,-10.902761459350586,111.35175323486328,1,1,0,0,1,0.0,0.0,0.0,0.045172251760959625,-0.1410616934299469,0.015281813219189644,-0.12621556222438812,-0.12598641216754913,-0.008225450292229652,-0.03243834152817726,-0.01938501186668873,0.018499543890357018,-0.011721614748239517,0.15568915009498596,-0.0007589086890220642,0.05689353868365288,0.11433524638414383,-0.007740376982837915,-0.019504841417074203,0.074030801653862,-0.012971599586308002,0.008964675478637218,-0.038529157638549805,-0.0022886991500854492,-0.012397955171763897,-0.011444330215454102,-0.026321589946746826,-0.05703059583902359,0.040054500102996826,0.06332463026046753,-0.12989242374897003,0.026703596115112305,0.14190936088562012,0.026131074875593185,0.023651212453842163,-0.042343735694885254,-0.07991912961006165,-0.0,-0.006485283374786377,-0.004395604599267244,0.004395604599267244,0.013186813332140446,-0.07472527772188187,-0.004395604599267244,-0.013186813332140446,-0.013186813332140446,0.004395604599267244,0.004395604599267244,-0.004395604599267244,-0.004395604599267244,0.004395604599267244,0.004395604599267244,-0.004395604599267244,-0.004395604599267244,0.048351649194955826,-0.004395604599267244,0.013186813332140446,-0.02896488830447197,-0.12154137343168259,-0.9921636581420898,0.002693356014788151,-0.006140071898698807,-0.0026687709614634514,1.4631987810134888,0.17571832239627838,9.666608810424805
2462602784128,hexapod_20260804_110009,87,0.02,182.6384256969264,10.984615230560303,10.595861559495692,10.585255235660163,-10.902761459350586,111.53884887695312,1,1,0,0,1,0.0,0.0,0.0,0.04493468627333641,-0.14193430542945862,0.015638059005141258,-0.1263122260570526,-0.12541234493255615,-0.00826176442205906,-0.03232568874955177,-0.019805045798420906,0.018331775441765785,-0.0112512968480587,0.15593598783016205,-0.0005718385800719261,0.05689680203795433,0.11507465690374374,-0.007986845448613167,-0.019322384148836136,0.07362261414527893,-0.013103448785841465,0.00858320016413927,-0.038529157638549805,-0.0022886991500854492,-0.013160906732082367,-0.011444330215454102,-0.026321589946746826,-0.05703059583902359,0.040054500102996826,0.06332463026046753,-0.12951095402240753,0.026703596115112305,0.14190936088562012,0.026131074875593185,0.023651212453842163,-0.042343735694885254,-0.07991912961006165,-0.0003814697265625,-0.006485283374786377,-0.004395604599267244,0.004395604599267244,0.021978022530674934,-0.05714285746216774,-0.004395604599267244,-0.004395604599267244,-0.004395604599267244,0.004395604599267244,0.004395604599267244,0.004395604599267244,-0.013186813332140446,0.004395604599267244,-0.004395604599267244,0.013186813332140446,-0.004395604599267244,-0.013186813332140446,-0.021978022530674934,0.013186813332140446,-0.028989017009735107,-0.12161397188901901,-0.992154061794281,-0.004009597469121218,-7.743788592051715e-05,-0.002844366477802396,1.4840651750564575,0.18767397105693817,9.724936485290527
2462622934454,hexapod_20260804_110009,88,0.02,182.73931569330253,10.307692193984986,10.585255235660163,10.587986522327418,-10.902761459350586,111.59091186523438,1,1,0,0,1,0.0,0.0,0.0,0.04493023827672005,-0.14235736429691315,0.015721740201115608,-0.12662768363952637,-0.12548328936100006,-0.008565681055188179,-0.032301370054483414,-0.01980593055486679,0.01822965405881405,-0.011153724044561386,0.15571384131908417,-0.0005054380744695663,0.056742917746305466,0.11537240445613861,-0.008076967671513557,-0.019075509160757065,0.07298105955123901,-0.01309093926101923,0.00858320016413927,-0.038529157638549805,-0.0022886991500854492,-0.013923857361078262,-0.011444330215454102,-0.026321589946746826,-0.05703059583902359,0.040054500102996826,0.06332463026046753,-0.12951095402240753,0.026703596115112305,0.14190936088562012,0.026131074875593185,0.023651212453842163,-0.042343735694885254,-0.07991912961006165,-0.000762939453125,-0.006485283374786377,0.013186813332140446,-0.004395604599267244,-0.013186813332140446,-0.021978022530674934,0.013186813332140446,-0.013186813332140446,-0.013186813332140446,-0.004395604599267244,0.004395604599267244,-0.004395604599267244,-0.004395604599267244,-0.013186813332140446,-0.004395604599267244,0.004395604599267244,-0.004395604599267244,-0.004395604599267244,0.004395604599267244,0.004395604599267244,-0.029045265167951584,-0.12158174067735672,-0.9921563863754272,0.0018831690540537238,0.0026652500964701176,-0.0030072671361267567,1.4606777429580688,0.15648438036441803,9.813572883605957
2462643788635,hexapod_20260804_110009,89,0.02,183.29425325892953,10.307692193984986,10.587986522327418,10.579518700003954,-10.902761459350586,111.62974548339844,1,1,0,0,1,0.0,0.0,0.0,0.044691599905490875,-0.1425113081932068,0.016018252819776535,-0.1264641135931015,-0.12527117133140564,-0.008656369522213936,-0.03231826424598694,-0.019864367321133614,0.018115432932972908,-0.011100318282842636,0.15569666028022766,-0.0007161200046539307,0.056734200567007065,0.11541616916656494,-0.008190490305423737,-0.019283462315797806,0.07279296219348907,-0.013100956566631794,0.00858320016413927,-0.038529157638549805,-0.0022886991500854492,-0.013542382046580315,-0.011444330215454102,-0.026321589946746826,-0.05703059583902359,0.039673030376434326,0.06294316053390503,-0.12951095402240753,0.026703596115112305,0.14190936088562012,0.026131074875593185,0.023651212453842163,-0.042343735694885254,-0.07991912961006165,-0.000762939453125,-0.006485283374786377,0.004395604599267244,-0.013186813332140446,-0.021978022530674934,-0.021978022530674934,0.013186813332140446,-0.004395604599267244,-0.004395604599267244,-0.004395604599267244,-0.013186813332140446,0.004395604599267244,-0.013186813332140446,0.004395604599267244,-0.013186813332140446,0.013186813332140446,0.004395604599267244,-0.004395604599267244,0.021978022530674934,0.004395604599267244,-0.029033539816737175,-0.12156131863594055,-0.9921592473983765,-0.0010733313392847776,0.0023184081073850393,-0.0011154538951814175,1.3732391595840454,0.13301317393779755,9.824676513671875
2462663935477,hexapod_20260804_110009,90,0.02,187.46717705629737,10.615384483337403,10.579518700003954,10.553380487048386,-10.902761459350586,112.31729888916016,1,1,0,0,1,0.0,0.0,0.0,0.043730735778808594,-0.1432960033416748,0.01653343066573143,-0.12600156664848328,-0.1259830892086029,-0.008687863126397133,-0.032651979476213455,-0.019525790587067604,0.0179868396371603,-0.010880399495363235,0.1561535745859146,-0.0007287841290235519,0.056463006883859634,0.11549510806798935,-0.008208399638533592,-0.01988532766699791,0.07297615706920624,-0.012883213348686695,0.008964675478637218,-0.038529157638549805,-0.0022886991500854492,-0.013542382046580315,-0.011444330215454102,-0.026321589946746826,-0.05703059583902359,0.039673030376434326,0.06294316053390503,-0.12989242374897003,0.026703596115112305,0.14190936088562012,0.026131074875593185,0.023651212453842163,-0.042343735694885254,-0.07991912961006165,-0.0003814697265625,-0.006485283374786377,0.004395604599267244,0.021978022530674934,0.004395604599267244,-0.013186813332140446,0.013186813332140446,-0.021978022530674934,-0.004395604599267244,-0.03076923079788685,0.013186813332140446,0.004395604599267244,-0.021978022530674934,0.013186813332140446,0.004395604599267244,0.013186813332140446,-0.004395604599267244,-0.013186813332140446,0.021978022530674934,0.021978022530674934,-0.029022542759776115,-0.12147368490695953,-0.9921702742576599,0.0010904164519160986,0.004896724596619606,0.0010957623599097133,1.2886663675308228,0.09353430569171906,9.755168914794922
2462684096586,hexapod_20260804_110009,91,0.02,194.70590906458688,10.492307567596436,10.553380487048386,10.514136122949171,-10.902761459350586,113.5742416381836,1,1,0,0,1,0.0,0.0,0.0,0.0419282466173172,-0.1440485119819641,0.01761471852660179,-0.12506277859210968,-0.12751565873622894,-0.008527541533112526,-0.03332040458917618,-0.0191755723208189,0.017904171720147133,-0.009960610419511795,0.15718412399291992,-0.0010305820032954216,0.056672994047403336,0.1154332086443901,-0.008432483300566673,-0.02103191241621971,0.07370813190937042,-0.012292486615478992,0.008964675478637218,-0.038529157638549805,-0.0022886991500854492,-0.013542382046580315,-0.011444330215454102,-0.026321589946746826,-0.05703059583902359,0.039673030376434326,0.06294316053390503,-0.12989242374897003,0.026703596115112305,0.14190936088562012,0.026131074875593185,0.023651212453842163,-0.042343735694885254,-0.07991912961006165,-0.0003814697265625,-0.006485283374786377,-0.004395604599267244,0.021978022530674934,-0.013186813332140446,-0.013186813332140446,0.004395604599267244,-0.021978022530674934,-0.004395604599267244,-0.004395604599267244,0.004395604599267244,-0.004395604599267244,-0.03076923079788685,0.013186813332140446,-0.004395604599267244,0.004395604599267244,0.004395604599267244,-0.013186813332140446,0.004395604599267244,0.013186813332140446,-0.028984418138861656,-0.12137722223997116,-0.9921832084655762,8.885162969818339e-05,0.007349396124482155,0.0019590998999774456,1.2467234134674072,0.07450100779533386,9.757500648498535
2462704166168,hexapod_20260804_110009,92,0.02,198.8240696714518,10.615384483337403,10.514136122949171,10.497081181537734,-10.902761459350586,114.3448715209961,1,1,0,0,1,0.0,0.0,0.0,0.040328919887542725,-0.14358708262443542,0.01814546249806881,-0.12438225001096725,-0.1291704922914505,-0.008464151993393898,-0.03391463682055473,-0.018428446725010872,0.01780296303331852,-0.009141534566879272,0.15790891647338867,-0.0012888526543974876,0.05701570585370064,0.11454680562019348,-0.008363256230950356,-0.02194404974579811,0.07431097328662872,-0.011559446342289448,0.008964675478637218,-0.038529157638549805,-0.0022886991500854492,-0.013542382046580315,-0.011444330215454102,-0.026321589946746826,-0.05703059583902359,0.039673030376434326,0.06294316053390503,-0.12989242374897003,0.026703596115112305,0.14190936088562012,0.026131074875593185,0.023651212453842163,-0.042343735694885254,-0.07991912961006165,-0.0003814697265625,-0.006485283374786377,-0.004395604599267244,0.004395604599267244,0.013186813332140446,-0.004395604599267244,0.013186813332140446,-0.004395604599267244,-0.004395604599267244,-0.013186813332140446,0.004395604599267244,-0.013186813332140446,-0.013186813332140446,-0.013186813332140446,-0.004395604599267244,0.004395604599267244,-0.004395604599267244,-0.013186813332140446,0.021978022530674934,-0.004395604599267244,-0.028952451422810555,-0.12128622084856033,-0.9921952486038208,0.0018637701869010925,0.0050911670550704,0.0010975429322570562,1.1913750171661377,0.11181199550628662,9.792906761169434
2462724317260,hexapod_20260804_110009,93,0.02,200.03733338084442,11.10769214630127,10.497081181537734,10.49351240079056,-10.902761459350586,114.58724975585938,1,1,0,0,1,0.0,0.0,0.0,0.03958253934979439,-0.14275044202804565,0.01830868236720562,-0.12385547906160355,-0.13017262518405914,-0.008178198710083961,-0.03436114266514778,-0.01767023652791977,0.01789228431880474,-0.008753906935453415,0.15873795747756958,-0.0014344174414873123,0.05700112506747246,0.11342959851026535,-0.00812155194580555,-0.02244102582335472,0.07483439147472382,-0.011207160539925098,0.008964675478637218,-0.038529157638549805,-0.0022886991500854492,-0.013542382046580315,-0.011444330215454102,-0.026321589946746826,-0.05703059583902359,0.039291560649871826,0.06294316053390503,-0.12989242374897003,0.026703596115112305,0.14190936088562012,0.026131074875593185,0.023651212453842163,-0.042343735694885254,-0.08030059933662415,-0.0003814697265625,-0.006485283374786377,-0.004395604599267244,0.004395604599267244,0.013186813332140446,-0.021978022530674934,-0.004395604599267244,0.004395604599267244,-0.004395604599267244,-0.013186813332140446,0.013186813332140446,-0.004395604599267244,-0.013186813332140446,-0.004395604599267244,-0.004395604599267244,0.004395604599267244,0.004395604599267244,-0.004395604599267244,0.013186813332140446,-0.004395604599267244,-0.0290136206895113,-0.12121032178401947,-0.9922027587890625,0.0012650936841964722,0.0055588893592357635,0.0005771940341219306,1.0737974643707275,0.1591622233390808,9.792389869689941
2462744470236,hexapod_20260804_110009,94,0.02,199.78247772408452,10.615384483337403,10.49351240079056,10.494063906452167,-10.902761459350586,114.53424835205078,1,1,0,0,1,0.0,0.0,0.0,0.03937193378806114,-0.1417144238948822,0.01797408051788807,-0.12360996752977371,-0.1308586448431015,-0.008126119151711464,-0.03452835604548454,-0.01686904765665531,0.01803901605308056,-0.008784875273704529,0.15924608707427979,-0.0013869041576981544,0.05686899647116661,0.11254864931106567,-0.007678178604692221,-0.022523242980241776,0.07492695748806,-0.010852289386093616,0.008964675478637218,-0.038529157638549805,-0.0022886991500854492,-0.013542382046580315,-0.011444330215454102,-0.026321589946746826,-0.05703059583902359,0.039291560649871826,0.06294316053390503,-0.12989242374897003,0.026322126388549805,0.14190936088562012,0.026131074875593185,0.023651212453842163,-0.042343735694885254,-0.08030059933662415,-0.0,-0.006485283374786377,0.004395604599267244,0.004395604599267244,0.03956044092774391,-0.004395604599267244,0.004395604599267244,0.013186813332140446,-0.004395604599267244,-0.021978022530674934,0.004395604599267244,0.004395604599267244,-0.004395604599267244,-0.013186813332140446,-0.013186813332140446,-0.013186813332140446,0.004395604599267244,-0.004395604599267244,0.03956044092774391,-0.004395604599267244,-0.028958654031157494,-0.12110859155654907,-0.9922167658805847,0.0011063935235142708,0.0071795303374528885,0.0005006493302062154,0.9736185669898987,0.194756880402565,9.801799774169922
2462764591477,hexapod_20260804_110009,95,0.02,199.00057086759995,10.492307567596436,10.494063906452167,10.50116564970244,-10.902761459350586,114.42864227294922,1,1,0,0,1,0.0,0.0,0.0,0.03957575187087059,-0.1410684436559677,0.017902685329318047,-0.1234743669629097,-0.1311188042163849,-0.00787743367254734,-0.03458111360669136,-0.0167035311460495,0.018188422545790672,-0.009006213396787643,0.15937355160713196,-0.0015532076358795166,0.05685735121369362,0.1120576336979866,-0.00763148395344615,-0.022476214915513992,0.07525599002838135,-0.01079090777784586,0.008964675478637218,-0.038529157638549805,-0.0022886991500854492,-0.013542382046580315,-0.011444330215454102,-0.026321589946746826,-0.05703059583902359,0.03891006112098694,0.06294316053390503,-0.12989242374897003,0.026322126388549805,0.14190936088562012,0.026131074875593185,0.023651212453842163,-0.042343735694885254,-0.08030059933662415,0.0003814697265625,-0.006485283374786377,-0.004395604599267244,-0.013186813332140446,-0.004395604599267244,-0.021978022530674934,-0.004395604599267244,-0.013186813332140446,-0.013186813332140446,-0.013186813332140446,-0.004395604599267244,0.013186813332140446,-0.013186813332140446,-0.004395604599267244,-0.004395604599267244,-0.004395604599267244,0.004395604599267244,-0.004395604599267244,0.013186813332140446,0.004395604599267244,-0.02891807071864605,-0.12103349715471268,-0.9922271370887756,0.002591536846011877,0.0037101702764630318,0.0012175741139799356,0.9942561984062195,0.19891996681690216,9.833465576171875
2462784716414,hexapod_20260804_110009,96,0.02,198.77810435186436,10.307692193984986,10.50116564970244,10.502917099075274,-10.902761459350586,114.39575958251953,1,1,0,0,1,0.0,0.0,0.0,0.03945476934313774,-0.14055421948432922,0.01781119406223297,-0.12337804585695267,-0.1313992738723755,-0.0077926237136125565,-0.03458365052938461,-0.016403034329414368,0.018231770023703575,-0.009047389030456543,0.1597779393196106,-0.00161838810890913,0.056793857365846634,0.11155878007411957,-0.007307622116059065,-0.022609952837228775,0.07546912133693695,-0.01074241939932108,0.008964675478637218,-0.038147687911987305,-0.0022886991500854492,-0.013542382046580315,-0.011444330215454102,-0.026321589946746826,-0.05703059583902359,0.03852859139442444,0.06294316053390503,-0.12989242374897003,0.026322126388549805,0.14190936088562012,0.026131074875593185,0.023651212453842163,-0.042343735694885254,-0.08030059933662415,0.000762939453125,-0.006485283374786377,0.013186813332140446,0.004395604599267244,-0.021978022530674934,-0.03076923079788685,0.004395604599267244,-0.013186813332140446,-0.004395604599267244,-0.004395604599267244,0.013186813332140446,0.004395604599267244,-0.013186813332140446,0.013186813332140446,-0.004395604599267244,-0.004395604599267244,-0.004395604599267244,0.004395604599267244,0.021978022530674934,0.004395604599267244,-0.028877152130007744,-0.12096130102872849,-0.9922371506690979,-0.0010910185519605875,0.0020339421462267637,0.0023698473814874887,1.0013214349746704,0.1817636340856552,9.722142219543457
2462804884631,hexapod_20260804_110009,97,0.02,197.6943609324132,9.999999904632569,10.502917099075274,10.517367573186352,-10.902761459350586,114.29793548583984,1,1,0,0,1,0.0,0.0,0.0,0.03979764133691788,-0.14047980308532715,0.01753605157136917,-0.12397819012403488,-0.13164940476417542,-0.007689790800213814,-0.034585028886795044,-0.016496453434228897,0.018305862322449684,-0.00928739458322525,0.15947946906089783,-0.0017412295565009117,0.05716558173298836,0.11160091310739517,-0.007349824998527765,-0.022580567747354507,0.07610498368740082,-0.010645178146660328,0.008964675478637218,-0.038147687911987305,-0.0022886991500854492,-0.013542382046580315,-0.011444330215454102,-0.026321589946746826,-0.05703059583902359,0.03852859139442444,0.06294316053390503,-0.12989242374897003,0.026703596115112305,0.14190936088562012,0.026131074875593185,0.023651212453842163,-0.042343735694885254,-0.08030059933662415,0.000762939453125,-0.006485283374786377,-0.004395604599267244,-0.004395604599267244,0.004395604599267244,-0.013186813332140446,0.013186813332140446,-0.013186813332140446,-0.004395604599267244,-0.004395604599267244,0.004395604599267244,-0.004395604599267244,-0.013186813332140446,0.004395604599267244,-0.004395604599267244,-0.004395604599267244,0.004395604599267244,0.004395604599267244,-0.004395604599267244,0.013186813332140446,-0.028883077204227448,-0.12096048891544342,-0.9922370314598083,0.002350249793380499,-0.005185293965041637,0.001283353311009705,1.067797064781189,0.18566836416721344,9.61166763305664
2462825015768,hexapod_20260804_110009,98,0.02,195.06129816829036,9.630769157409668,10.517367573186352,10.533970484390563,-10.902761459350586,113.8652572631836,1,1,0,0,1,0.0,0.0,0.0,0.04054005816578865,-0.14018262922763824,0.017193693667650223,-0.12432711571455002,-0.13128679990768433,-0.007597686722874641,-0.03430682793259621,-0.016697825863957405,0.018274689093232155,-0.009443607181310654,0.15936976671218872,-0.0016311649233102798,0.05718045309185982,0.11183372139930725,-0.00729472516104579,-0.022185850888490677,0.07599441707134247,-0.010776706971228123,0.008964675478637218,-0.038147687911987305,-0.0022886991500854492,-0.013542382046580315,-0.011444330215454102,-0.026321589946746826,-0.05703059583902359,0.03852859139442444,0.06294316053390503,-0.12989242374897003,0.026703596115112305,0.14190936088562012,0.026131074875593185,0.023651212453842163,-0.042343735694885254,-0.08030059933662415,0.0003814697265625,-0.006485283374786377,-0.004395604599267244,-0.013186813332140446,-0.013186813332140446,-0.021978022530674934,0.021978022530674934,-0.004395604599267244,-0.013186813332140446,-0.004395604599267244,0.004395604599267244,0.004395604599267244,-0.013186813332140446,0.004395604599267244,-0.004395604599267244,-0.021978022530674934,0.004395604599267244,0.004395604599267244,-0.004395604599267244,0.013186813332140446,-0.02892637625336647,-0.12108717113733292,-0.9922203421592712,-0.0005016180220991373,-0.003769738832488656,-0.0005506239831447601,1.1380679607391357,0.17551258206367493,9.751927375793457
2462845165472,hexapod_20260804_110009,99,0.02,191.93152448069657,10.615384483337403,10.533970484390563,10.545360532299258,-10.902761459350586,113.26302337646484,1,1,0,0,1,0.0,0.0,0.0,0.0414976105093956,-0.13989530503749847,0.016572538763284683,-0.1246277317404747,-0.13030967116355896,-0.007625313475728035,-0.034019049257040024,-0.016833709552884102,0.018419208005070686,-0.009902942925691605,0.15887972712516785,-0.0013547083362936974,0.057039108127355576,0.11161404848098755,-0.007186100352555513,-0.021517295390367508,0.07547527551651001,-0.010996871627867222,0.008964675478637218,-0.038147687911987305,-0.0022886991500854492,-0.013542382046580315,-0.011444330215454102,-0.026321589946746826,-0.05703059583902359,0.03891006112098694,0.06294316053390503,-0.12989242374897003,0.026703596115112305,0.14190936088562012,0.026131074875593185,0.023651212453842163,-0.042343735694885254,-0.08030059933662415,0.0003814697265625,-0.006485283374786377,-0.013186813332140446,0.013186813332140446,0.004395604599267244,-0.021978022530674934,0.004395604599267244,-0.03076923079788685,-0.004395604599267244,-0.013186813332140446,0.013186813332140446,-0.004395604599267244,-0.004395604599267244,0.021978022530674934,-0.013186813332140446,0.004395604599267244,-0.004395604599267244,-0.004395604599267244,0.013186813332140446,0.004395604599267244,-0.028966758400201797,-0.12116850167512894,-0.992209255695343,0.0011697787558659911,-0.004529559053480625,-0.002482765121385455,1.2590938806533813,0.17530158162117004,9.885791778564453
2462865277112,hexapod_20260804_110009,100,0.02,190.79013857609522,10.492307567596436,10.545360532299258,10.551506050480144,-10.902761459350586,113.06438446044922,1,1,0,0,1,0.0,0.0,0.0,0.04206365346908569,-0.1403627246618271,0.016580037772655487,-0.12497528642416,-0.12962880730628967,-0.0076352450996637344,-0.03377575799822807,-0.01728517934679985,0.018388858065009117,-0.010043427348136902,0.15853838622570038,-0.0010647289454936981,0.057113368064165115,0.11248970776796341,-0.007423024158924818,-0.021115068346261978,0.07513521611690521,-0.011212089098989964,0.00858320016413927,-0.038147687911987305,-0.0022886991500854492,-0.013542382046580315,-0.011444330215454102,-0.026321589946746826,-0.05703059583902359,0.03891006112098694,0.06294316053390503,-0.12989242374897003,0.026703596115112305,0.14190936088562012,0.026131074875593185,0.023651212453842163,-0.042343735694885254,-0.08030059933662415,0.0003814697265625,-0.006485283374786377,-0.004395604599267244,-0.013186813332140446,-0.004395604599267244,-0.013186813332140446,0.021978022530674934,-0.004395604599267244,-0.013186813332140446,-0.004395604599267244,0.004395604599267244,0.004395604599267244,-0.021978022530674934,-0.004395604599267244,-0.004395604599267244,-0.004395604599267244,0.004395604599267244,0.004395604599267244,-0.021978022530674934,0.004395604599267244,-0.028986074030399323,-0.12122448533773422,-0.9922018051147461,0.00012912170495837927,-0.002586864400655031,-0.0033759952057152987,1.328170657157898,0.14273333549499512,9.811066627502441
2462885429618,hexapod_20260804_110009,101,0.02,189.1749878975066,10.307692193984986,10.551506050480144,10.55649684677068,-10.902761459350586,112.74424743652344,1,1,0,0,1,0.0,0.0,0.0,0.042386140674352646,-0.14034423232078552,0.016289623454213142,-0.12525179982185364,-0.12891897559165955,-0.007748531177639961,-0.033620476722717285,-0.017565451562404633,0.01842069812119007,-0.01018625870347023,0.15839646756649017,-0.0009182225912809372,0.056923750787973404,0.11253862082958221,-0.00726185692474246,-0.02067500725388527,0.07443030178546906,-0.011677880771458149,0.00858320016413927,-0.038147687911987305,-0.0022886991500854492,-0.013542382046580315,-0.011444330215454102,-0.026321589946746826,-0.05703059583902359,0.03891006112098694,0.06294316053390503,-0.12989242374897003,0.026703596115112305,0.14190936088562012,0.026131074875593185,0.023651212453842163,-0.042343735694885254,-0.08030059933662415,0.0003814697265625,-0.006485283374786377,0.013186813332140446,-0.004395604599267244,-0.004395604599267244,-0.021978022530674934,-0.013186813332140446,-0.004395604599267244,-0.004395604599267244,0.004395604599267244,0.004395604599267244,0.013186813332140446,-0.013186813332140446,-0.004395604599267244,-0.004395604599267244,0.013186813332140446,-0.013186813332140446,-0.004395604599267244,0.004395604599267244,0.004395604599267244,-0.029016166925430298,-0.12129128724336624,-0.9921927452087402,0.0007563847466371953,-0.0016302650328725576,-0.0024073002859950066,1.3593488931655884,0.10975849628448486,9.70052433013916
2462905556131,hexapod_20260804_110009,102,0.02,186.54885107170077,10.492307567596436,10.55649684677068,10.576989612823699,-10.902761459350586,112.35415649414062,1,1,0,0,1,0.0,0.0,0.0,0.043267183005809784,-0.14089709520339966,0.015918061137199402,-0.1261749416589737,-0.12840507924556732,-0.008014844730496407,-0.03333787992596626,-0.018047647550702095,0.01829175464808941,-0.010768286883831024,0.15778060257434845,-0.0007883710786700249,0.05700937286019325,0.11349931359291077,-0.007264408748596907,-0.020217452198266983,0.07409490644931793,-0.011857145465910435,0.00858320016413927,-0.038529157638549805,-0.0022886991500854492,-0.013542382046580315,-0.011444330215454102,-0.026321589946746826,-0.05703059583902359,0.039291560649871826,0.06294316053390503,-0.12989242374897003,0.026703596115112305,0.14190936088562012,0.026131074875593185,0.023651212453842163,-0.042343735694885254,-0.08030059933662415,0.0003814697265625,-0.006485283374786377,0.004395604599267244,-0.013186813332140446,-0.004395604599267244,0.004395604599267244,0.03076923079788685,-0.013186813332140446,0.004395604599267244,0.021978022530674934,0.013186813332140446,0.004395604599267244,-0.004395604599267244,0.004395604599267244,-0.004395604599267244,-0.004395604599267244,-0.013186813332140446,-0.004395604599267244,-0.004395604599267244,0.004395604599267244,-0.029033124446868896,-0.12134003639221191,-0.9921863079071045,0.0013347084168344736,-0.00039965903852134943,4.5066550228511915e-05,1.3559969663619995,0.10841254144906998,9.704145431518555
2462925681053,hexapod_20260804_110009,103,0.02,184.55323393554943,10.307692193984986,10.576989612823699,10.583980986198675,-10.902761459350586,111.96730041503906,1,1,0,0,1,0.0,0.0,0.0,0.04389460012316704,-0.14113806188106537,0.01569344475865364,-0.126432865858078,-0.1273450255393982,-0.008133942261338234,-0.03307174891233444,-0.01854165829718113,0.018243426457047462,-0.011116154491901398,0.15710510313510895,-0.0006586434319615364,0.05689998343586922,0.11392843723297119,-0.007365989964455366,-0.019856203347444534,0.07381944358348846,-0.01226265449076891,0.00858320016413927,-0.038147687911987305,-0.0022886991500854492,-0.013542382046580315,-0.011444330215454102,-0.026321589946746826,-0.05703059583902359,0.039673030376434326,0.06332463026046753,-0.12989242374897003,0.026703596115112305,0.14190936088562012,0.026131074875593185,0.023651212453842163,-0.042343735694885254,-0.08030059933662415,0.0003814697265625,-0.006485283374786377,0.004395604599267244,-0.004395604599267244,0.013186813332140446,-0.013186813332140446,0.013186813332140446,-0.021978022530674934,0.004395604599267244,-0.004395604599267244,0.004395604599267244,-0.004395604599267244,-0.021978022530674934,0.004395604599267244,-0.004395604599267244,0.013186813332140446,-0.013186813332140446,-0.004395604599267244,0.004395604599267244,-0.004395604599267244,-0.03006031922996044,-0.12291000038385391,-0.9919624924659729,0.0029456831980496645,-0.0024881227873265743,0.0008554530795663595,1.272613525390625,0.14024056494235992,9.764673233032227
2462945847609,hexapod_20260804_110009,104,0.02,182.57058859954424,10.492307567596436,10.583980986198675,10.59031902208453,-10.902761459350586,111.57655334472656,1,1,0,0,1,0.0,0.0,0.0,0.04436646029353142,-0.14100706577301025,0.015552150085568428,-0.12626846134662628,-0.12615539133548737,-0.00805974192917347,-0.03255300596356392,-0.018883321434259415,0.018280303105711937,-0.011303044855594635,0.15653476119041443,-0.0006441967561841011,0.05673304572701454,0.11437081545591354,-0.007469643373042345,-0.019749369472265244,0.07370948791503906,-0.012631070800125599,0.00858320016413927,-0.038147687911987305,-0.0022886991500854492,-0.013542382046580315,-0.011444330215454102,-0.026321589946746826,-0.05703059583902359,0.039673030376434326,0.06332463026046753,-0.12989242374897003,0.026703596115112305,0.14190936088562012,0.026131074875593185,0.023651212453842163,-0.042343735694885254,-0.08030059933662415,-0.0,-0.006485283374786377,0.004395604599267244,-0.004395604599267244,0.004395604599267244,-0.021978022530674934,0.013186813332140446,-0.004395604599267244,-0.013186813332140446,-0.004395604599267244,0.013186813332140446,0.004395604599267244,-0.013186813332140446,-0.004395604599267244,-0.013186813332140446,-0.021978022530674934,-0.004395604599267244,-0.021978022530674934,0.004395604599267244,0.013186813332140446,-0.030088111758232117,-0.1229729875922203,-0.9919538497924805,-0.002449332270771265,-0.0005854307091794908,0.00024055619724094868,1.2267206907272339,0.17309504747390747,9.890098571777344
2462965974238,hexapod_20260804_110009,105,0.02,183.3414695345674,10.984615230560303,10.59031902208453,10.583088043389262,-10.902761459350586,111.67825317382812,1,1,0,0,1,0.0,0.0,0.0,0.04453499987721443,-0.14158132672309875,0.015796314924955368,-0.12605343759059906,-0.12583763897418976,-0.008260572329163551,-0.03248407319188118,-0.01929856650531292,0.01829627715051174,-0.011431179940700531,0.15592844784259796,-0.0007465193048119545,0.05666646733880043,0.11477456986904144,-0.007830215618014336,-0.019796084612607956,0.07371629774570465,-0.012789660133421421,0.00858320016413927,-0.038529157638549805,-0.0022886991500854492,-0.013542382046580315,-0.011444330215454102,-0.026321589946746826,-0.05703059583902359,0.039673030376434326,0.06332463026046753,-0.12989242374897003,0.026703596115112305,0.14190936088562012,0.026131074875593185,0.023651212453842163,-0.042343735694885254,-0.08030059933662415,-0.0003814697265625,-0.006485283374786377,-0.004395604599267244,-0.004395604599267244,0.004395604599267244,-0.021978022530674934,0.013186813332140446,-0.03076923079788685,-0.013186813332140446,-0.004395604599267244,0.004395604599267244,0.013186813332140446,-0.013186813332140446,0.004395604599267244,-0.004395604599267244,-0.013186813332140446,-0.004395604599267244,-0.004395604599267244,0.013186813332140446,0.004395604599267244,-0.030101245269179344,-0.12296199798583984,-0.9919548034667969,0.0005498385289683938,0.0006206465768627822,-0.0005639062146656215,1.2399535179138184,0.17242276668548584,9.7725830078125
2462986122324,hexapod_20260804_110009,106,0.02,186.309890108508,10.492307567596436,10.583088043389262,10.564631836189104,-10.902761459350586,112.16879272460938,1,1,0,0,1,0.0,0.0,0.0,0.0440061017870903,-0.14227727055549622,0.01622909866273403,-0.12580041587352753,-0.12622113525867462,-0.008514659479260445,-0.03259257227182388,-0.019393958151340485,0.018167203292250633,-0.01113293319940567,0.15596488118171692,-0.0008070962503552437,0.056655820459127426,0.11492503434419632,-0.008033359423279762,-0.020130950957536697,0.07390713691711426,-0.012708772905170918,0.00858320016413927,-0.038147687911987305,-0.0022886991500854492,-0.013542382046580315,-0.011444330215454102,-0.026321589946746826,-0.05703059583902359,0.039673030376434326,0.06294316053390503,-0.12989242374897003,0.026703596115112305,0.14190936088562012,0.026131074875593185,0.023651212453842163,-0.042343735694885254,-0.08030059933662415,-0.0003814697265625,-0.006485283374786377,0.004395604599267244,0.004395604599267244,0.013186813332140446,-0.03076923079788685,0.021978022530674934,-0.013186813332140446,0.004395604599267244,-0.004395604599267244,0.013186813332140446,0.004395604599267244,0.013186813332140446,0.021978022530674934,-0.004395604599267244,0.013186813332140446,-0.013186813332140446,-0.004395604599267244,0.013186813332140446,0.004395604599267244,-0.030102131888270378,-0.12292669713497162,-0.9919590950012207,-0.00025071462732739747,0.002485210308805108,-0.00027039932319894433,1.2419382333755493,0.1486373096704483,9.72147274017334
2463006299011,hexapod_20260804_110009,107,0.02,188.08392236082497,10.307692193984986,10.564631836189104,10.556052204973225,-10.902761459350586,112.48777770996094,1,1,0,0,1,0.0,0.0,0.0,0.04329919442534447,-0.14241117238998413,0.01665462739765644,-0.12548406422138214,-0.12647926807403564,-0.008485095575451851,-0.03278373181819916,-0.019263936206698418,0.018081923946738243,-0.010749533772468567,0.15616163611412048,-0.0009690960869193077,0.05678242817521095,0.11483883112668991,-0.008141744881868362,-0.02051438018679619,0.07413637638092041,-0.012614496983587742,0.008964675478637218,-0.038529157638549805,-0.0022886991500854492,-0.013542382046580315,-0.011444330215454102,-0.026321589946746826,-0.05703059583902359,0.039673030376434326,0.06294316053390503,-0.12989242374897003,0.026703596115112305,0.14190936088562012,0.026131074875593185,0.023651212453842163,-0.042343735694885254,-0.08030059933662415,-0.0003814697265625,-0.006485283374786377,0.013186813332140446,-0.004395604599267244,0.021978022530674934,-0.03076923079788685,0.004395604599267244,0.03076923079788685,-0.004395604599267244,-0.021978022530674934,0.004395604599267244,0.004395604599267244,-0.013186813332140446,-0.004395604599267244,-0.004395604599267244,0.013186813332140446,-0.013186813332140446,-0.004395604599267244,0.004395604599267244,0.004395604599267244,-0.030098676681518555,-0.12291420251131058,-0.9919608235359192,0.0005848676664754748,0.0010408348171040416,2.181399759138003e-05,1.23018479347229,0.1351432502269745,9.768721580505371
2463026447180,hexapod_20260804_110009,108,0.02,189.88681071936912,9.938461446762085,10.556052204973225,10.547776071197966,-10.902761459350586,112.81661987304688,1,1,0,0,1,0.0,0.0,0.0,0.042787130922079086,-0.1423211693763733,0.01687474548816681,-0.1252284049987793,-0.1271226555109024,-0.008398408070206642,-0.033047016710042953,-0.019022483378648758,0.018049059435725212,-0.010541483759880066,0.1565220057964325,-0.0010416461154818535,0.056776825338602066,0.11462847888469696,-0.008074669167399406,-0.020945455878973007,0.0743417739868164,-0.0124135697260499,0.008964675478637218,-0.038529157638549805,-0.0022886991500854492,-0.013542382046580315,-0.011444330215454102,-0.026321589946746826,-0.05703059583902359,0.039673030376434326,0.06294316053390503,-0.12989242374897003,0.026703596115112305,0.14190936088562012,0.026131074875593185,0.023651212453842163,-0.042343735694885254,-0.08030059933662415,-0.0003814697265625,-0.006485283374786377,0.004395604599267244,-0.004395604599267244,0.013186813332140446,-0.013186813332140446,0.013186813332140446,-0.004395604599267244,-0.013186813332140446,-0.004395604599267244,0.004395604599267244,0.004395604599267244,-0.013186813332140446,-0.013186813332140446,0.004395604599267244,-0.004395604599267244,-0.004395604599267244,0.004395604599267244,0.013186813332140446,0.004395604599267244,-0.03009733557701111,-0.12288062274456024,-0.9919649958610535,4.912006261292845e-06,0.0024429599288851023,0.0004525825788732618,1.1969119310379028,0.12966735661029816,9.790717124938965
2463046568739,hexapod_20260804_110009,109,0.02,193.37157817482566,10.984615230560303,10.547776071197966,10.528692027052127,-10.902761459350586,113.4197006225586,1,1,0,0,1,0.0,0.0,0.0,0.041949864476919174,-0.142623633146286,0.017426425591111183,-0.12488248199224472,-0.12802362442016602,-0.008412817493081093,-0.03349067643284798,-0.018683787435293198,0.017976896837353706,-0.010083243250846863,0.15704841911792755,-0.0011321194469928741,0.05690548196434975,0.11439205706119537,-0.008155593648552895,-0.02143886312842369,0.07472191751003265,-0.012158193625509739,0.008964675478637218,-0.038147687911987305,-0.0022886991500854492,-0.013542382046580315,-0.011444330215454102,-0.026321589946746826,-0.05703059583902359,0.039673030376434326,0.06294316053390503,-0.12989242374897003,0.026703596115112305,0.14190936088562012,0.026131074875593185,0.023651212453842163,-0.042343735694885254,-0.08030059933662415,-0.0003814697265625,-0.006485283374786377,0.004395604599267244,0.004395604599267244,-0.004395604599267244,-0.013186813332140446,0.013186813332140446,-0.004395604599267244,0.004395604599267244,-0.013186813332140446,0.004395604599267244,0.004395604599267244,-0.013186813332140446,0.013186813332140446,-0.004395604599267244,0.004395604599267244,-0.013186813332140446,-0.004395604599267244,-0.004395604599267244,0.004395604599267244,-0.03008127212524414,-0.12284433096647263,-0.9919699430465698,0.0005209528608247638,0.002694954862818122,0.0006900423322804272,1.2335283756256104,0.1468784362077713,9.789632797241211
2463066730523,hexapod_20260804_110009,110,0.02,198.1336889508112,10.307692193984986,10.528692027052127,10.500967925020447,-10.902761459350586,114.22650909423828,1,1,0,0,1,0.0,0.0,0.0,0.04045935720205307,-0.14230278134346008,0.017875628545880318,-0.12401355057954788,-0.12926983833312988,-0.008188167586922646,-0.03393945470452309,-0.018263693898916245,0.01795814000070095,-0.009212099015712738,0.1578839123249054,-0.0012623472139239311,0.057156164199113846,0.11375948786735535,-0.008087199181318283,-0.0221756212413311,0.07488369941711426,-0.011696700938045979,0.008964675478637218,-0.038529157638549805,-0.0022886991500854492,-0.013542382046580315,-0.011444330215454102,-0.026321589946746826,-0.05703059583902359,0.039673030376434326,0.06294316053390503,-0.12989242374897003,0.026703596115112305,0.14190936088562012,0.026131074875593185,0.023651212453842163,-0.042343735694885254,-0.08030059933662415,-0.0,-0.006485283374786377,0.013186813332140446,-0.013186813332140446,0.021978022530674934,-0.03076923079788685,0.004395604599267244,-0.004395604599267244,-0.004395604599267244,-0.013186813332140446,-0.004395604599267244,-0.004395604599267244,0.004395604599267244,-0.021978022530674934,-0.004395604599267244,0.004395604599267244,-0.013186813332140446,-0.013186813332140446,0.013186813332140446,0.013186813332140446,-0.030061660334467888,-0.12280591577291489,-0.9919753074645996,0.0013081514043733478,0.0035922075621783733,0.00011615894618444145,1.254548192024231,0.12004519999027252,9.74431037902832
2463086887364,hexapod_20260804_110009,111,0.02,200.61402461794933,9.938461446762085,10.500967925020447,10.488877596889859,-10.902761459350586,114.67149353027344,1,1,0,0,1,0.0,0.0,0.0,0.03970774635672569,-0.14229805767536163,0.018261723220348358,-0.1236681267619133,-0.13048957288265228,-0.008088992908596992,-0.034575119614601135,-0.017571303993463516,0.017980342730879784,-0.008795171976089478,0.15888595581054688,-0.0013122782111167908,0.05709025636315346,0.11318258941173553,-0.008006647229194641,-0.02266012504696846,0.07523702085018158,-0.011347603984177113,0.008964675478637218,-0.038147687911987305,-0.0022886991500854492,-0.013542382046580315,-0.011444330215454102,-0.026321589946746826,-0.05703059583902359,0.039673030376434326,0.06294316053390503,-0.12989242374897003,0.026703596115112305,0.14190936088562012,0.026131074875593185,0.023651212453842163,-0.042343735694885254,-0.08030059933662415,-0.0,-0.006485283374786377,-0.004395604599267244,0.013186813332140446,0.004395604599267244,-0.03076923079788685,0.004395604599267244,-0.004395604599267244,0.004395604599267244,-0.013186813332140446,0.004395604599267244,0.004395604599267244,-0.013186813332140446,0.013186813332140446,0.004395604599267244,-0.004395604599267244,-0.004395604599267244,0.004395604599267244,0.004395604599267244,0.013186813332140446,-0.03003063052892685,-0.12275265157222748,-0.9919828772544861,0.001349276746623218,0.004286458250135183,-0.00047314775292761624,1.1603493690490723,0.13798217475414276,9.78272819519043
2463107053330,hexapod_20260804_110009,112,0.02,199.9704786710384,10.799999856948853,10.488877596889859,10.496074871749034,-10.902761459350586,114.59882354736328,1,1,0,0,1,0.0,0.0,0.0,0.0394853875041008,-0.14140087366104126,0.01804882474243641,-0.1237625852227211,-0.1311265081167221,-0.007993290200829506,-0.03471851721405983,-0.016956113278865814,0.018044566735625267,-0.008866161108016968,0.1591242551803589,-0.0014411387965083122,0.057207848876714706,0.11240513622760773,-0.00775165157392621,-0.022829066962003708,0.07553258538246155,-0.010983665473759174,0.008964675478637218,-0.038147687911987305,-0.0022886991500854492,-0.013542382046580315,-0.011444330215454102,-0.026321589946746826,-0.05703059583902359,0.039673030376434326,0.06294316053390503,-0.12989242374897003,0.026703596115112305,0.14190936088562012,0.026131074875593185,0.023651212453842163,-0.042343735694885254,-0.08030059933662415,-0.0,-0.006485283374786377,-0.004395604599267244,-0.004395604599267244,0.013186813332140446,-0.004395604599267244,0.004395604599267244,0.013186813332140446,-0.013186813332140446,-0.013186813332140446,-0.004395604599267244,0.021978022530674934,0.004395604599267244,0.004395604599267244,-0.004395604599267244,-0.004395604599267244,-0.004395604599267244,-0.004395604599267244,0.013186813332140446,-0.004395604599267244,-0.02999369613826275,-0.12270357459783554,-0.9919900298118591,0.0018463103333488107,0.002982239704579115,-4.6555920562241226e-05,1.0413897037506104,0.1649075150489807,9.774670600891113
2463127765509,hexapod_20260804_110009,113,0.02,196.44500905747591,10.307692193984986,10.496074871749034,10.522767839238934,-10.902761459350586,114.0665283203125,1,1,0,0,1,0.0,0.0,0.0,0.04013751819729805,-0.14062224328517914,0.017332827672362328,-0.12411927431821823,-0.1310172975063324,-0.007800498977303505,-0.03447360545396805,-0.016619492322206497,0.01821528933942318,-0.00941016897559166,0.15914463996887207,-0.0013728505000472069,0.05701735243201256,0.11183694750070572,-0.007373645436018705,-0.02239363268017769,0.07584603130817413,-0.010934104211628437,0.008964675478637218,-0.038147687911987305,-0.0022886991500854492,-0.013542382046580315,-0.011444330215454102,-0.026321589946746826,-0.05703059583902359,0.039673030376434326,0.06294316053390503,-0.12989242374897003,0.026703596115112305,0.14190936088562012,0.026131074875593185,0.023651212453842163,-0.042343735694885254,-0.08030059933662415,0.0003814697265625,-0.006485283374786377,-0.004395604599267244,0.021978022530674934,0.013186813332140446,-0.004395604599267244,0.013186813332140446,0.004395604599267244,-0.013186813332140446,-0.004395604599267244,0.013186813332140446,0.004395604599267244,0.004395604599267244,-0.004395604599267244,-0.004395604599267244,-0.004395604599267244,-0.004395604599267244,-0.013186813332140446,0.004395604599267244,0.004395604599267244,-0.029940716922283173,-0.12258526682853699,-0.992006242275238,0.0010980862425640225,0.0004316164122428745,0.0008085576700977981,0.9912351369857788,0.1744810789823532,9.776386260986328
2463147900656,hexapod_20260804_110009,114,0.02,192.14566830543032,10.492307567596436,10.522767839238934,10.549765317602287,-10.902761459350586,113.35885620117188,1,1,0,0,1,0.0,0.0,0.0,0.04126575216650963,-0.14004579186439514,0.01669916883111,-0.12457370012998581,-0.13029062747955322,-0.007829265668988228,-0.03412828594446182,-0.01673479937016964,0.018381508067250252,-0.010089393705129623,0.15862920880317688,-0.0013134647160768509,0.05684541538357735,0.1117100864648819,-0.007175307255238295,-0.021731968969106674,0.07585950195789337,-0.011269022710621357,0.008964675478637218,-0.038147687911987305,-0.0022886991500854492,-0.013542382046580315,-0.011444330215454102,-0.026321589946746826,-0.05703059583902359,0.039673030376434326,0.06294316053390503,-0.12989242374897003,0.026703596115112305,0.14190936088562012,0.026131074875593185,0.023651212453842163,-0.042343735694885254,-0.08030059933662415,0.0003814697265625,-0.006485283374786377,0.004395604599267244,0.021978022530674934,-0.004395604599267244,-0.013186813332140446,0.013186813332140446,0.004395604599267244,0.004395604599267244,-0.004395604599267244,-0.004395604599267244,-0.004395604599267244,-0.004395604599267244,-0.004395604599267244,0.004395604599267244,-0.004395604599267244,-0.004395604599267244,0.004395604599267244,0.004395604599267244,0.013186813332140446,-0.029948104172945023,-0.1226111501455307,-0.9920028448104858,0.001025227247737348,-0.0022695765364915133,0.001001883065328002,1.0269320011138916,0.19156773388385773,9.749524116516113
2463168053890,hexapod_20260804_110009,115,0.02,191.26105043475488,10.123076820373536,10.549765317602287,10.550168874995471,-10.902761459350586,113.15896606445312,1,1,0,0,1,0.0,0.0,0.0,0.04177610203623772,-0.14004522562026978,0.016491813585162163,-0.12472682446241379,-0.12969690561294556,-0.007815184071660042,-0.03379998356103897,-0.017099546268582344,0.018378479406237602,-0.010281577706336975,0.15813831984996796,-0.0011670459061861038,0.05688655748963356,0.11206814646720886,-0.00725916912779212,-0.021480370312929153,0.07575885951519012,-0.011421953327953815,0.008964675478637218,-0.038147687911987305,-0.0022886991500854492,-0.013542382046580315,-0.011444330215454102,-0.026321589946746826,-0.05703059583902359,0.039673030376434326,0.06332463026046753,-0.12989242374897003,0.026703596115112305,0.14190936088562012,0.026131074875593185,0.023651212453842163,-0.042343735694885254,-0.08030059933662415,0.0003814697265625,-0.006485283374786377,0.013186813332140446,0.004395604599267244,0.013186813332140446,-0.021978022530674934,0.013186813332140446,0.013186813332140446,-0.004395604599267244,-0.021978022530674934,0.004395604599267244,0.004395604599267244,0.013186813332140446,-0.004395604599267244,0.013186813332140446,0.004395604599267244,-0.004395604599267244,-0.004395604599267244,-0.004395604599267244,0.013186813332140446,-0.029971923679113388,-0.12269514054059982,-0.9919917583465576,0.0004191810148768127,-0.0023872731253504753,1.952134698512964e-05,1.1420416831970215,0.18879055976867676,9.760866165161133
2463188181801,hexapod_20260804_110009,116,0.02,189.35598897596287,10.799999856948853,10.550168874995471,10.558653144862692,-10.902761459350586,112.8087387084961,1,1,0,0,1,0.0,0.0,0.0,0.042472656816244125,-0.14030924439430237,0.01629190519452095,-0.12506236135959625,-0.12896215915679932,-0.007837915793061256,-0.03360917046666145,-0.01748022250831127,0.018391868099570274,-0.010573990643024445,0.1578562706708908,-0.001000748947262764,0.05688527598977089,0.11253789067268372,-0.007354459259659052,-0.021017935127019882,0.07537700235843658,-0.011626643128693104,0.00858320016413927,-0.038147687911987305,-0.0022886991500854492,-0.013542382046580315,-0.011444330215454102,-0.026321589946746826,-0.05703059583902359,0.039673030376434326,0.06332463026046753,-0.12989242374897003,0.026703596115112305,0.14190936088562012,0.026131074875593185,0.023651212453842163,-0.042343735694885254,-0.08030059933662415,0.0003814697265625,-0.006485283374786377,-0.004395604599267244,0.013186813332140446,0.004395604599267244,-0.004395604599267244,0.013186813332140446,-0.004395604599267244,-0.004395604599267244,-0.013186813332140446,0.004395604599267244,0.004395604599267244,-0.013186813332140446,0.004395604599267244,0.004395604599267244,0.004395604599267244,-0.013186813332140446,-0.013186813332140446,-0.004395604599267244,0.013186813332140446,-0.030003389343619347,-0.12276297807693481,-0.9919824004173279,0.0006340669933706522,-0.0032040926162153482,-0.0015337169170379639,1.2464821338653564,0.1669749915599823,9.758593559265137
2463208318505,hexapod_20260804_110009,117,0.02,187.59920850444905,10.492307567596436,10.558653144862692,10.570184773938113,-10.902761459350586,112.52484130859375,1,1,0,0,1,0.0,0.0,0.0,0.04298406094312668,-0.14057451486587524,0.016153700649738312,-0.1253766566514969,-0.12851260602474213,-0.007859164848923683,-0.033256594091653824,-0.018063275143504143,0.01832963339984417,-0.010607019066810608,0.1574295461177826,-0.0009419647976756096,0.0570000521838665,0.11306734383106232,-0.007533362600952387,-0.02075444534420967,0.07516662776470184,-0.01184337679296732,0.00858320016413927,-0.038147687911987305,-0.0022886991500854492,-0.013542382046580315,-0.011444330215454102,-0.026321589946746826,-0.05703059583902359,0.039673030376434326,0.06294316053390503,-0.12989242374897003,0.026703596115112305,0.14190936088562012,0.026131074875593185,0.023651212453842163,-0.042343735694885254,-0.08030059933662415,-0.0,-0.006485283374786377,-0.004395604599267244,0.013186813332140446,0.004395604599267244,-0.03956044092774391,0.03076923079788685,-0.013186813332140446,-0.021978022530674934,0.004395604599267244,0.004395604599267244,0.013186813332140446,0.004395604599267244,-0.004395604599267244,0.004395604599267244,0.013186813332140446,-0.013186813332140446,-0.004395604599267244,-0.004395604599267244,-0.004395604599267244,-0.030039824545383453,-0.1228456124663353,-0.9919710755348206,4.015875674667768e-05,-0.00377533002756536,-0.0023592642974108458,1.3304425477981567,0.14759421348571777,9.749299049377441
2463228387141,hexapod_20260804_110009,118,0.02,187.0588618783529,10.984615230560303,10.570184773938113,10.570876274442929,-10.902761459350586,112.40743255615234,1,1,0,0,1,0.0,0.0,0.0,0.043253976851701736,-0.14105281233787537,0.016090819612145424,-0.12575948238372803,-0.1279032826423645,-0.007941821590065956,-0.03319299966096878,-0.01820524036884308,0.018304815515875816,-0.01072852686047554,0.1572752743959427,-0.0007993737235665321,0.05696522071957588,0.11353529244661331,-0.007510027382522821,-0.020484428852796555,0.07479844987392426,-0.01210313756018877,0.00858320016413927,-0.038147687911987305,-0.0022886991500854492,-0.013542382046580315,-0.011444330215454102,-0.026321589946746826,-0.05703059583902359,0.039673030376434326,0.06294316053390503,-0.12989242374897003,0.026703596115112305,0.14190936088562012,0.026131074875593185,0.023651212453842163,-0.042343735694885254,-0.08030059933662415,-0.0,-0.006485283374786377,0.013186813332140446,0.021978022530674934,0.004395604599267244,-0.013186813332140446,0.013186813332140446,0.004395604599267244,-0.013186813332140446,-0.013186813332140446,0.004395604599267244,0.004395604599267244,-0.004395604599267244,0.004395604599267244,-0.013186813332140446,0.004395604599267244,-0.013186813332140446,-0.004395604599267244,-0.013186813332140446,0.004395604599267244,-0.030075570568442345,-0.12291228026151657,-0.9919617176055908,-0.00013700599083676934,-0.0017955824732780457,-0.0016842382028698921,1.3954834938049316,0.14687396585941315,9.7492094039917
2463248464415,hexapod_20260804_110009,119,0.02,188.25333741115793,10.492307567596436,10.570876274442929,10.560378019246667,-10.902761459350586,112.57245635986328,1,1,0,0,1,0.0,0.0,0.0,0.043231748044490814,-0.14151832461357117,0.016190430149435997,-0.12584252655506134,-0.1276683658361435,-0.008138464763760567,-0.033220358192920685,-0.01857001706957817,0.018308771774172783,-0.010792192071676254,0.1571252942085266,-0.0009776288643479347,0.05698341503739357,0.11391812562942505,-0.007685867603868246,-0.02059948816895485,0.07458072900772095,-0.012100045569241047,0.00858320016413927,-0.038529157638549805,-0.0022886991500854492,-0.013542382046580315,-0.011444330215454102,-0.026321589946746826,-0.05703059583902359,0.039673030376434326,0.06294316053390503,-0.12989242374897003,0.026703596115112305,0.14190936088562012,0.026131074875593185,0.023651212453842163,-0.042343735694885254,-0.07991912961006165,-0.0,-0.006485283374786377,-0.004395604599267244,-0.004395604599267244,-0.013186813332140446,-0.004395604599267244,0.004395604599267244,0.004395604599267244,0.004395604599267244,0.03956044092774391,0.004395604599267244,-0.004395604599267244,0.013186813332140446,0.03076923079788685,-0.004395604599267244,0.004395604599267244,-0.013186813332140446,-0.004395604599267244,-0.013186813332140446,-0.013186813332140446,-0.03010614402592182,-0.12294472754001617,-0.9919567704200745,-0.0002388603170402348,0.00011943283607251942,0.00018895482935477048,1.433742642402649,0.12314615398645401,9.761042594909668
2463268534950,hexapod_20260804_110009,120,0.02,189.23366435727272,10.307692193984986,10.560378019246667,10.557661224239057,-10.902761459350586,112.77005767822266,1,1,0,0,1,0.0,0.0,0.0,0.042864248156547546,-0.14212137460708618,0.01658468507230282,-0.12583912909030914,-0.1277739256620407,-0.00803341157734394,-0.03333544358611107,-0.018490049988031387,0.01810300163924694,-0.010489478707313538,0.157333642244339,-0.0007459884509444237,0.05687582865357399,0.11427544802427292,-0.007775973062962294,-0.02062302455306053,0.07439413666725159,-0.012256172485649586,0.00858320016413927,-0.038147687911987305,-0.0022886991500854492,-0.013542382046580315,-0.011444330215454102,-0.026321589946746826,-0.05703059583902359,0.039673030376434326,0.06294316053390503,-0.12989242374897003,0.026703596115112305,0.14190936088562012,0.026131074875593185,0.023651212453842163,-0.042343735694885254,-0.07991912961006165,-0.0003814697265625,-0.006485283374786377,0.004395604599267244,0.013186813332140446,-0.004395604599267244,-0.013186813332140446,0.013186813332140446,0.004395604599267244,-0.004395604599267244,-0.021978022530674934,0.013186813332140446,0.004395604599267244,-0.004395604599267244,-0.004395604599267244,0.004395604599267244,0.013186813332140446,-0.004395604599267244,0.004395604599267244,-0.013186813332140446,0.013186813332140446,-0.03011879324913025,-0.12293824553489685,-0.9919571876525879,-0.00016128637071233243,0.0024189986288547516,0.0011129556223750114,1.4054970741271973,0.11426950246095657,9.771430969238281
2463288693178,hexapod_20260804_110009,121,0.02,189.13563538501293,9.938461446762085,10.557661224239057,10.556806956284037,-10.902761459350586,112.73843383789062,1,1,0,0,1,0.0,0.0,0.0,0.04275686293840408,-0.14195600152015686,0.016465742141008377,-0.12575951218605042,-0.1277180165052414,-0.00813564844429493,-0.03325774148106575,-0.018605250865221024,0.018087448552250862,-0.010373115539550781,0.15733329951763153,-0.0007547885179519653,0.056914787739515305,0.11428619921207428,-0.00767039367929101,-0.020585190504789352,0.07399985194206238,-0.01215148065239191,0.00858320016413927,-0.038147687911987305,-0.0022886991500854492,-0.013542382046580315,-0.011444330215454102,-0.026321589946746826,-0.05703059583902359,0.039673030376434326,0.06294316053390503,-0.12989242374897003,0.026703596115112305,0.14190936088562012,0.026131074875593185,0.023651212453842163,-0.042343735694885254,-0.08030059933662415,-0.0003814697265625,-0.006485283374786377,0.013186813332140446,-0.004395604599267244,0.004395604599267244,-0.021978022530674934,0.013186813332140446,-0.013186813332140446,-0.004395604599267244,0.004395604599267244,0.013186813332140446,-0.004395604599267244,0.004395604599267244,0.004395604599267244,-0.013186813332140446,0.004395604599267244,-0.013186813332140446,-0.013186813332140446,0.004395604599267244,-0.013186813332140446,-0.030110307037830353,-0.12289954721927643,-0.9919622540473938,0.001053144340403378,0.004033063072711229,0.0012038311688229442,1.2688003778457642,0.13329645991325378,9.790365219116211
2463308863755,hexapod_20260804_110009,122,0.02,187.5666849478061,10.615384483337403,10.556806956284037,10.564529924044901,-10.902761459350586,112.45774841308594,1,1,0,0,1,0.0,0.0,0.0,0.043283380568027496,-0.1419578492641449,0.016513673588633537,-0.12576641142368317,-0.12721659243106842,-0.008081654086709023,-0.03322954103350639,-0.018610849976539612,0.018086185678839684,-0.010731697082519531,0.15711194276809692,-0.0007504317909479141,0.05681530013680458,0.11447123438119888,-0.007727680262178183,-0.020366761833429337,0.07388785481452942,-0.012215298600494862,0.00858320016413927,-0.038529157638549805,-0.0022886991500854492,-0.013542382046580315,-0.011444330215454102,-0.026321589946746826,-0.05703059583902359,0.039673030376434326,0.06332463026046753,-0.12989242374897003,0.026703596115112305,0.14190936088562012,0.026131074875593185,0.023651212453842163,-0.042343735694885254,-0.08030059933662415,-0.0003814697265625,-0.006485283374786377,-0.004395604599267244,-0.013186813332140446,-0.013186813332140446,-0.004395604599267244,0.004395604599267244,-0.004395604599267244,-0.004395604599267244,-0.03076923079788685,0.004395604599267244,-0.004395604599267244,-0.021978022530674934,0.004395604599267244,-0.004395604599267244,-0.004395604599267244,-0.004395604599267244,0.004395604599267244,-0.004395604599267244,0.004395604599267244,-0.03007901832461357,-0.12283134460449219,-0.9919716715812683,0.0007048073457553983,0.004066194873303175,0.0007641658885404468,1.1126912832260132,0.15325134992599487,9.793862342834473
2463328976518,hexapod_20260804_110009,123,0.02,187.66716438882364,11.169230604171753,10.564529924044901,10.562276570130123,-10.902761459350586,112.45719146728516,1,1,0,0,1,0.0,0.0,0.0,0.04353553429245949,-0.14220872521400452,0.01656501740217209,-0.12576651573181152,-0.12694494426250458,-0.008260490372776985,-0.033030781894922256,-0.01874591037631035,0.018154511228203773,-0.01103188470005989,0.15662097930908203,-0.000917225144803524,0.05668536201119423,0.1145799458026886,-0.007925920188426971,-0.02044748142361641,0.07421812415122986,-0.012226332910358906,0.008964675478637218,-0.038529157638549805,-0.0022886991500854492,-0.013542382046580315,-0.011444330215454102,-0.026321589946746826,-0.05703059583902359,0.039673030376434326,0.06332463026046753,-0.12989242374897003,0.026703596115112305,0.14190936088562012,0.026131074875593185,0.023651212453842163,-0.042343735694885254,-0.08030059933662415,-0.0003814697265625,-0.006485283374786377,-0.004395604599267244,-0.013186813332140446,-0.004395604599267244,0.004395604599267244,0.013186813332140446,0.004395604599267244,-0.004395604599267244,-0.021978022530674934,0.004395604599267244,-0.013186813332140446,-0.004395604599267244,0.021978022530674934,0.013186813332140446,0.004395604599267244,0.004395604599267244,0.004395604599267244,-0.013186813332140446,0.013186813332140446,-0.03008834831416607,-0.12280423939228058,-0.9919747114181519,0.0010536900954321027,0.0026416368782520294,0.0003111745754722506,1.0521639585494995,0.16412250697612762,9.77492618560791
2463349133406,hexapod_20260804_110009,124,0.02,190.14342348054913,10.430769109725953,10.562276570130123,10.544502831470552,-10.902761459350586,112.84134674072266,1,1,0,0,1,0.0,0.0,0.0,0.042757462710142136,-0.14219704270362854,0.01681530475616455,-0.12511850893497467,-0.1271541863679886,-0.008332135155797005,-0.03307278826832771,-0.018709011375904083,0.018235033378005028,-0.010724581778049469,0.15661346912384033,-0.0012265145778656006,0.0566408671438694,0.1141943633556366,-0.008055765181779861,-0.02097078040242195,0.07467393577098846,-0.01222528237849474,0.008964675478637218,-0.038529157638549805,-0.0022886991500854492,-0.013542382046580315,-0.011444330215454102,-0.026321589946746826,-0.05703059583902359,0.039673030376434326,0.06332463026046753,-0.12989242374897003,0.026703596115112305,0.14190936088562012,0.026131074875593185,0.023651212453842163,-0.042343735694885254,-0.08030059933662415,-0.0003814697265625,-0.006485283374786377,0.004395604599267244,0.004395604599267244,0.004395604599267244,-0.013186813332140446,-0.013186813332140446,0.004395604599267244,-0.004395604599267244,-0.013186813332140446,0.004395604599267244,-0.013186813332140446,-0.004395604599267244,0.021978022530674934,0.004395604599267244,0.004395604599267244,0.004395604599267244,-0.004395604599267244,0.004395604599267244,0.004395604599267244,-0.03007678873836994,-0.12278459966182709,-0.9919775128364563,0.0006906181806698442,0.0007803268963471055,0.00045967361074872315,1.0923935174942017,0.17681987583637238,9.764841079711914
2463369296665,hexapod_20260804_110009,125,0.02,192.88492774046995,10.984615230560303,10.544502831470552,10.535182157526432,-10.902761459350586,113.37578582763672,1,1,0,0,1,0.0,0.0,0.0,0.041918639093637466,-0.14206567406654358,0.017245760187506676,-0.1246764287352562,-0.12816399335861206,-0.008382963016629219,-0.033327583223581314,-0.01852312497794628,0.018160490319132805,-0.010229967534542084,0.1569340080022812,-0.0013563791289925575,0.05689305439591408,0.11385621130466461,-0.008134840056300163,-0.02146260067820549,0.0750732421875,-0.011962869204580784,0.008964675478637218,-0.038529157638549805,-0.0022886991500854492,-0.013542382046580315,-0.011444330215454102,-0.026321589946746826,-0.05703059583902359,0.039673030376434326,0.06332463026046753,-0.12989242374897003,0.026703596115112305,0.14190936088562012,0.026131074875593185,0.023651212453842163,-0.042343735694885254,-0.08030059933662415,-0.0003814697265625,-0.006485283374786377,0.004395604599267244,-0.004395604599267244,-0.013186813332140446,-0.004395604599267244,0.013186813332140446,0.004395604599267244,-0.004395604599267244,0.013186813332140446,0.004395604599267244,-0.004395604599267244,0.004395604599267244,-0.013186813332140446,-0.004395604599267244,0.004395604599267244,-0.004395604599267244,-0.004395604599267244,0.013186813332140446,-0.004395604599267244,-0.030076421797275543,-0.12278646975755692,-0.9919772744178772,0.000571829208638519,0.0012318117078393698,0.0003466513007879257,1.1470861434936523,0.17420639097690582,9.752260208129883
2463389428048,hexapod_20260804_110009,126,0.02,194.15627071164502,9.815384531021119,10.535182157526432,10.52946319311297,-10.902761459350586,113.6089096069336,1,1,0,0,1,0.0,0.0,0.0,0.0415140800178051,-0.14202120900154114,0.017450064420700073,-0.12453731149435043,-0.12880264222621918,-0.008179442957043648,-0.03362505882978439,-0.018259933218359947,0.01806369237601757,-0.009956065565347672,0.15742424130439758,-0.0013782531023025513,0.05707331374287605,0.11368139088153839,-0.008127255365252495,-0.02171030268073082,0.07528544962406158,-0.01167204324156046,0.008964675478637218,-0.038529157638549805,-0.0022886991500854492,-0.013542382046580315,-0.011444330215454102,-0.026321589946746826,-0.05703059583902359,0.039673030376434326,0.06294316053390503,-0.12989242374897003,0.026703596115112305,0.14190936088562012,0.026131074875593185,0.023651212453842163,-0.042343735694885254,-0.08030059933662415,-0.0,-0.006485283374786377,-0.004395604599267244,-0.004395604599267244,0.004395604599267244,-0.013186813332140446,0.021978022530674934,-0.004395604599267244,-0.013186813332140446,-0.013186813332140446,0.004395604599267244,-0.004395604599267244,-0.013186813332140446,-0.004395604599267244,-0.004395604599267244,0.013186813332140446,0.004395604599267244,-0.004395604599267244,-0.004395604599267244,0.004395604599267244,-0.03007686696946621,-0.12278366833925247,-0.9919776320457458,0.00046891113743185997,-4.468956103664823e-05,-9.62916892603971e-05,1.1928271055221558,0.15313079953193665,9.750123023986816
2463409563321,hexapod_20260804_110009,127,0.02,195.19115112052683,10.492307567596436,10.52946319311297,10.521345789667006,-10.902761459350586,113.76219177246094,1,1,0,0,1,0.0,0.0,0.0,0.04121656343340874,-0.14175739884376526,0.017431722953915596,-0.12445705384016037,-0.12924925982952118,-0.008036883547902107,-0.03395247831940651,-0.01790008135139942,0.01811082474887371,-0.009755589067935944,0.15786390006542206,-0.0013783304020762444,0.057143162935972214,0.11336880922317505,-0.007961176335811615,-0.02202777937054634,0.07533296942710876,-0.011499815620481968,0.008964675478637218,-0.038529157638549805,-0.0022886991500854492,-0.013542382046580315,-0.011444330215454102,-0.026321589946746826,-0.05703059583902359,0.039673030376434326,0.06294316053390503,-0.12989242374897003,0.026703596115112305,0.14190936088562012,0.026131074875593185,0.023651212453842163,-0.042343735694885254,-0.08030059933662415,-0.0,-0.006485283374786377,-0.021978022530674934,-0.004395604599267244,0.013186813332140446,-0.004395604599267244,0.004395604599267244,0.004395604599267244,-0.004395604599267244,-0.021978022530674934,-0.004395604599267244,-0.004395604599267244,-0.004395604599267244,0.004395604599267244,-0.004395604599267244,-0.004395604599267244,0.004395604599267244,0.004395604599267244,0.004395604599267244,0.013186813332140446,-0.030087679624557495,-0.12280124425888062,-0.9919751286506653,0.0005815107142552733,-0.00032116909278556705,-0.0007896287715993822,1.238516092300415,0.13911814987659454,9.746139526367188
2463429693400,hexapod_20260804_110009,128,0.02,195.81869831023374,10.615384483337403,10.521345789667006,10.520967367510032,-10.902761459350586,113.90302276611328,1,1,0,0,1,0.0,0.0,0.0,0.04079153388738632,-0.14160963892936707,0.017491204664111137,-0.12439741939306259,-0.12987159192562103,-0.00805443711578846,-0.03413603454828262,-0.017687609419226646,0.018080728128552437,-0.00952913984656334,0.15818750858306885,-0.001334155909717083,0.05717599764466286,0.11303992569446564,-0.007821787148714066,-0.022173967212438583,0.0754556953907013,-0.011491027660667896,0.008964675478637218,-0.038529157638549805,-0.0022886991500854492,-0.013542382046580315,-0.011444330215454102,-0.026321589946746826,-0.05703059583902359,0.039673030376434326,0.06294316053390503,-0.12989242374897003,0.026703596115112305,0.14190936088562012,0.026131074875593185,0.023651212453842163,-0.042343735694885254,-0.08030059933662415,-0.0,-0.006485283374786377,-0.004395604599267244,0.013186813332140446,0.021978022530674934,-0.021978022530674934,0.013186813332140446,-0.004395604599267244,-0.004395604599267244,-0.013186813332140446,-0.004395604599267244,0.013186813332140446,0.004395604599267244,0.004395604599267244,0.004395604599267244,0.004395604599267244,-0.013186813332140446,0.004395604599267244,0.004395604599267244,0.004395604599267244,-0.030094197019934654,-0.12280889600515366,-0.9919739365577698,0.0006143695209175348,0.00012002444418612868,-0.0005966083845123649,1.2654861211776733,0.1381392478942871,9.783180236816406
2463449806487,hexapod_20260804_110009,129,0.02,196.46277404544958,10.307692193984986,10.520967367510032,10.517064409171255,-10.902761459350586,114.01052856445312,1,1,0,0,1,0.0,0.0,0.0,0.040544673800468445,-0.14148135483264923,0.017488908022642136,-0.12448526173830032,-0.13006246089935303,-0.007866377010941505,-0.03422865644097328,-0.017476223409175873,0.01808222569525242,-0.009418260306119919,0.1585715413093567,-0.00131217110902071,0.057341936975717545,0.11290550976991653,-0.0077241347171366215,-0.02220451459288597,0.07535742223262787,-0.011260145343840122,0.008964675478637218,-0.038529157638549805,-0.0022886991500854492,-0.013542382046580315,-0.011444330215454102,-0.026321589946746826,-0.05703059583902359,0.039673030376434326,0.06294316053390503,-0.12989242374897003,0.026703596115112305,0.14190936088562012,0.026131074875593185,0.023651212453842163,-0.042343735694885254,-0.08030059933662415,-0.0,-0.006485283374786377,0.004395604599267244,-0.004395604599267244,0.021978022530674934,-0.004395604599267244,0.013186813332140446,0.004395604599267244,-0.013186813332140446,-0.013186813332140446,0.004395604599267244,-0.004395604599267244,-0.004395604599267244,0.013186813332140446,-0.013186813332140446,0.004395604599267244,0.004395604599267244,-0.004395604599267244,0.004395604599267244,0.004395604599267244,-0.030094696208834648,-0.12280519306659698,-0.991974413394928,0.0005988237098790705,0.0008825270924717188,2.7813506676466204e-05,1.265231966972351,0.13858772814273834,9.77462100982666
2463469955376,hexapod_20260804_110009,130,0.02,197.265816333745,10.615384483337403,10.517064409171255,10.512066484687224,-10.902761459350586,114.14318084716797,1,1,0,0,1,0.0,0.0,0.0,0.04048367962241173,-0.14158058166503906,0.017585452646017075,-0.12444644421339035,-0.1303599327802658,-0.0077551547437906265,-0.034348759800195694,-0.017213432118296623,0.01807606779038906,-0.009344980120658875,0.15906494855880737,-0.0012058187276124954,0.057291124016046524,0.11282522231340408,-0.0076620387844741344,-0.02217574045062065,0.0752250999212265,-0.010985777713358402,0.008964675478637218,-0.038147687911987305,-0.0022886991500854492,-0.013542382046580315,-0.011444330215454102,-0.026321589946746826,-0.05703059583902359,0.039673030376434326,0.06294316053390503,-0.12989242374897003,0.026703596115112305,0.14190936088562012,0.026131074875593185,0.023651212453842163,-0.042343735694885254,-0.08030059933662415,-0.0,-0.006485283374786377,-0.013186813332140446,0.004395604599267244,-0.004395604599267244,0.004395604599267244,0.013186813332140446,0.004395604599267244,-0.013186813332140446,-0.021978022530674934,0.013186813332140446,-0.013186813332140446,-0.004395604599267244,0.021978022530674934,-0.021978022530674934,0.013186813332140446,-0.013186813332140446,-0.013186813332140446,0.004395604599267244,0.004395604599267244,-0.030085811391472816,-0.12279725819826126,-0.9919756650924683,0.0008463053382001817,0.002509023528546095,0.0003064502961933613,1.2015379667282104,0.1403748095035553,9.749855995178223
2463490080841,hexapod_20260804_110009,131,0.02,195.31811074785412,10.307692193984986,10.512066484687224,10.526846099689134,-10.902761459350586,113.84944915771484,1,1,0,0,1,0.0,0.0,0.0,0.04072993993759155,-0.14110977947711945,0.017369966953992844,-0.12462813407182693,-0.13011841475963593,-0.007727259770035744,-0.03425192832946777,-0.017282040789723396,0.018213925883173943,-0.009598199278116226,0.15879657864570618,-0.001289798878133297,0.05730028077960014,0.11246494203805923,-0.007588107604533434,-0.021964143961668015,0.07535843551158905,-0.01120798010379076,0.008964675478637218,-0.038529157638549805,-0.0022886991500854492,-0.013542382046580315,-0.011444330215454102,-0.026321589946746826,-0.05703059583902359,0.039673030376434326,0.06332463026046753,-0.12989242374897003,0.026703596115112305,0.14190936088562012,0.026131074875593185,0.023651212453842163,-0.042343735694885254,-0.08030059933662415,-0.0,-0.006485283374786377,0.004395604599267244,-0.013186813332140446,0.013186813332140446,-0.004395604599267244,0.004395604599267244,-0.004395604599267244,-0.004395604599267244,0.004395604599267244,0.004395604599267244,-0.013186813332140446,0.004395604599267244,0.013186813332140446,-0.004395604599267244,0.021978022530674934,0.004395604599267244,-0.004395604599267244,-0.004395604599267244,0.013186813332140446,-0.030079472810029984,-0.12277773767709732,-0.9919782280921936,0.0010781012242659926,0.00014648072829004377,0.00010393981210654601,1.1261221170425415,0.16144214570522308,9.751361846923828
2463510196122,hexapod_20260804_110009,132,0.02,191.60941036423907,10.984615230560303,10.526846099689134,10.545804441740206,-10.902761459350586,113.19336700439453,1,1,0,0,1,0.0,0.0,0.0,0.041518423706293106,-0.14034798741340637,0.01675160974264145,-0.12472032755613327,-0.12963953614234924,-0.007818827405571938,-0.03396211192011833,-0.017278531566262245,0.01830599643290043,-0.010005585849285126,0.15842419862747192,-0.0012356061488389969,0.057004328817129135,0.1121799647808075,-0.007356682326644659,-0.021614301949739456,0.07525680959224701,-0.011484974063932896,0.008964675478637218,-0.038147687911987305,-0.0022886991500854492,-0.013542382046580315,-0.011444330215454102,-0.026321589946746826,-0.05703059583902359,0.039673030376434326,0.06332463026046753,-0.12989242374897003,0.026703596115112305,0.14190936088562012,0.026131074875593185,0.023651212453842163,-0.042343735694885254,-0.08030059933662415,-0.0,-0.006485283374786377,-0.013186813332140446,0.013186813332140446,0.013186813332140446,-0.03076923079788685,0.004395604599267244,-0.004395604599267244,-0.004395604599267244,0.004395604599267244,0.013186813332140446,0.021978022530674934,-0.004395604599267244,0.013186813332140446,-0.013186813332140446,0.004395604599267244,-0.004395604599267244,-0.004395604599267244,0.021978022530674934,-0.004395604599267244,-0.030073458328843117,-0.12278024107217789,-0.991978108882904,0.0003771688207052648,-0.0007199530955404043,0.000257026928011328,1.047434687614441,0.1732424795627594,9.800039291381836
2463530267807,hexapod_20260804_110009,133,0.02,188.53929768268233,10.799999856948853,10.545804441740206,10.567305135448965,-10.902761459350586,112.71144104003906,1,1,0,0,1,0.0,0.0,0.0,0.04258960112929344,-0.1403886377811432,0.016358105465769768,-0.12524406611919403,-0.12872667610645294,-0.007884280756115913,-0.0335506908595562,-0.017583172768354416,0.018428659066557884,-0.010687574744224548,0.15775923430919647,-0.0010922271758317947,0.05696846917271614,0.1125481128692627,-0.007325845304876566,-0.020917508751153946,0.07524813711643219,-0.011742827482521534,0.008964675478637218,-0.038529157638549805,-0.0022886991500854492,-0.013542382046580315,-0.011444330215454102,-0.026321589946746826,-0.05703059583902359,0.039673030376434326,0.06332463026046753,-0.12989242374897003,0.026703596115112305,0.14190936088562012,0.026131074875593185,0.023651212453842163,-0.042343735694885254,-0.08030059933662415,-0.0,-0.006485283374786377,0.004395604599267244,0.004395604599267244,-0.004395604599267244,0.004395604599267244,0.013186813332140446,-0.004395604599267244,0.004395604599267244,0.013186813332140446,0.004395604599267244,-0.013186813332140446,-0.013186813332140446,0.004395604599267244,-0.013186813332140446,0.004395604599267244,-0.013186813332140446,-0.004395604599267244,-0.004395604599267244,0.013186813332140446,-0.030017968267202377,-0.12265507876873016,-0.9919952750205994,0.001009381259791553,-0.0012321575777605176,-8.413843170274049e-05,1.1198539733886719,0.16818960011005402,9.767440795898438
2463550437603,hexapod_20260804_110009,134,0.02,187.9229395763559,10.307692193984986,10.567305135448965,10.564921065965795,-10.902761459350586,112.54408264160156,1,1,0,0,1,0.0,0.0,0.0,0.04286416620016098,-0.14053931832313538,0.01619057171046734,-0.125225231051445,-0.128093883395195,-0.007864536717534065,-0.03333371877670288,-0.017884982749819756,0.01846318133175373,-0.010699916630983353,0.1573534607887268,-0.0010243896394968033,0.05676649138331413,0.11289491504430771,-0.00740163354203105,-0.020916897803544998,0.07527519762516022,-0.012109116651117802,0.008964675478637218,-0.038147687911987305,-0.0022886991500854492,-0.013542382046580315,-0.011444330215454102,-0.026321589946746826,-0.05703059583902359,0.039673030376434326,0.06332463026046753,-0.12989242374897003,0.026703596115112305,0.14190936088562012,0.026131074875593185,0.023651212453842163,-0.042343735694885254,-0.08030059933662415,-0.0003814697265625,-0.006485283374786377,-0.004395604599267244,0.021978022530674934,0.004395604599267244,-0.021978022530674934,-0.013186813332140446,-0.004395604599267244,0.004395604599267244,-0.013186813332140446,0.004395604599267244,0.004395604599267244,-0.013186813332140446,-0.004395604599267244,-0.004395604599267244,-0.013186813332140446,-0.013186813332140446,-0.004395604599267244,0.004395604599267244,0.013186813332140446,-0.030037229880690575,-0.12270111590623856,-0.991989016532898,0.0004136522766202688,-0.0030607455410063267,-0.0004144618578720838,1.2278026342391968,0.16255691647529602,9.747064590454102
2463570553191,hexapod_20260804_110009,135,0.02,188.63868861121517,10.307692193984986,10.564921065965795,10.561427235100423,-10.902761459350586,112.67243957519531,1,1,0,0,1,0.0,0.0,0.0,0.04306663200259209,-0.1411854326725006,0.016432739794254303,-0.12557558715343475,-0.1278783679008484,-0.007922003045678139,-0.03322220966219902,-0.018330644816160202,0.018379660323262215,-0.010834313929080963,0.15711474418640137,-0.0010248292237520218,0.05706844851374626,0.11338859796524048,-0.007721717935055494,-0.020786244422197342,0.07510344684123993,-0.01199584174901247,0.008964675478637218,-0.038529157638549805,-0.0022886991500854492,-0.013542382046580315,-0.011444330215454102,-0.026321589946746826,-0.05703059583902359,0.039673030376434326,0.06332463026046753,-0.12989242374897003,0.026703596115112305,0.14190936088562012,0.026131074875593185,0.023651212453842163,-0.042343735694885254,-0.08030059933662415,-0.0003814697265625,-0.006485283374786377,-0.004395604599267244,-0.004395604599267244,-0.004395604599267244,0.013186813332140446,0.013186813332140446,-0.004395604599267244,-0.013186813332140446,0.013186813332140446,0.004395604599267244,-0.004395604599267244,-0.004395604599267244,0.004395604599267244,-0.004395604599267244,0.03076923079788685,-0.004395604599267244,-0.004395604599267244,-0.004395604599267244,0.004395604599267244,-0.030059488490223885,-0.12275386601686478,-0.9919818043708801,0.00039712386205792427,-0.001945512485690415,-0.0008928211755119264,1.3009792566299438,0.14501050114631653,9.745905876159668
2463590622662,hexapod_20260804_110009,136,0.02,188.47542065646,10.492307567596436,10.561427235100423,10.560627492793202,-10.902761459350586,112.62633514404297,1,1,0,0,1,0.0,0.0,0.0,0.04290062189102173,-0.1413833200931549,0.0163588747382164,-0.12544208765029907,-0.1276940405368805,-0.00811433233320713,-0.03322352096438408,-0.018500976264476776,0.018359830603003502,-0.010653834789991379,0.1570441722869873,-0.0010576145723462105,0.05687945708632469,0.11370549350976944,-0.007709977682679892,-0.02084941789507866,0.07493002712726593,-0.012302552349865437,0.00858320016413927,-0.038529157638549805,-0.0022886991500854492,-0.013542382046580315,-0.011444330215454102,-0.026321589946746826,-0.05703059583902359,0.039673030376434326,0.06294316053390503,-0.12989242374897003,0.026703596115112305,0.14190936088562012,0.026131074875593185,0.023651212453842163,-0.042343735694885254,-0.08030059933662415,-0.0003814697265625,-0.006485283374786377,0.004395604599267244,0.013186813332140446,0.013186813332140446,-0.021978022530674934,-0.004395604599267244,-0.004395604599267244,0.004395604599267244,0.021978022530674934,0.004395604599267244,0.004395604599267244,-0.013186813332140446,0.013186813332140446,-0.004395604599267244,-0.013186813332140446,-0.013186813332140446,-0.004395604599267244,-0.004395604599267244,0.004395604599267244,-0.030080411583185196,-0.12279146164655685,-0.9919765591621399,0.0004150686436332762,-0.0007550655864179134,-0.0008771930006332695,1.3491910696029663,0.13767491281032562,9.762425422668457
2463610727356,hexapod_20260804_110009,137,0.02,188.2780966040268,10.799999856948853,10.560627492793202,10.561396800613268,-10.902761459350586,112.58890533447266,1,1,0,0,1,0.0,0.0,0.0,0.043142516165971756,-0.14164158701896667,0.01635463535785675,-0.12572099268436432,-0.127479687333107,-0.008143724873661995,-0.033199574798345566,-0.01853921264410019,0.01825130172073841,-0.010724775493144989,0.15698179602622986,-0.000895598903298378,0.05699501559138298,0.11402471363544464,-0.007727478165179491,-0.020649109035730362,0.07450266182422638,-0.012110927142202854,0.00858320016413927,-0.038529157638549805,-0.0022886991500854492,-0.013542382046580315,-0.011444330215454102,-0.026321589946746826,-0.05703059583902359,0.039673030376434326,0.06332463026046753,-0.12989242374897003,0.026703596115112305,0.14190936088562012,0.026131074875593185,0.023651212453842163,-0.042343735694885254,-0.08030059933662415,-0.0003814697265625,-0.006485283374786377,-0.004395604599267244,-0.004395604599267244,0.004395604599267244,0.004395604599267244,0.004395604599267244,0.013186813332140446,-0.004395604599267244,-0.004395604599267244,0.004395604599267244,-0.013186813332140446,0.004395604599267244,0.013186813332140446,-0.004395604599267244,0.004395604599267244,-0.013186813332140446,-0.004395604599267244,-0.004395604599267244,-0.004395604599267244,-0.030096648260951042,-0.12280629575252533,-0.9919741749763489,0.0004835637810174376,0.0009936816059052944,-0.0007758933352306485,1.3595281839370728,0.12374591082334518,9.78003978729248
2463630865579,hexapod_20260804_110009,138,0.02,188.65435263616507,10.615384483337403,10.561396800613268,10.555902313528971,-10.902761459350586,112.61783599853516,1,1,0,0,1,0.0,0.0,0.0,0.043021589517593384,-0.14206960797309875,0.01642635464668274,-0.12578067183494568,-0.12732301652431488,-0.008162157610058784,-0.03316256031394005,-0.01859225519001484,0.018189189955592155,-0.010709047317504883,0.15703916549682617,-0.0008762981742620468,0.05687901750206947,0.1143278181552887,-0.007830865681171417,-0.020629029721021652,0.07414023578166962,-0.012151622213423252,0.00858320016413927,-0.038529157638549805,-0.0022886991500854492,-0.013542382046580315,-0.011444330215454102,-0.026321589946746826,-0.05703059583902359,0.039673030376434326,0.06294316053390503,-0.12989242374897003,0.026703596115112305,0.14190936088562012,0.026131074875593185,0.023651212453842163,-0.042343735694885254,-0.08030059933662415,-0.0003814697265625,-0.006485283374786377,-0.004395604599267244,0.004395604599267244,0.021978022530674934,0.004395604599267244,0.013186813332140446,0.004395604599267244,-0.013186813332140446,-0.013186813332140446,-0.004395604599267244,-0.013186813332140446,-0.013186813332140446,0.013186813332140446,-0.004395604599267244,0.004395604599267244,0.004395604599267244,-0.004395604599267244,0.013186813332140446,0.013186813332140446,-0.03009083867073059,-0.1227833703160286,-0.9919772148132324,0.0007671134662814438,0.0021290848962962627,0.00035955794737674296,1.344746470451355,0.13224710524082184,9.76713752746582
2463650977933,hexapod_20260804_110009,139,0.02,190.56728781871152,10.307692193984986,10.555902313528971,10.54659253446553,-10.902761459350586,112.961181640625,1,1,0,0,1,0.0,0.0,0.0,0.04252323508262634,-0.14246012270450592,0.016868066042661667,-0.12550777196884155,-0.12762349843978882,-0.008189434185624123,-0.03333580121397972,-0.018633319064974785,0.018137967213988304,-0.010378681123256683,0.15725800395011902,-0.0009466102346777916,0.056926775723695755,0.11442539095878601,-0.00800282508134842,-0.020861957222223282,0.0742371678352356,-0.012161665596067905,0.00858320016413927,-0.038529157638549805,-0.0022886991500854492,-0.013542382046580315,-0.011444330215454102,-0.026321589946746826,-0.05703059583902359,0.039673030376434326,0.06294316053390503,-0.12989242374897003,0.026703596115112305,0.14190936088562012,0.026131074875593185,0.023651212453842163,-0.042343735694885254,-0.08030059933662415,-0.0003814697265625,-0.006485283374786377,-0.004395604599267244,0.004395604599267244,0.004395604599267244,-0.013186813332140446,0.004395604599267244,0.013186813332140446,-0.004395604599267244,-0.004395604599267244,0.004395604599267244,0.004395604599267244,-0.013186813332140446,0.004395604599267244,-0.013186813332140446,0.013186813332140446,-0.004395604599267244,-0.004395604599267244,-0.004395604599267244,0.004395604599267244,-0.030076194554567337,-0.12274613976478577,-0.9919822812080383,0.0007141712121665478,0.003628048114478588,0.0011455113999545574,1.2826968431472778,0.14169779419898987,9.745866775512695
2463671789667,hexapod_20260804_110009,140,0.02,192.5183487445343,10.492307567596436,10.54659253446553,10.53467320521931,-10.902761459350586,113.28582763671875,1,1,0,0,1,0.0,0.0,0.0,0.04210291802883148,-0.14261555671691895,0.017153121531009674,-0.12519343197345734,-0.12797141075134277,-0.008183153346180916,-0.03351408243179321,-0.018482744693756104,0.018152592703700066,-0.010157041251659393,0.15762852132320404,-0.0010184114798903465,0.05690254643559456,0.11426045745611191,-0.007999256253242493,-0.021100860089063644,0.07434049248695374,-0.011932452209293842,0.008964675478637218,-0.038529157638549805,-0.0022886991500854492,-0.013542382046580315,-0.011444330215454102,-0.026321589946746826,-0.05703059583902359,0.039673030376434326,0.06332463026046753,-0.12989242374897003,0.026703596115112305,0.14190936088562012,0.026131074875593185,0.023651212453842163,-0.042343735694885254,-0.08030059933662415,-0.0003814697265625,-0.006485283374786377,-0.004395604599267244,0.004395604599267244,0.004395604599267244,-0.004395604599267244,-0.004395604599267244,0.004395604599267244,-0.004395604599267244,0.004395604599267244,0.013186813332140446,-0.013186813332140446,-0.021978022530674934,0.013186813332140446,-0.013186813332140446,0.013186813332140446,-0.004395604599267244,-0.004395604599267244,-0.004395604599267244,-0.004395604599267244,-0.030051214620471,-0.12269454449415207,-0.9919894337654114,0.0007649361505173147,0.004950773902237415,0.0008411578019149601,1.1886653900146484,0.14803548157215118,9.757865905761719
2463691962659,hexapod_20260804_110009,141,0.02,192.4870591474221,10.492307567596436,10.53467320521931,10.534351322304513,-10.902761459350586,113.27521514892578,1,1,0,0,1,0.0,0.0,0.0,0.041976429522037506,-0.14212165772914886,0.017150089144706726,-0.12498226016759872,-0.12821398675441742,-0.008254261687397957,-0.03353847935795784,-0.01835569739341736,0.018196729943156242,-0.010181363672018051,0.15753896534442902,-0.0011889934539794922,0.056906793266534805,0.11387291550636292,-0.008003147318959236,-0.02130068466067314,0.0744740217924118,-0.011857395060360432,0.008964675478637218,-0.038529157638549805,-0.0022886991500854492,-0.013542382046580315,-0.011444330215454102,-0.026321589946746826,-0.05703059583902359,0.039673030376434326,0.06332463026046753,-0.12989242374897003,0.026703596115112305,0.14190936088562012,0.026131074875593185,0.023651212453842163,-0.042343735694885254,-0.08030059933662415,-0.0003814697265625,-0.006485283374786377,-0.013186813332140446,-0.013186813332140446,0.013186813332140446,-0.004395604599267244,0.004395604599267244,0.004395604599267244,-0.004395604599267244,0.021978022530674934,0.004395604599267244,-0.004395604599267244,-0.013186813332140446,0.013186813332140446,-0.004395604599267244,0.004395604599267244,0.004395604599267244,-0.004395604599267244,0.013186813332140446,0.004395604599267244,-0.03002827614545822,-0.12263260781764984,-0.9919977784156799,0.0012177004246041179,0.003486394416540861,0.00017933563503902406,1.073559284210205,0.16740214824676514,9.780309677124023
2463712137423,hexapod_20260804_110009,142,0.02,191.6308746918792,10.615384483337403,10.534351322304513,10.540561570230512,-10.902761459350586,113.14307403564453,1,1,0,0,1,0.0,0.0,0.0,0.042137131094932556,-0.14159241318702698,0.016877559944987297,-0.12489361315965652,-0.12834098935127258,-0.008245492354035378,-0.033497005701065063,-0.01815202459692955,0.018224583938717842,-0.010373961180448532,0.15722540020942688,-0.0013160603120923042,0.0569315142929554,0.11355601251125336,-0.00786128081381321,-0.021392088383436203,0.07492727041244507,-0.011669390834867954,0.008964675478637218,-0.038529157638549805,-0.0022886991500854492,-0.013542382046580315,-0.011444330215454102,-0.026321589946746826,-0.05703059583902359,0.039673030376434326,0.06294316053390503,-0.12989242374897003,0.026703596115112305,0.14190936088562012,0.026131074875593185,0.023651212453842163,-0.042343735694885254,-0.08030059933662415,-0.0,-0.006485283374786377,-0.013186813332140446,-0.013186813332140446,0.021978022530674934,-0.004395604599267244,0.004395604599267244,0.004395604599267244,0.004395604599267244,0.004395604599267244,0.004395604599267244,-0.004395604599267244,0.013186813332140446,0.013186813332140446,-0.013186813332140446,-0.004395604599267244,0.004395604599267244,-0.004395604599267244,0.004395604599267244,-0.013186813332140446,-0.030008740723133087,-0.12260086834430695,-0.9920023083686829,0.0006805317825637758,0.001295362482778728,0.00026176575920544565,1.018737554550171,0.16975684463977814,9.79207706451416
2463732266146,hexapod_20260804_110009,143,0.02,191.95041001236183,10.615384483337403,10.540561570230512,10.538366958687039,-10.902761459350586,113.19368743896484,1,1,0,0,1,0.0,0.0,0.0,0.042054712772369385,-0.14134567975997925,0.016804656013846397,-0.1246773824095726,-0.12848025560379028,-0.008228683844208717,-0.03348824009299278,-0.018026558682322502,0.018366118893027306,-0.010429561138153076,0.15738235414028168,-0.0013161329552531242,0.05668297037482262,0.1130073145031929,-0.007802398409694433,-0.021405350416898727,0.07523870468139648,-0.01179185975342989,0.008964675478637218,-0.038147687911987305,-0.0022886991500854492,-0.013542382046580315,-0.011444330215454102,-0.026321589946746826,-0.05703059583902359,0.039673030376434326,0.06294316053390503,-0.12989242374897003,0.026703596115112305,0.14190936088562012,0.026131074875593185,0.023651212453842163,-0.042343735694885254,-0.08030059933662415,-0.0,-0.006485283374786377,-0.004395604599267244,0.013186813332140446,0.004395604599267244,-0.013186813332140446,-0.013186813332140446,-0.004395604599267244,-0.004395604599267244,0.03076923079788685,0.004395604599267244,-0.013186813332140446,0.004395604599267244,0.013186813332140446,0.004395604599267244,0.013186813332140446,-0.004395604599267244,-0.004395604599267244,0.004395604599267244,-0.004395604599267244,-0.0299220010638237,-0.12240927666425705,-0.9920285940170288,0.001022897195070982,0.0003851195506285876,0.00013221098924987018,1.0626064538955688,0.1754840463399887,9.777132034301758
2463752419968,hexapod_20260804_110009,144,0.02,192.92593871850622,10.799999856948853,10.538366958687039,10.535797238848161,-10.902761459350586,113.39173126220703,1,1,0,0,1,0.0,0.0,0.0,0.04189629852771759,-0.1412706822156906,0.01696143113076687,-0.12455262988805771,-0.12882012128829956,-0.00801912136375904,-0.033645618706941605,-0.017975516617298126,0.018307248130440712,-0.010257497429847717,0.15744736790657043,-0.0013446426019072533,0.05703068897128105,0.11315297335386276,-0.007817171514034271,-0.02164733037352562,0.07551710307598114,-0.011523430235683918,0.008964675478637218,-0.038529157638549805,-0.0022886991500854492,-0.013542382046580315,-0.011444330215454102,-0.026321589946746826,-0.05703059583902359,0.039673030376434326,0.06332463026046753,-0.12989242374897003,0.026703596115112305,0.14190936088562012,0.026131074875593185,0.023651212453842163,-0.042343735694885254,-0.08030059933662415,-0.0,-0.006485283374786377,-0.021978022530674934,-0.013186813332140446,-0.004395604599267244,-0.004395604599267244,-0.004395604599267244,-0.004395604599267244,0.004395604599267244,0.004395604599267244,0.013186813332140446,-0.013186813332140446,0.004395604599267244,-0.004395604599267244,-0.013186813332140446,-0.004395604599267244,-0.004395604599267244,0.004395604599267244,-0.004395604599267244,-0.013186813332140446,-0.02993207611143589,-0.12243158370256424,-0.9920254945755005,0.0007571004680357873,-0.0006630022544413805,-5.4263884521787986e-05,1.143530011177063,0.1697591245174408,9.758255958557129
2463772565667,hexapod_20260804_110009,145,0.02,193.3502967392442,10.492307567596436,10.535797238848161,10.535219665808745,-10.902761459350586,113.48357391357422,1,1,0,0,1,0.0,0.0,0.0,0.041519273072481155,-0.14132675528526306,0.017045052722096443,-0.12457067519426346,-0.12917296588420868,-0.008109385147690773,-0.033708591014146805,-0.01793259009718895,0.0182685237377882,-0.010058440268039703,0.15761178731918335,-0.001428644172847271,0.057055722922086716,0.11304225027561188,-0.007812825962901115,-0.021779578179121017,0.07562988996505737,-0.011690572835505009,0.008964675478637218,-0.038529157638549805,-0.0022886991500854492,-0.013542382046580315,-0.011444330215454102,-0.026321589946746826,-0.05703059583902359,0.039673030376434326,0.06294316053390503,-0.12989242374897003,0.026703596115112305,0.14190936088562012,0.026131074875593185,0.023651212453842163,-0.042343735694885254,-0.08030059933662415,-0.0,-0.006485283374786377,0.004395604599267244,0.013186813332140446,0.004395604599267244,-0.021978022530674934,0.004395604599267244,-0.004395604599267244,-0.004395604599267244,0.013186813332140446,-0.004395604599267244,-0.004395604599267244,0.004395604599267244,0.013186813332140446,-0.004395604599267244,-0.004395604599267244,-0.013186813332140446,-0.004395604599267244,-0.004395604599267244,0.004395604599267244,-0.029943741858005524,-0.12247070670127869,-0.992020308971405,0.0005430880701169372,-0.001788647030480206,-0.0003302927943877876,1.2255058288574219,0.15189307928085327,9.750508308410645
2463792723718,hexapod_20260804_110009,146,0.02,192.68227822393624,10.123076820373536,10.535219665808745,10.53787309865605,-10.902761459350586,113.35737609863281,1,1,0,0,1,0.0,0.0,0.0,0.04163351655006409,-0.1409851312637329,0.01696341298520565,-0.1247560903429985,-0.12913775444030762,-0.008034290745854378,-0.03372760862112045,-0.017903298139572144,0.018203651532530785,-0.010031860321760178,0.15787002444267273,-0.0013460908085107803,0.05714257434010506,0.11298859119415283,-0.007707900833338499,-0.021633919328451157,0.07521688938140869,-0.011659164912998676,0.008964675478637218,-0.038529157638549805,-0.0022886991500854492,-0.013542382046580315,-0.011444330215454102,-0.026321589946746826,-0.05703059583902359,0.039673030376434326,0.06294316053390503,-0.12989242374897003,0.026703596115112305,0.14190936088562012,0.026131074875593185,0.023651212453842163,-0.042343735694885254,-0.08030059933662415,-0.0,-0.006485283374786377,0.013186813332140446,-0.021978022530674934,-0.004395604599267244,-0.013186813332140446,0.004395604599267244,0.004395604599267244,-0.013186813332140446,0.013186813332140446,0.013186813332140446,-0.004395604599267244,-0.004395604599267244,0.021978022530674934,0.004395604599267244,-0.004395604599267244,-0.004395604599267244,-0.004395604599267244,0.004395604599267244,0.004395604599267244,-0.029960790649056435,-0.12250909209251404,-0.9920150637626648,0.0004140851669944823,-0.0011758849723264575,-0.0010265831369906664,1.2696545124053955,0.1402267962694168,9.764090538024902
2463812867520,hexapod_20260804_110009,147,0.02,192.27166098898738,10.492307567596436,10.53787309865605,10.542533023327993,-10.902761459350586,113.31172180175781,1,1,0,0,1,0.0,0.0,0.0,0.04178616404533386,-0.14107748866081238,0.01682376116514206,-0.12497725337743759,-0.12905527651309967,-0.007889645174145699,-0.03369683399796486,-0.01790298894047737,0.018259534612298012,-0.009993895888328552,0.15798261761665344,-0.0011423798277974129,0.057187337428331375,0.11298564076423645,-0.007624852005392313,-0.02144842967391014,0.07513219118118286,-0.011596848256886005,0.008964675478637218,-0.038529157638549805,-0.0022886991500854492,-0.013542382046580315,-0.011444330215454102,-0.026321589946746826,-0.05703059583902359,0.039673030376434326,0.06294316053390503,-0.12989242374897003,0.026703596115112305,0.14190936088562012,0.026131074875593185,0.023651212453842163,-0.042343735694885254,-0.08030059933662415,-0.0003814697265625,-0.006485283374786377,0.004395604599267244,-0.013186813332140446,0.004395604599267244,-0.004395604599267244,0.004395604599267244,-0.004395604599267244,-0.004395604599267244,0.021978022530674934,0.013186813332140446,-0.021978022530674934,0.004395604599267244,-0.004395604599267244,-0.004395604599267244,0.004395604599267244,-0.004395604599267244,-0.004395604599267244,0.004395604599267244,-0.004395604599267244,-0.029978211969137192,-0.12254206091165543,-0.9920104742050171,0.0006897241109982133,-2.7122323444928043e-05,-0.000948276137933135,1.3055862188339233,0.14048261940479279,9.76447582244873
2463833017676,hexapod_20260804_110009,148,0.02,191.68919842300886,10.307692193984986,10.542533023327993,10.545566684846165,-10.902761459350586,113.20927429199219,1,1,0,0,1,0.0,0.0,0.0,0.0418940931558609,-0.14119867980480194,0.01674586720764637,-0.1250990778207779,-0.12905795872211456,-0.007862495258450508,-0.033726513385772705,-0.017918579280376434,0.01820334605872631,-0.009993616491556168,0.15802349150180817,-0.0009412365034222603,0.057049933820962906,0.1131688728928566,-0.0076085287146270275,-0.021342765539884567,0.0749996155500412,-0.011736673302948475,0.00858320016413927,-0.038147687911987305,-0.0022886991500854492,-0.013542382046580315,-0.011444330215454102,-0.026321589946746826,-0.05703059583902359,0.039673030376434326,0.06294316053390503,-0.12989242374897003,0.026703596115112305,0.14190936088562012,0.026131074875593185,0.023651212453842163,-0.042343735694885254,-0.08030059933662415,-0.0003814697265625,-0.006485283374786377,-0.013186813332140446,0.004395604599267244,0.013186813332140446,-0.021978022530674934,0.013186813332140446,-0.013186813332140446,-0.004395604599267244,0.004395604599267244,0.013186813332140446,0.004395604599267244,-0.004395604599267244,-0.013186813332140446,0.004395604599267244,0.004395604599267244,-0.013186813332140446,-0.004395604599267244,0.004395604599267244,0.004395604599267244,-0.02998374216258526,-0.12255414575338364,-0.9920088052749634,0.0007262884173542261,0.0002276133163832128,-0.0002791283477563411,1.3101896047592163,0.14244547486305237,9.752702713012695
2463853180760,hexapod_20260804_110009,149,0.02,191.40499656439803,10.123076820373536,10.545566684846165,10.544081963026546,-10.902761459350586,113.12804412841797,1,1,0,0,1,0.0,0.0,0.0,0.04196746647357941,-0.14131438732147217,0.016611481085419655,-0.12514780461788177,-0.12861013412475586,-0.0077029038220644,-0.033700551837682724,-0.017863024026155472,0.018272599205374718,-0.01010901853442192,0.15800759196281433,-0.0010021477937698364,0.05700123682618141,0.11332066357135773,-0.0075680590234696865,-0.021276134997606277,0.07487784326076508,-0.011663512326776981,0.00858320016413927,-0.038529157638549805,-0.0022886991500854492,-0.013542382046580315,-0.011444330215454102,-0.026321589946746826,-0.05703059583902359,0.039673030376434326,0.06294316053390503,-0.12989242374897003,0.026703596115112305,0.14190936088562012,0.026131074875593185,0.023651212453842163,-0.042343735694885254,-0.08030059933662415,-0.0003814697265625,-0.006485283374786377,-0.013186813332140446,0.004395604599267244,0.004395604599267244,-0.013186813332140446,-0.021978022530674934,0.004395604599267244,-0.013186813332140446,-0.021978022530674934,0.004395604599267244,-0.013186813332140446,-0.004395604599267244,0.004395604599267244,-0.004395604599267244,-0.004395604599267244,-0.004395604599267244,-0.013186813332140446,-0.004395604599267244,-0.004395604599267244,-0.02998173236846924,-0.12255207449197769,-0.992009162902832,0.0008463427657261491,0.000435656460467726,0.0007104672840796411,1.2815227508544922,0.14223463833332062,9.759732246398926
2463873243662,hexapod_20260804_110009,150,0.02,189.7147400783427,10.492307567596436,10.544081963026546,10.555278962609002,-10.902761459350586,112.85597229003906,1,1,0,0,1,0.0,0.0,0.0,0.04241049662232399,-0.1412421464920044,0.016482990235090256,-0.12530820071697235,-0.12820526957511902,-0.007719116285443306,-0.03350328281521797,-0.01795170083642006,0.018346665427088737,-0.010353796184062958,0.15784311294555664,-0.0009338110685348511,0.05688341334462166,0.11340930312871933,-0.007524888496845961,-0.020938407629728317,0.07459983229637146,-0.011908587999641895,0.008964675478637218,-0.038529157638549805,-0.0022886991500854492,-0.013542382046580315,-0.011444330215454102,-0.026321589946746826,-0.05703059583902359,0.039673030376434326,0.06294316053390503,-0.12989242374897003,0.026703596115112305,0.14190936088562012,0.026131074875593185,0.023651212453842163,-0.042343735694885254,-0.08030059933662415,-0.0003814697265625,-0.006485283374786377,-0.004395604599267244,0.004395604599267244,0.004395604599267244,-0.013186813332140446,-0.013186813332140446,0.004395604599267244,-0.013186813332140446,-0.013186813332140446,-0.004395604599267244,-0.013186813332140446,-0.004395604599267244,-0.013186813332140446,-0.004395604599267244,-0.004395604599267244,-0.004395604599267244,-0.004395604599267244,0.004395604599267244,0.021978022530674934,-0.029972495511174202,-0.12253839522600174,-0.9920110702514648,0.0007591784815303981,0.0017329034162685275,0.0005255897413007915,1.1933586597442627,0.1591404527425766,9.767056465148926
2463893382980,hexapod_20260804_110009,151,0.02,187.3097667444194,10.984615230560303,10.555278962609002,10.56900884587656,-10.902761459350586,112.4456558227539,1,1,0,0,1,0.0,0.0,0.0,0.04318458214402199,-0.1414261758327484,0.016283005475997925,-0.12574954330921173,-0.12776143848896027,-0.00814136303961277,-0.03313026204705238,-0.018233541399240494,0.01831190101802349,-0.010800041258335114,0.15724509954452515,-0.0010032476857304573,0.05685754492878914,0.11381790786981583,-0.007678718771785498,-0.020550977438688278,0.07452075183391571,-0.01194408256560564,0.008964675478637218,-0.038147687911987305,-0.0022886991500854492,-0.013542382046580315,-0.011444330215454102,-0.026321589946746826,-0.05703059583902359,0.039673030376434326,0.06332463026046753,-0.12989242374897003,0.026703596115112305,0.14190936088562012,0.026131074875593185,0.023651212453842163,-0.042343735694885254,-0.08030059933662415,-0.0003814697265625,-0.006485283374786377,-0.004395604599267244,0.004395604599267244,-0.004395604599267244,-0.013186813332140446,0.021978022530674934,0.03076923079788685,-0.013186813332140446,0.004395604599267244,0.004395604599267244,-0.004395604599267244,-0.004395604599267244,0.03076923079788685,-0.013186813332140446,-0.004395604599267244,-0.004395604599267244,-0.013186813332140446,-0.004395604599267244,-0.004395604599267244,-0.02996695414185524,-0.12252534925937653,-0.9920128583908081,0.0008044535643421113,0.0006839604466222227,0.00014682704932056367,1.1262233257293701,0.16263173520565033,9.769518852233887
